siteid2,n_records_train,station_effect_log10_train,graph_component_train,component_node_count_train,n_records_test,station_effect_log10_test,graph_component_test,component_node_count_test,component_pair,train_centered_log10,test_centered_log10,backbone,minimum_mw,start_date,period_s,fold
23,29,-0.16213296980255532,1,824,7,-0.1290461297856239,1,386,1|1,-0.15927951357240588,-0.1273429897411476,bindi2014_rhyp,4.5,2015-01-01,1.0,0
25,33,0.446012782081228,1,824,10,0.5291587925877155,1,386,1|1,0.44886623831137745,0.5308619326321917,bindi2014_rhyp,4.5,2015-01-01,1.0,0
26,91,0.005699050423168317,1,824,23,0.01083084833583145,1,386,1|1,0.008552506653317749,0.012533988380307745,bindi2014_rhyp,4.5,2015-01-01,1.0,0
27,37,-0.19099835663593845,1,824,11,-0.15375854776305425,1,386,1|1,-0.18814490040578902,-0.15205540771857795,bindi2014_rhyp,4.5,2015-01-01,1.0,0
28,33,0.10160679919238674,1,824,15,0.06036181357234677,1,386,1|1,0.10446025542253617,0.062064953616823064,bindi2014_rhyp,4.5,2015-01-01,1.0,0
29,41,-0.042347041714837275,1,824,11,-0.11643849816264673,1,386,1|1,-0.03949358548468784,-0.11473535811817044,bindi2014_rhyp,4.5,2015-01-01,1.0,0
31,26,-0.07261702706015216,1,824,7,-0.03225374583360928,1,386,1|1,-0.06976357083000273,-0.030550605789132983,bindi2014_rhyp,4.5,2015-01-01,1.0,0
32,28,-1.612790596116308,1,824,6,-1.6387269658811603,1,386,1|1,-1.6099371398861586,-1.637023825836684,bindi2014_rhyp,4.5,2015-01-01,1.0,0
35,30,0.07441929415847948,1,824,6,-0.009265433998248834,1,386,1|1,0.07727275038862891,-0.0075622939537725396,bindi2014_rhyp,4.5,2015-01-01,1.0,0
38,28,-0.3324142820342091,1,824,6,-0.59257138516214,1,386,1|1,-0.32956082580405965,-0.5908682451176638,bindi2014_rhyp,4.5,2015-01-01,1.0,0
39,62,-0.043530410835325384,1,824,17,0.01323305547586634,1,386,1|1,-0.04067695460517595,0.014936195520342635,bindi2014_rhyp,4.5,2015-01-01,1.0,0
45,48,0.2294589196961495,1,824,14,0.25458576242763997,1,386,1|1,0.23231237592629894,0.2562889024721163,bindi2014_rhyp,4.5,2015-01-01,1.0,0
46,23,-0.37909692392895766,1,824,6,-0.5131090786640041,1,386,1|1,-0.37624346769880823,-0.5114059386195279,bindi2014_rhyp,4.5,2015-01-01,1.0,0
52,28,0.2337153799167273,1,824,5,0.258769167234254,1,386,1|1,0.23656883614687674,0.26047230727873033,bindi2014_rhyp,4.5,2015-01-01,1.0,0
54,100,0.002232754323759356,1,824,27,0.006780523143151168,1,386,1|1,0.005086210553908788,0.008483663187627463,bindi2014_rhyp,4.5,2015-01-01,1.0,0
55,74,0.12752796652463066,1,824,26,0.16483693334731045,1,386,1|1,0.1303814227547801,0.16654007339178675,bindi2014_rhyp,4.5,2015-01-01,1.0,0
56,64,0.16587954819791856,1,824,14,0.19877664987651236,1,386,1|1,0.168733004428068,0.20047978992098867,bindi2014_rhyp,4.5,2015-01-01,1.0,0
57,64,-0.36422279546483727,1,824,15,-0.3883191488967829,1,386,1|1,-0.36136933923468784,-0.38661600885230657,bindi2014_rhyp,4.5,2015-01-01,1.0,0
58,38,-0.04549764086240282,1,824,7,-0.031035081697689967,1,386,1|1,-0.04264418463225339,-0.02933194165321367,bindi2014_rhyp,4.5,2015-01-01,1.0,0
59,53,-0.09487120069050847,1,824,10,-0.18092032873443395,1,386,1|1,-0.09201774446035904,-0.17921718868995765,bindi2014_rhyp,4.5,2015-01-01,1.0,0
60,81,-0.17821238450458765,1,824,21,-0.206342147763421,1,386,1|1,-0.17535892827443822,-0.2046390077189447,bindi2014_rhyp,4.5,2015-01-01,1.0,0
61,57,0.05048754188275256,1,824,22,0.06776398617906138,1,386,1|1,0.053340998112901994,0.06946712622353766,bindi2014_rhyp,4.5,2015-01-01,1.0,0
62,54,-0.054319492795268265,1,824,18,-0.007290246848381088,1,386,1|1,-0.05146603656511883,-0.005587106803904793,bindi2014_rhyp,4.5,2015-01-01,1.0,0
65,30,-0.41269470757696847,1,824,5,-0.4304687770472162,1,386,1|1,-0.40984125134681904,-0.4287656370027399,bindi2014_rhyp,4.5,2015-01-01,1.0,0
66,71,0.06965547530139449,1,824,22,0.13105390503876493,1,386,1|1,0.07250893153154392,0.13275704508324124,bindi2014_rhyp,4.5,2015-01-01,1.0,0
67,20,-0.4049738114484648,1,824,5,-0.41667919037452383,1,386,1|1,-0.40212035521831535,-0.41497605033004753,bindi2014_rhyp,4.5,2015-01-01,1.0,0
69,61,0.6434952551417349,1,824,22,0.6337306877041591,1,386,1|1,0.6463487113718843,0.6354338277486353,bindi2014_rhyp,4.5,2015-01-01,1.0,0
70,57,0.6117974016472857,1,824,13,0.6480613528911847,1,386,1|1,0.6146508578774351,0.649764492935661,bindi2014_rhyp,4.5,2015-01-01,1.0,0
72,22,-0.24866870033490285,1,824,7,-0.2020491655398698,1,386,1|1,-0.24581524410475342,-0.2003460254953935,bindi2014_rhyp,4.5,2015-01-01,1.0,0
73,25,-0.142752191881227,1,824,8,-0.14793115864047998,1,386,1|1,-0.13989873565107758,-0.14622801859600368,bindi2014_rhyp,4.5,2015-01-01,1.0,0
74,26,-0.2040732713912209,1,824,8,-0.16283448055442745,1,386,1|1,-0.20121981516107146,-0.16113134050995115,bindi2014_rhyp,4.5,2015-01-01,1.0,0
76,27,0.29523707975861146,1,824,7,0.22981862560062147,1,386,1|1,0.2980905359887609,0.23152176564509777,bindi2014_rhyp,4.5,2015-01-01,1.0,0
77,16,-0.25585201564457727,1,824,6,-0.17948310317613417,1,386,1|1,-0.25299855941442784,-0.17777996313165786,bindi2014_rhyp,4.5,2015-01-01,1.0,0
78,30,-0.23606118202276238,1,824,6,-0.2622517943658153,1,386,1|1,-0.23320772579261295,-0.260548654321339,bindi2014_rhyp,4.5,2015-01-01,1.0,0
79,34,0.08765647993665004,1,824,13,0.13035705288045182,1,386,1|1,0.09050993616679948,0.13206019292492813,bindi2014_rhyp,4.5,2015-01-01,1.0,0
80,18,0.024796936671987346,1,824,6,0.11103207140336527,1,386,1|1,0.027650392902136778,0.11273521144784156,bindi2014_rhyp,4.5,2015-01-01,1.0,0
81,115,-0.007311457578446645,1,824,29,-0.011474439750791904,1,386,1|1,-0.004458001348297214,-0.009771299706315609,bindi2014_rhyp,4.5,2015-01-01,1.0,0
84,36,0.30111196997063017,1,824,6,0.19658377255272466,1,386,1|1,0.3039654262007796,0.19828691259720096,bindi2014_rhyp,4.5,2015-01-01,1.0,0
85,19,0.18186137097445143,1,824,6,0.1336620125269549,1,386,1|1,0.18471482720460086,0.1353651525714312,bindi2014_rhyp,4.5,2015-01-01,1.0,0
86,17,-0.34592208360590904,1,824,5,-0.2898520417674454,1,386,1|1,-0.3430686273757596,-0.2881489017229691,bindi2014_rhyp,4.5,2015-01-01,1.0,0
87,59,0.09658659371457806,1,824,14,0.20740775916508344,1,386,1|1,0.0994400499447275,0.20911089920955975,bindi2014_rhyp,4.5,2015-01-01,1.0,0
88,67,-0.04699517767101158,1,824,14,-0.005779594353969186,1,386,1|1,-0.04414172144086215,-0.004076454309492892,bindi2014_rhyp,4.5,2015-01-01,1.0,0
89,125,0.06437137087832573,1,824,23,0.06665548024919715,1,386,1|1,0.06722482710847516,0.06835862029367344,bindi2014_rhyp,4.5,2015-01-01,1.0,0
90,61,-0.4577690381744338,1,824,16,-0.4966203624327371,1,386,1|1,-0.4549155819442844,-0.4949172223882608,bindi2014_rhyp,4.5,2015-01-01,1.0,0
91,51,-0.19145557818341752,1,824,11,-0.1767473500137509,1,386,1|1,-0.1886021219532681,-0.17504420996927458,bindi2014_rhyp,4.5,2015-01-01,1.0,0
93,55,-0.19340670134125582,1,824,13,-0.09480070469833726,1,386,1|1,-0.19055324511110638,-0.09309756465386097,bindi2014_rhyp,4.5,2015-01-01,1.0,0
94,31,0.3818092291769038,1,824,6,0.32257222816731923,1,386,1|1,0.38466268540705323,0.32427536821179553,bindi2014_rhyp,4.5,2015-01-01,1.0,0
95,37,0.29569759857528444,1,824,9,0.3080938873535497,1,386,1|1,0.29855105480543387,0.309797027398026,bindi2014_rhyp,4.5,2015-01-01,1.0,0
97,28,-0.316355132644775,1,824,7,-0.46280772868468323,1,386,1|1,-0.31350167641462556,-0.4611045886402069,bindi2014_rhyp,4.5,2015-01-01,1.0,0
98,52,-0.22467333411179502,1,824,12,-0.20516757048607678,1,386,1|1,-0.2218198778816456,-0.20346443044160048,bindi2014_rhyp,4.5,2015-01-01,1.0,0
102,115,0.29680720364768803,1,824,28,0.3345247412786332,1,386,1|1,0.29966065987783747,0.3362278813231095,bindi2014_rhyp,4.5,2015-01-01,1.0,0
103,87,0.1930114065977192,1,824,14,0.1872100580078059,1,386,1|1,0.19586486282786864,0.1889131980522822,bindi2014_rhyp,4.5,2015-01-01,1.0,0
104,98,-0.457409503443853,1,824,20,-0.4644708467855557,1,386,1|1,-0.4545560472137036,-0.4627677067410794,bindi2014_rhyp,4.5,2015-01-01,1.0,0
105,39,0.058945969561790046,1,824,8,0.05653814302875157,1,386,1|1,0.06179942579193948,0.058241283073227866,bindi2014_rhyp,4.5,2015-01-01,1.0,0
106,38,-0.07904827182843954,1,824,7,-0.0013849196262941121,1,386,1|1,-0.07619481559829011,0.000318220418182183,bindi2014_rhyp,4.5,2015-01-01,1.0,0
109,31,-0.04857829745103981,1,824,6,-0.11645755984674121,1,386,1|1,-0.04572484122089038,-0.11475441980226492,bindi2014_rhyp,4.5,2015-01-01,1.0,0
110,26,0.26077215964633677,1,824,5,0.2127140361944075,1,386,1|1,0.2636256158764862,0.21441717623888382,bindi2014_rhyp,4.5,2015-01-01,1.0,0
114,17,-0.00683518549848583,1,824,7,0.060433554038660076,1,386,1|1,-0.003981729268336398,0.06213669408313637,bindi2014_rhyp,4.5,2015-01-01,1.0,0
115,39,0.05294016916351857,1,824,6,0.004338029129721449,1,386,1|1,0.055793625393668,0.006041169174197744,bindi2014_rhyp,4.5,2015-01-01,1.0,0
116,18,0.38857618845503084,1,824,6,0.4536564989780958,1,386,1|1,0.39142964468518027,0.4553596390225721,bindi2014_rhyp,4.5,2015-01-01,1.0,0
117,29,0.18058062159756,1,824,7,0.12787110047601938,1,386,1|1,0.18343407782770943,0.12957424052049568,bindi2014_rhyp,4.5,2015-01-01,1.0,0
118,58,0.09374718186997227,1,824,12,-0.04358064179044473,1,386,1|1,0.0966006381001217,-0.04187750174596843,bindi2014_rhyp,4.5,2015-01-01,1.0,0
119,40,-0.10843649006268663,1,824,6,-0.1581682926554481,1,386,1|1,-0.1055830338325372,-0.1564651526109718,bindi2014_rhyp,4.5,2015-01-01,1.0,0
120,40,0.13576341643685985,1,824,9,0.160632003991205,1,386,1|1,0.13861687266700928,0.1623351440356813,bindi2014_rhyp,4.5,2015-01-01,1.0,0
121,20,-0.13710244730469712,1,824,7,-0.18342404632811826,1,386,1|1,-0.13424899107454769,-0.18172090628364196,bindi2014_rhyp,4.5,2015-01-01,1.0,0
122,26,0.10399916540895354,1,824,8,0.048242321723946435,1,386,1|1,0.10685262163910297,0.04994546176842273,bindi2014_rhyp,4.5,2015-01-01,1.0,0
123,21,0.020378742120390148,1,824,5,-0.02116315270190522,1,386,1|1,0.02323219835053958,-0.019460012657428923,bindi2014_rhyp,4.5,2015-01-01,1.0,0
124,30,-0.26233675547357016,1,824,13,-0.1967748687234686,1,386,1|1,-0.25948329924342073,-0.1950717286789923,bindi2014_rhyp,4.5,2015-01-01,1.0,0
125,15,-0.5976266461931219,1,824,5,-0.49936371770920696,1,386,1|1,-0.5947731899629725,-0.49766057766473065,bindi2014_rhyp,4.5,2015-01-01,1.0,0
127,44,0.05724831312032136,1,824,12,0.1863472805795474,1,386,1|1,0.06010176935047079,0.1880504206240237,bindi2014_rhyp,4.5,2015-01-01,1.0,0
128,41,-0.1660480577682909,1,824,9,-0.10551925219523954,1,386,1|1,-0.16319460153814147,-0.10381611215076325,bindi2014_rhyp,4.5,2015-01-01,1.0,0
130,73,0.15649699585234916,1,824,23,0.16032842691081803,1,386,1|1,0.1593504520824986,0.16203156695529433,bindi2014_rhyp,4.5,2015-01-01,1.0,0
131,71,-0.11276155854189507,1,824,10,-0.16685494899688008,1,386,1|1,-0.10990810231174564,-0.16515180895240378,bindi2014_rhyp,4.5,2015-01-01,1.0,0
134,24,-0.3406631926715187,1,824,5,-0.34397715685638686,1,386,1|1,-0.33780973644136925,-0.34227401681191055,bindi2014_rhyp,4.5,2015-01-01,1.0,0
135,43,0.1368768998634055,1,824,7,0.1247192636063443,1,386,1|1,0.13973035609355494,0.1264224036508206,bindi2014_rhyp,4.5,2015-01-01,1.0,0
136,30,-0.19479871059359444,1,824,6,-0.14607372857224993,1,386,1|1,-0.191945254363445,-0.14437058852777362,bindi2014_rhyp,4.5,2015-01-01,1.0,0
137,53,-0.16601717524378823,1,824,11,-0.15407459265155427,1,386,1|1,-0.1631637190136388,-0.15237145260707796,bindi2014_rhyp,4.5,2015-01-01,1.0,0
138,33,-0.3847396406075163,1,824,8,-0.30460514504003744,1,386,1|1,-0.3818861843773669,-0.30290200499556114,bindi2014_rhyp,4.5,2015-01-01,1.0,0
139,33,-0.10950977401909967,1,824,6,-0.22104007832313569,1,386,1|1,-0.10665631778895024,-0.21933693827865938,bindi2014_rhyp,4.5,2015-01-01,1.0,0
141,29,0.021589486038823158,1,824,8,-0.16138109425282013,1,386,1|1,0.02444294226897259,-0.15967795420834383,bindi2014_rhyp,4.5,2015-01-01,1.0,0
142,25,-0.15166704870586356,1,824,7,-0.21547146165279382,1,386,1|1,-0.14881359247571413,-0.21376832160831752,bindi2014_rhyp,4.5,2015-01-01,1.0,0
143,20,0.06528199140675034,1,824,6,0.17856326685110532,1,386,1|1,0.06813544763689977,0.18026640689558163,bindi2014_rhyp,4.5,2015-01-01,1.0,0
144,38,0.022029955247923283,1,824,8,0.06465438236859442,1,386,1|1,0.024883411478072714,0.0663575224130707,bindi2014_rhyp,4.5,2015-01-01,1.0,0
146,55,-0.4220545236934956,1,824,12,-0.5049875817780874,1,386,1|1,-0.4192010674633462,-0.5032844417336112,bindi2014_rhyp,4.5,2015-01-01,1.0,0
148,30,0.14628459320529946,1,824,6,0.14679917456038535,1,386,1|1,0.1491380494354489,0.14850231460486166,bindi2014_rhyp,4.5,2015-01-01,1.0,0
149,23,-0.08051582024065096,1,824,5,-0.22367815059959895,1,386,1|1,-0.07766236401050153,-0.22197501055512264,bindi2014_rhyp,4.5,2015-01-01,1.0,0
151,31,-0.5238490003973353,1,824,12,-0.5245139582438249,1,386,1|1,-0.5209955441671859,-0.5228108181993486,bindi2014_rhyp,4.5,2015-01-01,1.0,0
152,24,-0.46974578736770467,1,824,7,-0.4865922492330724,1,386,1|1,-0.46689233113755524,-0.4848891091885961,bindi2014_rhyp,4.5,2015-01-01,1.0,0
153,38,-0.029278590515175118,1,824,9,-0.08709634881617993,1,386,1|1,-0.026425134285025687,-0.08539320877170364,bindi2014_rhyp,4.5,2015-01-01,1.0,0
154,64,0.1657904217242509,1,824,19,0.20805845585229257,1,386,1|1,0.16864387795440033,0.20976159589676888,bindi2014_rhyp,4.5,2015-01-01,1.0,0
156,77,-0.10705124748157169,1,824,16,-0.005917965958856269,1,386,1|1,-0.10419779125142226,-0.004214825914379975,bindi2014_rhyp,4.5,2015-01-01,1.0,0
157,23,0.04834273771753411,1,824,7,0.042723072030616344,1,386,1|1,0.051196193947683544,0.04442621207509264,bindi2014_rhyp,4.5,2015-01-01,1.0,0
158,49,-0.20452055339997421,1,824,11,-0.16821206626993673,1,386,1|1,-0.20166709716982478,-0.16650892622546043,bindi2014_rhyp,4.5,2015-01-01,1.0,0
159,26,-0.14997820257519034,1,824,6,-0.129482216945275,1,386,1|1,-0.1471247463450409,-0.1277790769007987,bindi2014_rhyp,4.5,2015-01-01,1.0,0
161,23,-0.1577688984460729,1,824,8,-0.12017740766706718,1,386,1|1,-0.15491544221592346,-0.11847426762259089,bindi2014_rhyp,4.5,2015-01-01,1.0,0
162,68,0.4021609471622633,1,824,16,0.42725378285233173,1,386,1|1,0.40501440339241274,0.42895692289680803,bindi2014_rhyp,4.5,2015-01-01,1.0,0
163,105,0.6510539063811045,1,824,30,0.6919843338196141,1,386,1|1,0.6539073626112539,0.6936874738640904,bindi2014_rhyp,4.5,2015-01-01,1.0,0
164,62,0.08922632545764858,1,824,24,0.0776405432279424,1,386,1|1,0.09207978168779801,0.07934368327241868,bindi2014_rhyp,4.5,2015-01-01,1.0,0
166,81,-0.18061086008934268,1,824,22,-0.17665841364012236,1,386,1|1,-0.17775740385919325,-0.17495527359564605,bindi2014_rhyp,4.5,2015-01-01,1.0,0
167,41,-0.13368582231561266,1,824,8,-0.2559167348143957,1,386,1|1,-0.13083236608546323,-0.2542135947699194,bindi2014_rhyp,4.5,2015-01-01,1.0,0
168,63,0.0032238800943127366,1,824,14,0.011079349046759557,1,386,1|1,0.006077336324462168,0.012782489091235852,bindi2014_rhyp,4.5,2015-01-01,1.0,0
170,122,-0.4272522702359671,1,824,27,-0.4713808360715718,1,386,1|1,-0.4243988140058177,-0.46967769602709547,bindi2014_rhyp,4.5,2015-01-01,1.0,0
178,53,-0.32835643790631674,1,824,12,-0.27012452361916184,1,386,1|1,-0.3255029816761673,-0.26842138357468553,bindi2014_rhyp,4.5,2015-01-01,1.0,0
179,27,-0.6113621590010343,1,824,8,-0.6193974299209546,1,386,1|1,-0.6085087027708849,-0.6176942898764783,bindi2014_rhyp,4.5,2015-01-01,1.0,0
181,74,0.31083254177297875,1,824,13,0.3607763358342959,1,386,1|1,0.3136859980031282,0.3624794758787722,bindi2014_rhyp,4.5,2015-01-01,1.0,0
182,60,0.3045107297621421,1,824,12,0.31854210162902863,1,386,1|1,0.30736418599229154,0.32024524167350493,bindi2014_rhyp,4.5,2015-01-01,1.0,0
183,15,0.04123791236355556,1,824,6,0.058925962100254886,1,386,1|1,0.044091368593704994,0.06062910214473118,bindi2014_rhyp,4.5,2015-01-01,1.0,0
185,46,-0.022041153201154073,1,824,9,-0.0994014364152114,1,386,1|1,-0.019187696971004642,-0.09769829637073511,bindi2014_rhyp,4.5,2015-01-01,1.0,0
187,21,-0.16878928140534077,1,824,5,-0.19081992646790596,1,386,1|1,-0.16593582517519134,-0.18911678642342966,bindi2014_rhyp,4.5,2015-01-01,1.0,0
190,116,0.3263868042564727,1,824,31,0.3255783908292884,1,386,1|1,0.32924026048662214,0.3272815308737647,bindi2014_rhyp,4.5,2015-01-01,1.0,0
191,80,0.16238568338760173,1,824,25,0.15573212612693907,1,386,1|1,0.16523913961775116,0.15743526617141537,bindi2014_rhyp,4.5,2015-01-01,1.0,0
194,96,0.11782783180347617,1,824,20,0.04852741852901965,1,386,1|1,0.1206812880336256,0.05023055857349595,bindi2014_rhyp,4.5,2015-01-01,1.0,0
195,78,-0.28359470062308967,1,824,13,-0.3786242790300499,1,386,1|1,-0.28074124439294024,-0.3769211389855736,bindi2014_rhyp,4.5,2015-01-01,1.0,0
196,78,0.11337855157729954,1,824,22,0.10461523502843559,1,386,1|1,0.11623200780744897,0.10631837507291188,bindi2014_rhyp,4.5,2015-01-01,1.0,0
197,54,0.05990863773875049,1,824,12,-0.11314705214075474,1,386,1|1,0.06276209396889992,-0.11144391209627845,bindi2014_rhyp,4.5,2015-01-01,1.0,0
198,43,0.620783607955399,1,824,9,0.7482168775689096,1,386,1|1,0.6236370641855484,0.7499200176133859,bindi2014_rhyp,4.5,2015-01-01,1.0,0
199,74,0.14953135034271015,1,824,18,0.24466205784308506,1,386,1|1,0.15238480657285958,0.24636519788756137,bindi2014_rhyp,4.5,2015-01-01,1.0,0
200,62,-0.2422230734838191,1,824,17,-0.2790626651069663,1,386,1|1,-0.23936961725366968,-0.27735952506249,bindi2014_rhyp,4.5,2015-01-01,1.0,0
201,29,0.02143058313733659,1,824,10,-0.035908860540137796,1,386,1|1,0.02428403936748602,-0.0342057204956615,bindi2014_rhyp,4.5,2015-01-01,1.0,0
202,29,-0.5652032049131563,1,824,5,-0.3542329278027054,1,386,1|1,-0.5623497486830069,-0.3525297877582291,bindi2014_rhyp,4.5,2015-01-01,1.0,0
204,40,-0.7163626484475683,1,824,10,-0.6330691960175769,1,386,1|1,-0.7135091922174188,-0.6313660559731007,bindi2014_rhyp,4.5,2015-01-01,1.0,0
205,94,0.3186048599052944,1,824,20,0.33242939446551023,1,386,1|1,0.32145831613544384,0.33413253450998653,bindi2014_rhyp,4.5,2015-01-01,1.0,0
207,92,-0.29291107393318006,1,824,15,-0.4013139361055049,1,386,1|1,-0.2900576177030306,-0.3996107960610286,bindi2014_rhyp,4.5,2015-01-01,1.0,0
208,20,-0.004327713490874685,1,824,6,-0.024747852906270226,1,386,1|1,-0.001474257260725254,-0.02304471286179393,bindi2014_rhyp,4.5,2015-01-01,1.0,0
212,54,-0.0029731513893644923,1,824,11,0.004186396268127002,1,386,1|1,-0.00011969515921506123,0.0058895363126032965,bindi2014_rhyp,4.5,2015-01-01,1.0,0
213,37,0.15622826764306497,1,824,11,0.1311513711048515,1,386,1|1,0.1590817238732144,0.1328545111493278,bindi2014_rhyp,4.5,2015-01-01,1.0,0
214,34,-0.1829486384941077,1,824,10,-0.14981639684962086,1,386,1|1,-0.18009518226395826,-0.14811325680514456,bindi2014_rhyp,4.5,2015-01-01,1.0,0
216,63,-0.12861119060309933,1,824,21,-0.061548268963994485,1,386,1|1,-0.1257577343729499,-0.05984512891951819,bindi2014_rhyp,4.5,2015-01-01,1.0,0
217,25,-0.04326607298805085,1,824,7,0.08569735126202765,1,386,1|1,-0.04041261675790142,0.08740049130650394,bindi2014_rhyp,4.5,2015-01-01,1.0,0
218,39,-0.10346812184340126,1,824,9,-0.10393911590438101,1,386,1|1,-0.10061466561325183,-0.10223597585990472,bindi2014_rhyp,4.5,2015-01-01,1.0,0
219,44,0.022551051816712686,1,824,11,0.004694717369706003,1,386,1|1,0.025404508046862118,0.006397857414182298,bindi2014_rhyp,4.5,2015-01-01,1.0,0
220,30,-0.05981058736837752,1,824,8,0.031089255619267564,1,386,1|1,-0.05695713113822809,0.03279239566374386,bindi2014_rhyp,4.5,2015-01-01,1.0,0
221,62,-0.21275737750785872,1,824,14,-0.20090006073155348,1,386,1|1,-0.2099039212777093,-0.19919692068707717,bindi2014_rhyp,4.5,2015-01-01,1.0,0
222,42,-0.08843223835525538,1,824,12,-0.0006401700948877875,1,386,1|1,-0.08557878212510595,0.0010629699495885076,bindi2014_rhyp,4.5,2015-01-01,1.0,0
223,57,-0.11171547234400092,1,824,18,-0.09156540221859176,1,386,1|1,-0.10886201611385149,-0.08986226217411547,bindi2014_rhyp,4.5,2015-01-01,1.0,0
224,25,-0.1963764707425396,1,824,6,-0.24636876564950894,1,386,1|1,-0.19352301451239018,-0.24466562560503263,bindi2014_rhyp,4.5,2015-01-01,1.0,0
225,62,-0.07234545674955783,1,824,16,0.039603726980472875,1,386,1|1,-0.0694920005194084,0.04130686702494917,bindi2014_rhyp,4.5,2015-01-01,1.0,0
226,42,0.25086388942775606,1,824,9,0.24162706973750295,1,386,1|1,0.2537173456579055,0.24333020978197925,bindi2014_rhyp,4.5,2015-01-01,1.0,0
227,32,-0.22952298168445018,1,824,6,-0.188255252715074,1,386,1|1,-0.22666952545430075,-0.1865521126705977,bindi2014_rhyp,4.5,2015-01-01,1.0,0
228,32,-0.20616253108180682,1,824,7,-0.0587170155636714,1,386,1|1,-0.2033090748516574,-0.0570138755191951,bindi2014_rhyp,4.5,2015-01-01,1.0,0
380,56,-0.12924355582479974,1,824,12,-0.1841379006625455,1,386,1|1,-0.1263900995946503,-0.1824347606180692,bindi2014_rhyp,4.5,2015-01-01,1.0,0
388,34,0.0759913383829835,1,824,6,0.26260907977097814,1,386,1|1,0.07884479461313293,0.26431221981545444,bindi2014_rhyp,4.5,2015-01-01,1.0,0
389,40,0.16288448635128566,1,824,7,0.10391711421225577,1,386,1|1,0.1657379425814351,0.10562025425673206,bindi2014_rhyp,4.5,2015-01-01,1.0,0
390,28,-0.023409315163752442,1,824,7,-0.12521708895127145,1,386,1|1,-0.02055585893360301,-0.12351394890679517,bindi2014_rhyp,4.5,2015-01-01,1.0,0
396,48,-0.17772290684431036,1,824,10,-0.43249374053721923,1,386,1|1,-0.17486945061416093,-0.4307906004927429,bindi2014_rhyp,4.5,2015-01-01,1.0,0
397,44,0.2590174441280811,1,824,10,0.1822787590660592,1,386,1|1,0.2618709003582305,0.1839818991105355,bindi2014_rhyp,4.5,2015-01-01,1.0,0
406,39,-0.02562074569107231,1,824,9,-0.08762884946271848,1,386,1|1,-0.02276728946092288,-0.0859257094182422,bindi2014_rhyp,4.5,2015-01-01,1.0,0
411,54,0.0012264410186487718,1,824,12,-0.05088878286817583,1,386,1|1,0.004079897248798203,-0.049185642823699534,bindi2014_rhyp,4.5,2015-01-01,1.0,0
413,58,-0.12104072933890075,1,824,10,-0.04811468240265078,1,386,1|1,-0.11818727310875132,-0.04641154235817448,bindi2014_rhyp,4.5,2015-01-01,1.0,0
415,77,0.04442578435089645,1,824,13,-0.011598117688839338,1,386,1|1,0.04727924058104588,-0.009894977644363043,bindi2014_rhyp,4.5,2015-01-01,1.0,0
417,78,-0.17947067882659584,1,824,14,-0.17522923600257906,1,386,1|1,-0.1766172225964464,-0.17352609595810276,bindi2014_rhyp,4.5,2015-01-01,1.0,0
418,63,0.20387742122097186,1,824,10,0.15585106710443772,1,386,1|1,0.2067308774511213,0.15755420714891402,bindi2014_rhyp,4.5,2015-01-01,1.0,0
419,46,0.15360472883746235,1,824,12,0.1299210522468713,1,386,1|1,0.15645818506761178,0.1316241922913476,bindi2014_rhyp,4.5,2015-01-01,1.0,0
420,20,0.051373366271599274,1,824,5,-0.03444007463924688,1,386,1|1,0.054226822501748706,-0.03273693459477058,bindi2014_rhyp,4.5,2015-01-01,1.0,0
421,24,0.11658258448437808,1,824,6,-0.037541812306186556,1,386,1|1,0.11943604071452751,-0.03583867226171026,bindi2014_rhyp,4.5,2015-01-01,1.0,0
427,22,0.06370777369107661,1,824,6,0.04570667968933986,1,386,1|1,0.06656122992122604,0.04740981973381616,bindi2014_rhyp,4.5,2015-01-01,1.0,0
428,26,-0.12043382157337634,1,824,5,-0.01377972086899032,1,386,1|1,-0.11758036534322691,-0.012076580824514025,bindi2014_rhyp,4.5,2015-01-01,1.0,0
431,25,-0.5742931169031684,1,824,6,-0.33549691317472724,1,386,1|1,-0.571439660673019,-0.33379377313025094,bindi2014_rhyp,4.5,2015-01-01,1.0,0
435,23,-0.10619290507522017,1,824,5,-0.1937126185852508,1,386,1|1,-0.10333944884507074,-0.1920094785407745,bindi2014_rhyp,4.5,2015-01-01,1.0,0
436,32,0.3901409302721881,1,824,6,0.3060181027317389,1,386,1|1,0.39299438650233753,0.3077212427762152,bindi2014_rhyp,4.5,2015-01-01,1.0,0
441,41,-0.08709113249259337,1,824,7,-0.1293815723480689,1,386,1|1,-0.08423767626244394,-0.1276784323035926,bindi2014_rhyp,4.5,2015-01-01,1.0,0
443,24,0.28086405388126,1,824,5,0.2229923367789556,1,386,1|1,0.28371751011140944,0.2246954768234319,bindi2014_rhyp,4.5,2015-01-01,1.0,0
448,59,0.10757600097321923,1,824,14,0.062031303950993044,1,386,1|1,0.11042945720336866,0.06373444399546933,bindi2014_rhyp,4.5,2015-01-01,1.0,0
449,32,0.029143185370214097,1,824,10,-0.017908902166527435,1,386,1|1,0.03199664160036353,-0.01620576212205114,bindi2014_rhyp,4.5,2015-01-01,1.0,0
450,44,0.3291355885610793,1,824,10,0.30608690532433747,1,386,1|1,0.3319890447912287,0.30779004536881377,bindi2014_rhyp,4.5,2015-01-01,1.0,0
456,40,-0.134480111146988,1,824,9,-0.09346736408687333,1,386,1|1,-0.13162665491683856,-0.09176422404239704,bindi2014_rhyp,4.5,2015-01-01,1.0,0
460,54,0.35900990173837244,1,824,12,0.3958791994992584,1,386,1|1,0.36186335796852187,0.39758233954373473,bindi2014_rhyp,4.5,2015-01-01,1.0,0
461,57,0.07668063614940751,1,824,11,0.09394573723864644,1,386,1|1,0.07953409237955694,0.09564887728312273,bindi2014_rhyp,4.5,2015-01-01,1.0,0
462,40,-0.1723203352594579,1,824,9,-0.15487065806029315,1,386,1|1,-0.16946687902930846,-0.15316751801581685,bindi2014_rhyp,4.5,2015-01-01,1.0,0
468,37,0.45897160464251374,1,824,6,0.5073351622212343,1,386,1|1,0.4618250608726632,0.5090383022657106,bindi2014_rhyp,4.5,2015-01-01,1.0,0
469,41,0.2860173263278186,1,824,10,0.21665787093308422,1,386,1|1,0.28887078255796805,0.21836101097756053,bindi2014_rhyp,4.5,2015-01-01,1.0,0
470,68,-0.09315604091411356,1,824,14,-0.1111857874784426,1,386,1|1,-0.09030258468396413,-0.10948264743396631,bindi2014_rhyp,4.5,2015-01-01,1.0,0
23,28,-0.1477414092042365,1,816,8,-0.21330136724749277,0,424,1|0,-0.14627069788459635,-0.21168020821925407,bindi2014_rhyp,4.5,2015-01-01,1.0,1
25,36,0.5054831796294195,1,816,7,0.27396536244598824,0,424,1|0,0.5069538909490596,0.27558652147422696,bindi2014_rhyp,4.5,2015-01-01,1.0,1
26,93,0.011780627157117585,1,816,21,-0.02401600085282085,0,424,1|0,0.013251338476757737,-0.02239484182458215,bindi2014_rhyp,4.5,2015-01-01,1.0,1
27,36,-0.1710075140730447,1,816,12,-0.251621452947195,0,424,1|0,-0.16953680275340455,-0.2500002939189563,bindi2014_rhyp,4.5,2015-01-01,1.0,1
28,39,0.10169526963398806,1,816,9,0.031472347288331703,0,424,1|0,0.10316598095362821,0.033093506316570404,bindi2014_rhyp,4.5,2015-01-01,1.0,1
29,35,-0.09485946736100792,1,816,17,0.03011905768044998,0,424,1|0,-0.09338875604136777,0.03174021670868868,bindi2014_rhyp,4.5,2015-01-01,1.0,1
31,27,-0.06857682019033773,1,816,6,-0.0641375356362372,0,424,1|0,-0.06710610887069758,-0.0625163766079985,bindi2014_rhyp,4.5,2015-01-01,1.0,1
32,27,-1.619475324284902,1,816,7,-1.6072259447410684,0,424,1|0,-1.6180046129652619,-1.6056047857128297,bindi2014_rhyp,4.5,2015-01-01,1.0,1
35,28,0.05617748753202223,1,816,8,0.05074259624951433,0,424,1|0,0.057648198851662384,0.05236375527775303,bindi2014_rhyp,4.5,2015-01-01,1.0,1
38,28,-0.32336560808054815,1,816,6,-0.6774241676714465,0,424,1|0,-0.321894896760908,-0.6758030086432079,bindi2014_rhyp,4.5,2015-01-01,1.0,1
39,67,0.007905074681033186,1,816,12,-0.2365881042627314,0,424,1|0,0.009375786000673339,-0.2349669452344927,bindi2014_rhyp,4.5,2015-01-01,1.0,1
45,52,0.27657360750499166,1,816,10,0.02371483709549338,0,424,1|0,0.2780443188246318,0.02533599612373208,bindi2014_rhyp,4.5,2015-01-01,1.0,1
46,24,-0.2674133726255732,1,816,5,-1.0736413323074925,0,424,1|0,-0.265942661305933,-1.0720201732792538,bindi2014_rhyp,4.5,2015-01-01,1.0,1
47,28,0.41433114204357235,1,816,10,0.2267297001808625,0,424,1|0,0.4158018533632125,0.2283508592091012,bindi2014_rhyp,4.5,2015-01-01,1.0,1
49,18,-0.08814678121276986,1,816,5,-0.15950954208879786,0,424,1|0,-0.08667606989312972,-0.15788838306055916,bindi2014_rhyp,4.5,2015-01-01,1.0,1
50,20,0.10061857384786749,1,816,8,0.15974167703825473,0,424,1|0,0.10208928516750763,0.16136283606649343,bindi2014_rhyp,4.5,2015-01-01,1.0,1
52,25,0.2358835029432626,1,816,8,0.21873530570614647,0,424,1|0,0.23735421426290276,0.22035646473438517,bindi2014_rhyp,4.5,2015-01-01,1.0,1
54,99,0.011487693304288338,1,816,28,-0.05073842523533023,0,424,1|0,0.01295840462392849,-0.04911726620709153,bindi2014_rhyp,4.5,2015-01-01,1.0,1
55,86,0.1603969196668974,1,816,14,0.007499517191451088,0,424,1|0,0.16186763098653756,0.009120676219689788,bindi2014_rhyp,4.5,2015-01-01,1.0,1
56,62,0.18309389758465333,1,816,16,0.11628819300420004,0,424,1|0,0.1845646089042935,0.11790935203243874,bindi2014_rhyp,4.5,2015-01-01,1.0,1
57,64,-0.36710817422103936,1,816,15,-0.39601941377230604,0,424,1|0,-0.3656374629013992,-0.3943982547440673,bindi2014_rhyp,4.5,2015-01-01,1.0,1
58,36,-0.021144642874578956,1,816,9,-0.14881458728667823,0,424,1|0,-0.019673931554938802,-0.14719342825843953,bindi2014_rhyp,4.5,2015-01-01,1.0,1
59,52,-0.11907818663761982,1,816,11,-0.048208184437144586,0,424,1|0,-0.11760747531797967,-0.046587025408905886,bindi2014_rhyp,4.5,2015-01-01,1.0,1
60,88,-0.16479011014317146,1,816,14,-0.2797165347759151,0,424,1|0,-0.1633193988235313,-0.2780953757476764,bindi2014_rhyp,4.5,2015-01-01,1.0,1
61,67,0.06888206624851156,1,816,12,-0.011170123181726666,0,424,1|0,0.07035277756815171,-0.009548964153487965,bindi2014_rhyp,4.5,2015-01-01,1.0,1
62,61,-0.03132912153764511,1,816,11,-0.10219651739989849,0,424,1|0,-0.029858410218004956,-0.10057535837165979,bindi2014_rhyp,4.5,2015-01-01,1.0,1
65,29,-0.4218727277996045,1,816,6,-0.37795548877516966,0,424,1|0,-0.42040201647996434,-0.37633432974693093,bindi2014_rhyp,4.5,2015-01-01,1.0,1
66,79,0.09549110726094456,1,816,14,0.035780978156071064,0,424,1|0,0.09696181858058471,0.037402137184309764,bindi2014_rhyp,4.5,2015-01-01,1.0,1
68,15,0.11918038353189353,1,816,6,0.025308536454592523,0,424,1|0,0.12065109485153368,0.026929695482831223,bindi2014_rhyp,4.5,2015-01-01,1.0,1
69,72,0.6448017767610122,1,816,11,0.6305868457144354,0,424,1|0,0.6462724880806524,0.632208004742674,bindi2014_rhyp,4.5,2015-01-01,1.0,1
70,62,0.6270322489899193,1,816,8,0.6076206306677333,0,424,1|0,0.6285029603095594,0.609241789695972,bindi2014_rhyp,4.5,2015-01-01,1.0,1
75,24,0.060870451766787514,1,816,7,0.07134500357247925,0,424,1|0,0.06234116308642767,0.07296616260071795,bindi2014_rhyp,4.5,2015-01-01,1.0,1
76,28,0.29812760841563185,1,816,6,0.20123469419393547,0,424,1|0,0.299598319735272,0.20285585322217417,bindi2014_rhyp,4.5,2015-01-01,1.0,1
78,28,-0.2580343555084079,1,816,8,-0.17605846831428423,0,424,1|0,-0.25656364418876776,-0.17443730928604553,bindi2014_rhyp,4.5,2015-01-01,1.0,1
79,40,0.11044465374730011,1,816,7,0.04501695395563343,0,424,1|0,0.11191536506694026,0.04663811298387213,bindi2014_rhyp,4.5,2015-01-01,1.0,1
81,112,0.0067141355818071125,1,816,32,-0.08468727263958448,0,424,1|0,0.008184846901447265,-0.08306611361134578,bindi2014_rhyp,4.5,2015-01-01,1.0,1
84,31,0.2589608229804451,1,816,11,0.3539566347815666,0,424,1|0,0.26043153430008525,0.3555777938098053,bindi2014_rhyp,4.5,2015-01-01,1.0,1
85,20,0.18129234892407498,1,816,5,0.15901387169987152,0,424,1|0,0.18276306024371514,0.16063503072811022,bindi2014_rhyp,4.5,2015-01-01,1.0,1
87,57,0.09552370808665073,1,816,16,0.17719884831649801,0,424,1|0,0.09699441940629087,0.17882000734473671,bindi2014_rhyp,4.5,2015-01-01,1.0,1
88,69,-0.02139646026475861,1,816,12,-0.11260905851170544,0,424,1|0,-0.019925748945118456,-0.11098789948346674,bindi2014_rhyp,4.5,2015-01-01,1.0,1
89,115,0.037441432064182045,1,816,33,0.17967839341880068,0,424,1|0,0.0389121433838222,0.18129955244703938,bindi2014_rhyp,4.5,2015-01-01,1.0,1
90,62,-0.4488703966448765,1,816,15,-0.5454109721384541,0,424,1|0,-0.44739968532523633,-0.5437898131102155,bindi2014_rhyp,4.5,2015-01-01,1.0,1
91,53,-0.16921214790008343,1,816,9,-0.29052725522541206,0,424,1|0,-0.16774143658044327,-0.28890609619717333,bindi2014_rhyp,4.5,2015-01-01,1.0,1
93,56,-0.14178292807643478,1,816,12,-0.31678808235554407,0,424,1|0,-0.14031221675679462,-0.31516692332730534,bindi2014_rhyp,4.5,2015-01-01,1.0,1
94,32,0.38872525309003103,1,816,5,0.30180627573593005,0,424,1|0,0.3901959644096712,0.3034274347641688,bindi2014_rhyp,4.5,2015-01-01,1.0,1
95,38,0.3168053164461591,1,816,8,0.20107108101762827,0,424,1|0,0.3182760277657993,0.20269224004586697,bindi2014_rhyp,4.5,2015-01-01,1.0,1
97,29,-0.38842562032752537,1,816,6,-0.1596818332837993,0,424,1|0,-0.3869549090078852,-0.1580606742555606,bindi2014_rhyp,4.5,2015-01-01,1.0,1
98,56,-0.1997040756429317,1,816,8,-0.32253476060730474,0,424,1|0,-0.19823336432329153,-0.320913601579066,bindi2014_rhyp,4.5,2015-01-01,1.0,1
100,17,0.17517408304760473,1,816,5,0.22353027755639052,0,424,1|0,0.1766447943672449,0.22515143658462922,bindi2014_rhyp,4.5,2015-01-01,1.0,1
102,114,0.3169248930774348,1,816,29,0.23537802899629326,0,424,1|0,0.318395604397075,0.23699918802453196,bindi2014_rhyp,4.5,2015-01-01,1.0,1
103,78,0.15859546267110974,1,816,23,0.31904720515419416,0,424,1|0,0.1600661739907499,0.3206683641824329,bindi2014_rhyp,4.5,2015-01-01,1.0,1
104,94,-0.4517056998077128,1,816,24,-0.47346169353878126,0,424,1|0,-0.45023498848807264,-0.47184053451054253,bindi2014_rhyp,4.5,2015-01-01,1.0,1
105,37,0.06818950222688247,1,816,10,0.012379293461224017,0,424,1|0,0.06966021354652262,0.014000452489462717,bindi2014_rhyp,4.5,2015-01-01,1.0,1
106,37,-0.03313338856088577,1,816,8,-0.22634026626492215,0,424,1|0,-0.031662677241245614,-0.22471910723668345,bindi2014_rhyp,4.5,2015-01-01,1.0,1
109,28,-0.05872168655721266,1,816,9,-0.07177505596650474,0,424,1|0,-0.057250975237572506,-0.07015389693826604,bindi2014_rhyp,4.5,2015-01-01,1.0,1
110,23,0.2979112178449769,1,816,8,0.08165309421055589,0,424,1|0,0.2993819291646171,0.08327425323879459,bindi2014_rhyp,4.5,2015-01-01,1.0,1
113,20,-0.3494846560317436,1,816,6,-0.3512313956695276,0,424,1|0,-0.34801394471210345,-0.3496102366412889,bindi2014_rhyp,4.5,2015-01-01,1.0,1
115,38,0.04803603584939409,1,816,7,0.0670669681585056,0,424,1|0,0.04950674716903424,0.0686881271867443,bindi2014_rhyp,4.5,2015-01-01,1.0,1
117,30,0.18858508825956077,1,816,6,0.0844517772283801,0,424,1|0,0.19005579957920093,0.0860729362566188,bindi2014_rhyp,4.5,2015-01-01,1.0,1
118,49,0.04157464717897885,1,816,21,0.15727165746158686,0,424,1|0,0.043045358498619006,0.15889281648982556,bindi2014_rhyp,4.5,2015-01-01,1.0,1
119,25,-0.1732088323947204,1,816,21,-0.045867514275540866,0,424,1|0,-0.17173812107508024,-0.044246355247302166,bindi2014_rhyp,4.5,2015-01-01,1.0,1
120,41,0.16544717543561938,1,816,8,0.05585374308063584,0,424,1|0,0.16691788675525954,0.05747490210887454,bindi2014_rhyp,4.5,2015-01-01,1.0,1
121,22,-0.12689376597054802,1,816,5,-0.2642326664994567,0,424,1|0,-0.12542305465090786,-0.262611507471218,bindi2014_rhyp,4.5,2015-01-01,1.0,1
123,21,0.03875022777579584,1,816,5,-0.06745217014880162,0,424,1|0,0.040220939095436,-0.06583101112056292,bindi2014_rhyp,4.5,2015-01-01,1.0,1
124,37,-0.22453333456910718,1,816,6,-0.33084652445197443,0,424,1|0,-0.22306262324946702,-0.3292253654237357,bindi2014_rhyp,4.5,2015-01-01,1.0,1
126,20,0.08335489692873782,1,816,8,0.011080391419725388,0,424,1|0,0.08482560824837797,0.012701550447964088,bindi2014_rhyp,4.5,2015-01-01,1.0,1
127,50,0.10025804766282942,1,816,6,0.019760492304915722,0,424,1|0,0.10172875898246957,0.021381651333154422,bindi2014_rhyp,4.5,2015-01-01,1.0,1
128,42,-0.15610212254390865,1,816,8,-0.19007585021599283,0,424,1|0,-0.1546314112242685,-0.18845469118775413,bindi2014_rhyp,4.5,2015-01-01,1.0,1
130,77,0.17973608312296152,1,816,19,0.07452358341925819,0,424,1|0,0.18120679444260168,0.07614474244749689,bindi2014_rhyp,4.5,2015-01-01,1.0,1
131,67,-0.13003548019690891,1,816,14,-0.05906442646415527,0,424,1|0,-0.12856476887726875,-0.05744326743591657,bindi2014_rhyp,4.5,2015-01-01,1.0,1
134,23,-0.3281516652669061,1,816,6,-0.3730362260988797,0,424,1|0,-0.32668095394726593,-0.371415067070641,bindi2014_rhyp,4.5,2015-01-01,1.0,1
135,39,0.14655041032828142,1,816,11,0.08909896832048869,0,424,1|0,0.14802112164792158,0.09072012734872739,bindi2014_rhyp,4.5,2015-01-01,1.0,1
136,27,-0.16431074721148753,1,816,9,-0.274971788150373,0,424,1|0,-0.16284003589184737,-0.27335062912213426,bindi2014_rhyp,4.5,2015-01-01,1.0,1
137,56,-0.15372046014326135,1,816,8,-0.18919557666488557,0,424,1|0,-0.1522497488236212,-0.18757441763664687,bindi2014_rhyp,4.5,2015-01-01,1.0,1
139,31,-0.13056584705336371,1,816,8,-0.12935777425775774,0,424,1|0,-0.12909513573372355,-0.12773661522951904,bindi2014_rhyp,4.5,2015-01-01,1.0,1
141,31,-0.035527470505410386,1,816,6,0.08700487109813804,0,424,1|0,-0.03405675918577023,0.08862603012637674,bindi2014_rhyp,4.5,2015-01-01,1.0,1
142,25,-0.10514868794613896,1,816,7,-0.3478892185348957,0,424,1|0,-0.10367797662649882,-0.34626805950665696,bindi2014_rhyp,4.5,2015-01-01,1.0,1
144,33,0.029089573456682727,1,816,13,0.03265269791454756,0,424,1|0,0.03056028477632288,0.03427385694278626,bindi2014_rhyp,4.5,2015-01-01,1.0,1
146,52,-0.404380001082596,1,816,15,-0.5063037056951025,0,424,1|0,-0.4029092897629558,-0.5046825466668639,bindi2014_rhyp,4.5,2015-01-01,1.0,1
151,35,-0.5052768575168914,1,816,8,-0.6278772744000249,0,424,1|0,-0.5038061461972513,-0.6262561153717863,bindi2014_rhyp,4.5,2015-01-01,1.0,1
153,37,-0.053011217719126535,1,816,10,0.0034159202141993417,0,424,1|0,-0.05154050639948638,0.005037079242438043,bindi2014_rhyp,4.5,2015-01-01,1.0,1
154,71,0.1934429921308466,1,816,12,0.10314004568520535,0,424,1|0,0.19491370345048675,0.10476120471344405,bindi2014_rhyp,4.5,2015-01-01,1.0,1
156,77,-0.07051902249067077,1,816,16,-0.18573838485087424,0,424,1|0,-0.06904831117103062,-0.18411722582263554,bindi2014_rhyp,4.5,2015-01-01,1.0,1
157,23,0.04427527496627115,1,816,7,0.05421514101477576,0,424,1|0,0.045745986285911304,0.05583630004301446,bindi2014_rhyp,4.5,2015-01-01,1.0,1
158,47,-0.20425019369018294,1,816,13,-0.1597113686044811,0,424,1|0,-0.20277948237054277,-0.1580902095762424,bindi2014_rhyp,4.5,2015-01-01,1.0,1
159,25,-0.14681568929240474,1,816,7,-0.14521884554925624,0,424,1|0,-0.14534497797276458,-0.14359768652101754,bindi2014_rhyp,4.5,2015-01-01,1.0,1
161,25,-0.14356126152970194,1,816,6,-0.17892517026426147,0,424,1|0,-0.14209055021006178,-0.17730401123602277,bindi2014_rhyp,4.5,2015-01-01,1.0,1
162,74,0.42992715231882966,1,816,10,0.3065045007953198,0,424,1|0,0.4313978636384698,0.30812565982355855,bindi2014_rhyp,4.5,2015-01-01,1.0,1
163,114,0.6789050825223354,1,816,21,0.5641229446734894,0,424,1|0,0.6803757938419756,0.5657441037017281,bindi2014_rhyp,4.5,2015-01-01,1.0,1
164,74,0.1027724712338603,1,816,12,0.021415667543251193,0,424,1|0,0.10424318255350044,0.023036826571489893,bindi2014_rhyp,4.5,2015-01-01,1.0,1
165,18,-0.09147923915438716,1,816,5,-0.2337009601021151,0,424,1|0,-0.09000852783474701,-0.2320798010738764,bindi2014_rhyp,4.5,2015-01-01,1.0,1
166,86,-0.17050142886592212,1,816,17,-0.22685841328813755,0,424,1|0,-0.16903071754628196,-0.22523725425989885,bindi2014_rhyp,4.5,2015-01-01,1.0,1
167,44,-0.15915197484603782,1,816,5,-0.0586303486150182,0,424,1|0,-0.15768126352639766,-0.0570091895867795,bindi2014_rhyp,4.5,2015-01-01,1.0,1
168,55,0.0015815723178503882,1,816,22,0.02242607069019109,0,424,1|0,0.0030522836374905406,0.02404722971842979,bindi2014_rhyp,4.5,2015-01-01,1.0,1
169,30,-0.1295095742119592,1,816,8,-0.3236712469139604,0,424,1|0,-0.12803886289231903,-0.32205008788572165,bindi2014_rhyp,4.5,2015-01-01,1.0,1
170,115,-0.43075589324082253,1,816,34,-0.43038816374889227,0,424,1|0,-0.42928518192118237,-0.42876700472065354,bindi2014_rhyp,4.5,2015-01-01,1.0,1
175,26,0.28362869393781914,1,816,5,0.5881917897080865,0,424,1|0,0.2850994052574593,0.5898129487363252,bindi2014_rhyp,4.5,2015-01-01,1.0,1
176,17,-0.4883147700694984,1,816,5,-0.4881898445057418,0,424,1|0,-0.48684405874985826,-0.4865686854775031,bindi2014_rhyp,4.5,2015-01-01,1.0,1
178,48,-0.30961975974189293,1,816,17,-0.3271897433592316,0,424,1|0,-0.30814904842225277,-0.3255685843309929,bindi2014_rhyp,4.5,2015-01-01,1.0,1
179,29,-0.6056505751870952,1,816,6,-0.6571896616024948,0,424,1|0,-0.604179863867455,-0.6555685025742561,bindi2014_rhyp,4.5,2015-01-01,1.0,1
181,63,0.33562599287585637,1,816,24,0.23945134091008466,0,424,1|0,0.33709670419549653,0.24107249993832336,bindi2014_rhyp,4.5,2015-01-01,1.0,1
182,60,0.32158799905709445,1,816,12,0.2604937875246191,0,424,1|0,0.3230587103767346,0.26211494655285783,bindi2014_rhyp,4.5,2015-01-01,1.0,1
185,45,-0.05600839925364787,1,816,10,0.06098178665120613,0,424,1|0,-0.05453768793400771,0.06260294567944483,bindi2014_rhyp,4.5,2015-01-01,1.0,1
187,20,-0.17624776088310068,1,816,6,-0.17911509546429788,0,424,1|0,-0.17477704956346052,-0.17749393643605918,bindi2014_rhyp,4.5,2015-01-01,1.0,1
190,114,0.33668090863707134,1,816,33,0.2682977003969635,0,424,1|0,0.3381516199567115,0.2699188594252022,bindi2014_rhyp,4.5,2015-01-01,1.0,1
191,80,0.17362603479047423,1,816,25,0.09147593969055154,0,424,1|0,0.1750967461101144,0.09309709871879024,bindi2014_rhyp,4.5,2015-01-01,1.0,1
194,91,0.07665510649038743,1,816,25,0.22688176101808788,0,424,1|0,0.07812581781002757,0.22850292004632658,bindi2014_rhyp,4.5,2015-01-01,1.0,1
195,72,-0.28647192565158497,1,816,19,-0.30393444507709294,0,424,1|0,-0.2850012143319448,-0.3023132860488542,bindi2014_rhyp,4.5,2015-01-01,1.0,1
196,76,0.11293929302770139,1,816,24,0.07583570864068029,0,424,1|0,0.11441000434734154,0.07745686766891899,bindi2014_rhyp,4.5,2015-01-01,1.0,1
197,46,0.005807537317568445,1,816,20,0.09924749986535825,0,424,1|0,0.007278248637208598,0.10086865889359695,bindi2014_rhyp,4.5,2015-01-01,1.0,1
198,46,0.6376091316818662,1,816,6,0.7409808327718961,0,424,1|0,0.6390798430015063,0.7426019918001348,bindi2014_rhyp,4.5,2015-01-01,1.0,1
199,79,0.19205640803937013,1,816,13,0.04074416464481839,0,424,1|0,0.1935271193590103,0.04236532367305709,bindi2014_rhyp,4.5,2015-01-01,1.0,1
200,70,-0.24418792063350114,1,816,9,-0.23891603228025976,0,424,1|0,-0.24271720931386098,-0.23729487325202106,bindi2014_rhyp,4.5,2015-01-01,1.0,1
201,30,0.027188239168107753,1,816,9,-0.09448429235370709,0,424,1|0,0.028658950487747907,-0.09286313332546839,bindi2014_rhyp,4.5,2015-01-01,1.0,1
202,23,-0.5131175830760121,1,816,11,-0.5347947221980687,0,424,1|0,-0.5116468717563719,-0.53317356316983,bindi2014_rhyp,4.5,2015-01-01,1.0,1
205,95,0.3087291716423561,1,816,19,0.38289003888052325,0,424,1|0,0.31019988296199624,0.384511197908762,bindi2014_rhyp,4.5,2015-01-01,1.0,1
207,87,-0.2928204136256378,1,816,20,-0.37308569705900657,0,424,1|0,-0.29134970230599766,-0.37146453803076784,bindi2014_rhyp,4.5,2015-01-01,1.0,1
208,19,-0.0037558442197292985,1,816,7,-0.05043564556519092,0,424,1|0,-0.002285132900089146,-0.04881448653695222,bindi2014_rhyp,4.5,2015-01-01,1.0,1
212,55,-0.0009587989269423947,1,816,10,0.0026281295962193307,0,424,1|0,0.000511912392697758,0.004249288624458032,bindi2014_rhyp,4.5,2015-01-01,1.0,1
213,37,0.17448695601016745,1,816,11,0.04528581846428764,0,424,1|0,0.1759576673298076,0.04690697749252634,bindi2014_rhyp,4.5,2015-01-01,1.0,1
214,30,-0.15696167917621895,1,816,14,-0.19847265345064208,0,424,1|0,-0.1554909678565788,-0.19685149442240338,bindi2014_rhyp,4.5,2015-01-01,1.0,1
215,16,0.276478750104686,1,816,6,0.1358151266774939,0,424,1|0,0.27794946142432614,0.1374362857057326,bindi2014_rhyp,4.5,2015-01-01,1.0,1
216,71,-0.07958131218308695,1,816,13,-0.27696863406851696,0,424,1|0,-0.0781106008634468,-0.27534747504027823,bindi2014_rhyp,4.5,2015-01-01,1.0,1
217,25,0.013812268190107613,1,816,7,-0.13493381614904987,0,424,1|0,0.015282979509747765,-0.13331265712081117,bindi2014_rhyp,4.5,2015-01-01,1.0,1
218,37,-0.0728301988606187,1,816,11,-0.2335173456171315,0,424,1|0,-0.07135948754097855,-0.2318961865888928,bindi2014_rhyp,4.5,2015-01-01,1.0,1
219,43,0.02179649745422596,1,816,12,-0.0072196484339551725,0,424,1|0,0.023267208773866115,-0.005598489405716472,bindi2014_rhyp,4.5,2015-01-01,1.0,1
220,31,-0.005614132751897594,1,816,7,-0.2035798364380908,0,424,1|0,-0.004143421432257441,-0.2019586774098521,bindi2014_rhyp,4.5,2015-01-01,1.0,1
221,62,-0.21864707555200935,1,816,14,-0.18377182551671972,0,424,1|0,-0.2171763642323692,-0.18215066648848102,bindi2014_rhyp,4.5,2015-01-01,1.0,1
222,45,-0.026455843859819028,1,816,9,-0.27663141734844904,0,424,1|0,-0.024985132540178874,-0.2750102583202103,bindi2014_rhyp,4.5,2015-01-01,1.0,1
223,63,-0.10303822400702878,1,816,12,-0.13370801850556124,0,424,1|0,-0.10156751268738863,-0.13208685947732254,bindi2014_rhyp,4.5,2015-01-01,1.0,1
224,25,-0.19272591931342398,1,816,6,-0.25281986741999857,0,424,1|0,-0.19125520799378382,-0.25119870839175984,bindi2014_rhyp,4.5,2015-01-01,1.0,1
225,66,-0.009205766763866974,1,816,12,-0.25487245605548753,0,424,1|0,-0.007735055444226821,-0.2532512970272488,bindi2014_rhyp,4.5,2015-01-01,1.0,1
226,41,0.2541660443706321,1,816,10,0.21416562453889226,0,424,1|0,0.2556367556902723,0.21578678356713096,bindi2014_rhyp,4.5,2015-01-01,1.0,1
227,31,-0.20054702401525148,1,816,7,-0.31898229984290255,0,424,1|0,-0.19907631269561132,-0.3173611408146638,bindi2014_rhyp,4.5,2015-01-01,1.0,1
228,30,-0.15405471665314763,1,816,9,-0.2916423881170109,0,424,1|0,-0.15258400533350747,-0.29002122908877215,bindi2014_rhyp,4.5,2015-01-01,1.0,1
380,48,-0.18527170713728514,1,816,20,-0.008191386778328646,0,424,1|0,-0.18380099581764497,-0.0065702277500899455,bindi2014_rhyp,4.5,2015-01-01,1.0,1
382,20,-0.6185277655808951,1,816,8,-0.29289414389479757,0,424,1|0,-0.6170570542612549,-0.29127298486655884,bindi2014_rhyp,4.5,2015-01-01,1.0,1
387,16,-0.05731762996314438,1,816,5,0.2131122933068538,0,424,1|0,-0.055846918643504224,0.2147334523350925,bindi2014_rhyp,4.5,2015-01-01,1.0,1
388,29,0.10811070554469748,1,816,11,0.09074450778170304,0,424,1|0,0.10958141686433763,0.09236566680994174,bindi2014_rhyp,4.5,2015-01-01,1.0,1
389,37,0.1186886427086371,1,816,10,0.29178539874223186,0,424,1|0,0.12015935402827725,0.2934065577704706,bindi2014_rhyp,4.5,2015-01-01,1.0,1
390,28,-0.05617083559289393,1,816,7,0.022290539982351865,0,424,1|0,-0.054700124273253777,0.023911699010590565,bindi2014_rhyp,4.5,2015-01-01,1.0,1
392,17,0.012748291532106437,1,816,7,0.25249525326042227,0,424,1|0,0.01421900285174659,0.254116412288661,bindi2014_rhyp,4.5,2015-01-01,1.0,1
396,42,-0.2802888527202255,1,816,16,-0.06612276680331708,0,424,1|0,-0.27881814140058536,-0.06450160777507838,bindi2014_rhyp,4.5,2015-01-01,1.0,1
397,43,0.22278304368129387,1,816,11,0.33660009797871143,0,424,1|0,0.22425375500093403,0.33822125700695016,bindi2014_rhyp,4.5,2015-01-01,1.0,1
399,20,-0.33459650314695033,1,816,5,-0.056135102776020684,0,424,1|0,-0.33312579182731017,-0.054513943747781984,bindi2014_rhyp,4.5,2015-01-01,1.0,1
400,16,0.5428448119955708,1,816,5,1.0054519621844296,0,424,1|0,0.5443155233152109,1.0070731212126682,bindi2014_rhyp,4.5,2015-01-01,1.0,1
404,15,0.3029997709195944,1,816,5,0.28861172065701823,0,424,1|0,0.30447048223923456,0.29023287968525696,bindi2014_rhyp,4.5,2015-01-01,1.0,1
406,37,-0.11076274948831621,1,816,11,0.22138236535513484,0,424,1|0,-0.10929203816867607,0.22300352438337354,bindi2014_rhyp,4.5,2015-01-01,1.0,1
408,17,0.44077129360778455,1,816,5,0.6569222386269131,0,424,1|0,0.4422420049274247,0.6585433976551518,bindi2014_rhyp,4.5,2015-01-01,1.0,1
411,53,-0.011037589828848615,1,816,13,0.013603774952645586,0,424,1|0,-0.009566878509208463,0.015224933980884287,bindi2014_rhyp,4.5,2015-01-01,1.0,1
413,53,-0.14421210055203537,1,816,15,0.029190211921889808,0,424,1|0,-0.1427413892323952,0.030811370950128508,bindi2014_rhyp,4.5,2015-01-01,1.0,1
415,74,0.026841187567860136,1,816,16,0.08762433684552332,0,424,1|0,0.02831189888750029,0.08924549587376202,bindi2014_rhyp,4.5,2015-01-01,1.0,1
417,68,-0.20626669186595492,1,816,24,-0.07824773642796556,0,424,1|0,-0.20479598054631476,-0.07662657739972686,bindi2014_rhyp,4.5,2015-01-01,1.0,1
418,53,0.18841434256079603,1,816,20,0.24821182991142546,0,424,1|0,0.1898850538804362,0.24983298893966416,bindi2014_rhyp,4.5,2015-01-01,1.0,1
419,49,0.1194432160122672,1,816,9,0.2852424058124894,0,424,1|0,0.12091392733190735,0.2868635648407281,bindi2014_rhyp,4.5,2015-01-01,1.0,1
420,19,-0.014137206030126692,1,816,6,0.2102905190884199,0,424,1|0,-0.01266649471048654,0.2119116781166586,bindi2014_rhyp,4.5,2015-01-01,1.0,1
421,23,0.072226290161857,1,816,7,0.15223204296901666,0,424,1|0,0.07369700148149715,0.15385320199725536,bindi2014_rhyp,4.5,2015-01-01,1.0,1
427,22,0.018479347820191117,1,816,6,0.23886530537589643,0,424,1|0,0.01995005913983127,0.24048646440413513,bindi2014_rhyp,4.5,2015-01-01,1.0,1
428,22,-0.13281971173770823,1,816,9,0.015145079024621921,0,424,1|0,-0.13134900041806807,0.01676623805286062,bindi2014_rhyp,4.5,2015-01-01,1.0,1
429,22,-0.00997497019407434,1,816,5,0.14480718117935484,0,424,1|0,-0.008504258874434187,0.14642834020759354,bindi2014_rhyp,4.5,2015-01-01,1.0,1
431,21,-0.501495621282425,1,816,10,-0.545221233334986,0,424,1|0,-0.5000249099627848,-0.5436000743067473,bindi2014_rhyp,4.5,2015-01-01,1.0,1
434,18,0.2297751295321917,1,816,5,0.734051368722672,0,424,1|0,0.23124584085183186,0.7356725277509106,bindi2014_rhyp,4.5,2015-01-01,1.0,1
435,22,-0.17780360141449914,1,816,6,0.09448723850344451,0,424,1|0,-0.17633289009485897,0.09610839753168321,bindi2014_rhyp,4.5,2015-01-01,1.0,1
436,28,0.3446809611116397,1,816,10,0.5006876480960382,0,424,1|0,0.34615167243127987,0.5023088071242768,bindi2014_rhyp,4.5,2015-01-01,1.0,1
441,37,-0.13916346172468375,1,816,11,0.07148370647934213,0,424,1|0,-0.13769275040504358,0.07310486550758083,bindi2014_rhyp,4.5,2015-01-01,1.0,1
443,23,0.23941467923213006,1,816,6,0.402977628422756,0,424,1|0,0.24088539055177022,0.4045987874509947,bindi2014_rhyp,4.5,2015-01-01,1.0,1
445,19,0.10403109707942731,1,816,5,0.32466496765526837,0,424,1|0,0.10550180839906746,0.3262861266835071,bindi2014_rhyp,4.5,2015-01-01,1.0,1
448,58,0.06434097704577624,1,816,15,0.25475846658570567,0,424,1|0,0.06581168836541638,0.2563796256139444,bindi2014_rhyp,4.5,2015-01-01,1.0,1
449,34,-0.004216473342757543,1,816,8,0.11599371767010666,0,424,1|0,-0.0027457620231173905,0.11761487669834536,bindi2014_rhyp,4.5,2015-01-01,1.0,1
450,40,0.29329926281482305,1,816,14,0.43965314339708705,0,424,1|0,0.2947699741344632,0.4412743024253258,bindi2014_rhyp,4.5,2015-01-01,1.0,1
451,15,-0.03388327496983867,1,816,8,0.16488583633718318,0,424,1|0,-0.03241256365019852,0.16650699536542188,bindi2014_rhyp,4.5,2015-01-01,1.0,1
456,37,-0.1754821809968926,1,816,12,0.0470613325233159,0,424,1|0,-0.17401146967725245,0.0486824915515546,bindi2014_rhyp,4.5,2015-01-01,1.0,1
460,51,0.3187264279860407,1,816,15,0.530189487813282,0,424,1|0,0.32019713930568083,0.5318106468415207,bindi2014_rhyp,4.5,2015-01-01,1.0,1
461,54,0.05005993884488569,1,816,14,0.193272812987203,0,424,1|0,0.05153065016452584,0.1948939720154417,bindi2014_rhyp,4.5,2015-01-01,1.0,1
462,39,-0.21056037715133413,1,816,10,-0.0010802490619087335,0,424,1|0,-0.20908966583169397,0.0005409099663299672,bindi2014_rhyp,4.5,2015-01-01,1.0,1
468,29,0.4540999058541879,1,816,14,0.5342726426873377,0,424,1|0,0.4555706171738281,0.5358938017155763,bindi2014_rhyp,4.5,2015-01-01,1.0,1
469,42,0.2508905579591317,1,816,9,0.35019686747393824,0,424,1|0,0.25236126927877184,0.351818026502177,bindi2014_rhyp,4.5,2015-01-01,1.0,1
470,66,-0.09400006274964456,1,816,16,-0.07547792075653043,0,424,1|0,-0.09252935143000442,-0.07385676172829173,bindi2014_rhyp,4.5,2015-01-01,1.0,1
23,31,-0.14236394933095775,1,823,5,-0.2527793868860252,1,413,1|1,-0.14289114051830198,-0.24618430211660214,bindi2014_rhyp,4.5,2015-01-01,1.0,2
25,34,0.47612971607376225,1,823,9,0.4234886461491439,1,413,1|1,0.475602524886418,0.43008373091856694,bindi2014_rhyp,4.5,2015-01-01,1.0,2
26,90,0.010876330554596914,1,823,24,-0.01932254385248866,1,413,1|1,0.010349139367252682,-0.012727459083065606,bindi2014_rhyp,4.5,2015-01-01,1.0,2
27,40,-0.1807166024196435,1,823,8,-0.19546139035466548,1,413,1|1,-0.18124379360698772,-0.18886630558524242,bindi2014_rhyp,4.5,2015-01-01,1.0,2
28,41,0.10036176976570743,1,823,7,-0.0008142338419013795,1,413,1|1,0.0998345785783632,0.005780850927521674,bindi2014_rhyp,4.5,2015-01-01,1.0,2
29,45,-0.0376802733386159,1,823,7,-0.15173344649984455,1,413,1|1,-0.03820746452596013,-0.1451383617304215,bindi2014_rhyp,4.5,2015-01-01,1.0,2
30,23,-0.1549872676574836,1,823,8,-0.17071242933030473,1,413,1|1,-0.15551445884482784,-0.16411734456088167,bindi2014_rhyp,4.5,2015-01-01,1.0,2
31,26,-0.07297997693103953,1,823,7,-0.02945635782069722,1,413,1|1,-0.07350716811838376,-0.022861273051274167,bindi2014_rhyp,4.5,2015-01-01,1.0,2
32,25,-1.6167748919815859,1,823,9,-1.626188397061604,1,413,1|1,-1.61730208316893,-1.619593312292181,bindi2014_rhyp,4.5,2015-01-01,1.0,2
35,28,0.04325117581906751,1,823,8,0.112702032162318,1,413,1|1,0.04272398463172328,0.11929711693174105,bindi2014_rhyp,4.5,2015-01-01,1.0,2
38,25,-0.46379470295611125,1,823,9,-0.14264114503904346,1,413,1|1,-0.4643218941434555,-0.1360460602696204,bindi2014_rhyp,4.5,2015-01-01,1.0,2
39,55,-0.037493895291197954,1,823,24,-0.015179217087431196,1,413,1|1,-0.03802108647854219,-0.008584132318008142,bindi2014_rhyp,4.5,2015-01-01,1.0,2
45,44,0.22378069407055257,1,823,18,0.2670269594232514,1,413,1|1,0.22325350288320833,0.27362204419267444,bindi2014_rhyp,4.5,2015-01-01,1.0,2
46,23,-0.5195526023728073,1,823,6,0.03136327315603793,1,413,1|1,-0.5200797935601515,0.037958357925460984,bindi2014_rhyp,4.5,2015-01-01,1.0,2
47,30,0.3758757648292731,1,823,8,0.34398494018427345,1,413,1|1,0.37534857364192886,0.3505800249536965,bindi2014_rhyp,4.5,2015-01-01,1.0,2
50,20,0.167291924243343,1,823,8,0.015511226581099158,1,413,1|1,0.16676473305599876,0.022106311350522212,bindi2014_rhyp,4.5,2015-01-01,1.0,2
52,24,0.21703565733764096,1,823,9,0.29446481260550506,1,413,1|1,0.21650846615029673,0.3010598973749281,bindi2014_rhyp,4.5,2015-01-01,1.0,2
54,103,0.003914355721559959,1,823,24,-0.011409232136155412,1,413,1|1,0.0033871645342157274,-0.004814147366732358,bindi2014_rhyp,4.5,2015-01-01,1.0,2
55,74,0.13763060776164882,1,823,26,0.14382307300671304,1,413,1|1,0.13710341657430458,0.1504181577761361,bindi2014_rhyp,4.5,2015-01-01,1.0,2
56,61,0.15821306136722485,1,823,17,0.21527093486967475,1,413,1|1,0.15768587017988062,0.2218660196390978,bindi2014_rhyp,4.5,2015-01-01,1.0,2
57,66,-0.3482609575421264,1,823,13,-0.48276495863246505,1,413,1|1,-0.3487881487294706,-0.476169873863042,bindi2014_rhyp,4.5,2015-01-01,1.0,2
58,33,-0.026953030314325055,1,823,12,-0.09235265781435942,1,413,1|1,-0.027480221501669285,-0.08575757304493636,bindi2014_rhyp,4.5,2015-01-01,1.0,2
59,44,-0.11140292925652362,1,823,19,-0.10421417594667526,1,413,1|1,-0.11193012044386785,-0.0976190911772522,bindi2014_rhyp,4.5,2015-01-01,1.0,2
60,76,-0.17903322220537998,1,823,26,-0.20245887820536435,1,413,1|1,-0.17956041339272422,-0.1958637934359413,bindi2014_rhyp,4.5,2015-01-01,1.0,2
61,56,0.07169548198340175,1,823,23,0.019346212282495445,1,413,1|1,0.07116829079605752,0.0259412970519185,bindi2014_rhyp,4.5,2015-01-01,1.0,2
62,50,-0.0185006230507474,1,823,22,-0.09550889001750029,1,413,1|1,-0.01902781423809163,-0.08891380524807724,bindi2014_rhyp,4.5,2015-01-01,1.0,2
65,25,-0.4337669483625456,1,823,10,-0.37106127455503046,1,413,1|1,-0.4342941395498898,-0.3644661897856074,bindi2014_rhyp,4.5,2015-01-01,1.0,2
66,69,0.09695546146085793,1,823,24,0.05446433306171272,1,413,1|1,0.0964282702735137,0.061059417831135776,bindi2014_rhyp,4.5,2015-01-01,1.0,2
67,19,-0.4123243674838074,1,823,6,-0.40173958033325163,1,413,1|1,-0.41285155867115164,-0.3951444955638286,bindi2014_rhyp,4.5,2015-01-01,1.0,2
69,63,0.6436053585668478,1,823,20,0.6391501351447996,1,413,1|1,0.6430781673795035,0.6457452199142226,bindi2014_rhyp,4.5,2015-01-01,1.0,2
70,49,0.6265974376101884,1,823,21,0.6081712709582163,1,413,1|1,0.6260702464228441,0.6147663557276394,bindi2014_rhyp,4.5,2015-01-01,1.0,2
73,25,-0.1310721814660124,1,823,8,-0.19919800427628476,1,413,1|1,-0.13159937265335664,-0.1926029195068617,bindi2014_rhyp,4.5,2015-01-01,1.0,2
74,26,-0.1935390384055261,1,823,8,-0.21286136329153893,1,413,1|1,-0.19406622959287034,-0.20626627852211588,bindi2014_rhyp,4.5,2015-01-01,1.0,2
75,23,0.07489607796983566,1,823,8,0.040369401969906904,1,413,1|1,0.07436888678249143,0.04696448673932996,bindi2014_rhyp,4.5,2015-01-01,1.0,2
76,26,0.2887112051827672,1,823,8,0.25140995057505244,1,413,1|1,0.288184013995423,0.2580050353444755,bindi2014_rhyp,4.5,2015-01-01,1.0,2
78,24,-0.22915472706336948,1,823,12,-0.2568780673872312,1,413,1|1,-0.2296819182507137,-0.2502829826178081,bindi2014_rhyp,4.5,2015-01-01,1.0,2
79,34,0.1311307851443062,1,823,13,0.023561529611581977,1,413,1|1,0.13060359395696197,0.03015661438100503,bindi2014_rhyp,4.5,2015-01-01,1.0,2
81,118,-0.007104064182051784,1,823,26,-0.015360232509693539,1,413,1|1,-0.007631255369396015,-0.008765147740270485,bindi2014_rhyp,4.5,2015-01-01,1.0,2
84,31,0.27871622250400846,1,823,11,0.31619309921943073,1,413,1|1,0.2781890313166642,0.3227881839888538,bindi2014_rhyp,4.5,2015-01-01,1.0,2
86,17,-0.3344053971937214,1,823,5,-0.3535824219632894,1,413,1|1,-0.33493258838106565,-0.3469873371938663,bindi2014_rhyp,4.5,2015-01-01,1.0,2
87,59,0.1308418333992506,1,823,14,0.05429829680576004,1,413,1|1,0.13031464221190636,0.06089338157518309,bindi2014_rhyp,4.5,2015-01-01,1.0,2
88,62,-0.007971788280269232,1,823,19,-0.1281463045264316,1,413,1|1,-0.008498979467613464,-0.12155121975700856,bindi2014_rhyp,4.5,2015-01-01,1.0,2
89,116,0.06178711987535379,1,823,32,0.0685829234073213,1,413,1|1,0.06125992868800956,0.07517800817674436,bindi2014_rhyp,4.5,2015-01-01,1.0,2
90,63,-0.46844730190325035,1,823,14,-0.4463386356753515,1,413,1|1,-0.4689744930905946,-0.4397435509059284,bindi2014_rhyp,4.5,2015-01-01,1.0,2
91,42,-0.18435141525676213,1,823,20,-0.19604229455045574,1,413,1|1,-0.18487860644410636,-0.1894472097810327,bindi2014_rhyp,4.5,2015-01-01,1.0,2
93,53,-0.19638205668660202,1,823,15,-0.10281116204807283,1,413,1|1,-0.19690924787394626,-0.09621607727864978,bindi2014_rhyp,4.5,2015-01-01,1.0,2
94,27,0.3703645702673103,1,823,10,0.37022906666557814,1,413,1|1,0.36983737907996606,0.3768241514350012,bindi2014_rhyp,4.5,2015-01-01,1.0,2
95,36,0.31378835138557293,1,823,10,0.23269549842402315,1,413,1|1,0.3132611601982287,0.2392905831934462,bindi2014_rhyp,4.5,2015-01-01,1.0,2
97,26,-0.3485884248890886,1,823,9,-0.3340466133000942,1,413,1|1,-0.3491156160764328,-0.32745152853067117,bindi2014_rhyp,4.5,2015-01-01,1.0,2
98,51,-0.20555608530648495,1,823,13,-0.25396855602178914,1,413,1|1,-0.20608327649382918,-0.24737347125236608,bindi2014_rhyp,4.5,2015-01-01,1.0,2
102,115,0.3146049177824679,1,823,28,0.25370035056241547,1,413,1|1,0.3140777265951237,0.2602954353318385,bindi2014_rhyp,4.5,2015-01-01,1.0,2
103,73,0.20318934595302124,1,823,28,0.15836918955918755,1,413,1|1,0.202662154765677,0.1649642743286106,bindi2014_rhyp,4.5,2015-01-01,1.0,2
104,90,-0.46448309909736396,1,823,28,-0.44345462047050377,1,413,1|1,-0.4650102902847082,-0.4368595357010807,bindi2014_rhyp,4.5,2015-01-01,1.0,2
105,36,0.04681682547960819,1,823,11,0.09949219335223347,1,413,1|1,0.04628963429226396,0.10608727812165653,bindi2014_rhyp,4.5,2015-01-01,1.0,2
106,33,-0.07470520753202214,1,823,12,-0.05029171047589831,1,413,1|1,-0.07523239871936638,-0.043696625706475256,bindi2014_rhyp,4.5,2015-01-01,1.0,2
107,15,0.3581920397676177,1,823,5,0.3517889665011641,1,413,1|1,0.3576648485802735,0.35838405127058715,bindi2014_rhyp,4.5,2015-01-01,1.0,2
108,18,-0.06879615934427497,1,823,5,-0.03294796774490072,1,413,1|1,-0.0693233505316192,-0.026352882975477665,bindi2014_rhyp,4.5,2015-01-01,1.0,2
109,26,-0.06636850009046791,1,823,11,-0.04140302353355085,1,413,1|1,-0.06689569127781214,-0.0348079387641278,bindi2014_rhyp,4.5,2015-01-01,1.0,2
110,25,0.2421908673008103,1,823,6,0.2928861466343239,1,413,1|1,0.24166367611346606,0.29948123140374694,bindi2014_rhyp,4.5,2015-01-01,1.0,2
112,16,0.3089886831755104,1,823,10,0.337302650484376,1,413,1|1,0.3084614919881662,0.3438977352537991,bindi2014_rhyp,4.5,2015-01-01,1.0,2
113,18,-0.33534910130767803,1,823,8,-0.37232849181095207,1,413,1|1,-0.33587629249502227,-0.365733407041529,bindi2014_rhyp,4.5,2015-01-01,1.0,2
115,32,0.029185961895726642,1,823,13,0.09693696566506882,1,413,1|1,0.028658770708382412,0.10353205043449187,bindi2014_rhyp,4.5,2015-01-01,1.0,2
116,19,0.399010857482922,1,823,5,0.3901436233455551,1,413,1|1,0.39848366629557774,0.39673870811497813,bindi2014_rhyp,4.5,2015-01-01,1.0,2
117,28,0.16601090082033243,1,823,8,0.18752905049094337,1,413,1|1,0.1654837096329882,0.19412413526036643,bindi2014_rhyp,4.5,2015-01-01,1.0,2
118,58,0.09770161280413103,1,823,12,-0.05448053617502557,1,413,1|1,0.0971744216167868,-0.04788545140560252,bindi2014_rhyp,4.5,2015-01-01,1.0,2
119,40,-0.08661663362613248,1,823,6,-0.3081799719258952,1,413,1|1,-0.08714382481347671,-0.30158488715647214,bindi2014_rhyp,4.5,2015-01-01,1.0,2
120,36,0.16151110187251844,1,823,13,0.09430869007463794,1,413,1|1,0.1609839106851742,0.10090377484406099,bindi2014_rhyp,4.5,2015-01-01,1.0,2
122,28,0.11503406876045252,1,823,6,0.0053782891316810355,1,413,1|1,0.11450687757310829,0.01197337390110409,bindi2014_rhyp,4.5,2015-01-01,1.0,2
124,32,-0.22097391803816968,1,823,11,-0.2921588308170596,1,413,1|1,-0.22150110922551391,-0.28556374604763657,bindi2014_rhyp,4.5,2015-01-01,1.0,2
126,21,0.04788145881426625,1,823,7,0.05967349953071144,1,413,1|1,0.04735426762692202,0.06626858430013449,bindi2014_rhyp,4.5,2015-01-01,1.0,2
127,38,0.11136046931525789,1,823,18,0.032594139374840236,1,413,1|1,0.11083327812791366,0.03918922414426329,bindi2014_rhyp,4.5,2015-01-01,1.0,2
128,33,-0.16025337251478944,1,823,17,-0.14795317105384065,1,413,1|1,-0.16078056370213367,-0.1413580862844176,bindi2014_rhyp,4.5,2015-01-01,1.0,2
130,76,0.15776175950208732,1,823,20,0.16381161865377036,1,413,1|1,0.15723456831474308,0.17040670342319342,bindi2014_rhyp,4.5,2015-01-01,1.0,2
131,58,-0.11970919843977301,1,823,23,-0.12814899283709713,1,413,1|1,-0.12023638962711725,-0.12155390806767408,bindi2014_rhyp,4.5,2015-01-01,1.0,2
134,21,-0.3759167737978658,1,823,8,-0.2406513242853895,1,413,1|1,-0.37644396498521004,-0.23405623951596644,bindi2014_rhyp,4.5,2015-01-01,1.0,2
135,35,0.10823580799503535,1,823,15,0.20003292079079327,1,413,1|1,0.10770861680769112,0.20662800556021632,bindi2014_rhyp,4.5,2015-01-01,1.0,2
136,29,-0.19768259836401525,1,823,7,-0.14061939941172252,1,413,1|1,-0.19820978955135948,-0.13402431464229947,bindi2014_rhyp,4.5,2015-01-01,1.0,2
137,48,-0.1907840484657054,1,823,16,-0.09086438945142683,1,413,1|1,-0.19131123965304964,-0.08426930468200378,bindi2014_rhyp,4.5,2015-01-01,1.0,2
138,30,-0.3819605108359434,1,823,11,-0.3460084961924975,1,413,1|1,-0.38248770202328763,-0.33941341142307446,bindi2014_rhyp,4.5,2015-01-01,1.0,2
139,30,-0.11496580255972977,1,823,9,-0.1689232923394769,1,413,1|1,-0.115492993747074,-0.16232820757005384,bindi2014_rhyp,4.5,2015-01-01,1.0,2
141,26,-0.04644328712254564,1,823,11,0.04647223196997474,1,413,1|1,-0.046970478309889874,0.053067316739397796,bindi2014_rhyp,4.5,2015-01-01,1.0,2
142,22,-0.20230118923473406,1,823,10,-0.09532342049367548,1,413,1|1,-0.2028283804220783,-0.08872833572425243,bindi2014_rhyp,4.5,2015-01-01,1.0,2
143,21,0.11046468563967082,1,823,5,0.005601831973316096,1,413,1|1,0.10993749445232659,0.01219691674273915,bindi2014_rhyp,4.5,2015-01-01,1.0,2
144,37,0.02319651016078872,1,823,9,0.050123654867313405,1,413,1|1,0.02266931897344449,0.05671873963673646,bindi2014_rhyp,4.5,2015-01-01,1.0,2
146,47,-0.48473387975850646,1,823,20,-0.3346658594904873,1,413,1|1,-0.4852610709458507,-0.3280707747210643,bindi2014_rhyp,4.5,2015-01-01,1.0,2
148,24,0.1338620343681573,1,823,12,0.17743644471960818,1,413,1|1,0.13333484318081307,0.18403152948903123,bindi2014_rhyp,4.5,2015-01-01,1.0,2
149,22,-0.10005214393110051,1,823,6,-0.12167864512774806,1,413,1|1,-0.10057933511844475,-0.11508356035832501,bindi2014_rhyp,4.5,2015-01-01,1.0,2
151,33,-0.5024083196798969,1,823,10,-0.6125533720179347,1,413,1|1,-0.5029355108672411,-0.6059582872485116,bindi2014_rhyp,4.5,2015-01-01,1.0,2
152,19,-0.4584995094744647,1,823,12,-0.5099732782533765,1,413,1|1,-0.45902670066180895,-0.5033781934839534,bindi2014_rhyp,4.5,2015-01-01,1.0,2
153,34,-0.048159933537364696,1,823,13,-0.025911465041612236,1,413,1|1,-0.04868712472470893,-0.019316380272189182,bindi2014_rhyp,4.5,2015-01-01,1.0,2
154,62,0.18046292287918936,1,823,21,0.15420050997317325,1,413,1|1,0.17993573169184512,0.1607955947425963,bindi2014_rhyp,4.5,2015-01-01,1.0,2
156,73,-0.08163975059240292,1,823,20,-0.12413272257035657,1,413,1|1,-0.08216694177974715,-0.11753763780093351,bindi2014_rhyp,4.5,2015-01-01,1.0,2
157,23,0.07518545117348407,1,823,7,-0.04894850040410714,1,413,1|1,0.07465825998613984,-0.04235341563468409,bindi2014_rhyp,4.5,2015-01-01,1.0,2
158,49,-0.2007960845271981,1,823,11,-0.20295793884562408,1,413,1|1,-0.20132327571454234,-0.19636285407620102,bindi2014_rhyp,4.5,2015-01-01,1.0,2
159,23,-0.15258467325107272,1,823,9,-0.13184054427738034,1,413,1|1,-0.15311186443841696,-0.1252454595079573,bindi2014_rhyp,4.5,2015-01-01,1.0,2
161,25,-0.16750491598899053,1,823,6,-0.07219937620496397,1,413,1|1,-0.16803210717633477,-0.06560429143554092,bindi2014_rhyp,4.5,2015-01-01,1.0,2
162,60,0.4185883763678748,1,823,24,0.3747658063295444,1,413,1|1,0.4180611851805306,0.3813608910989675,bindi2014_rhyp,4.5,2015-01-01,1.0,2
163,101,0.6617794772690326,1,823,34,0.6569778689976227,1,413,1|1,0.6612522860816884,0.6635729537670457,bindi2014_rhyp,4.5,2015-01-01,1.0,2
164,68,0.0828753722671044,1,823,18,0.09206155925999948,1,413,1|1,0.08234818107976016,0.09865664402942254,bindi2014_rhyp,4.5,2015-01-01,1.0,2
165,16,-0.1296099288992265,1,823,7,-0.10415282937325931,1,413,1|1,-0.13013712008657075,-0.09755774460383626,bindi2014_rhyp,4.5,2015-01-01,1.0,2
166,84,-0.16678146919757797,1,823,19,-0.2354482026865471,1,413,1|1,-0.1673086603849222,-0.22885311791712404,bindi2014_rhyp,4.5,2015-01-01,1.0,2
167,34,-0.18137742005693547,1,823,15,-0.09244937235220885,1,413,1|1,-0.1819046112442797,-0.0858542875827858,bindi2014_rhyp,4.5,2015-01-01,1.0,2
168,64,0.024768182263431582,1,823,13,-0.07080917613751214,1,413,1|1,0.02424099107608735,-0.06421409136808909,bindi2014_rhyp,4.5,2015-01-01,1.0,2
169,30,-0.16162008718514387,1,823,8,-0.18521875743302252,1,413,1|1,-0.1621472783724881,-0.17862367266359946,bindi2014_rhyp,4.5,2015-01-01,1.0,2
170,119,-0.44120892097467124,1,823,30,-0.41522201887814847,1,413,1|1,-0.44173611216201547,-0.4086269341087254,bindi2014_rhyp,4.5,2015-01-01,1.0,2
175,22,0.3503510170671801,1,823,9,0.297412834712629,1,413,1|1,0.34982382587983585,0.3040079194820521,bindi2014_rhyp,4.5,2015-01-01,1.0,2
176,17,-0.5079037078167071,1,823,5,-0.4320167072227393,1,413,1|1,-0.5084308990040514,-0.4254216224533163,bindi2014_rhyp,4.5,2015-01-01,1.0,2
178,51,-0.33212186467483173,1,823,14,-0.27344581184240424,1,413,1|1,-0.33264905586217597,-0.2668507270729812,bindi2014_rhyp,4.5,2015-01-01,1.0,2
179,28,-0.6401106599286511,1,823,7,-0.5212423365410229,1,413,1|1,-0.6406378511159954,-0.5146472517715999,bindi2014_rhyp,4.5,2015-01-01,1.0,2
181,71,0.32557000897849764,1,823,16,0.28618861329101986,1,413,1|1,0.3250428177911534,0.2927836980604429,bindi2014_rhyp,4.5,2015-01-01,1.0,2
182,51,0.31388985542395803,1,823,21,0.2890709814651746,1,413,1|1,0.3133626642366138,0.2956660662345977,bindi2014_rhyp,4.5,2015-01-01,1.0,2
183,16,-0.0038465970507217673,1,823,5,0.23699858056132894,1,413,1|1,-0.004373788238065998,0.243593665330752,bindi2014_rhyp,4.5,2015-01-01,1.0,2
185,38,-0.03403999868051499,1,823,17,-0.044940884194284436,1,413,1|1,-0.03456718986785923,-0.03834579942486138,bindi2014_rhyp,4.5,2015-01-01,1.0,2
190,120,0.33355313485634264,1,823,27,0.28445621740797766,1,413,1|1,0.3330259436689984,0.2910513021774007,bindi2014_rhyp,4.5,2015-01-01,1.0,2
191,87,0.1630233480054996,1,823,18,0.1387216632028162,1,413,1|1,0.16249615681815538,0.14531674797223926,bindi2014_rhyp,4.5,2015-01-01,1.0,2
193,20,0.04110605491660885,1,823,6,-0.01643787148004272,1,413,1|1,0.040578863729264614,-0.009842786710619666,bindi2014_rhyp,4.5,2015-01-01,1.0,2
194,89,0.11022600325885307,1,823,27,0.08488820625427662,1,413,1|1,0.10969881207150883,0.09148329102369968,bindi2014_rhyp,4.5,2015-01-01,1.0,2
195,67,-0.2961112259497477,1,823,24,-0.3033111934104792,1,413,1|1,-0.29663841713709194,-0.29671610864105613,bindi2014_rhyp,4.5,2015-01-01,1.0,2
196,82,0.12045633460138178,1,823,18,0.06460891909900945,1,413,1|1,0.11992914341403754,0.07120400386843251,bindi2014_rhyp,4.5,2015-01-01,1.0,2
197,60,0.04974684649285693,1,823,6,-0.14179666586113315,1,413,1|1,0.0492196553055127,-0.1352015810917101,bindi2014_rhyp,4.5,2015-01-01,1.0,2
198,34,0.6883411387064969,1,823,18,0.5610214942187978,1,413,1|1,0.6878139475191527,0.5676165789882208,bindi2014_rhyp,4.5,2015-01-01,1.0,2
199,62,0.1872709287475915,1,823,30,0.12871229757364278,1,413,1|1,0.18674373756024726,0.13530738234306583,bindi2014_rhyp,4.5,2015-01-01,1.0,2
200,58,-0.25161834354674883,1,823,21,-0.24027253390976722,1,413,1|1,-0.25214553473409307,-0.23367744914034416,bindi2014_rhyp,4.5,2015-01-01,1.0,2
201,32,0.021807924292762126,1,823,7,-0.07421973680451255,1,413,1|1,0.021280733105417896,-0.0676246520350895,bindi2014_rhyp,4.5,2015-01-01,1.0,2
202,29,-0.5358177879839173,1,823,5,-0.5470407960090681,1,413,1|1,-0.5363449791712616,-0.540445711239645,bindi2014_rhyp,4.5,2015-01-01,1.0,2
204,35,-0.6764844888733809,1,823,15,-0.748167610595922,1,413,1|1,-0.6770116800607251,-0.7415725258264989,bindi2014_rhyp,4.5,2015-01-01,1.0,2
205,82,0.3345679543551502,1,823,32,0.27683543788436216,1,413,1|1,0.33404076316780595,0.2834305226537852,bindi2014_rhyp,4.5,2015-01-01,1.0,2
207,85,-0.339525508512036,1,823,22,-0.19293606317601164,1,413,1|1,-0.34005269969938023,-0.1863409784065886,bindi2014_rhyp,4.5,2015-01-01,1.0,2
208,20,0.007421953933159586,1,823,6,-0.08558679857530183,1,413,1|1,0.006894762745815355,-0.07899171380587877,bindi2014_rhyp,4.5,2015-01-01,1.0,2
212,52,-0.010151053115108333,1,823,13,0.02746001873895887,1,413,1|1,-0.010678244302452565,0.03405510350838192,bindi2014_rhyp,4.5,2015-01-01,1.0,2
213,42,0.14562190340782172,1,823,6,0.17207577030687526,1,413,1|1,0.14509471222047748,0.17867085507629832,bindi2014_rhyp,4.5,2015-01-01,1.0,2
214,38,-0.16234924407796736,1,823,6,-0.23610243983522616,1,413,1|1,-0.1628764352653116,-0.2295073550658031,bindi2014_rhyp,4.5,2015-01-01,1.0,2
216,66,-0.11168032730375954,1,823,18,-0.11996336053452317,1,413,1|1,-0.11220751849110377,-0.11336827576510011,bindi2014_rhyp,4.5,2015-01-01,1.0,2
217,25,-0.023354293498547674,1,823,7,0.004968944264237107,1,413,1|1,-0.023881484685891904,0.011564029033660161,bindi2014_rhyp,4.5,2015-01-01,1.0,2
218,39,-0.10820279793635734,1,823,9,-0.09384154130088107,1,413,1|1,-0.10872998912370158,-0.08724645653145802,bindi2014_rhyp,4.5,2015-01-01,1.0,2
219,44,0.007061822381456695,1,823,11,0.06276018812191331,1,413,1|1,0.006534631194112464,0.06935527289133636,bindi2014_rhyp,4.5,2015-01-01,1.0,2
220,31,-0.04325464344010377,1,823,7,-0.042134824097149526,1,413,1|1,-0.043781834627448,-0.03553973932772647,bindi2014_rhyp,4.5,2015-01-01,1.0,2
221,57,-0.21995232564646805,1,823,19,-0.18335739589260036,1,413,1|1,-0.22047951683381228,-0.1767623111231773,bindi2014_rhyp,4.5,2015-01-01,1.0,2
222,42,-0.03779600433197838,1,823,12,-0.1833278686206241,1,413,1|1,-0.03832319551932262,-0.17673278385120106,bindi2014_rhyp,4.5,2015-01-01,1.0,2
223,59,-0.0877554152854465,1,823,16,-0.18100125256722333,1,413,1|1,-0.08828260647279074,-0.17440616779780027,bindi2014_rhyp,4.5,2015-01-01,1.0,2
224,25,-0.2285947789035151,1,823,6,-0.11509170500877086,1,413,1|1,-0.22912197009085933,-0.10849662023934781,bindi2014_rhyp,4.5,2015-01-01,1.0,2
225,60,-0.05779325821094283,1,823,18,-0.024245253875290307,1,413,1|1,-0.058320449398287066,-0.017650169105867253,bindi2014_rhyp,4.5,2015-01-01,1.0,2
226,39,0.26918388314205033,1,823,12,0.18869313198359883,1,413,1|1,0.2686566919547061,0.19528821675302188,bindi2014_rhyp,4.5,2015-01-01,1.0,2
227,30,-0.25725826293765297,1,823,8,-0.0977652081388729,1,413,1|1,-0.2577854541249972,-0.09117012336944985,bindi2014_rhyp,4.5,2015-01-01,1.0,2
228,29,-0.15579923452760847,1,823,10,-0.25249156701976794,1,413,1|1,-0.1563264257149527,-0.24589648225034488,bindi2014_rhyp,4.5,2015-01-01,1.0,2
380,57,-0.13488935131829372,1,823,11,-0.1826521757535401,1,413,1|1,-0.13541654250563795,-0.17605709098411704,bindi2014_rhyp,4.5,2015-01-01,1.0,2
382,21,-0.5224119474389782,1,823,7,-0.5833843499806514,1,413,1|1,-0.5229391386263225,-0.5767892652112283,bindi2014_rhyp,4.5,2015-01-01,1.0,2
387,16,-0.0047801662506977705,1,823,5,0.017764249931589093,1,413,1|1,-0.0053073574380420015,0.024359334701012147,bindi2014_rhyp,4.5,2015-01-01,1.0,2
388,32,0.11127666135934733,1,823,8,0.053678632287426975,1,413,1|1,0.1107494701720031,0.06027371705685003,bindi2014_rhyp,4.5,2015-01-01,1.0,2
389,35,0.13462742807761813,1,823,12,0.20280844778031681,1,413,1|1,0.1341002368902739,0.20940353254973987,bindi2014_rhyp,4.5,2015-01-01,1.0,2
390,26,-0.07835404122405254,1,823,9,0.03755189789013358,1,413,1|1,-0.07888123241139677,0.04414698265955663,bindi2014_rhyp,4.5,2015-01-01,1.0,2
394,15,0.029745413996555614,1,823,5,0.0004546526137370055,1,413,1|1,0.029218222809211384,0.007049737383160059,bindi2014_rhyp,4.5,2015-01-01,1.0,2
396,49,-0.20091141195862605,1,823,9,-0.3448351142047753,1,413,1|1,-0.20143860314597029,-0.33824002943535225,bindi2014_rhyp,4.5,2015-01-01,1.0,2
397,42,0.248121582175582,1,823,12,0.22372041850048918,1,413,1|1,0.24759439098823777,0.23031550326991224,bindi2014_rhyp,4.5,2015-01-01,1.0,2
406,36,-0.03540232983475555,1,823,12,-0.052417186102153845,1,413,1|1,-0.035929521022099786,-0.04582210133273079,bindi2014_rhyp,4.5,2015-01-01,1.0,2
411,51,-0.03510040953389448,1,823,15,0.07289055701758074,1,413,1|1,-0.03562760072123872,0.07948564178700379,bindi2014_rhyp,4.5,2015-01-01,1.0,2
413,52,-0.10146144774193122,1,823,16,-0.14919318072375587,1,413,1|1,-0.10198863892927545,-0.14259809595433282,bindi2014_rhyp,4.5,2015-01-01,1.0,2
415,65,0.024247178934851843,1,823,25,0.060802406747000215,1,413,1|1,0.023719987747507613,0.06739749151642327,bindi2014_rhyp,4.5,2015-01-01,1.0,2
417,72,-0.18935470664311926,1,823,20,-0.148777250610308,1,413,1|1,-0.1898818978304635,-0.14218216584088494,bindi2014_rhyp,4.5,2015-01-01,1.0,2
418,56,0.16264719835770725,1,823,17,0.3041247867664293,1,413,1|1,0.162120007170363,0.31071987153585234,bindi2014_rhyp,4.5,2015-01-01,1.0,2
419,45,0.14721240620946696,1,823,13,0.14988449348840094,1,413,1|1,0.14668521502212273,0.156479578257824,bindi2014_rhyp,4.5,2015-01-01,1.0,2
420,19,0.031308631846323653,1,823,6,0.05025633801202922,1,413,1|1,0.030781440658979423,0.05685142278145228,bindi2014_rhyp,4.5,2015-01-01,1.0,2
421,23,0.06430904792248987,1,823,7,0.1546803669407184,1,413,1|1,0.06378185673514564,0.16127545171014146,bindi2014_rhyp,4.5,2015-01-01,1.0,2
427,21,0.05955258104047789,1,823,7,0.06219700143029594,1,413,1|1,0.05902538985313366,0.068792086199719,bindi2014_rhyp,4.5,2015-01-01,1.0,2
428,23,-0.0777781997077096,1,823,8,-0.18593725095213576,1,413,1|1,-0.07830539089505384,-0.1793421661827127,bindi2014_rhyp,4.5,2015-01-01,1.0,2
429,20,0.014866260437744416,1,823,7,0.02776311546105681,1,413,1|1,0.014339069250400184,0.03435820023047986,bindi2014_rhyp,4.5,2015-01-01,1.0,2
431,26,-0.5460935255933671,1,823,5,-0.4539874894601582,1,413,1|1,-0.5466207167807113,-0.44739240469073516,bindi2014_rhyp,4.5,2015-01-01,1.0,2
435,21,-0.15142042967882008,1,823,7,-0.04793962773874105,1,413,1|1,-0.1519476208661643,-0.041344542969318,bindi2014_rhyp,4.5,2015-01-01,1.0,2
436,30,0.39416957261889135,1,823,8,0.3058856497234733,1,413,1|1,0.3936423814315471,0.3124807344928964,bindi2014_rhyp,4.5,2015-01-01,1.0,2
441,37,-0.08719663004098299,1,823,11,-0.12428867881591976,1,413,1|1,-0.08772382122832723,-0.11769359404649671,bindi2014_rhyp,4.5,2015-01-01,1.0,2
443,21,0.24477295144547095,1,823,8,0.31584442967764226,1,413,1|1,0.24424576025812672,0.3224395144470653,bindi2014_rhyp,4.5,2015-01-01,1.0,2
444,15,-0.17353267158345742,1,823,7,-0.21796369234797386,1,413,1|1,-0.17405986277080165,-0.2113686075785508,bindi2014_rhyp,4.5,2015-01-01,1.0,2
445,16,0.13945882753767908,1,823,8,0.15486369045095594,1,413,1|1,0.13893163635033484,0.161458775220379,bindi2014_rhyp,4.5,2015-01-01,1.0,2
448,60,0.10185401487180945,1,823,13,0.0910473983322968,1,413,1|1,0.10132682368446522,0.09764248310171986,bindi2014_rhyp,4.5,2015-01-01,1.0,2
449,34,0.003975010393456935,1,823,8,0.09039661313711322,1,413,1|1,0.0034478192061127033,0.09699169790653628,bindi2014_rhyp,4.5,2015-01-01,1.0,2
450,43,0.32375542570264937,1,823,11,0.3179214513264683,1,413,1|1,0.32322823451530514,0.3245165360958914,bindi2014_rhyp,4.5,2015-01-01,1.0,2
451,18,0.004802458117464714,1,823,5,0.05318434908197256,1,413,1|1,0.004275266930120483,0.059779433851395614,bindi2014_rhyp,4.5,2015-01-01,1.0,2
456,39,-0.1130085632336586,1,823,10,-0.1918189189391598,1,413,1|1,-0.11353575442100283,-0.18522383416973676,bindi2014_rhyp,4.5,2015-01-01,1.0,2
460,53,0.39524995427563436,1,823,13,0.23389260128899358,1,413,1|1,0.39472276308829013,0.24048768605841664,bindi2014_rhyp,4.5,2015-01-01,1.0,2
461,52,0.07998476892702022,1,823,16,0.06935738400794578,1,413,1|1,0.07945757773967599,0.07595246877736883,bindi2014_rhyp,4.5,2015-01-01,1.0,2
462,37,-0.15619378443074305,1,823,12,-0.21180147891546752,1,413,1|1,-0.1567209756180873,-0.20520639414604447,bindi2014_rhyp,4.5,2015-01-01,1.0,2
468,34,0.4385227903427521,1,823,9,0.5548102909875656,1,413,1|1,0.43799559915540787,0.5614053757569887,bindi2014_rhyp,4.5,2015-01-01,1.0,2
469,39,0.2631747682947301,1,823,12,0.2965519800358667,1,413,1|1,0.26264757710738584,0.30314706480528975,bindi2014_rhyp,4.5,2015-01-01,1.0,2
470,65,-0.08063354997747862,1,823,17,-0.13798842166850833,1,413,1|1,-0.08116074116482286,-0.13139333689908528,bindi2014_rhyp,4.5,2015-01-01,1.0,2
23,27,-0.12754881504093007,1,820,9,-0.2415563448741299,1,409,1|1,-0.1277251289811925,-0.23991872652277543,bindi2014_rhyp,4.5,2015-01-01,1.0,3
25,38,0.4819909100963267,1,820,5,0.36962431479336816,1,409,1|1,0.4818145961560643,0.37126193314472267,bindi2014_rhyp,4.5,2015-01-01,1.0,3
26,94,0.010388824712989186,1,820,20,0.0001369757809952521,1,409,1|1,0.010212510772726766,0.0017745941323497356,bindi2014_rhyp,4.5,2015-01-01,1.0,3
27,40,-0.1604647480317659,1,820,8,-0.2746525794472672,1,409,1|1,-0.16064106197202835,-0.27301496109591267,bindi2014_rhyp,4.5,2015-01-01,1.0,3
28,38,0.05550798430013748,1,820,10,0.1466056379649575,1,409,1|1,0.05533167035987506,0.148243256316312,bindi2014_rhyp,4.5,2015-01-01,1.0,3
29,43,-0.06328755774830863,1,820,9,-0.08674775659153383,1,409,1|1,-0.06346387168857105,-0.08511013824017935,bindi2014_rhyp,4.5,2015-01-01,1.0,3
30,24,-0.1983728185828122,1,820,7,-0.08046899799701113,1,409,1|1,-0.19854913252307463,-0.07883137964565665,bindi2014_rhyp,4.5,2015-01-01,1.0,3
31,28,-0.05206888312546576,1,820,5,-0.11006936885817997,1,409,1|1,-0.05224519706572818,-0.10843175050682549,bindi2014_rhyp,4.5,2015-01-01,1.0,3
32,26,-1.6250100574387631,1,820,8,-1.6128549971931077,1,409,1|1,-1.6251863713790256,-1.6112173788417532,bindi2014_rhyp,4.5,2015-01-01,1.0,3
35,29,0.05693351508934574,1,820,7,0.07899050196483082,1,409,1|1,0.05675720114908332,0.0806281203161853,bindi2014_rhyp,4.5,2015-01-01,1.0,3
38,23,-0.39089574053029563,1,820,11,-0.38161998649426265,1,409,1|1,-0.39107205447055804,-0.37998236814290814,bindi2014_rhyp,4.5,2015-01-01,1.0,3
39,60,-0.057599737499012815,1,820,19,0.013329021397150698,1,409,1|1,-0.057776051439275236,0.014966639748505182,bindi2014_rhyp,4.5,2015-01-01,1.0,3
45,48,0.20707589543217814,1,820,14,0.2834604053342302,1,409,1|1,0.2068995814919157,0.28509802368558473,bindi2014_rhyp,4.5,2015-01-01,1.0,3
46,21,-0.5230158673299136,1,820,8,-0.13537771506218443,1,409,1|1,-0.523192181270176,-0.13374009671082995,bindi2014_rhyp,4.5,2015-01-01,1.0,3
47,33,0.3898694495770084,1,820,5,0.2849238719371866,1,409,1|1,0.389693135636746,0.2865614902885411,bindi2014_rhyp,4.5,2015-01-01,1.0,3
50,23,0.09053758003472512,1,820,5,0.2913585628554656,1,409,1|1,0.0903612660944627,0.2929961812068201,bindi2014_rhyp,4.5,2015-01-01,1.0,3
54,109,0.01164136795149473,1,820,18,-0.03211116048362628,1,409,1|1,0.011465054011232309,-0.030473542132271794,bindi2014_rhyp,4.5,2015-01-01,1.0,3
55,78,0.11312564866037578,1,820,22,0.17259025861793964,1,409,1|1,0.11294933472011336,0.17422787696929412,bindi2014_rhyp,4.5,2015-01-01,1.0,3
56,60,0.1740799724056193,1,820,18,0.16279157014469212,1,409,1|1,0.17390365846535685,0.1644291884960466,bindi2014_rhyp,4.5,2015-01-01,1.0,3
57,66,-0.372144565146747,1,820,13,-0.33956612498745764,1,409,1|1,-0.3723208790870094,-0.33792850663610313,bindi2014_rhyp,4.5,2015-01-01,1.0,3
58,39,-0.027733062668296005,1,820,6,-0.11683276690878142,1,409,1|1,-0.027909376608558426,-0.11519514855742694,bindi2014_rhyp,4.5,2015-01-01,1.0,3
59,45,-0.13314554399452683,1,820,18,-0.06562987230250467,1,409,1|1,-0.13332185793478926,-0.06399225395115019,bindi2014_rhyp,4.5,2015-01-01,1.0,3
60,75,-0.2087263301946365,1,820,27,-0.14841960456636716,1,409,1|1,-0.20890264413489892,-0.14678198621501268,bindi2014_rhyp,4.5,2015-01-01,1.0,3
61,63,0.029191282949745045,1,820,16,0.09868961230938411,1,409,1|1,0.029014969009482625,0.10032723066073859,bindi2014_rhyp,4.5,2015-01-01,1.0,3
62,57,-0.06315438124495454,1,820,15,-0.02232448211292759,1,409,1|1,-0.06333069518521696,-0.020686863761573106,bindi2014_rhyp,4.5,2015-01-01,1.0,3
66,72,0.060124363285213756,1,820,21,0.11708495977846853,1,409,1|1,0.059948049344951335,0.11872257812982301,bindi2014_rhyp,4.5,2015-01-01,1.0,3
68,15,0.07299884757822406,1,820,6,0.1651221572107637,1,409,1|1,0.07282253363796164,0.16675977556211818,bindi2014_rhyp,4.5,2015-01-01,1.0,3
69,66,0.6118024797065291,1,820,17,0.6925090763381498,1,409,1|1,0.6116261657662667,0.6941466946895043,bindi2014_rhyp,4.5,2015-01-01,1.0,3
70,50,0.6057034028748067,1,820,20,0.6270018839195315,1,409,1|1,0.6055270889345443,0.6286395022708859,bindi2014_rhyp,4.5,2015-01-01,1.0,3
75,26,0.08461743053255333,1,820,5,-0.013602912657308341,1,409,1|1,0.08444111659229091,-0.011965294305953857,bindi2014_rhyp,4.5,2015-01-01,1.0,3
78,30,-0.25520434636120715,1,820,6,-0.1770130709427309,1,409,1|1,-0.25538066030146955,-0.1753754525913764,bindi2014_rhyp,4.5,2015-01-01,1.0,3
79,37,0.05726013484667536,1,820,10,0.19766118418180392,1,409,1|1,0.05708382090641294,0.1992988025331584,bindi2014_rhyp,4.5,2015-01-01,1.0,3
81,119,-0.00393611014918438,1,820,25,-0.023928949471962724,1,409,1|1,-0.004112424089446801,-0.02229133112060824,bindi2014_rhyp,4.5,2015-01-01,1.0,3
84,35,0.2745310306236242,1,820,7,0.3434183787507545,1,409,1|1,0.2743547166833618,0.345055997102109,bindi2014_rhyp,4.5,2015-01-01,1.0,3
85,17,0.14038195298022427,1,820,8,0.23001221525965737,1,409,1|1,0.14020563903996183,0.23164983361101185,bindi2014_rhyp,4.5,2015-01-01,1.0,3
87,59,0.13776251641732934,1,820,14,0.039192647375462186,1,409,1|1,0.1375862024770669,0.04083026572681667,bindi2014_rhyp,4.5,2015-01-01,1.0,3
88,69,-0.025901621656022167,1,820,12,-0.06618947976942885,1,409,1|1,-0.026077935596284588,-0.06455186141807437,bindi2014_rhyp,4.5,2015-01-01,1.0,3
89,114,0.07855067322934517,1,820,34,-0.022266145934744797,1,409,1|1,0.07837435928908275,-0.020628527583390312,bindi2014_rhyp,4.5,2015-01-01,1.0,3
90,57,-0.48929352998598163,1,820,20,-0.435280334367092,1,409,1|1,-0.48946984392624404,-0.4336427160157375,bindi2014_rhyp,4.5,2015-01-01,1.0,3
91,46,-0.2079034977405143,1,820,16,-0.16582485738590125,1,409,1|1,-0.20807981168077674,-0.16418723903454677,bindi2014_rhyp,4.5,2015-01-01,1.0,3
93,59,-0.15166124376102208,1,820,9,-0.30367195598915186,1,409,1|1,-0.15183755770128451,-0.30203433763779736,bindi2014_rhyp,4.5,2015-01-01,1.0,3
95,40,0.31439335723475215,1,820,6,0.22441499179724478,1,409,1|1,0.31421704329448974,0.22605261014859926,bindi2014_rhyp,4.5,2015-01-01,1.0,3
97,30,-0.325189944352523,1,820,5,-0.4753730727024732,1,409,1|1,-0.3253662582927854,-0.4737354543511187,bindi2014_rhyp,4.5,2015-01-01,1.0,3
98,56,-0.18965068422172648,1,820,8,-0.38047005253314903,1,409,1|1,-0.18982699816198892,-0.3788324341817945,bindi2014_rhyp,4.5,2015-01-01,1.0,3
102,118,0.3150172952850409,1,820,25,0.2655391333875945,1,409,1|1,0.3148409813447785,0.267176751738949,bindi2014_rhyp,4.5,2015-01-01,1.0,3
103,81,0.18589530260078407,1,820,20,0.18556044878081193,1,409,1|1,0.18571898866052164,0.1871980671321664,bindi2014_rhyp,4.5,2015-01-01,1.0,3
104,92,-0.4630301636304385,1,820,26,-0.4863449254469969,1,409,1|1,-0.4632064775707009,-0.4847073070956424,bindi2014_rhyp,4.5,2015-01-01,1.0,3
105,39,0.0427994221466369,1,820,8,0.14090004175885187,1,409,1|1,0.04262310820637448,0.14253766011020635,bindi2014_rhyp,4.5,2015-01-01,1.0,3
106,35,-0.06569574914729104,1,820,10,-0.07253949327424486,1,409,1|1,-0.06587206308755346,-0.07090187492289038,bindi2014_rhyp,4.5,2015-01-01,1.0,3
109,30,-0.08328446213140583,1,820,7,0.03016477029465464,1,409,1|1,-0.08346077607166826,0.03180238864600912,bindi2014_rhyp,4.5,2015-01-01,1.0,3
110,24,0.23156427307691135,1,820,7,0.3219909845180389,1,409,1|1,0.23138795913664892,0.32362860286939343,bindi2014_rhyp,4.5,2015-01-01,1.0,3
112,20,0.30166847507772515,1,820,6,0.3601507904037397,1,409,1|1,0.30149216113746274,0.3617884087550942,bindi2014_rhyp,4.5,2015-01-01,1.0,3
113,20,-0.3714586314175018,1,820,6,-0.28199188482203974,1,409,1|1,-0.3716349453577642,-0.28035426647068523,bindi2014_rhyp,4.5,2015-01-01,1.0,3
117,30,0.16076828620826294,1,820,6,0.22424354570463476,1,409,1|1,0.1605919722680005,0.22588116405598924,bindi2014_rhyp,4.5,2015-01-01,1.0,3
118,58,0.0388452196888428,1,820,12,0.17815557386924447,1,409,1|1,0.03866890574858038,0.17979319222059895,bindi2014_rhyp,4.5,2015-01-01,1.0,3
119,38,-0.13780544275805517,1,820,8,-0.08271684415408209,1,409,1|1,-0.1379817566983176,-0.08107922580272761,bindi2014_rhyp,4.5,2015-01-01,1.0,3
120,37,0.10917531276290704,1,820,12,0.20888193399884086,1,409,1|1,0.10899899882264462,0.21051955235019534,bindi2014_rhyp,4.5,2015-01-01,1.0,3
121,19,-0.17719395950320738,1,820,8,-0.09602091572780053,1,409,1|1,-0.1773702734434698,-0.09438329737644605,bindi2014_rhyp,4.5,2015-01-01,1.0,3
122,24,0.07830579492814171,1,820,10,0.10993781160630028,1,409,1|1,0.0781294809878793,0.11157542995765476,bindi2014_rhyp,4.5,2015-01-01,1.0,3
123,19,0.009711591741150438,1,820,7,-0.005401131114916358,1,409,1|1,0.009535277800888017,-0.0037635127635618744,bindi2014_rhyp,4.5,2015-01-01,1.0,3
124,31,-0.26344000379683574,1,820,12,-0.2220626839242742,1,409,1|1,-0.26361631773709815,-0.22042506557291972,bindi2014_rhyp,4.5,2015-01-01,1.0,3
127,43,0.06833976908257466,1,820,13,0.10523653364947944,1,409,1|1,0.06816345514231224,0.10687415200083392,bindi2014_rhyp,4.5,2015-01-01,1.0,3
128,43,-0.14106551274670254,1,820,7,-0.24400650345800012,1,409,1|1,-0.14124182668696497,-0.24236888510664564,bindi2014_rhyp,4.5,2015-01-01,1.0,3
130,74,0.12523334439714773,1,820,22,0.21730175567161794,1,409,1|1,0.1250570304568853,0.21893937402297242,bindi2014_rhyp,4.5,2015-01-01,1.0,3
131,66,-0.12416634648981817,1,820,15,-0.12403500047736804,1,409,1|1,-0.12434266043008059,-0.12239738212601356,bindi2014_rhyp,4.5,2015-01-01,1.0,3
135,42,0.1263562590022529,1,820,8,0.1776355696362103,1,409,1|1,0.12617994506199046,0.17927318798756478,bindi2014_rhyp,4.5,2015-01-01,1.0,3
136,28,-0.19892841546270013,1,820,8,-0.14087815048699748,1,409,1|1,-0.19910472940296256,-0.139240532135643,bindi2014_rhyp,4.5,2015-01-01,1.0,3
137,55,-0.15165807577698198,1,820,9,-0.2251497799912876,1,409,1|1,-0.15183438971724442,-0.22351216163993312,bindi2014_rhyp,4.5,2015-01-01,1.0,3
138,35,-0.3358323679654577,1,820,6,-0.5396092945236892,1,409,1|1,-0.3360086819057201,-0.5379716761723348,bindi2014_rhyp,4.5,2015-01-01,1.0,3
139,34,-0.12623139960502516,1,820,5,-0.0996074676749254,1,409,1|1,-0.1264077135452876,-0.09796984932357092,bindi2014_rhyp,4.5,2015-01-01,1.0,3
141,29,-0.04379158975235431,1,820,8,0.0573196216373974,1,409,1|1,-0.04396790369261673,0.05895723998875188,bindi2014_rhyp,4.5,2015-01-01,1.0,3
142,26,-0.200434586589885,1,820,6,-0.08279014884870373,1,409,1|1,-0.20061090053014743,-0.08115253049734925,bindi2014_rhyp,4.5,2015-01-01,1.0,3
143,21,0.11227744824242064,1,820,5,0.018836172326076983,1,409,1|1,0.11210113430215822,0.020473790677431467,bindi2014_rhyp,4.5,2015-01-01,1.0,3
144,40,0.059509464672800605,1,820,6,-0.12401690415796784,1,409,1|1,0.059333150732538184,-0.12237928580661336,bindi2014_rhyp,4.5,2015-01-01,1.0,3
146,54,-0.4747649892662805,1,820,13,-0.3314038495733572,1,409,1|1,-0.47494130320654293,-0.3297662312220027,bindi2014_rhyp,4.5,2015-01-01,1.0,3
148,26,0.14084144103339247,1,820,10,0.13977707158984373,1,409,1|1,0.14066512709313003,0.1414146899411982,bindi2014_rhyp,4.5,2015-01-01,1.0,3
149,22,-0.1482746170368392,1,820,6,-0.02416742856018883,1,409,1|1,-0.14845093097710163,-0.022529810208834346,bindi2014_rhyp,4.5,2015-01-01,1.0,3
151,36,-0.5209050154881228,1,820,7,-0.5211040360846972,1,409,1|1,-0.5210813294283853,-0.5194664177333428,bindi2014_rhyp,4.5,2015-01-01,1.0,3
152,21,-0.5241428962006599,1,820,10,-0.4017221267825377,1,409,1|1,-0.5243192101409223,-0.4000845084311832,bindi2014_rhyp,4.5,2015-01-01,1.0,3
153,36,-0.040110030329347124,1,820,11,-0.05797493786076324,1,409,1|1,-0.040286344269609545,-0.05633731950940876,bindi2014_rhyp,4.5,2015-01-01,1.0,3
154,63,0.1556468304889861,1,820,20,0.19793395492356478,1,409,1|1,0.15547051654872365,0.19957157327491926,bindi2014_rhyp,4.5,2015-01-01,1.0,3
156,73,-0.07394976050809365,1,820,20,-0.14501761248312106,1,409,1|1,-0.07412607444835607,-0.14337999413176658,bindi2014_rhyp,4.5,2015-01-01,1.0,3
157,23,0.012741310246825122,1,820,7,0.14900388742583928,1,409,1|1,0.0125649963065627,0.15064150577719376,bindi2014_rhyp,4.5,2015-01-01,1.0,3
158,51,-0.2045771232392598,1,820,9,-0.17054419423753908,1,409,1|1,-0.20475343717952224,-0.1689065758861846,bindi2014_rhyp,4.5,2015-01-01,1.0,3
159,25,-0.15629414290439703,1,820,7,-0.12788726302505682,1,409,1|1,-0.15647045684465946,-0.12624964467370234,bindi2014_rhyp,4.5,2015-01-01,1.0,3
161,26,-0.12532860916922017,1,820,5,-0.2346623913775039,1,409,1|1,-0.1255049231094826,-0.2330247730261494,bindi2014_rhyp,4.5,2015-01-01,1.0,3
162,61,0.37790991083151304,1,820,23,0.4584954362183534,1,409,1|1,0.37773359689125063,0.46013305456970793,bindi2014_rhyp,4.5,2015-01-01,1.0,3
163,103,0.6473512736425221,1,820,32,0.6510823750442973,1,409,1|1,0.6471749597022597,0.6527199933956518,bindi2014_rhyp,4.5,2015-01-01,1.0,3
164,65,0.05987192062499258,1,820,21,0.12401431661403642,1,409,1|1,0.05969560668473016,0.1256519349653909,bindi2014_rhyp,4.5,2015-01-01,1.0,3
166,86,-0.17101759004315786,1,820,17,-0.20812415366907389,1,409,1|1,-0.1711939039834203,-0.2064865353177194,bindi2014_rhyp,4.5,2015-01-01,1.0,3
167,37,-0.13694893306968492,1,820,12,-0.22881896660773093,1,409,1|1,-0.13712524700994735,-0.22718134825637645,bindi2014_rhyp,4.5,2015-01-01,1.0,3
168,63,-0.009537790860802198,1,820,14,0.01623176854826175,1,409,1|1,-0.009714104801064619,0.017869386899616233,bindi2014_rhyp,4.5,2015-01-01,1.0,3
169,28,-0.15424334430493514,1,820,10,-0.2213766392231995,1,409,1|1,-0.15441965824519757,-0.21973902087184502,bindi2014_rhyp,4.5,2015-01-01,1.0,3
170,117,-0.45575015696839005,1,820,32,-0.4005046202974192,1,409,1|1,-0.45592647090865246,-0.39886700194606467,bindi2014_rhyp,4.5,2015-01-01,1.0,3
175,23,0.2694612361480547,1,820,8,0.4821292555721294,1,409,1|1,0.26928492220779227,0.4837668739234839,bindi2014_rhyp,4.5,2015-01-01,1.0,3
178,58,-0.30774822566843263,1,820,7,-0.3932646083013903,1,409,1|1,-0.30792453960869504,-0.3916269899500358,bindi2014_rhyp,4.5,2015-01-01,1.0,3
179,27,-0.6195519348491781,1,820,8,-0.5946261278576254,1,409,1|1,-0.6197282487894406,-0.5929885095062709,bindi2014_rhyp,4.5,2015-01-01,1.0,3
181,70,0.3382264742763263,1,820,17,0.24778106384377108,1,409,1|1,0.3380501603360639,0.24941868219512556,bindi2014_rhyp,4.5,2015-01-01,1.0,3
182,56,0.28435166945619,1,820,16,0.3370637432822336,1,409,1|1,0.2841753555159276,0.3387013616335881,bindi2014_rhyp,4.5,2015-01-01,1.0,3
185,44,-0.05081884674127202,1,820,11,0.015981744172055168,1,409,1|1,-0.05099516068153444,0.017619362523409652,bindi2014_rhyp,4.5,2015-01-01,1.0,3
187,19,-0.19254261360307956,1,820,7,-0.13025028955236445,1,409,1|1,-0.192718927543342,-0.12861267120100997,bindi2014_rhyp,4.5,2015-01-01,1.0,3
190,123,0.32631178967193547,1,820,24,0.3372727995146627,1,409,1|1,0.32613547573167306,0.3389104178660172,bindi2014_rhyp,4.5,2015-01-01,1.0,3
191,86,0.15815506849952904,1,820,19,0.17568960608911852,1,409,1|1,0.1579787545592666,0.177327224440473,bindi2014_rhyp,4.5,2015-01-01,1.0,3
193,21,0.0319202435077941,1,820,5,0.04387463612304038,1,409,1|1,0.03174392956753168,0.04551225447439486,bindi2014_rhyp,4.5,2015-01-01,1.0,3
194,92,0.10006138346399607,1,820,24,0.10127631535348858,1,409,1|1,0.09988506952373365,0.10291393370484306,bindi2014_rhyp,4.5,2015-01-01,1.0,3
195,72,-0.3062622087878215,1,820,19,-0.2979692303008413,1,409,1|1,-0.3064385227280839,-0.2963316119494868,bindi2014_rhyp,4.5,2015-01-01,1.0,3
196,82,0.11063112741793846,1,820,18,0.12374250637715578,1,409,1|1,0.11045481347767604,0.12538012472851026,bindi2014_rhyp,4.5,2015-01-01,1.0,3
197,51,-0.0066390074123047205,1,820,15,0.11375228477883897,1,409,1|1,-0.006815321352567141,0.11538990313019346,bindi2014_rhyp,4.5,2015-01-01,1.0,3
198,40,0.6579279075580533,1,820,12,0.5540492397818477,1,409,1|1,0.6577515936177909,0.5556868581332022,bindi2014_rhyp,4.5,2015-01-01,1.0,3
199,70,0.1307776896695056,1,820,22,0.24192690378375806,1,409,1|1,0.13060137572924316,0.24356452213511254,bindi2014_rhyp,4.5,2015-01-01,1.0,3
200,58,-0.26809178457607385,1,820,21,-0.23223947787073362,1,409,1|1,-0.26826809851633626,-0.23060185951937914,bindi2014_rhyp,4.5,2015-01-01,1.0,3
204,37,-0.745765955987793,1,820,13,-0.5982482189384004,1,409,1|1,-0.7459422699280555,-0.596610600587046,bindi2014_rhyp,4.5,2015-01-01,1.0,3
205,87,0.30209330350498714,1,820,27,0.3311022876289875,1,409,1|1,0.30191698956472474,0.33273990598034203,bindi2014_rhyp,4.5,2015-01-01,1.0,3
207,77,-0.3112834776713128,1,820,30,-0.3255630808637814,1,409,1|1,-0.3114597916115752,-0.3239254625124269,bindi2014_rhyp,4.5,2015-01-01,1.0,3
212,47,-0.024498459069584033,1,820,18,0.04244162251255623,1,409,1|1,-0.024674773009846454,0.04407924086391071,bindi2014_rhyp,4.5,2015-01-01,1.0,3
213,37,0.1340375971239841,1,820,11,0.21238269683687605,1,409,1|1,0.13386128318372167,0.21402031518823053,bindi2014_rhyp,4.5,2015-01-01,1.0,3
214,34,-0.19417493413881215,1,820,10,-0.15179675045135566,1,409,1|1,-0.19435124807907458,-0.15015913210000117,bindi2014_rhyp,4.5,2015-01-01,1.0,3
215,17,0.2334358601278927,1,820,5,0.290644782831508,1,409,1|1,0.23325954618763026,0.29228240118286253,bindi2014_rhyp,4.5,2015-01-01,1.0,3
216,73,-0.10765938492915683,1,820,11,-0.12039476860263637,1,409,1|1,-0.10783569886941925,-0.11875715025128189,bindi2014_rhyp,4.5,2015-01-01,1.0,3
217,26,0.003740215718029627,1,820,6,-0.08507099092597031,1,409,1|1,0.003563901777767206,-0.08343337257461583,bindi2014_rhyp,4.5,2015-01-01,1.0,3
218,40,-0.10133691116524035,1,820,8,-0.09720068668770765,1,409,1|1,-0.10151322510550277,-0.09556306833635317,bindi2014_rhyp,4.5,2015-01-01,1.0,3
219,45,0.030175373924986704,1,820,10,-0.01731188184299859,1,409,1|1,0.029999059984724283,-0.015674263491644105,bindi2014_rhyp,4.5,2015-01-01,1.0,3
220,30,-0.028170770224870023,1,820,8,-0.06627147586050619,1,409,1|1,-0.028347084165132444,-0.06463385750915171,bindi2014_rhyp,4.5,2015-01-01,1.0,3
221,60,-0.2075784702576693,1,820,16,-0.22768158225858237,1,409,1|1,-0.20775478419793172,-0.2260439639072279,bindi2014_rhyp,4.5,2015-01-01,1.0,3
222,45,-0.07870209382724791,1,820,9,-0.002556873454335973,1,409,1|1,-0.07887840776751033,-0.0009192551029814893,bindi2014_rhyp,4.5,2015-01-01,1.0,3
223,65,-0.10002477408059751,1,820,10,-0.12663154950620514,1,409,1|1,-0.10020108802085993,-0.12499393115485066,bindi2014_rhyp,4.5,2015-01-01,1.0,3
224,23,-0.17648861750225775,1,820,8,-0.2732981437965596,1,409,1|1,-0.17666493144252018,-0.2716605254452051,bindi2014_rhyp,4.5,2015-01-01,1.0,3
225,66,-0.027012336194262132,1,820,12,-0.15021543249004998,1,409,1|1,-0.027188650134524553,-0.1485778141386955,bindi2014_rhyp,4.5,2015-01-01,1.0,3
226,41,0.24503034091948395,1,820,10,0.279086477730253,1,409,1|1,0.2448540269792215,0.28072409608160753,bindi2014_rhyp,4.5,2015-01-01,1.0,3
227,29,-0.2114837563777553,1,820,9,-0.2442984515217982,1,409,1|1,-0.21166007031801773,-0.2426608331704437,bindi2014_rhyp,4.5,2015-01-01,1.0,3
228,32,-0.17835121356958472,1,820,7,-0.17420957362738476,1,409,1|1,-0.17852752750984716,-0.17257195527603028,bindi2014_rhyp,4.5,2015-01-01,1.0,3
380,54,-0.13964390699615337,1,820,14,-0.1721645339404424,1,409,1|1,-0.1398202209364158,-0.17052691558908792,bindi2014_rhyp,4.5,2015-01-01,1.0,3
382,23,-0.48899346638031116,1,820,5,-0.7839111976171552,1,409,1|1,-0.48916978032057357,-0.7822735792658008,bindi2014_rhyp,4.5,2015-01-01,1.0,3
385,15,0.4491048954851906,1,820,8,0.4849245568922846,1,409,1|1,0.4489285815449282,0.4865621752436391,bindi2014_rhyp,4.5,2015-01-01,1.0,3
387,16,0.04390751693414496,1,820,5,-0.16837565006782473,1,409,1|1,0.04373120299388254,-0.16673803171647025,bindi2014_rhyp,4.5,2015-01-01,1.0,3
388,32,0.12422495437091347,1,820,8,0.00470481663154948,1,409,1|1,0.12404864043065104,0.006342434982903963,bindi2014_rhyp,4.5,2015-01-01,1.0,3
389,36,0.16998754540138267,1,820,11,0.0673422005903056,1,409,1|1,0.16981123146112023,0.06897981894166008,bindi2014_rhyp,4.5,2015-01-01,1.0,3
390,29,-0.04911120183885198,1,820,6,-0.038055614284455475,1,409,1|1,-0.0492875157791144,-0.036417995933100994,bindi2014_rhyp,4.5,2015-01-01,1.0,3
392,18,0.11206308911814661,1,820,6,-0.11452036132841231,1,409,1|1,0.11188677517788419,-0.11288274297705783,bindi2014_rhyp,4.5,2015-01-01,1.0,3
396,45,-0.20955462713174466,1,820,13,-0.3172699455239628,1,409,1|1,-0.2097309410720071,-0.3156323271726083,bindi2014_rhyp,4.5,2015-01-01,1.0,3
397,42,0.23759602690978504,1,820,12,0.2439383144928175,1,409,1|1,0.2374197129695226,0.24557593284417198,bindi2014_rhyp,4.5,2015-01-01,1.0,3
399,16,-0.17435119534869437,1,820,9,0.07541077067096619,1,409,1|1,-0.1745275092889568,0.07704838902232067,bindi2014_rhyp,4.5,2015-01-01,1.0,3
402,18,0.6040638047067342,1,820,5,0.5777913386846926,1,409,1|1,0.6038874907664717,0.579428957036047,bindi2014_rhyp,4.5,2015-01-01,1.0,3
406,37,0.008123816082922009,1,820,11,-0.22623864749139666,1,409,1|1,0.007947502142659588,-0.22460102914004218,bindi2014_rhyp,4.5,2015-01-01,1.0,3
411,51,0.006755511628977917,1,820,15,-0.08256068424706065,1,409,1|1,0.006579197688715496,-0.08092306589570616,bindi2014_rhyp,4.5,2015-01-01,1.0,3
413,51,-0.0970111954327092,1,820,17,-0.18420491339541978,1,409,1|1,-0.09718750937297162,-0.1825672950440653,bindi2014_rhyp,4.5,2015-01-01,1.0,3
415,67,0.039114087307900225,1,820,23,-0.0022530717668326483,1,409,1|1,0.038937773367637804,-0.0006154534154781649,bindi2014_rhyp,4.5,2015-01-01,1.0,3
417,74,-0.1738527709691785,1,820,18,-0.2265750177360869,1,409,1|1,-0.17402908490944094,-0.22493739938473242,bindi2014_rhyp,4.5,2015-01-01,1.0,3
418,58,0.2016758283331202,1,820,15,0.14673804397927545,1,409,1|1,0.20149951439285776,0.14837566233062993,bindi2014_rhyp,4.5,2015-01-01,1.0,3
419,45,0.1659219164272464,1,820,13,0.059527723224289675,1,409,1|1,0.16574560248698397,0.061165341575644155,bindi2014_rhyp,4.5,2015-01-01,1.0,3
420,19,0.06030761998190359,1,820,6,-0.06062948970518711,1,409,1|1,0.06013130604164117,-0.05899187135383263,bindi2014_rhyp,4.5,2015-01-01,1.0,3
427,22,0.06329472657165958,1,820,6,0.02210587958174176,1,409,1|1,0.06311841263139716,0.023743497933096245,bindi2014_rhyp,4.5,2015-01-01,1.0,3
428,26,-0.07269340339767139,1,820,5,-0.2676300183031026,1,409,1|1,-0.0728697173379338,-0.2659923999517481,bindi2014_rhyp,4.5,2015-01-01,1.0,3
429,21,0.003014905516579458,1,820,6,0.053254719696562036,1,409,1|1,0.002838591576317037,0.05489233804791652,bindi2014_rhyp,4.5,2015-01-01,1.0,3
431,24,-0.5140544903202234,1,820,7,-0.6313934099818941,1,409,1|1,-0.5142308042604858,-0.6297557916305396,bindi2014_rhyp,4.5,2015-01-01,1.0,3
434,15,0.49144006390105366,1,820,8,0.6548190534987491,1,409,1|1,0.49126374996079125,0.6564566718501036,bindi2014_rhyp,4.5,2015-01-01,1.0,3
435,22,-0.09913805475382242,1,820,6,-0.23082145744971272,1,409,1|1,-0.09931436869408485,-0.22918383909835824,bindi2014_rhyp,4.5,2015-01-01,1.0,3
436,28,0.39186414597345576,1,820,10,0.31328459724746516,1,409,1|1,0.39168783203319335,0.31492221559881967,bindi2014_rhyp,4.5,2015-01-01,1.0,3
441,33,-0.06576974913312783,1,820,15,-0.18280243197799417,1,409,1|1,-0.06594606307339025,-0.1811648136266397,bindi2014_rhyp,4.5,2015-01-01,1.0,3
443,24,0.2738508473133679,1,820,5,0.23264393005320325,1,409,1|1,0.2736745333731055,0.23428154840455773,bindi2014_rhyp,4.5,2015-01-01,1.0,3
444,17,-0.18132701836286114,1,820,5,-0.23322760429685707,1,409,1|1,-0.18150333230312357,-0.2315899859455026,bindi2014_rhyp,4.5,2015-01-01,1.0,3
448,53,0.13053311584326288,1,820,20,-0.015758437863325536,1,409,1|1,0.13035680190300045,-0.014120819511971052,bindi2014_rhyp,4.5,2015-01-01,1.0,3
449,32,0.0382554315870266,1,820,10,-0.07785572612940489,1,409,1|1,0.03807911764676418,-0.07621810777805041,bindi2014_rhyp,4.5,2015-01-01,1.0,3
450,44,0.33604921552835687,1,820,10,0.2539142952884502,1,409,1|1,0.33587290158809446,0.25555191363980473,bindi2014_rhyp,4.5,2015-01-01,1.0,3
456,36,-0.08652334677337481,1,820,13,-0.278009926040511,1,409,1|1,-0.08669966071363723,-0.2763723076891565,bindi2014_rhyp,4.5,2015-01-01,1.0,3
460,49,0.38193025732392005,1,820,17,0.2835921734846727,1,409,1|1,0.38175394338365765,0.2852297918360272,bindi2014_rhyp,4.5,2015-01-01,1.0,3
461,52,0.1019429649033402,1,820,16,-0.026432709174049662,1,409,1|1,0.10176665096307778,-0.024795090822695178,bindi2014_rhyp,4.5,2015-01-01,1.0,3
462,38,-0.14065275047601067,1,820,11,-0.29826513759647433,1,409,1|1,-0.1408290644162731,-0.2966275192451198,bindi2014_rhyp,4.5,2015-01-01,1.0,3
466,16,0.17664568290116034,1,820,8,0.2601701403626723,1,409,1|1,0.1764693689608979,0.2618077587140268,bindi2014_rhyp,4.5,2015-01-01,1.0,3
468,36,0.4925783211620989,1,820,7,0.3120454727335622,1,409,1|1,0.49240200722183647,0.3136830910849167,bindi2014_rhyp,4.5,2015-01-01,1.0,3
469,39,0.27952808058641704,1,820,12,0.224765549296758,1,409,1|1,0.27935176664615463,0.22640316764811247,bindi2014_rhyp,4.5,2015-01-01,1.0,3
470,58,-0.10367432185244929,1,820,24,-0.0918249722726604,1,409,1|1,-0.10385063579271171,-0.09018735392130592,bindi2014_rhyp,4.5,2015-01-01,1.0,3
23,29,-0.20419261602042127,1,798,7,-0.013871321539856263,0,446,1|0,-0.19259303093995425,-0.018899828862647253,bindi2014_rhyp,4.5,2015-01-01,1.0,4
25,31,0.4086983174173043,1,798,12,0.6057677748732665,0,446,1|0,0.42029790249777127,0.6007392675504755,bindi2014_rhyp,4.5,2015-01-01,1.0,4
26,88,-0.008862749099096345,1,798,26,0.02292742568516526,0,446,1|0,0.00273683598137066,0.01789891836237427,bindi2014_rhyp,4.5,2015-01-01,1.0,4
27,39,-0.2121941394199791,1,798,9,-0.08877127307587729,0,446,1|0,-0.2005945543395121,-0.09379978039866828,bindi2014_rhyp,4.5,2015-01-01,1.0,4
28,41,0.06468033473306656,1,798,7,0.19426873822736712,0,446,1|0,0.07627991981353356,0.18924023090457615,bindi2014_rhyp,4.5,2015-01-01,1.0,4
29,44,-0.06041022237632482,1,798,8,-0.04008083171451304,0,446,1|0,-0.048810637295857814,-0.04510933903730403,bindi2014_rhyp,4.5,2015-01-01,1.0,4
30,22,-0.18252678606659434,1,798,9,-0.13495133182334307,0,446,1|0,-0.17092720098612732,-0.13997983914613404,bindi2014_rhyp,4.5,2015-01-01,1.0,4
31,25,-0.056383149248464104,1,798,8,-0.11106461880258589,0,446,1|0,-0.0447835641679971,-0.11609312612537688,bindi2014_rhyp,4.5,2015-01-01,1.0,4
35,29,0.06681466827852722,1,798,7,0.013272409116787398,0,446,1|0,0.07841425335899423,0.00824390179399641,bindi2014_rhyp,4.5,2015-01-01,1.0,4
39,72,-0.031033354535547564,1,798,7,-0.021208833118641524,0,446,1|0,-0.01943376945508056,-0.026237340441432513,bindi2014_rhyp,4.5,2015-01-01,1.0,4
45,56,0.23243168151018545,1,798,6,0.2674276005623816,0,446,1|0,0.24403126659065247,0.2623990932395906,bindi2014_rhyp,4.5,2015-01-01,1.0,4
47,27,0.30000021673810384,1,798,11,0.5477783381479457,0,446,1|0,0.31159980181857083,0.5427498308251547,bindi2014_rhyp,4.5,2015-01-01,1.0,4
49,16,-0.07898097309089391,1,798,7,-0.1475857278748891,0,446,1|0,-0.06738138801042691,-0.15261423519768008,bindi2014_rhyp,4.5,2015-01-01,1.0,4
50,23,0.15647176988295275,1,798,5,-0.039752382496450855,0,446,1|0,0.16807135496341977,-0.044780889819241845,bindi2014_rhyp,4.5,2015-01-01,1.0,4
52,26,0.25658164690595064,1,798,7,0.1487080929715937,0,446,1|0,0.26818123198641763,0.14367958564880273,bindi2014_rhyp,4.5,2015-01-01,1.0,4
54,97,-0.019562609430146094,1,798,30,0.041875334235769945,0,446,1|0,-0.007963024349679089,0.036846826912978956,bindi2014_rhyp,4.5,2015-01-01,1.0,4
55,88,0.14259880096877703,1,798,12,0.10399523406472988,0,446,1|0,0.15419838604924405,0.09896672674193889,bindi2014_rhyp,4.5,2015-01-01,1.0,4
56,65,0.17552754144346516,1,798,13,0.10803647365591962,0,446,1|0,0.18712712652393218,0.10300796633312863,bindi2014_rhyp,4.5,2015-01-01,1.0,4
57,56,-0.3986542455129861,1,798,23,-0.30968796700539836,0,446,1|0,-0.3870546604325191,-0.31471647432818933,bindi2014_rhyp,4.5,2015-01-01,1.0,4
58,34,-0.09562879509674027,1,798,11,0.10466175188560889,0,446,1|0,-0.08402921001627327,0.0996332445628179,bindi2014_rhyp,4.5,2015-01-01,1.0,4
59,58,-0.09343597078647992,1,798,5,-0.32667467973681374,0,446,1|0,-0.08183638570601291,-0.3317031870596047,bindi2014_rhyp,4.5,2015-01-01,1.0,4
60,88,-0.19663416046864024,1,798,14,-0.11503850885706701,0,446,1|0,-0.18503457538817322,-0.120067016179858,bindi2014_rhyp,4.5,2015-01-01,1.0,4
61,73,0.05461796924381451,1,798,6,0.06230333027148183,0,446,1|0,0.06621755432428152,0.05727482294869084,bindi2014_rhyp,4.5,2015-01-01,1.0,4
62,66,-0.04604966140233557,1,798,6,0.0005977057023579535,0,446,1|0,-0.03445007632186857,-0.004430801620433035,bindi2014_rhyp,4.5,2015-01-01,1.0,4
65,25,-0.41293679276932826,1,798,10,-0.42849581213657884,0,446,1|0,-0.4013372076888613,-0.4335243194593698,bindi2014_rhyp,4.5,2015-01-01,1.0,4
66,81,0.09454556601690839,1,798,12,0.016384128826445465,0,446,1|0,0.10614515109737539,0.011355621503654477,bindi2014_rhyp,4.5,2015-01-01,1.0,4
67,15,-0.48134385762365994,1,798,10,-0.2820351209006199,0,446,1|0,-0.46974427254319295,-0.28706362822341086,bindi2014_rhyp,4.5,2015-01-01,1.0,4
69,70,0.6562874266784819,1,798,13,0.5558050721166989,0,446,1|0,0.6678870117589489,0.5507765647939079,bindi2014_rhyp,4.5,2015-01-01,1.0,4
70,62,0.6259288248128505,1,798,8,0.5762093748995609,0,446,1|0,0.6375284098933175,0.5711808675767699,bindi2014_rhyp,4.5,2015-01-01,1.0,4
72,18,-0.24552570843773258,1,798,11,-0.22661373176422828,0,446,1|0,-0.23392612335726556,-0.23164223908701925,bindi2014_rhyp,4.5,2015-01-01,1.0,4
73,23,-0.1879915408121886,1,798,10,-0.05329593239941055,0,446,1|0,-0.1763919557317216,-0.05832443972220154,bindi2014_rhyp,4.5,2015-01-01,1.0,4
74,24,-0.21085472984298226,1,798,10,-0.16537572836721703,0,446,1|0,-0.19925514476251524,-0.170404235690008,bindi2014_rhyp,4.5,2015-01-01,1.0,4
75,24,0.05206855155815138,1,798,7,0.10721005503968684,0,446,1|0,0.06366813663861838,0.10218154771689585,bindi2014_rhyp,4.5,2015-01-01,1.0,4
76,25,0.22654217153984715,1,798,9,0.43683922598056185,0,446,1|0,0.23814175662031417,0.4318107186577709,bindi2014_rhyp,4.5,2015-01-01,1.0,4
80,15,0.06350730871584753,1,798,9,0.004548654865331403,0,446,1|0,0.07510689379631454,-0.0004798524574595852,bindi2014_rhyp,4.5,2015-01-01,1.0,4
81,112,-0.033830625747360565,1,798,32,0.04282697781268574,0,446,1|0,-0.02223104066689356,0.03779847048989475,bindi2014_rhyp,4.5,2015-01-01,1.0,4
83,15,-0.12463860400421689,1,798,6,-0.10756068766874383,0,446,1|0,-0.11303901892374989,-0.11258919499153482,bindi2014_rhyp,4.5,2015-01-01,1.0,4
84,35,0.3162652740740757,1,798,7,0.13394378113750527,0,446,1|0,0.32786485915454266,0.1289152738147143,bindi2014_rhyp,4.5,2015-01-01,1.0,4
87,58,0.12475620842399171,1,798,15,0.052870329520248616,0,446,1|0,0.13635579350445873,0.047841822197457626,bindi2014_rhyp,4.5,2015-01-01,1.0,4
88,57,-0.08471293184811901,1,798,24,0.05947995354555213,0,446,1|0,-0.07311334676765201,0.05445144622276114,bindi2014_rhyp,4.5,2015-01-01,1.0,4
89,122,0.07459738315489461,1,798,26,0.008284590544673454,0,446,1|0,0.08619696823536162,0.0032560832218824654,bindi2014_rhyp,4.5,2015-01-01,1.0,4
90,65,-0.4740633541889452,1,798,12,-0.41294906627852634,0,446,1|0,-0.4624637691084782,-0.4179775736013173,bindi2014_rhyp,4.5,2015-01-01,1.0,4
91,56,-0.19005006900820154,1,798,6,-0.16521709266670126,0,446,1|0,-0.17845048392773452,-0.17024559998949224,bindi2014_rhyp,4.5,2015-01-01,1.0,4
93,49,-0.18930074269144337,1,798,19,-0.1476057682230143,0,446,1|0,-0.17770115761097635,-0.15263427554580528,bindi2014_rhyp,4.5,2015-01-01,1.0,4
94,25,0.34014595227994915,1,798,12,0.4430428402770724,0,446,1|0,0.35174553736041614,0.43801433295428144,bindi2014_rhyp,4.5,2015-01-01,1.0,4
95,33,0.24466032209957678,1,798,13,0.42615786656238913,0,446,1|0,0.25625990718004377,0.42112935923959816,bindi2014_rhyp,4.5,2015-01-01,1.0,4
97,27,-0.349703804311138,1,798,8,-0.34198244304747305,0,446,1|0,-0.338104219230671,-0.347010950370264,bindi2014_rhyp,4.5,2015-01-01,1.0,4
98,41,-0.27986074284904183,1,798,23,-0.10681875021651754,0,446,1|0,-0.26826115776857484,-0.11184725753930853,bindi2014_rhyp,4.5,2015-01-01,1.0,4
102,110,0.2738924622255007,1,798,33,0.3733032039540864,0,446,1|0,0.28549204730596767,0.3682746966312954,bindi2014_rhyp,4.5,2015-01-01,1.0,4
103,85,0.2117372529361785,1,798,16,0.07141585849003151,0,446,1|0,0.22333683801664553,0.06638735116724052,bindi2014_rhyp,4.5,2015-01-01,1.0,4
104,98,-0.46111100398729643,1,798,20,-0.44961449551930144,0,446,1|0,-0.44951141890682944,-0.4546430028420924,bindi2014_rhyp,4.5,2015-01-01,1.0,4
105,37,0.07902138500934441,1,798,10,-0.02163692401431261,0,446,1|0,0.09062097008981142,-0.0266654313371036,bindi2014_rhyp,4.5,2015-01-01,1.0,4
106,37,-0.08723073226169564,1,798,8,-0.016882947929652392,0,446,1|0,-0.07563114718122864,-0.021911455252443382,bindi2014_rhyp,4.5,2015-01-01,1.0,4
108,16,-0.05681144561644952,1,798,7,-0.07231729277893462,0,446,1|0,-0.045211860535982515,-0.0773458001017256,bindi2014_rhyp,4.5,2015-01-01,1.0,4
110,26,0.231176721711059,1,798,5,0.32415455571745194,0,446,1|0,0.242776306791526,0.31912604839466097,bindi2014_rhyp,4.5,2015-01-01,1.0,4
114,16,0.013825615263290625,1,798,8,0.0035661396587107763,0,446,1|0,0.02542520034375763,-0.0014623676640802118,bindi2014_rhyp,4.5,2015-01-01,1.0,4
115,30,0.060741614587880355,1,798,15,0.029359802979797234,0,446,1|0,0.07234119966834736,0.024331295657006244,bindi2014_rhyp,4.5,2015-01-01,1.0,4
116,15,0.3733578956462719,1,798,9,0.4627883585788938,0,446,1|0,0.3849574807267389,0.4577598512561028,bindi2014_rhyp,4.5,2015-01-01,1.0,4
117,27,0.15445962945022407,1,798,9,0.20635196328511496,0,446,1|0,0.16605921453069108,0.20132345596232398,bindi2014_rhyp,4.5,2015-01-01,1.0,4
118,57,0.07265391906199714,1,798,13,0.05951842881855518,0,446,1|0,0.08425350414246414,0.05448992149576419,bindi2014_rhyp,4.5,2015-01-01,1.0,4
119,41,-0.10405066954809294,1,798,5,-0.23408915649272133,0,446,1|0,-0.09245108446762594,-0.2391176638155123,bindi2014_rhyp,4.5,2015-01-01,1.0,4
120,42,0.13429227701500934,1,798,7,0.19853446796476626,0,446,1|0,0.14589186209547636,0.19350596064197528,bindi2014_rhyp,4.5,2015-01-01,1.0,4
121,22,-0.1723562352698964,1,798,5,-0.021113192536052483,0,446,1|0,-0.1607566501894294,-0.026141699858843473,bindi2014_rhyp,4.5,2015-01-01,1.0,4
122,27,0.06190255495773589,1,798,7,0.23597552685300532,0,446,1|0,0.07350214003820289,0.23094701953021435,bindi2014_rhyp,4.5,2015-01-01,1.0,4
123,20,-0.03270656911548386,1,798,6,0.18602767350699256,0,446,1|0,-0.02110698403501686,0.1809991661842016,bindi2014_rhyp,4.5,2015-01-01,1.0,4
126,21,0.04276347597327029,1,798,7,0.07597805340508446,0,446,1|0,0.0543630610537373,0.07094954608229347,bindi2014_rhyp,4.5,2015-01-01,1.0,4
127,49,0.0947987716756068,1,798,7,0.027500928973243854,0,446,1|0,0.1063983567560738,0.022472421650452865,bindi2014_rhyp,4.5,2015-01-01,1.0,4
128,41,-0.1556215987909847,1,798,9,-0.17137229325245518,0,446,1|0,-0.14402201371051768,-0.17640080057524615,bindi2014_rhyp,4.5,2015-01-01,1.0,4
130,84,0.1604223704479396,1,798,12,0.13949190280098145,0,446,1|0,0.17202195552840663,0.13446339547819047,bindi2014_rhyp,4.5,2015-01-01,1.0,4
131,62,-0.1183622118313864,1,798,19,-0.15255116221171272,0,446,1|0,-0.1067626267509194,-0.1575796695345037,bindi2014_rhyp,4.5,2015-01-01,1.0,4
134,21,-0.3641998333980807,1,798,8,-0.2927345151515862,0,446,1|0,-0.3526002483176137,-0.2977630224743772,bindi2014_rhyp,4.5,2015-01-01,1.0,4
135,41,0.156220948706218,1,798,9,0.03489581185304469,0,446,1|0,0.16782053378668502,0.0298673045302537,bindi2014_rhyp,4.5,2015-01-01,1.0,4
136,30,-0.17814400384165763,1,798,6,-0.2639614886097216,0,446,1|0,-0.1665444187611906,-0.26898999593251255,bindi2014_rhyp,4.5,2015-01-01,1.0,4
137,44,-0.15561796657163518,1,798,20,-0.18574292146315974,0,446,1|0,-0.14401838149116816,-0.19077142878595071,bindi2014_rhyp,4.5,2015-01-01,1.0,4
138,29,-0.37308625811671614,1,798,12,-0.35939446419170784,0,446,1|0,-0.36148667303624915,-0.3644229715144988,bindi2014_rhyp,4.5,2015-01-01,1.0,4
139,28,-0.1520084757137813,1,798,11,-0.07578317240143562,0,446,1|0,-0.14040889063331427,-0.0808116797242266,bindi2014_rhyp,4.5,2015-01-01,1.0,4
143,20,0.10534263238239455,1,798,6,0.03723769007217392,0,446,1|0,0.11694221746286156,0.032209182749382934,bindi2014_rhyp,4.5,2015-01-01,1.0,4
144,36,0.02030737855425946,1,798,10,0.04666361026947585,0,446,1|0,0.03190696363472646,0.04163510294668486,bindi2014_rhyp,4.5,2015-01-01,1.0,4
146,60,-0.41248535354499194,1,798,7,-0.6518638453603257,0,446,1|0,-0.40088576846452495,-0.6568923526831167,bindi2014_rhyp,4.5,2015-01-01,1.0,4
149,20,-0.11265341307885701,1,798,8,-0.09862528273014004,0,446,1|0,-0.10105382799839001,-0.10365379005293103,bindi2014_rhyp,4.5,2015-01-01,1.0,4
151,37,-0.5689872901968736,1,798,6,-0.3516193643720432,0,446,1|0,-0.5573877051164066,-0.3566478716948342,bindi2014_rhyp,4.5,2015-01-01,1.0,4
154,72,0.1765586182566674,1,798,11,0.16046495629930424,0,446,1|0,0.18815820333713443,0.15543644897651326,bindi2014_rhyp,4.5,2015-01-01,1.0,4
156,72,-0.11541754880965782,1,798,21,-0.027829412267978082,0,446,1|0,-0.10381796372919082,-0.03285791959076907,bindi2014_rhyp,4.5,2015-01-01,1.0,4
158,44,-0.17792509944428336,1,798,16,-0.272623698964502,0,446,1|0,-0.16632551436381635,-0.277652206287293,bindi2014_rhyp,4.5,2015-01-01,1.0,4
161,25,-0.14141301444330567,1,798,6,-0.19995031876979796,0,446,1|0,-0.12981342936283866,-0.20497882609258894,bindi2014_rhyp,4.5,2015-01-01,1.0,4
162,73,0.4036799599269593,1,798,11,0.43667701405849757,0,446,1|0,0.4152795450074263,0.4316485067357066,bindi2014_rhyp,4.5,2015-01-01,1.0,4
163,117,0.6491733880869719,1,798,18,0.7186717045096258,0,446,1|0,0.6607729731674389,0.7136431971868348,bindi2014_rhyp,4.5,2015-01-01,1.0,4
164,75,0.08288212963308311,1,798,11,0.08912241569349899,0,446,1|0,0.09448171471355012,0.084093908370708,bindi2014_rhyp,4.5,2015-01-01,1.0,4
165,18,-0.1287211013352485,1,798,5,-0.16602008862280138,0,446,1|0,-0.1171215162547815,-0.17104859594559235,bindi2014_rhyp,4.5,2015-01-01,1.0,4
166,75,-0.20976939965456698,1,798,28,-0.11538574483707287,0,446,1|0,-0.19816981457409996,-0.12041425215986386,bindi2014_rhyp,4.5,2015-01-01,1.0,4
167,40,-0.15942374672200765,1,798,9,-0.13588194897159644,0,446,1|0,-0.14782416164154064,-0.14091045629438742,bindi2014_rhyp,4.5,2015-01-01,1.0,4
168,63,0.0009560946366855005,1,798,14,0.026877134297102923,0,446,1|0,0.012555679717152506,0.021848626974311933,bindi2014_rhyp,4.5,2015-01-01,1.0,4
169,29,-0.20329617540255052,1,798,9,-0.08516862693289595,0,446,1|0,-0.1916965903220835,-0.09019713425568694,bindi2014_rhyp,4.5,2015-01-01,1.0,4
170,123,-0.4245535512021543,1,798,26,-0.49195581992874693,0,446,1|0,-0.41295396612168733,-0.4969843272515379,bindi2014_rhyp,4.5,2015-01-01,1.0,4
175,24,0.42672328797637965,1,798,7,-0.010387342603807914,0,446,1|0,0.43832287305684664,-0.015415849926598902,bindi2014_rhyp,4.5,2015-01-01,1.0,4
176,16,-0.47810771436498245,1,798,6,-0.5443083736719606,0,446,1|0,-0.46650812928451546,-0.5493368809947516,bindi2014_rhyp,4.5,2015-01-01,1.0,4
178,50,-0.31179114755787374,1,798,15,-0.3581496289257339,0,446,1|0,-0.30019156247740675,-0.36317813624852485,bindi2014_rhyp,4.5,2015-01-01,1.0,4
179,29,-0.594207681478434,1,798,6,-0.7238144509119896,0,446,1|0,-0.582608096397967,-0.7288429582347806,bindi2014_rhyp,4.5,2015-01-01,1.0,4
181,70,0.2826816589876239,1,798,17,0.41147370382346005,0,446,1|0,0.29428124406809086,0.40644519650066907,bindi2014_rhyp,4.5,2015-01-01,1.0,4
182,61,0.3056331569099562,1,798,11,0.31329428901360634,0,446,1|0,0.3172327419904232,0.30826578169081537,bindi2014_rhyp,4.5,2015-01-01,1.0,4
185,47,-0.017239963309077733,1,798,8,-0.16005798021794715,0,446,1|0,-0.005640378228610727,-0.16508648754073812,bindi2014_rhyp,4.5,2015-01-01,1.0,4
187,20,-0.1574660830673016,1,798,6,-0.25327171956087957,0,446,1|0,-0.14586649798683457,-0.25830022688367055,bindi2014_rhyp,4.5,2015-01-01,1.0,4
190,115,0.3045363762384427,1,798,32,0.3673372638850395,0,446,1|0,0.3161359613189097,0.36230875656224854,bindi2014_rhyp,4.5,2015-01-01,1.0,4
191,87,0.1404778457318278,1,798,18,0.19225283722963782,0,446,1|0,0.15207743081229483,0.18722432990684684,bindi2014_rhyp,4.5,2015-01-01,1.0,4
193,18,-0.00027016875914348537,1,798,8,0.06816524938556434,0,446,1|0,0.01132941632132352,0.06313674206277335,bindi2014_rhyp,4.5,2015-01-01,1.0,4
194,96,0.1200148945611687,1,798,20,0.02486059574193722,0,446,1|0,0.13161447964163572,0.01983208841914623,bindi2014_rhyp,4.5,2015-01-01,1.0,4
195,75,-0.31550416723219665,1,798,16,-0.22295768377101954,0,446,1|0,-0.30390458215172966,-0.22798619109381052,bindi2014_rhyp,4.5,2015-01-01,1.0,4
196,82,0.09425740291742996,1,798,18,0.12486696310781353,0,446,1|0,0.10585698799789696,0.11983845578502254,bindi2014_rhyp,4.5,2015-01-01,1.0,4
197,53,0.02444147773842792,1,798,13,0.03851256576919704,0,446,1|0,0.03604106281889492,0.03348405844640605,bindi2014_rhyp,4.5,2015-01-01,1.0,4
198,45,0.6239613199181203,1,798,7,0.774498657550614,0,446,1|0,0.6355609049985873,0.769470150227823,bindi2014_rhyp,4.5,2015-01-01,1.0,4
199,83,0.1747253646036925,1,798,9,0.10926243221993093,0,446,1|0,0.18632494968415952,0.10423392489713994,bindi2014_rhyp,4.5,2015-01-01,1.0,4
200,68,-0.24519078502614233,1,798,11,-0.26442339245843616,0,446,1|0,-0.23359119994567532,-0.26945189978122713,bindi2014_rhyp,4.5,2015-01-01,1.0,4
201,30,-0.051684874216650745,1,798,9,0.15963557772176518,0,446,1|0,-0.04008528913618374,0.1546070703989742,bindi2014_rhyp,4.5,2015-01-01,1.0,4
202,23,-0.5234062154733683,1,798,11,-0.5724411025449055,0,446,1|0,-0.5118066303929013,-0.5774696098676966,bindi2014_rhyp,4.5,2015-01-01,1.0,4
204,41,-0.6836878751348728,1,798,9,-0.7716069762808239,0,446,1|0,-0.6720882900544058,-0.7766354836036149,bindi2014_rhyp,4.5,2015-01-01,1.0,4
205,98,0.33158187660187644,1,798,16,0.2507390496491434,0,446,1|0,0.3431814616823434,0.24571054232635242,bindi2014_rhyp,4.5,2015-01-01,1.0,4
207,87,-0.30938476921308733,1,798,20,-0.3110696418993023,0,446,1|0,-0.29778518413262034,-0.3160981492220933,bindi2014_rhyp,4.5,2015-01-01,1.0,4
208,21,-0.033830385644308736,1,798,5,0.0595771441124735,0,446,1|0,-0.022230800563841732,0.05454863678968251,bindi2014_rhyp,4.5,2015-01-01,1.0,4
212,52,0.02556721790931532,1,798,13,-0.12872599885313107,0,446,1|0,0.037166802989782324,-0.13375450617592205,bindi2014_rhyp,4.5,2015-01-01,1.0,4
213,39,0.13647042304321488,1,798,9,0.16405544201862532,0,446,1|0,0.1480700081236819,0.15902693469583434,bindi2014_rhyp,4.5,2015-01-01,1.0,4
215,17,0.23836475210840977,1,798,5,0.24955212143994876,0,446,1|0,0.24996433718887678,0.24452361411715778,bindi2014_rhyp,4.5,2015-01-01,1.0,4
216,63,-0.13624274476968368,1,798,21,-0.049134316791365706,0,446,1|0,-0.12464315968921667,-0.054162824114156696,bindi2014_rhyp,4.5,2015-01-01,1.0,4
217,27,-0.02661341533195294,1,798,5,0.019137286941436793,0,446,1|0,-0.015013830251485933,0.014108779618645805,bindi2014_rhyp,4.5,2015-01-01,1.0,4
218,37,-0.1326118082394686,1,798,11,-0.02999374721549697,0,446,1|0,-0.1210122231590016,-0.03502225453828796,bindi2014_rhyp,4.5,2015-01-01,1.0,4
219,44,0.009066727183256518,1,798,11,0.027910341606302236,0,446,1|0,0.02066631226372352,0.022881834283511246,bindi2014_rhyp,4.5,2015-01-01,1.0,4
220,30,-0.06978691324583652,1,798,8,0.03302088637504752,0,446,1|0,-0.05818732816536952,0.02799237905225653,bindi2014_rhyp,4.5,2015-01-01,1.0,4
221,63,-0.19670866154258893,1,798,13,-0.2865663676003335,0,446,1|0,-0.1851090764621219,-0.29159487492312447,bindi2014_rhyp,4.5,2015-01-01,1.0,4
222,42,-0.11335353172449203,1,798,12,0.06100680235246736,0,446,1|0,-0.10175394664402503,0.05597829502967637,bindi2014_rhyp,4.5,2015-01-01,1.0,4
223,56,-0.13410824336763372,1,798,19,-0.03976562111214543,0,446,1|0,-0.12250865828716671,-0.04479412843493642,bindi2014_rhyp,4.5,2015-01-01,1.0,4
224,26,-0.2265215710760765,1,798,5,-0.11953789753165378,0,446,1|0,-0.2149219859956095,-0.12456640485444477,bindi2014_rhyp,4.5,2015-01-01,1.0,4
225,58,-0.08360755824304095,1,798,20,0.04915160791865647,0,446,1|0,-0.07200797316257394,0.04412310059586548,bindi2014_rhyp,4.5,2015-01-01,1.0,4
226,41,0.22737129930959504,1,798,10,0.31085062534471664,0,446,1|0,0.23897088439006206,0.30582211802192566,bindi2014_rhyp,4.5,2015-01-01,1.0,4
227,30,-0.215952584512211,1,798,8,-0.2779050859776794,0,446,1|0,-0.20435299943174398,-0.28293359330047035,bindi2014_rhyp,4.5,2015-01-01,1.0,4
228,33,-0.20040432687914744,1,798,6,-0.1050802504219408,0,446,1|0,-0.18880474179868043,-0.11010875774473179,bindi2014_rhyp,4.5,2015-01-01,1.0,4
380,57,-0.12080489684273932,1,798,11,-0.24911720747805466,0,446,1|0,-0.10920531176227231,-0.25414571480084563,bindi2014_rhyp,4.5,2015-01-01,1.0,4
388,33,0.08522122434370921,1,798,7,0.16190473886596046,0,446,1|0,0.09682080942417622,0.1568762315431695,bindi2014_rhyp,4.5,2015-01-01,1.0,4
389,40,0.17438436284020034,1,798,7,0.03159154224837002,0,446,1|0,0.18598394792066736,0.02656303492557903,bindi2014_rhyp,4.5,2015-01-01,1.0,4
390,29,-0.02239342847110254,1,798,6,-0.15739036000840134,0,446,1|0,-0.010793843390635533,-0.16241886733119232,bindi2014_rhyp,4.5,2015-01-01,1.0,4
396,48,-0.2518385596628383,1,798,10,-0.07164523188841432,0,446,1|0,-0.24023897458237128,-0.07667373921120531,bindi2014_rhyp,4.5,2015-01-01,1.0,4
397,45,0.25102332669449545,1,798,9,0.2046300490768792,0,446,1|0,0.26262291177496244,0.19960154175408823,bindi2014_rhyp,4.5,2015-01-01,1.0,4
402,17,0.598568610468188,1,798,6,0.6271882517442914,0,446,1|0,0.610168195548655,0.6221597444215003,bindi2014_rhyp,4.5,2015-01-01,1.0,4
406,43,-0.031923989498954475,1,798,5,-0.08359442466183853,0,446,1|0,-0.02032440441848747,-0.08862293198462952,bindi2014_rhyp,4.5,2015-01-01,1.0,4
411,55,-0.007858588697238822,1,798,11,-0.006823145972706168,0,446,1|0,0.0037409963832281835,-0.011851653295497156,bindi2014_rhyp,4.5,2015-01-01,1.0,4
413,58,-0.09481200256221456,1,798,10,-0.2111125565013533,0,446,1|0,-0.08321241748174756,-0.21614106382414427,bindi2014_rhyp,4.5,2015-01-01,1.0,4
415,77,0.03970479819912909,1,798,13,0.017119136821684533,0,446,1|0,0.05130438327959609,0.012090629498893545,bindi2014_rhyp,4.5,2015-01-01,1.0,4
417,76,-0.155255016547583,1,798,16,-0.30918347289440284,0,446,1|0,-0.14365543146711598,-0.3142119802171938,bindi2014_rhyp,4.5,2015-01-01,1.0,4
418,62,0.2195096101290114,1,798,11,0.059754579375736694,0,446,1|0,0.23110919520947842,0.054726072052945704,bindi2014_rhyp,4.5,2015-01-01,1.0,4
419,47,0.1540520360134781,1,798,11,0.13239579400030832,0,446,1|0,0.16565162109394513,0.12736728667751734,bindi2014_rhyp,4.5,2015-01-01,1.0,4
421,24,0.09582549513259292,1,798,6,0.030149988127299077,0,446,1|0,0.10742508021305992,0.025121480804508087,bindi2014_rhyp,4.5,2015-01-01,1.0,4
429,22,0.06209360906028649,1,798,5,-0.16911650037738601,0,446,1|0,0.0736931941407535,-0.174145007700177,bindi2014_rhyp,4.5,2015-01-01,1.0,4
443,24,0.29797175018263466,1,798,5,0.10766305713569335,0,446,1|0,0.30957133526310165,0.10263454981290236,bindi2014_rhyp,4.5,2015-01-01,1.0,4
448,62,0.09394934327577054,1,798,11,0.1436149111965599,0,446,1|0,0.10554892835623754,0.13858640387376892,bindi2014_rhyp,4.5,2015-01-01,1.0,4
449,36,0.02897231585680382,1,798,6,-0.019502626136315482,0,446,1|0,0.040571900937270824,-0.02453113345910647,bindi2014_rhyp,4.5,2015-01-01,1.0,4
450,45,0.3344569214658294,1,798,9,0.26712540278196123,0,446,1|0,0.3460565065462964,0.26209689545917025,bindi2014_rhyp,4.5,2015-01-01,1.0,4
451,18,0.041245101377208826,1,798,5,-0.08491900462673208,0,446,1|0,0.05284468645767583,-0.08994751194952307,bindi2014_rhyp,4.5,2015-01-01,1.0,4
456,44,-0.13230726779166713,1,798,5,-0.07662790596697111,0,446,1|0,-0.12070768271120012,-0.0816564132897621,bindi2014_rhyp,4.5,2015-01-01,1.0,4
460,57,0.36396937053968575,1,798,9,0.36473509323674663,0,446,1|0,0.37556895562015274,0.35970658591395566,bindi2014_rhyp,4.5,2015-01-01,1.0,4
461,57,0.0826039333083588,1,798,11,0.05678240929515732,0,446,1|0,0.0942035183888258,0.05175390197236633,bindi2014_rhyp,4.5,2015-01-01,1.0,4
462,42,-0.1697206727136389,1,798,7,-0.16469320050610048,0,446,1|0,-0.15812108763317187,-0.16972170782889145,bindi2014_rhyp,4.5,2015-01-01,1.0,4
466,19,0.16533254991400678,1,798,5,0.10083540860571316,0,446,1|0,0.1769321349944738,0.09580690128292217,bindi2014_rhyp,4.5,2015-01-01,1.0,4
468,36,0.4789816858704806,1,798,7,0.3819079735055967,0,446,1|0,0.4905812709509476,0.3768794661828057,bindi2014_rhyp,4.5,2015-01-01,1.0,4
469,43,0.2776361386358219,1,798,8,0.2427272126333746,0,446,1|0,0.2892357237162889,0.23769870531058362,bindi2014_rhyp,4.5,2015-01-01,1.0,4
470,71,-0.1021119790688444,1,798,11,-0.03715998141302013,0,446,1|0,-0.09051239398837739,-0.04218848873581112,bindi2014_rhyp,4.5,2015-01-01,1.0,4
23,29,-0.18451952296919638,1,824,7,-0.0738539922549656,1,386,1|1,-0.17300415129109983,-0.06898887899817768,bindi2014_rhyp,4.5,2015-01-01,2.0,0
25,33,0.3977404585156871,1,824,10,0.5008572173255978,1,386,1|1,0.40925583019378364,0.5057223305823858,bindi2014_rhyp,4.5,2015-01-01,2.0,0
26,91,0.023676372915501287,1,824,23,0.027135223581461535,1,386,1|1,0.035191744593597835,0.032000336838249446,bindi2014_rhyp,4.5,2015-01-01,2.0,0
27,37,-0.09930824547073325,1,824,11,0.005538475013512599,1,386,1|1,-0.0877928737926367,0.010403588270300513,bindi2014_rhyp,4.5,2015-01-01,2.0,0
28,33,0.012501311290692985,1,824,15,-0.011955322028454817,1,386,1|1,0.024016682968789532,-0.007090208771666904,bindi2014_rhyp,4.5,2015-01-01,2.0,0
29,41,-0.2449107418052151,1,824,11,-0.17860615333159552,1,386,1|1,-0.23339537012711856,-0.17374104007480762,bindi2014_rhyp,4.5,2015-01-01,2.0,0
31,26,0.1307566853253328,1,824,7,0.19591115137338344,1,386,1|1,0.14227205700342935,0.20077626463017134,bindi2014_rhyp,4.5,2015-01-01,2.0,0
32,28,-1.4313126686187974,1,824,6,-1.5363382085896864,1,386,1|1,-1.419797296940701,-1.5314730953328985,bindi2014_rhyp,4.5,2015-01-01,2.0,0
35,30,0.22172060567549368,1,824,6,0.20059992553684175,1,386,1|1,0.23323597735359022,0.20546503879362965,bindi2014_rhyp,4.5,2015-01-01,2.0,0
38,28,-0.19207862492529715,1,824,6,-0.3039207331301997,1,386,1|1,-0.1805632532472006,-0.2990556198734118,bindi2014_rhyp,4.5,2015-01-01,2.0,0
39,62,-0.04525362834362612,1,824,17,0.04448004911824683,1,386,1|1,-0.03373825666552957,0.049345162375034744,bindi2014_rhyp,4.5,2015-01-01,2.0,0
45,48,0.13328346603350605,1,824,14,0.1938971492592866,1,386,1|1,0.1447988377116026,0.1987622625160745,bindi2014_rhyp,4.5,2015-01-01,2.0,0
46,23,-0.2920727265818165,1,824,6,-0.24576406848823837,1,386,1|1,-0.2805573549037199,-0.24089895523145047,bindi2014_rhyp,4.5,2015-01-01,2.0,0
52,28,0.29364679884240563,1,824,5,0.37676163024764237,1,386,1|1,0.3051621705205022,0.38162674350443027,bindi2014_rhyp,4.5,2015-01-01,2.0,0
54,100,-0.11818909266534428,1,824,27,-0.052584866036981634,1,386,1|1,-0.10667372098724773,-0.04771975278019372,bindi2014_rhyp,4.5,2015-01-01,2.0,0
55,74,0.20066146640728777,1,824,26,0.28210944078546946,1,386,1|1,0.21217683808538432,0.28697455404225736,bindi2014_rhyp,4.5,2015-01-01,2.0,0
56,64,0.09533823525053253,1,824,14,0.08997975367624511,1,386,1|1,0.10685360692862908,0.09484486693303303,bindi2014_rhyp,4.5,2015-01-01,2.0,0
57,64,-0.331900522505161,1,824,15,-0.3515176983918696,1,386,1|1,-0.3203851508270644,-0.3466525851350817,bindi2014_rhyp,4.5,2015-01-01,2.0,0
58,38,-0.021087403687891748,1,824,7,-0.008997699753131654,1,386,1|1,-0.0095720320097952,-0.00413258649634374,bindi2014_rhyp,4.5,2015-01-01,2.0,0
59,53,-0.04898288001436324,1,824,10,-0.12285473017201147,1,386,1|1,-0.03746750833626669,-0.11798961691522356,bindi2014_rhyp,4.5,2015-01-01,2.0,0
60,81,-0.0859210189293772,1,824,21,-0.06163835455397817,1,386,1|1,-0.07440564725128065,-0.056773241297190254,bindi2014_rhyp,4.5,2015-01-01,2.0,0
61,57,0.08119034869918873,1,824,22,0.10717556216707205,1,386,1|1,0.09270572037728528,0.11204067542385997,bindi2014_rhyp,4.5,2015-01-01,2.0,0
62,54,-0.11928927207632534,1,824,18,-0.07958573053058307,1,386,1|1,-0.10777390039822879,-0.07472061727379516,bindi2014_rhyp,4.5,2015-01-01,2.0,0
65,30,-0.26402442253168734,1,824,5,-0.40949260682976324,1,386,1|1,-0.25250905085359077,-0.40462749357297534,bindi2014_rhyp,4.5,2015-01-01,2.0,0
66,71,0.1351367623897326,1,824,22,0.16740632046230672,1,386,1|1,0.14665213406782915,0.17227143371909462,bindi2014_rhyp,4.5,2015-01-01,2.0,0
67,20,-0.17101949923573279,1,824,5,-0.322768608547223,1,386,1|1,-0.15950412755763624,-0.3179034952904351,bindi2014_rhyp,4.5,2015-01-01,2.0,0
69,61,0.4235474662240452,1,824,22,0.4686386626250395,1,386,1|1,0.43506283790214173,0.4735037758818274,bindi2014_rhyp,4.5,2015-01-01,2.0,0
70,57,0.3154008567167243,1,824,13,0.37108418877475474,1,386,1|1,0.3269162283948208,0.37594930203154264,bindi2014_rhyp,4.5,2015-01-01,2.0,0
72,22,-0.3052950035565629,1,824,7,-0.3534299451075208,1,386,1|1,-0.29377963187846634,-0.3485648318507329,bindi2014_rhyp,4.5,2015-01-01,2.0,0
73,25,-0.07684192372734377,1,824,8,-0.1702310686874022,1,386,1|1,-0.06532655204924723,-0.1653659554306143,bindi2014_rhyp,4.5,2015-01-01,2.0,0
74,26,-0.12838959287745588,1,824,8,-0.21871513468192344,1,386,1|1,-0.11687422119935933,-0.21385002142513554,bindi2014_rhyp,4.5,2015-01-01,2.0,0
76,27,0.5377597660772592,1,824,7,0.3149754137822576,1,386,1|1,0.5492751377553557,0.3198405270390455,bindi2014_rhyp,4.5,2015-01-01,2.0,0
77,16,-0.18897084070380588,1,824,6,-0.2592914697648274,1,386,1|1,-0.17745546902570933,-0.2544263565080395,bindi2014_rhyp,4.5,2015-01-01,2.0,0
78,30,-0.14801158801578562,1,824,6,-0.06998645867015302,1,386,1|1,-0.13649621633768907,-0.0651213454133651,bindi2014_rhyp,4.5,2015-01-01,2.0,0
79,34,0.15013442623482298,1,824,13,0.13745753861942284,1,386,1|1,0.16164979791291953,0.14232265187621074,bindi2014_rhyp,4.5,2015-01-01,2.0,0
80,18,0.0009202777422400166,1,824,6,-0.022036027886023758,1,386,1|1,0.012435649420336564,-0.017170914629235843,bindi2014_rhyp,4.5,2015-01-01,2.0,0
81,115,-0.07291146942353066,1,824,29,-0.0911744363137504,1,386,1|1,-0.061396097745434114,-0.08630932305696248,bindi2014_rhyp,4.5,2015-01-01,2.0,0
84,36,0.4738220099886119,1,824,6,0.40228333240854736,1,386,1|1,0.4853373816667085,0.40714844566533526,bindi2014_rhyp,4.5,2015-01-01,2.0,0
85,19,0.23267386724686645,1,824,6,0.17864366159330336,1,386,1|1,0.244189238924963,0.18350877485009126,bindi2014_rhyp,4.5,2015-01-01,2.0,0
86,17,-0.33534603125913076,1,824,5,-0.3899262847186598,1,386,1|1,-0.3238306595810342,-0.3850611714618719,bindi2014_rhyp,4.5,2015-01-01,2.0,0
87,59,-0.001253192422710936,1,824,14,0.10071248948434891,1,386,1|1,0.010262179255385612,0.10557760274113683,bindi2014_rhyp,4.5,2015-01-01,2.0,0
88,67,-0.10620164801333654,1,824,14,-0.11401415912061157,1,386,1|1,-0.09468627633523999,-0.10914904586382365,bindi2014_rhyp,4.5,2015-01-01,2.0,0
89,125,0.029546893006045627,1,824,23,0.01963630248900623,1,386,1|1,0.041062264684142175,0.024501415745794144,bindi2014_rhyp,4.5,2015-01-01,2.0,0
90,61,-0.470312347550057,1,824,16,-0.4467461519414161,1,386,1|1,-0.45879697587196044,-0.4418810386846282,bindi2014_rhyp,4.5,2015-01-01,2.0,0
91,51,-0.2621529835580022,1,824,11,-0.22035701127699167,1,386,1|1,-0.25063761187990563,-0.21549189802020377,bindi2014_rhyp,4.5,2015-01-01,2.0,0
93,55,-0.12865719948330234,1,824,13,-0.08861635773156866,1,386,1|1,-0.1171418278052058,-0.08375124447478074,bindi2014_rhyp,4.5,2015-01-01,2.0,0
94,31,0.492661120130401,1,824,6,0.3317017809997334,1,386,1|1,0.5041764918084976,0.3365668942565213,bindi2014_rhyp,4.5,2015-01-01,2.0,0
95,37,0.3604149273195758,1,824,9,0.32032299148361876,1,386,1|1,0.3719302989976724,0.32518810474040666,bindi2014_rhyp,4.5,2015-01-01,2.0,0
97,28,-0.20715663716283517,1,824,7,-0.2633987024361931,1,386,1|1,-0.19564126548473862,-0.2585335891794052,bindi2014_rhyp,4.5,2015-01-01,2.0,0
98,52,-0.26363244932569996,1,824,12,-0.2992253391920646,1,386,1|1,-0.2521170776476034,-0.2943602259352767,bindi2014_rhyp,4.5,2015-01-01,2.0,0
102,115,0.3758491604056405,1,824,28,0.4108274520271993,1,386,1|1,0.387364532083737,0.4156925652839872,bindi2014_rhyp,4.5,2015-01-01,2.0,0
103,87,0.12306367150585751,1,824,14,0.1206948564021284,1,386,1|1,0.13457904318395406,0.1255599696589163,bindi2014_rhyp,4.5,2015-01-01,2.0,0
104,98,-0.4054106603299159,1,824,20,-0.358579586916981,1,386,1|1,-0.39389528865181933,-0.3537144736601931,bindi2014_rhyp,4.5,2015-01-01,2.0,0
105,39,0.1100586273508074,1,824,8,0.1319122414601078,1,386,1|1,0.12157399902890395,0.1367773547168957,bindi2014_rhyp,4.5,2015-01-01,2.0,0
106,38,-0.12316784710017181,1,824,7,-0.06438531495831003,1,386,1|1,-0.11165247542207526,-0.05952020170152211,bindi2014_rhyp,4.5,2015-01-01,2.0,0
109,31,-0.0714535795379494,1,824,6,-0.04714465527859906,1,386,1|1,-0.05993820785985285,-0.042279542021811146,bindi2014_rhyp,4.5,2015-01-01,2.0,0
110,26,0.0949239191422312,1,824,5,0.033800499056297145,1,386,1|1,0.10643929082032774,0.03866561231308506,bindi2014_rhyp,4.5,2015-01-01,2.0,0
114,17,0.05180424106762038,1,824,7,-0.007312831301150791,1,386,1|1,0.06331961274571693,-0.002447718044362877,bindi2014_rhyp,4.5,2015-01-01,2.0,0
115,39,0.06341898618817898,1,824,6,-0.08085659047107616,1,386,1|1,0.07493435786627553,-0.07599147721428824,bindi2014_rhyp,4.5,2015-01-01,2.0,0
116,18,0.43744235354105176,1,824,6,0.3596490384052731,1,386,1|1,0.44895772521914834,0.364514151662061,bindi2014_rhyp,4.5,2015-01-01,2.0,0
117,29,0.2614185439552243,1,824,7,0.2697096911237666,1,386,1|1,0.2729339156333208,0.2745748043805545,bindi2014_rhyp,4.5,2015-01-01,2.0,0
118,58,0.23944278736000435,1,824,12,0.11264351050945698,1,386,1|1,0.2509581590381009,0.1175086237662449,bindi2014_rhyp,4.5,2015-01-01,2.0,0
119,40,-0.13485163366188757,1,824,6,-0.11921816317959377,1,386,1|1,-0.12333626198379102,-0.11435304992280586,bindi2014_rhyp,4.5,2015-01-01,2.0,0
120,40,-0.04603324610922166,1,824,9,-0.0963379425663868,1,386,1|1,-0.03451787443112511,-0.09147282930959888,bindi2014_rhyp,4.5,2015-01-01,2.0,0
121,20,-0.198506233119203,1,824,7,-0.18636940055722337,1,386,1|1,-0.18699086144110647,-0.18150428730043547,bindi2014_rhyp,4.5,2015-01-01,2.0,0
122,26,0.25744493113020284,1,824,8,0.16360952188043706,1,386,1|1,0.2689603028082994,0.16847463513722497,bindi2014_rhyp,4.5,2015-01-01,2.0,0
123,21,0.07201197576723439,1,824,5,0.030352337687821997,1,386,1|1,0.08352734744533094,0.03521745094460991,bindi2014_rhyp,4.5,2015-01-01,2.0,0
124,30,-0.19238226662747338,1,824,13,-0.16128961596914512,1,386,1|1,-0.18086689494937683,-0.15642450271235722,bindi2014_rhyp,4.5,2015-01-01,2.0,0
125,15,-0.5476044395924549,1,824,5,-0.642176384421482,1,386,1|1,-0.5360890679143583,-0.637311271164694,bindi2014_rhyp,4.5,2015-01-01,2.0,0
127,44,-0.08850952767581766,1,824,12,0.0794342751122024,1,386,1|1,-0.07699415599772111,0.08429938836899031,bindi2014_rhyp,4.5,2015-01-01,2.0,0
128,41,-0.20725714656243333,1,824,9,-0.18585394687992451,1,386,1|1,-0.19574177488433678,-0.1809888336231366,bindi2014_rhyp,4.5,2015-01-01,2.0,0
130,73,-0.10434511050619621,1,824,23,-0.07783572738961796,1,386,1|1,-0.09282973882809967,-0.07297061413283004,bindi2014_rhyp,4.5,2015-01-01,2.0,0
131,71,-0.0439293715079887,1,824,10,-0.17549793090315063,1,386,1|1,-0.032413999829892154,-0.17063281764636273,bindi2014_rhyp,4.5,2015-01-01,2.0,0
134,24,-0.41728659813366487,1,824,5,-0.42471921173822375,1,386,1|1,-0.4057712264555683,-0.41985409848143584,bindi2014_rhyp,4.5,2015-01-01,2.0,0
135,43,0.2935498432870708,1,824,7,0.2950416798307624,1,386,1|1,0.30506521496516736,0.2999067930875503,bindi2014_rhyp,4.5,2015-01-01,2.0,0
136,30,-0.15673999819680517,1,824,6,-0.14506703788369457,1,386,1|1,-0.14522462651870863,-0.14020192462690667,bindi2014_rhyp,4.5,2015-01-01,2.0,0
137,53,-0.15249724345404825,1,824,11,-0.22318332584527223,1,386,1|1,-0.1409818717759517,-0.21831821258848433,bindi2014_rhyp,4.5,2015-01-01,2.0,0
138,33,-0.395997996437069,1,824,8,-0.38998036432571787,1,386,1|1,-0.38448262475897244,-0.38511525106892996,bindi2014_rhyp,4.5,2015-01-01,2.0,0
139,33,-0.05848980388064051,1,824,6,-0.15743761728102784,1,386,1|1,-0.046974432202543964,-0.15257250402423994,bindi2014_rhyp,4.5,2015-01-01,2.0,0
141,29,-0.00919311850211002,1,824,8,-0.05944481736273451,1,386,1|1,0.0023222531759865273,-0.0545797041059466,bindi2014_rhyp,4.5,2015-01-01,2.0,0
142,25,-0.28988815291088277,1,824,7,-0.22422064132367656,1,386,1|1,-0.2783727812327862,-0.21935552806688866,bindi2014_rhyp,4.5,2015-01-01,2.0,0
143,20,-0.06593150731632036,1,824,6,0.009999442541309456,1,386,1|1,-0.05441613563822381,0.014864555798097371,bindi2014_rhyp,4.5,2015-01-01,2.0,0
144,38,-0.05258493439683398,1,824,8,-0.07384763684890291,1,386,1|1,-0.041069562718737435,-0.068982523592115,bindi2014_rhyp,4.5,2015-01-01,2.0,0
146,55,-0.4267431983904202,1,824,12,-0.43728508349119244,1,386,1|1,-0.4152278267123236,-0.43241997023440454,bindi2014_rhyp,4.5,2015-01-01,2.0,0
148,30,0.11149626539258106,1,824,6,0.1943290514683007,1,386,1|1,0.12301163707067761,0.1991941647250886,bindi2014_rhyp,4.5,2015-01-01,2.0,0
149,23,-0.1765318436102803,1,824,5,-0.24528617638367392,1,386,1|1,-0.16501647193218374,-0.24042106312688602,bindi2014_rhyp,4.5,2015-01-01,2.0,0
151,31,-0.4764081968892453,1,824,12,-0.48465101667748606,1,386,1|1,-0.4648928252111487,-0.47978590342069816,bindi2014_rhyp,4.5,2015-01-01,2.0,0
152,24,-0.4587431909305588,1,824,7,-0.5193856288375001,1,386,1|1,-0.44722781925246224,-0.5145205155807121,bindi2014_rhyp,4.5,2015-01-01,2.0,0
153,38,-0.0031685170190055567,1,824,9,-0.05058105952468529,1,386,1|1,0.008346854659090991,-0.04571594626789738,bindi2014_rhyp,4.5,2015-01-01,2.0,0
154,64,-0.02357345187922677,1,824,19,-0.014016854938200828,1,386,1|1,-0.012058080201130222,-0.009151741681412914,bindi2014_rhyp,4.5,2015-01-01,2.0,0
156,77,-0.13019803454066226,1,824,16,-0.08953781784768808,1,386,1|1,-0.11868266286256571,-0.08467270459090016,bindi2014_rhyp,4.5,2015-01-01,2.0,0
157,23,0.05270951777618216,1,824,7,0.04713544240877741,1,386,1|1,0.0642248894542787,0.05200055566556532,bindi2014_rhyp,4.5,2015-01-01,2.0,0
158,49,-0.11688331053748913,1,824,11,-0.06830353203936843,1,386,1|1,-0.10536793885939258,-0.06343841878258051,bindi2014_rhyp,4.5,2015-01-01,2.0,0
159,26,-0.1884317703785795,1,824,6,-0.1536142936113628,1,386,1|1,-0.17691639870048295,-0.1487491803545749,bindi2014_rhyp,4.5,2015-01-01,2.0,0
161,23,0.18167349444585934,1,824,8,0.21091887771220857,1,386,1|1,0.1931888661239559,0.21578399096899648,bindi2014_rhyp,4.5,2015-01-01,2.0,0
162,68,0.4321566900172087,1,824,16,0.5069504554334364,1,386,1|1,0.44367206169530526,0.5118155686902244,bindi2014_rhyp,4.5,2015-01-01,2.0,0
163,105,0.39311961254307287,1,824,30,0.4616185208090117,1,386,1|1,0.4046349842211694,0.4664836340657996,bindi2014_rhyp,4.5,2015-01-01,2.0,0
164,62,-0.008531582665439852,1,824,24,-0.009016502168828945,1,386,1|1,0.0029837890126566957,-0.004151388912041031,bindi2014_rhyp,4.5,2015-01-01,2.0,0
166,81,-0.13136537470916676,1,824,22,-0.13808028283623056,1,386,1|1,-0.11985000303107021,-0.13321516957944265,bindi2014_rhyp,4.5,2015-01-01,2.0,0
167,41,-0.09363261853233174,1,824,8,-0.1866654472067798,1,386,1|1,-0.08211724685423519,-0.1818003339499919,bindi2014_rhyp,4.5,2015-01-01,2.0,0
168,63,-0.18781148371848,1,824,14,-0.19434457638789188,1,386,1|1,-0.17629611204038345,-0.18947946313110398,bindi2014_rhyp,4.5,2015-01-01,2.0,0
170,122,-0.40196435312438505,1,824,27,-0.44406906306283406,1,386,1|1,-0.3904489814462885,-0.43920394980604616,bindi2014_rhyp,4.5,2015-01-01,2.0,0
178,53,-0.3166391955791905,1,824,12,-0.3159119866955702,1,386,1|1,-0.30512382390109394,-0.3110468734387823,bindi2014_rhyp,4.5,2015-01-01,2.0,0
179,27,-0.5455689005118585,1,824,8,-0.4107952681726558,1,386,1|1,-0.5340535288337619,-0.4059301549158679,bindi2014_rhyp,4.5,2015-01-01,2.0,0
181,74,0.33183556450077095,1,824,13,0.39286295628741974,1,386,1|1,0.34335093617886747,0.39772806954420764,bindi2014_rhyp,4.5,2015-01-01,2.0,0
182,60,0.35177522348231793,1,824,12,0.43882520819736914,1,386,1|1,0.3632905951604145,0.44369032145415704,bindi2014_rhyp,4.5,2015-01-01,2.0,0
183,15,-0.017431692732926773,1,824,6,-0.03689123435713144,1,386,1|1,-0.005916321054830226,-0.03202612110034352,bindi2014_rhyp,4.5,2015-01-01,2.0,0
185,46,0.003612827860022816,1,824,9,-0.02663439334800146,1,386,1|1,0.015128199538119363,-0.021769280091213546,bindi2014_rhyp,4.5,2015-01-01,2.0,0
187,21,-0.08886496096462848,1,824,5,-0.08672738777582857,1,386,1|1,-0.07734958928653193,-0.08186227451904066,bindi2014_rhyp,4.5,2015-01-01,2.0,0
190,116,0.44581560037151335,1,824,31,0.4636438729889233,1,386,1|1,0.45733097204960993,0.4685089862457112,bindi2014_rhyp,4.5,2015-01-01,2.0,0
191,80,0.3551584708121834,1,824,25,0.3582292405816889,1,386,1|1,0.3666738424902799,0.3630943538384768,bindi2014_rhyp,4.5,2015-01-01,2.0,0
194,96,-0.026023880398019394,1,824,20,-0.07895625826669245,1,386,1|1,-0.014508508719922847,-0.07409114500990453,bindi2014_rhyp,4.5,2015-01-01,2.0,0
195,78,-0.1856762772650845,1,824,13,-0.26901870398752975,1,386,1|1,-0.17416090558698796,-0.26415359073074185,bindi2014_rhyp,4.5,2015-01-01,2.0,0
196,78,0.17000515953724737,1,824,22,0.1490546191387613,1,386,1|1,0.18152053121534392,0.1539197323955492,bindi2014_rhyp,4.5,2015-01-01,2.0,0
197,54,0.24038540711381978,1,824,12,0.07622139875504465,1,386,1|1,0.2519007787919163,0.08108651201183256,bindi2014_rhyp,4.5,2015-01-01,2.0,0
198,43,0.5622656478930195,1,824,9,0.7116999466422711,1,386,1|1,0.573781019571116,0.716565059899059,bindi2014_rhyp,4.5,2015-01-01,2.0,0
199,74,-0.0751845936930402,1,824,18,0.03819009571484391,1,386,1|1,-0.06366922201494365,0.04305520897163182,bindi2014_rhyp,4.5,2015-01-01,2.0,0
200,62,-0.30921687678045773,1,824,17,-0.3393464577212418,1,386,1|1,-0.29770150510236115,-0.3344813444644539,bindi2014_rhyp,4.5,2015-01-01,2.0,0
201,29,-0.12249269251191974,1,824,10,-0.10318573816233251,1,386,1|1,-0.1109773208338232,-0.09832062490554459,bindi2014_rhyp,4.5,2015-01-01,2.0,0
202,29,-0.44689795886733474,1,824,5,-0.34517613937376646,1,386,1|1,-0.43538258718923817,-0.34031102611697855,bindi2014_rhyp,4.5,2015-01-01,2.0,0
204,40,-0.6360540684391596,1,824,10,-0.4951273310850087,1,386,1|1,-0.624538696761063,-0.4902622178282208,bindi2014_rhyp,4.5,2015-01-01,2.0,0
205,94,0.12908916902469425,1,824,20,0.19987183700989053,1,386,1|1,0.1406045407027908,0.20473695026667843,bindi2014_rhyp,4.5,2015-01-01,2.0,0
207,92,-0.28036548522140803,1,824,15,-0.31783585672319287,1,386,1|1,-0.26885011354331145,-0.31297074346640497,bindi2014_rhyp,4.5,2015-01-01,2.0,0
208,20,-0.008409823247271242,1,824,6,-0.1644723239520886,1,386,1|1,0.0031055484308253056,-0.1596072106953007,bindi2014_rhyp,4.5,2015-01-01,2.0,0
212,54,-0.043923171515545034,1,824,11,-0.005065812210041229,1,386,1|1,-0.03240779983744849,-0.00020069895325331485,bindi2014_rhyp,4.5,2015-01-01,2.0,0
213,37,0.10888696654033536,1,824,11,0.05918741355216898,1,386,1|1,0.12040233821843191,0.06405252680895689,bindi2014_rhyp,4.5,2015-01-01,2.0,0
214,34,-0.30057989231295856,1,824,10,-0.19023348029851647,1,386,1|1,-0.289064520634862,-0.18536836704172857,bindi2014_rhyp,4.5,2015-01-01,2.0,0
216,63,-0.18495398576920918,1,824,21,-0.1582158253382762,1,386,1|1,-0.17343861409111264,-0.1533507120814883,bindi2014_rhyp,4.5,2015-01-01,2.0,0
217,25,0.007565928804918243,1,824,7,0.12235998146911994,1,386,1|1,0.01908130048301479,0.12722509472590784,bindi2014_rhyp,4.5,2015-01-01,2.0,0
218,39,-0.039585388019982015,1,824,9,-0.018012461826928124,1,386,1|1,-0.028070016341885468,-0.013147348570140209,bindi2014_rhyp,4.5,2015-01-01,2.0,0
219,44,-0.07652103508573438,1,824,11,-0.13860216309216716,1,386,1|1,-0.06500566340763783,-0.13373704983537926,bindi2014_rhyp,4.5,2015-01-01,2.0,0
220,30,-0.1040686423146907,1,824,8,-0.05627968779243388,1,386,1|1,-0.09255327063659416,-0.05141457453564596,bindi2014_rhyp,4.5,2015-01-01,2.0,0
221,62,-0.15452575117964973,1,824,14,-0.12121553385819761,1,386,1|1,-0.14301037950155318,-0.1163504206014097,bindi2014_rhyp,4.5,2015-01-01,2.0,0
222,42,-0.13372927425301717,1,824,12,-0.10600148360734102,1,386,1|1,-0.12221390257492062,-0.1011363703505531,bindi2014_rhyp,4.5,2015-01-01,2.0,0
223,57,0.053694639143941014,1,824,18,0.0395398364693187,1,386,1|1,0.06521001082203756,0.04440494972610661,bindi2014_rhyp,4.5,2015-01-01,2.0,0
224,25,-0.1497450227970769,1,824,6,-0.17086602519020494,1,386,1|1,-0.13822965111898036,-0.16600091193341704,bindi2014_rhyp,4.5,2015-01-01,2.0,0
225,62,-0.06526387481464235,1,824,16,0.025427359759770878,1,386,1|1,-0.053748503136545805,0.030292473016558793,bindi2014_rhyp,4.5,2015-01-01,2.0,0
226,42,0.3525614459074724,1,824,9,0.4099149599182734,1,386,1|1,0.364076817585569,0.4147800731750613,bindi2014_rhyp,4.5,2015-01-01,2.0,0
227,32,-0.12655782563681706,1,824,6,-0.05048740979668413,1,386,1|1,-0.11504245395872051,-0.04562229653989622,bindi2014_rhyp,4.5,2015-01-01,2.0,0
228,32,-0.04528056650591605,1,824,7,0.13025703358122892,1,386,1|1,-0.033765194827819506,0.13512214683801682,bindi2014_rhyp,4.5,2015-01-01,2.0,0
380,56,-0.1317432732864423,1,824,12,-0.19648552044394724,1,386,1|1,-0.12022790160834576,-0.19162040718715934,bindi2014_rhyp,4.5,2015-01-01,2.0,0
388,34,0.13285277947803376,1,824,6,0.21910668909603995,1,386,1|1,0.1443681511561303,0.22397180235282785,bindi2014_rhyp,4.5,2015-01-01,2.0,0
389,40,0.16389116636438927,1,824,7,0.1299802906831624,1,386,1|1,0.17540653804248582,0.13484540393995031,bindi2014_rhyp,4.5,2015-01-01,2.0,0
390,28,0.047005106745875214,1,824,7,-0.0017586609518465733,1,386,1|1,0.05852047842397176,0.0031064523049413404,bindi2014_rhyp,4.5,2015-01-01,2.0,0
396,48,-0.07155556755287684,1,824,10,-0.25197654704778255,1,386,1|1,-0.060040195874780294,-0.24711143379099465,bindi2014_rhyp,4.5,2015-01-01,2.0,0
397,44,0.17858237190194481,1,824,10,0.11615702137985745,1,386,1|1,0.19009774358004136,0.12102213463664536,bindi2014_rhyp,4.5,2015-01-01,2.0,0
406,39,-0.08840900819639663,1,824,9,-0.08694017406791818,1,386,1|1,-0.07689363651830008,-0.08207506081113027,bindi2014_rhyp,4.5,2015-01-01,2.0,0
411,54,-0.027077884376715433,1,824,12,-0.11225618663947809,1,386,1|1,-0.015562512698618886,-0.10739107338269017,bindi2014_rhyp,4.5,2015-01-01,2.0,0
413,58,-0.08125466890337274,1,824,10,-0.06171977513998135,1,386,1|1,-0.06973929722527619,-0.056854661883193436,bindi2014_rhyp,4.5,2015-01-01,2.0,0
415,77,-0.09433314160860529,1,824,13,-0.18507514194987568,1,386,1|1,-0.08281776993050874,-0.18021002869308778,bindi2014_rhyp,4.5,2015-01-01,2.0,0
417,78,-0.22831091785094015,1,824,14,-0.22863427183016682,1,386,1|1,-0.2167955461728436,-0.22376915857337892,bindi2014_rhyp,4.5,2015-01-01,2.0,0
418,63,0.24992847049474404,1,824,10,0.2382528125280851,1,386,1|1,0.26144384217284056,0.243117925784873,bindi2014_rhyp,4.5,2015-01-01,2.0,0
419,46,0.16777916229417322,1,824,12,0.1472249091447335,1,386,1|1,0.17929453397226977,0.1520900224015214,bindi2014_rhyp,4.5,2015-01-01,2.0,0
420,20,0.12832930891198413,1,824,5,0.128720210888973,1,386,1|1,0.13984468059008068,0.1335853241457609,bindi2014_rhyp,4.5,2015-01-01,2.0,0
421,24,0.11771585806699858,1,824,6,0.09708568288692453,1,386,1|1,0.12923122974509513,0.10195079614371244,bindi2014_rhyp,4.5,2015-01-01,2.0,0
427,22,0.016102696376789738,1,824,6,0.012470934181348065,1,386,1|1,0.027618068054886286,0.01733604743813598,bindi2014_rhyp,4.5,2015-01-01,2.0,0
428,26,-0.1105130784700602,1,824,5,-0.031070399260449206,1,386,1|1,-0.09899770679196365,-0.02620528600366129,bindi2014_rhyp,4.5,2015-01-01,2.0,0
431,25,-0.47779042397056704,1,824,6,-0.2981273753164719,1,386,1|1,-0.46627505229247046,-0.293262262059684,bindi2014_rhyp,4.5,2015-01-01,2.0,0
435,23,-0.13384463707303695,1,824,5,-0.12723545420666377,1,386,1|1,-0.1223292653949404,-0.12237034094987585,bindi2014_rhyp,4.5,2015-01-01,2.0,0
436,32,0.3595816836267995,1,824,6,0.23046450738941712,1,386,1|1,0.371097055304896,0.23532962064620502,bindi2014_rhyp,4.5,2015-01-01,2.0,0
441,41,-0.13183687319964643,1,824,7,-0.1397308979068283,1,386,1|1,-0.12032150152154988,-0.1348657846500404,bindi2014_rhyp,4.5,2015-01-01,2.0,0
443,24,0.22477195754774004,1,824,5,0.21423632924703853,1,386,1|1,0.2362873292258366,0.21910144250382643,bindi2014_rhyp,4.5,2015-01-01,2.0,0
448,59,0.04422863566734858,1,824,14,-0.014494866182878676,1,386,1|1,0.05574400734544513,-0.009629752926090761,bindi2014_rhyp,4.5,2015-01-01,2.0,0
449,32,0.05787225972386023,1,824,10,0.070103499263273,1,386,1|1,0.06938763140195678,0.07496861252006091,bindi2014_rhyp,4.5,2015-01-01,2.0,0
450,44,0.21973931548978326,1,824,10,0.18149602427129888,1,386,1|1,0.2312546871678798,0.18636113752808678,bindi2014_rhyp,4.5,2015-01-01,2.0,0
456,40,-0.11186552577065567,1,824,9,-0.06746427368295205,1,386,1|1,-0.10035015409255912,-0.06259916042616413,bindi2014_rhyp,4.5,2015-01-01,2.0,0
460,54,0.3733123628750143,1,824,12,0.4457645048208966,1,386,1|1,0.3848277345531108,0.4506296180776845,bindi2014_rhyp,4.5,2015-01-01,2.0,0
461,57,0.04454328230769278,1,824,11,0.045852554885460806,1,386,1|1,0.056058653985789325,0.05071766814224872,bindi2014_rhyp,4.5,2015-01-01,2.0,0
462,40,-0.21216519078286844,1,824,9,-0.1267388085256108,1,386,1|1,-0.2006498191047719,-0.1218736952688229,bindi2014_rhyp,4.5,2015-01-01,2.0,0
468,37,0.560266623627397,1,824,6,0.5772263182636316,1,386,1|1,0.5717819953054936,0.5820914315204195,bindi2014_rhyp,4.5,2015-01-01,2.0,0
469,41,0.1306718111021269,1,824,10,0.09617233664920673,1,386,1|1,0.14218718278022344,0.10103744990599464,bindi2014_rhyp,4.5,2015-01-01,2.0,0
470,68,-0.15075762874018628,1,824,14,-0.08793135426841117,1,386,1|1,-0.13924225706208973,-0.08306624101162326,bindi2014_rhyp,4.5,2015-01-01,2.0,0
23,28,-0.15143778115477846,1,816,8,-0.212587745835646,0,424,1|0,-0.15309611902237827,-0.2035978663037869,bindi2014_rhyp,4.5,2015-01-01,2.0,1
25,36,0.45220382116672453,1,816,7,0.28982996585117826,0,424,1|0,0.4505454832991247,0.29881984538303735,bindi2014_rhyp,4.5,2015-01-01,2.0,1
26,93,0.032398738710044284,1,816,21,-0.008121962819378048,0,424,1|0,0.030740400842444473,0.0008679167124810462,bindi2014_rhyp,4.5,2015-01-01,2.0,1
27,36,-0.07010396422736032,1,816,12,-0.1122995211556932,0,424,1|0,-0.07176230209496012,-0.1033096416238341,bindi2014_rhyp,4.5,2015-01-01,2.0,1
28,39,0.012818214619149337,1,816,9,-0.04703155920013036,0,424,1|0,0.011159876751549527,-0.03804167966827127,bindi2014_rhyp,4.5,2015-01-01,2.0,1
29,35,-0.2475075861396525,1,816,17,-0.19717009038026412,0,424,1|0,-0.24916592400725232,-0.18818021084840503,bindi2014_rhyp,4.5,2015-01-01,2.0,1
31,27,0.15104766694464178,1,816,6,0.11069292719893675,0,424,1|0,0.14938932907704197,0.11968280673079584,bindi2014_rhyp,4.5,2015-01-01,2.0,1
32,27,-1.4354747057858073,1,816,7,-1.4913042190226942,0,424,1|0,-1.437133043653407,-1.4823143394908351,bindi2014_rhyp,4.5,2015-01-01,2.0,1
35,28,0.223525258598277,1,816,8,0.1968609434205683,0,424,1|0,0.22186692073067718,0.2058508229524274,bindi2014_rhyp,4.5,2015-01-01,2.0,1
38,28,-0.1396914478906771,1,816,6,-0.5879051895833235,0,424,1|0,-0.14134978575827692,-0.5789153100514643,bindi2014_rhyp,4.5,2015-01-01,2.0,1
39,67,0.012246899037661407,1,816,12,-0.2371339738748902,0,424,1|0,0.010588561170061597,-0.22814409434303112,bindi2014_rhyp,4.5,2015-01-01,2.0,1
45,52,0.18354740337163955,1,816,10,-0.05392832937785841,0,424,1|0,0.18188906550403974,-0.04493844984599932,bindi2014_rhyp,4.5,2015-01-01,2.0,1
46,24,-0.13901706198840413,1,816,5,-0.9785050219559818,0,424,1|0,-0.14067539985600394,-0.9695151424241226,bindi2014_rhyp,4.5,2015-01-01,2.0,1
47,28,0.5770865612048355,1,816,10,0.40485828810257174,0,424,1|0,0.5754282233372356,0.41384816763443083,bindi2014_rhyp,4.5,2015-01-01,2.0,1
49,18,0.09201107503782968,1,816,5,0.0399348638183078,0,424,1|0,0.09035273717022987,0.04892474335016689,bindi2014_rhyp,4.5,2015-01-01,2.0,1
50,20,0.03406323211321882,1,816,8,0.18461661040417976,0,424,1|0,0.03240489424561901,0.19360648993603885,bindi2014_rhyp,4.5,2015-01-01,2.0,1
52,25,0.3292334768233655,1,816,8,0.22513766556040532,0,424,1|0,0.3275751389557657,0.2341275450922644,bindi2014_rhyp,4.5,2015-01-01,2.0,1
54,99,-0.08678224446232408,1,816,28,-0.18044057336914876,0,424,1|0,-0.08844058232992388,-0.17145069383728967,bindi2014_rhyp,4.5,2015-01-01,2.0,1
55,86,0.23824883628211668,1,816,14,0.11444679091821258,0,424,1|0,0.23659049841451688,0.12343667045007167,bindi2014_rhyp,4.5,2015-01-01,2.0,1
56,62,0.1041068480869135,1,816,16,0.055574618219235705,0,424,1|0,0.1024485102193137,0.0645644977510948,bindi2014_rhyp,4.5,2015-01-01,2.0,1
57,64,-0.3339920978043509,1,816,15,-0.34665945351404537,0,424,1|0,-0.33565043567195074,-0.3376695739821863,bindi2014_rhyp,4.5,2015-01-01,2.0,1
58,36,-0.005071495027708761,1,816,9,-0.08193241760403724,0,424,1|0,-0.006729832895308572,-0.07294253807217815,bindi2014_rhyp,4.5,2015-01-01,2.0,1
59,52,-0.056611857862370774,1,816,11,-0.06113624054563571,0,424,1|0,-0.05827019572997059,-0.05214636101377662,bindi2014_rhyp,4.5,2015-01-01,2.0,1
60,88,-0.06107259899852824,1,816,14,-0.18734764733494436,0,424,1|0,-0.06273093686612805,-0.17835776780308527,bindi2014_rhyp,4.5,2015-01-01,2.0,1
61,67,0.09794110826876468,1,816,12,0.026507361736842372,0,424,1|0,0.09628277040116487,0.03549724126870146,bindi2014_rhyp,4.5,2015-01-01,2.0,1
62,61,-0.10078561343841685,1,816,11,-0.1663661703177064,0,424,1|0,-0.10244395130601666,-0.1573762907858473,bindi2014_rhyp,4.5,2015-01-01,2.0,1
65,29,-0.3077739832821953,1,816,6,-0.17259149463533086,0,424,1|0,-0.30943232114979513,-0.16360161510347176,bindi2014_rhyp,4.5,2015-01-01,2.0,1
66,79,0.15290884864689713,1,816,14,0.08850691808878769,0,424,1|0,0.15125051077929733,0.09749679762064678,bindi2014_rhyp,4.5,2015-01-01,2.0,1
68,15,0.13631968000474526,1,816,6,-0.06931902953401547,0,424,1|0,0.13466134213714545,-0.060329150002156384,bindi2014_rhyp,4.5,2015-01-01,2.0,1
69,72,0.43988161100045736,1,816,11,0.40227562674003514,0,424,1|0,0.4382232731328575,0.41126550627189423,bindi2014_rhyp,4.5,2015-01-01,2.0,1
70,62,0.3326246267955257,1,816,8,0.3135250412822982,0,424,1|0,0.33096628892792584,0.3225149208141573,bindi2014_rhyp,4.5,2015-01-01,2.0,1
75,24,0.24133995192003932,1,816,7,0.1875985763311701,0,424,1|0,0.2396816140524395,0.1965884558630292,bindi2014_rhyp,4.5,2015-01-01,2.0,1
76,28,0.4989784254131199,1,816,6,0.4584438720964568,0,424,1|0,0.49732008754552004,0.4674337516283159,bindi2014_rhyp,4.5,2015-01-01,2.0,1
78,28,-0.13612485677978192,1,816,8,-0.13112987874783677,0,424,1|0,-0.13778319464738173,-0.12213999921597768,bindi2014_rhyp,4.5,2015-01-01,2.0,1
79,40,0.14368564163127262,1,816,7,0.15201700267797524,0,424,1|0,0.1420273037636728,0.16100688220983433,bindi2014_rhyp,4.5,2015-01-01,2.0,1
81,112,-0.06568747343589565,1,816,32,-0.13000471121244905,0,424,1|0,-0.06734581130349546,-0.12101483168058996,bindi2014_rhyp,4.5,2015-01-01,2.0,1
84,31,0.4656432362336549,1,816,11,0.45070358843876257,0,424,1|0,0.46398489836605505,0.45969346797062166,bindi2014_rhyp,4.5,2015-01-01,2.0,1
85,20,0.2138390419308268,1,816,5,0.2622446997113651,0,424,1|0,0.212180704063227,0.2712345792432242,bindi2014_rhyp,4.5,2015-01-01,2.0,1
87,57,0.020464326350598916,1,816,16,0.00087375311054394,0,424,1|0,0.018805988482999105,0.009863632642403034,bindi2014_rhyp,4.5,2015-01-01,2.0,1
88,69,-0.09679414199723546,1,816,12,-0.1320528408178202,0,424,1|0,-0.09845247986483527,-0.12306296128596111,bindi2014_rhyp,4.5,2015-01-01,2.0,1
89,115,0.0007767921246485399,1,816,33,0.14026502277758007,0,424,1|0,-0.0008815457429512713,0.14925490230943916,bindi2014_rhyp,4.5,2015-01-01,2.0,1
90,62,-0.44904170423397183,1,816,15,-0.5516060186374147,0,424,1|0,-0.45070004210157166,-0.5426161391055555,bindi2014_rhyp,4.5,2015-01-01,2.0,1
91,53,-0.23847960243590316,1,816,9,-0.34469487021471834,0,424,1|0,-0.24013794030350297,-0.33570499068285925,bindi2014_rhyp,4.5,2015-01-01,2.0,1
93,56,-0.09737742673828598,1,816,12,-0.21757872462104344,0,424,1|0,-0.09903576460588578,-0.20858884508918435,bindi2014_rhyp,4.5,2015-01-01,2.0,1
94,32,0.4660881315695082,1,816,5,0.49175146471464726,0,424,1|0,0.46442979370190834,0.5007413442465064,bindi2014_rhyp,4.5,2015-01-01,2.0,1
95,38,0.36281393857202826,1,816,8,0.3083013059907609,0,424,1|0,0.3611556007044284,0.31729118552262,bindi2014_rhyp,4.5,2015-01-01,2.0,1
97,29,-0.2471222764200396,1,816,6,-0.08792228124395574,0,424,1|0,-0.2487806142876394,-0.07893240171209664,bindi2014_rhyp,4.5,2015-01-01,2.0,1
98,56,-0.2577733312819823,1,816,8,-0.3057498321208444,0,424,1|0,-0.25943166914958216,-0.2967599525889853,bindi2014_rhyp,4.5,2015-01-01,2.0,1
100,17,0.36671727978425434,1,816,5,0.38880159383960766,0,424,1|0,0.3650589419166545,0.39779147337146675,bindi2014_rhyp,4.5,2015-01-01,2.0,1
102,114,0.4055755527341418,1,816,29,0.28693527778932926,0,424,1|0,0.403917214866542,0.29592515732118835,bindi2014_rhyp,4.5,2015-01-01,2.0,1
103,78,0.09491550930709558,1,816,23,0.2282438940246908,0,424,1|0,0.09325717143949577,0.2372337735565499,bindi2014_rhyp,4.5,2015-01-01,2.0,1
104,94,-0.38819940238607975,1,816,24,-0.4227493066853165,0,424,1|0,-0.3898577402536796,-0.4137594271534574,bindi2014_rhyp,4.5,2015-01-01,2.0,1
105,37,0.12068245627820784,1,816,10,0.08621919312362358,0,424,1|0,0.11902411841060803,0.09520907265548267,bindi2014_rhyp,4.5,2015-01-01,2.0,1
106,37,-0.08528635911569027,1,816,8,-0.23434683667422396,0,424,1|0,-0.08694469698329008,-0.22535695714236487,bindi2014_rhyp,4.5,2015-01-01,2.0,1
109,28,-0.045079722255781274,1,816,9,-0.14211351462970168,0,424,1|0,-0.04673806012338109,-0.13312363509784259,bindi2014_rhyp,4.5,2015-01-01,2.0,1
110,23,0.13240323009689048,1,816,8,-0.08013642329054615,0,424,1|0,0.13074489222929067,-0.07114654375868706,bindi2014_rhyp,4.5,2015-01-01,2.0,1
113,20,-0.3059598974031179,1,816,6,-0.31703471752303747,0,424,1|0,-0.30761823527071774,-0.3080448379911784,bindi2014_rhyp,4.5,2015-01-01,2.0,1
115,38,0.025138363159375676,1,816,7,0.16860485389821567,0,424,1|0,0.023480025291775865,0.17759473343007476,bindi2014_rhyp,4.5,2015-01-01,2.0,1
117,30,0.2877416846092277,1,816,6,0.15532443199115958,0,424,1|0,0.2860833467416279,0.16431431152301867,bindi2014_rhyp,4.5,2015-01-01,2.0,1
118,49,0.18546176066907938,1,816,21,0.30115050729154647,0,424,1|0,0.18380342280147957,0.31014038682340556,bindi2014_rhyp,4.5,2015-01-01,2.0,1
119,25,-0.18904138874610454,1,816,21,-0.06969044673822067,0,424,1|0,-0.19069972661370435,-0.06070056720636158,bindi2014_rhyp,4.5,2015-01-01,2.0,1
120,41,-0.049641951673721874,1,816,8,-0.05523872138207653,0,424,1|0,-0.05130028954132169,-0.04624884185021744,bindi2014_rhyp,4.5,2015-01-01,2.0,1
121,22,-0.1932910630948227,1,816,5,-0.2391055062567321,0,424,1|0,-0.1949494009624225,-0.230115626724873,bindi2014_rhyp,4.5,2015-01-01,2.0,1
123,21,0.07578051121249019,1,816,5,0.03338130584303034,0,424,1|0,0.07412217334489038,0.04237118537488943,bindi2014_rhyp,4.5,2015-01-01,2.0,1
124,37,-0.178786168829853,1,816,6,-0.20946089961177716,0,424,1|0,-0.1804445066974528,-0.20047102007991807,bindi2014_rhyp,4.5,2015-01-01,2.0,1
126,20,-0.03905795534781553,1,816,8,-0.15805970869236408,0,424,1|0,-0.040716293215415346,-0.14906982916050499,bindi2014_rhyp,4.5,2015-01-01,2.0,1
127,50,-0.03866717663236785,1,816,6,-0.12581577780270126,0,424,1|0,-0.040325514499967664,-0.11682589827084217,bindi2014_rhyp,4.5,2015-01-01,2.0,1
128,42,-0.19938168005009438,1,816,8,-0.25351144270719783,0,424,1|0,-0.20104001791769419,-0.24452156317533874,bindi2014_rhyp,4.5,2015-01-01,2.0,1
130,77,-0.08503109322982905,1,816,19,-0.15247361731592024,0,424,1|0,-0.08668943109742885,-0.14348373778406115,bindi2014_rhyp,4.5,2015-01-01,2.0,1
131,67,-0.06676223841440287,1,816,14,-0.009479687627824918,0,424,1|0,-0.06842057628200268,-0.0004898080959658234,bindi2014_rhyp,4.5,2015-01-01,2.0,1
134,23,-0.4079015499287817,1,816,6,-0.45108057772513843,0,424,1|0,-0.4095598877963815,-0.44209069819327934,bindi2014_rhyp,4.5,2015-01-01,2.0,1
135,39,0.29594385033124077,1,816,11,0.28483240452013103,0,424,1|0,0.29428551246364093,0.2938222840519901,bindi2014_rhyp,4.5,2015-01-01,2.0,1
136,27,-0.11735249526933944,1,816,9,-0.27830474683099726,0,424,1|0,-0.11901083313693925,-0.26931486729913817,bindi2014_rhyp,4.5,2015-01-01,2.0,1
137,56,-0.16624568933051043,1,816,8,-0.10638159777555767,0,424,1|0,-0.16790402719811023,-0.09739171824369858,bindi2014_rhyp,4.5,2015-01-01,2.0,1
139,31,-0.07075508587365087,1,816,8,-0.09312083865793097,0,424,1|0,-0.07241342374125068,-0.08413095912607188,bindi2014_rhyp,4.5,2015-01-01,2.0,1
141,31,-0.031199523593010814,1,816,6,0.058922712981318626,0,424,1|0,-0.03285786146061063,0.06791259251317772,bindi2014_rhyp,4.5,2015-01-01,2.0,1
142,25,-0.2314280943587731,1,816,7,-0.4076950808397448,0,424,1|0,-0.2330864322263729,-0.3987052013078857,bindi2014_rhyp,4.5,2015-01-01,2.0,1
144,33,-0.04811717248117786,1,816,13,-0.07328820556085935,0,424,1|0,-0.049775510348777675,-0.06429832602900026,bindi2014_rhyp,4.5,2015-01-01,2.0,1
146,52,-0.423878769878953,1,816,15,-0.41453460175567003,0,424,1|0,-0.42553710774655285,-0.40554472222381094,bindi2014_rhyp,4.5,2015-01-01,2.0,1
151,35,-0.46038075704188497,1,816,8,-0.5584691100664122,0,424,1|0,-0.4620390949094848,-0.549479230534553,bindi2014_rhyp,4.5,2015-01-01,2.0,1
153,37,-0.011079412733317584,1,816,10,-0.008339585145689554,0,424,1|0,-0.012737750600917395,0.00065029438616954,bindi2014_rhyp,4.5,2015-01-01,2.0,1
154,71,-0.00929050092046968,1,816,12,-0.07387127749547062,0,424,1|0,-0.01094883878806949,-0.06488139796361153,bindi2014_rhyp,4.5,2015-01-01,2.0,1
156,77,-0.1033500629656986,1,816,16,-0.2112974566980289,0,424,1|0,-0.1050084008332984,-0.20230757716616982,bindi2014_rhyp,4.5,2015-01-01,2.0,1
157,23,0.061126257806365714,1,816,7,0.022941739665097716,0,424,1|0,0.0594679199387659,0.031931619196956806,bindi2014_rhyp,4.5,2015-01-01,2.0,1
158,47,-0.1029713626878247,1,816,13,-0.1075149037644687,0,424,1|0,-0.1046297005554245,-0.09852502423260961,bindi2014_rhyp,4.5,2015-01-01,2.0,1
159,25,-0.1736997500131673,1,816,7,-0.20639629931633097,0,424,1|0,-0.1753580878807671,-0.19740641978447188,bindi2014_rhyp,4.5,2015-01-01,2.0,1
161,25,0.21495575058639504,1,816,6,0.08996043400647624,0,424,1|0,0.21329741271879524,0.09895031353833533,bindi2014_rhyp,4.5,2015-01-01,2.0,1
162,74,0.4697135763770074,1,816,10,0.3351360484387113,0,424,1|0,0.46805523850940756,0.3441259279705704,bindi2014_rhyp,4.5,2015-01-01,2.0,1
163,114,0.42303646178361004,1,816,21,0.3288977604439536,0,424,1|0,0.4213781239160102,0.33788763997581267,bindi2014_rhyp,4.5,2015-01-01,2.0,1
164,74,0.0050247123958415685,1,816,12,-0.07543181496393092,0,424,1|0,0.0033663745282417573,-0.06644193543207183,bindi2014_rhyp,4.5,2015-01-01,2.0,1
165,18,0.14521488780189007,1,816,5,0.03745007637752734,0,424,1|0,0.14355654993429026,0.04643995590938643,bindi2014_rhyp,4.5,2015-01-01,2.0,1
166,86,-0.13043201584929875,1,816,17,-0.12322742958688992,0,424,1|0,-0.13209035371689856,-0.11423755005503083,bindi2014_rhyp,4.5,2015-01-01,2.0,1
167,44,-0.10644667606556202,1,816,5,-0.07302686683751924,0,424,1|0,-0.10810501393316183,-0.06403698730566015,bindi2014_rhyp,4.5,2015-01-01,2.0,1
168,55,-0.1881056349940703,1,816,22,-0.19022353313163365,0,424,1|0,-0.1897639728616701,-0.18123365359977456,bindi2014_rhyp,4.5,2015-01-01,2.0,1
169,30,-0.12210403086935129,1,816,8,-0.23403679109918485,0,424,1|0,-0.1237623687369511,-0.22504691156732576,bindi2014_rhyp,4.5,2015-01-01,2.0,1
170,115,-0.40003875896398644,1,816,34,-0.4263062603437293,0,424,1|0,-0.4016970968315863,-0.4173163808118702,bindi2014_rhyp,4.5,2015-01-01,2.0,1
175,26,0.17788526843887587,1,816,5,0.4357772628870942,0,424,1|0,0.17622693057127606,0.44476714241895327,bindi2014_rhyp,4.5,2015-01-01,2.0,1
176,17,-0.43608514769615536,1,816,5,-0.5201475136083024,0,424,1|0,-0.4377434855637552,-0.5111576340764432,bindi2014_rhyp,4.5,2015-01-01,2.0,1
178,48,-0.3121033325094873,1,816,17,-0.3136875305579496,0,424,1|0,-0.31376167037708713,-0.30469765102609053,bindi2014_rhyp,4.5,2015-01-01,2.0,1
179,29,-0.49009188612286314,1,816,6,-0.6210066216814808,0,424,1|0,-0.491750223990463,-0.6120167421496217,bindi2014_rhyp,4.5,2015-01-01,2.0,1
181,63,0.3592007183078222,1,816,24,0.2720594422790372,0,424,1|0,0.35754238044022235,0.2810493218108963,bindi2014_rhyp,4.5,2015-01-01,2.0,1
182,60,0.3866823403312345,1,816,12,0.2896562701564894,0,424,1|0,0.38502400246363466,0.2986461496883485,bindi2014_rhyp,4.5,2015-01-01,2.0,1
185,45,-0.0020692023330897147,1,816,10,0.016517131849577205,0,424,1|0,-0.003727540200689526,0.0255070113814363,bindi2014_rhyp,4.5,2015-01-01,2.0,1
187,20,-0.09211177470604481,1,816,6,-0.08615137062021894,0,424,1|0,-0.09377011257364462,-0.07716149108835985,bindi2014_rhyp,4.5,2015-01-01,2.0,1
190,114,0.47188916466793285,1,816,33,0.3643835479199862,0,424,1|0,0.470230826800333,0.37337342745184526,bindi2014_rhyp,4.5,2015-01-01,2.0,1
191,80,0.37135673920179046,1,816,25,0.29189053984848284,0,424,1|0,0.36969840133419063,0.30088041938034193,bindi2014_rhyp,4.5,2015-01-01,2.0,1
194,91,-0.05110523171595183,1,816,25,0.03233222591689855,0,424,1|0,-0.05276356958355164,0.04132210544875764,bindi2014_rhyp,4.5,2015-01-01,2.0,1
195,72,-0.17740847336990895,1,816,19,-0.24596243295094333,0,424,1|0,-0.17906681123750876,-0.23697255341908424,bindi2014_rhyp,4.5,2015-01-01,2.0,1
196,76,0.17581948536325254,1,816,24,0.11584571277637945,0,424,1|0,0.17416114749565273,0.12483559230823854,bindi2014_rhyp,4.5,2015-01-01,2.0,1
197,46,0.1898806047804774,1,816,20,0.2663283749323696,0,424,1|0,0.1882222669128776,0.2753182544642287,bindi2014_rhyp,4.5,2015-01-01,2.0,1
198,46,0.5905232402269063,1,816,6,0.6217431700299844,0,424,1|0,0.5888649023593064,0.6307330495618435,bindi2014_rhyp,4.5,2015-01-01,2.0,1
199,79,-0.03270480709124568,1,816,13,-0.16294341160355308,0,424,1|0,-0.034363144958845494,-0.153953532071694,bindi2014_rhyp,4.5,2015-01-01,2.0,1
200,70,-0.30905840750826186,1,816,9,-0.3238494720156635,0,424,1|0,-0.3107167453758617,-0.3148595924838044,bindi2014_rhyp,4.5,2015-01-01,2.0,1
201,30,-0.09262761406758557,1,816,9,-0.2177159480079025,0,424,1|0,-0.09428595193518538,-0.2087260684760434,bindi2014_rhyp,4.5,2015-01-01,2.0,1
202,23,-0.4140292187099095,1,816,11,-0.4407333410524169,0,424,1|0,-0.41568755657750933,-0.4317434615205578,bindi2014_rhyp,4.5,2015-01-01,2.0,1
205,95,0.13444722944485576,1,816,19,0.17682336467369403,0,424,1|0,0.13278889157725596,0.18581324420555312,bindi2014_rhyp,4.5,2015-01-01,2.0,1
207,87,-0.2696907076137225,1,816,20,-0.3529226347271013,0,424,1|0,-0.2713490454813223,-0.3439327551952422,bindi2014_rhyp,4.5,2015-01-01,2.0,1
208,19,-0.03764125032903043,1,816,7,-0.07389888811316248,0,424,1|0,-0.03929958819663024,-0.06490900858130338,bindi2014_rhyp,4.5,2015-01-01,2.0,1
212,55,-0.03232564820710426,1,816,10,-0.042340908818577105,0,424,1|0,-0.03398398607470408,-0.033351029286718015,bindi2014_rhyp,4.5,2015-01-01,2.0,1
213,37,0.10773578710665199,1,816,11,0.052093698402278565,0,424,1|0,0.10607744923905219,0.061083577934137656,bindi2014_rhyp,4.5,2015-01-01,2.0,1
214,30,-0.2427257915496287,1,816,14,-0.3437614428936686,0,424,1|0,-0.2443841294172285,-0.3347715633618095,bindi2014_rhyp,4.5,2015-01-01,2.0,1
215,16,0.23528528072799965,1,816,6,0.09635546874665873,0,424,1|0,0.23362694286039984,0.10534534827851783,bindi2014_rhyp,4.5,2015-01-01,2.0,1
216,71,-0.15558105377413045,1,816,13,-0.2866827812146102,0,424,1|0,-0.15723939164173026,-0.2776929016827511,bindi2014_rhyp,4.5,2015-01-01,2.0,1
217,25,0.06159944783002724,1,816,7,-0.07649896758010444,0,424,1|0,0.05994110996242743,-0.06750908804824535,bindi2014_rhyp,4.5,2015-01-01,2.0,1
218,37,-0.009534207785347415,1,816,11,-0.13502041019022815,0,424,1|0,-0.011192545652947226,-0.12603053065836906,bindi2014_rhyp,4.5,2015-01-01,2.0,1
219,43,-0.08585525461903631,1,816,12,-0.09922600788812619,0,424,1|0,-0.08751359248663612,-0.0902361283562671,bindi2014_rhyp,4.5,2015-01-01,2.0,1
220,31,-0.05825448611326656,1,816,7,-0.2462009211198356,0,424,1|0,-0.05991282398086637,-0.2372110415879765,bindi2014_rhyp,4.5,2015-01-01,2.0,1
221,62,-0.15110288049578113,1,816,14,-0.12978629473802672,0,424,1|0,-0.15276121836338094,-0.12079641520616763,bindi2014_rhyp,4.5,2015-01-01,2.0,1
222,45,-0.11074398601105173,1,816,9,-0.19158479798073924,0,424,1|0,-0.11240232387865154,-0.18259491844888015,bindi2014_rhyp,4.5,2015-01-01,2.0,1
223,63,0.05830808347294547,1,816,12,0.018099245224069915,0,424,1|0,0.05664974560534566,0.02708912475592901,bindi2014_rhyp,4.5,2015-01-01,2.0,1
224,25,-0.13537504060670802,1,816,6,-0.2135077631045046,0,424,1|0,-0.13703337847430783,-0.2045178835726455,bindi2014_rhyp,4.5,2015-01-01,2.0,1
225,66,-0.017467271807194207,1,816,12,-0.18350095347464368,0,424,1|0,-0.019125609674794018,-0.1745110739427846,bindi2014_rhyp,4.5,2015-01-01,2.0,1
226,41,0.37606338500731173,1,816,10,0.30808765958335005,0,424,1|0,0.3744050471397119,0.31707753911520914,bindi2014_rhyp,4.5,2015-01-01,2.0,1
227,31,-0.0893468531293905,1,816,7,-0.20763909722024698,0,424,1|0,-0.09100519099699031,-0.1986492176883879,bindi2014_rhyp,4.5,2015-01-01,2.0,1
228,30,0.015848385561217593,1,816,9,-0.12382139101487599,0,424,1|0,0.014190047693617782,-0.1148315114830169,bindi2014_rhyp,4.5,2015-01-01,2.0,1
380,48,-0.1891897267742385,1,816,20,-0.01698984745812082,0,424,1|0,-0.19084806464183832,-0.007999967926261727,bindi2014_rhyp,4.5,2015-01-01,2.0,1
382,20,-0.3374330889530395,1,816,8,-0.11957987251551494,0,424,1|0,-0.3390914268206393,-0.11058999298365585,bindi2014_rhyp,4.5,2015-01-01,2.0,1
387,16,-0.0937987080086442,1,816,5,0.07179402545102997,0,424,1|0,-0.09545704587624401,0.08078390498288907,bindi2014_rhyp,4.5,2015-01-01,2.0,1
388,29,0.1257984254117015,1,816,11,0.18850536972216886,0,424,1|0,0.12414008754410169,0.19749524925402795,bindi2014_rhyp,4.5,2015-01-01,2.0,1
389,37,0.14031832350059104,1,816,10,0.23352734486064525,0,424,1|0,0.13865998563299123,0.24251722439250434,bindi2014_rhyp,4.5,2015-01-01,2.0,1
390,28,0.037829131225207924,1,816,7,0.05674331754864098,0,424,1|0,0.03617079335760811,0.06573319708050007,bindi2014_rhyp,4.5,2015-01-01,2.0,1
392,17,0.06920254809109327,1,816,7,0.20144448251190433,0,424,1|0,0.06754421022349347,0.21043436204376342,bindi2014_rhyp,4.5,2015-01-01,2.0,1
396,42,-0.13964273741278854,1,816,16,-0.006836678820468345,0,424,1|0,-0.14130107528038835,0.0021532007113907493,bindi2014_rhyp,4.5,2015-01-01,2.0,1
397,43,0.1394373948395693,1,816,11,0.2817439143938145,0,424,1|0,0.1377790569719695,0.2907337939256736,bindi2014_rhyp,4.5,2015-01-01,2.0,1
399,20,-0.35086893508820083,1,816,5,0.03466488396777767,0,424,1|0,-0.35252727295580066,0.04365476349963676,bindi2014_rhyp,4.5,2015-01-01,2.0,1
400,16,0.5765413241627004,1,816,5,0.9825432158724529,0,424,1|0,0.5748829862951006,0.991533095404312,bindi2014_rhyp,4.5,2015-01-01,2.0,1
404,15,0.28076142115720315,1,816,5,0.17432148022341454,0,424,1|0,0.2791030832896033,0.18331135975527363,bindi2014_rhyp,4.5,2015-01-01,2.0,1
406,37,-0.14144173144372407,1,816,11,0.10393711283653206,0,424,1|0,-0.14310006931132388,0.11292699236839115,bindi2014_rhyp,4.5,2015-01-01,2.0,1
408,17,0.38048264277920274,1,816,5,0.5395507118857461,0,424,1|0,0.3788243049116029,0.5485405914176052,bindi2014_rhyp,4.5,2015-01-01,2.0,1
411,53,-0.043901045291358076,1,816,13,-0.023702916623761783,0,424,1|0,-0.04555938315895789,-0.014713037091902689,bindi2014_rhyp,4.5,2015-01-01,2.0,1
413,53,-0.10486805390697451,1,816,15,0.03894876259394159,0,424,1|0,-0.10652639177457432,0.04793864212580068,bindi2014_rhyp,4.5,2015-01-01,2.0,1
415,74,-0.10957490239286694,1,816,16,-0.08837445678668132,0,424,1|0,-0.11123324026046674,-0.07938457725482223,bindi2014_rhyp,4.5,2015-01-01,2.0,1
417,68,-0.2453038653749412,1,816,24,-0.16045225723077017,0,424,1|0,-0.246962203242541,-0.15146237769891108,bindi2014_rhyp,4.5,2015-01-01,2.0,1
418,53,0.23844517415758298,1,816,20,0.29394166872235417,0,424,1|0,0.23678683628998318,0.30293154825421326,bindi2014_rhyp,4.5,2015-01-01,2.0,1
419,49,0.1337724650496115,1,816,9,0.31159049956329876,0,424,1|0,0.13211412718201168,0.32058037909515785,bindi2014_rhyp,4.5,2015-01-01,2.0,1
420,19,0.10514504838682237,1,816,6,0.23430520493248042,0,424,1|0,0.10348671051922256,0.2432950844643395,bindi2014_rhyp,4.5,2015-01-01,2.0,1
421,23,0.11078447304587746,1,816,7,0.13435382632532805,0,424,1|0,0.10912613517827766,0.14334370585718714,bindi2014_rhyp,4.5,2015-01-01,2.0,1
427,22,-0.0016033405276434376,1,816,6,0.10140902192820289,0,424,1|0,-0.0032616783952432488,0.11039890146006198,bindi2014_rhyp,4.5,2015-01-01,2.0,1
428,22,-0.12087402301706407,1,816,9,0.0018429307244193227,0,424,1|0,-0.12253236088466388,0.010832810256278417,bindi2014_rhyp,4.5,2015-01-01,2.0,1
429,22,-0.04678384001156166,1,816,5,0.044576807345937774,0,424,1|0,-0.048442177879161476,0.053566686877796865,bindi2014_rhyp,4.5,2015-01-01,2.0,1
431,21,-0.413606484681613,1,816,10,-0.4750028437553917,0,424,1|0,-0.4152648225492128,-0.4660129642235326,bindi2014_rhyp,4.5,2015-01-01,2.0,1
434,18,0.06582970974389746,1,816,5,0.5337614576035291,0,424,1|0,0.06417137187629765,0.5427513371353883,bindi2014_rhyp,4.5,2015-01-01,2.0,1
435,22,-0.17229260886809605,1,816,6,0.029618828211474824,0,424,1|0,-0.17395094673569586,0.038608707743333914,bindi2014_rhyp,4.5,2015-01-01,2.0,1
436,28,0.31819364629489316,1,816,10,0.4255223620627909,0,424,1|0,0.3165353084272933,0.43451224159465,bindi2014_rhyp,4.5,2015-01-01,2.0,1
441,37,-0.16461242335671555,1,816,11,-0.017199315324703424,0,424,1|0,-0.16627076122431536,-0.00820943579284433,bindi2014_rhyp,4.5,2015-01-01,2.0,1
443,23,0.21288316269649343,1,816,6,0.2769212747527096,0,424,1|0,0.21122482482889363,0.2859111542845687,bindi2014_rhyp,4.5,2015-01-01,2.0,1
445,19,0.08637521621646338,1,816,5,0.3261493603392607,0,424,1|0,0.08471687834886357,0.33513923987111977,bindi2014_rhyp,4.5,2015-01-01,2.0,1
448,58,-0.0001404907170331482,1,816,15,0.17830254518758287,0,424,1|0,-0.0017988285846329594,0.18729242471944196,bindi2014_rhyp,4.5,2015-01-01,2.0,1
449,34,0.03732631773613759,1,816,8,0.16704905748491883,0,424,1|0,0.03566797986853778,0.17603893701677792,bindi2014_rhyp,4.5,2015-01-01,2.0,1
450,40,0.1917193723556534,1,816,14,0.2948416968142409,0,424,1|0,0.1900610344880536,0.3038315763461,bindi2014_rhyp,4.5,2015-01-01,2.0,1
451,15,-0.07788963196662158,1,816,8,0.10150748813809546,0,424,1|0,-0.07954796983422138,0.11049736766995455,bindi2014_rhyp,4.5,2015-01-01,2.0,1
456,37,-0.12824913104092128,1,816,12,-0.01325078870443619,0,424,1|0,-0.1299074689085211,-0.004260909172577095,bindi2014_rhyp,4.5,2015-01-01,2.0,1
460,51,0.3544172782798205,1,816,15,0.4986374793831696,0,424,1|0,0.35275894041222067,0.5076273589150287,bindi2014_rhyp,4.5,2015-01-01,2.0,1
461,54,0.01344437756084138,1,816,14,0.16935439081296444,0,424,1|0,0.01178603969324157,0.17834427034482353,bindi2014_rhyp,4.5,2015-01-01,2.0,1
462,39,-0.2128778659390025,1,816,10,-0.12549340209086257,0,424,1|0,-0.2145362038066023,-0.11650352255900348,bindi2014_rhyp,4.5,2015-01-01,2.0,1
468,29,0.5545666951696903,1,816,14,0.6101289041429635,0,424,1|0,0.5529083573020904,0.6191187836748226,bindi2014_rhyp,4.5,2015-01-01,2.0,1
469,42,0.1125829482012154,1,816,9,0.16245585193401274,0,424,1|0,0.11092461033361559,0.17144573146587183,bindi2014_rhyp,4.5,2015-01-01,2.0,1
470,66,-0.14418150953956899,1,816,16,-0.09270566794067381,0,424,1|0,-0.1458398474071688,-0.08371578840881472,bindi2014_rhyp,4.5,2015-01-01,2.0,1
23,31,-0.16435804344164717,1,823,5,-0.1776133151517919,1,413,1|1,-0.15815768431347657,-0.16575599312961023,bindi2014_rhyp,4.5,2015-01-01,2.0,2
25,34,0.421582916489518,1,823,9,0.4306564334213643,1,413,1|1,0.4277832756176886,0.44251375544354593,bindi2014_rhyp,4.5,2015-01-01,2.0,2
26,90,0.013901093561044409,1,823,24,0.05889781797668492,1,413,1|1,0.02010145268921501,0.0707551399988666,bindi2014_rhyp,4.5,2015-01-01,2.0,2
27,40,-0.08308040476840317,1,823,8,-0.047459111490222194,1,413,1|1,-0.07688004564023257,-0.03560178946804052,bindi2014_rhyp,4.5,2015-01-01,2.0,2
28,41,0.013723096796891099,1,823,7,-0.07026095554011569,1,413,1|1,0.0199234559250617,-0.05840363351793401,bindi2014_rhyp,4.5,2015-01-01,2.0,2
29,45,-0.18964695402341225,1,823,7,-0.4594226745862825,1,413,1|1,-0.18344659489524165,-0.44756535256410085,bindi2014_rhyp,4.5,2015-01-01,2.0,2
30,23,-0.11808938360036592,1,823,8,-0.04956139705914886,1,413,1|1,-0.11188902447219531,-0.03770407503696718,bindi2014_rhyp,4.5,2015-01-01,2.0,2
31,26,0.14013004291175335,1,823,7,0.15885059867231466,1,413,1|1,0.14633040203992395,0.17070792069449633,bindi2014_rhyp,4.5,2015-01-01,2.0,2
32,25,-1.4544853745540187,1,823,9,-1.4363176573179897,1,413,1|1,-1.4482850154258482,-1.424460335295808,bindi2014_rhyp,4.5,2015-01-01,2.0,2
35,28,0.1924114048969136,1,823,8,0.31183674315930077,1,413,1|1,0.1986117640250842,0.3236940651814824,bindi2014_rhyp,4.5,2015-01-01,2.0,2
38,25,-0.26891839482234936,1,823,9,-0.052366683721435714,1,413,1|1,-0.2627180356941788,-0.04050936169925404,bindi2014_rhyp,4.5,2015-01-01,2.0,2
39,55,-0.02527239716579599,1,823,24,-0.03284125427771234,1,413,1|1,-0.01907203803762539,-0.020983932255530666,bindi2014_rhyp,4.5,2015-01-01,2.0,2
45,44,0.13543943969047212,1,823,18,0.17180653787910527,1,413,1|1,0.14163979881864272,0.18366385990128695,bindi2014_rhyp,4.5,2015-01-01,2.0,2
46,23,-0.35868415699935374,1,823,6,0.020166986299886225,1,413,1|1,-0.35248379787118317,0.0320243083220679,bindi2014_rhyp,4.5,2015-01-01,2.0,2
47,30,0.5325614971514901,1,823,8,0.538868724824288,1,413,1|1,0.5387618562796608,0.5507260468464698,bindi2014_rhyp,4.5,2015-01-01,2.0,2
50,20,0.12586554658468807,1,823,8,-0.01669347745486427,1,413,1|1,0.13206590571285867,-0.004836155432682596,bindi2014_rhyp,4.5,2015-01-01,2.0,2
52,24,0.28252111152259857,1,823,9,0.3850547842165384,1,413,1|1,0.28872147065076914,0.39691210623872003,bindi2014_rhyp,4.5,2015-01-01,2.0,2
54,103,-0.11064561343183288,1,823,24,-0.09079983482027965,1,413,1|1,-0.10444525430366228,-0.07894251279809797,bindi2014_rhyp,4.5,2015-01-01,2.0,2
55,74,0.23937903403271288,1,823,26,0.17336491553864253,1,413,1|1,0.24557939316088348,0.1852222375608242,bindi2014_rhyp,4.5,2015-01-01,2.0,2
56,61,0.08485069213429819,1,823,17,0.1259335547601822,1,413,1|1,0.09105105126246879,0.13779087678236387,bindi2014_rhyp,4.5,2015-01-01,2.0,2
57,66,-0.31973339903180775,1,823,13,-0.4289094487227826,1,413,1|1,-0.3135330399036372,-0.41705212670060093,bindi2014_rhyp,4.5,2015-01-01,2.0,2
58,33,-0.012426616725634165,1,823,12,-0.03360689355681945,1,413,1|1,-0.006226257597463565,-0.021749571534637777,bindi2014_rhyp,4.5,2015-01-01,2.0,2
59,44,-0.07431846890164717,1,823,19,-0.029862050821318875,1,413,1|1,-0.06811810977347657,-0.018004728799137202,bindi2014_rhyp,4.5,2015-01-01,2.0,2
60,76,-0.07154518842984703,1,823,26,-0.11583881340765412,1,413,1|1,-0.06534482930167643,-0.10398149138547244,bindi2014_rhyp,4.5,2015-01-01,2.0,2
61,56,0.09887808409027765,1,823,23,0.05385480198439052,1,413,1|1,0.10507844321844825,0.0657121240065722,bindi2014_rhyp,4.5,2015-01-01,2.0,2
62,50,-0.097399956030084,1,823,22,-0.1422202320502729,1,413,1|1,-0.0911995969019134,-0.13036291002809122,bindi2014_rhyp,4.5,2015-01-01,2.0,2
65,25,-0.30777521700779586,1,823,10,-0.22434950161440603,1,413,1|1,-0.3015748578796253,-0.21249217959222436,bindi2014_rhyp,4.5,2015-01-01,2.0,2
66,69,0.1628524883533623,1,823,24,0.08738892217184402,1,413,1|1,0.1690528474815329,0.0992462441940257,bindi2014_rhyp,4.5,2015-01-01,2.0,2
67,19,-0.18465283021994794,1,823,6,-0.2554282335315782,1,413,1|1,-0.17845247109177734,-0.2435709115093965,bindi2014_rhyp,4.5,2015-01-01,2.0,2
69,63,0.4500669741702061,1,823,20,0.391815851732357,1,413,1|1,0.45626733329837665,0.40367317375453865,bindi2014_rhyp,4.5,2015-01-01,2.0,2
70,49,0.353144098897309,1,823,21,0.2653092600352872,1,413,1|1,0.3593444580254796,0.27716658205746886,bindi2014_rhyp,4.5,2015-01-01,2.0,2
73,25,-0.12167546300116783,1,823,8,-0.029334966664539497,1,413,1|1,-0.11547510387299723,-0.017477644642357824,bindi2014_rhyp,4.5,2015-01-01,2.0,2
74,26,-0.17493446830987514,1,823,8,-0.06826712916183297,1,413,1|1,-0.16873410918170453,-0.0564098071396513,bindi2014_rhyp,4.5,2015-01-01,2.0,2
75,23,0.22345303561426166,1,823,8,0.2612581584944331,1,413,1|1,0.22965339474243227,0.2731154805166148,bindi2014_rhyp,4.5,2015-01-01,2.0,2
76,26,0.4846879662941547,1,823,8,0.5144030988373103,1,413,1|1,0.4908883254223253,0.526260420859492,bindi2014_rhyp,4.5,2015-01-01,2.0,2
78,24,-0.11574879071852195,1,823,12,-0.16511001102272715,1,413,1|1,-0.10954843159035135,-0.15325268900054548,bindi2014_rhyp,4.5,2015-01-01,2.0,2
79,34,0.16719952800112092,1,823,13,0.0896829432595515,1,413,1|1,0.17339988712929152,0.10154026528173318,bindi2014_rhyp,4.5,2015-01-01,2.0,2
81,118,-0.07837193975953982,1,823,26,-0.07923073063080965,1,413,1|1,-0.07217158063136922,-0.06737340860862798,bindi2014_rhyp,4.5,2015-01-01,2.0,2
84,31,0.4594926158787067,1,823,11,0.48680410624390963,1,413,1|1,0.4656929750068773,0.4986614282660913,bindi2014_rhyp,4.5,2015-01-01,2.0,2
86,17,-0.3500783804257295,1,823,5,-0.347083861077628,1,413,1|1,-0.3438780212975589,-0.33522653905544636,bindi2014_rhyp,4.5,2015-01-01,2.0,2
87,59,0.011647105109112488,1,823,14,0.0364132348562094,1,413,1|1,0.01784746423728309,0.048270556878391074,bindi2014_rhyp,4.5,2015-01-01,2.0,2
88,62,-0.08896263708312457,1,823,19,-0.15265752720115333,1,413,1|1,-0.08276227795495397,-0.14080020517897165,bindi2014_rhyp,4.5,2015-01-01,2.0,2
89,116,0.036553094156986266,1,823,32,-0.005454513085464852,1,413,1|1,0.04275345328515687,0.006402808936716822,bindi2014_rhyp,4.5,2015-01-01,2.0,2
90,63,-0.47002904193053974,1,823,14,-0.4289852327792548,1,413,1|1,-0.46382868280236916,-0.4171279107570732,bindi2014_rhyp,4.5,2015-01-01,2.0,2
91,42,-0.23240716702046782,1,823,20,-0.3041161974710199,1,413,1|1,-0.22620680789229722,-0.2922588754488383,bindi2014_rhyp,4.5,2015-01-01,2.0,2
93,53,-0.1484460067656702,1,823,15,-0.026910005367147827,1,413,1|1,-0.1422456476374996,-0.015052683344966154,bindi2014_rhyp,4.5,2015-01-01,2.0,2
94,27,0.4491761579709011,1,823,10,0.5120487484523932,1,413,1|1,0.4553765170990717,0.5239060704745749,bindi2014_rhyp,4.5,2015-01-01,2.0,2
95,36,0.36558807817109373,1,823,10,0.30331398151844036,1,413,1|1,0.3717884372992643,0.315171303540622,bindi2014_rhyp,4.5,2015-01-01,2.0,2
97,26,-0.21959011204188916,1,823,9,-0.22110976914088332,1,413,1|1,-0.21338975291371856,-0.20925244711870164,bindi2014_rhyp,4.5,2015-01-01,2.0,2
98,51,-0.2826551009786066,1,823,13,-0.19677190248832443,1,413,1|1,-0.276454741850436,-0.18491458046614276,bindi2014_rhyp,4.5,2015-01-01,2.0,2
102,115,0.37167138286151186,1,823,28,0.42213854017998886,1,413,1|1,0.37787174198968243,0.4339958622021705,bindi2014_rhyp,4.5,2015-01-01,2.0,2
103,73,0.13100143588285829,1,823,28,0.0969136724497881,1,413,1|1,0.1372017950110289,0.10877099447196978,bindi2014_rhyp,4.5,2015-01-01,2.0,2
104,90,-0.38342770024398254,1,823,28,-0.44266872387918144,1,413,1|1,-0.37722734111581196,-0.4308114018569998,bindi2014_rhyp,4.5,2015-01-01,2.0,2
105,36,0.1108030055811281,1,823,11,0.1261678743342518,1,413,1|1,0.1170033647092987,0.13802519635643348,bindi2014_rhyp,4.5,2015-01-01,2.0,2
106,33,-0.12292843283674038,1,823,12,-0.08607547539118021,1,413,1|1,-0.11672807370856977,-0.07421815336899854,bindi2014_rhyp,4.5,2015-01-01,2.0,2
107,15,0.386023988500249,1,823,5,0.4834435250729279,1,413,1|1,0.39222434762841957,0.4953008470951096,bindi2014_rhyp,4.5,2015-01-01,2.0,2
108,18,0.07744841696460081,1,823,5,0.2173679865178011,1,413,1|1,0.08364877609277141,0.22922530853998277,bindi2014_rhyp,4.5,2015-01-01,2.0,2
109,26,-0.0749140600181929,1,823,11,-0.04695288939088693,1,413,1|1,-0.0687137008900223,-0.035095567368705255,bindi2014_rhyp,4.5,2015-01-01,2.0,2
110,25,0.07181932099219479,1,823,6,0.13739504218482734,1,413,1|1,0.07801968012036539,0.14925236420700902,bindi2014_rhyp,4.5,2015-01-01,2.0,2
112,16,0.22227487071953445,1,823,10,0.2077836399133557,1,413,1|1,0.22847522984770505,0.21964096193553737,bindi2014_rhyp,4.5,2015-01-01,2.0,2
113,18,-0.30089774018334214,1,823,8,-0.31870590365693496,1,413,1|1,-0.29469738105517157,-0.3068485816347533,bindi2014_rhyp,4.5,2015-01-01,2.0,2
115,32,0.04607005988745794,1,823,13,0.04021975129191602,1,413,1|1,0.05227041901562854,0.052077073314097694,bindi2014_rhyp,4.5,2015-01-01,2.0,2
116,19,0.4072945139253059,1,823,5,0.4430451833403194,1,413,1|1,0.4134948730534765,0.45490250536250104,bindi2014_rhyp,4.5,2015-01-01,2.0,2
117,28,0.2320491269763087,1,823,8,0.37538851595167444,1,413,1|1,0.2382494861044793,0.3872458379738561,bindi2014_rhyp,4.5,2015-01-01,2.0,2
118,58,0.2362030789028044,1,823,12,0.14547831697731095,1,413,1|1,0.242403438030975,0.15733563899949263,bindi2014_rhyp,4.5,2015-01-01,2.0,2
119,40,-0.09650101406931977,1,823,6,-0.3471258656085684,1,413,1|1,-0.09030065494114917,-0.33526854358638675,bindi2014_rhyp,4.5,2015-01-01,2.0,2
120,36,-0.040848353891392075,1,823,13,-0.08664030147045532,1,413,1|1,-0.034647994763221474,-0.07478297944827364,bindi2014_rhyp,4.5,2015-01-01,2.0,2
122,28,0.2411344148113812,1,823,6,0.23839167036725173,1,413,1|1,0.2473347739395518,0.2502489923894334,bindi2014_rhyp,4.5,2015-01-01,2.0,2
124,32,-0.15182514606151776,1,823,11,-0.274147608148973,1,413,1|1,-0.14562478693334716,-0.26229028612679134,bindi2014_rhyp,4.5,2015-01-01,2.0,2
126,21,-0.07737116942345301,1,823,7,-0.10681065048385097,1,413,1|1,-0.07117081029528241,-0.09495332846166929,bindi2014_rhyp,4.5,2015-01-01,2.0,2
127,38,-0.03563062137361028,1,823,18,-0.09128613937542573,1,413,1|1,-0.02943026224543968,-0.07942881735324406,bindi2014_rhyp,4.5,2015-01-01,2.0,2
128,33,-0.21493388593535134,1,823,17,-0.18668600124555368,1,413,1|1,-0.20873352680718074,-0.174828679223372,bindi2014_rhyp,4.5,2015-01-01,2.0,2
130,76,-0.10019728426531538,1,823,20,-0.08264820522563576,1,413,1|1,-0.09399692513714478,-0.07079088320345409,bindi2014_rhyp,4.5,2015-01-01,2.0,2
131,58,-0.05998094834057843,1,823,23,-0.06802203083221436,1,413,1|1,-0.05378058921240783,-0.05616470881003269,bindi2014_rhyp,4.5,2015-01-01,2.0,2
134,21,-0.4543313928763737,1,823,8,-0.31950382882925454,1,413,1|1,-0.4481310337482031,-0.3076465068070729,bindi2014_rhyp,4.5,2015-01-01,2.0,2
135,35,0.2799304463447225,1,823,15,0.32964636621021304,1,413,1|1,0.2861308054728931,0.3415036882323947,bindi2014_rhyp,4.5,2015-01-01,2.0,2
136,29,-0.17094619388362242,1,823,7,-0.09172737547912058,1,413,1|1,-0.16474583475545182,-0.0798700534569389,bindi2014_rhyp,4.5,2015-01-01,2.0,2
137,48,-0.18084043024965069,1,823,16,-0.11466462554930013,1,413,1|1,-0.17464007112148008,-0.10280730352711845,bindi2014_rhyp,4.5,2015-01-01,2.0,2
138,30,-0.40270790442295157,1,823,11,-0.3673158411500036,1,413,1|1,-0.396507545294781,-0.35545851912782195,bindi2014_rhyp,4.5,2015-01-01,2.0,2
139,30,-0.07748864252897636,1,823,9,-0.062837328505298,1,413,1|1,-0.07128828340080576,-0.05098000648311632,bindi2014_rhyp,4.5,2015-01-01,2.0,2
141,26,-0.03242258517196295,1,823,11,0.007903250438813902,1,413,1|1,-0.026222226043792346,0.019760572460995576,bindi2014_rhyp,4.5,2015-01-01,2.0,2
142,22,-0.27656401648082474,1,823,10,-0.2850868160416543,1,413,1|1,-0.27036365735265416,-0.27322949401947266,bindi2014_rhyp,4.5,2015-01-01,2.0,2
143,21,-0.04240431735548522,1,823,5,-0.06630538492607496,1,413,1|1,-0.03620395822731462,-0.054448062903893285,bindi2014_rhyp,4.5,2015-01-01,2.0,2
144,37,-0.07178591090076336,1,823,9,0.00747599241651431,1,413,1|1,-0.06558555177259276,0.019333314438695983,bindi2014_rhyp,4.5,2015-01-01,2.0,2
146,47,-0.445172555339274,1,823,20,-0.40093035553623924,1,413,1|1,-0.43897219621110345,-0.3890730335140576,bindi2014_rhyp,4.5,2015-01-01,2.0,2
148,24,0.12403997044998116,1,823,12,0.12851988518730761,1,413,1|1,0.13024032957815176,0.1403772072094893,bindi2014_rhyp,4.5,2015-01-01,2.0,2
149,22,-0.17528387629811604,1,823,6,-0.23397798727108132,1,413,1|1,-0.16908351716994544,-0.22212066524889965,bindi2014_rhyp,4.5,2015-01-01,2.0,2
151,33,-0.45279532375745246,1,823,10,-0.5656531061938989,1,413,1|1,-0.4465949646292819,-0.5537957841717172,bindi2014_rhyp,4.5,2015-01-01,2.0,2
152,19,-0.45042581110366964,1,823,12,-0.5290956258891916,1,413,1|1,-0.44422545197549906,-0.5172383038670099,bindi2014_rhyp,4.5,2015-01-01,2.0,2
153,34,-0.02212354050222476,1,823,13,0.011881043050648299,1,413,1|1,-0.015923181374054157,0.023738365072829972,bindi2014_rhyp,4.5,2015-01-01,2.0,2
154,62,-0.0171893906244569,1,823,21,-0.04773029177838006,1,413,1|1,-0.010989031496286302,-0.035872969756198386,bindi2014_rhyp,4.5,2015-01-01,2.0,2
156,73,-0.12894676673494032,1,823,20,-0.10442764271456495,1,413,1|1,-0.12274640760676972,-0.09257032069238327,bindi2014_rhyp,4.5,2015-01-01,2.0,2
157,23,0.05097136481145281,1,823,7,0.056270708889515464,1,413,1|1,0.057171723939623414,0.06812803091169714,bindi2014_rhyp,4.5,2015-01-01,2.0,2
158,49,-0.10993248134090439,1,823,11,-0.12434295407172014,1,413,1|1,-0.10373212221273378,-0.11248563204953846,bindi2014_rhyp,4.5,2015-01-01,2.0,2
159,23,-0.16776034504812753,1,823,9,-0.21969089644405415,1,413,1|1,-0.16155998591995693,-0.20783357442187247,bindi2014_rhyp,4.5,2015-01-01,2.0,2
161,25,0.15068838455419842,1,823,6,0.3558442157750876,1,413,1|1,0.15688874368236902,0.3677015377972693,bindi2014_rhyp,4.5,2015-01-01,2.0,2
162,60,0.46192861766844634,1,823,24,0.40249403904110587,1,413,1|1,0.4681289767966169,0.4143513610632875,bindi2014_rhyp,4.5,2015-01-01,2.0,2
163,101,0.41887141835009306,1,823,34,0.37554556037002107,1,413,1|1,0.42507177747826363,0.3874028823922027,bindi2014_rhyp,4.5,2015-01-01,2.0,2
164,68,-0.004123402105789209,1,823,18,-0.04079723499902843,1,413,1|1,0.002076957022381391,-0.028939912976846758,bindi2014_rhyp,4.5,2015-01-01,2.0,2
165,16,0.10705753940049834,1,823,7,0.17016914030647678,1,413,1|1,0.11325789852866894,0.18202646232865846,bindi2014_rhyp,4.5,2015-01-01,2.0,2
166,84,-0.12136029048259533,1,823,19,-0.1783887312675626,1,413,1|1,-0.11515993135442473,-0.16653140924538093,bindi2014_rhyp,4.5,2015-01-01,2.0,2
167,34,-0.1316168756159507,1,823,15,-0.06134319641196728,1,413,1|1,-0.1254165164877801,-0.049485874389785606,bindi2014_rhyp,4.5,2015-01-01,2.0,2
168,64,-0.17014523928045067,1,823,13,-0.24994696334345712,1,413,1|1,-0.16394488015228006,-0.23808964132127544,bindi2014_rhyp,4.5,2015-01-01,2.0,2
169,30,-0.15599323289372202,1,823,8,-0.10108523646024681,1,413,1|1,-0.14979287376555142,-0.08922791443806513,bindi2014_rhyp,4.5,2015-01-01,2.0,2
170,119,-0.4126293539320818,1,823,30,-0.3922627484966513,1,413,1|1,-0.4064289948039112,-0.3804054264744697,bindi2014_rhyp,4.5,2015-01-01,2.0,2
175,22,0.2299453219126945,1,823,9,0.1777726604168841,1,413,1|1,0.2361456810408651,0.1896299824390658,bindi2014_rhyp,4.5,2015-01-01,2.0,2
176,17,-0.4688167959631313,1,823,5,-0.4351714122170566,1,413,1|1,-0.46261643683496073,-0.4233140901948749,bindi2014_rhyp,4.5,2015-01-01,2.0,2
178,51,-0.32411479702845924,1,823,14,-0.30469849011441996,1,413,1|1,-0.31791443790028867,-0.2928411680922383,bindi2014_rhyp,4.5,2015-01-01,2.0,2
179,28,-0.5176594631311968,1,823,7,-0.5134629647507644,1,413,1|1,-0.5114591040030262,-0.5016056427285827,bindi2014_rhyp,4.5,2015-01-01,2.0,2
181,71,0.33468456989899287,1,823,16,0.3669004080990631,1,413,1|1,0.34088492902716344,0.37875773012124475,bindi2014_rhyp,4.5,2015-01-01,2.0,2
182,51,0.3657681108375021,1,823,21,0.36441956355373295,1,413,1|1,0.3719684699656727,0.3762768855759146,bindi2014_rhyp,4.5,2015-01-01,2.0,2
183,16,-0.041178747502596647,1,823,5,0.07636809387244947,1,413,1|1,-0.034978388374426045,0.08822541589463115,bindi2014_rhyp,4.5,2015-01-01,2.0,2
185,38,-0.011807791848711169,1,823,17,0.020017142631988727,1,413,1|1,-0.005607432720540569,0.031874464654170404,bindi2014_rhyp,4.5,2015-01-01,2.0,2
190,120,0.4453551063367726,1,823,27,0.46349712960848155,1,413,1|1,0.4515554654649432,0.4753544516306632,bindi2014_rhyp,4.5,2015-01-01,2.0,2
191,87,0.348277939837612,1,823,18,0.38134266997806965,1,413,1|1,0.3544782989657826,0.3931999920002513,bindi2014_rhyp,4.5,2015-01-01,2.0,2
193,20,0.03255917653006224,1,823,6,-0.06305463050363291,1,413,1|1,0.03875953565823284,-0.05119730848145124,bindi2014_rhyp,4.5,2015-01-01,2.0,2
194,89,-0.027828866951805975,1,823,27,-0.06956693272442904,1,413,1|1,-0.021628507823635373,-0.057709610702247366,bindi2014_rhyp,4.5,2015-01-01,2.0,2
195,67,-0.2021683124213789,1,823,24,-0.19255204995979536,1,413,1|1,-0.1959679532932083,-0.18069472793761368,bindi2014_rhyp,4.5,2015-01-01,2.0,2
196,82,0.1568467504372073,1,823,18,0.1982887020898143,1,413,1|1,0.1630471095653779,0.21014602411199598,bindi2014_rhyp,4.5,2015-01-01,2.0,2
197,60,0.22684587659891753,1,823,6,0.11858078850998677,1,413,1|1,0.23304623572708813,0.13043811053216844,bindi2014_rhyp,4.5,2015-01-01,2.0,2
198,34,0.6308303333650392,1,823,18,0.5054867258922403,1,413,1|1,0.6370306924932099,0.517344047914422,bindi2014_rhyp,4.5,2015-01-01,2.0,2
199,62,-0.022097574242353257,1,823,30,-0.12049799710104281,1,413,1|1,-0.015897215114182656,-0.10864067507886113,bindi2014_rhyp,4.5,2015-01-01,2.0,2
200,58,-0.3061401721520509,1,823,21,-0.343778200096548,1,413,1|1,-0.29993981302388034,-0.3319208780743664,bindi2014_rhyp,4.5,2015-01-01,2.0,2
201,32,-0.10367464980356356,1,823,7,-0.198478499948456,1,413,1|1,-0.09747429067539295,-0.18662117792627433,bindi2014_rhyp,4.5,2015-01-01,2.0,2
202,29,-0.42526318761825577,1,823,5,-0.5012174512394126,1,413,1|1,-0.4190628284900852,-0.489360129217231,bindi2014_rhyp,4.5,2015-01-01,2.0,2
204,35,-0.5750053559736026,1,823,15,-0.6843300876546353,1,413,1|1,-0.568804996845432,-0.6724727656324536,bindi2014_rhyp,4.5,2015-01-01,2.0,2
205,82,0.16558238652022528,1,823,32,0.0725543955847241,1,413,1|1,0.17178274564839588,0.08441171760690577,bindi2014_rhyp,4.5,2015-01-01,2.0,2
207,85,-0.29482880227562114,1,823,22,-0.24974017344509047,1,413,1|1,-0.28862844314745056,-0.2378828514229088,bindi2014_rhyp,4.5,2015-01-01,2.0,2
208,20,-0.058922343610940064,1,823,6,-0.005078768554631408,1,413,1|1,-0.05272198448276946,0.0067785534675502655,bindi2014_rhyp,4.5,2015-01-01,2.0,2
212,52,-0.05773623159044117,1,823,13,0.03975092186736717,1,413,1|1,-0.051535872462270566,0.05160824388954885,bindi2014_rhyp,4.5,2015-01-01,2.0,2
213,42,0.09614351754778705,1,823,6,0.07415777189458239,1,413,1|1,0.10234387667595765,0.08601509391676407,bindi2014_rhyp,4.5,2015-01-01,2.0,2
214,38,-0.26924272649673164,1,823,6,-0.28935041912789783,1,413,1|1,-0.26304236736856107,-0.2774930971057162,bindi2014_rhyp,4.5,2015-01-01,2.0,2
216,66,-0.19399439398416696,1,823,18,-0.12673856201735434,1,413,1|1,-0.18779403485599636,-0.11488123999517266,bindi2014_rhyp,4.5,2015-01-01,2.0,2
217,25,0.0156677414369778,1,823,7,0.09255067967277464,1,413,1|1,0.0218681005651484,0.10440800169495631,bindi2014_rhyp,4.5,2015-01-01,2.0,2
218,39,-0.04032780495486632,1,823,9,-0.025812445437530807,1,413,1|1,-0.03412744582669572,-0.013955123415349133,bindi2014_rhyp,4.5,2015-01-01,2.0,2
219,44,-0.10447853385659067,1,823,11,-0.029071924668268245,1,413,1|1,-0.09827817472842007,-0.017214602646086572,bindi2014_rhyp,4.5,2015-01-01,2.0,2
220,31,-0.10718083950304991,1,823,7,-0.0486383028651155,1,413,1|1,-0.1009804803748793,-0.036780980842933825,bindi2014_rhyp,4.5,2015-01-01,2.0,2
221,57,-0.1599627953505609,1,823,19,-0.11478352767211186,1,413,1|1,-0.1537624362223903,-0.10292620564993019,bindi2014_rhyp,4.5,2015-01-01,2.0,2
222,42,-0.10515066936058493,1,823,12,-0.20576433082939138,1,413,1|1,-0.09895031023241432,-0.1939070088072097,bindi2014_rhyp,4.5,2015-01-01,2.0,2
223,59,0.04616772708032979,1,823,16,0.062101248009119536,1,413,1|1,0.05236808620850039,0.07395857003130121,bindi2014_rhyp,4.5,2015-01-01,2.0,2
224,25,-0.17159215400085603,1,823,6,-0.08594940543190799,1,413,1|1,-0.16539179487268543,-0.07409208340972631,bindi2014_rhyp,4.5,2015-01-01,2.0,2
225,60,-0.0646562897653884,1,823,18,0.015525386469697144,1,413,1|1,-0.058455930637217796,0.027382708491878818,bindi2014_rhyp,4.5,2015-01-01,2.0,2
226,39,0.35962370872004706,1,823,12,0.3753302517951407,1,413,1|1,0.36582406784821764,0.38718757381732233,bindi2014_rhyp,4.5,2015-01-01,2.0,2
227,30,-0.14055963856169595,1,823,8,-0.0177066236343304,1,413,1|1,-0.13435927943352535,-0.005849301612148725,bindi2014_rhyp,4.5,2015-01-01,2.0,2
228,29,-0.0050516088483893995,1,823,10,-0.03840374746071451,1,413,1|1,0.0011487502797812004,-0.026546425438532837,bindi2014_rhyp,4.5,2015-01-01,2.0,2
380,57,-0.12127281620229313,1,823,11,-0.2641315779124639,1,413,1|1,-0.11507245707412253,-0.25227425589028224,bindi2014_rhyp,4.5,2015-01-01,2.0,2
382,21,-0.2900916776403826,1,823,7,-0.28146689537026937,1,413,1|1,-0.283891318512212,-0.2696095733480877,bindi2014_rhyp,4.5,2015-01-01,2.0,2
387,16,-0.06967222661119288,1,823,5,-0.03609267169715136,1,413,1|1,-0.06347186748302228,-0.024235349674969684,bindi2014_rhyp,4.5,2015-01-01,2.0,2
388,32,0.14942502871224828,1,823,8,0.12169506656415097,1,413,1|1,0.15562538784041888,0.13355238858633264,bindi2014_rhyp,4.5,2015-01-01,2.0,2
389,35,0.15149835329531558,1,823,12,0.16220529387572113,1,413,1|1,0.15769871242348618,0.1740626158979028,bindi2014_rhyp,4.5,2015-01-01,2.0,2
390,26,0.02920839643393014,1,823,9,0.04131476237832277,1,413,1|1,0.03540875556210074,0.053172084400504444,bindi2014_rhyp,4.5,2015-01-01,2.0,2
394,15,-0.02179196170408404,1,823,5,0.11053549897534265,1,413,1|1,-0.01559160257591344,0.12239282099752433,bindi2014_rhyp,4.5,2015-01-01,2.0,2
396,49,-0.08104447310590146,1,823,9,-0.1987970379605014,1,413,1|1,-0.07484411397773086,-0.18693971593831973,bindi2014_rhyp,4.5,2015-01-01,2.0,2
397,42,0.17708720321243243,1,823,12,0.11520610034337342,1,413,1|1,0.18328756234060303,0.1270634223655551,bindi2014_rhyp,4.5,2015-01-01,2.0,2
406,36,-0.0744842038516379,1,823,12,-0.14394645480803925,1,413,1|1,-0.0682838447234673,-0.13208913278585757,bindi2014_rhyp,4.5,2015-01-01,2.0,2
411,51,-0.057687196270334695,1,823,15,-0.006632475116511882,1,413,1|1,-0.051486837142164094,0.005224846905669791,bindi2014_rhyp,4.5,2015-01-01,2.0,2
413,52,-0.07894692144576632,1,823,16,-0.0802605098331558,1,413,1|1,-0.07274656231759571,-0.06840318781097413,bindi2014_rhyp,4.5,2015-01-01,2.0,2
415,65,-0.12228396635992456,1,823,25,-0.07746744888352974,1,413,1|1,-0.11608360723175395,-0.06561012686134807,bindi2014_rhyp,4.5,2015-01-01,2.0,2
417,72,-0.22234769089702944,1,823,20,-0.25685740591671535,1,413,1|1,-0.21614733176885884,-0.24500008389453368,bindi2014_rhyp,4.5,2015-01-01,2.0,2
418,56,0.23349977658607235,1,823,17,0.282878663215435,1,413,1|1,0.23970013571424295,0.2947359852376166,bindi2014_rhyp,4.5,2015-01-01,2.0,2
419,45,0.1837950993223046,1,823,13,0.08367785997037103,1,413,1|1,0.1899954584504752,0.0955351819925527,bindi2014_rhyp,4.5,2015-01-01,2.0,2
420,19,0.12774448578619335,1,823,6,0.13570908361702305,1,413,1|1,0.13394484491436395,0.14756640563920473,bindi2014_rhyp,4.5,2015-01-01,2.0,2
421,23,0.12358700683006163,1,823,7,0.06821855693879852,1,413,1|1,0.12978736595823223,0.0800758789609802,bindi2014_rhyp,4.5,2015-01-01,2.0,2
427,21,-0.004748665768809501,1,823,7,0.06610692864942036,1,413,1|1,0.0014516933593610986,0.07796425067160204,bindi2014_rhyp,4.5,2015-01-01,2.0,2
428,23,-0.09932579935153318,1,823,8,-0.10536722096842088,1,413,1|1,-0.09312544022336258,-0.0935098989462392,bindi2014_rhyp,4.5,2015-01-01,2.0,2
429,20,-0.05427959545735661,1,823,7,0.02566099004847322,1,413,1|1,-0.04807923632918601,0.0375183120706549,bindi2014_rhyp,4.5,2015-01-01,2.0,2
431,26,-0.4590982851763188,1,823,5,-0.37105338932093124,1,413,1|1,-0.4528979260481482,-0.3591960672987496,bindi2014_rhyp,4.5,2015-01-01,2.0,2
435,21,-0.14570179757720902,1,823,7,-0.10913431775108207,1,413,1|1,-0.13950143844903842,-0.09727699572890039,bindi2014_rhyp,4.5,2015-01-01,2.0,2
436,30,0.3533800070291424,1,823,8,0.28521157506797234,1,413,1|1,0.359580366157313,0.297068897090154,bindi2014_rhyp,4.5,2015-01-01,2.0,2
441,37,-0.14887299297715617,1,823,11,-0.08499405928737214,1,413,1|1,-0.14267263384898557,-0.07313673726519046,bindi2014_rhyp,4.5,2015-01-01,2.0,2
443,21,0.20683712683967037,1,823,8,0.24141198360987315,1,413,1|1,0.21303748596784097,0.2532693056320548,bindi2014_rhyp,4.5,2015-01-01,2.0,2
444,15,-0.13280716058052555,1,823,7,-0.17261157657744286,1,413,1|1,-0.12660680145235495,-0.16075425455526118,bindi2014_rhyp,4.5,2015-01-01,2.0,2
445,16,0.10795158329049925,1,823,8,0.16377294815750043,1,413,1|1,0.11415194241866986,0.1756302701796821,bindi2014_rhyp,4.5,2015-01-01,2.0,2
448,60,0.0469165878390746,1,823,13,-0.023855850038385196,1,413,1|1,0.0531169469672452,-0.011998528016203523,bindi2014_rhyp,4.5,2015-01-01,2.0,2
449,34,0.05671923547879354,1,823,8,0.0879382736123635,1,413,1|1,0.06291959460696414,0.09979559563454518,bindi2014_rhyp,4.5,2015-01-01,2.0,2
450,43,0.2105941101910156,1,823,11,0.20857740559682603,1,413,1|1,0.2167944693191862,0.2204347276190077,bindi2014_rhyp,4.5,2015-01-01,2.0,2
451,18,-0.042754084951604154,1,823,5,0.0011860559870737752,1,413,1|1,-0.03655372582343355,0.013043378009255448,bindi2014_rhyp,4.5,2015-01-01,2.0,2
456,39,-0.09298716891791037,1,823,10,-0.16242993055234434,1,413,1|1,-0.08678680978973977,-0.15057260853016266,bindi2014_rhyp,4.5,2015-01-01,2.0,2
460,53,0.39843112658064367,1,823,13,0.32386625266503344,1,413,1|1,0.40463148570881424,0.3357235746872151,bindi2014_rhyp,4.5,2015-01-01,2.0,2
461,52,0.0616514028999231,1,823,16,-0.023093932199859668,1,413,1|1,0.0678517620280937,-0.011236610177677995,bindi2014_rhyp,4.5,2015-01-01,2.0,2
462,37,-0.1918084318708433,1,823,12,-0.22274942778324036,1,413,1|1,-0.1856080727426727,-0.21089210576105868,bindi2014_rhyp,4.5,2015-01-01,2.0,2
468,34,0.5545645727600026,1,823,9,0.5674546687106139,1,413,1|1,0.5607649318881732,0.5793119907327956,bindi2014_rhyp,4.5,2015-01-01,2.0,2
469,39,0.13474389625174432,1,823,12,0.07629946559777279,1,413,1|1,0.14094425537991492,0.08815678761995446,bindi2014_rhyp,4.5,2015-01-01,2.0,2
470,65,-0.11617789514912547,1,823,17,-0.2085221331642998,1,413,1|1,-0.10997753602095486,-0.19666481114211812,bindi2014_rhyp,4.5,2015-01-01,2.0,2
23,27,-0.1326957112077657,1,820,9,-0.2506479055395789,1,409,1|1,-0.12262083549094815,-0.24171635535400623,bindi2014_rhyp,4.5,2015-01-01,2.0,3
25,38,0.44912708230099957,1,820,5,0.2588639506505136,1,409,1|1,0.4592019580178171,0.2677955008360862,bindi2014_rhyp,4.5,2015-01-01,2.0,3
26,94,0.04095499093487631,1,820,20,-0.04101658353455856,1,409,1|1,0.05102986665169385,-0.032085033348985915,bindi2014_rhyp,4.5,2015-01-01,2.0,3
27,40,-0.047428524525053306,1,820,8,-0.2000278700271913,1,409,1|1,-0.037353648808235766,-0.19109631984161865,bindi2014_rhyp,4.5,2015-01-01,2.0,3
28,38,-0.03230834302537844,1,820,10,0.06404213247368518,1,409,1|1,-0.0222334673085609,0.07297368265925783,bindi2014_rhyp,4.5,2015-01-01,2.0,3
29,43,-0.24143327204441734,1,820,9,-0.24082190733895265,1,409,1|1,-0.2313583963275998,-0.23189035715338,bindi2014_rhyp,4.5,2015-01-01,2.0,3
30,24,-0.10087815712187376,1,820,7,-0.12946227795641646,1,409,1|1,-0.09080328140505622,-0.12053072777084381,bindi2014_rhyp,4.5,2015-01-01,2.0,3
31,28,0.15512613789094953,1,820,5,0.10288837237824866,1,409,1|1,0.16520101360776707,0.11181992256382131,bindi2014_rhyp,4.5,2015-01-01,2.0,3
32,26,-1.4621258986418413,1,820,8,-1.4156505322441524,1,409,1|1,-1.4520510229250236,-1.4067189820585797,bindi2014_rhyp,4.5,2015-01-01,2.0,3
35,29,0.23520699933740385,1,820,7,0.16462943462591273,1,409,1|1,0.2452818750542214,0.17356098481148538,bindi2014_rhyp,4.5,2015-01-01,2.0,3
38,23,-0.23652101705739537,1,820,11,-0.18612319272639527,1,409,1|1,-0.22644614134057783,-0.17719164254082262,bindi2014_rhyp,4.5,2015-01-01,2.0,3
39,60,-0.05450251932584049,1,820,19,0.028042005432579786,1,409,1|1,-0.04442764360902295,0.03697355561815243,bindi2014_rhyp,4.5,2015-01-01,2.0,3
45,48,0.12656463144675623,1,820,14,0.16827642007788146,1,409,1|1,0.13663950716357376,0.1772079702634541,bindi2014_rhyp,4.5,2015-01-01,2.0,3
46,21,-0.378642030194441,1,820,8,-0.06487716422642348,1,409,1|1,-0.36856715447762345,-0.055945614040850834,bindi2014_rhyp,4.5,2015-01-01,2.0,3
47,33,0.536158416029092,1,820,5,0.5497763038034638,1,409,1|1,0.5462332917459095,0.5587078539890364,bindi2014_rhyp,4.5,2015-01-01,2.0,3
50,23,0.07172898532539251,1,820,5,0.1417991221755282,1,409,1|1,0.08180386104221005,0.15073067236110085,bindi2014_rhyp,4.5,2015-01-01,2.0,3
54,109,-0.09500700186359723,1,820,18,-0.14983673890066068,1,409,1|1,-0.0849321261467797,-0.14090518871508803,bindi2014_rhyp,4.5,2015-01-01,2.0,3
55,78,0.19812254615924374,1,820,22,0.25646623297745624,1,409,1|1,0.20819742187606127,0.26539778316302887,bindi2014_rhyp,4.5,2015-01-01,2.0,3
56,60,0.09478781250676871,1,820,18,0.0933795284325259,1,409,1|1,0.10486268822358624,0.10231107861809854,bindi2014_rhyp,4.5,2015-01-01,2.0,3
57,66,-0.34543335466503333,1,820,13,-0.2746190902273528,1,409,1|1,-0.3353584789482158,-0.2656875400417802,bindi2014_rhyp,4.5,2015-01-01,2.0,3
58,39,0.0005606780804174871,1,820,6,-0.12717883794474766,1,409,1|1,0.010635553797235025,-0.11824728775917501,bindi2014_rhyp,4.5,2015-01-01,2.0,3
59,45,-0.07051070509931934,1,820,18,-0.05016853835267804,1,409,1|1,-0.0604358293825018,-0.041236988167105394,bindi2014_rhyp,4.5,2015-01-01,2.0,3
60,75,-0.11286368286013337,1,820,27,-0.02510233533031031,1,409,1|1,-0.10278880714331584,-0.016170785144737666,bindi2014_rhyp,4.5,2015-01-01,2.0,3
61,63,0.06552502557857987,1,820,16,0.11868706408638169,1,409,1|1,0.0755999012953974,0.12761861427195434,bindi2014_rhyp,4.5,2015-01-01,2.0,3
62,57,-0.12680025905709558,1,820,15,-0.09628793206252068,1,409,1|1,-0.11672538334027804,-0.08735638187694802,bindi2014_rhyp,4.5,2015-01-01,2.0,3
66,72,0.11477127291737799,1,820,21,0.19227887519137343,1,409,1|1,0.12484614863419552,0.20121042537694608,bindi2014_rhyp,4.5,2015-01-01,2.0,3
68,15,0.06415240716215698,1,820,6,0.13180441832662237,1,409,1|1,0.07422728287897451,0.14073596851219503,bindi2014_rhyp,4.5,2015-01-01,2.0,3
69,66,0.4098131652999111,1,820,17,0.47473010883478167,1,409,1|1,0.4198880410167286,0.4836616590203543,bindi2014_rhyp,4.5,2015-01-01,2.0,3
70,50,0.3048964712426304,1,820,20,0.35897176957352783,1,409,1|1,0.31497134695944795,0.36790331975910046,bindi2014_rhyp,4.5,2015-01-01,2.0,3
75,26,0.2312399989671836,1,820,5,0.2469434427209862,1,409,1|1,0.24131487468400115,0.25587499290655885,bindi2014_rhyp,4.5,2015-01-01,2.0,3
78,30,-0.14270992966509,1,820,6,-0.1045637806331276,1,409,1|1,-0.13263505394827246,-0.09563223044755495,bindi2014_rhyp,4.5,2015-01-01,2.0,3
79,37,0.12126123585105653,1,820,10,0.1797521056967753,1,409,1|1,0.13133611156787406,0.18868365588234795,bindi2014_rhyp,4.5,2015-01-01,2.0,3
81,119,-0.07176197544372698,1,820,25,-0.09574084296921154,1,409,1|1,-0.06168709972690944,-0.08680929278363889,bindi2014_rhyp,4.5,2015-01-01,2.0,3
84,35,0.44273874013340153,1,820,7,0.5739416474444675,1,409,1|1,0.45281361585021906,0.5828731976300402,bindi2014_rhyp,4.5,2015-01-01,2.0,3
85,17,0.19597225047496802,1,820,8,0.2679612984785934,1,409,1|1,0.20604712619178556,0.276892848664166,bindi2014_rhyp,4.5,2015-01-01,2.0,3
87,59,0.028260829243302754,1,820,14,-0.021192095035241332,1,409,1|1,0.038335704960120294,-0.012260544849668686,bindi2014_rhyp,4.5,2015-01-01,2.0,3
88,69,-0.10368435211994331,1,820,12,-0.10101107877092536,1,409,1|1,-0.09360947640312578,-0.0920795285853527,bindi2014_rhyp,4.5,2015-01-01,2.0,3
89,114,0.0358842928033124,1,820,34,-0.027568692755718993,1,409,1|1,0.04595916852012994,-0.01863714257014635,bindi2014_rhyp,4.5,2015-01-01,2.0,3
90,57,-0.477419451984357,1,820,20,-0.46293983869766214,1,409,1|1,-0.46734457626753945,-0.4540082885120895,bindi2014_rhyp,4.5,2015-01-01,2.0,3
91,46,-0.2754801778702384,1,820,16,-0.21924477636075063,1,409,1|1,-0.26540530215342084,-0.21031322617517798,bindi2014_rhyp,4.5,2015-01-01,2.0,3
93,59,-0.10216143392575516,1,820,9,-0.22061713274425304,1,409,1|1,-0.09208655820893763,-0.2116855825586804,bindi2014_rhyp,4.5,2015-01-01,2.0,3
95,40,0.35935356410810165,1,820,6,0.331506620868162,1,409,1|1,0.3694284398249192,0.34043817105373464,bindi2014_rhyp,4.5,2015-01-01,2.0,3
97,30,-0.21116862379515655,1,820,5,-0.27795514002331473,1,409,1|1,-0.20109374807833902,-0.2690235898377421,bindi2014_rhyp,4.5,2015-01-01,2.0,3
98,56,-0.2367858487400979,1,820,8,-0.4662941756466101,1,409,1|1,-0.22671097302328036,-0.45736262546103745,bindi2014_rhyp,4.5,2015-01-01,2.0,3
102,118,0.39482951748160694,1,820,25,0.3361541544459045,1,409,1|1,0.4049043931984245,0.34508570463147714,bindi2014_rhyp,4.5,2015-01-01,2.0,3
103,81,0.11379125708370808,1,820,20,0.1381668515994397,1,409,1|1,0.12386613280052561,0.14709840178501235,bindi2014_rhyp,4.5,2015-01-01,2.0,3
104,92,-0.40692996639836043,1,820,26,-0.39772819489276495,1,409,1|1,-0.3968550906815429,-0.38879664470719233,bindi2014_rhyp,4.5,2015-01-01,2.0,3
105,39,0.10140407942694385,1,820,8,0.18735931651639814,1,409,1|1,0.11147895514376138,0.1962908667019708,bindi2014_rhyp,4.5,2015-01-01,2.0,3
106,35,-0.10994109573570543,1,820,10,-0.13071387890343938,1,409,1|1,-0.0998662200188879,-0.12178232871786673,bindi2014_rhyp,4.5,2015-01-01,2.0,3
109,30,-0.0757731498694365,1,820,7,-0.035805363247242095,1,409,1|1,-0.06569827415261897,-0.02687381306166945,bindi2014_rhyp,4.5,2015-01-01,2.0,3
110,24,0.060569200346410224,1,820,7,0.17279426924638758,1,409,1|1,0.07064407606322776,0.18172581943196023,bindi2014_rhyp,4.5,2015-01-01,2.0,3
112,20,0.20631320084143945,1,820,6,0.22705748751513324,1,409,1|1,0.21638807655825698,0.2359890377007059,bindi2014_rhyp,4.5,2015-01-01,2.0,3
113,20,-0.30183884869224176,1,820,6,-0.33012116192087865,1,409,1|1,-0.2917639729754242,-0.321189611735306,bindi2014_rhyp,4.5,2015-01-01,2.0,3
117,30,0.2621690019281615,1,820,6,0.2809027262649041,1,409,1|1,0.27224387764497904,0.2898342764504767,bindi2014_rhyp,4.5,2015-01-01,2.0,3
118,58,0.19315487839125967,1,820,12,0.2912481847298339,1,409,1|1,0.2032297541080772,0.3001797349154065,bindi2014_rhyp,4.5,2015-01-01,2.0,3
119,38,-0.14708557621735951,1,820,8,-0.13316758408955104,1,409,1|1,-0.13701070050054198,-0.12423603390397839,bindi2014_rhyp,4.5,2015-01-01,2.0,3
120,37,-0.07814445936876135,1,820,12,-0.007888576709120299,1,409,1|1,-0.06806958365194382,0.0010429734764523472,bindi2014_rhyp,4.5,2015-01-01,2.0,3
121,19,-0.20981160815261346,1,820,8,-0.1755562274862535,1,409,1|1,-0.19973673243579593,-0.16662467730068084,bindi2014_rhyp,4.5,2015-01-01,2.0,3
122,24,0.1996770757916846,1,820,10,0.31080678833991704,1,409,1|1,0.20975195150850212,0.31973833852548966,bindi2014_rhyp,4.5,2015-01-01,2.0,3
123,19,0.05724121490251011,1,820,7,0.0635140816987318,1,409,1|1,0.06731609061932764,0.07244563188430445,bindi2014_rhyp,4.5,2015-01-01,2.0,3
124,31,-0.21885900241132272,1,820,12,-0.12758916329135978,1,409,1|1,-0.2087841266945052,-0.11865761310578712,bindi2014_rhyp,4.5,2015-01-01,2.0,3
127,43,-0.057844199616793324,1,820,13,-0.06489642133556,1,409,1|1,-0.047769323899975784,-0.05596487114998736,bindi2014_rhyp,4.5,2015-01-01,2.0,3
128,43,-0.19649547855810967,1,820,7,-0.24354014953266484,1,409,1|1,-0.18642060284129214,-0.2346085993470922,bindi2014_rhyp,4.5,2015-01-01,2.0,3
130,74,-0.12140178867382978,1,820,22,-0.06625307660453644,1,409,1|1,-0.11132691295701225,-0.0573215264189638,bindi2014_rhyp,4.5,2015-01-01,2.0,3
131,66,-0.0772779078536473,1,820,15,-0.0018125528802524493,1,409,1|1,-0.06720303213682977,0.007118997305320196,bindi2014_rhyp,4.5,2015-01-01,2.0,3
135,42,0.2908035892401963,1,820,8,0.31502015988516097,1,409,1|1,0.3008784649570138,0.3239517100707336,bindi2014_rhyp,4.5,2015-01-01,2.0,3
136,28,-0.1671383029912724,1,820,8,-0.10175875853532307,1,409,1|1,-0.15706342727445488,-0.09282720834975042,bindi2014_rhyp,4.5,2015-01-01,2.0,3
137,55,-0.15419948556496388,1,820,9,-0.20564397695645448,1,409,1|1,-0.14412460984814635,-0.19671242677088183,bindi2014_rhyp,4.5,2015-01-01,2.0,3
138,35,-0.36788256708694866,1,820,6,-0.5207690255220714,1,409,1|1,-0.35780769137013113,-0.5118374753364987,bindi2014_rhyp,4.5,2015-01-01,2.0,3
139,34,-0.07161635587015713,1,820,5,-0.07141276654918677,1,409,1|1,-0.061541480153339594,-0.062481216363614124,bindi2014_rhyp,4.5,2015-01-01,2.0,3
141,29,-0.01931542168390754,1,820,8,-0.033205315407376756,1,409,1|1,-0.009240545967090003,-0.024273765221804113,bindi2014_rhyp,4.5,2015-01-01,2.0,3
142,26,-0.31009795049033817,1,820,6,-0.18690186298043426,1,409,1|1,-0.30002307477352064,-0.1779703127948616,bindi2014_rhyp,4.5,2015-01-01,2.0,3
143,21,-0.0325085462541439,1,820,5,-0.09656131652669103,1,409,1|1,-0.02243367053732636,-0.08762976634111838,bindi2014_rhyp,4.5,2015-01-01,2.0,3
144,40,-0.037954036949586545,1,820,6,-0.15759110912127,1,409,1|1,-0.027879161232769005,-0.14865955893569735,bindi2014_rhyp,4.5,2015-01-01,2.0,3
146,54,-0.44977435970875146,1,820,13,-0.39276685259186145,1,409,1|1,-0.4396994839919339,-0.3838353024062888,bindi2014_rhyp,4.5,2015-01-01,2.0,3
148,26,0.1291989431226659,1,820,10,0.09931373860956377,1,409,1|1,0.13927381883948342,0.10824528879513642,bindi2014_rhyp,4.5,2015-01-01,2.0,3
149,22,-0.21366078921221032,1,820,6,-0.16393414408512236,1,409,1|1,-0.2035859134953928,-0.1550025938995497,bindi2014_rhyp,4.5,2015-01-01,2.0,3
151,36,-0.49174875402273954,1,820,7,-0.3956206482290358,1,409,1|1,-0.481673878305922,-0.3866890980434632,bindi2014_rhyp,4.5,2015-01-01,2.0,3
152,21,-0.5370503453297059,1,820,10,-0.3662395395450679,1,409,1|1,-0.5269754696128883,-0.35730798935949526,bindi2014_rhyp,4.5,2015-01-01,2.0,3
153,36,-0.019645347477223685,1,820,11,0.006853937322116477,1,409,1|1,-0.009570471760406147,0.01578548750768912,bindi2014_rhyp,4.5,2015-01-01,2.0,3
154,63,-0.03821533303100011,1,820,20,-0.009406839263436717,1,409,1|1,-0.02814045731418257,-0.00047528907786407136,bindi2014_rhyp,4.5,2015-01-01,2.0,3
156,73,-0.11302902380867463,1,820,20,-0.15818739765997764,1,409,1|1,-0.1029541480918571,-0.14925584747440498,bindi2014_rhyp,4.5,2015-01-01,2.0,3
157,23,0.04483398074445255,1,820,7,0.07046788839516094,1,409,1|1,0.05490885646127009,0.07939943858073359,bindi2014_rhyp,4.5,2015-01-01,2.0,3
158,51,-0.11136766365009965,1,820,9,-0.0976481816982328,1,409,1|1,-0.10129278793328211,-0.08871663151266015,bindi2014_rhyp,4.5,2015-01-01,2.0,3
159,25,-0.1972235396143185,1,820,7,-0.13697513729360383,1,409,1|1,-0.18714866389750096,-0.12804358710803118,bindi2014_rhyp,4.5,2015-01-01,2.0,3
161,26,0.18847426962725766,1,820,5,0.22336761639083436,1,409,1|1,0.1985491453440752,0.232299166576407,bindi2014_rhyp,4.5,2015-01-01,2.0,3
162,61,0.4226001092415431,1,820,23,0.4891236477816078,1,409,1|1,0.43267498495836065,0.4980551979671804,bindi2014_rhyp,4.5,2015-01-01,2.0,3
163,103,0.3941367817161301,1,820,32,0.4077813412400684,1,409,1|1,0.4042116574329476,0.416712891425641,bindi2014_rhyp,4.5,2015-01-01,2.0,3
164,65,-0.04674810594854972,1,820,21,0.05626869781551247,1,409,1|1,-0.03667323023173218,0.06520024800108512,bindi2014_rhyp,4.5,2015-01-01,2.0,3
166,86,-0.13206350374739595,1,820,17,-0.12026121503945847,1,409,1|1,-0.12198862803057842,-0.11132966485388582,bindi2014_rhyp,4.5,2015-01-01,2.0,3
167,37,-0.0992836806043409,1,820,12,-0.15156571155803272,1,409,1|1,-0.08920880488752336,-0.14263416137246007,bindi2014_rhyp,4.5,2015-01-01,2.0,3
168,63,-0.2075877066705475,1,820,14,-0.15559565896595456,1,409,1|1,-0.19751283095372996,-0.1466641087803819,bindi2014_rhyp,4.5,2015-01-01,2.0,3
169,28,-0.13534841117835694,1,820,10,-0.19104929291954803,1,409,1|1,-0.1252735354615394,-0.18211774273397538,bindi2014_rhyp,4.5,2015-01-01,2.0,3
170,117,-0.4349646210383381,1,820,32,-0.3484727235142973,1,409,1|1,-0.4248897453215206,-0.3395411733287247,bindi2014_rhyp,4.5,2015-01-01,2.0,3
175,23,0.1734397716940883,1,820,8,0.3157726547870978,1,409,1|1,0.18351464741090584,0.32470420497267044,bindi2014_rhyp,4.5,2015-01-01,2.0,3
178,58,-0.32056920624834995,1,820,7,-0.2884127027291869,1,409,1|1,-0.3104943305315324,-0.2794811525436143,bindi2014_rhyp,4.5,2015-01-01,2.0,3
179,27,-0.5158674238310234,1,820,8,-0.5052399178374325,1,409,1|1,-0.5057925481142058,-0.49630836765185987,bindi2014_rhyp,4.5,2015-01-01,2.0,3
181,70,0.3568617517049966,1,820,17,0.2838225010377933,1,409,1|1,0.36693662742181415,0.2927540512233659,bindi2014_rhyp,4.5,2015-01-01,2.0,3
182,56,0.36003078364930835,1,820,16,0.35001225015134596,1,409,1|1,0.3701056593661259,0.3589438003369186,bindi2014_rhyp,4.5,2015-01-01,2.0,3
185,44,-0.012657190622079484,1,820,11,0.04303154910621437,1,409,1|1,-0.0025823149052619458,0.05196309929178702,bindi2014_rhyp,4.5,2015-01-01,2.0,3
187,19,-0.09022270598938775,1,820,7,-0.09233544500659602,1,409,1|1,-0.08014783027257022,-0.08340389482102337,bindi2014_rhyp,4.5,2015-01-01,2.0,3
190,123,0.4557044980863286,1,820,24,0.4326721897531258,1,409,1|1,0.46577937380314616,0.44160373993869845,bindi2014_rhyp,4.5,2015-01-01,2.0,3
191,86,0.35114375535338405,1,820,19,0.3849445710239255,1,409,1|1,0.3612186310702016,0.3938761212094981,bindi2014_rhyp,4.5,2015-01-01,2.0,3
193,21,0.0038693308744961463,1,820,5,0.04799557586435588,1,409,1|1,0.013944206591313684,0.05692712604992852,bindi2014_rhyp,4.5,2015-01-01,2.0,3
194,92,-0.04426219431628142,1,820,24,-0.019209757103184788,1,409,1|1,-0.03418731859946388,-0.010278206917612142,bindi2014_rhyp,4.5,2015-01-01,2.0,3
195,72,-0.2182826597765869,1,820,19,-0.14698482230320392,1,409,1|1,-0.20820778405976936,-0.13805327211763127,bindi2014_rhyp,4.5,2015-01-01,2.0,3
196,82,0.16899157831363243,1,820,18,0.16024841410484336,1,409,1|1,0.17906645403044996,0.169179964290416,bindi2014_rhyp,4.5,2015-01-01,2.0,3
197,51,0.16987441289253513,1,820,15,0.3174151578262188,1,409,1|1,0.17994928860935266,0.32634670801179144,bindi2014_rhyp,4.5,2015-01-01,2.0,3
198,40,0.5988982705259174,1,820,12,0.5220596654112191,1,409,1|1,0.6089731462427349,0.5309912155967917,bindi2014_rhyp,4.5,2015-01-01,2.0,3
199,70,-0.08986888382589453,1,820,22,0.027563877736373754,1,409,1|1,-0.079794008109077,0.0364954279219464,bindi2014_rhyp,4.5,2015-01-01,2.0,3
200,58,-0.34566698850406785,1,820,21,-0.25766424934155746,1,409,1|1,-0.3355921127872503,-0.2487326991559848,bindi2014_rhyp,4.5,2015-01-01,2.0,3
204,37,-0.6408764200773317,1,820,13,-0.5386948157284519,1,409,1|1,-0.6308015443605142,-0.5297632655428792,bindi2014_rhyp,4.5,2015-01-01,2.0,3
205,87,0.1254746057511834,1,820,27,0.1541394685381422,1,409,1|1,0.13554948146800094,0.16307101872371485,bindi2014_rhyp,4.5,2015-01-01,2.0,3
207,77,-0.2932573212376327,1,820,30,-0.28346836263778724,1,409,1|1,-0.2831824455208152,-0.2745368124522146,bindi2014_rhyp,4.5,2015-01-01,2.0,3
212,47,-0.02269189355839185,1,820,18,-0.08341536373494213,1,409,1|1,-0.012617017841574313,-0.07448381354936948,bindi2014_rhyp,4.5,2015-01-01,2.0,3
213,37,0.07173944016430012,1,820,11,0.18790135365679445,1,409,1|1,0.08181431588111765,0.1968329038423671,bindi2014_rhyp,4.5,2015-01-01,2.0,3
214,34,-0.28981071682416115,1,820,10,-0.27243484217815545,1,409,1|1,-0.2797358411073436,-0.2635032919925828,bindi2014_rhyp,4.5,2015-01-01,2.0,3
215,17,0.20544505192193174,1,820,5,0.19900318406398593,1,409,1|1,0.21551992763874928,0.20793473424955858,bindi2014_rhyp,4.5,2015-01-01,2.0,3
216,73,-0.17671187513948095,1,820,11,-0.17646055803764688,1,409,1|1,-0.1666369994226634,-0.16752900785207422,bindi2014_rhyp,4.5,2015-01-01,2.0,3
217,26,0.06153205292739883,1,820,6,-0.08124041764533035,1,409,1|1,0.07160692864421636,-0.0723088674597577,bindi2014_rhyp,4.5,2015-01-01,2.0,3
218,40,-0.03580690291030342,1,820,8,-0.02306720882022356,1,409,1|1,-0.025732027193485878,-0.014135658634650916,bindi2014_rhyp,4.5,2015-01-01,2.0,3
219,45,-0.08474202953614907,1,820,10,-0.0899921083721485,1,409,1|1,-0.07466715381933153,-0.08106055818657584,bindi2014_rhyp,4.5,2015-01-01,2.0,3
220,30,-0.08187095081587425,1,820,8,-0.1274426429878463,1,409,1|1,-0.07179607509905672,-0.11851109280227365,bindi2014_rhyp,4.5,2015-01-01,2.0,3
221,60,-0.13364984125482593,1,820,16,-0.19999351599154563,1,409,1|1,-0.1235749655380084,-0.19106196580597298,bindi2014_rhyp,4.5,2015-01-01,2.0,3
222,45,-0.12540033206646228,1,820,9,-0.11980613538087143,1,409,1|1,-0.11532545634964475,-0.11087458519529877,bindi2014_rhyp,4.5,2015-01-01,2.0,3
223,65,0.05616392802473291,1,820,10,0.03165346563901955,1,409,1|1,0.06623880374155044,0.040585015824592195,bindi2014_rhyp,4.5,2015-01-01,2.0,3
224,23,-0.1344687924137712,1,820,8,-0.199437090500373,1,409,1|1,-0.12439391669695365,-0.19050554031480035,bindi2014_rhyp,4.5,2015-01-01,2.0,3
225,66,-0.021230507280364908,1,820,12,-0.16593829097696494,1,409,1|1,-0.01115563156354737,-0.1570067407913923,bindi2014_rhyp,4.5,2015-01-01,2.0,3
226,41,0.38424977811717065,1,820,10,0.2866907424155894,1,409,1|1,0.3943246538339882,0.295622292601162,bindi2014_rhyp,4.5,2015-01-01,2.0,3
227,29,-0.09483139566088006,1,820,9,-0.16160508297525505,1,409,1|1,-0.08475651994406252,-0.1526735327896824,bindi2014_rhyp,4.5,2015-01-01,2.0,3
228,32,0.002458000508455127,1,820,7,-0.08015304172696797,1,409,1|1,0.012532876225272665,-0.07122149154139532,bindi2014_rhyp,4.5,2015-01-01,2.0,3
380,54,-0.15138635500848552,1,820,14,-0.13601831829244576,1,409,1|1,-0.14131147929166799,-0.1270867681068731,bindi2014_rhyp,4.5,2015-01-01,2.0,3
382,23,-0.24290186439726102,1,820,5,-0.4824268479899893,1,409,1|1,-0.2328269886804435,-0.4734952978044167,bindi2014_rhyp,4.5,2015-01-01,2.0,3
385,15,0.4910377271439041,1,820,8,0.3237702912515604,1,409,1|1,0.5011126028607217,0.33270184143713305,bindi2014_rhyp,4.5,2015-01-01,2.0,3
387,16,-0.03485966958189479,1,820,5,-0.15842990195045908,1,409,1|1,-0.024784793865077252,-0.14949835176488643,bindi2014_rhyp,4.5,2015-01-01,2.0,3
388,32,0.16506187226113944,1,820,8,0.050345944582186386,1,409,1|1,0.17513674797795697,0.05927749476775903,bindi2014_rhyp,4.5,2015-01-01,2.0,3
389,36,0.15695654591602848,1,820,11,0.1403246868724045,1,409,1|1,0.167031421632846,0.14925623705797716,bindi2014_rhyp,4.5,2015-01-01,2.0,3
390,29,0.043397925169846197,1,820,6,0.001327533445108775,1,409,1|1,0.053472800886663736,0.01025908363068142,bindi2014_rhyp,4.5,2015-01-01,2.0,3
392,18,0.11140468011754079,1,820,6,0.02247367176414966,1,409,1|1,0.12147955583435832,0.031405221949722305,bindi2014_rhyp,4.5,2015-01-01,2.0,3
396,45,-0.11731991007088283,1,820,13,-0.09211444853297585,1,409,1|1,-0.1072450343540653,-0.0831828983474032,bindi2014_rhyp,4.5,2015-01-01,2.0,3
397,42,0.17843956058596833,1,820,12,0.1092166334250455,1,409,1|1,0.18851443630278586,0.11814818361061816,bindi2014_rhyp,4.5,2015-01-01,2.0,3
399,16,-0.037251242014726293,1,820,9,-0.08184059705704866,1,409,1|1,-0.027176366297908754,-0.07290904687147601,bindi2014_rhyp,4.5,2015-01-01,2.0,3
402,18,0.6214068419575599,1,820,5,0.5643306026807345,1,409,1|1,0.6314817176743774,0.5732621528663072,bindi2014_rhyp,4.5,2015-01-01,2.0,3
406,37,-0.05026509874516083,1,820,11,-0.233482590192498,1,409,1|1,-0.04019022302834329,-0.22455104000692536,bindi2014_rhyp,4.5,2015-01-01,2.0,3
411,51,-0.033604298393956955,1,820,15,-0.08178000409348146,1,409,1|1,-0.023529422677139415,-0.07284845390790881,bindi2014_rhyp,4.5,2015-01-01,2.0,3
413,51,-0.06090237385046848,1,820,17,-0.1478584458345022,1,409,1|1,-0.05082749813365094,-0.13892689564892954,bindi2014_rhyp,4.5,2015-01-01,2.0,3
415,67,-0.1108139077649507,1,820,23,-0.1160363141894713,1,409,1|1,-0.10073903204813317,-0.10710476400389865,bindi2014_rhyp,4.5,2015-01-01,2.0,3
417,74,-0.23751419973997734,1,820,18,-0.21086863687709406,1,409,1|1,-0.2274393240231598,-0.2019370866915214,bindi2014_rhyp,4.5,2015-01-01,2.0,3
418,58,0.24492629679847633,1,820,15,0.23679403758896797,1,409,1|1,0.25500117251529386,0.24572558777454062,bindi2014_rhyp,4.5,2015-01-01,2.0,3
419,45,0.1813224180988816,1,820,13,0.08420178548485996,1,409,1|1,0.19139729381569914,0.09313333567043261,bindi2014_rhyp,4.5,2015-01-01,2.0,3
420,19,0.16342835877515438,1,820,6,0.035077289198435946,1,409,1|1,0.1735032344919719,0.04400883938400859,bindi2014_rhyp,4.5,2015-01-01,2.0,3
427,22,0.03278690548034613,1,820,6,-0.06334852311696287,1,409,1|1,0.04286178119716367,-0.05441697293139023,bindi2014_rhyp,4.5,2015-01-01,2.0,3
428,26,-0.060364532517479974,1,820,5,-0.2751020069715812,1,409,1|1,-0.050289656800662434,-0.2661704567860086,bindi2014_rhyp,4.5,2015-01-01,2.0,3
429,21,-0.031056777624876575,1,820,6,-0.0369082099779246,1,409,1|1,-0.020981901908059035,-0.027976659792351956,bindi2014_rhyp,4.5,2015-01-01,2.0,3
431,24,-0.42797408290584704,1,820,7,-0.531441030204493,1,409,1|1,-0.4178992071890295,-0.5225094800189203,bindi2014_rhyp,4.5,2015-01-01,2.0,3
434,15,0.39665936745042674,1,820,8,0.4176898989186927,1,409,1|1,0.40673424316724427,0.4266214491042653,bindi2014_rhyp,4.5,2015-01-01,2.0,3
435,22,-0.11854491682177448,1,820,6,-0.19653727917470382,1,409,1|1,-0.10847004110495695,-0.18760572898913117,bindi2014_rhyp,4.5,2015-01-01,2.0,3
436,28,0.34046470346063856,1,820,10,0.3263359937684419,1,409,1|1,0.3505395791774561,0.33526754395401454,bindi2014_rhyp,4.5,2015-01-01,2.0,3
441,33,-0.09896419597977613,1,820,15,-0.2227387014316093,1,409,1|1,-0.0888893202629586,-0.21380715124603664,bindi2014_rhyp,4.5,2015-01-01,2.0,3
443,24,0.22525410603870077,1,820,5,0.19944223941754902,1,409,1|1,0.2353289817555183,0.20837378960312167,bindi2014_rhyp,4.5,2015-01-01,2.0,3
444,17,-0.1501187895499443,1,820,5,-0.13485383261157285,1,409,1|1,-0.14004391383312675,-0.1259222824260002,bindi2014_rhyp,4.5,2015-01-01,2.0,3
448,53,0.04402656980947206,1,820,20,-0.01685356294909951,1,409,1|1,0.0541014455262896,-0.007922012763526864,bindi2014_rhyp,4.5,2015-01-01,2.0,3
449,32,0.08041975600182305,1,820,10,-0.020864040472641288,1,409,1|1,0.09049463171864058,-0.011932490287068642,bindi2014_rhyp,4.5,2015-01-01,2.0,3
450,44,0.23369062595058043,1,820,10,0.11311401041470054,1,409,1|1,0.24376550166739797,0.12204556060027319,bindi2014_rhyp,4.5,2015-01-01,2.0,3
456,36,-0.08959533480974191,1,820,13,-0.165918985019117,1,409,1|1,-0.07952045909292438,-0.15698743483354435,bindi2014_rhyp,4.5,2015-01-01,2.0,3
460,49,0.40656795972302884,1,820,17,0.3092115446617075,1,409,1|1,0.41664283543984637,0.31814309484728015,bindi2014_rhyp,4.5,2015-01-01,2.0,3
461,52,0.06225648500462,1,820,16,-0.03229717252383507,1,409,1|1,0.07233136072143753,-0.023365622338262428,bindi2014_rhyp,4.5,2015-01-01,2.0,3
462,38,-0.17347511493135248,1,820,11,-0.29405231549524086,1,409,1|1,-0.16340023921453495,-0.28512076530966823,bindi2014_rhyp,4.5,2015-01-01,2.0,3
466,16,0.2466412238312743,1,820,8,0.17182095319923057,1,409,1|1,0.2567160995480918,0.18075250338480323,bindi2014_rhyp,4.5,2015-01-01,2.0,3
468,36,0.557850925989225,1,820,7,0.5715385241825658,1,409,1|1,0.5679258017060426,0.5804700743681385,bindi2014_rhyp,4.5,2015-01-01,2.0,3
469,39,0.11238947219034112,1,820,12,0.15005848057771887,1,409,1|1,0.12246434790715865,0.15899003076329152,bindi2014_rhyp,4.5,2015-01-01,2.0,3
470,58,-0.1432667512605479,1,820,24,-0.13595757014731208,1,409,1|1,-0.13319187554373035,-0.12702601996173943,bindi2014_rhyp,4.5,2015-01-01,2.0,3
23,29,-0.1770598916258317,1,798,7,-0.13104462513759774,0,446,1|0,-0.1731550106664492,-0.13083650333741786,bindi2014_rhyp,4.5,2015-01-01,2.0,4
25,31,0.39209576859402234,1,798,12,0.495531825430772,0,446,1|0,0.39600064955340486,0.4957399472309519,bindi2014_rhyp,4.5,2015-01-01,2.0,4
26,88,0.012521419418381807,1,798,26,0.04331299405862998,0,446,1|0,0.016426300377764297,0.04352111585880986,bindi2014_rhyp,4.5,2015-01-01,2.0,4
27,39,-0.0791419024464669,1,798,9,-0.0806783795889251,0,446,1|0,-0.07523702148708442,-0.08047025778874523,bindi2014_rhyp,4.5,2015-01-01,2.0,4
28,41,-0.016912499304115536,1,798,7,0.07095071622665061,0,446,1|0,-0.013007618344733044,0.07115883802683048,bindi2014_rhyp,4.5,2015-01-01,2.0,4
29,44,-0.24741485038404376,1,798,8,-0.1609455644435841,0,446,1|0,-0.24350996942466127,-0.16073744264340423,bindi2014_rhyp,4.5,2015-01-01,2.0,4
30,22,-0.11405076565423244,1,798,9,-0.07711706041871813,0,446,1|0,-0.11014588469484995,-0.07690893861853826,bindi2014_rhyp,4.5,2015-01-01,2.0,4
31,25,0.14570888251975367,1,798,8,0.11903864481651782,0,446,1|0,0.14961376347913616,0.1192467666166977,bindi2014_rhyp,4.5,2015-01-01,2.0,4
35,29,0.22673597248660715,1,798,7,0.17459512420883183,0,446,1|0,0.23064085344598964,0.1748032460090117,bindi2014_rhyp,4.5,2015-01-01,2.0,4
39,72,-0.029518176214670233,1,798,7,-0.009269795727557262,0,446,1|0,-0.025613295255287744,-0.009061673927377382,bindi2014_rhyp,4.5,2015-01-01,2.0,4
45,56,0.14074280648004284,1,798,6,0.18173757469906682,0,446,1|0,0.14464768743942533,0.1819456964992467,bindi2014_rhyp,4.5,2015-01-01,2.0,4
47,27,0.4971839393865556,1,798,11,0.6188711563757923,0,446,1|0,0.501088820345938,0.6190792781759722,bindi2014_rhyp,4.5,2015-01-01,2.0,4
49,16,0.10957446385840003,1,798,7,0.006821038229987697,0,446,1|0,0.11347934481778252,0.007029160030167576,bindi2014_rhyp,4.5,2015-01-01,2.0,4
50,23,0.11137288363303988,1,798,5,-0.06622976407833936,0,446,1|0,0.11527776459242237,-0.06602164227815949,bindi2014_rhyp,4.5,2015-01-01,2.0,4
52,26,0.32140929526809264,1,798,7,0.23979637633249506,0,446,1|0,0.32531417622747516,0.24000449813267494,bindi2014_rhyp,4.5,2015-01-01,2.0,4
54,97,-0.11429393335377391,1,798,30,-0.09696261171092802,0,446,1|0,-0.11038905239439142,-0.09675448991074814,bindi2014_rhyp,4.5,2015-01-01,2.0,4
55,88,0.2184446570637431,1,798,12,0.22454217997053172,0,446,1|0,0.2223495380231256,0.2247503017707116,bindi2014_rhyp,4.5,2015-01-01,2.0,4
56,65,0.09315121635505708,1,798,13,0.07346900612740115,0,446,1|0,0.09705609731443957,0.07367712792758102,bindi2014_rhyp,4.5,2015-01-01,2.0,4
57,56,-0.34669565836162153,1,798,23,-0.32252566543089534,0,446,1|0,-0.342790777402239,-0.32231754363071546,bindi2014_rhyp,4.5,2015-01-01,2.0,4
58,34,-0.057239716123578366,1,798,11,0.08168500558068248,0,446,1|0,-0.053334835164195876,0.08189312738086235,bindi2014_rhyp,4.5,2015-01-01,2.0,4
59,58,-0.05918293911843664,1,798,5,-0.11243417271986755,0,446,1|0,-0.05527805815905415,-0.11222605091968768,bindi2014_rhyp,4.5,2015-01-01,2.0,4
60,88,-0.08686571446832703,1,798,14,-0.0632098895290285,0,446,1|0,-0.08296083350894454,-0.06300176772884863,bindi2014_rhyp,4.5,2015-01-01,2.0,4
61,73,0.08281883693252079,1,798,6,0.10508895693815767,0,446,1|0,0.08672371789190328,0.10529707873833755,bindi2014_rhyp,4.5,2015-01-01,2.0,4
62,66,-0.11349875733830694,1,798,6,-0.09425810260187151,0,446,1|0,-0.10959387637892445,-0.09404998080169163,bindi2014_rhyp,4.5,2015-01-01,2.0,4
65,25,-0.26725008391544847,1,798,10,-0.34434169580761853,0,446,1|0,-0.26334520295606595,-0.34413357400743866,bindi2014_rhyp,4.5,2015-01-01,2.0,4
66,81,0.13737679255805996,1,798,12,0.16017020105003155,0,446,1|0,0.14128167351744245,0.16037832285021142,bindi2014_rhyp,4.5,2015-01-01,2.0,4
67,15,-0.27571614999852145,1,798,10,-0.09382753373979258,0,446,1|0,-0.27181126903913894,-0.0936194119396127,bindi2014_rhyp,4.5,2015-01-01,2.0,4
69,70,0.43819819933938126,1,798,13,0.40097986425856197,0,446,1|0,0.4421030802987638,0.40118798605874184,bindi2014_rhyp,4.5,2015-01-01,2.0,4
70,62,0.32357179756076204,1,798,8,0.3386032891133649,0,446,1|0,0.32747667852014456,0.3388114109135448,bindi2014_rhyp,4.5,2015-01-01,2.0,4
72,18,-0.31711449346628906,1,798,11,-0.32459283335419287,0,446,1|0,-0.31320961250690654,-0.324384711554013,bindi2014_rhyp,4.5,2015-01-01,2.0,4
73,23,-0.09120017765018662,1,798,10,-0.12931245850846318,0,446,1|0,-0.08729529669080413,-0.1291043367082833,bindi2014_rhyp,4.5,2015-01-01,2.0,4
74,24,-0.13872821306361915,1,798,10,-0.18616898166403095,0,446,1|0,-0.13482333210423667,-0.18596085986385108,bindi2014_rhyp,4.5,2015-01-01,2.0,4
75,24,0.23855598034172731,1,798,7,0.19305951837984248,0,446,1|0,0.2424608613011098,0.19326764018002235,bindi2014_rhyp,4.5,2015-01-01,2.0,4
76,25,0.45025032270858184,1,798,9,0.5986845585390441,0,446,1|0,0.45415520366796436,0.598892680339224,bindi2014_rhyp,4.5,2015-01-01,2.0,4
80,15,0.020232904739463042,1,798,9,-0.05711611379857229,0,446,1|0,0.024137785698845532,-0.05690799199839241,bindi2014_rhyp,4.5,2015-01-01,2.0,4
81,112,-0.09587186374635026,1,798,32,-0.034289708245084816,0,446,1|0,-0.09196698278696777,-0.034081586444904936,bindi2014_rhyp,4.5,2015-01-01,2.0,4
83,15,-0.020843042983077154,1,798,6,-0.15291005183968698,0,446,1|0,-0.016938162023694664,-0.1527019300395071,bindi2014_rhyp,4.5,2015-01-01,2.0,4
84,35,0.48051845595780374,1,798,7,0.37178677796896564,0,446,1|0,0.48442333691718625,0.3719948997691455,bindi2014_rhyp,4.5,2015-01-01,2.0,4
87,58,0.03200850713160952,1,798,15,-0.06210890120204704,0,446,1|0,0.03591338809099201,-0.06190077940186716,bindi2014_rhyp,4.5,2015-01-01,2.0,4
88,57,-0.128753902666898,1,798,24,-0.0676341548745899,0,446,1|0,-0.12484902170751552,-0.06742603307441003,bindi2014_rhyp,4.5,2015-01-01,2.0,4
89,122,0.03024432253913023,1,798,26,0.0021410659459838444,0,446,1|0,0.03414920349851272,0.0023491877461637232,bindi2014_rhyp,4.5,2015-01-01,2.0,4
90,65,-0.4732476377557473,1,798,12,-0.43876837619468445,0,446,1|0,-0.4693427567963648,-0.4385602543945046,bindi2014_rhyp,4.5,2015-01-01,2.0,4
91,56,-0.264366183947474,1,798,6,-0.16772175349563823,0,446,1|0,-0.2604613029880915,-0.16751363169545835,bindi2014_rhyp,4.5,2015-01-01,2.0,4
93,49,-0.12576922187898731,1,798,19,-0.12150908498911706,0,446,1|0,-0.12186434091960482,-0.12130096318893718,bindi2014_rhyp,4.5,2015-01-01,2.0,4
94,25,0.4538285372574049,1,798,12,0.4814445903023225,0,446,1|0,0.4577334182167874,0.4816527121025024,bindi2014_rhyp,4.5,2015-01-01,2.0,4
95,33,0.3147965723598648,1,798,13,0.43560376947665563,0,446,1|0,0.3187014533192473,0.4358118912768355,bindi2014_rhyp,4.5,2015-01-01,2.0,4
97,27,-0.20810372736016747,1,798,8,-0.26612004015455215,0,446,1|0,-0.20419884640078498,-0.2659119183543723,bindi2014_rhyp,4.5,2015-01-01,2.0,4
98,41,-0.3010657108896281,1,798,23,-0.21599051543466918,0,446,1|0,-0.29716082993024556,-0.2157823936344893,bindi2014_rhyp,4.5,2015-01-01,2.0,4
102,110,0.3670609702643365,1,798,33,0.41446774901032096,0,446,1|0,0.370965851223719,0.41467587081050084,bindi2014_rhyp,4.5,2015-01-01,2.0,4
103,85,0.14284010455405033,1,798,16,-0.008451884113545582,0,446,1|0,0.14674498551343282,-0.008243762313365703,bindi2014_rhyp,4.5,2015-01-01,2.0,4
104,98,-0.4072008331141115,1,798,20,-0.35556598920789584,0,446,1|0,-0.40329595215472896,-0.35535786740771597,bindi2014_rhyp,4.5,2015-01-01,2.0,4
105,37,0.13356642864529245,1,798,10,0.03171804168170167,0,446,1|0,0.13747130960467493,0.03192616348188155,bindi2014_rhyp,4.5,2015-01-01,2.0,4
106,37,-0.1277693766300274,1,798,8,-0.0713999698283988,0,446,1|0,-0.12386449567064492,-0.07119184802821893,bindi2014_rhyp,4.5,2015-01-01,2.0,4
108,16,0.11883754742730562,1,798,7,0.07016783416171257,0,446,1|0,0.12274242838668811,0.07037595596189244,bindi2014_rhyp,4.5,2015-01-01,2.0,4
110,26,0.06838702959282678,1,798,5,0.14581152856172153,0,446,1|0,0.07229191055220927,0.1460196503619014,bindi2014_rhyp,4.5,2015-01-01,2.0,4
114,16,0.057601993369778004,1,798,8,-0.015321124213837023,0,446,1|0,0.061506874329160494,-0.015113002413657144,bindi2014_rhyp,4.5,2015-01-01,2.0,4
115,30,0.039527741932161464,1,798,15,0.04871965813246926,0,446,1|0,0.043432622891543954,0.048927779932649136,bindi2014_rhyp,4.5,2015-01-01,2.0,4
116,15,0.40126429540351427,1,798,9,0.43988669799221203,0,446,1|0,0.4051691763628968,0.4400948197923919,bindi2014_rhyp,4.5,2015-01-01,2.0,4
117,27,0.27642622016805923,1,798,9,0.21063309556954013,0,446,1|0,0.28033110112744175,0.21084121736972,bindi2014_rhyp,4.5,2015-01-01,2.0,4
118,57,0.2233896197931629,1,798,13,0.18308186146435135,0,446,1|0,0.2272945007525454,0.18328998326453122,bindi2014_rhyp,4.5,2015-01-01,2.0,4
119,41,-0.12886071428617263,1,798,5,-0.19748153229300425,0,446,1|0,-0.12495583332679014,-0.19727341049282437,bindi2014_rhyp,4.5,2015-01-01,2.0,4
120,42,-0.06301181117400245,1,798,7,-0.008759335105250399,0,446,1|0,-0.05910693021461996,-0.00855121330507052,bindi2014_rhyp,4.5,2015-01-01,2.0,4
121,22,-0.20930535033504316,1,798,5,-0.13342399475408195,0,446,1|0,-0.20540046937566067,-0.13321587295390208,bindi2014_rhyp,4.5,2015-01-01,2.0,4
122,27,0.2484644144996343,1,798,7,0.19144795945404725,0,446,1|0,0.2523692954590168,0.19165608125422712,bindi2014_rhyp,4.5,2015-01-01,2.0,4
123,20,0.04002811697735864,1,798,6,0.14938763791264464,0,446,1|0,0.04393299793674113,0.14959575971282452,bindi2014_rhyp,4.5,2015-01-01,2.0,4
126,21,-0.11704352569336951,1,798,7,0.02158932386183654,0,446,1|0,-0.11313864473398702,0.02179744566201642,bindi2014_rhyp,4.5,2015-01-01,2.0,4
127,49,-0.04311838374215804,1,798,7,-0.1137657549858907,0,446,1|0,-0.03921350278277555,-0.11355763318571083,bindi2014_rhyp,4.5,2015-01-01,2.0,4
128,41,-0.19899948106402376,1,798,9,-0.23445642413002077,0,446,1|0,-0.19509460010464127,-0.2342483023298409,bindi2014_rhyp,4.5,2015-01-01,2.0,4
130,84,-0.09405497009218022,1,798,12,-0.1475231359858572,0,446,1|0,-0.09015008913279773,-0.14731501418567733,bindi2014_rhyp,4.5,2015-01-01,2.0,4
131,62,-0.05728512823613119,1,798,19,-0.08754166660708729,0,446,1|0,-0.0533802472767487,-0.08733354480690741,bindi2014_rhyp,4.5,2015-01-01,2.0,4
134,21,-0.42590141245234214,1,798,8,-0.40906665233938944,0,446,1|0,-0.4219965314929596,-0.40885853053920956,bindi2014_rhyp,4.5,2015-01-01,2.0,4
135,41,0.31213543741164873,1,798,9,0.20352293581628023,0,446,1|0,0.31604031837103125,0.2037310576164601,bindi2014_rhyp,4.5,2015-01-01,2.0,4
136,30,-0.15801598071090406,1,798,6,-0.16303531352334988,0,446,1|0,-0.15411109975152157,-0.16282719172317,bindi2014_rhyp,4.5,2015-01-01,2.0,4
137,44,-0.16397216664415837,1,798,20,-0.17382599758202633,0,446,1|0,-0.16006728568477588,-0.17361787578184645,bindi2014_rhyp,4.5,2015-01-01,2.0,4
138,29,-0.40239198925452846,1,798,12,-0.3816352389297931,0,446,1|0,-0.39848710829514594,-0.38142711712961325,bindi2014_rhyp,4.5,2015-01-01,2.0,4
139,28,-0.09238296873510199,1,798,11,-0.044403620994560855,0,446,1|0,-0.0884780877757195,-0.044195499194380976,bindi2014_rhyp,4.5,2015-01-01,2.0,4
143,20,-0.04363459446999596,1,798,6,-0.07214588445987036,0,446,1|0,-0.03972971351061347,-0.07193776265969049,bindi2014_rhyp,4.5,2015-01-01,2.0,4
144,36,-0.06808402592879548,1,798,10,-0.028061427978332887,0,446,1|0,-0.06417914496941299,-0.027853306178153008,bindi2014_rhyp,4.5,2015-01-01,2.0,4
146,60,-0.4125621157050925,1,798,7,-0.5886223063254498,0,446,1|0,-0.40865723474571,-0.5884141845252698,bindi2014_rhyp,4.5,2015-01-01,2.0,4
149,20,-0.1975276493943119,1,798,8,-0.1706286515309331,0,446,1|0,-0.1936227684349294,-0.17042052973075322,bindi2014_rhyp,4.5,2015-01-01,2.0,4
151,37,-0.5025067217968573,1,798,6,-0.37247852379535373,0,446,1|0,-0.4986018408374748,-0.37227040199517386,bindi2014_rhyp,4.5,2015-01-01,2.0,4
154,72,-0.03352255390882408,1,798,11,0.03421434523741207,0,446,1|0,-0.029617672949441592,0.03442246703759195,bindi2014_rhyp,4.5,2015-01-01,2.0,4
156,72,-0.1381182797178635,1,798,21,-0.09072332706687913,0,446,1|0,-0.134213398758481,-0.09051520526669926,bindi2014_rhyp,4.5,2015-01-01,2.0,4
158,44,-0.10242382809355499,1,798,16,-0.13861957326336738,0,446,1|0,-0.0985189471341725,-0.1384114514631875,bindi2014_rhyp,4.5,2015-01-01,2.0,4
161,25,0.2213240132839071,1,798,6,0.04843119537017726,0,446,1|0,0.2252288942432896,0.04863931717035714,bindi2014_rhyp,4.5,2015-01-01,2.0,4
162,73,0.43950519701750107,1,798,11,0.48864189571638306,0,446,1|0,0.4434100779768836,0.48885001751656293,bindi2014_rhyp,4.5,2015-01-01,2.0,4
163,117,0.3960197045306062,1,798,18,0.46396614511755757,0,446,1|0,0.3999245854899887,0.46417426691773744,bindi2014_rhyp,4.5,2015-01-01,2.0,4
164,75,-0.01596530884420544,1,798,11,-0.008445753800153777,0,446,1|0,-0.012060427884822948,-0.008237631999973898,bindi2014_rhyp,4.5,2015-01-01,2.0,4
165,18,0.14082904025544174,1,798,5,0.030570372979689342,0,446,1|0,0.14473392121482423,0.03077849477986922,bindi2014_rhyp,4.5,2015-01-01,2.0,4
166,75,-0.13669215848432315,1,798,28,-0.1292941801302422,0,446,1|0,-0.13278727752494066,-0.12908605833006231,bindi2014_rhyp,4.5,2015-01-01,2.0,4
167,40,-0.11373401427748242,1,798,9,-0.08531153807493164,0,446,1|0,-0.10982913331809993,-0.08510341627475176,bindi2014_rhyp,4.5,2015-01-01,2.0,4
168,63,-0.1966516167576754,1,798,14,-0.16376837431446922,0,446,1|0,-0.1927467357982929,-0.16356025251428935,bindi2014_rhyp,4.5,2015-01-01,2.0,4
169,29,-0.1474488294694748,1,798,9,-0.16040906353173334,0,446,1|0,-0.1435439485100923,-0.16020094173155347,bindi2014_rhyp,4.5,2015-01-01,2.0,4
170,123,-0.40189537580312595,1,798,26,-0.45470613409442884,0,446,1|0,-0.39799049484374344,-0.45449801229424897,bindi2014_rhyp,4.5,2015-01-01,2.0,4
175,24,0.28789782805054404,1,798,7,-0.04176777349334626,0,446,1|0,0.29180270900992655,-0.04155965169316638,bindi2014_rhyp,4.5,2015-01-01,2.0,4
176,16,-0.4784428016166242,1,798,6,-0.4272078322774381,0,446,1|0,-0.4745379206572417,-0.4269997104772582,bindi2014_rhyp,4.5,2015-01-01,2.0,4
178,50,-0.31067585505397866,1,798,15,-0.35537865714154904,0,446,1|0,-0.30677097409459614,-0.35517053534136916,bindi2014_rhyp,4.5,2015-01-01,2.0,4
179,29,-0.5022504221308695,1,798,6,-0.5864882640980277,0,446,1|0,-0.49834554117148694,-0.5862801422978478,bindi2014_rhyp,4.5,2015-01-01,2.0,4
181,70,0.3272496266795528,1,798,17,0.367481567291289,0,446,1|0,0.33115450763893534,0.3676896890914689,bindi2014_rhyp,4.5,2015-01-01,2.0,4
182,61,0.3627790397492276,1,798,11,0.3908477165506595,0,446,1|0,0.3666839207086101,0.39105583835083935,bindi2014_rhyp,4.5,2015-01-01,2.0,4
185,47,0.015208652605063211,1,798,8,-0.11332935638843933,0,446,1|0,0.0191135335644457,-0.11312123458825946,bindi2014_rhyp,4.5,2015-01-01,2.0,4
187,20,-0.07793150796030635,1,798,6,-0.13621114036983484,0,446,1|0,-0.07402662700092386,-0.13600301856965497,bindi2014_rhyp,4.5,2015-01-01,2.0,4
190,115,0.4339317168837613,1,798,32,0.48497401810121077,0,446,1|0,0.4378365978431438,0.48518213990139064,bindi2014_rhyp,4.5,2015-01-01,2.0,4
191,87,0.3544197429903503,1,798,18,0.32666025924799813,0,446,1|0,0.3583246239497328,0.326868381048178,bindi2014_rhyp,4.5,2015-01-01,2.0,4
193,18,-0.0055566359068798254,1,798,8,0.014698364014072873,0,446,1|0,-0.0016517549474973341,0.014906485814252753,bindi2014_rhyp,4.5,2015-01-01,2.0,4
194,96,-0.03415465803308593,1,798,20,-0.06399870396497798,0,446,1|0,-0.030249777073703438,-0.0637905821647981,bindi2014_rhyp,4.5,2015-01-01,2.0,4
195,75,-0.20963161910690375,1,798,16,-0.15338174409095295,0,446,1|0,-0.20572673814752127,-0.15317362229077308,bindi2014_rhyp,4.5,2015-01-01,2.0,4
196,82,0.15737365718839108,1,798,18,0.16892794861953953,0,446,1|0,0.16127853814777357,0.1691360704197194,bindi2014_rhyp,4.5,2015-01-01,2.0,4
197,53,0.2137269877463604,1,798,13,0.18209696004444764,0,446,1|0,0.2176318687057429,0.18230508184462751,bindi2014_rhyp,4.5,2015-01-01,2.0,4
198,45,0.568115846372466,1,798,7,0.7250140632516755,0,446,1|0,0.5720207273318485,0.7252221850518554,bindi2014_rhyp,4.5,2015-01-01,2.0,4
199,83,-0.050985498320969436,1,798,9,-0.0836201585898464,0,446,1|0,-0.047080617361586946,-0.08341203678966652,bindi2014_rhyp,4.5,2015-01-01,2.0,4
200,68,-0.31621523496239445,1,798,11,-0.313057186250271,0,446,1|0,-0.31231035400301194,-0.31284906445009114,bindi2014_rhyp,4.5,2015-01-01,2.0,4
201,30,-0.15048244868936622,1,798,9,-0.03748691179579844,0,446,1|0,-0.14657756772998373,-0.03727878999561856,bindi2014_rhyp,4.5,2015-01-01,2.0,4
202,23,-0.4429618180372292,1,798,11,-0.4244255617534515,0,446,1|0,-0.4390569370778467,-0.4242174399532716,bindi2014_rhyp,4.5,2015-01-01,2.0,4
204,41,-0.5999623834418655,1,798,9,-0.6401433827480428,0,446,1|0,-0.596057502482483,-0.6399352609478629,bindi2014_rhyp,4.5,2015-01-01,2.0,4
205,98,0.14547152767569793,1,798,16,0.10772918216216831,0,446,1|0,0.14937640863508042,0.10793730396234819,bindi2014_rhyp,4.5,2015-01-01,2.0,4
207,87,-0.2940192980503845,1,798,20,-0.25537164435149984,0,446,1|0,-0.290114417091002,-0.25516352255131997,bindi2014_rhyp,4.5,2015-01-01,2.0,4
208,21,-0.0534217713875087,1,798,5,-0.024842451214025507,0,446,1|0,-0.04951689042812621,-0.024634329413845628,bindi2014_rhyp,4.5,2015-01-01,2.0,4
212,52,-0.027842761357308565,1,798,13,-0.08534625078004177,0,446,1|0,-0.023937880397926076,-0.0851381289798619,bindi2014_rhyp,4.5,2015-01-01,2.0,4
213,39,0.0989074579748076,1,798,9,0.05936275257003454,0,446,1|0,0.10281233893419009,0.05957087437021442,bindi2014_rhyp,4.5,2015-01-01,2.0,4
215,17,0.17990674477480967,1,798,5,0.25426731101832445,0,446,1|0,0.18381162573419216,0.2544754328185043,bindi2014_rhyp,4.5,2015-01-01,2.0,4
216,63,-0.18209001776421319,1,798,21,-0.18313234716081828,0,446,1|0,-0.1781851368048307,-0.1829242253606384,bindi2014_rhyp,4.5,2015-01-01,2.0,4
217,27,0.020083861717488216,1,798,5,0.0808712293383047,0,446,1|0,0.023988742676870706,0.08107935113848458,bindi2014_rhyp,4.5,2015-01-01,2.0,4
218,37,-0.05003927012917486,1,798,11,-0.004766356514269043,0,446,1|0,-0.04613438916979237,-0.004558234714089164,bindi2014_rhyp,4.5,2015-01-01,2.0,4
219,44,-0.08778198547889571,1,798,11,-0.11186757547434911,0,446,1|0,-0.08387710451951322,-0.11165945367416924,bindi2014_rhyp,4.5,2015-01-01,2.0,4
220,30,-0.1195946053789193,1,798,8,-0.02575167122076405,0,446,1|0,-0.11568972441953682,-0.02554354942058417,bindi2014_rhyp,4.5,2015-01-01,2.0,4
221,63,-0.1374023819546929,1,798,13,-0.2086446813766999,0,446,1|0,-0.1334975009953104,-0.20843655957652002,bindi2014_rhyp,4.5,2015-01-01,2.0,4
222,42,-0.15689123528703341,1,798,12,-0.04250456866400665,0,446,1|0,-0.15298635432765093,-0.04229644686382677,bindi2014_rhyp,4.5,2015-01-01,2.0,4
223,56,0.04033129238223343,1,798,19,0.06707676146051189,0,446,1|0,0.04423617334161592,0.06728488326069176,bindi2014_rhyp,4.5,2015-01-01,2.0,4
224,26,-0.1743016591702895,1,798,5,-0.0733035053663662,0,446,1|0,-0.170396778210907,-0.07309538356618633,bindi2014_rhyp,4.5,2015-01-01,2.0,4
225,58,-0.06279989942852993,1,798,20,-0.006646881289574247,0,446,1|0,-0.05889501846914744,-0.0064387594893943675,bindi2014_rhyp,4.5,2015-01-01,2.0,4
226,41,0.34324859458673007,1,798,10,0.41954186283948586,0,446,1|0,0.3471534755461126,0.41974998463966573,bindi2014_rhyp,4.5,2015-01-01,2.0,4
227,30,-0.11704296770437672,1,798,8,-0.12506091215852477,0,446,1|0,-0.11313808674499423,-0.1248527903583449,bindi2014_rhyp,4.5,2015-01-01,2.0,4
228,33,-0.03234735869548455,1,798,6,0.06363609420063909,0,446,1|0,-0.028442477736102062,0.06384421600081897,bindi2014_rhyp,4.5,2015-01-01,2.0,4
380,57,-0.13734751069485018,1,798,11,-0.20204737130609762,0,446,1|0,-0.1334426297354677,-0.20183924950591775,bindi2014_rhyp,4.5,2015-01-01,2.0,4
388,33,0.1353869246200083,1,798,7,0.17311405482447928,0,446,1|0,0.13929180557939078,0.17332217662465915,bindi2014_rhyp,4.5,2015-01-01,2.0,4
389,40,0.1684925340289415,1,798,7,0.08089985549175804,0,446,1|0,0.17239741498832398,0.08110797729193792,bindi2014_rhyp,4.5,2015-01-01,2.0,4
390,29,0.024078161301290146,1,798,6,0.0865458937643715,0,446,1|0,0.027983042260672636,0.08675401556455137,bindi2014_rhyp,4.5,2015-01-01,2.0,4
396,48,-0.11436000349663555,1,798,10,-0.05164044544446922,0,446,1|0,-0.11045512253725306,-0.05143232364428934,bindi2014_rhyp,4.5,2015-01-01,2.0,4
397,45,0.1544679822072484,1,798,9,0.20832289934837245,0,446,1|0,0.15837286316663088,0.20853102114855232,bindi2014_rhyp,4.5,2015-01-01,2.0,4
402,17,0.6454807419022905,1,798,6,0.527571242805928,0,446,1|0,0.649385622861673,0.527779364606108,bindi2014_rhyp,4.5,2015-01-01,2.0,4
406,43,-0.09160361542114226,1,798,5,-0.08352479251945177,0,446,1|0,-0.08769873446175977,-0.0833166707192719,bindi2014_rhyp,4.5,2015-01-01,2.0,4
411,55,-0.055522816028634625,1,798,11,0.013236086025098848,0,446,1|0,-0.051617935069252135,0.013444207825278727,bindi2014_rhyp,4.5,2015-01-01,2.0,4
413,58,-0.06869406754151475,1,798,10,-0.14845930014953412,0,446,1|0,-0.06478918658213226,-0.14825117834935425,bindi2014_rhyp,4.5,2015-01-01,2.0,4
415,77,-0.10896766392886348,1,798,13,-0.11207288920573999,0,446,1|0,-0.10506278296948099,-0.11186476740556012,bindi2014_rhyp,4.5,2015-01-01,2.0,4
417,76,-0.21809655751621015,1,798,16,-0.30314810798210534,0,446,1|0,-0.21419167655682766,-0.30293998618192547,bindi2014_rhyp,4.5,2015-01-01,2.0,4
418,62,0.26144420435148735,1,798,11,0.14461645388487587,0,446,1|0,0.26534908531086987,0.14482457568505575,bindi2014_rhyp,4.5,2015-01-01,2.0,4
419,47,0.14645935647862285,1,798,11,0.2287319976609884,0,446,1|0,0.15036423743800534,0.22894011946116827,bindi2014_rhyp,4.5,2015-01-01,2.0,4
421,24,0.1200868713004628,1,798,6,0.05609392101253252,0,446,1|0,0.1239917522598453,0.0563020428127124,bindi2014_rhyp,4.5,2015-01-01,2.0,4
429,22,-0.005948928507773843,1,798,5,-0.1396690636470529,0,446,1|0,-0.0020440475483913517,-0.13946094184687302,bindi2014_rhyp,4.5,2015-01-01,2.0,4
443,24,0.23219023243165415,1,798,5,0.1473509120417419,0,446,1|0,0.23609511339103664,0.14755903384192176,bindi2014_rhyp,4.5,2015-01-01,2.0,4
448,62,0.02605423743075186,1,798,11,0.06179121308779867,0,446,1|0,0.02995911839013435,0.06199933488797855,bindi2014_rhyp,4.5,2015-01-01,2.0,4
449,36,0.07150634707688674,1,798,6,-0.008538664963486875,0,446,1|0,0.07541122803626923,-0.008330543163306996,bindi2014_rhyp,4.5,2015-01-01,2.0,4
450,45,0.2021370754613947,1,798,9,0.2485020551205087,0,446,1|0,0.2060419564207772,0.24871017692068859,bindi2014_rhyp,4.5,2015-01-01,2.0,4
451,18,-0.03895891031565735,1,798,5,-0.008858880545298153,0,446,1|0,-0.03505402935627486,-0.008650758745118274,bindi2014_rhyp,4.5,2015-01-01,2.0,4
456,44,-0.10940105838771885,1,798,5,-0.0895293402077697,0,446,1|0,-0.10549617742833636,-0.08932121840758983,bindi2014_rhyp,4.5,2015-01-01,2.0,4
460,57,0.38890209408328885,1,798,9,0.34180694282756197,0,446,1|0,0.39280697504267137,0.34201506462774184,bindi2014_rhyp,4.5,2015-01-01,2.0,4
461,57,0.03500575522451599,1,798,11,0.07425433390861758,0,446,1|0,0.03891063618389848,0.07446245570879745,bindi2014_rhyp,4.5,2015-01-01,2.0,4
462,42,-0.19910595316500324,1,798,7,-0.19786609373511144,0,446,1|0,-0.19520107220562075,-0.19765797193493156,bindi2014_rhyp,4.5,2015-01-01,2.0,4
466,19,0.2598833897166763,1,798,5,-0.21594587896516415,0,446,1|0,0.2637882706760588,-0.21573775716498428,bindi2014_rhyp,4.5,2015-01-01,2.0,4
468,36,0.5781996164622578,1,798,7,0.45136232850916774,0,446,1|0,0.5821044974216403,0.4515704503093476,bindi2014_rhyp,4.5,2015-01-01,2.0,4
469,43,0.12206870878219028,1,798,8,0.11859549122865609,0,446,1|0,0.12597358974157277,0.11880361302883596,bindi2014_rhyp,4.5,2015-01-01,2.0,4
470,71,-0.13715525138214713,1,798,11,-0.1515555572637618,0,446,1|0,-0.13325037042276464,-0.15134743546358193,bindi2014_rhyp,4.5,2015-01-01,2.0,4
23,29,-0.13600609656169194,1,824,7,-0.0648434086712648,1,386,1|1,-0.12019536604911213,-0.0569226173288354,bindi2014_rhyp,4.5,2015-01-01,3.0,0
25,33,0.3483664316328401,1,824,10,0.4614052004041479,1,386,1|1,0.3641771621454199,0.4693259917465773,bindi2014_rhyp,4.5,2015-01-01,3.0,0
26,91,0.006339995032340728,1,824,23,0.03882746416927643,1,386,1|1,0.022150725544920542,0.04674825551170583,bindi2014_rhyp,4.5,2015-01-01,3.0,0
27,37,-0.05855031599007021,1,824,11,0.08191980360639023,1,386,1|1,-0.0427395854774904,0.08984059494881963,bindi2014_rhyp,4.5,2015-01-01,3.0,0
28,33,0.017005766622363416,1,824,15,-0.03467564853912422,1,386,1|1,0.03281649713494323,-0.026754857196694817,bindi2014_rhyp,4.5,2015-01-01,3.0,0
29,41,-0.24974937285979504,1,824,11,-0.182093820975306,1,386,1|1,-0.23393864234721523,-0.1741730296328766,bindi2014_rhyp,4.5,2015-01-01,3.0,0
31,26,0.12744524506326427,1,824,7,0.23835853578196717,1,386,1|1,0.14325597557584407,0.24627932712439657,bindi2014_rhyp,4.5,2015-01-01,3.0,0
32,28,-1.3775832459494026,1,824,6,-1.4158681749492872,1,386,1|1,-1.3617725154368228,-1.4079473836068577,bindi2014_rhyp,4.5,2015-01-01,3.0,0
35,30,0.25249168768661545,1,824,6,0.2840608212772513,1,386,1|1,0.26830241819919526,0.2919816126196807,bindi2014_rhyp,4.5,2015-01-01,3.0,0
38,28,-0.16846317747623074,1,824,6,-0.1892041597052268,1,386,1|1,-0.15265244696365093,-0.1812833683627974,bindi2014_rhyp,4.5,2015-01-01,3.0,0
39,62,-0.0646626372488468,1,824,17,-0.03564914820943159,1,386,1|1,-0.048851906736266985,-0.027728356867002184,bindi2014_rhyp,4.5,2015-01-01,3.0,0
45,48,0.1290177158673596,1,824,14,0.16115642247310144,1,386,1|1,0.1448284463799394,0.16907721381553084,bindi2014_rhyp,4.5,2015-01-01,3.0,0
46,23,-0.20504650475287378,1,824,6,-0.15358444482662997,1,386,1|1,-0.18923577424029397,-0.14566365348420057,bindi2014_rhyp,4.5,2015-01-01,3.0,0
52,28,0.3203667722490999,1,824,5,0.4612655845441579,1,386,1|1,0.3361775027616797,0.4691863758865873,bindi2014_rhyp,4.5,2015-01-01,3.0,0
54,100,-0.07118868858439675,1,824,27,0.02456926700123302,1,386,1|1,-0.05537795807181694,0.03249005834366242,bindi2014_rhyp,4.5,2015-01-01,3.0,0
55,74,0.09679540549084448,1,824,26,0.14061628420805108,1,386,1|1,0.11260613600342428,0.14853707555048049,bindi2014_rhyp,4.5,2015-01-01,3.0,0
56,64,0.069051645138836,1,824,14,0.13823390075634126,1,386,1|1,0.0848623756514158,0.14615469209877066,bindi2014_rhyp,4.5,2015-01-01,3.0,0
57,64,-0.2725466648233943,1,824,15,-0.2594610570026416,1,386,1|1,-0.2567359343108145,-0.2515402656602122,bindi2014_rhyp,4.5,2015-01-01,3.0,0
58,38,-0.05757026736548532,1,824,7,-0.032497525701198945,1,386,1|1,-0.0417595368529055,-0.02457673435876954,bindi2014_rhyp,4.5,2015-01-01,3.0,0
59,53,-0.07832159093276625,1,824,10,-0.08284462104087056,1,386,1|1,-0.06251086042018644,-0.07492382969844116,bindi2014_rhyp,4.5,2015-01-01,3.0,0
60,81,-0.10110533626227203,1,824,21,-0.10974520091381605,1,386,1|1,-0.08529460574969222,-0.10182440957138665,bindi2014_rhyp,4.5,2015-01-01,3.0,0
61,57,0.0073505190401784715,1,824,22,0.03044031772074063,1,386,1|1,0.023161249552758285,0.03836110906317003,bindi2014_rhyp,4.5,2015-01-01,3.0,0
62,54,-0.19917405329319515,1,824,18,-0.15590961876124584,1,386,1|1,-0.18336332278061535,-0.14798882741881644,bindi2014_rhyp,4.5,2015-01-01,3.0,0
65,30,-0.19972440555335214,1,824,5,-0.2600409386551108,1,386,1|1,-0.18391367504077233,-0.2521201473126814,bindi2014_rhyp,4.5,2015-01-01,3.0,0
66,71,0.08453735148067809,1,824,22,0.08379602614798703,1,386,1|1,0.1003480819932579,0.09171681749041644,bindi2014_rhyp,4.5,2015-01-01,3.0,0
67,20,-0.15415756374882505,1,824,5,-0.255636825969411,1,386,1|1,-0.13834683323624525,-0.2477160346269816,bindi2014_rhyp,4.5,2015-01-01,3.0,0
69,61,0.2758678683278678,1,824,22,0.2635907179791933,1,386,1|1,0.2916785988404476,0.2715115093216227,bindi2014_rhyp,4.5,2015-01-01,3.0,0
70,57,0.20237445043489583,1,824,13,0.22087536299996094,1,386,1|1,0.21818518094747563,0.22879615434239034,bindi2014_rhyp,4.5,2015-01-01,3.0,0
72,22,-0.28513467061522557,1,824,7,-0.26097539601487363,1,386,1|1,-0.26932394010264576,-0.2530546046724442,bindi2014_rhyp,4.5,2015-01-01,3.0,0
73,25,-0.12025465908731592,1,824,8,-0.09698459294196884,1,386,1|1,-0.10444392857473611,-0.08906380159953944,bindi2014_rhyp,4.5,2015-01-01,3.0,0
74,26,-0.11290498577046637,1,824,8,-0.12373602568506495,1,386,1|1,-0.09709425525788656,-0.11581523434263555,bindi2014_rhyp,4.5,2015-01-01,3.0,0
76,27,0.6534748260187215,1,824,7,0.5154795258629115,1,386,1|1,0.6692855565313014,0.5234003172053409,bindi2014_rhyp,4.5,2015-01-01,3.0,0
77,16,-0.14912049046128206,1,824,6,-0.1533339348527839,1,386,1|1,-0.13330975994870226,-0.1454131435103545,bindi2014_rhyp,4.5,2015-01-01,3.0,0
78,30,-0.18613085616284775,1,824,6,-0.06511669833098889,1,386,1|1,-0.17032012565026794,-0.05719590698855949,bindi2014_rhyp,4.5,2015-01-01,3.0,0
79,34,0.0002148628271519959,1,824,13,-0.01260290855062049,1,386,1|1,0.01602559333973181,-0.004682117208191085,bindi2014_rhyp,4.5,2015-01-01,3.0,0
80,18,0.20691469250393008,1,824,6,0.13417416928571188,1,386,1|1,0.22272542301650988,0.14209496062814128,bindi2014_rhyp,4.5,2015-01-01,3.0,0
81,115,-0.11620828265195082,1,824,29,-0.08790847287939405,1,386,1|1,-0.10039755213937102,-0.07998768153696464,bindi2014_rhyp,4.5,2015-01-01,3.0,0
84,36,0.33735641158797613,1,824,6,0.3423459156714326,1,386,1|1,0.35316714210055594,0.350266707013862,bindi2014_rhyp,4.5,2015-01-01,3.0,0
85,19,0.2673190922076049,1,824,6,0.17207580112546964,1,386,1|1,0.2831298227201847,0.17999659246789904,bindi2014_rhyp,4.5,2015-01-01,3.0,0
86,17,-0.2773453477356699,1,824,5,-0.26964103655687427,1,386,1|1,-0.26153461722309007,-0.26172024521444487,bindi2014_rhyp,4.5,2015-01-01,3.0,0
87,59,0.05338116288820827,1,824,14,0.19997546224942472,1,386,1|1,0.06919189340078807,0.20789625359185412,bindi2014_rhyp,4.5,2015-01-01,3.0,0
88,67,-0.0784235245874455,1,824,14,-0.08402415346870201,1,386,1|1,-0.0626127940748657,-0.07610336212627261,bindi2014_rhyp,4.5,2015-01-01,3.0,0
89,125,-0.041391062211410534,1,824,23,-0.1108771719670405,1,386,1|1,-0.02558033169883072,-0.1029563806246111,bindi2014_rhyp,4.5,2015-01-01,3.0,0
90,61,-0.40143071123560337,1,824,16,-0.3958123243968883,1,386,1|1,-0.38561998072302356,-0.3878915330544589,bindi2014_rhyp,4.5,2015-01-01,3.0,0
91,51,-0.2938798058082134,1,824,11,-0.28500954737537787,1,386,1|1,-0.27806907529563357,-0.27708875603294847,bindi2014_rhyp,4.5,2015-01-01,3.0,0
93,55,-0.040434234131886404,1,824,13,0.0029163393938543836,1,386,1|1,-0.02462350361930659,0.010837130736283788,bindi2014_rhyp,4.5,2015-01-01,3.0,0
94,31,0.6283516652143161,1,824,6,0.5084770941298278,1,386,1|1,0.6441623957268959,0.5163978854722572,bindi2014_rhyp,4.5,2015-01-01,3.0,0
95,37,0.31366252138364437,1,824,9,0.3519160040258934,1,386,1|1,0.3294732518962242,0.3598367953683228,bindi2014_rhyp,4.5,2015-01-01,3.0,0
97,28,-0.23874107959256752,1,824,7,-0.30758616329605915,1,386,1|1,-0.2229303490799877,-0.29966537195362974,bindi2014_rhyp,4.5,2015-01-01,3.0,0
98,52,-0.25792126802618764,1,824,12,-0.12989798179327186,1,386,1|1,-0.24211053751360784,-0.12197719045084246,bindi2014_rhyp,4.5,2015-01-01,3.0,0
102,115,0.2099134119552386,1,824,28,0.27923985762454495,1,386,1|1,0.2257241424678184,0.28716064896697435,bindi2014_rhyp,4.5,2015-01-01,3.0,0
103,87,0.19696484567158168,1,824,14,0.10238791000853067,1,386,1|1,0.21277557618416149,0.11030870135096008,bindi2014_rhyp,4.5,2015-01-01,3.0,0
104,98,-0.3486195787044498,1,824,20,-0.37259314371578445,1,386,1|1,-0.33280884819187,-0.36467235237335505,bindi2014_rhyp,4.5,2015-01-01,3.0,0
105,39,0.0504818260773765,1,824,8,0.14835876378968052,1,386,1|1,0.06629255658995631,0.15627955513210992,bindi2014_rhyp,4.5,2015-01-01,3.0,0
106,38,-0.17694034525797186,1,824,7,-0.07748899520765193,1,386,1|1,-0.16112961474539206,-0.06956820386522253,bindi2014_rhyp,4.5,2015-01-01,3.0,0
109,31,-0.06556885737889018,1,824,6,0.013989543364195,1,386,1|1,-0.04975812686631036,0.021910334706624405,bindi2014_rhyp,4.5,2015-01-01,3.0,0
110,26,0.07739993709832149,1,824,5,0.08841770029058046,1,386,1|1,0.0932106676109013,0.09633849163300987,bindi2014_rhyp,4.5,2015-01-01,3.0,0
114,17,0.26940317629538857,1,824,7,0.22995485929400825,1,386,1|1,0.2852139068079684,0.23787565063643765,bindi2014_rhyp,4.5,2015-01-01,3.0,0
115,39,0.153519506626966,1,824,6,0.0646106396646774,1,386,1|1,0.16933023713954581,0.0725314310071068,bindi2014_rhyp,4.5,2015-01-01,3.0,0
116,18,0.44867324953509646,1,824,6,0.35428507203526294,1,386,1|1,0.46448398004767627,0.36220586337769234,bindi2014_rhyp,4.5,2015-01-01,3.0,0
117,29,0.3070176006795925,1,824,7,0.37474029890421234,1,386,1|1,0.3228283311921723,0.38266109024664174,bindi2014_rhyp,4.5,2015-01-01,3.0,0
118,58,0.3703367355346452,1,824,12,0.2460840440904906,1,386,1|1,0.386147466047225,0.25400483543292,bindi2014_rhyp,4.5,2015-01-01,3.0,0
119,40,-0.1975263642876235,1,824,6,-0.15863991765665963,1,386,1|1,-0.18171563377504368,-0.15071912631423023,bindi2014_rhyp,4.5,2015-01-01,3.0,0
120,40,-0.03600816256147954,1,824,9,-0.07632159153159221,1,386,1|1,-0.020197432048899726,-0.06840080018916281,bindi2014_rhyp,4.5,2015-01-01,3.0,0
121,20,-0.25264895226026507,1,824,7,-0.20019446978679212,1,386,1|1,-0.23683822174768526,-0.19227367844436272,bindi2014_rhyp,4.5,2015-01-01,3.0,0
122,26,0.40404554380988666,1,824,8,0.3619892555529305,1,386,1|1,0.41985627432246647,0.3699100468953599,bindi2014_rhyp,4.5,2015-01-01,3.0,0
123,21,0.08566247859072545,1,824,5,0.0819157400391391,1,386,1|1,0.10147320910330526,0.0898365313815685,bindi2014_rhyp,4.5,2015-01-01,3.0,0
124,30,-0.09883436804016155,1,824,13,-0.11852397516653217,1,386,1|1,-0.08302363752758174,-0.11060318382410277,bindi2014_rhyp,4.5,2015-01-01,3.0,0
125,15,-0.47376050378579093,1,824,5,-0.555443686130204,1,386,1|1,-0.4579497732732111,-0.5475228947877746,bindi2014_rhyp,4.5,2015-01-01,3.0,0
127,44,-0.16588144185312104,1,824,12,-0.003981324485438503,1,386,1|1,-0.15007071134054123,0.003939466856990901,bindi2014_rhyp,4.5,2015-01-01,3.0,0
128,41,-0.09438950060190765,1,824,9,-0.19994704390986406,1,386,1|1,-0.07857877008932784,-0.19202625256743466,bindi2014_rhyp,4.5,2015-01-01,3.0,0
130,73,-0.10812635600712917,1,824,23,-0.08860656591969929,1,386,1|1,-0.09231562549454936,-0.08068577457726989,bindi2014_rhyp,4.5,2015-01-01,3.0,0
131,71,-0.09488899911871096,1,824,10,-0.17312556547825933,1,386,1|1,-0.07907826860613115,-0.16520477413582993,bindi2014_rhyp,4.5,2015-01-01,3.0,0
134,24,-0.37532961648892915,1,824,5,-0.4379874251487693,1,386,1|1,-0.35951888597634934,-0.4300666338063399,bindi2014_rhyp,4.5,2015-01-01,3.0,0
135,43,0.21661533547874617,1,824,7,0.24337085107002207,1,386,1|1,0.23242606599132598,0.2512916424124515,bindi2014_rhyp,4.5,2015-01-01,3.0,0
136,30,-0.13662612294320864,1,824,6,-0.0712827030126207,1,386,1|1,-0.12081539243062883,-0.0633619116701913,bindi2014_rhyp,4.5,2015-01-01,3.0,0
137,53,-0.12896591121939882,1,824,11,-0.13861416073213664,1,386,1|1,-0.11315518070681901,-0.13069336938970724,bindi2014_rhyp,4.5,2015-01-01,3.0,0
138,33,-0.31871654691920537,1,824,8,-0.3236170319914332,1,386,1|1,-0.30290581640662556,-0.3156962406490038,bindi2014_rhyp,4.5,2015-01-01,3.0,0
139,33,-0.05445721943947224,1,824,6,-0.005452577945190079,1,386,1|1,-0.038646488926892424,0.002468213397239325,bindi2014_rhyp,4.5,2015-01-01,3.0,0
141,29,-0.047011198467162285,1,824,8,-0.025851038799355727,1,386,1|1,-0.03120046795458247,-0.017930247456926323,bindi2014_rhyp,4.5,2015-01-01,3.0,0
142,25,-0.2610260060120654,1,824,7,-0.279142130814212,1,386,1|1,-0.24521527549948557,-0.2712213394717826,bindi2014_rhyp,4.5,2015-01-01,3.0,0
143,20,-0.055871595339215596,1,824,6,-0.004088573249647703,1,386,1|1,-0.04006086482663578,0.003832218092781701,bindi2014_rhyp,4.5,2015-01-01,3.0,0
144,38,-0.1144711960777074,1,824,8,-0.2041141369857602,1,386,1|1,-0.09866046556512759,-0.1961933456433308,bindi2014_rhyp,4.5,2015-01-01,3.0,0
146,55,-0.38196856556672243,1,824,12,-0.40453118499777285,1,386,1|1,-0.3661578350541426,-0.39661039365534345,bindi2014_rhyp,4.5,2015-01-01,3.0,0
148,30,0.11719000309377525,1,824,6,0.22498694317377818,1,386,1|1,0.13300073360635506,0.23290773451620758,bindi2014_rhyp,4.5,2015-01-01,3.0,0
149,23,-0.13916115151051245,1,824,5,-0.21989884356794437,1,386,1|1,-0.12335042099793264,-0.21197805222551497,bindi2014_rhyp,4.5,2015-01-01,3.0,0
151,31,-0.404766181810602,1,824,12,-0.36248154761811324,1,386,1|1,-0.38895545129802217,-0.35456075627568384,bindi2014_rhyp,4.5,2015-01-01,3.0,0
152,24,-0.5005354722916843,1,824,7,-0.4958794053478006,1,386,1|1,-0.48472474177910446,-0.4879586140053712,bindi2014_rhyp,4.5,2015-01-01,3.0,0
153,38,-0.051515935370400556,1,824,9,-0.048158988120505605,1,386,1|1,-0.03570520485782074,-0.040238196778076205,bindi2014_rhyp,4.5,2015-01-01,3.0,0
154,64,-0.09407509137867187,1,824,19,-0.10165141127450042,1,386,1|1,-0.07826436086609206,-0.09373061993207102,bindi2014_rhyp,4.5,2015-01-01,3.0,0
156,77,-0.11735344914231771,1,824,16,-0.01031896065924548,1,386,1|1,-0.1015427186297379,-0.0023981693168160755,bindi2014_rhyp,4.5,2015-01-01,3.0,0
157,23,-0.014116085224227026,1,824,7,0.052138021553039565,1,386,1|1,0.0016946452883527877,0.060058812895468966,bindi2014_rhyp,4.5,2015-01-01,3.0,0
158,49,-0.10575048040490287,1,824,11,-0.08238818875580202,1,386,1|1,-0.08993974989232306,-0.07446739741337262,bindi2014_rhyp,4.5,2015-01-01,3.0,0
159,26,-0.22695288673544,1,824,6,-0.11962935839459982,1,386,1|1,-0.2111421562228602,-0.11170856705217042,bindi2014_rhyp,4.5,2015-01-01,3.0,0
161,23,0.08650408824341149,1,824,8,0.13058466083363843,1,386,1|1,0.1023148187559913,0.13850545217606783,bindi2014_rhyp,4.5,2015-01-01,3.0,0
162,68,0.2215894313130266,1,824,16,0.22760118263942328,1,386,1|1,0.23740016182560642,0.23552197398185268,bindi2014_rhyp,4.5,2015-01-01,3.0,0
163,105,0.3431712020923588,1,824,30,0.34749858734545225,1,386,1|1,0.3589819326049386,0.35541937868788165,bindi2014_rhyp,4.5,2015-01-01,3.0,0
164,62,-0.0034760997565657092,1,824,24,-0.02615091796373617,1,386,1|1,0.012334630756014105,-0.018230126621306766,bindi2014_rhyp,4.5,2015-01-01,3.0,0
166,81,-0.15361356900927858,1,824,22,-0.10879776933128238,1,386,1|1,-0.13780283849669878,-0.10087697798885298,bindi2014_rhyp,4.5,2015-01-01,3.0,0
167,41,-0.142032430109707,1,824,8,-0.1502992051875692,1,386,1|1,-0.1262216995971272,-0.1423784138451398,bindi2014_rhyp,4.5,2015-01-01,3.0,0
168,63,-0.20166877374491166,1,824,14,-0.22143396406393578,1,386,1|1,-0.18585804323233185,-0.21351317272150638,bindi2014_rhyp,4.5,2015-01-01,3.0,0
170,122,-0.3736138315170692,1,824,27,-0.4363624316502779,1,386,1|1,-0.35780310100448937,-0.4284416403078485,bindi2014_rhyp,4.5,2015-01-01,3.0,0
178,53,-0.32320496430994117,1,824,12,-0.32893337644040405,1,386,1|1,-0.30739423379736136,-0.32101258509797465,bindi2014_rhyp,4.5,2015-01-01,3.0,0
179,27,-0.44561380609220536,1,824,8,-0.3432223206878094,1,386,1|1,-0.42980307557962555,-0.33530152934538,bindi2014_rhyp,4.5,2015-01-01,3.0,0
181,74,0.34877257956760177,1,824,13,0.5048105462680285,1,386,1|1,0.3645833100801816,0.5127313376104579,bindi2014_rhyp,4.5,2015-01-01,3.0,0
182,60,0.20594974771211133,1,824,12,0.20362984014545274,1,386,1|1,0.22176047822469114,0.21155063148788214,bindi2014_rhyp,4.5,2015-01-01,3.0,0
183,15,-0.08567110035186176,1,824,6,-0.06552441546953133,1,386,1|1,-0.06986036983928195,-0.05760362412710193,bindi2014_rhyp,4.5,2015-01-01,3.0,0
185,46,-0.0267372188535826,1,824,9,0.013694556163135252,1,386,1|1,-0.010926488341002787,0.021615347505564656,bindi2014_rhyp,4.5,2015-01-01,3.0,0
187,21,-0.07607360605701585,1,824,5,-0.0007114876361913047,1,386,1|1,-0.06026287554443604,0.0072093037062380995,bindi2014_rhyp,4.5,2015-01-01,3.0,0
190,116,0.46608218119210937,1,824,31,0.5012066096042446,1,386,1|1,0.4818929117046892,0.509127400946674,bindi2014_rhyp,4.5,2015-01-01,3.0,0
191,80,0.40590602718319024,1,824,25,0.4480687222453854,1,386,1|1,0.42171675769577005,0.4559895135878148,bindi2014_rhyp,4.5,2015-01-01,3.0,0
194,96,-0.05551402758226476,1,824,20,-0.13321359691390366,1,386,1|1,-0.039703297069684944,-0.12529280557147426,bindi2014_rhyp,4.5,2015-01-01,3.0,0
195,78,-0.16338449286052392,1,824,13,-0.26549834957622354,1,386,1|1,-0.14757376234794412,-0.25757755823379413,bindi2014_rhyp,4.5,2015-01-01,3.0,0
196,78,0.24043749301127154,1,824,22,0.3040500283252219,1,386,1|1,0.25624822352385135,0.3119708196676513,bindi2014_rhyp,4.5,2015-01-01,3.0,0
197,54,0.33303484933605176,1,824,12,0.1207572555499569,1,386,1|1,0.34884557984863157,0.1286780468923863,bindi2014_rhyp,4.5,2015-01-01,3.0,0
198,43,0.7902390711841807,1,824,9,0.9271369457753277,1,386,1|1,0.8060498016967605,0.9350577371177571,bindi2014_rhyp,4.5,2015-01-01,3.0,0
199,74,-0.12827133910765276,1,824,18,-0.09100537521443149,1,386,1|1,-0.11246060859507295,-0.08308458387200209,bindi2014_rhyp,4.5,2015-01-01,3.0,0
200,62,-0.24398534723073706,1,824,17,-0.30186363598022314,1,386,1|1,-0.22817461671815725,-0.29394284463779374,bindi2014_rhyp,4.5,2015-01-01,3.0,0
201,29,-0.1573169567804492,1,824,10,-0.0964083047817392,1,386,1|1,-0.1415062262678694,-0.0884875134393098,bindi2014_rhyp,4.5,2015-01-01,3.0,0
202,29,-0.3465031427024142,1,824,5,-0.17253964397010088,1,386,1|1,-0.3306924121898344,-0.16461885262767148,bindi2014_rhyp,4.5,2015-01-01,3.0,0
204,40,-0.6104312518023199,1,824,10,-0.4897894176614054,1,386,1|1,-0.5946205212897401,-0.481868626318976,bindi2014_rhyp,4.5,2015-01-01,3.0,0
205,94,0.15358043812782174,1,824,20,0.17689343686866107,1,386,1|1,0.16939116864040155,0.18481422821109048,bindi2014_rhyp,4.5,2015-01-01,3.0,0
207,92,-0.2130765084919649,1,824,15,-0.2943233113623195,1,386,1|1,-0.1972657779793851,-0.2864025200198901,bindi2014_rhyp,4.5,2015-01-01,3.0,0
208,20,-0.028912484044923303,1,824,6,-0.11043010973401449,1,386,1|1,-0.01310175353234349,-0.10250931839158509,bindi2014_rhyp,4.5,2015-01-01,3.0,0
212,54,0.00913568690285338,1,824,11,0.026734710561986702,1,386,1|1,0.024946417415433193,0.0346555019044161,bindi2014_rhyp,4.5,2015-01-01,3.0,0
213,37,0.1412097652087942,1,824,11,0.1855971993700706,1,386,1|1,0.157020495721374,0.1935179907125,bindi2014_rhyp,4.5,2015-01-01,3.0,0
214,34,-0.2983462904858276,1,824,10,-0.2413569688012133,1,386,1|1,-0.2825355599732478,-0.2334361774587839,bindi2014_rhyp,4.5,2015-01-01,3.0,0
216,63,-0.15127583983536708,1,824,21,-0.08443966572199316,1,386,1|1,-0.13546510932278727,-0.07651887437956376,bindi2014_rhyp,4.5,2015-01-01,3.0,0
217,25,0.04638624372007183,1,824,7,0.20598613056393586,1,386,1|1,0.06219697423265164,0.21390692190636526,bindi2014_rhyp,4.5,2015-01-01,3.0,0
218,39,-0.020394617639187373,1,824,9,0.06749657353322441,1,386,1|1,-0.0045838871266075595,0.07541736487565381,bindi2014_rhyp,4.5,2015-01-01,3.0,0
219,44,-0.01823962682082525,1,824,11,-0.08014702637607181,1,386,1|1,-0.002428896308245436,-0.07222623503364241,bindi2014_rhyp,4.5,2015-01-01,3.0,0
220,30,-0.08953779082671698,1,824,8,-0.06622230790035218,1,386,1|1,-0.07372706031413717,-0.058301516557922775,bindi2014_rhyp,4.5,2015-01-01,3.0,0
221,62,-0.1673635130011102,1,824,14,-0.10285949193531635,1,386,1|1,-0.15155278248853038,-0.09493870059288695,bindi2014_rhyp,4.5,2015-01-01,3.0,0
222,42,-0.1253879114584504,1,824,12,-0.07389698967421389,1,386,1|1,-0.1095771809458706,-0.06597619833178449,bindi2014_rhyp,4.5,2015-01-01,3.0,0
223,57,0.10728165537999146,1,824,18,0.13689940880997878,1,386,1|1,0.12309238589257127,0.14482020015240818,bindi2014_rhyp,4.5,2015-01-01,3.0,0
224,25,-0.1266072179066876,1,824,6,-0.0694059155309936,1,386,1|1,-0.1107964873941078,-0.061485124188564194,bindi2014_rhyp,4.5,2015-01-01,3.0,0
225,62,-0.005735986834892626,1,824,16,0.12708417849995665,1,386,1|1,0.010074743677687188,0.13500496984238605,bindi2014_rhyp,4.5,2015-01-01,3.0,0
226,42,0.27463340029545497,1,824,9,0.33069924811817886,1,386,1|1,0.2904441308080348,0.33862003946060826,bindi2014_rhyp,4.5,2015-01-01,3.0,0
227,32,-0.1730352481636388,1,824,6,-0.0019139633672137502,1,386,1|1,-0.157224517651059,0.006006827975215654,bindi2014_rhyp,4.5,2015-01-01,3.0,0
228,32,0.06371609002424516,1,824,7,0.23280566499605046,1,386,1|1,0.07952682053682497,0.24072645633847986,bindi2014_rhyp,4.5,2015-01-01,3.0,0
380,56,-0.10049470536170524,1,824,12,-0.20982922443558594,1,386,1|1,-0.08468397484912543,-0.20190843309315654,bindi2014_rhyp,4.5,2015-01-01,3.0,0
388,34,0.036183773205517133,1,824,6,0.05436433118659911,1,386,1|1,0.05199450371809695,0.062285122529028514,bindi2014_rhyp,4.5,2015-01-01,3.0,0
389,40,0.08284194430195008,1,824,7,-0.009980454255791998,1,386,1|1,0.09865267481452988,-0.002059662913362594,bindi2014_rhyp,4.5,2015-01-01,3.0,0
390,28,0.09770316372578275,1,824,7,-0.02524970172260091,1,386,1|1,0.11351389423836256,-0.017328910380171505,bindi2014_rhyp,4.5,2015-01-01,3.0,0
396,48,-0.016138857788900562,1,824,10,-0.13486268010426067,1,386,1|1,-0.0003281272763207485,-0.12694188876183127,bindi2014_rhyp,4.5,2015-01-01,3.0,0
397,44,0.12882139449643826,1,824,10,0.034515203990735654,1,386,1|1,0.14463212500901806,0.042435995333165055,bindi2014_rhyp,4.5,2015-01-01,3.0,0
406,39,-0.11368630037111538,1,824,9,-0.10836851376247823,1,386,1|1,-0.09787556985853557,-0.10044772242004883,bindi2014_rhyp,4.5,2015-01-01,3.0,0
411,54,-0.0017180193826183965,1,824,12,-0.13611578048142103,1,386,1|1,0.014092711129961417,-0.12819498913899163,bindi2014_rhyp,4.5,2015-01-01,3.0,0
413,58,-0.04943231298602757,1,824,10,-0.12169722980228195,1,386,1|1,-0.03362158247344776,-0.11377643845985255,bindi2014_rhyp,4.5,2015-01-01,3.0,0
415,77,-0.1367369995209351,1,824,13,-0.255627950904823,1,386,1|1,-0.12092626900835529,-0.2477071595623936,bindi2014_rhyp,4.5,2015-01-01,3.0,0
417,78,-0.2503394904145705,1,824,14,-0.2751324201281735,1,386,1|1,-0.23452875990199068,-0.2672116287857441,bindi2014_rhyp,4.5,2015-01-01,3.0,0
418,63,0.1559527484214177,1,824,10,0.06271938467904803,1,386,1|1,0.17176347893399752,0.07064017602147743,bindi2014_rhyp,4.5,2015-01-01,3.0,0
419,46,0.09525777601954927,1,824,12,0.054189949230531886,1,386,1|1,0.11106850653212907,0.06211074057296129,bindi2014_rhyp,4.5,2015-01-01,3.0,0
420,20,0.09050338195349084,1,824,5,0.06739397397465224,1,386,1|1,0.10631411246607064,0.07531476531708164,bindi2014_rhyp,4.5,2015-01-01,3.0,0
421,24,0.04427683259922077,1,824,6,-0.004797325757942089,1,386,1|1,0.060087563111800586,0.003123465584487315,bindi2014_rhyp,4.5,2015-01-01,3.0,0
427,22,0.01534053470785779,1,824,6,-0.028685981013200343,1,386,1|1,0.031151265220437603,-0.02076518967077094,bindi2014_rhyp,4.5,2015-01-01,3.0,0
428,26,-0.09221682126551078,1,824,5,-0.07161988120157929,1,386,1|1,-0.07640609075293098,-0.06369908985914989,bindi2014_rhyp,4.5,2015-01-01,3.0,0
431,25,-0.32945240664334585,1,824,6,-0.2190505564017905,1,386,1|1,-0.31364167613076605,-0.2111297650593611,bindi2014_rhyp,4.5,2015-01-01,3.0,0
435,23,-0.13247247091176406,1,824,5,-0.1957899894999375,1,386,1|1,-0.11666174039918425,-0.1878691981575081,bindi2014_rhyp,4.5,2015-01-01,3.0,0
436,32,0.2438248406836921,1,824,6,0.07129668883272997,1,386,1|1,0.2596355711962719,0.07921748017515937,bindi2014_rhyp,4.5,2015-01-01,3.0,0
441,41,-0.10184255149023824,1,824,7,-0.13118334944248522,1,386,1|1,-0.08603182097765844,-0.12326255810005582,bindi2014_rhyp,4.5,2015-01-01,3.0,0
443,24,0.22271189073625985,1,824,5,0.11503734317897554,1,386,1|1,0.23852262124883966,0.12295813452140494,bindi2014_rhyp,4.5,2015-01-01,3.0,0
448,59,0.014980528736954324,1,824,14,-0.0893997646897769,1,386,1|1,0.030791259249534138,-0.0814789733473475,bindi2014_rhyp,4.5,2015-01-01,3.0,0
449,32,0.13135048524324766,1,824,10,0.05723307961850729,1,386,1|1,0.14716121575582747,0.0651538709609367,bindi2014_rhyp,4.5,2015-01-01,3.0,0
450,44,0.1261024316808581,1,824,10,0.09771775242918468,1,386,1|1,0.14191316219343791,0.10563854377161408,bindi2014_rhyp,4.5,2015-01-01,3.0,0
456,40,-0.09611840640479352,1,824,9,-0.06032895575034247,1,386,1|1,-0.08030767589221371,-0.05240816440791307,bindi2014_rhyp,4.5,2015-01-01,3.0,0
460,54,0.23684357992406674,1,824,12,0.3023327754145718,1,386,1|1,0.25265431043664655,0.3102535667570012,bindi2014_rhyp,4.5,2015-01-01,3.0,0
461,57,0.020074233724666324,1,824,11,-0.06698322144236069,1,386,1|1,0.03588496423724614,-0.059062430099931285,bindi2014_rhyp,4.5,2015-01-01,3.0,0
462,40,-0.18870876953051796,1,824,9,-0.15472748965394625,1,386,1|1,-0.17289803901793815,-0.14680669831151685,bindi2014_rhyp,4.5,2015-01-01,3.0,0
468,37,0.4430549733397414,1,824,6,0.38159265144907095,1,386,1|1,0.4588657038523212,0.38951344279150035,bindi2014_rhyp,4.5,2015-01-01,3.0,0
469,41,0.10715332807835914,1,824,10,-0.0029021569610490627,1,386,1|1,0.12296405859093895,0.0050186343813803415,bindi2014_rhyp,4.5,2015-01-01,3.0,0
470,68,-0.1738259641498605,1,824,14,-0.14662565168412264,1,386,1|1,-0.1580152336372807,-0.13870486034169324,bindi2014_rhyp,4.5,2015-01-01,3.0,0
23,28,-0.11555878503769279,1,816,8,-0.16712899353132593,0,424,1|0,-0.11332524570875589,-0.1555009979729344,bindi2014_rhyp,4.5,2015-01-01,3.0,1
25,36,0.4001501483318934,1,816,7,0.2473081012547683,0,424,1|0,0.40238368766083027,0.2589360968131598,bindi2014_rhyp,4.5,2015-01-01,3.0,1
26,93,0.02148426369040779,1,816,21,-0.03968792751331046,0,424,1|0,0.02371780301934469,-0.02805993195491894,bindi2014_rhyp,4.5,2015-01-01,3.0,1
27,36,-0.027875032361306062,1,816,12,-0.054964315289078136,0,424,1|0,-0.02564149303236916,-0.043336319730686614,bindi2014_rhyp,4.5,2015-01-01,3.0,1
28,39,0.018617225074258226,1,816,9,-0.06637721334674695,0,424,1|0,0.020850764403195127,-0.05474921778835543,bindi2014_rhyp,4.5,2015-01-01,3.0,1
29,35,-0.2638572595232571,1,816,17,-0.1597082486318141,0,424,1|0,-0.26162372019432023,-0.14808025307342257,bindi2014_rhyp,4.5,2015-01-01,3.0,1
31,27,0.16814619732842162,1,816,6,0.05175702190192649,0,424,1|0,0.17037973665735853,0.06338501746031801,bindi2014_rhyp,4.5,2015-01-01,3.0,1
32,27,-1.3517487335186722,1,816,7,-1.5074831126336847,0,424,1|0,-1.3495151941897352,-1.4958551170752932,bindi2014_rhyp,4.5,2015-01-01,3.0,1
35,28,0.27022976863571163,1,816,8,0.20220551149196092,0,424,1|0,0.2724633079646485,0.21383350705035245,bindi2014_rhyp,4.5,2015-01-01,3.0,1
38,28,-0.08915386900385247,1,816,6,-0.5972558573174314,0,424,1|0,-0.08692032967491557,-0.5856278617590398,bindi2014_rhyp,4.5,2015-01-01,3.0,1
39,67,-0.023118511118184748,1,816,12,-0.2617852720396484,0,424,1|0,-0.020884971789247846,-0.2501572764812569,bindi2014_rhyp,4.5,2015-01-01,3.0,1
45,52,0.166777506534736,1,816,10,-0.035418809461606915,0,424,1|0,0.1690110458636729,-0.023790813903215392,bindi2014_rhyp,4.5,2015-01-01,3.0,1
46,24,-0.06000018036219046,1,816,5,-0.8526946169591303,0,424,1|0,-0.05776664103325356,-0.8410666214007387,bindi2014_rhyp,4.5,2015-01-01,3.0,1
47,28,0.5705879572626783,1,816,10,0.4262953000768618,0,424,1|0,0.5728214965916152,0.4379232956352533,bindi2014_rhyp,4.5,2015-01-01,3.0,1
49,18,0.07362357792312135,1,816,5,-0.016536645646456516,0,424,1|0,0.07585711725205825,-0.004908650088064995,bindi2014_rhyp,4.5,2015-01-01,3.0,1
50,20,0.1113838739758014,1,816,8,0.16010254404325963,0,424,1|0,0.1136174133047383,0.17173053960165116,bindi2014_rhyp,4.5,2015-01-01,3.0,1
52,25,0.38519351954087155,1,816,8,0.18979007151862703,0,424,1|0,0.38742705886980844,0.20141806707701856,bindi2014_rhyp,4.5,2015-01-01,3.0,1
54,99,-0.03113239711961091,1,816,28,-0.14881135934528045,0,424,1|0,-0.02889885779067401,-0.13718336378688892,bindi2014_rhyp,4.5,2015-01-01,3.0,1
55,86,0.12574023271642598,1,816,14,-0.008127155089532156,0,424,1|0,0.1279737720453629,0.0035008404688593644,bindi2014_rhyp,4.5,2015-01-01,3.0,1
56,62,0.0903623701871018,1,816,16,0.03289194270329293,0,424,1|0,0.0925959095160387,0.044519938261684454,bindi2014_rhyp,4.5,2015-01-01,3.0,1
57,64,-0.2615560823180725,1,816,15,-0.31939426029893114,0,424,1|0,-0.2593225429891356,-0.30776626474053964,bindi2014_rhyp,4.5,2015-01-01,3.0,1
58,36,-0.03882031387519247,1,816,9,-0.12028302813729663,0,424,1|0,-0.03658677454625557,-0.10865503257890512,bindi2014_rhyp,4.5,2015-01-01,3.0,1
59,52,-0.06905133670922292,1,816,11,-0.1134496388336027,0,424,1|0,-0.06681779738028602,-0.10182164327521119,bindi2014_rhyp,4.5,2015-01-01,3.0,1
60,88,-0.08427187961536542,1,816,14,-0.20297223448674673,0,424,1|0,-0.08203834028642852,-0.1913442389283552,bindi2014_rhyp,4.5,2015-01-01,3.0,1
61,67,0.02501795359876291,1,816,12,-0.05686752152803726,0,424,1|0,0.02725149292769981,-0.045239525969645734,bindi2014_rhyp,4.5,2015-01-01,3.0,1
62,61,-0.1777434175796493,1,816,11,-0.2574533849667022,0,424,1|0,-0.17550987825071238,-0.2458253894083107,bindi2014_rhyp,4.5,2015-01-01,3.0,1
65,29,-0.21120364987925622,1,816,6,-0.19881908708459095,0,424,1|0,-0.2089701105503193,-0.18719109152619942,bindi2014_rhyp,4.5,2015-01-01,3.0,1
66,79,0.09335663793267934,1,816,14,0.03438323670321802,0,424,1|0,0.09559017726161624,0.046011232261609546,bindi2014_rhyp,4.5,2015-01-01,3.0,1
68,15,0.11824266743013934,1,816,6,-0.05223929504014996,0,424,1|0,0.12047620675907623,-0.040611299481758435,bindi2014_rhyp,4.5,2015-01-01,3.0,1
69,72,0.27741323148972097,1,816,11,0.2376981281458527,0,424,1|0,0.27964677081865785,0.24932612370424423,bindi2014_rhyp,4.5,2015-01-01,3.0,1
70,62,0.21231878628596218,1,816,8,0.17829110733755238,0,424,1|0,0.2145523256148991,0.1899191028959439,bindi2014_rhyp,4.5,2015-01-01,3.0,1
75,24,0.2702386715712497,1,816,7,0.18708357680126725,0,424,1|0,0.2724722109001866,0.19871157235965878,bindi2014_rhyp,4.5,2015-01-01,3.0,1
76,28,0.623969592311416,1,816,6,0.6155707045105415,0,424,1|0,0.6262031316403529,0.6271987000689331,bindi2014_rhyp,4.5,2015-01-01,3.0,1
78,28,-0.1569658929388833,1,816,8,-0.20693623413072304,0,424,1|0,-0.1547323536099464,-0.1953082385723315,bindi2014_rhyp,4.5,2015-01-01,3.0,1
79,40,0.00875883727388449,1,816,7,-0.06539285932684735,0,424,1|0,0.010992376602821392,-0.05376486376845583,bindi2014_rhyp,4.5,2015-01-01,3.0,1
81,112,-0.09624789642114862,1,816,32,-0.1905541146449109,0,424,1|0,-0.09401435709221172,-0.17892611908651937,bindi2014_rhyp,4.5,2015-01-01,3.0,1
84,31,0.3479450200843082,1,816,11,0.29571172989805694,0,424,1|0,0.3501785594132451,0.30733972545644844,bindi2014_rhyp,4.5,2015-01-01,3.0,1
85,20,0.22954786028704272,1,816,5,0.32435895822693805,0,424,1|0,0.23178139961597963,0.33598695378532956,bindi2014_rhyp,4.5,2015-01-01,3.0,1
87,57,0.0829768491046029,1,816,16,0.05401003527767584,0,424,1|0,0.0852103884335398,0.06563803083606735,bindi2014_rhyp,4.5,2015-01-01,3.0,1
88,69,-0.07466603715423437,1,816,12,-0.07754077104169843,0,424,1|0,-0.07243249782529747,-0.06591277548330692,bindi2014_rhyp,4.5,2015-01-01,3.0,1
89,115,-0.08798791122855931,1,816,33,0.09220732459709585,0,424,1|0,-0.08575437189962241,0.10383532015548737,bindi2014_rhyp,4.5,2015-01-01,3.0,1
90,62,-0.3923110527616417,1,816,15,-0.4499123355969097,0,424,1|0,-0.3900775134327048,-0.4382843400385182,bindi2014_rhyp,4.5,2015-01-01,3.0,1
91,53,-0.27641745954105323,1,816,9,-0.39371184492866307,0,424,1|0,-0.27418392021211635,-0.38208384937027157,bindi2014_rhyp,4.5,2015-01-01,3.0,1
93,56,-0.01945393431288911,1,816,12,-0.08752860916162719,0,424,1|0,-0.017220394983952208,-0.07590061360323568,bindi2014_rhyp,4.5,2015-01-01,3.0,1
94,32,0.6183235824612576,1,816,5,0.5657821121077414,0,424,1|0,0.6205571217901945,0.577410107666133,bindi2014_rhyp,4.5,2015-01-01,3.0,1
95,38,0.33805068993695375,1,816,8,0.23904003458283143,0,424,1|0,0.34028422926589064,0.25066803014122296,bindi2014_rhyp,4.5,2015-01-01,3.0,1
97,29,-0.28053388481870156,1,816,6,-0.11720317573374817,0,424,1|0,-0.2783003454897647,-0.10557518017535665,bindi2014_rhyp,4.5,2015-01-01,3.0,1
98,56,-0.21587045388917914,1,816,8,-0.30897063550674253,0,424,1|0,-0.21363691456024222,-0.29734263994835103,bindi2014_rhyp,4.5,2015-01-01,3.0,1
100,17,0.4652324702330567,1,816,5,0.43540031104006904,0,424,1|0,0.4674660095619936,0.44702830659846055,bindi2014_rhyp,4.5,2015-01-01,3.0,1
102,114,0.24186801241561323,1,816,29,0.13244420276105856,0,424,1|0,0.24410155174455014,0.1440721983194501,bindi2014_rhyp,4.5,2015-01-01,3.0,1
103,78,0.1586885886610001,1,816,23,0.28717996915579025,0,424,1|0,0.16092212798993702,0.29880796471418175,bindi2014_rhyp,4.5,2015-01-01,3.0,1
104,94,-0.34375554401840525,1,816,24,-0.37491010493673427,0,424,1|0,-0.34152200468946836,-0.36328210937834277,bindi2014_rhyp,4.5,2015-01-01,3.0,1
105,37,0.06741721148983959,1,816,10,0.05624625853483972,0,424,1|0,0.06965075081877649,0.06787425409323124,bindi2014_rhyp,4.5,2015-01-01,3.0,1
106,37,-0.13426444807470095,1,816,8,-0.287233378065365,0,424,1|0,-0.13203090874576404,-0.2756053825069735,bindi2014_rhyp,4.5,2015-01-01,3.0,1
109,28,-0.0223725339485652,1,816,9,-0.15793973539048922,0,424,1|0,-0.020138994619628297,-0.1463117398320977,bindi2014_rhyp,4.5,2015-01-01,3.0,1
110,23,0.13657968226579165,1,816,8,-0.12257206454069702,0,424,1|0,0.13881322159472856,-0.11094406898230551,bindi2014_rhyp,4.5,2015-01-01,3.0,1
113,20,-0.21865014924590487,1,816,6,-0.3464615832871436,0,424,1|0,-0.21641660991696796,-0.3348335877287521,bindi2014_rhyp,4.5,2015-01-01,3.0,1
115,38,0.14190188014980287,1,816,7,0.17406976260257478,0,424,1|0,0.14413541947873978,0.18569775816096631,bindi2014_rhyp,4.5,2015-01-01,3.0,1
117,30,0.3572725543383035,1,816,6,0.1403121266331272,0,424,1|0,0.3595060936672404,0.15194012219151873,bindi2014_rhyp,4.5,2015-01-01,3.0,1
118,49,0.30804263501694074,1,816,21,0.46377105165701493,0,424,1|0,0.3102761743458776,0.47539904721540643,bindi2014_rhyp,4.5,2015-01-01,3.0,1
119,25,-0.23726587602480076,1,816,21,-0.12385088234965125,0,424,1|0,-0.23503233669586385,-0.11222288679125973,bindi2014_rhyp,4.5,2015-01-01,3.0,1
120,41,-0.042100059505095766,1,816,8,-0.03370915281231718,0,424,1|0,-0.03986652017615887,-0.022081157253925655,bindi2014_rhyp,4.5,2015-01-01,3.0,1
121,22,-0.2397729294462061,1,816,5,-0.28064406998144464,0,424,1|0,-0.23753939011726918,-0.26901607442305314,bindi2014_rhyp,4.5,2015-01-01,3.0,1
123,21,0.07870760908173635,1,816,5,0.1178914104597727,0,424,1|0,0.08094114841067325,0.12951940601816422,bindi2014_rhyp,4.5,2015-01-01,3.0,1
124,37,-0.0991114638327838,1,816,6,-0.12489874824799285,0,424,1|0,-0.0968779245038469,-0.11327075268960134,bindi2014_rhyp,4.5,2015-01-01,3.0,1
126,20,0.020471720064241916,1,816,8,-0.10912553951800785,0,424,1|0,0.022705259393178818,-0.09749754395961634,bindi2014_rhyp,4.5,2015-01-01,3.0,1
127,50,-0.11676181794201479,1,816,6,-0.22631019056677182,0,424,1|0,-0.11452827861307789,-0.2146821950083803,bindi2014_rhyp,4.5,2015-01-01,3.0,1
128,42,-0.11887681385107274,1,816,8,-0.12005312249609634,0,424,1|0,-0.11664327452213584,-0.10842512693770483,bindi2014_rhyp,4.5,2015-01-01,3.0,1
130,77,-0.09660923323172455,1,816,19,-0.12453374308972032,0,424,1|0,-0.09437569390278765,-0.1129057475313288,bindi2014_rhyp,4.5,2015-01-01,3.0,1
131,67,-0.11340730537901544,1,816,14,-0.048166189830141815,0,424,1|0,-0.11117376605007855,-0.03653819427175029,bindi2014_rhyp,4.5,2015-01-01,3.0,1
134,23,-0.3828031382369729,1,816,6,-0.3964766969099591,0,424,1|0,-0.380569598908036,-0.3848487013515676,bindi2014_rhyp,4.5,2015-01-01,3.0,1
135,39,0.22423810530000848,1,816,11,0.1977450670498587,0,424,1|0,0.2264716446289454,0.20937306260825023,bindi2014_rhyp,4.5,2015-01-01,3.0,1
136,27,-0.09370843955220742,1,816,9,-0.24350228984725042,0,424,1|0,-0.09147490022327052,-0.2318742942888589,bindi2014_rhyp,4.5,2015-01-01,3.0,1
137,56,-0.12806815816027695,1,816,8,-0.10393666455219275,0,424,1|0,-0.12583461883134003,-0.09230866899380123,bindi2014_rhyp,4.5,2015-01-01,3.0,1
139,31,-0.03238685995401103,1,816,8,-0.10998114429892014,0,424,1|0,-0.030153320625074125,-0.09835314874052863,bindi2014_rhyp,4.5,2015-01-01,3.0,1
141,31,-0.04232138923501527,1,816,6,-0.03736355319923923,0,424,1|0,-0.040087849906078374,-0.025735557640847707,bindi2014_rhyp,4.5,2015-01-01,3.0,1
142,25,-0.24477731407417702,1,816,7,-0.3003601754771912,0,424,1|0,-0.2425437747452401,-0.2887321799187997,bindi2014_rhyp,4.5,2015-01-01,3.0,1
144,33,-0.12723666551207102,1,816,13,-0.13198100209920682,0,424,1|0,-0.1250031261831341,-0.12035300654081531,bindi2014_rhyp,4.5,2015-01-01,3.0,1
146,52,-0.39597357893869034,1,816,15,-0.3094191898619657,0,424,1|0,-0.39374003960975346,-0.2977911943035742,bindi2014_rhyp,4.5,2015-01-01,3.0,1
151,35,-0.38064798127358446,1,816,8,-0.473615589329364,0,424,1|0,-0.3784144419446476,-0.4619875937709725,bindi2014_rhyp,4.5,2015-01-01,3.0,1
153,37,-0.04764076408665807,1,816,10,-0.06507942040125492,0,424,1|0,-0.045407224757721174,-0.053451424842863395,bindi2014_rhyp,4.5,2015-01-01,3.0,1
154,71,-0.07706237475197275,1,816,12,-0.1849810069643263,0,424,1|0,-0.07482883542303585,-0.17335301140593476,bindi2014_rhyp,4.5,2015-01-01,3.0,1
156,77,-0.07893179802723804,1,816,16,-0.19315443994574955,0,424,1|0,-0.07669825869830114,-0.18152644438735802,bindi2014_rhyp,4.5,2015-01-01,3.0,1
157,23,0.026475421245456543,1,816,7,-0.08887556306765687,0,424,1|0,0.028708960574393445,-0.07724756750926536,bindi2014_rhyp,4.5,2015-01-01,3.0,1
158,47,-0.09995467925718904,1,816,13,-0.0912975013171734,0,424,1|0,-0.09772113992825214,-0.07966950575878189,bindi2014_rhyp,4.5,2015-01-01,3.0,1
159,25,-0.1945744317074024,1,816,7,-0.25525924335536376,0,424,1|0,-0.1923408923784655,-0.24363124779697223,bindi2014_rhyp,4.5,2015-01-01,3.0,1
161,25,0.10849426120906669,1,816,6,0.054059470797637066,0,424,1|0,0.11072780053800359,0.06568746635602858,bindi2014_rhyp,4.5,2015-01-01,3.0,1
162,74,0.23610199571757856,1,816,10,0.16899254201783465,0,424,1|0,0.23833553504651547,0.18062053757622618,bindi2014_rhyp,4.5,2015-01-01,3.0,1
163,114,0.3578576989441877,1,816,21,0.27253680191919466,0,424,1|0,0.36009123827312456,0.28416479747758616,bindi2014_rhyp,4.5,2015-01-01,3.0,1
164,74,0.0052561165036827395,1,816,12,-0.07320501007889013,0,424,1|0,0.007489655832619641,-0.06157701452049861,bindi2014_rhyp,4.5,2015-01-01,3.0,1
165,18,0.11214984642860792,1,816,5,-0.06485474195844498,0,424,1|0,0.11438338575754482,-0.05322674640005346,bindi2014_rhyp,4.5,2015-01-01,3.0,1
166,86,-0.14900815289072378,1,816,17,-0.11108801526298595,0,424,1|0,-0.14677461356178687,-0.09946001970459444,bindi2014_rhyp,4.5,2015-01-01,3.0,1
167,44,-0.1414132290125636,1,816,5,-0.13674497040219202,0,424,1|0,-0.13917968968362668,-0.1251169748438005,bindi2014_rhyp,4.5,2015-01-01,3.0,1
168,55,-0.2176756778526654,1,816,22,-0.16455142818673452,0,424,1|0,-0.21544213852372848,-0.152923432628343,bindi2014_rhyp,4.5,2015-01-01,3.0,1
169,30,-0.057090857135216666,1,816,8,-0.104894427749055,0,424,1|0,-0.05485731780627977,-0.09326643219066348,bindi2014_rhyp,4.5,2015-01-01,3.0,1
170,115,-0.3864673357109779,1,816,34,-0.3592931170945015,0,424,1|0,-0.384233796382041,-0.34766512153611,bindi2014_rhyp,4.5,2015-01-01,3.0,1
175,26,0.15080365372381122,1,816,5,0.37860327770123725,0,424,1|0,0.15303719305274813,0.39023127325962875,bindi2014_rhyp,4.5,2015-01-01,3.0,1
176,17,-0.3367807651931649,1,816,5,-0.3432141703847933,0,424,1|0,-0.334547225864228,-0.3315861748264018,bindi2014_rhyp,4.5,2015-01-01,3.0,1
178,48,-0.32986195625467185,1,816,17,-0.29273090673065216,0,424,1|0,-0.32762841692573497,-0.28110291117226066,bindi2014_rhyp,4.5,2015-01-01,3.0,1
179,29,-0.3956449197661741,1,816,6,-0.5509027305559796,0,424,1|0,-0.3934113804372372,-0.539274734997588,bindi2014_rhyp,4.5,2015-01-01,3.0,1
181,63,0.3965471330849929,1,816,24,0.28301138342064636,0,424,1|0,0.3987806724139298,0.29463937897903786,bindi2014_rhyp,4.5,2015-01-01,3.0,1
182,60,0.2255818925314857,1,816,12,0.12893813937416387,0,424,1|0,0.2278154318604226,0.1405661349325554,bindi2014_rhyp,4.5,2015-01-01,3.0,1
185,45,-0.017509354323952286,1,816,10,-0.0268958935817597,0,424,1|0,-0.015275814995015385,-0.01526789802336818,bindi2014_rhyp,4.5,2015-01-01,3.0,1
187,20,-0.05984947236423188,1,816,6,-0.09269519975181706,0,424,1|0,-0.05761593303529498,-0.08106720419342554,bindi2014_rhyp,4.5,2015-01-01,3.0,1
190,114,0.4901363172521712,1,816,33,0.3916104563316491,0,424,1|0,0.4923698565811081,0.4032384518900406,bindi2014_rhyp,4.5,2015-01-01,3.0,1
191,80,0.42880485883173936,1,816,25,0.3369847659484116,0,424,1|0,0.43103839816067624,0.3486127615068031,bindi2014_rhyp,4.5,2015-01-01,3.0,1
194,91,-0.08876744501059508,1,816,25,0.014942354594389362,0,424,1|0,-0.08653390568165818,0.026570350152780885,bindi2014_rhyp,4.5,2015-01-01,3.0,1
195,72,-0.17367090909628868,1,816,19,-0.16665039151732508,0,424,1|0,-0.17143736976735177,-0.15502239595893355,bindi2014_rhyp,4.5,2015-01-01,3.0,1
196,76,0.26513769245309265,1,816,24,0.18540850035298484,0,424,1|0,0.26737123178202954,0.19703649591137637,bindi2014_rhyp,4.5,2015-01-01,3.0,1
197,46,0.2546578881352238,1,816,20,0.4020528580936694,0,424,1|0,0.25689142746416066,0.4136808536520609,bindi2014_rhyp,4.5,2015-01-01,3.0,1
198,46,0.813500679047066,1,816,6,0.8488246537449367,0,424,1|0,0.8157342183760029,0.8604526493033282,bindi2014_rhyp,4.5,2015-01-01,3.0,1
199,79,-0.10251579977450498,1,816,13,-0.23003419861123053,0,424,1|0,-0.10028226044556808,-0.218406203052839,bindi2014_rhyp,4.5,2015-01-01,3.0,1
200,70,-0.25328010000096446,1,816,9,-0.24366767213716656,0,424,1|0,-0.2510465606720276,-0.23203967657877503,bindi2014_rhyp,4.5,2015-01-01,3.0,1
201,30,-0.11884303148092346,1,816,9,-0.25536202195019286,0,424,1|0,-0.11660949215198656,-0.24373402639180133,bindi2014_rhyp,4.5,2015-01-01,3.0,1
202,23,-0.2968246400516775,1,816,11,-0.33616297074551005,0,424,1|0,-0.29459110072274064,-0.32453497518711855,bindi2014_rhyp,4.5,2015-01-01,3.0,1
205,95,0.1502147286633559,1,816,19,0.18953282653924786,0,424,1|0,0.1524482679922928,0.20116082209763939,bindi2014_rhyp,4.5,2015-01-01,3.0,1
207,87,-0.21698757250762046,1,816,20,-0.2570757281391317,0,424,1|0,-0.21475403317868355,-0.24544773258074018,bindi2014_rhyp,4.5,2015-01-01,3.0,1
208,19,-0.0545282993603593,1,816,7,-0.045547877660454206,0,424,1|0,-0.0522947600314224,-0.03391988210206268,bindi2014_rhyp,4.5,2015-01-01,3.0,1
212,55,0.011051661433801097,1,816,10,0.02917550420466891,0,424,1|0,0.013285200762737998,0.040803499763060434,bindi2014_rhyp,4.5,2015-01-01,3.0,1
213,37,0.1701078070681552,1,816,11,0.05956085778410314,0,424,1|0,0.17234134639709212,0.07118885334249465,bindi2014_rhyp,4.5,2015-01-01,3.0,1
214,30,-0.2746706966293898,1,816,14,-0.2839195844800234,0,424,1|0,-0.2724371573004529,-0.2722915889216319,bindi2014_rhyp,4.5,2015-01-01,3.0,1
215,16,0.25346659549068373,1,816,6,0.10236553649772967,0,424,1|0,0.2557001348196206,0.11399353205612119,bindi2014_rhyp,4.5,2015-01-01,3.0,1
216,71,-0.11202481132661901,1,816,13,-0.2666401643168289,0,424,1|0,-0.10979127199768211,-0.2550121687584374,bindi2014_rhyp,4.5,2015-01-01,3.0,1
217,25,0.08941807576876193,1,816,7,0.036228062267822825,0,424,1|0,0.09165161509769883,0.04785605782621435,bindi2014_rhyp,4.5,2015-01-01,3.0,1
218,37,0.03310341383763038,1,816,11,-0.14994898001951085,0,424,1|0,0.03533695316656728,-0.13832098446111932,bindi2014_rhyp,4.5,2015-01-01,3.0,1
219,43,-0.031211066358471706,1,816,12,-0.042900635656593356,0,424,1|0,-0.028977527029534805,-0.03127264009820183,bindi2014_rhyp,4.5,2015-01-01,3.0,1
220,31,-0.03927793100315513,1,816,7,-0.2952613575056763,0,424,1|0,-0.03704439167421823,-0.2836333619472848,bindi2014_rhyp,4.5,2015-01-01,3.0,1
221,62,-0.14448508803587978,1,816,14,-0.2126459209915571,0,424,1|0,-0.14225154870694287,-0.20101792543316557,bindi2014_rhyp,4.5,2015-01-01,3.0,1
222,45,-0.09225000422901486,1,816,9,-0.21648430358749227,0,424,1|0,-0.09001646490007796,-0.20485630802910074,bindi2014_rhyp,4.5,2015-01-01,3.0,1
223,63,0.137024736559838,1,816,12,-0.012700650807669633,0,424,1|0,0.1392582758887749,-0.0010726552492781125,bindi2014_rhyp,4.5,2015-01-01,3.0,1
224,25,-0.07389543705108648,1,816,6,-0.2796286967421794,0,424,1|0,-0.07166189772214958,-0.2680007011837879,bindi2014_rhyp,4.5,2015-01-01,3.0,1
225,66,0.049241115975676375,1,816,12,-0.1189381121611246,0,424,1|0,0.05147465530461327,-0.10731011660273308,bindi2014_rhyp,4.5,2015-01-01,3.0,1
226,41,0.30049443796317415,1,816,10,0.20917163818682008,0,424,1|0,0.30272797729211104,0.2207996337452116,bindi2014_rhyp,4.5,2015-01-01,3.0,1
227,31,-0.11494773181675988,1,816,7,-0.2684441891060041,0,424,1|0,-0.11271419248782298,-0.2568161935476126,bindi2014_rhyp,4.5,2015-01-01,3.0,1
228,30,0.11508016994243386,1,816,9,0.007696747638560153,0,424,1|0,0.11731370927137076,0.019324743196951676,bindi2014_rhyp,4.5,2015-01-01,3.0,1
380,48,-0.16205627229627884,1,816,20,0.00871163795252422,0,424,1|0,-0.15982273296734192,0.020339633510915743,bindi2014_rhyp,4.5,2015-01-01,3.0,1
382,20,-0.2374852908817604,1,816,8,-0.08287827853658802,0,424,1|0,-0.2352517515528235,-0.07125028297819651,bindi2014_rhyp,4.5,2015-01-01,3.0,1
387,16,-0.17002608963184696,1,816,5,0.11728468508234496,0,424,1|0,-0.16779255030291004,0.1289126806407365,bindi2014_rhyp,4.5,2015-01-01,3.0,1
388,29,0.020225125792562415,1,816,11,0.09452987471082713,0,424,1|0,0.022458665121499317,0.10615787026921865,bindi2014_rhyp,4.5,2015-01-01,3.0,1
389,37,0.05124204391807674,1,816,10,0.13497187081665202,0,424,1|0,0.05347558324701364,0.14659986637504355,bindi2014_rhyp,4.5,2015-01-01,3.0,1
390,28,0.06174639570674467,1,816,7,0.13650687439832337,0,424,1|0,0.06397993503568157,0.1481348699567149,bindi2014_rhyp,4.5,2015-01-01,3.0,1
392,17,0.024586690487702234,1,816,7,0.16794027849928167,0,424,1|0,0.026820229816639136,0.1795682740576732,bindi2014_rhyp,4.5,2015-01-01,3.0,1
396,42,-0.07246020433807177,1,816,16,0.07004459613876235,0,424,1|0,-0.07022666500913487,0.08167259169715387,bindi2014_rhyp,4.5,2015-01-01,3.0,1
397,43,0.08744446091107339,1,816,11,0.21279315696207649,0,424,1|0,0.08967800024001028,0.22442115252046801,bindi2014_rhyp,4.5,2015-01-01,3.0,1
399,20,-0.4235914828633084,1,816,5,0.040978567981364344,0,424,1|0,-0.4213579435343715,0.05260656353975587,bindi2014_rhyp,4.5,2015-01-01,3.0,1
400,16,0.6660338668217444,1,816,5,1.0465424434672506,0,424,1|0,0.6682674061506813,1.0581704390256421,bindi2014_rhyp,4.5,2015-01-01,3.0,1
404,15,0.379849152082832,1,816,5,0.2982675515834655,0,424,1|0,0.38208269141176887,0.309895547141857,bindi2014_rhyp,4.5,2015-01-01,3.0,1
406,37,-0.15763092018458813,1,816,11,0.05682219074820505,0,424,1|0,-0.15539738085565122,0.06845018630659656,bindi2014_rhyp,4.5,2015-01-01,3.0,1
408,17,0.45663992378541085,1,816,5,0.6514950926790702,0,424,1|0,0.45887346311434773,0.6631230882374618,bindi2014_rhyp,4.5,2015-01-01,3.0,1
411,53,-0.04117569876453275,1,816,13,0.04645461341035945,0,424,1|0,-0.038942159435595855,0.05808260896875097,bindi2014_rhyp,4.5,2015-01-01,3.0,1
413,53,-0.08567276561811343,1,816,15,0.05640410725988426,0,424,1|0,-0.08343922628917654,0.06803210281827578,bindi2014_rhyp,4.5,2015-01-01,3.0,1
415,74,-0.16659437252673992,1,816,16,-0.09386698774048907,0,424,1|0,-0.164360833197803,-0.08223899218209756,bindi2014_rhyp,4.5,2015-01-01,3.0,1
417,68,-0.2737666401122999,1,816,24,-0.17282129950279157,0,424,1|0,-0.271533100783363,-0.16119330394440004,bindi2014_rhyp,4.5,2015-01-01,3.0,1
418,53,0.1295269931000388,1,816,20,0.20128404789657273,0,424,1|0,0.1317605324289757,0.21291204345496426,bindi2014_rhyp,4.5,2015-01-01,3.0,1
419,49,0.06613117658648815,1,816,9,0.19224191080989467,0,424,1|0,0.06836471591542505,0.2038699063682862,bindi2014_rhyp,4.5,2015-01-01,3.0,1
420,19,0.0643032795230064,1,816,6,0.1952915027216616,0,424,1|0,0.0665368188519433,0.20691949828005313,bindi2014_rhyp,4.5,2015-01-01,3.0,1
421,23,0.029555324077318756,1,816,7,0.071647590265838,0,424,1|0,0.031788863406255655,0.08327558582422952,bindi2014_rhyp,4.5,2015-01-01,3.0,1
427,22,-0.02069835672766074,1,816,6,0.1362836673404052,0,424,1|0,-0.018464817398723837,0.14791166289879673,bindi2014_rhyp,4.5,2015-01-01,3.0,1
428,22,-0.10933061588303539,1,816,9,0.0022585915759739117,0,424,1|0,-0.10709707655409849,0.013886587134365433,bindi2014_rhyp,4.5,2015-01-01,3.0,1
429,22,-0.07971782453388365,1,816,5,0.0640226642049837,0,424,1|0,-0.07748428520494675,0.07565065976337522,bindi2014_rhyp,4.5,2015-01-01,3.0,1
431,21,-0.2681851582860114,1,816,10,-0.35166803093169774,0,424,1|0,-0.26595161895707453,-0.34004003537330624,bindi2014_rhyp,4.5,2015-01-01,3.0,1
434,18,-0.024408930425747433,1,816,5,0.46872736334501497,0,424,1|0,-0.02217539109681053,0.48035535890340647,bindi2014_rhyp,4.5,2015-01-01,3.0,1
435,22,-0.17974317272712714,1,816,6,0.009004830671200614,0,424,1|0,-0.17750963339819023,0.020632826229592137,bindi2014_rhyp,4.5,2015-01-01,3.0,1
436,28,0.2015655495207373,1,816,10,0.2928711817089875,0,424,1|0,0.2037990888496742,0.304499177267379,bindi2014_rhyp,4.5,2015-01-01,3.0,1
441,37,-0.12343054169145617,1,816,11,-0.03882924262968773,0,424,1|0,-0.12119700236251928,-0.02720124707129621,bindi2014_rhyp,4.5,2015-01-01,3.0,1
443,23,0.1829089960360002,1,816,6,0.2873632669939664,0,424,1|0,0.1851425353649371,0.2989912625523579,bindi2014_rhyp,4.5,2015-01-01,3.0,1
445,19,0.05039343882195524,1,816,5,0.2764271482365663,0,424,1|0,0.05262697815089214,0.2880551437949578,bindi2014_rhyp,4.5,2015-01-01,3.0,1
448,58,-0.047099698734147655,1,816,15,0.1733910381310425,0,424,1|0,-0.044866159405210757,0.18501903368943404,bindi2014_rhyp,4.5,2015-01-01,3.0,1
449,34,0.08631018643378074,1,816,8,0.2475915898036905,0,424,1|0,0.08854372576271764,0.259219585362082,bindi2014_rhyp,4.5,2015-01-01,3.0,1
450,40,0.10155150150697323,1,816,14,0.20155512629417188,0,424,1|0,0.10378504083591013,0.2131831218525634,bindi2014_rhyp,4.5,2015-01-01,3.0,1
451,15,-0.015882163258500115,1,816,8,0.13506739000875378,0,424,1|0,-0.013648623929563213,0.14669538556714531,bindi2014_rhyp,4.5,2015-01-01,3.0,1
456,37,-0.11993683706652836,1,816,12,0.0159138461843934,0,424,1|0,-0.11770329773759146,0.02754184174278492,bindi2014_rhyp,4.5,2015-01-01,3.0,1
460,51,0.2179638686041409,1,816,15,0.3596424363968531,0,424,1|0,0.22019740793307782,0.3712704319552446,bindi2014_rhyp,4.5,2015-01-01,3.0,1
461,54,-0.035145614396132396,1,816,14,0.17054153350929174,0,424,1|0,-0.0329120750671955,0.18216952906768327,bindi2014_rhyp,4.5,2015-01-01,3.0,1
462,39,-0.19774748363678063,1,816,10,-0.11754584483292896,0,424,1|0,-0.19551394430784372,-0.10591784927453744,bindi2014_rhyp,4.5,2015-01-01,3.0,1
468,29,0.4363765015191553,1,816,14,0.45968095024497696,0,424,1|0,0.4386100408480922,0.47130894580336846,bindi2014_rhyp,4.5,2015-01-01,3.0,1
469,42,0.069074114862537,1,816,9,0.15110313610828885,0,424,1|0,0.0713076541914739,0.16273113166668038,bindi2014_rhyp,4.5,2015-01-01,3.0,1
470,66,-0.17197810515666112,1,816,16,-0.13059959324881587,0,424,1|0,-0.1697445658277242,-0.11897159769042435,bindi2014_rhyp,4.5,2015-01-01,3.0,1
23,31,-0.133328612329761,1,823,5,-0.07006093277180125,1,413,1|1,-0.11848152229459945,-0.055895480870316136,bindi2014_rhyp,4.5,2015-01-01,3.0,2
25,34,0.3680717738005272,1,823,9,0.4012751957071278,1,413,1|1,0.38291886383568874,0.4154406476086129,bindi2014_rhyp,4.5,2015-01-01,3.0,2
26,90,0.0038490668181467846,1,823,24,0.035216129976869404,1,413,1|1,0.01869615685330834,0.04938158187835452,bindi2014_rhyp,4.5,2015-01-01,3.0,2
27,40,-0.025829842620106014,1,823,8,-0.041347116684685936,1,413,1|1,-0.010982752584944458,-0.027181664783200818,bindi2014_rhyp,4.5,2015-01-01,3.0,2
28,41,0.014389221652626016,1,823,7,-0.06272679460978015,1,413,1|1,0.02923631168778757,-0.04856134270829503,bindi2014_rhyp,4.5,2015-01-01,3.0,2
29,45,-0.1982761055972858,1,823,7,-0.4450298591932661,1,413,1|1,-0.18342901556212426,-0.430864407291781,bindi2014_rhyp,4.5,2015-01-01,3.0,2
30,23,-0.06766130395509129,1,823,8,-0.0633831117415482,1,413,1|1,-0.052814213919929735,-0.049217659840063085,bindi2014_rhyp,4.5,2015-01-01,3.0,2
31,26,0.1449862260639614,1,823,7,0.16910848704093695,1,413,1|1,0.15983331609912294,0.18327393894242205,bindi2014_rhyp,4.5,2015-01-01,3.0,2
32,25,-1.3950588370019443,1,823,9,-1.3517346014623053,1,413,1|1,-1.3802117469667827,-1.3375691495608202,bindi2014_rhyp,4.5,2015-01-01,3.0,2
35,28,0.2386362730964689,1,823,8,0.33643534903771066,1,413,1|1,0.25348336313163045,0.35060080093919577,bindi2014_rhyp,4.5,2015-01-01,3.0,2
38,25,-0.21277185975383017,1,823,9,-0.05827997762025572,1,413,1|1,-0.19792476971866863,-0.0441145257187706,bindi2014_rhyp,4.5,2015-01-01,3.0,2
39,55,-0.06593873793982385,1,823,24,-0.047263347751724916,1,413,1|1,-0.0510916479046623,-0.0330978958502398,bindi2014_rhyp,4.5,2015-01-01,3.0,2
45,44,0.1330457902988858,1,823,18,0.14316385128933173,1,413,1|1,0.14789288033404735,0.15732930319081684,bindi2014_rhyp,4.5,2015-01-01,3.0,2
46,23,-0.24757498852586968,1,823,6,0.014638645220047986,1,413,1|1,-0.23272789849070813,0.028804097121533104,bindi2014_rhyp,4.5,2015-01-01,3.0,2
47,30,0.519724576086558,1,823,8,0.6049363511025949,1,413,1|1,0.5345716661217196,0.61910180300408,bindi2014_rhyp,4.5,2015-01-01,3.0,2
50,20,0.15073943398484219,1,823,8,0.10132946137125243,1,413,1|1,0.16558652402000373,0.11549491327273755,bindi2014_rhyp,4.5,2015-01-01,3.0,2
52,24,0.3236906554031337,1,823,9,0.40936581973351954,1,413,1|1,0.33853774543829523,0.42353127163500465,bindi2014_rhyp,4.5,2015-01-01,3.0,2
54,103,-0.0652700381179736,1,823,24,-0.00996718046794065,1,413,1|1,-0.05042294808281205,0.004198271433544468,bindi2014_rhyp,4.5,2015-01-01,3.0,2
55,74,0.12549744042184047,1,823,26,0.06761342646561008,1,413,1|1,0.14034453045700201,0.0817788783670952,bindi2014_rhyp,4.5,2015-01-01,3.0,2
56,61,0.07889554403576504,1,823,17,0.08827192088417568,1,413,1|1,0.0937426340709266,0.1024373727856608,bindi2014_rhyp,4.5,2015-01-01,3.0,2
57,66,-0.2562813353779251,1,823,13,-0.35000280374398207,1,413,1|1,-0.24143424534276353,-0.33583735184249697,bindi2014_rhyp,4.5,2015-01-01,3.0,2
58,33,-0.05289510074821169,1,823,12,-0.0467873178029653,1,413,1|1,-0.03804801071305013,-0.03262186590148018,bindi2014_rhyp,4.5,2015-01-01,3.0,2
59,44,-0.09369396225743498,1,823,19,-0.046215027893321436,1,413,1|1,-0.07884687222227342,-0.03204957599183632,bindi2014_rhyp,4.5,2015-01-01,3.0,2
60,76,-0.08816803665762574,1,823,26,-0.14880808305353233,1,413,1|1,-0.07332094662246418,-0.13464263115204722,bindi2014_rhyp,4.5,2015-01-01,3.0,2
61,56,0.022621510002599154,1,823,23,-0.009404193532989158,1,413,1|1,0.03746860003776071,0.00476125836849596,bindi2014_rhyp,4.5,2015-01-01,3.0,2
62,50,-0.1733336371397829,1,823,22,-0.22158696901172026,1,413,1|1,-0.15848654710462134,-0.20742151711023515,bindi2014_rhyp,4.5,2015-01-01,3.0,2
65,25,-0.2320530253157287,1,823,10,-0.14153448146259318,1,413,1|1,-0.21720593528056714,-0.12736902956110807,bindi2014_rhyp,4.5,2015-01-01,3.0,2
66,69,0.1040084106882021,1,823,24,0.03606285997604375,1,413,1|1,0.11885550072336366,0.05022831187752887,bindi2014_rhyp,4.5,2015-01-01,3.0,2
67,19,-0.1332866260461213,1,823,6,-0.3080880260531308,1,413,1|1,-0.11843953601095973,-0.2939225741516457,bindi2014_rhyp,4.5,2015-01-01,3.0,2
69,63,0.28531045921852455,1,823,20,0.24275269883721723,1,413,1|1,0.3001575492536861,0.25691815073870233,bindi2014_rhyp,4.5,2015-01-01,3.0,2
70,49,0.22502416839337114,1,823,21,0.16445318886740556,1,413,1|1,0.23987125842853269,0.17861864076889067,bindi2014_rhyp,4.5,2015-01-01,3.0,2
73,25,-0.12627755082135117,1,823,8,-0.08702430664737215,1,413,1|1,-0.11143046078618961,-0.07285885474588703,bindi2014_rhyp,4.5,2015-01-01,3.0,2
74,26,-0.13357814222879727,1,823,8,-0.0660441826924213,1,413,1|1,-0.11873105219363571,-0.051878730790936176,bindi2014_rhyp,4.5,2015-01-01,3.0,2
75,23,0.24584552175035662,1,823,8,0.29206771748270066,1,413,1|1,0.26069261178551817,0.30623316938418577,bindi2014_rhyp,4.5,2015-01-01,3.0,2
76,26,0.6148636272164135,1,823,8,0.6550352054766014,1,413,1|1,0.6297107172515751,0.6692006573780865,bindi2014_rhyp,4.5,2015-01-01,3.0,2
78,24,-0.14776894998263368,1,823,12,-0.19397715981336572,1,413,1|1,-0.13292185994747213,-0.1798117079118806,bindi2014_rhyp,4.5,2015-01-01,3.0,2
79,34,0.01722286981680743,1,823,13,-0.048053113051949814,1,413,1|1,0.032069959851968984,-0.033887661150464696,bindi2014_rhyp,4.5,2015-01-01,3.0,2
81,118,-0.10774486049132292,1,823,26,-0.13909518672461318,1,413,1|1,-0.09289777045616136,-0.12492973482312807,bindi2014_rhyp,4.5,2015-01-01,3.0,2
84,31,0.32238274967815667,1,823,11,0.39732973536760213,1,413,1|1,0.3372298397133182,0.41149518726908724,bindi2014_rhyp,4.5,2015-01-01,3.0,2
86,17,-0.2831689901436687,1,823,5,-0.26174928631260497,1,413,1|1,-0.26832190010850715,-0.24758383441111986,bindi2014_rhyp,4.5,2015-01-01,3.0,2
87,59,0.06614171151761772,1,823,14,0.13141395180360882,1,413,1|1,0.08098880155277928,0.14557940370509392,bindi2014_rhyp,4.5,2015-01-01,3.0,2
88,62,-0.04850443485641587,1,823,19,-0.1650759373616264,1,413,1|1,-0.03365734482125431,-0.1509104854601413,bindi2014_rhyp,4.5,2015-01-01,3.0,2
89,116,-0.048282879192503625,1,823,32,-0.0741382258083979,1,413,1|1,-0.03343578915734207,-0.05997277390691279,bindi2014_rhyp,4.5,2015-01-01,3.0,2
90,63,-0.40551940572813305,1,823,14,-0.36120258890528467,1,413,1|1,-0.3906723156929715,-0.34703713700379957,bindi2014_rhyp,4.5,2015-01-01,3.0,2
91,42,-0.27171183536066323,1,823,20,-0.33582480266316883,1,413,1|1,-0.2568647453255017,-0.3216593507616837,bindi2014_rhyp,4.5,2015-01-01,3.0,2
93,53,-0.04931681734977411,1,823,15,0.02377877750402635,1,413,1|1,-0.03446972731461256,0.03794422940551147,bindi2014_rhyp,4.5,2015-01-01,3.0,2
94,27,0.5795476017820417,1,823,10,0.6889680702079045,1,413,1|1,0.5943946918172033,0.7031335221093896,bindi2014_rhyp,4.5,2015-01-01,3.0,2
95,36,0.3194549325578332,1,823,10,0.3254867930984572,1,413,1|1,0.33430202259299474,0.3396522449999423,bindi2014_rhyp,4.5,2015-01-01,3.0,2
97,26,-0.236109974851048,1,823,9,-0.29427803940174735,1,413,1|1,-0.22126288481588646,-0.28011258750026224,bindi2014_rhyp,4.5,2015-01-01,3.0,2
98,51,-0.23218451546201024,1,823,13,-0.21261718134373964,1,413,1|1,-0.2173374254268487,-0.19845172944225453,bindi2014_rhyp,4.5,2015-01-01,3.0,2
102,115,0.21388170067712692,1,823,28,0.25371727300455904,1,413,1|1,0.22872879071228847,0.26788272490604415,bindi2014_rhyp,4.5,2015-01-01,3.0,2
103,73,0.1828650158810292,1,823,28,0.18542531216246605,1,413,1|1,0.19771210591619076,0.19959076406395115,bindi2014_rhyp,4.5,2015-01-01,3.0,2
104,90,-0.34589093080792643,1,823,28,-0.3760736581530876,1,413,1|1,-0.3310438407727649,-0.36190820625160247,bindi2014_rhyp,4.5,2015-01-01,3.0,2
105,36,0.0614168397122582,1,823,11,0.0947299830525874,1,413,1|1,0.07626392974741976,0.10889543495407251,bindi2014_rhyp,4.5,2015-01-01,3.0,2
106,33,-0.16240134452840116,1,823,12,-0.15332421014664555,1,413,1|1,-0.1475542544932396,-0.13915875824516044,bindi2014_rhyp,4.5,2015-01-01,3.0,2
107,15,0.3777460770886941,1,823,5,0.47138006372785335,1,413,1|1,0.39259316712385567,0.48554551562933845,bindi2014_rhyp,4.5,2015-01-01,3.0,2
108,18,0.08914962345855493,1,823,5,0.2575260996150049,1,413,1|1,0.10399671349371649,0.27169155151649,bindi2014_rhyp,4.5,2015-01-01,3.0,2
109,26,-0.058763746888211954,1,823,11,-0.029776083223612915,1,413,1|1,-0.0439166568530504,-0.015610631322127796,bindi2014_rhyp,4.5,2015-01-01,3.0,2
110,25,0.05714981679449238,1,823,6,0.17438616013896158,1,413,1|1,0.07199690682965394,0.18855161204044668,bindi2014_rhyp,4.5,2015-01-01,3.0,2
112,16,0.19203055431470284,1,823,10,0.19238189276655704,1,413,1|1,0.2068776443498644,0.20654734466804214,bindi2014_rhyp,4.5,2015-01-01,3.0,2
113,18,-0.24323778917509165,1,823,8,-0.24295375978539802,1,413,1|1,-0.2283906991399301,-0.2287883078839129,bindi2014_rhyp,4.5,2015-01-01,3.0,2
115,32,0.1475155918256773,1,823,13,0.1339350015265246,1,413,1|1,0.16236268186083885,0.1481004534280097,bindi2014_rhyp,4.5,2015-01-01,3.0,2
116,19,0.4136345902040197,1,823,5,0.4521355882338479,1,413,1|1,0.42848168023918126,0.466301040135333,bindi2014_rhyp,4.5,2015-01-01,3.0,2
117,28,0.28803939248596244,1,823,8,0.43625052056370034,1,413,1|1,0.302886482521124,0.45041597246518544,bindi2014_rhyp,4.5,2015-01-01,3.0,2
118,58,0.3567325299686297,1,823,12,0.319940287904642,1,413,1|1,0.37157962000379124,0.3341057398061271,bindi2014_rhyp,4.5,2015-01-01,3.0,2
119,40,-0.17029696739122402,1,823,6,-0.3346572619773588,1,413,1|1,-0.15544987735606247,-0.3204918100758737,bindi2014_rhyp,4.5,2015-01-01,3.0,2
120,36,-0.040467635436440386,1,823,13,-0.04524911955390298,1,413,1|1,-0.02562054540127883,-0.031083667652417865,bindi2014_rhyp,4.5,2015-01-01,3.0,2
122,28,0.3727573165919874,1,823,6,0.5235845900527551,1,413,1|1,0.38760440662714896,0.5377500419542403,bindi2014_rhyp,4.5,2015-01-01,3.0,2
124,32,-0.06663547451492402,1,823,11,-0.20664998592294903,1,413,1|1,-0.051788384479762466,-0.19248453402146393,bindi2014_rhyp,4.5,2015-01-01,3.0,2
126,21,-0.035553860080050015,1,823,7,0.0016689999161980662,1,413,1|1,-0.02070677004488846,0.015834451817683184,bindi2014_rhyp,4.5,2015-01-01,3.0,2
127,38,-0.1232743741192246,1,823,18,-0.14596334755971008,1,413,1|1,-0.10842728408406303,-0.13179789565822497,bindi2014_rhyp,4.5,2015-01-01,3.0,2
128,33,-0.13299982232747198,1,823,17,-0.0701328530173001,1,413,1|1,-0.11815273229231042,-0.05596740111581498,bindi2014_rhyp,4.5,2015-01-01,3.0,2
130,76,-0.09834279514090516,1,823,20,-0.1147165584840315,1,413,1|1,-0.0834957051057436,-0.10055110658254639,bindi2014_rhyp,4.5,2015-01-01,3.0,2
131,58,-0.10333712191657352,1,823,23,-0.11554992039881518,1,413,1|1,-0.08849003188141195,-0.10138446849733006,bindi2014_rhyp,4.5,2015-01-01,3.0,2
134,21,-0.4058004601029448,1,823,8,-0.33263199950257183,1,413,1|1,-0.39095337006778325,-0.3184665476010867,bindi2014_rhyp,4.5,2015-01-01,3.0,2
135,35,0.22053895043039518,1,823,15,0.22842285829355863,1,413,1|1,0.23538604046555672,0.24258831019504373,bindi2014_rhyp,4.5,2015-01-01,3.0,2
136,29,-0.13197152245535493,1,823,7,-0.09868281207398266,1,413,1|1,-0.11712443242019337,-0.08451736017249754,bindi2014_rhyp,4.5,2015-01-01,3.0,2
137,48,-0.13985160169120248,1,823,16,-0.10142811502057891,1,413,1|1,-0.12500451165604093,-0.0872626631190938,bindi2014_rhyp,4.5,2015-01-01,3.0,2
138,30,-0.33080559143187904,1,823,11,-0.2812525668790681,1,413,1|1,-0.3159585013967175,-0.267087114977583,bindi2014_rhyp,4.5,2015-01-01,3.0,2
139,30,-0.02983047731124644,1,823,9,-0.09860507241124217,1,413,1|1,-0.014983387276084883,-0.08443962050975705,bindi2014_rhyp,4.5,2015-01-01,3.0,2
141,26,-0.05277034480056664,1,823,11,-0.022220517587721478,1,413,1|1,-0.03792325476540508,-0.00805506568623636,bindi2014_rhyp,4.5,2015-01-01,3.0,2
142,22,-0.2498539949237516,1,823,10,-0.3082449993682145,1,413,1|1,-0.23500690488859005,-0.2940795474667294,bindi2014_rhyp,4.5,2015-01-01,3.0,2
143,21,-0.02531411161591146,1,823,5,-0.11975535673099269,1,413,1|1,-0.010467021580749905,-0.10558990482950757,bindi2014_rhyp,4.5,2015-01-01,3.0,2
144,37,-0.14138431703279408,1,823,9,-0.080852107712716,1,413,1|1,-0.12653722699763253,-0.06668665581123089,bindi2014_rhyp,4.5,2015-01-01,3.0,2
146,47,-0.39676856809824923,1,823,20,-0.3717973359982659,1,413,1|1,-0.3819214780630877,-0.3576318840967808,bindi2014_rhyp,4.5,2015-01-01,3.0,2
148,24,0.14199346842644145,1,823,12,0.1209129414923944,1,413,1|1,0.156840558461603,0.1350783933938795,bindi2014_rhyp,4.5,2015-01-01,3.0,2
149,22,-0.16019375019450532,1,823,6,-0.12393615990217577,1,413,1|1,-0.14534666015934378,-0.10977070800069065,bindi2014_rhyp,4.5,2015-01-01,3.0,2
151,33,-0.36166750810677273,1,823,10,-0.5154304375087996,1,413,1|1,-0.3468204180716112,-0.5012649856073145,bindi2014_rhyp,4.5,2015-01-01,3.0,2
152,19,-0.47020411136543927,1,823,12,-0.5628728187655053,1,413,1|1,-0.4553570213302777,-0.5487073668640202,bindi2014_rhyp,4.5,2015-01-01,3.0,2
153,34,-0.05826378915534214,1,823,13,-0.03424759885663342,1,413,1|1,-0.043416699120180584,-0.020082146955148303,bindi2014_rhyp,4.5,2015-01-01,3.0,2
154,62,-0.0873630230441883,1,823,21,-0.12696749636465687,1,413,1|1,-0.07251593300902674,-0.11280204446317176,bindi2014_rhyp,4.5,2015-01-01,3.0,2
156,73,-0.09932578830042738,1,823,20,-0.09481472165564264,1,413,1|1,-0.08447869826526581,-0.08064926975415752,bindi2014_rhyp,4.5,2015-01-01,3.0,2
157,23,0.004849894953524836,1,823,7,-0.009176378827203124,1,413,1|1,0.01969698498868639,0.004989073074281994,bindi2014_rhyp,4.5,2015-01-01,3.0,2
158,49,-0.10164053313386212,1,823,11,-0.12461296472892436,1,413,1|1,-0.08679344309870056,-0.11044751282743924,bindi2014_rhyp,4.5,2015-01-01,3.0,2
159,23,-0.20219647020181486,1,823,9,-0.21798824019791474,1,413,1|1,-0.1873493801666533,-0.20382278829642964,bindi2014_rhyp,4.5,2015-01-01,3.0,2
161,25,0.08035228244902848,1,823,6,0.1695120881407558,1,413,1|1,0.09519937248419004,0.1836775400422409,bindi2014_rhyp,4.5,2015-01-01,3.0,2
162,60,0.23795829163366772,1,823,24,0.18144070127653467,1,413,1|1,0.25280538166882927,0.19560615317801977,bindi2014_rhyp,4.5,2015-01-01,3.0,2
163,101,0.3542984430117241,1,823,34,0.31677968043116095,1,413,1|1,0.36914553304688563,0.33094513233264605,bindi2014_rhyp,4.5,2015-01-01,3.0,2
164,68,0.002257338958464805,1,823,18,-0.056610700728473295,1,413,1|1,0.01710442899362636,-0.04244524882698818,bindi2014_rhyp,4.5,2015-01-01,3.0,2
165,16,0.06096252021398285,1,823,7,0.11575620778101892,1,413,1|1,0.07580961024914441,0.12992165968250402,bindi2014_rhyp,4.5,2015-01-01,3.0,2
166,84,-0.12595230981037886,1,823,19,-0.22205480445856562,1,413,1|1,-0.1111052197752173,-0.20788935255708052,bindi2014_rhyp,4.5,2015-01-01,3.0,2
167,34,-0.14873632059262953,1,823,15,-0.13628918258035716,1,413,1|1,-0.133889230557468,-0.12212373067887204,bindi2014_rhyp,4.5,2015-01-01,3.0,2
168,64,-0.18259071090431722,1,823,13,-0.2967894358564084,1,413,1|1,-0.16774362086915567,-0.2826239839549233,bindi2014_rhyp,4.5,2015-01-01,3.0,2
169,30,-0.06907422653977802,1,823,8,-0.0500474743312338,1,413,1|1,-0.05422713650461646,-0.03588202242974868,bindi2014_rhyp,4.5,2015-01-01,3.0,2
170,119,-0.38363463139244935,1,823,30,-0.39092022592467635,1,413,1|1,-0.3687875413572878,-0.37675477402319124,bindi2014_rhyp,4.5,2015-01-01,3.0,2
175,22,0.21469604451146446,1,823,9,0.11237248805835143,1,413,1|1,0.229543134546626,0.12653793995983653,bindi2014_rhyp,4.5,2015-01-01,3.0,2
176,17,-0.35142127649382515,1,823,5,-0.32102447922406696,1,413,1|1,-0.3365741864586636,-0.30685902732258186,bindi2014_rhyp,4.5,2015-01-01,3.0,2
178,51,-0.3303408237335067,1,823,14,-0.31301871151646077,1,413,1|1,-0.31549373369834516,-0.29885325961497566,bindi2014_rhyp,4.5,2015-01-01,3.0,2
179,28,-0.428841659138525,1,823,7,-0.4032945228306556,1,413,1|1,-0.41399456910336346,-0.3891290709291705,bindi2014_rhyp,4.5,2015-01-01,3.0,2
181,71,0.3633316476365125,1,823,16,0.41642188724642776,1,413,1|1,0.37817873767167404,0.43058733914791286,bindi2014_rhyp,4.5,2015-01-01,3.0,2
182,51,0.20509899242191032,1,823,21,0.20384520874211887,1,413,1|1,0.21994608245707187,0.21801066064360397,bindi2014_rhyp,4.5,2015-01-01,3.0,2
183,16,-0.08494350334995893,1,823,5,-0.046252280759998876,1,413,1|1,-0.07009641331479737,-0.03208682885851376,bindi2014_rhyp,4.5,2015-01-01,3.0,2
185,38,-0.03522285079477605,1,823,17,0.012050792231189766,1,413,1|1,-0.020375760759614496,0.026216244132674885,bindi2014_rhyp,4.5,2015-01-01,3.0,2
190,120,0.47421667820812985,1,823,27,0.45962097960842524,1,413,1|1,0.4890637682432914,0.47378643150991034,bindi2014_rhyp,4.5,2015-01-01,3.0,2
191,87,0.40188941265778844,1,823,18,0.45664088495509386,1,413,1|1,0.41673650269295,0.47080633685657897,bindi2014_rhyp,4.5,2015-01-01,3.0,2
193,20,0.06098700500202059,1,823,6,-0.08678146121191088,1,413,1|1,0.07583409503718215,-0.07261600931042576,bindi2014_rhyp,4.5,2015-01-01,3.0,2
194,89,-0.06827135141833995,1,823,27,-0.0800485927243858,1,413,1|1,-0.0534242613831784,-0.06588314082290068,bindi2014_rhyp,4.5,2015-01-01,3.0,2
195,67,-0.17640411829948965,1,823,24,-0.18989160240473146,1,413,1|1,-0.1615570282643281,-0.17572615050324636,bindi2014_rhyp,4.5,2015-01-01,3.0,2
196,82,0.24972914730441798,1,823,18,0.260947013700109,1,413,1|1,0.2645762373395795,0.2751124656015941,bindi2014_rhyp,4.5,2015-01-01,3.0,2
197,60,0.30709139200241214,1,823,6,0.19779493608405307,1,413,1|1,0.3219384820375737,0.21196038798553818,bindi2014_rhyp,4.5,2015-01-01,3.0,2
198,34,0.8500190335760633,1,823,18,0.7440597715867038,1,413,1|1,0.864866123611225,0.7582252234881889,bindi2014_rhyp,4.5,2015-01-01,3.0,2
199,62,-0.0967537403620139,1,823,30,-0.17462641070114426,1,413,1|1,-0.08190665032685233,-0.16046095879965916,bindi2014_rhyp,4.5,2015-01-01,3.0,2
200,58,-0.2515706928763404,1,823,21,-0.2663350982274778,1,413,1|1,-0.23672360284117883,-0.2521696463259927,bindi2014_rhyp,4.5,2015-01-01,3.0,2
201,32,-0.12652267989660115,1,823,7,-0.24410332163971826,1,413,1|1,-0.11167558986143959,-0.22993786973823316,bindi2014_rhyp,4.5,2015-01-01,3.0,2
202,29,-0.32262586007681193,1,823,5,-0.33556919632808613,1,413,1|1,-0.3077787700416504,-0.321403744426601,bindi2014_rhyp,4.5,2015-01-01,3.0,2
204,35,-0.5639615957444942,1,823,15,-0.6363788925744801,1,413,1|1,-0.5491145057093326,-0.622213440672995,bindi2014_rhyp,4.5,2015-01-01,3.0,2
205,82,0.17884225944813648,1,823,32,0.09595877143504983,1,413,1|1,0.19368934948329802,0.11012422333653495,bindi2014_rhyp,4.5,2015-01-01,3.0,2
207,85,-0.2307484468116402,1,823,22,-0.20011238246943663,1,413,1|1,-0.21590135677647865,-0.18594693056795153,bindi2014_rhyp,4.5,2015-01-01,3.0,2
208,20,-0.0513018082528196,1,823,6,-0.046126038966917804,1,413,1|1,-0.03645471821765805,-0.031960587065432686,bindi2014_rhyp,4.5,2015-01-01,3.0,2
212,52,-0.005481443941854125,1,823,13,0.07834083565685046,1,413,1|1,0.009365646093307431,0.09250628755833558,bindi2014_rhyp,4.5,2015-01-01,3.0,2
213,42,0.1514387030197734,1,823,6,0.10754617162681246,1,413,1|1,0.16628579305493496,0.12171162352829758,bindi2014_rhyp,4.5,2015-01-01,3.0,2
214,38,-0.2750901196962441,1,823,6,-0.31618969074032977,1,413,1|1,-0.26024302966108254,-0.30202423883884466,bindi2014_rhyp,4.5,2015-01-01,3.0,2
216,66,-0.14751002984715167,1,823,18,-0.10730328063379624,1,413,1|1,-0.13266293981199012,-0.09313782873231112,bindi2014_rhyp,4.5,2015-01-01,3.0,2
217,25,0.0681983475506639,1,823,7,0.12841707448254613,1,413,1|1,0.08304543758582546,0.14258252638403124,bindi2014_rhyp,4.5,2015-01-01,3.0,2
218,39,0.000410163275556652,1,823,9,-0.02731181068022004,1,413,1|1,0.015257253310718208,-0.01314635877873492,bindi2014_rhyp,4.5,2015-01-01,3.0,2
219,44,-0.05319438349089034,1,823,11,0.05642335997257286,1,413,1|1,-0.038347293455728786,0.07058881187405798,bindi2014_rhyp,4.5,2015-01-01,3.0,2
220,31,-0.1078340153595515,1,823,7,0.0009107832590445897,1,413,1|1,-0.09298692532438994,0.015076235160529708,bindi2014_rhyp,4.5,2015-01-01,3.0,2
221,57,-0.17422894640877262,1,823,19,-0.09976599449265922,1,413,1|1,-0.15938185637361107,-0.0856005425911741,bindi2014_rhyp,4.5,2015-01-01,3.0,2
222,42,-0.10312065101567469,1,823,12,-0.15498200220234404,1,413,1|1,-0.08827356098051313,-0.14081655030085893,bindi2014_rhyp,4.5,2015-01-01,3.0,2
223,59,0.10905571075081127,1,823,16,0.12347319478414143,1,413,1|1,0.12390280078597284,0.13763864668562653,bindi2014_rhyp,4.5,2015-01-01,3.0,2
224,25,-0.13450847238522334,1,823,6,-0.037191905849564444,1,413,1|1,-0.11966138235006178,-0.023026453948079326,bindi2014_rhyp,4.5,2015-01-01,3.0,2
225,60,0.010018044640337842,1,823,18,0.06025463889804605,1,413,1|1,0.024865134675499397,0.07442009079953117,bindi2014_rhyp,4.5,2015-01-01,3.0,2
226,39,0.2896839371121876,1,823,12,0.2737724837003297,1,413,1|1,0.30453102714734914,0.2879379356018148,bindi2014_rhyp,4.5,2015-01-01,3.0,2
227,30,-0.15232219791155976,1,823,8,-0.11633838811696173,1,413,1|1,-0.13747510787639822,-0.10217293621547661,bindi2014_rhyp,4.5,2015-01-01,3.0,2
228,29,0.09025477807345494,1,823,10,0.11124625126118015,1,413,1|1,0.1051018681086165,0.12541170316266526,bindi2014_rhyp,4.5,2015-01-01,3.0,2
380,57,-0.11127286908643674,1,823,11,-0.171771872236272,1,413,1|1,-0.09642577905127518,-0.1576064203347869,bindi2014_rhyp,4.5,2015-01-01,3.0,2
382,21,-0.24321978828193958,1,823,7,-0.09794266369618265,1,413,1|1,-0.22837269824677803,-0.08377721179469753,bindi2014_rhyp,4.5,2015-01-01,3.0,2
387,16,-0.10254348334435404,1,823,5,-0.13387786120201317,1,413,1|1,-0.08769639330919247,-0.11971240930052805,bindi2014_rhyp,4.5,2015-01-01,3.0,2
388,32,0.028489378228791384,1,823,8,0.06483448131421088,1,413,1|1,0.04333646826395294,0.078999933215696,bindi2014_rhyp,4.5,2015-01-01,3.0,2
389,35,0.037944551094690526,1,823,12,0.14211476258960698,1,413,1|1,0.05279164112985208,0.15628021449109208,bindi2014_rhyp,4.5,2015-01-01,3.0,2
390,26,0.05733499247176155,1,823,9,0.10519602233744407,1,413,1|1,0.07218208250692311,0.11936147423892919,bindi2014_rhyp,4.5,2015-01-01,3.0,2
394,15,-0.06438635178055996,1,823,5,0.13614438694193265,1,413,1|1,-0.049539261745398404,0.15030983884341775,bindi2014_rhyp,4.5,2015-01-01,3.0,2
396,49,-0.01934575302615571,1,823,9,-0.12500397706027322,1,413,1|1,-0.0044986629909941536,-0.1108385251587881,bindi2014_rhyp,4.5,2015-01-01,3.0,2
397,42,0.10923158194651872,1,823,12,0.10532639332962257,1,413,1|1,0.12407867198168028,0.11949184523110769,bindi2014_rhyp,4.5,2015-01-01,3.0,2
406,36,-0.1123847956654036,1,823,12,-0.12326487434207256,1,413,1|1,-0.09753770563024204,-0.10909942244058744,bindi2014_rhyp,4.5,2015-01-01,3.0,2
411,51,-0.0473042103172876,1,823,15,0.030891707752338515,1,413,1|1,-0.032457120282126044,0.045057159653823634,bindi2014_rhyp,4.5,2015-01-01,3.0,2
413,52,-0.08297009546321166,1,823,16,0.003477692682426703,1,413,1|1,-0.0681230054280501,0.01764314458391182,bindi2014_rhyp,4.5,2015-01-01,3.0,2
415,65,-0.1629383303296953,1,823,25,-0.1420700753782591,1,413,1|1,-0.14809124029453374,-0.127904623476774,bindi2014_rhyp,4.5,2015-01-01,3.0,2
417,72,-0.26480896051780156,1,823,20,-0.2255193210764277,1,413,1|1,-0.24996187048264001,-0.2113538691749426,bindi2014_rhyp,4.5,2015-01-01,3.0,2
418,56,0.11787574352382246,1,823,17,0.21064504668357353,1,413,1|1,0.132722833558984,0.22481049858505864,bindi2014_rhyp,4.5,2015-01-01,3.0,2
419,45,0.1018558202520971,1,823,13,0.03244758098975842,1,413,1|1,0.11670291028725867,0.046613032891243536,bindi2014_rhyp,4.5,2015-01-01,3.0,2
420,19,0.05699149755370925,1,823,6,0.18859177098625535,1,413,1|1,0.07183858758887081,0.20275722288774045,bindi2014_rhyp,4.5,2015-01-01,3.0,2
421,23,0.030193173427680464,1,823,7,0.045934459640656455,1,413,1|1,0.04504026346284202,0.060099911542141574,bindi2014_rhyp,4.5,2015-01-01,3.0,2
427,21,-0.01798149696923823,1,823,7,0.07330876045265466,1,413,1|1,-0.0031344069340766747,0.08747421235413978,bindi2014_rhyp,4.5,2015-01-01,3.0,2
428,23,-0.10681513515649066,1,823,8,-0.051040303869443915,1,413,1|1,-0.0919680451213291,-0.0368748519679588,bindi2014_rhyp,4.5,2015-01-01,3.0,2
429,20,-0.08572803444133836,1,823,7,0.02573312724119159,1,413,1|1,-0.0708809444061768,0.03989857914267671,bindi2014_rhyp,4.5,2015-01-01,3.0,2
431,26,-0.34553572625998585,1,823,5,-0.13748503087512498,1,413,1|1,-0.3306886362248243,-0.12331957897363986,bindi2014_rhyp,4.5,2015-01-01,3.0,2
435,21,-0.16982612344785553,1,823,7,-0.07462236101267394,1,413,1|1,-0.15497903341269398,-0.060456909111188825,bindi2014_rhyp,4.5,2015-01-01,3.0,2
436,30,0.22700401030429446,1,823,8,0.17438577960216506,1,413,1|1,0.241851100339456,0.18855123150365016,bindi2014_rhyp,4.5,2015-01-01,3.0,2
441,37,-0.11876595657783118,1,823,11,-0.06654922986014633,1,413,1|1,-0.10391886654266962,-0.05238377795866121,bindi2014_rhyp,4.5,2015-01-01,3.0,2
443,21,0.16642924760519645,1,823,8,0.2791395240390446,1,413,1|1,0.181276337640358,0.2933049759405297,bindi2014_rhyp,4.5,2015-01-01,3.0,2
444,15,-0.10314526181064887,1,823,7,-0.09358656120801956,1,413,1|1,-0.08829817177548731,-0.07942110930653444,bindi2014_rhyp,4.5,2015-01-01,3.0,2
445,16,0.03818569492027779,1,823,8,0.19516001373246805,1,413,1|1,0.053032784955439345,0.20932546563395316,bindi2014_rhyp,4.5,2015-01-01,3.0,2
448,60,-0.0022024773757778338,1,823,13,-0.02170540238874441,1,413,1|1,0.012644612659383722,-0.007539950487259292,bindi2014_rhyp,4.5,2015-01-01,3.0,2
449,34,0.0930815385176163,1,823,8,0.21984870653521327,1,413,1|1,0.10792862855277786,0.23401415843669837,bindi2014_rhyp,4.5,2015-01-01,3.0,2
450,43,0.10629195976084904,1,823,11,0.15671177799807168,1,413,1|1,0.1211390497960106,0.17087722989955678,bindi2014_rhyp,4.5,2015-01-01,3.0,2
451,18,-0.02053294578522713,1,823,5,0.1432623090955646,1,413,1|1,-0.005685855750065574,0.1574277609970497,bindi2014_rhyp,4.5,2015-01-01,3.0,2
456,39,-0.08095115797681984,1,823,10,-0.1509585397897828,1,413,1|1,-0.06610406794165828,-0.1367930878882977,bindi2014_rhyp,4.5,2015-01-01,3.0,2
460,53,0.26252578151703226,1,823,13,0.17525726605258374,1,413,1|1,0.2773728715521938,0.18942271795406884,bindi2014_rhyp,4.5,2015-01-01,3.0,2
461,52,0.01596253515252799,1,823,16,-0.0373020270122002,1,413,1|1,0.030809625187689545,-0.023136575110715082,bindi2014_rhyp,4.5,2015-01-01,3.0,2
462,37,-0.1889190533211068,1,823,12,-0.17345930092686856,1,413,1|1,-0.17407196328594526,-0.15929384902538346,bindi2014_rhyp,4.5,2015-01-01,3.0,2
468,34,0.41482229741404414,1,823,9,0.4759654192024013,1,413,1|1,0.4296693874492057,0.4901308711038864,bindi2014_rhyp,4.5,2015-01-01,3.0,2
469,39,0.0849037008779695,1,823,12,0.08253806222859839,1,413,1|1,0.09975079091313106,0.0967035141300835,bindi2014_rhyp,4.5,2015-01-01,3.0,2
470,65,-0.1477592908421873,1,823,17,-0.2373118076147468,1,413,1|1,-0.13291220080702576,-0.2231463557132617,bindi2014_rhyp,4.5,2015-01-01,3.0,2
23,27,-0.11062478284771404,1,820,9,-0.15053734956337694,1,409,1|1,-0.09150220996558685,-0.13723192416580096,bindi2014_rhyp,4.5,2015-01-01,3.0,3
25,38,0.3944417025761938,1,820,5,0.23256524464264228,1,409,1|1,0.41356427545832103,0.24587067004021826,bindi2014_rhyp,4.5,2015-01-01,3.0,3
26,94,0.025102434027108544,1,820,20,-0.04209348901751009,1,409,1|1,0.04422500690923574,-0.02878806361993412,bindi2014_rhyp,4.5,2015-01-01,3.0,3
27,40,-0.0025499220630214037,1,820,8,-0.13995353419313827,1,409,1|1,0.016572650819105795,-0.1266481087955623,bindi2014_rhyp,4.5,2015-01-01,3.0,3
28,38,-0.03879048902030613,1,820,10,0.10386819444473433,1,409,1|1,-0.01966791613817893,0.1171736198423103,bindi2014_rhyp,4.5,2015-01-01,3.0,3
29,43,-0.23791299860890824,1,820,9,-0.26704432589596916,1,409,1|1,-0.21879042572678103,-0.2537389004983932,bindi2014_rhyp,4.5,2015-01-01,3.0,3
30,24,-0.07667780835236548,1,820,7,-0.04918474470333445,1,409,1|1,-0.05755523547023829,-0.03587931930575848,bindi2014_rhyp,4.5,2015-01-01,3.0,3
31,28,0.15969782087278733,1,820,5,0.10488601096247391,1,409,1|1,0.17882039375491454,0.11819143636004988,bindi2014_rhyp,4.5,2015-01-01,3.0,3
32,26,-1.3948651460779764,1,820,8,-1.3490347551168287,1,409,1|1,-1.3757425731958492,-1.3357293297192527,bindi2014_rhyp,4.5,2015-01-01,3.0,3
35,29,0.26249741081068045,1,820,7,0.2576635364019755,1,409,1|1,0.28161998369280766,0.27096896179955143,bindi2014_rhyp,4.5,2015-01-01,3.0,3
38,23,-0.2081852279326042,1,820,11,-0.10656865020202466,1,409,1|1,-0.18906265505047698,-0.0932632248044487,bindi2014_rhyp,4.5,2015-01-01,3.0,3
39,60,-0.08701561890795295,1,820,19,0.008675222063144472,1,409,1|1,-0.06789304602582576,0.02198064746072044,bindi2014_rhyp,4.5,2015-01-01,3.0,3
45,48,0.1192611252111988,1,820,14,0.16537837259746108,1,409,1|1,0.138383698093326,0.17868379799503706,bindi2014_rhyp,4.5,2015-01-01,3.0,3
46,21,-0.2724332167642932,1,820,8,-0.010382759419666931,1,409,1|1,-0.253310643882166,0.002922665977909038,bindi2014_rhyp,4.5,2015-01-01,3.0,3
47,33,0.5400417751319448,1,820,5,0.5391411466926311,1,409,1|1,0.559164348014072,0.5524465720902071,bindi2014_rhyp,4.5,2015-01-01,3.0,3
50,23,0.1222829766409308,1,820,5,0.19821846332273635,1,409,1|1,0.141405549523058,0.21152388872031233,bindi2014_rhyp,4.5,2015-01-01,3.0,3
54,109,-0.04133806308043764,1,820,18,-0.11464763091991759,1,409,1|1,-0.02221549019831044,-0.10134220552234162,bindi2014_rhyp,4.5,2015-01-01,3.0,3
55,78,0.08563613370259471,1,820,22,0.1588510702396737,1,409,1|1,0.1047587065847219,0.1721564956372497,bindi2014_rhyp,4.5,2015-01-01,3.0,3
56,60,0.08008014960439291,1,820,18,0.08872568027771977,1,409,1|1,0.09920272248652011,0.10203110567529573,bindi2014_rhyp,4.5,2015-01-01,3.0,3
57,66,-0.2762893144530443,1,820,13,-0.23126726810728337,1,409,1|1,-0.25716674157091707,-0.2179618427097074,bindi2014_rhyp,4.5,2015-01-01,3.0,3
58,39,-0.03324088372987488,1,820,6,-0.16714695106247346,1,409,1|1,-0.014118310847747683,-0.15384152566489748,bindi2014_rhyp,4.5,2015-01-01,3.0,3
59,45,-0.08340893591031096,1,820,18,-0.07728920278363172,1,409,1|1,-0.06428636302818376,-0.06398377738605575,bindi2014_rhyp,4.5,2015-01-01,3.0,3
60,75,-0.13392438928533357,1,820,27,-0.03413589494138525,1,409,1|1,-0.11480181640320637,-0.02083046954380928,bindi2014_rhyp,4.5,2015-01-01,3.0,3
61,63,-0.00281335195218535,1,820,16,0.04008596112853641,1,409,1|1,0.01630922092994185,0.053391386526112375,bindi2014_rhyp,4.5,2015-01-01,3.0,3
62,57,-0.20223861695960377,1,820,15,-0.1696084663524967,1,409,1|1,-0.18311604407747656,-0.15630304095492073,bindi2014_rhyp,4.5,2015-01-01,3.0,3
66,72,0.05765459007288387,1,820,21,0.1469905867836866,1,409,1|1,0.07677716295501107,0.16029601218126258,bindi2014_rhyp,4.5,2015-01-01,3.0,3
68,15,0.05230413803467737,1,820,6,0.15143346335855334,1,409,1|1,0.07142671091680457,0.16473888875612933,bindi2014_rhyp,4.5,2015-01-01,3.0,3
69,66,0.2470187684965865,1,820,17,0.33391271689156854,1,409,1|1,0.2661413413787137,0.3472181422891445,bindi2014_rhyp,4.5,2015-01-01,3.0,3
70,50,0.18472652183534666,1,820,20,0.24876797188042152,1,409,1|1,0.20384909471747387,0.2620733972779975,bindi2014_rhyp,4.5,2015-01-01,3.0,3
75,26,0.25485382913112214,1,820,5,0.2723875866272416,1,409,1|1,0.27397640201324935,0.28569301202481756,bindi2014_rhyp,4.5,2015-01-01,3.0,3
78,30,-0.18571529016646693,1,820,6,-0.07560800495109621,1,409,1|1,-0.16659271728433972,-0.06230257955352024,bindi2014_rhyp,4.5,2015-01-01,3.0,3
79,37,-0.036494386800326684,1,820,10,0.08553876075353883,1,409,1|1,-0.017371813918199485,0.0988441861511148,bindi2014_rhyp,4.5,2015-01-01,3.0,3
81,119,-0.11581999707387891,1,820,25,-0.08947868005073523,1,409,1|1,-0.09669742419175172,-0.07617325465315926,bindi2014_rhyp,4.5,2015-01-01,3.0,3
84,35,0.3257744196642398,1,820,7,0.407996140427371,1,409,1|1,0.344896992546367,0.42130156582494693,bindi2014_rhyp,4.5,2015-01-01,3.0,3
85,17,0.23683213043315499,1,820,8,0.2706456401478334,1,409,1|1,0.2559547033152822,0.28395106554540933,bindi2014_rhyp,4.5,2015-01-01,3.0,3
87,59,0.09573332110529709,1,820,14,0.02309250393726875,1,409,1|1,0.11485589398742428,0.03639792933484472,bindi2014_rhyp,4.5,2015-01-01,3.0,3
88,69,-0.08612515274694177,1,820,12,-0.008436132797401519,1,409,1|1,-0.06700257986481457,0.004869292600174451,bindi2014_rhyp,4.5,2015-01-01,3.0,3
89,114,-0.038342560327692565,1,820,34,-0.12308499461885636,1,409,1|1,-0.019219987445565367,-0.10977956922128039,bindi2014_rhyp,4.5,2015-01-01,3.0,3
90,57,-0.4014880046595677,1,820,20,-0.41613688065976506,1,409,1|1,-0.3823654317774405,-0.4028314552621891,bindi2014_rhyp,4.5,2015-01-01,3.0,3
91,46,-0.32290275347676967,1,820,16,-0.21725849850414647,1,409,1|1,-0.30378018059464246,-0.2039530731065705,bindi2014_rhyp,4.5,2015-01-01,3.0,3
93,59,-0.01723464002298558,1,820,9,-0.12052002573838749,1,409,1|1,0.0018879328591416174,-0.10721460034081153,bindi2014_rhyp,4.5,2015-01-01,3.0,3
95,40,0.33207688746320263,1,820,6,0.2587762224368815,1,409,1|1,0.35119946034532984,0.27208164783445743,bindi2014_rhyp,4.5,2015-01-01,3.0,3
97,30,-0.2609519523971692,1,820,5,-0.2054528451815948,1,409,1|1,-0.24182937951504196,-0.1921474197840188,bindi2014_rhyp,4.5,2015-01-01,3.0,3
98,56,-0.21588390448402506,1,820,8,-0.3290313366670212,1,409,1|1,-0.19676133160189785,-0.31572591126944527,bindi2014_rhyp,4.5,2015-01-01,3.0,3
102,118,0.22334291787155564,1,820,25,0.22867326479499495,1,409,1|1,0.24246549075368284,0.24197869019257093,bindi2014_rhyp,4.5,2015-01-01,3.0,3
103,81,0.1778956734369589,1,820,20,0.18965609154529622,1,409,1|1,0.1970182463190861,0.2029615169428722,bindi2014_rhyp,4.5,2015-01-01,3.0,3
104,92,-0.36409678774300436,1,820,26,-0.3380997782938161,1,409,1|1,-0.34497421486087715,-0.32479435289624015,bindi2014_rhyp,4.5,2015-01-01,3.0,3
105,39,0.06136653655583513,1,820,8,0.1098582552047111,1,409,1|1,0.08048910943796232,0.12316368060228707,bindi2014_rhyp,4.5,2015-01-01,3.0,3
106,35,-0.15099292812857268,1,820,10,-0.18572572871017612,1,409,1|1,-0.13187035524644547,-0.17242030331260014,bindi2014_rhyp,4.5,2015-01-01,3.0,3
109,30,-0.06120942065520041,1,820,7,-0.013076532897650095,1,409,1|1,-0.04208684777307321,0.00022889249992587464,bindi2014_rhyp,4.5,2015-01-01,3.0,3
110,24,0.06316786350175208,1,820,7,0.14276059762967325,1,409,1|1,0.08229043638387927,0.15606602302724923,bindi2014_rhyp,4.5,2015-01-01,3.0,3
112,20,0.17186688453244536,1,820,6,0.23937360273965186,1,409,1|1,0.19098945741457257,0.2526790281372278,bindi2014_rhyp,4.5,2015-01-01,3.0,3
113,20,-0.25810064154917267,1,820,6,-0.1987600580926402,1,409,1|1,-0.23897806866704546,-0.1854546326950642,bindi2014_rhyp,4.5,2015-01-01,3.0,3
117,30,0.3179376404867788,1,820,6,0.3374381670851643,1,409,1|1,0.337060213368906,0.35074359248274023,bindi2014_rhyp,4.5,2015-01-01,3.0,3
118,58,0.3401740850004483,1,820,12,0.3681592309802855,1,409,1|1,0.35929665788257553,0.3814646563778615,bindi2014_rhyp,4.5,2015-01-01,3.0,3
119,38,-0.1994801656785402,1,820,8,-0.21470441357728443,1,409,1|1,-0.180357592796413,-0.20139898817970844,bindi2014_rhyp,4.5,2015-01-01,3.0,3
120,37,-0.05273067916480556,1,820,12,-0.029724089024691036,1,409,1|1,-0.033608106282678366,-0.016418663627115068,bindi2014_rhyp,4.5,2015-01-01,3.0,3
121,19,-0.23919896557507958,1,820,8,-0.2402504022898846,1,409,1|1,-0.22007639269295237,-0.2269449768923086,bindi2014_rhyp,4.5,2015-01-01,3.0,3
122,24,0.3967669258378962,1,820,10,0.38866315715113536,1,409,1|1,0.4158894987200234,0.4019685825487113,bindi2014_rhyp,4.5,2015-01-01,3.0,3
123,19,0.10345243232434487,1,820,7,0.024668906536153223,1,409,1|1,0.12257500520647206,0.03797433193372919,bindi2014_rhyp,4.5,2015-01-01,3.0,3
124,31,-0.14465133584021372,1,820,12,-0.01918758449234692,1,409,1|1,-0.12552876295808651,-0.005882159094770951,bindi2014_rhyp,4.5,2015-01-01,3.0,3
127,43,-0.13007931733436195,1,820,13,-0.14875205006540104,1,409,1|1,-0.11095674445223476,-0.13544662466782506,bindi2014_rhyp,4.5,2015-01-01,3.0,3
128,43,-0.11793325867684257,1,820,7,-0.07890210069432468,1,409,1|1,-0.09881068579471537,-0.06559667529674872,bindi2014_rhyp,4.5,2015-01-01,3.0,3
130,74,-0.12178791031329106,1,820,22,-0.07405679891446548,1,409,1|1,-0.10266533743116386,-0.060751373516889515,bindi2014_rhyp,4.5,2015-01-01,3.0,3
131,66,-0.11781254531943597,1,820,15,-0.06718164861970932,1,409,1|1,-0.09868997243730877,-0.053876223222133354,bindi2014_rhyp,4.5,2015-01-01,3.0,3
135,42,0.21902973503449774,1,820,8,0.23568957894770481,1,409,1|1,0.23815230791662495,0.2489950043452808,bindi2014_rhyp,4.5,2015-01-01,3.0,3
136,28,-0.1366017641658147,1,820,8,-0.07491115410948845,1,409,1|1,-0.11747919128368751,-0.061605728711912486,bindi2014_rhyp,4.5,2015-01-01,3.0,3
137,55,-0.1301620974790315,1,820,9,-0.11574844719331656,1,409,1|1,-0.11103952459690432,-0.1024430217957406,bindi2014_rhyp,4.5,2015-01-01,3.0,3
138,35,-0.30149347564661666,1,820,6,-0.4018660214393269,1,409,1|1,-0.28237090276448945,-0.38856059604175097,bindi2014_rhyp,4.5,2015-01-01,3.0,3
139,34,-0.041592536805682534,1,820,5,-0.0682153981782121,1,409,1|1,-0.022469963923555335,-0.054909972780636127,bindi2014_rhyp,4.5,2015-01-01,3.0,3
141,29,-0.049232549361673206,1,820,8,-0.027407724423463398,1,409,1|1,-0.030109976479546007,-0.014102299025887428,bindi2014_rhyp,4.5,2015-01-01,3.0,3
142,26,-0.3013705896676738,1,820,6,-0.148775186071327,1,409,1|1,-0.2822480167855466,-0.13546976067375102,bindi2014_rhyp,4.5,2015-01-01,3.0,3
143,21,-0.03594086501340288,1,820,5,-0.05755763543697445,1,409,1|1,-0.01681829213127568,-0.044252210039398485,bindi2014_rhyp,4.5,2015-01-01,3.0,3
144,40,-0.12372077338963006,1,820,6,-0.14857930923813845,1,409,1|1,-0.10459820050750286,-0.13527388384056246,bindi2014_rhyp,4.5,2015-01-01,3.0,3
146,54,-0.3925888782316467,1,820,13,-0.3926415037151002,1,409,1|1,-0.37346630534951947,-0.37933607831752425,bindi2014_rhyp,4.5,2015-01-01,3.0,3
148,26,0.1260571267223688,1,820,10,0.14997675950679246,1,409,1|1,0.145179699604496,0.16328218490436844,bindi2014_rhyp,4.5,2015-01-01,3.0,3
149,22,-0.16951853951289075,1,820,6,-0.14210102434096716,1,409,1|1,-0.15039596663076354,-0.12879559894339118,bindi2014_rhyp,4.5,2015-01-01,3.0,3
151,36,-0.41814333646756396,1,820,7,-0.27074262521063663,1,409,1|1,-0.39902076358543676,-0.2574371998130607,bindi2014_rhyp,4.5,2015-01-01,3.0,3
152,21,-0.5273849693922503,1,820,10,-0.4581381958174986,1,409,1|1,-0.5082623965101232,-0.44483277041992264,bindi2014_rhyp,4.5,2015-01-01,3.0,3
153,36,-0.04929252211065405,1,820,11,-0.060964792274995516,1,409,1|1,-0.030169949228526848,-0.04765936687741955,bindi2014_rhyp,4.5,2015-01-01,3.0,3
154,63,-0.11425205458972276,1,820,20,-0.0610852669507288,1,409,1|1,-0.09512948170759557,-0.04777984155315283,bindi2014_rhyp,4.5,2015-01-01,3.0,3
156,73,-0.08580712842786176,1,820,20,-0.13841678446155903,1,409,1|1,-0.06668455554573456,-0.12511135906398305,bindi2014_rhyp,4.5,2015-01-01,3.0,3
157,23,-0.01535939553363952,1,820,7,0.05670079053166488,1,409,1|1,0.003763177348487679,0.07000621592924085,bindi2014_rhyp,4.5,2015-01-01,3.0,3
158,51,-0.10963014560458129,1,820,9,-0.07003329058599639,1,409,1|1,-0.09050757272245409,-0.05672786518842042,bindi2014_rhyp,4.5,2015-01-01,3.0,3
159,25,-0.20786285734311216,1,820,7,-0.20612377705074159,1,409,1|1,-0.18874028446098495,-0.1928183516531656,bindi2014_rhyp,4.5,2015-01-01,3.0,3
161,26,0.09313057742261255,1,820,5,0.14743103691789944,1,409,1|1,0.11225315030473974,0.16073646231547542,bindi2014_rhyp,4.5,2015-01-01,3.0,3
162,61,0.20340238112626963,1,820,23,0.2643716973538395,1,409,1|1,0.22252495400839684,0.27767712275141543,bindi2014_rhyp,4.5,2015-01-01,3.0,3
163,103,0.329425333553545,1,820,32,0.3606763218378827,1,409,1|1,0.3485479064356722,0.37398174723545863,bindi2014_rhyp,4.5,2015-01-01,3.0,3
164,65,-0.04739048948629543,1,820,21,0.07787475486197942,1,409,1|1,-0.02826791660416823,0.09118018025955539,bindi2014_rhyp,4.5,2015-01-01,3.0,3
166,86,-0.1355121588045196,1,820,17,-0.17581744653499343,1,409,1|1,-0.11638958592239242,-0.16251202113741745,bindi2014_rhyp,4.5,2015-01-01,3.0,3
167,37,-0.13403022449599422,1,820,12,-0.1806450726945782,1,409,1|1,-0.11490765161386703,-0.1673396472970022,bindi2014_rhyp,4.5,2015-01-01,3.0,3
168,63,-0.22262405498933913,1,820,14,-0.16431898940026468,1,409,1|1,-0.20350148210721192,-0.1510135640026887,bindi2014_rhyp,4.5,2015-01-01,3.0,3
169,28,-0.05914904906292073,1,820,10,-0.08979746997897797,1,409,1|1,-0.04002647618079354,-0.076492044581402,bindi2014_rhyp,4.5,2015-01-01,3.0,3
170,117,-0.4044888243087048,1,820,32,-0.3347537135555635,1,409,1|1,-0.3853662514265776,-0.32144828815798754,bindi2014_rhyp,4.5,2015-01-01,3.0,3
175,23,0.13649712804794312,1,820,8,0.3171927435012578,1,409,1|1,0.15561970093007033,0.33049816889883377,bindi2014_rhyp,4.5,2015-01-01,3.0,3
178,58,-0.3225758400235039,1,820,7,-0.3523758621139671,1,409,1|1,-0.3034532671413767,-0.33907043671639114,bindi2014_rhyp,4.5,2015-01-01,3.0,3
179,27,-0.4261171228607388,1,820,8,-0.40175153407953446,1,409,1|1,-0.40699454997861156,-0.3884461086819585,bindi2014_rhyp,4.5,2015-01-01,3.0,3
181,70,0.394096055211707,1,820,17,0.29772559170486546,1,409,1|1,0.4132186280938342,0.3110310171024414,bindi2014_rhyp,4.5,2015-01-01,3.0,3
182,56,0.19055400196697114,1,820,16,0.231369362920276,1,409,1|1,0.20967657484909835,0.24467478831785197,bindi2014_rhyp,4.5,2015-01-01,3.0,3
185,44,-0.02409904853779976,1,820,11,-0.005220601448476747,1,409,1|1,-0.004976475655672562,0.008084823949099222,bindi2014_rhyp,4.5,2015-01-01,3.0,3
187,19,-0.07278660355063737,1,820,7,-0.03366999430707707,1,409,1|1,-0.05366403066851018,-0.0203645689095011,bindi2014_rhyp,4.5,2015-01-01,3.0,3
190,123,0.47062742629993903,1,820,24,0.49155568438674346,1,409,1|1,0.48974999918206624,0.5048611097843194,bindi2014_rhyp,4.5,2015-01-01,3.0,3
191,86,0.41209119548201856,1,820,19,0.42245969851988036,1,409,1|1,0.43121376836414577,0.4357651239174563,bindi2014_rhyp,4.5,2015-01-01,3.0,3
193,21,0.0163210701591735,1,820,5,0.07293808107856148,1,409,1|1,0.035443643041300696,0.08624350647613745,bindi2014_rhyp,4.5,2015-01-01,3.0,3
194,92,-0.07661847925227994,1,820,24,-0.05792115522270025,1,409,1|1,-0.05749590637015274,-0.04461572982512428,bindi2014_rhyp,4.5,2015-01-01,3.0,3
195,72,-0.19635237217853996,1,820,19,-0.1309657943617185,1,409,1|1,-0.17722979929641275,-0.11766036896414254,bindi2014_rhyp,4.5,2015-01-01,3.0,3
196,82,0.2526928492163733,1,820,18,0.26080061178486713,1,409,1|1,0.2718154220985005,0.2741060371824431,bindi2014_rhyp,4.5,2015-01-01,3.0,3
197,51,0.26333089480145216,1,820,15,0.37460112581138943,1,409,1|1,0.2824534676835794,0.3879065512089654,bindi2014_rhyp,4.5,2015-01-01,3.0,3
198,40,0.8326667179264162,1,820,12,0.7307311771166112,1,409,1|1,0.8517892908085434,0.7440366025141871,bindi2014_rhyp,4.5,2015-01-01,3.0,3
199,70,-0.15559506997151185,1,820,22,-0.034939991443836194,1,409,1|1,-0.13647249708938464,-0.021634566046260226,bindi2014_rhyp,4.5,2015-01-01,3.0,3
200,58,-0.2757822153996289,1,820,21,-0.21629665714412327,1,409,1|1,-0.2566596425175017,-0.2029912317465473,bindi2014_rhyp,4.5,2015-01-01,3.0,3
204,37,-0.605279321196899,1,820,13,-0.5463297794456611,1,409,1|1,-0.5861567483147718,-0.5330243540480851,bindi2014_rhyp,4.5,2015-01-01,3.0,3
205,87,0.14437440481329883,1,820,27,0.1711705158624816,1,409,1|1,0.16349697769542604,0.1844759412600576,bindi2014_rhyp,4.5,2015-01-01,3.0,3
207,77,-0.22766305629920147,1,820,30,-0.2265591500480132,1,409,1|1,-0.20854048341707426,-0.2132537246504372,bindi2014_rhyp,4.5,2015-01-01,3.0,3
212,47,0.02707391425050576,1,820,18,-0.030744604364158712,1,409,1|1,0.046196487132632955,-0.017439178966582744,bindi2014_rhyp,4.5,2015-01-01,3.0,3
213,37,0.12114183732834682,1,820,11,0.250235497487454,1,409,1|1,0.14026441021047403,0.26354092288502995,bindi2014_rhyp,4.5,2015-01-01,3.0,3
214,34,-0.2960817781109105,1,820,10,-0.27836653069905815,1,409,1|1,-0.2769592052287833,-0.2650611053014822,bindi2014_rhyp,4.5,2015-01-01,3.0,3
215,17,0.2416440007017262,1,820,5,0.15727810121929497,1,409,1|1,0.2607665735838534,0.17058352661687096,bindi2014_rhyp,4.5,2015-01-01,3.0,3
216,73,-0.1437223880678702,1,820,11,-0.09298945208938392,1,409,1|1,-0.124599815185743,-0.07968402669180795,bindi2014_rhyp,4.5,2015-01-01,3.0,3
217,26,0.10499212286157722,1,820,6,-0.009374027403994956,1,409,1|1,0.12411469574370441,0.003931397993581014,bindi2014_rhyp,4.5,2015-01-01,3.0,3
218,40,-0.01471686945431483,1,820,8,0.058152246845078415,1,409,1|1,0.004405703427812369,0.07145767224265438,bindi2014_rhyp,4.5,2015-01-01,3.0,3
219,45,-0.03434971051282254,1,820,10,-0.005178062120355098,1,409,1|1,-0.015227137630695341,0.008127363277220872,bindi2014_rhyp,4.5,2015-01-01,3.0,3
220,30,-0.09129475423776257,1,820,8,-0.0532240115618664,1,409,1|1,-0.07217218135563537,-0.039918586164290434,bindi2014_rhyp,4.5,2015-01-01,3.0,3
221,60,-0.15246256964843763,1,820,16,-0.1628423698605832,1,409,1|1,-0.13333999676631042,-0.14953694446300722,bindi2014_rhyp,4.5,2015-01-01,3.0,3
222,45,-0.1224793008939985,1,820,9,-0.06346218599189046,1,409,1|1,-0.1033567280118713,-0.050156760594314495,bindi2014_rhyp,4.5,2015-01-01,3.0,3
223,65,0.10133322341190465,1,820,10,0.19568364573089664,1,409,1|1,0.12045579629403184,0.20898907112847262,bindi2014_rhyp,4.5,2015-01-01,3.0,3
224,23,-0.10345101080363883,1,820,8,-0.13336102217297896,1,409,1|1,-0.08432843792151164,-0.12005559677540299,bindi2014_rhyp,4.5,2015-01-01,3.0,3
225,66,0.03919426862518938,1,820,12,-0.06764308815291498,1,409,1|1,0.05831684150731657,-0.05433766275533901,bindi2014_rhyp,4.5,2015-01-01,3.0,3
226,41,0.29256977709984605,1,820,10,0.26450326703062743,1,409,1|1,0.31169234998197326,0.2778086924282034,bindi2014_rhyp,4.5,2015-01-01,3.0,3
227,29,-0.15194378881986037,1,820,9,-0.10575961333054129,1,409,1|1,-0.13282121593773316,-0.09245418793296532,bindi2014_rhyp,4.5,2015-01-01,3.0,3
228,32,0.1024711652093413,1,820,7,0.06878055779809766,1,409,1|1,0.12159373809146849,0.08208598319567363,bindi2014_rhyp,4.5,2015-01-01,3.0,3
380,54,-0.12209409839349084,1,820,14,-0.1294062599486988,1,409,1|1,-0.10297152551136364,-0.11610083455112284,bindi2014_rhyp,4.5,2015-01-01,3.0,3
382,23,-0.15162823148678517,1,820,5,-0.4339155361769864,1,409,1|1,-0.13250565860465796,-0.42061011077941046,bindi2014_rhyp,4.5,2015-01-01,3.0,3
385,15,0.4274942363494053,1,820,8,0.22261181797235619,1,409,1|1,0.4466168092315325,0.23591724336993217,bindi2014_rhyp,4.5,2015-01-01,3.0,3
387,16,-0.07719383802432711,1,820,5,-0.22472535388571258,1,409,1|1,-0.058071265142199915,-0.2114199284881366,bindi2014_rhyp,4.5,2015-01-01,3.0,3
388,32,0.061036667679819856,1,820,8,-0.05923218392040508,1,409,1|1,0.08015924056194705,-0.04592675852282911,bindi2014_rhyp,4.5,2015-01-01,3.0,3
389,36,0.07755288081039213,1,820,11,0.012817887910660408,1,409,1|1,0.09667545369251933,0.026123313308236376,bindi2014_rhyp,4.5,2015-01-01,3.0,3
390,29,0.06911347096408382,1,820,6,0.07500437577678237,1,409,1|1,0.08823604384621102,0.08830980117435834,bindi2014_rhyp,4.5,2015-01-01,3.0,3
392,18,0.0677203484287473,1,820,6,-0.011339888522227226,1,409,1|1,0.0868429213108745,0.0019655368753487435,bindi2014_rhyp,4.5,2015-01-01,3.0,3
396,45,-0.03995542633670679,1,820,13,-0.05075448871782817,1,409,1|1,-0.02083285345457959,-0.037449063320252204,bindi2014_rhyp,4.5,2015-01-01,3.0,3
397,42,0.12183456133744697,1,820,12,0.0587884959691628,1,409,1|1,0.14095713421957418,0.07209392136673877,bindi2014_rhyp,4.5,2015-01-01,3.0,3
399,16,-0.07522861359350197,1,820,9,-0.2620765257458124,1,409,1|1,-0.056106040711374774,-0.24877110034823643,bindi2014_rhyp,4.5,2015-01-01,3.0,3
402,18,0.5236127648199096,1,820,5,0.6128107118609089,1,409,1|1,0.5427353377020367,0.6261161372584848,bindi2014_rhyp,4.5,2015-01-01,3.0,3
406,37,-0.07345474965260967,1,820,11,-0.2607842677295755,1,409,1|1,-0.05433217677048248,-0.24747884233199954,bindi2014_rhyp,4.5,2015-01-01,3.0,3
411,51,-0.015762440748140816,1,820,15,-0.06835736458957298,1,409,1|1,0.003360132133986383,-0.05505193919199701,bindi2014_rhyp,4.5,2015-01-01,3.0,3
413,51,-0.04865246388546296,1,820,17,-0.1102927902197206,1,409,1|1,-0.02952989100333576,-0.09698736482214464,bindi2014_rhyp,4.5,2015-01-01,3.0,3
415,67,-0.15583608186211007,1,820,23,-0.16608454536181938,1,409,1|1,-0.13671350897998286,-0.1527791199642434,bindi2014_rhyp,4.5,2015-01-01,3.0,3
417,74,-0.25561272450913897,1,820,18,-0.26785888619874776,1,409,1|1,-0.23649015162701176,-0.2545534608011718,bindi2014_rhyp,4.5,2015-01-01,3.0,3
418,58,0.1394679079965191,1,820,15,0.1321394644997253,1,409,1|1,0.1585904808786463,0.14544488989730128,bindi2014_rhyp,4.5,2015-01-01,3.0,3
419,45,0.1006585652057681,1,820,13,0.02924348500407692,1,409,1|1,0.1197811380878953,0.04254891040165289,bindi2014_rhyp,4.5,2015-01-01,3.0,3
420,19,0.13659643562749324,1,820,6,-0.046054678642737934,1,409,1|1,0.15571900850962045,-0.032749253245161966,bindi2014_rhyp,4.5,2015-01-01,3.0,3
427,22,0.03413451429408887,1,820,6,-0.10697886521925759,1,409,1|1,0.053257087176216064,-0.09367343982168162,bindi2014_rhyp,4.5,2015-01-01,3.0,3
428,26,-0.05412093796400008,1,820,5,-0.2507605220491258,1,409,1|1,-0.03499836508187289,-0.23745509665154982,bindi2014_rhyp,4.5,2015-01-01,3.0,3
429,21,-0.06114985202710377,1,820,6,-0.03507514532375178,1,409,1|1,-0.04202727914497657,-0.02176971992617581,bindi2014_rhyp,4.5,2015-01-01,3.0,3
431,24,-0.29909241648687956,1,820,7,-0.37003702650046744,1,409,1|1,-0.27996984360475236,-0.3567316011028915,bindi2014_rhyp,4.5,2015-01-01,3.0,3
434,15,0.3087615922898215,1,820,8,0.2569385707496091,1,409,1|1,0.3278841651719487,0.27024399614718503,bindi2014_rhyp,4.5,2015-01-01,3.0,3
435,22,-0.13608220709720353,1,820,6,-0.18126312472890638,1,409,1|1,-0.11695963421507634,-0.1679576993313304,bindi2014_rhyp,4.5,2015-01-01,3.0,3
436,28,0.20000184520884084,1,820,10,0.2560143921825836,1,409,1|1,0.21912441809096805,0.26931981758015955,bindi2014_rhyp,4.5,2015-01-01,3.0,3
441,33,-0.0834187666178734,1,820,15,-0.16890530686137506,1,409,1|1,-0.0642961937357462,-0.15559988146379908,bindi2014_rhyp,4.5,2015-01-01,3.0,3
443,24,0.21199201386586453,1,820,5,0.1303687913400191,1,409,1|1,0.23111458674799173,0.1436742167375951,bindi2014_rhyp,4.5,2015-01-01,3.0,3
444,17,-0.10722145683813744,1,820,5,-0.09620092712963835,1,409,1|1,-0.08809888395601025,-0.08289550173206238,bindi2014_rhyp,4.5,2015-01-01,3.0,3
448,53,0.011470969676673715,1,820,20,-0.06632007060935374,1,409,1|1,0.030593542558800913,-0.053014645211777775,bindi2014_rhyp,4.5,2015-01-01,3.0,3
449,32,0.13810324825979003,1,820,10,0.028630984849892516,1,409,1|1,0.15722582114191724,0.041936410247468484,bindi2014_rhyp,4.5,2015-01-01,3.0,3
450,44,0.15022824382413158,1,820,10,-0.013688206287826077,1,409,1|1,0.1693508167062588,-0.00038278089025010724,bindi2014_rhyp,4.5,2015-01-01,3.0,3
456,36,-0.08053207951077657,1,820,13,-0.13763372654688766,1,409,1|1,-0.06140950662864937,-0.12432830114931169,bindi2014_rhyp,4.5,2015-01-01,3.0,3
460,49,0.2622304922385915,1,820,17,0.18903771947344755,1,409,1|1,0.2813530651207187,0.20234314487102353,bindi2014_rhyp,4.5,2015-01-01,3.0,3
461,52,0.03439065152370957,1,820,16,-0.10295151987880569,1,409,1|1,0.053513224405836765,-0.08964609448122972,bindi2014_rhyp,4.5,2015-01-01,3.0,3
462,38,-0.1586686534384426,1,820,11,-0.28065628808416065,1,409,1|1,-0.1395460805563154,-0.2673508626865847,bindi2014_rhyp,4.5,2015-01-01,3.0,3
466,16,0.30348485840325756,1,820,8,0.21665739251405636,1,409,1|1,0.32260743128538477,0.22996281791163234,bindi2014_rhyp,4.5,2015-01-01,3.0,3
468,36,0.42342700713167375,1,820,7,0.4657081166515691,1,409,1|1,0.44254958001380096,0.47901354204914504,bindi2014_rhyp,4.5,2015-01-01,3.0,3
469,39,0.07830654892814204,1,820,12,0.10352081354216752,1,409,1|1,0.09742912181026923,0.11682623893974349,bindi2014_rhyp,4.5,2015-01-01,3.0,3
470,58,-0.17243248396354183,1,820,24,-0.16117012237095796,1,409,1|1,-0.15330991108141462,-0.14786469697338198,bindi2014_rhyp,4.5,2015-01-01,3.0,3
23,29,-0.11255438749576185,1,798,7,-0.18097116342057007,0,446,1|0,-0.1171126870449279,-0.1790252786842003,bindi2014_rhyp,4.5,2015-01-01,3.0,4
25,31,0.356223633944045,1,798,12,0.4051761993933268,0,446,1|0,0.35166533439487896,0.4071220841296965,bindi2014_rhyp,4.5,2015-01-01,3.0,4
26,88,0.0014418676609045944,1,798,26,0.025531143069918105,0,446,1|0,-0.003116431888261454,0.027477027806287878,bindi2014_rhyp,4.5,2015-01-01,3.0,4
27,39,-0.02720920746111266,1,798,9,-0.04679563435513856,0,446,1|0,-0.03176750701027871,-0.04484974961876879,bindi2014_rhyp,4.5,2015-01-01,3.0,4
28,41,-0.015942364175663748,1,798,7,0.08432685044825683,0,446,1|0,-0.020500663724829796,0.08627273518462661,bindi2014_rhyp,4.5,2015-01-01,3.0,4
29,44,-0.24219953373335223,1,798,8,-0.21066669339226807,0,446,1|0,-0.2467578332825183,-0.2087208086558983,bindi2014_rhyp,4.5,2015-01-01,3.0,4
30,22,-0.0859254779189651,1,798,9,-0.02410311491899919,0,446,1|0,-0.09048377746813115,-0.02215723018262942,bindi2014_rhyp,4.5,2015-01-01,3.0,4
31,25,0.14337736456850964,1,798,8,0.14107428537114164,0,446,1|0,0.13881906501934357,0.14302017010751142,bindi2014_rhyp,4.5,2015-01-01,3.0,4
35,29,0.2759962127361571,1,798,7,0.17823822948870394,0,446,1|0,0.27143791318699106,0.18018411422507372,bindi2014_rhyp,4.5,2015-01-01,3.0,4
39,72,-0.0617282206221168,1,798,7,-0.031144444556464812,0,446,1|0,-0.06628652017128285,-0.02919855982009504,bindi2014_rhyp,4.5,2015-01-01,3.0,4
45,56,0.1274835165793597,1,798,6,0.21677075037535753,0,446,1|0,0.12292521703019364,0.21871663511172731,bindi2014_rhyp,4.5,2015-01-01,3.0,4
47,27,0.5324413529483577,1,798,11,0.5337002094895928,0,446,1|0,0.5278830533991916,0.5356460942259627,bindi2014_rhyp,4.5,2015-01-01,3.0,4
49,16,0.0603260386332895,1,798,7,0.029031727379274175,0,446,1|0,0.055767739084123455,0.030977612115643947,bindi2014_rhyp,4.5,2015-01-01,3.0,4
50,23,0.16801020842336445,1,798,5,-0.0343590622802894,0,446,1|0,0.1634519088741984,-0.032413177543919626,bindi2014_rhyp,4.5,2015-01-01,3.0,4
52,26,0.360053340943814,1,798,7,0.26632631931669376,0,446,1|0,0.355495041394648,0.2682722040530635,bindi2014_rhyp,4.5,2015-01-01,3.0,4
54,97,-0.05671677696129862,1,798,30,-0.063136928027965,0,446,1|0,-0.06127507651046467,-0.06119104329159523,bindi2014_rhyp,4.5,2015-01-01,3.0,4
55,88,0.10467379457370607,1,798,12,0.13639043505429327,0,446,1|0,0.10011549502454002,0.13833631979066305,bindi2014_rhyp,4.5,2015-01-01,3.0,4
56,65,0.08636632366360353,1,798,13,0.035952694105931604,0,446,1|0,0.08180802411443748,0.03789857884230138,bindi2014_rhyp,4.5,2015-01-01,3.0,4
57,56,-0.287224376007155,1,798,23,-0.24968963557307788,0,446,1|0,-0.29178267555632104,-0.2477437508367081,bindi2014_rhyp,4.5,2015-01-01,3.0,4
58,34,-0.081185144551564,1,798,11,0.014338980494683962,0,446,1|0,-0.08574344410073005,0.016284865231053734,bindi2014_rhyp,4.5,2015-01-01,3.0,4
59,58,-0.07858702823715213,1,798,5,-0.10214100513373758,0,446,1|0,-0.08314532778631818,-0.1001951203973678,bindi2014_rhyp,4.5,2015-01-01,3.0,4
60,88,-0.11317102529807699,1,798,14,-0.03748538211918673,0,446,1|0,-0.11772932484724304,-0.035539497382816955,bindi2014_rhyp,4.5,2015-01-01,3.0,4
61,73,0.011652989431806482,1,798,6,0.025731021664087805,0,446,1|0,0.007094689882640433,0.027676906400457578,bindi2014_rhyp,4.5,2015-01-01,3.0,4
62,66,-0.1904844140349763,1,798,6,-0.16346490137639214,0,446,1|0,-0.19504271358414235,-0.16151901664002236,bindi2014_rhyp,4.5,2015-01-01,3.0,4
65,25,-0.19531844175142798,1,798,10,-0.2620129910175676,0,446,1|0,-0.19987674130059405,-0.26006710628119784,bindi2014_rhyp,4.5,2015-01-01,3.0,4
66,81,0.08094572664281197,1,798,12,0.10936741105671888,0,446,1|0,0.07638742709364592,0.11131329579308866,bindi2014_rhyp,4.5,2015-01-01,3.0,4
67,15,-0.2374733447602161,1,798,10,-0.1008604507370503,0,446,1|0,-0.24203164430938215,-0.09891456600068052,bindi2014_rhyp,4.5,2015-01-01,3.0,4
69,70,0.27470233168742264,1,798,13,0.26504899541508825,0,446,1|0,0.2701440321382566,0.266994880151458,bindi2014_rhyp,4.5,2015-01-01,3.0,4
70,62,0.20589355120090347,1,798,8,0.21217684519245805,0,446,1|0,0.2013352516517374,0.21412272992882783,bindi2014_rhyp,4.5,2015-01-01,3.0,4
72,18,-0.27069594296561506,1,798,11,-0.31935185366865115,0,446,1|0,-0.2752542425147811,-0.3174059689322814,bindi2014_rhyp,4.5,2015-01-01,3.0,4
73,23,-0.09474692619067904,1,798,10,-0.18743884978011305,0,446,1|0,-0.09930522573984508,-0.18549296504374327,bindi2014_rhyp,4.5,2015-01-01,3.0,4
74,24,-0.09243612706417736,1,798,10,-0.19694934054194368,0,446,1|0,-0.09699442661334341,-0.1950034558055739,bindi2014_rhyp,4.5,2015-01-01,3.0,4
75,24,0.2646529468776051,1,798,7,0.20772151494891095,0,446,1|0,0.26009464732843907,0.20966739968528073,bindi2014_rhyp,4.5,2015-01-01,3.0,4
76,25,0.5992241148350923,1,798,9,0.6747609888333294,0,446,1|0,0.5946658152859262,0.6767068735696992,bindi2014_rhyp,4.5,2015-01-01,3.0,4
80,15,0.2127699458282613,1,798,9,0.12086540952040359,0,446,1|0,0.20821164627909525,0.12281129425677337,bindi2014_rhyp,4.5,2015-01-01,3.0,4
81,112,-0.12505675411481965,1,798,32,-0.08790998729083954,0,446,1|0,-0.1296150536639857,-0.08596410255446976,bindi2014_rhyp,4.5,2015-01-01,3.0,4
83,15,0.11966288957162097,1,798,6,-0.11288884204474625,0,446,1|0,0.11510459002245492,-0.11094295730837647,bindi2014_rhyp,4.5,2015-01-01,3.0,4
84,35,0.3627478247911232,1,798,7,0.21374075801816445,0,446,1|0,0.3581895252419572,0.21568664275453422,bindi2014_rhyp,4.5,2015-01-01,3.0,4
87,58,0.10483749550280191,1,798,15,-0.036921799953017365,0,446,1|0,0.10027919595363587,-0.03497591521664759,bindi2014_rhyp,4.5,2015-01-01,3.0,4
88,57,-0.0927721468772208,1,798,24,-0.06236635860120743,0,446,1|0,-0.09733044642638684,-0.060420473864837655,bindi2014_rhyp,4.5,2015-01-01,3.0,4
89,122,-0.05575884827652855,1,798,26,-0.04680490751188693,0,446,1|0,-0.0603171478256946,-0.044859022775517156,bindi2014_rhyp,4.5,2015-01-01,3.0,4
90,65,-0.40806315002641325,1,798,12,-0.36245891781861805,0,446,1|0,-0.4126214495755793,-0.3605130330822483,bindi2014_rhyp,4.5,2015-01-01,3.0,4
91,56,-0.2951915740274851,1,798,6,-0.255352014574056,0,446,1|0,-0.2997498735766511,-0.25340612983768623,bindi2014_rhyp,4.5,2015-01-01,3.0,4
93,49,-0.03754716371802813,1,798,19,-0.039414429882642654,0,446,1|0,-0.04210546326719418,-0.03746854514627288,bindi2014_rhyp,4.5,2015-01-01,3.0,4
94,25,0.6131722934464764,1,798,12,0.5770599298231014,0,446,1|0,0.6086139938973103,0.5790058145594712,bindi2014_rhyp,4.5,2015-01-01,3.0,4
95,33,0.300565055261772,1,798,13,0.3511134449374916,0,446,1|0,0.296006755712606,0.35305932967386133,bindi2014_rhyp,4.5,2015-01-01,3.0,4
97,27,-0.2380604126718603,1,798,8,-0.3038978538235373,0,446,1|0,-0.24261871222102635,-0.30195196908716754,bindi2014_rhyp,4.5,2015-01-01,3.0,4
98,41,-0.23022241878013083,1,798,23,-0.24808490905526104,0,446,1|0,-0.2347807183292969,-0.24613902431889126,bindi2014_rhyp,4.5,2015-01-01,3.0,4
102,110,0.22501887556588618,1,798,33,0.19329094447673556,0,446,1|0,0.22046057601672012,0.19523682921310534,bindi2014_rhyp,4.5,2015-01-01,3.0,4
103,85,0.19176964482930042,1,798,16,0.12130563261389093,0,446,1|0,0.18721134528013436,0.12325151735026071,bindi2014_rhyp,4.5,2015-01-01,3.0,4
104,98,-0.3645562265482649,1,798,20,-0.29173596352537734,0,446,1|0,-0.36911452609743095,-0.2897900787890076,bindi2014_rhyp,4.5,2015-01-01,3.0,4
105,37,0.10446963585336994,1,798,10,-0.08120774651270946,0,446,1|0,0.09991133630420389,-0.07926186177633968,bindi2014_rhyp,4.5,2015-01-01,3.0,4
106,37,-0.1769777665255039,1,798,8,-0.09185852945446216,0,446,1|0,-0.18153606607466996,-0.08991264471809238,bindi2014_rhyp,4.5,2015-01-01,3.0,4
108,16,0.128082135637548,1,798,7,0.09594905116383301,0,446,1|0,0.12352383608838195,0.09789493590020279,bindi2014_rhyp,4.5,2015-01-01,3.0,4
110,26,0.06758014940683943,1,798,5,0.12449623542100552,0,446,1|0,0.06302184985767338,0.1264421201573753,bindi2014_rhyp,4.5,2015-01-01,3.0,4
114,16,0.2840526009657749,1,798,8,0.1828311210253708,0,446,1|0,0.27949430141660886,0.18477700576174058,bindi2014_rhyp,4.5,2015-01-01,3.0,4
115,30,0.13659272307622444,1,798,15,0.1435312044817192,0,446,1|0,0.13203442352705838,0.14547708921808897,bindi2014_rhyp,4.5,2015-01-01,3.0,4
116,15,0.40992092306881805,1,798,9,0.42824676731609107,0,446,1|0,0.405362623519652,0.4301926520524608,bindi2014_rhyp,4.5,2015-01-01,3.0,4
117,27,0.3301197373364815,1,798,9,0.2705259732964665,0,446,1|0,0.32556143778731544,0.27247185803283624,bindi2014_rhyp,4.5,2015-01-01,3.0,4
118,57,0.3593004180864524,1,798,13,0.3005718994690799,0,446,1|0,0.3547421185372864,0.30251778420544967,bindi2014_rhyp,4.5,2015-01-01,3.0,4
119,41,-0.1887818556300962,1,798,5,-0.26237427373378375,0,446,1|0,-0.19334015517926226,-0.260428388997414,bindi2014_rhyp,4.5,2015-01-01,3.0,4
120,42,-0.0472014776706835,1,798,7,-0.016444230215676536,0,446,1|0,-0.05175977721984955,-0.014498345479306764,bindi2014_rhyp,4.5,2015-01-01,3.0,4
121,22,-0.23920249865197707,1,798,5,-0.23070362571250846,0,446,1|0,-0.24376079820114313,-0.22875774097613868,bindi2014_rhyp,4.5,2015-01-01,3.0,4
122,27,0.4234734827382414,1,798,7,0.2930830537783158,0,446,1|0,0.4189151831890754,0.29502893851468553,bindi2014_rhyp,4.5,2015-01-01,3.0,4
123,20,0.07144148439725145,1,798,6,0.13019551673114738,0,446,1|0,0.0668831848480854,0.13214140146751716,bindi2014_rhyp,4.5,2015-01-01,3.0,4
126,21,-0.05987876478859988,1,798,7,0.07188101080932185,0,446,1|0,-0.06443706433776593,0.07382689554569163,bindi2014_rhyp,4.5,2015-01-01,3.0,4
127,49,-0.11708190979639599,1,798,7,-0.203780822130333,0,446,1|0,-0.12164020934556204,-0.20183493739396322,bindi2014_rhyp,4.5,2015-01-01,3.0,4
128,41,-0.10455612505499567,1,798,9,-0.161441600554184,0,446,1|0,-0.10911442460416172,-0.15949571581781422,bindi2014_rhyp,4.5,2015-01-01,3.0,4
130,84,-0.09998750116179322,1,798,12,-0.13175466663681545,0,446,1|0,-0.10454580071095927,-0.12980878190044567,bindi2014_rhyp,4.5,2015-01-01,3.0,4
131,62,-0.10343109314428767,1,798,19,-0.12828305772227078,0,446,1|0,-0.10798939269345371,-0.126337172985901,bindi2014_rhyp,4.5,2015-01-01,3.0,4
134,21,-0.409071405892952,1,798,8,-0.3391605572792685,0,446,1|0,-0.413629705442118,-0.3372146725428988,bindi2014_rhyp,4.5,2015-01-01,3.0,4
135,41,0.2291311227528917,1,798,9,0.17610809016126627,0,446,1|0,0.22457282320372565,0.17805397489763605,bindi2014_rhyp,4.5,2015-01-01,3.0,4
136,30,-0.12616631643772525,1,798,6,-0.1400301257577855,0,446,1|0,-0.1307246159868913,-0.13808424102141573,bindi2014_rhyp,4.5,2015-01-01,3.0,4
137,44,-0.1203805685729642,1,798,20,-0.16724230220421277,0,446,1|0,-0.12493886812213024,-0.165296417467843,bindi2014_rhyp,4.5,2015-01-01,3.0,4
138,29,-0.3211085798437977,1,798,12,-0.3289282715451828,0,446,1|0,-0.32566687939296374,-0.32698238680881303,bindi2014_rhyp,4.5,2015-01-01,3.0,4
139,28,-0.07256148761554782,1,798,11,-0.0015392311997582953,0,446,1|0,-0.07711978716471386,0.0004066535366114782,bindi2014_rhyp,4.5,2015-01-01,3.0,4
143,20,-0.0460905248752822,1,798,6,-0.04189704981581499,0,446,1|0,-0.05064882442444825,-0.03995116507944522,bindi2014_rhyp,4.5,2015-01-01,3.0,4
144,36,-0.13662406960350637,1,798,10,-0.10816893569297792,0,446,1|0,-0.14118236915267243,-0.10622305095660814,bindi2014_rhyp,4.5,2015-01-01,3.0,4
146,60,-0.37437134137966355,1,798,7,-0.4947986146820046,0,446,1|0,-0.3789296409288296,-0.49285272994563484,bindi2014_rhyp,4.5,2015-01-01,3.0,4
149,20,-0.15162611773200196,1,798,8,-0.14834696970359063,0,446,1|0,-0.15618441728116803,-0.14640108496722085,bindi2014_rhyp,4.5,2015-01-01,3.0,4
151,37,-0.40872612301449096,1,798,6,-0.34603203136411154,0,446,1|0,-0.413284422563657,-0.3440861466277418,bindi2014_rhyp,4.5,2015-01-01,3.0,4
154,72,-0.11146890400704745,1,798,11,0.00852261589734149,0,446,1|0,-0.1160272035562135,0.010468500633711263,bindi2014_rhyp,4.5,2015-01-01,3.0,4
156,72,-0.10972155522539717,1,798,21,-0.07950708662758843,0,446,1|0,-0.11427985477456322,-0.07756120189121865,bindi2014_rhyp,4.5,2015-01-01,3.0,4
158,44,-0.10019024217715333,1,798,16,-0.12469594500192871,0,446,1|0,-0.10474854172631938,-0.12275006026555893,bindi2014_rhyp,4.5,2015-01-01,3.0,4
161,25,0.12895202027384817,1,798,6,-0.03783785066287482,0,446,1|0,0.12439372072468212,-0.035891965926505044,bindi2014_rhyp,4.5,2015-01-01,3.0,4
162,73,0.21303392495341428,1,798,11,0.3019677518965789,0,446,1|0,0.20847562540424822,0.3039136366329486,bindi2014_rhyp,4.5,2015-01-01,3.0,4
163,117,0.3288257014545245,1,798,18,0.4440728554152822,0,446,1|0,0.32426740190535847,0.44601874015165194,bindi2014_rhyp,4.5,2015-01-01,3.0,4
164,75,-0.01657585850752974,1,798,11,0.01995800256886837,0,446,1|0,-0.021134158056695787,0.021903887305238144,bindi2014_rhyp,4.5,2015-01-01,3.0,4
165,18,0.08798272158802223,1,798,5,0.026250554632285872,0,446,1|0,0.08342442203885618,0.028196439368655644,bindi2014_rhyp,4.5,2015-01-01,3.0,4
166,75,-0.15040724369564795,1,798,28,-0.13855848112490132,0,446,1|0,-0.154965543244814,-0.13661259638853154,bindi2014_rhyp,4.5,2015-01-01,3.0,4
167,40,-0.15206368693290484,1,798,9,-0.09362926859022391,0,446,1|0,-0.1566219864820709,-0.09168338385385413,bindi2014_rhyp,4.5,2015-01-01,3.0,4
168,63,-0.20966371142515638,1,798,14,-0.19104381241882873,0,446,1|0,-0.21422201097432245,-0.18909792768245895,bindi2014_rhyp,4.5,2015-01-01,3.0,4
169,29,-0.07078913751041505,1,798,9,-0.06769913560332319,0,446,1|0,-0.0753474370595811,-0.06575325086695341,bindi2014_rhyp,4.5,2015-01-01,3.0,4
170,123,-0.3805884891814415,1,798,26,-0.40533536063235853,0,446,1|0,-0.38514678873060754,-0.4033894758959888,bindi2014_rhyp,4.5,2015-01-01,3.0,4
175,24,0.24730883979244428,1,798,7,-0.02955297241986743,0,446,1|0,0.24275054024327822,-0.027607087683497657,bindi2014_rhyp,4.5,2015-01-01,3.0,4
176,16,-0.3226216364650515,1,798,6,-0.41220311699822176,0,446,1|0,-0.3271799360142175,-0.410257232261852,bindi2014_rhyp,4.5,2015-01-01,3.0,4
178,50,-0.3208689288408537,1,798,15,-0.351505157858378,0,446,1|0,-0.32542722839001975,-0.34955927312200824,bindi2014_rhyp,4.5,2015-01-01,3.0,4
179,29,-0.41631704368548117,1,798,6,-0.4619915100599178,0,446,1|0,-0.4208753432346472,-0.46004562532354804,bindi2014_rhyp,4.5,2015-01-01,3.0,4
181,70,0.36920320457581846,1,798,17,0.36679635051261245,0,446,1|0,0.3646449050266524,0.3687422352489822,bindi2014_rhyp,4.5,2015-01-01,3.0,4
182,61,0.19798893289594527,1,798,11,0.2673540907888592,0,446,1|0,0.1934306333467792,0.26929997552522894,bindi2014_rhyp,4.5,2015-01-01,3.0,4
185,47,-0.0022463822162930303,1,798,8,-0.14010296585216042,0,446,1|0,-0.006804681765459079,-0.13815708111579064,bindi2014_rhyp,4.5,2015-01-01,3.0,4
187,20,-0.035816264109117535,1,798,6,-0.15225723216860576,0,446,1|0,-0.04037456365828358,-0.15031134743223598,bindi2014_rhyp,4.5,2015-01-01,3.0,4
190,115,0.46295636150251107,1,798,32,0.4850370307773002,0,446,1|0,0.45839806195334504,0.48698291551366996,bindi2014_rhyp,4.5,2015-01-01,3.0,4
191,87,0.41626386095119344,1,798,18,0.3691300371718035,0,446,1|0,0.4117055614020274,0.37107592190817323,bindi2014_rhyp,4.5,2015-01-01,3.0,4
193,18,0.008573114358457867,1,798,8,0.028133832759623112,0,446,1|0,0.004014814809291819,0.030079717495992885,bindi2014_rhyp,4.5,2015-01-01,3.0,4
194,96,-0.06758797674015338,1,798,20,-0.09734130144239606,0,446,1|0,-0.07214627628931942,-0.09539541670602628,bindi2014_rhyp,4.5,2015-01-01,3.0,4
195,75,-0.18587730077913445,1,798,16,-0.14483095815941494,0,446,1|0,-0.1904356003283005,-0.14288507342304516,bindi2014_rhyp,4.5,2015-01-01,3.0,4
196,82,0.254622667194738,1,798,18,0.21519092122260702,0,446,1|0,0.25006436764557194,0.2171368059589768,bindi2014_rhyp,4.5,2015-01-01,3.0,4
197,53,0.2942498444417328,1,798,13,0.2785413583703867,0,446,1|0,0.28969154489256677,0.28048724310675643,bindi2014_rhyp,4.5,2015-01-01,3.0,4
198,45,0.79331516490113,1,798,7,0.9698655134849608,0,446,1|0,0.7887568653519639,0.9718113982213306,bindi2014_rhyp,4.5,2015-01-01,3.0,4
199,83,-0.1236577050779003,1,798,9,-0.09223519691390314,0,446,1|0,-0.12821600462706637,-0.09028931217753336,bindi2014_rhyp,4.5,2015-01-01,3.0,4
200,68,-0.2591230065460576,1,798,11,-0.22163544968851634,0,446,1|0,-0.2636813060952236,-0.21968956495214656,bindi2014_rhyp,4.5,2015-01-01,3.0,4
201,30,-0.18311239817992309,1,798,9,-0.046040513146387796,0,446,1|0,-0.18767069772908915,-0.04409462841001802,bindi2014_rhyp,4.5,2015-01-01,3.0,4
202,23,-0.3102650012767161,1,798,11,-0.357630405650346,0,446,1|0,-0.3148233008258821,-0.35568452091397623,bindi2014_rhyp,4.5,2015-01-01,3.0,4
204,41,-0.5760365451614348,1,798,9,-0.6104977546304736,0,446,1|0,-0.5805948447106009,-0.6085518698941038,bindi2014_rhyp,4.5,2015-01-01,3.0,4
205,98,0.1555677284053909,1,798,16,0.173467052531321,0,446,1|0,0.15100942885622484,0.17541293726769078,bindi2014_rhyp,4.5,2015-01-01,3.0,4
207,87,-0.23706514028717984,1,798,20,-0.16512646261107589,0,446,1|0,-0.2416234398363459,-0.1631805778747061,bindi2014_rhyp,4.5,2015-01-01,3.0,4
208,21,-0.04650089767701737,1,798,5,-0.07108100767570735,0,446,1|0,-0.05105919722618342,-0.06913512293933757,bindi2014_rhyp,4.5,2015-01-01,3.0,4
212,52,0.016450068227756187,1,798,13,-0.015898286984312837,0,446,1|0,0.01189176867859014,-0.013952402247943065,bindi2014_rhyp,4.5,2015-01-01,3.0,4
213,39,0.1559490107927879,1,798,9,0.0927226929699505,0,446,1|0,0.15139071124362183,0.09466857770632028,bindi2014_rhyp,4.5,2015-01-01,3.0,4
215,17,0.1906932109928161,1,798,5,0.29499121680195944,0,446,1|0,0.18613491144365005,0.2969371015383292,bindi2014_rhyp,4.5,2015-01-01,3.0,4
216,63,-0.1362314193335642,1,798,21,-0.16449080933133542,0,446,1|0,-0.14078971888273026,-0.16254492459496564,bindi2014_rhyp,4.5,2015-01-01,3.0,4
217,27,0.09783379242582213,1,798,5,-0.018459655340627656,0,446,1|0,0.09327549287665608,-0.016513770604257884,bindi2014_rhyp,4.5,2015-01-01,3.0,4
218,37,-0.0159266574149729,1,798,11,0.018269370073287217,0,446,1|0,-0.020484956964138948,0.02021525480965699,bindi2014_rhyp,4.5,2015-01-01,3.0,4
219,44,-0.019103115830489847,1,798,11,-0.10182380622394349,0,446,1|0,-0.023661415379655895,-0.09987792148757371,bindi2014_rhyp,4.5,2015-01-01,3.0,4
220,30,-0.10387450245450736,1,798,8,-0.046025686448885716,0,446,1|0,-0.1084328020036734,-0.044079801712515944,bindi2014_rhyp,4.5,2015-01-01,3.0,4
221,63,-0.14072606682496436,1,798,13,-0.24232253989151709,0,446,1|0,-0.14528436637413042,-0.2403766551551473,bindi2014_rhyp,4.5,2015-01-01,3.0,4
222,42,-0.13015129217408772,1,798,12,-0.08405872979251261,0,446,1|0,-0.13470959172325378,-0.08211284505614283,bindi2014_rhyp,4.5,2015-01-01,3.0,4
223,56,0.10960599517591058,1,798,19,0.10130812676862955,0,446,1|0,0.10504769562674453,0.10325401150499933,bindi2014_rhyp,4.5,2015-01-01,3.0,4
224,26,-0.1369938511537292,1,798,5,-0.025845206165752477,0,446,1|0,-0.14155215070289526,-0.023899321429382704,bindi2014_rhyp,4.5,2015-01-01,3.0,4
225,58,0.010581946598610337,1,798,20,0.034866408880259825,0,446,1|0,0.006023647049444288,0.0368122936166296,bindi2014_rhyp,4.5,2015-01-01,3.0,4
226,41,0.2653174739194517,1,798,10,0.34017245079137076,0,446,1|0,0.2607591743702857,0.3421183355277405,bindi2014_rhyp,4.5,2015-01-01,3.0,4
227,30,-0.13293260393536965,1,798,8,-0.21441605831640242,0,446,1|0,-0.13749090348453571,-0.21247017358003265,bindi2014_rhyp,4.5,2015-01-01,3.0,4
228,33,0.1039505759709699,1,798,6,0.030980752951695,0,446,1|0,0.09939227642180386,0.032926637688064773,bindi2014_rhyp,4.5,2015-01-01,3.0,4
380,57,-0.1150606007504742,1,798,11,-0.16598237925391024,0,446,1|0,-0.11961890029964024,-0.16403649451754046,bindi2014_rhyp,4.5,2015-01-01,3.0,4
388,33,0.03375128772334968,1,798,7,0.05485696351281566,0,446,1|0,0.02919298817418363,0.05680284824918543,bindi2014_rhyp,4.5,2015-01-01,3.0,4
389,40,0.07074250744471644,1,798,7,0.023636834804459106,0,446,1|0,0.06618420789555039,0.02558271954082888,bindi2014_rhyp,4.5,2015-01-01,3.0,4
390,29,0.06518035745521222,1,798,6,0.08538918862230738,0,446,1|0,0.060622057906046176,0.08733507335867716,bindi2014_rhyp,4.5,2015-01-01,3.0,4
396,48,-0.04292188119319429,1,798,10,-0.0058187216879578285,0,446,1|0,-0.04748018074236034,-0.003872836951588055,bindi2014_rhyp,4.5,2015-01-01,3.0,4
397,45,0.0987310032252604,1,798,9,0.1523254264382914,0,446,1|0,0.09417270367609436,0.15427131117466117,bindi2014_rhyp,4.5,2015-01-01,3.0,4
402,17,0.5846782753703277,1,798,6,0.44621831873348605,0,446,1|0,0.5801199758211616,0.4481642034698558,bindi2014_rhyp,4.5,2015-01-01,3.0,4
406,43,-0.1139165303719668,1,798,5,-0.12588806392806917,0,446,1|0,-0.11847482992113285,-0.12394217919169939,bindi2014_rhyp,4.5,2015-01-01,3.0,4
411,55,-0.03521016621504891,1,798,11,0.006549846219778388,0,446,1|0,-0.03976846576421496,0.00849573095614816,bindi2014_rhyp,4.5,2015-01-01,3.0,4
413,58,-0.044645339901025816,1,798,10,-0.16303989743548553,0,446,1|0,-0.04920363945019186,-0.16109401269911575,bindi2014_rhyp,4.5,2015-01-01,3.0,4
415,77,-0.161632179746516,1,798,13,-0.12663938703617617,0,446,1|0,-0.16619047929568206,-0.12469350229980639,bindi2014_rhyp,4.5,2015-01-01,3.0,4
417,76,-0.24205592245059782,1,798,16,-0.33942886140522577,0,446,1|0,-0.24661422199976388,-0.337482976668856,bindi2014_rhyp,4.5,2015-01-01,3.0,4
418,62,0.15169582388391378,1,798,11,0.05995085968914071,0,446,1|0,0.14713752433474772,0.061896744425510485,bindi2014_rhyp,4.5,2015-01-01,3.0,4
419,47,0.0676538804540775,1,798,11,0.16857385412820614,0,446,1|0,0.06309558090491145,0.17051973886457591,bindi2014_rhyp,4.5,2015-01-01,3.0,4
421,24,0.05387008228044465,1,798,6,-0.06654035379745793,0,446,1|0,0.049311782731278606,-0.06459446906108815,bindi2014_rhyp,4.5,2015-01-01,3.0,4
429,22,-0.031120163700828707,1,798,5,-0.1608746483483372,0,446,1|0,-0.035678463249994755,-0.15892876361196742,bindi2014_rhyp,4.5,2015-01-01,3.0,4
443,24,0.20147282516592335,1,798,5,0.16557855556795786,0,446,1|0,0.1969145256167573,0.16752444030432764,bindi2014_rhyp,4.5,2015-01-01,3.0,4
448,62,-0.008522538626167586,1,798,11,0.009845357422287981,0,446,1|0,-0.013080838175333634,0.011791242158657754,bindi2014_rhyp,4.5,2015-01-01,3.0,4
449,36,0.12793941730869396,1,798,6,0.04156978265592426,0,446,1|0,0.12338111775952791,0.04351566739229403,bindi2014_rhyp,4.5,2015-01-01,3.0,4
450,45,0.11035294564507614,1,798,9,0.1555542357160904,0,446,1|0,0.10579464609591009,0.15750012045246017,bindi2014_rhyp,4.5,2015-01-01,3.0,4
451,18,0.007263933930074851,1,798,5,0.05618106076166396,0,446,1|0,0.002705634380908802,0.05812694549803373,bindi2014_rhyp,4.5,2015-01-01,3.0,4
456,44,-0.09296240504787745,1,798,5,-0.10984881072293184,0,446,1|0,-0.0975207045970435,-0.10790292598656206,bindi2014_rhyp,4.5,2015-01-01,3.0,4
460,57,0.24907561293638342,1,798,9,0.21560829869343473,0,446,1|0,0.24451731338721736,0.2175541834298045,bindi2014_rhyp,4.5,2015-01-01,3.0,4
461,57,-0.01446204217139846,1,798,11,0.09541502624179377,0,446,1|0,-0.019020341720564507,0.09736091097816355,bindi2014_rhyp,4.5,2015-01-01,3.0,4
462,42,-0.1908860974739517,1,798,7,-0.1563164991071586,0,446,1|0,-0.19544439702311775,-0.15437061437078883,bindi2014_rhyp,4.5,2015-01-01,3.0,4
466,19,0.37424881809084953,1,798,5,-0.23839200134598115,0,446,1|0,0.3696905185416835,-0.23644611660961137,bindi2014_rhyp,4.5,2015-01-01,3.0,4
468,36,0.43853382224038623,1,798,7,0.3733713201736915,0,446,1|0,0.4339755226912202,0.37531720491006126,bindi2014_rhyp,4.5,2015-01-01,3.0,4
469,43,0.08086154073024732,1,798,8,0.09688829968312229,0,446,1|0,0.07630324118108127,0.09883418441949207,bindi2014_rhyp,4.5,2015-01-01,3.0,4
470,71,-0.17223582335443677,1,798,11,-0.1325706665590488,0,446,1|0,-0.17679412290360283,-0.13062478182267903,bindi2014_rhyp,4.5,2015-01-01,3.0,4
13,32,0.0461830278300156,1,444,7,0.020670323419595266,0,275,1|0,0.04795550783981099,0.011362936745329542,bindi2014_rhyp,5.0,2015-01-01,1.0,0
16,18,-0.059225908473444555,1,444,5,0.07842559591336873,0,275,1|0,-0.05745342846364916,0.069118209239103,bindi2014_rhyp,5.0,2015-01-01,1.0,0
17,15,-0.12789183787531544,1,444,5,-0.1581935201524293,0,275,1|0,-0.12611935786552003,-0.16750090682669502,bindi2014_rhyp,5.0,2015-01-01,1.0,0
25,22,-0.06926907876829935,1,444,8,-0.043127626800642443,0,275,1|0,-0.06749659875850396,-0.05243501347490817,bindi2014_rhyp,5.0,2015-01-01,1.0,0
31,18,0.19560443542447964,1,444,6,0.20594082723539114,0,275,1|0,0.19737691543427505,0.19663344056112542,bindi2014_rhyp,5.0,2015-01-01,1.0,0
40,32,0.032101637472494726,1,444,5,0.11220267892352168,0,275,1|0,0.03387411748229012,0.10289529224925595,bindi2014_rhyp,5.0,2015-01-01,1.0,0
41,23,0.1271980940588719,1,444,8,0.05495090989663545,0,275,1|0,0.1289705740686673,0.045643523222369725,bindi2014_rhyp,5.0,2015-01-01,1.0,0
42,30,0.16997025515479425,1,444,7,0.133028522995701,0,275,1|0,0.17174273516458965,0.12372113632143528,bindi2014_rhyp,5.0,2015-01-01,1.0,0
43,27,-0.33273247656493876,1,444,8,-0.37884184783297115,0,275,1|0,-0.33095999655514335,-0.3881492345072369,bindi2014_rhyp,5.0,2015-01-01,1.0,0
45,27,-0.07421155552918601,1,444,8,-0.1484946425594448,0,275,1|0,-0.07243907551939062,-0.15780202923371053,bindi2014_rhyp,5.0,2015-01-01,1.0,0
46,27,-0.1386264591587808,1,444,8,-0.29180444647652815,0,275,1|0,-0.1368539791489854,-0.3011118331507939,bindi2014_rhyp,5.0,2015-01-01,1.0,0
47,18,0.09923800914071168,1,444,7,-0.08675338767904592,0,275,1|0,0.10101048915050707,-0.09606077435331165,bindi2014_rhyp,5.0,2015-01-01,1.0,0
48,18,-0.02968210442549124,1,444,7,-0.17541711695079829,0,275,1|0,-0.027909624415695847,-0.184724503625064,bindi2014_rhyp,5.0,2015-01-01,1.0,0
52,24,0.09884360494496036,1,444,6,0.03042976715207915,0,275,1|0,0.10061608495475576,0.021122380477813427,bindi2014_rhyp,5.0,2015-01-01,1.0,0
55,20,0.682958997382463,1,444,7,0.600859821390833,0,275,1|0,0.6847314773922584,0.5915524347165674,bindi2014_rhyp,5.0,2015-01-01,1.0,0
67,38,0.043790234439261555,1,444,9,-0.053203724579617584,0,275,1|0,0.04556271444905695,-0.06251111125388331,bindi2014_rhyp,5.0,2015-01-01,1.0,0
74,29,0.013886611283791983,1,444,6,0.08165516600474552,0,275,1|0,0.015659091293587377,0.0723477793304798,bindi2014_rhyp,5.0,2015-01-01,1.0,0
75,44,0.07455214836384433,1,444,11,0.10869772448421025,0,275,1|0,0.07632462837363972,0.09939033780994452,bindi2014_rhyp,5.0,2015-01-01,1.0,0
76,23,-0.46009263874194073,1,444,9,-0.43938654772095564,0,275,1|0,-0.4583201587321453,-0.44869393439522137,bindi2014_rhyp,5.0,2015-01-01,1.0,0
79,26,-0.1266729422176116,1,444,8,-0.10438216732656733,0,275,1|0,-0.12490046220781621,-0.11368955400083305,bindi2014_rhyp,5.0,2015-01-01,1.0,0
84,20,-0.14074487206550834,1,444,8,-0.2157047389013432,0,275,1|0,-0.13897239205571293,-0.22501212557560893,bindi2014_rhyp,5.0,2015-01-01,1.0,0
87,38,0.3466060383993895,1,444,8,0.3839890713855588,0,275,1|0,0.34837851840918493,0.3746816847112931,bindi2014_rhyp,5.0,2015-01-01,1.0,0
88,38,0.17212524435050874,1,444,12,0.18702340663585557,0,275,1|0,0.17389772436030415,0.17771601996158984,bindi2014_rhyp,5.0,2015-01-01,1.0,0
89,36,-0.44754485624582274,1,444,12,-0.46215449199608916,0,275,1|0,-0.44577237623602733,-0.4714618786703549,bindi2014_rhyp,5.0,2015-01-01,1.0,0
91,18,-0.069381042501383,1,444,6,-0.16762020322126295,0,275,1|0,-0.0676085624915876,-0.17692758989552868,bindi2014_rhyp,5.0,2015-01-01,1.0,0
103,28,0.1150761873985528,1,444,6,0.0712409477756736,0,275,1|0,0.11684866740834819,0.061933561101407866,bindi2014_rhyp,5.0,2015-01-01,1.0,0
113,17,-0.17075909844806758,1,444,5,-0.03572448907578746,0,275,1|0,-0.16898661843827217,-0.045031875750053185,bindi2014_rhyp,5.0,2015-01-01,1.0,0
115,32,0.17302538369432635,1,444,9,0.09507290030006865,0,275,1|0,0.17479786370412176,0.08576551362580292,bindi2014_rhyp,5.0,2015-01-01,1.0,0
116,30,-0.11544239629435249,1,444,10,-0.08018557208426116,0,275,1|0,-0.1136699162845571,-0.08949295875852689,bindi2014_rhyp,5.0,2015-01-01,1.0,0
122,26,-0.18081339015193576,1,444,8,-0.16215529319230462,0,275,1|0,-0.17904091014214035,-0.17146267986657035,bindi2014_rhyp,5.0,2015-01-01,1.0,0
130,15,-0.4490692490640328,1,444,6,-0.3398959976242334,0,275,1|0,-0.4472967690542374,-0.3492033842984991,bindi2014_rhyp,5.0,2015-01-01,1.0,0
138,32,-0.0683502472501134,1,444,8,0.01834326778295614,0,275,1|0,-0.06657776724031801,0.009035881108690417,bindi2014_rhyp,5.0,2015-01-01,1.0,0
140,21,-0.26804484162024067,1,444,6,-0.12405335790682345,0,275,1|0,-0.26627236161044526,-0.13336074458108918,bindi2014_rhyp,5.0,2015-01-01,1.0,0
144,35,0.658075470856785,1,444,10,0.5523561891796493,0,275,1|0,0.6598479508665803,0.5430488025053837,bindi2014_rhyp,5.0,2015-01-01,1.0,0
145,24,0.05877553441721667,1,444,5,0.041572240250951714,0,275,1|0,0.06054801442701206,0.03226485357668599,bindi2014_rhyp,5.0,2015-01-01,1.0,0
147,36,-0.1586674906573846,1,444,7,-0.06009487395591004,0,275,1|0,-0.1568950106475892,-0.06940226063017577,bindi2014_rhyp,5.0,2015-01-01,1.0,0
149,28,0.031166733325168616,1,444,6,0.056303709989662165,0,275,1|0,0.03293921333496401,0.04699632331539644,bindi2014_rhyp,5.0,2015-01-01,1.0,0
151,46,-0.42844607407929813,1,444,11,-0.3432526761623781,0,275,1|0,-0.4266735940695027,-0.3525600628366438,bindi2014_rhyp,5.0,2015-01-01,1.0,0
159,26,-0.3711931876008251,1,444,7,-0.3272075246702748,0,275,1|0,-0.3694207075910297,-0.33651491134454053,bindi2014_rhyp,5.0,2015-01-01,1.0,0
162,21,0.2725320669213825,1,444,5,0.31214283301522794,0,275,1|0,0.2743045469311779,0.3028354463409622,bindi2014_rhyp,5.0,2015-01-01,1.0,0
170,38,0.3874406876370545,1,444,7,0.3323280753752289,0,275,1|0,0.38921316764684993,0.3230206887009632,bindi2014_rhyp,5.0,2015-01-01,1.0,0
171,29,0.1865868962728673,1,444,6,0.1592718712186259,0,275,1|0,0.1883593762826627,0.14996448454436018,bindi2014_rhyp,5.0,2015-01-01,1.0,0
174,38,0.12850832880097213,1,444,12,0.13349522693245963,0,275,1|0,0.13028080881076753,0.1241878402581939,bindi2014_rhyp,5.0,2015-01-01,1.0,0
175,29,-0.26141120604335166,1,444,6,-0.1264698197720268,0,275,1|0,-0.25963872603355626,-0.13577720644629251,bindi2014_rhyp,5.0,2015-01-01,1.0,0
176,30,0.13575946074305367,1,444,8,0.08938791520364481,0,275,1|0,0.13753194075284908,0.08008052852937908,bindi2014_rhyp,5.0,2015-01-01,1.0,0
177,27,0.047594307053573925,1,444,6,-0.01061715045464523,0,275,1|0,0.04936678706336932,-0.019924537128910954,bindi2014_rhyp,5.0,2015-01-01,1.0,0
179,22,0.1530941694571314,1,444,7,0.04217242567010532,0,275,1|0,0.1548666494669268,0.03286503899583959,bindi2014_rhyp,5.0,2015-01-01,1.0,0
180,19,-0.2251888785793804,1,444,6,-0.14496106550507978,0,275,1|0,-0.223416398569585,-0.1542684521793455,bindi2014_rhyp,5.0,2015-01-01,1.0,0
185,29,0.4145128280869603,1,444,8,0.2162595685328705,0,275,1|0,0.41628530809675574,0.20695218185860478,bindi2014_rhyp,5.0,2015-01-01,1.0,0
186,32,-0.3309574613289914,1,444,8,-0.37535887794057743,0,275,1|0,-0.329184981319196,-0.38466626461484316,bindi2014_rhyp,5.0,2015-01-01,1.0,0
190,25,0.03592695087137343,1,444,5,-0.07295456008954296,0,275,1|0,0.037699430881168824,-0.08226194676380869,bindi2014_rhyp,5.0,2015-01-01,1.0,0
194,16,-0.059660607830476664,1,444,6,0.023987459756018265,0,275,1|0,-0.05788812782068127,0.01468007308175254,bindi2014_rhyp,5.0,2015-01-01,1.0,0
197,17,0.026685223400696012,1,444,7,-0.10232740491087741,0,275,1|0,0.028457703410491406,-0.11163479158514314,bindi2014_rhyp,5.0,2015-01-01,1.0,0
199,28,-0.23356562975318285,1,444,9,-0.2525027978441795,0,275,1|0,-0.23179314974338744,-0.26181018451844523,bindi2014_rhyp,5.0,2015-01-01,1.0,0
201,23,-0.05521108681264242,1,444,5,-0.1383565563974775,0,275,1|0,-0.053438606802847025,-0.14766394307174321,bindi2014_rhyp,5.0,2015-01-01,1.0,0
203,22,-0.046996226101568395,1,444,6,0.09429594354091599,0,275,1|0,-0.045223746091773,0.08498855686665026,bindi2014_rhyp,5.0,2015-01-01,1.0,0
274,27,-0.1262418952766612,1,444,6,-0.004743446090249764,0,275,1|0,-0.1244694152668658,-0.014050832764515488,bindi2014_rhyp,5.0,2015-01-01,1.0,0
282,15,0.1185591738993696,1,444,5,0.05668788137919989,0,275,1|0,0.12033165390916499,0.04738049470493416,bindi2014_rhyp,5.0,2015-01-01,1.0,0
289,17,0.18662402736991696,1,444,6,0.27377612727917255,0,275,1|0,0.18839650737971236,0.2644687406049068,bindi2014_rhyp,5.0,2015-01-01,1.0,0
297,19,0.02444986586669995,1,444,6,0.05854002813544401,0,275,1|0,0.026222345876495343,0.049232641461178284,bindi2014_rhyp,5.0,2015-01-01,1.0,0
302,22,-0.07353779919023162,1,444,7,0.17409891569319866,0,275,1|0,-0.07176531918043623,0.16479152901893293,bindi2014_rhyp,5.0,2015-01-01,1.0,0
304,20,-0.0925722938995377,1,444,9,-0.07661721683147169,0,275,1|0,-0.0907998138897423,-0.08592460350573741,bindi2014_rhyp,5.0,2015-01-01,1.0,0
306,25,0.009316402757284736,1,444,9,0.10296204702478226,0,275,1|0,0.011088882767080132,0.09365466035051653,bindi2014_rhyp,5.0,2015-01-01,1.0,0
308,29,-0.2056401657882333,1,444,9,-0.06399385810820715,0,275,1|0,-0.2038676857784379,-0.07330124478247288,bindi2014_rhyp,5.0,2015-01-01,1.0,0
309,26,0.12280485611040587,1,444,6,0.26095137240937843,0,275,1|0,0.12457733612020126,0.2516439857351127,bindi2014_rhyp,5.0,2015-01-01,1.0,0
310,17,0.07233844549924973,1,444,6,0.42056469261405394,0,275,1|0,0.07411092550904512,0.4112573059397882,bindi2014_rhyp,5.0,2015-01-01,1.0,0
328,17,-0.021599994968613645,1,444,5,-0.03717809230893712,0,275,1|0,-0.01982751495881825,-0.04648547898320285,bindi2014_rhyp,5.0,2015-01-01,1.0,0
333,24,0.006918081697249057,1,444,5,0.21024325380398734,0,275,1|0,0.008690561707044452,0.2009358671297216,bindi2014_rhyp,5.0,2015-01-01,1.0,0
335,23,0.2663814710546436,1,444,5,0.3251494324152955,0,275,1|0,0.268153951064439,0.31584204574102975,bindi2014_rhyp,5.0,2015-01-01,1.0,0
340,18,-0.08302783086819066,1,444,5,-0.057292675792358305,0,275,1|0,-0.08125535085839526,-0.06660006246662403,bindi2014_rhyp,5.0,2015-01-01,1.0,0
344,26,0.42952969365971666,1,444,8,0.2702634999675001,0,275,1|0,0.43130217366951207,0.26095611329323437,bindi2014_rhyp,5.0,2015-01-01,1.0,0
345,19,0.040887509262504285,1,444,7,0.294558448328597,0,275,1|0,0.04265998927229968,0.2852510616543313,bindi2014_rhyp,5.0,2015-01-01,1.0,0
346,16,-0.2137722424266073,1,444,6,0.04127097527848883,0,275,1|0,-0.2119997624168119,0.0319635886042231,bindi2014_rhyp,5.0,2015-01-01,1.0,0
352,20,0.4214949681490928,1,444,6,0.41035603545629906,0,275,1|0,0.4232674481588882,0.40104864878203333,bindi2014_rhyp,5.0,2015-01-01,1.0,0
354,29,-0.09000618903163349,1,444,8,-0.0621453850034652,0,275,1|0,-0.0882337090218381,-0.07145277167773093,bindi2014_rhyp,5.0,2015-01-01,1.0,0
13,33,0.03556233029362221,1,443,6,0.059393031183355566,0,298,1|0,0.034356310121731876,0.04008069517035196,bindi2014_rhyp,5.0,2015-01-01,1.0,1
16,18,-0.03967220898948354,1,443,5,0.13410497102077196,0,298,1|0,-0.040878229161373875,0.11479263500776835,bindi2014_rhyp,5.0,2015-01-01,1.0,1
42,27,0.16936898493679803,1,443,10,0.1432928107018417,0,298,1|0,0.1681629647649077,0.12398047468883808,bindi2014_rhyp,5.0,2015-01-01,1.0,1
43,27,-0.3551248276684009,1,443,8,-0.35522029350707685,0,298,1|0,-0.35633084784029123,-0.37453262952008043,bindi2014_rhyp,5.0,2015-01-01,1.0,1
45,28,-0.07098473879135836,1,443,7,-0.18033565075408214,0,298,1|0,-0.0721907589632487,-0.19964798676708576,bindi2014_rhyp,5.0,2015-01-01,1.0,1
46,30,-0.2019431543251169,1,443,5,0.1464521098052826,0,298,1|0,-0.20314917449700723,0.12713977379227898,bindi2014_rhyp,5.0,2015-01-01,1.0,1
67,37,0.014849865064168077,1,443,10,0.0422260411236304,0,298,1|0,0.013643844892277742,0.0229137051106268,bindi2014_rhyp,5.0,2015-01-01,1.0,1
74,28,0.023770811165767958,1,443,7,0.00884109458079635,0,298,1|0,0.022564790993877624,-0.010471241432207255,bindi2014_rhyp,5.0,2015-01-01,1.0,1
75,42,0.08461939345694747,1,443,13,0.09510567727222799,0,298,1|0,0.08341337328505713,0.07579334125922438,bindi2014_rhyp,5.0,2015-01-01,1.0,1
76,27,-0.4284140838623406,1,443,5,-0.537361538421914,0,298,1|0,-0.4296201040342309,-0.5566738744349177,bindi2014_rhyp,5.0,2015-01-01,1.0,1
79,27,-0.11043071714751007,1,443,7,-0.17730549582588934,0,298,1|0,-0.11163673731940041,-0.19661783183889295,bindi2014_rhyp,5.0,2015-01-01,1.0,1
84,21,-0.1458050141361248,1,443,7,-0.24470968104395108,0,298,1|0,-0.14701103430801513,-0.26402201705695466,bindi2014_rhyp,5.0,2015-01-01,1.0,1
87,35,0.3779712832009483,1,443,11,0.2531877333056362,0,298,1|0,0.376765263029058,0.2338753972926326,bindi2014_rhyp,5.0,2015-01-01,1.0,1
88,34,0.15714294552981423,1,443,16,0.21987470510902907,0,298,1|0,0.1559369253579239,0.20056236909602546,bindi2014_rhyp,5.0,2015-01-01,1.0,1
89,41,-0.45644984127059074,1,443,7,-0.36589205221283705,0,298,1|0,-0.45765586144248105,-0.38520438822584063,bindi2014_rhyp,5.0,2015-01-01,1.0,1
91,19,-0.08537176742614039,1,443,5,-0.1004143589740158,0,298,1|0,-0.08657778759803073,-0.1197266949870194,bindi2014_rhyp,5.0,2015-01-01,1.0,1
100,15,-0.048083401536296644,1,443,8,0.17827866474906542,0,298,1|0,-0.04928942170818698,0.1589663287360618,bindi2014_rhyp,5.0,2015-01-01,1.0,1
103,29,0.1050219786891543,1,443,5,0.1809084708102381,0,298,1|0,0.10381595851726397,0.16159613479723448,bindi2014_rhyp,5.0,2015-01-01,1.0,1
115,31,0.1434306119768582,1,443,10,0.31203678464178397,0,298,1|0,0.14222459180496785,0.2927244486287804,bindi2014_rhyp,5.0,2015-01-01,1.0,1
116,27,-0.11854069121336697,1,443,13,-0.09703203004321237,0,298,1|0,-0.1197467113852573,-0.11634436605621598,bindi2014_rhyp,5.0,2015-01-01,1.0,1
120,21,0.1641114975612492,1,443,6,0.15481151166549317,0,298,1|0,0.16290547738935887,0.13549917565248956,bindi2014_rhyp,5.0,2015-01-01,1.0,1
122,24,-0.19967803478195922,1,443,10,-0.14223477155027886,0,298,1|0,-0.20088405495384956,-0.16154710756328247,bindi2014_rhyp,5.0,2015-01-01,1.0,1
136,17,-0.016756106882262922,1,443,6,-0.10364146540671082,0,298,1|0,-0.017962127054153256,-0.12295380141971443,bindi2014_rhyp,5.0,2015-01-01,1.0,1
138,30,-0.04653781593788531,1,443,10,-0.08677696856514744,0,298,1|0,-0.047743836109775645,-0.10608930457815105,bindi2014_rhyp,5.0,2015-01-01,1.0,1
140,19,-0.27431069371937267,1,443,8,-0.16116222154140902,0,298,1|0,-0.275516713891263,-0.18047455755441263,bindi2014_rhyp,5.0,2015-01-01,1.0,1
144,36,0.58554826137162,1,443,9,0.9893697575622851,0,298,1|0,0.5843422411997297,0.9700574215492814,bindi2014_rhyp,5.0,2015-01-01,1.0,1
145,21,0.03633712962170743,1,443,8,0.27376406723026153,0,298,1|0,0.035131109449817094,0.25445173121725795,bindi2014_rhyp,5.0,2015-01-01,1.0,1
147,33,-0.13479400165011446,1,443,10,-0.19458663807746368,0,298,1|0,-0.1360000218220048,-0.2138989740904673,bindi2014_rhyp,5.0,2015-01-01,1.0,1
149,26,0.027259616006652276,1,443,8,0.15363004752790527,0,298,1|0,0.026053595834761942,0.13431771151490166,bindi2014_rhyp,5.0,2015-01-01,1.0,1
151,44,-0.4165997142382428,1,443,13,-0.3426591660896282,0,298,1|0,-0.41780573441013313,-0.3619715021026318,bindi2014_rhyp,5.0,2015-01-01,1.0,1
156,15,0.3740408239641369,1,443,5,0.1273982501681954,0,298,1|0,0.3728348037922466,0.10808591415519178,bindi2014_rhyp,5.0,2015-01-01,1.0,1
159,23,-0.41476089256163096,1,443,10,-0.23779351615635136,0,298,1|0,-0.41596691273352127,-0.25710585216935494,bindi2014_rhyp,5.0,2015-01-01,1.0,1
162,21,0.2889179838759025,1,443,5,0.2533942655765377,0,298,1|0,0.2877119637040122,0.2340819295635341,bindi2014_rhyp,5.0,2015-01-01,1.0,1
165,23,0.07366841726019546,1,443,7,-0.16051741531648372,0,298,1|0,0.07246239708830512,-0.17982975132948734,bindi2014_rhyp,5.0,2015-01-01,1.0,1
170,34,0.37313304019016985,1,443,11,0.36974418838841605,0,298,1|0,0.37192702001827954,0.35043185237541247,bindi2014_rhyp,5.0,2015-01-01,1.0,1
171,25,0.18284181164689783,1,443,10,0.15895919842568657,0,298,1|0,0.1816357914750075,0.13964686241268295,bindi2014_rhyp,5.0,2015-01-01,1.0,1
174,37,0.08287510034894852,1,443,13,0.26917052298052513,0,298,1|0,0.08166908017705818,0.24985818696752152,bindi2014_rhyp,5.0,2015-01-01,1.0,1
175,24,-0.24556597057405116,1,443,11,-0.20155742250391,0,298,1|0,-0.2467719907459415,-0.22086975851691362,bindi2014_rhyp,5.0,2015-01-01,1.0,1
176,27,0.11886348406229941,1,443,11,0.12101137103178747,0,298,1|0,0.11765746389040907,0.10169903501878386,bindi2014_rhyp,5.0,2015-01-01,1.0,1
177,28,0.05698779282131494,1,443,5,-0.013327049657211765,0,298,1|0,0.055781772649424605,-0.03263938567021537,bindi2014_rhyp,5.0,2015-01-01,1.0,1
179,24,0.11451671261965868,1,443,5,0.252768178428783,0,298,1|0,0.11331069244776834,0.2334558424157794,bindi2014_rhyp,5.0,2015-01-01,1.0,1
180,19,-0.21516766857277358,1,443,6,-0.13207318939990081,0,298,1|0,-0.21637368874466392,-0.15138552541290443,bindi2014_rhyp,5.0,2015-01-01,1.0,1
185,31,0.33098091532444657,1,443,6,0.6322828385393002,0,298,1|0,0.32977489515255626,0.6129705025262966,bindi2014_rhyp,5.0,2015-01-01,1.0,1
186,29,-0.3238995825498404,1,443,11,-0.37645636847731445,0,298,1|0,-0.3251056027217307,-0.39576870449031804,bindi2014_rhyp,5.0,2015-01-01,1.0,1
190,24,0.04357972502537566,1,443,6,-0.08347589748442719,0,298,1|0,0.04237370485348532,-0.1027882334974308,bindi2014_rhyp,5.0,2015-01-01,1.0,1
194,16,-0.05559711581069826,1,443,6,-0.03128615277589111,0,298,1|0,-0.0568031359825886,-0.05059848878889472,bindi2014_rhyp,5.0,2015-01-01,1.0,1
197,16,-0.08871665335937517,1,443,8,0.09995362218734517,0,298,1|0,-0.08992267353126551,0.08064128617434158,bindi2014_rhyp,5.0,2015-01-01,1.0,1
199,26,-0.21691945644723687,1,443,11,-0.3143602592265098,0,298,1|0,-0.2181254766191272,-0.33367259523951337,bindi2014_rhyp,5.0,2015-01-01,1.0,1
201,17,-0.05550755459749146,1,443,11,-0.13058464440830947,0,298,1|0,-0.0567135747693818,-0.14989698042131308,bindi2014_rhyp,5.0,2015-01-01,1.0,1
203,17,-0.035207580352089596,1,443,11,-0.024652011384172695,0,298,1|0,-0.03641360052397993,-0.0439643473971763,bindi2014_rhyp,5.0,2015-01-01,1.0,1
274,24,-0.07946415829816278,1,443,9,-0.15899026384823983,0,298,1|0,-0.08067017847005312,-0.17830259986124344,bindi2014_rhyp,5.0,2015-01-01,1.0,1
282,15,0.1106326892533318,1,443,5,0.08377455147441543,0,298,1|0,0.10942666908144147,0.06446221546141181,bindi2014_rhyp,5.0,2015-01-01,1.0,1
288,21,-0.32539424825085905,1,443,9,-0.3493098700072713,0,298,1|0,-0.32660026842274936,-0.3686222060202749,bindi2014_rhyp,5.0,2015-01-01,1.0,1
289,18,0.21938146648757972,1,443,5,0.16711047008049118,0,298,1|0,0.2181754463156894,0.14779813406748757,bindi2014_rhyp,5.0,2015-01-01,1.0,1
297,18,0.035464731306444564,1,443,7,0.022071528185721195,0,298,1|0,0.034258711134554226,0.002759192172717591,bindi2014_rhyp,5.0,2015-01-01,1.0,1
302,22,-0.003828437185020128,1,443,7,-0.07059729866691417,0,298,1|0,-0.005034457356910464,-0.08990963467991778,bindi2014_rhyp,5.0,2015-01-01,1.0,1
304,24,-0.07110430846366755,1,443,5,-0.18935969370360628,0,298,1|0,-0.07231032863555789,-0.2086720297166099,bindi2014_rhyp,5.0,2015-01-01,1.0,1
306,29,0.04760869575989046,1,443,5,-0.03744770947154297,0,298,1|0,0.046402675588000125,-0.05676004548454657,bindi2014_rhyp,5.0,2015-01-01,1.0,1
308,30,-0.17795565860134743,1,443,8,-0.1268799202185933,0,298,1|0,-0.17916167877323777,-0.1461922562315969,bindi2014_rhyp,5.0,2015-01-01,1.0,1
309,23,0.1598437589886847,1,443,9,0.14491333932219638,0,298,1|0,0.15863773881679435,0.12560100330919277,bindi2014_rhyp,5.0,2015-01-01,1.0,1
310,16,0.16795823790103703,1,443,7,0.1774477482471001,0,298,1|0,0.1667522177291467,0.1581354122340965,bindi2014_rhyp,5.0,2015-01-01,1.0,1
333,22,0.03787681254528963,1,443,7,0.08327263555568234,0,298,1|0,0.03667079237339929,0.06396029954267873,bindi2014_rhyp,5.0,2015-01-01,1.0,1
335,21,0.3261991370970523,1,443,7,0.1649322278433095,0,298,1|0,0.324993116925162,0.14561989183030588,bindi2014_rhyp,5.0,2015-01-01,1.0,1
340,17,-0.08684023915876316,1,443,6,-0.024523295855450072,0,298,1|0,-0.08804625933065349,-0.04383563186845368,bindi2014_rhyp,5.0,2015-01-01,1.0,1
344,25,0.4351759107978452,1,443,9,0.29598059455887676,0,298,1|0,0.43396989062595487,0.2766682585458732,bindi2014_rhyp,5.0,2015-01-01,1.0,1
345,20,0.11169584788858788,1,443,6,0.0955813786917544,0,298,1|0,0.11048982771669755,0.07626904267875079,bindi2014_rhyp,5.0,2015-01-01,1.0,1
346,17,-0.1484946047892327,1,443,5,-0.12043624796670521,0,298,1|0,-0.14970062496112305,-0.13974858397970882,bindi2014_rhyp,5.0,2015-01-01,1.0,1
352,20,0.4091859502021663,1,443,6,0.45303135001122696,0,298,1|0,0.407979930030276,0.4337190139982234,bindi2014_rhyp,5.0,2015-01-01,1.0,1
353,16,0.23387154347728406,1,443,5,0.18172370734646223,0,298,1|0,0.23266552330539372,0.16241137133345862,bindi2014_rhyp,5.0,2015-01-01,1.0,1
354,31,-0.06957214503479148,1,443,6,-0.13237024649272922,0,298,1|0,-0.07077816520668181,-0.15168258250573283,bindi2014_rhyp,5.0,2015-01-01,1.0,1
13,32,0.04369996321095426,1,445,7,-0.05669790608575731,0,285,1|0,-0.0030086689580428455,-0.08088377477815152,bindi2014_rhyp,5.0,2015-01-01,1.0,2
16,18,0.05339028214726527,1,445,5,-0.29011164691268737,0,285,1|0,0.006681649978268159,-0.31429751560508157,bindi2014_rhyp,5.0,2015-01-01,1.0,2
25,23,-0.03211029755324568,1,445,7,-0.14466229708334738,0,285,1|0,-0.07881892972224279,-0.16884816577574158,bindi2014_rhyp,5.0,2015-01-01,1.0,2
31,19,0.22353810167033478,1,445,5,0.10195781354185676,0,285,1|0,0.17682946950133765,0.07777194484946255,bindi2014_rhyp,5.0,2015-01-01,1.0,2
40,28,0.03583636493883169,1,445,9,-0.0061674829539127285,0,285,1|0,-0.01087226723016542,-0.030353351646306936,bindi2014_rhyp,5.0,2015-01-01,1.0,2
41,23,0.1617574904093011,1,445,8,-0.053652586406338854,0,285,1|0,0.11504885824030399,-0.07783845509873306,bindi2014_rhyp,5.0,2015-01-01,1.0,2
42,32,0.1749441471932201,1,445,5,0.022126433196469286,0,285,1|0,0.12823551502422298,-0.002059435495924921,bindi2014_rhyp,5.0,2015-01-01,1.0,2
45,29,-0.10095931539464431,1,445,6,-0.07073914057949865,0,285,1|0,-0.14766794756364143,-0.09492500927189286,bindi2014_rhyp,5.0,2015-01-01,1.0,2
46,27,-0.1452149621687322,1,445,8,-0.26660510405936483,0,285,1|0,-0.19192359433772932,-0.290790972751759,bindi2014_rhyp,5.0,2015-01-01,1.0,2
52,22,0.17581119067137851,1,445,8,-0.17714825240471666,0,285,1|0,0.1291025585023814,-0.20133412109711085,bindi2014_rhyp,5.0,2015-01-01,1.0,2
55,22,0.7019579109575709,1,445,5,0.49159510327035794,0,285,1|0,0.6552492787885738,0.46740923457796374,bindi2014_rhyp,5.0,2015-01-01,1.0,2
67,37,0.021771830202831577,1,445,10,-0.037738726978777004,0,285,1|0,-0.02493680196616553,-0.061924595671171215,bindi2014_rhyp,5.0,2015-01-01,1.0,2
74,29,0.022734646415098703,1,445,6,-0.0343787873778737,0,285,1|0,-0.023973985753898405,-0.05856465607026791,bindi2014_rhyp,5.0,2015-01-01,1.0,2
75,44,0.08619523410510838,1,445,11,0.12454279270295082,0,285,1|0,0.03948660193611127,0.10035692401055661,bindi2014_rhyp,5.0,2015-01-01,1.0,2
76,27,-0.4174095493245811,1,445,5,-0.5993842340474058,0,285,1|0,-0.4641181814935782,-0.6235701027398001,bindi2014_rhyp,5.0,2015-01-01,1.0,2
87,38,0.3388060717127743,1,445,8,0.3321892196187794,0,285,1|0,0.2920974395437772,0.3080033509263852,bindi2014_rhyp,5.0,2015-01-01,1.0,2
88,42,0.157973946495104,1,445,8,0.2513023427174951,0,285,1|0,0.11126531432610688,0.22711647402510088,bindi2014_rhyp,5.0,2015-01-01,1.0,2
89,39,-0.4342303291508226,1,445,9,-0.5055697745595846,0,285,1|0,-0.4809389613198197,-0.5297556432519789,bindi2014_rhyp,5.0,2015-01-01,1.0,2
91,18,-0.09266598664525638,1,445,6,-0.18106440737411983,0,285,1|0,-0.1393746188142535,-0.20525027606651403,bindi2014_rhyp,5.0,2015-01-01,1.0,2
103,27,0.1270914470340092,1,445,7,0.05897847847567125,0,285,1|0,0.0803828148650121,0.03479260978327704,bindi2014_rhyp,5.0,2015-01-01,1.0,2
115,33,0.18000995244828377,1,445,8,0.09282246663547578,0,285,1|0,0.13330132027928665,0.06863659794308156,bindi2014_rhyp,5.0,2015-01-01,1.0,2
116,34,-0.1175848610533814,1,445,6,-0.08704229036194949,0,285,1|0,-0.16429349322237852,-0.1112281590543437,bindi2014_rhyp,5.0,2015-01-01,1.0,2
140,21,-0.25038114713631976,1,445,6,-0.1747641501214663,0,285,1|0,-0.2970897793053169,-0.19895001881386049,bindi2014_rhyp,5.0,2015-01-01,1.0,2
144,35,0.6708442756759609,1,445,10,0.5276458831152636,0,285,1|0,0.6241356435069638,0.5034600144228694,bindi2014_rhyp,5.0,2015-01-01,1.0,2
145,22,0.0647631668008769,1,445,7,0.002258778201254197,0,285,1|0,0.018054534631879796,-0.02192709049114001,bindi2014_rhyp,5.0,2015-01-01,1.0,2
147,37,-0.15548130739450583,1,445,6,-0.1517440622890674,0,285,1|0,-0.20218993956350295,-0.1759299309814616,bindi2014_rhyp,5.0,2015-01-01,1.0,2
149,27,0.07698285389082743,1,445,7,-0.07887159690519902,0,285,1|0,0.03027422172183032,-0.10305746559759323,bindi2014_rhyp,5.0,2015-01-01,1.0,2
151,47,-0.38190811092039345,1,445,10,-0.46955753625661906,0,285,1|0,-0.4286167430893906,-0.49374340494901325,bindi2014_rhyp,5.0,2015-01-01,1.0,2
159,27,-0.3521348199100427,1,445,6,-0.39721032430184094,0,285,1|0,-0.3988434520790398,-0.42139619299423514,bindi2014_rhyp,5.0,2015-01-01,1.0,2
161,20,0.37884065882341295,1,445,5,0.30528923729969387,0,285,1|0,0.3321320266544158,0.2811033686072997,bindi2014_rhyp,5.0,2015-01-01,1.0,2
162,21,0.28251853758615,1,445,5,0.2878746853210774,0,285,1|0,0.23580990541715285,0.2636888166286832,bindi2014_rhyp,5.0,2015-01-01,1.0,2
170,37,0.3724288256322975,1,445,8,0.3068258939411327,0,285,1|0,0.3257201934633004,0.2826400252487385,bindi2014_rhyp,5.0,2015-01-01,1.0,2
171,29,0.1770990623324919,1,445,6,0.11459876367298025,0,285,1|0,0.13039043016349477,0.09041289498058604,bindi2014_rhyp,5.0,2015-01-01,1.0,2
174,43,0.11679854446388588,1,445,7,0.20453905567172992,0,285,1|0,0.07008991229488877,0.18035318697933572,bindi2014_rhyp,5.0,2015-01-01,1.0,2
175,28,-0.25977923819215065,1,445,7,-0.11403955762224027,0,285,1|0,-0.3064878703611478,-0.13822542631463447,bindi2014_rhyp,5.0,2015-01-01,1.0,2
176,33,0.11871554167151982,1,445,5,0.07302467166672039,0,285,1|0,0.07200690950252271,0.048838802974326176,bindi2014_rhyp,5.0,2015-01-01,1.0,2
177,26,0.06545516944222995,1,445,7,-0.003412696905620294,0,285,1|0,0.018746537273232847,-0.0275985655980145,bindi2014_rhyp,5.0,2015-01-01,1.0,2
179,22,0.18404413561144256,1,445,7,-0.035952583934998894,0,285,1|0,0.13733550344244544,-0.060138452627393105,bindi2014_rhyp,5.0,2015-01-01,1.0,2
180,19,-0.22017694741673244,1,445,6,-0.10633448574993881,0,285,1|0,-0.26688557958572956,-0.130520354442333,bindi2014_rhyp,5.0,2015-01-01,1.0,2
185,31,0.4233549723130915,1,445,6,0.15437031152443673,0,285,1|0,0.37664634014409437,0.13018444283204253,bindi2014_rhyp,5.0,2015-01-01,1.0,2
186,33,-0.3420257975869857,1,445,7,-0.29767836992213587,0,285,1|0,-0.3887344297559828,-0.32186423861453006,bindi2014_rhyp,5.0,2015-01-01,1.0,2
281,15,0.07254015003683201,1,445,5,0.11320902061052662,0,285,1|0,0.0258315178678349,0.08902315191813241,bindi2014_rhyp,5.0,2015-01-01,1.0,2
282,15,0.051782068427357664,1,445,5,0.2708855186227737,0,285,1|0,0.005073436258360556,0.24669964993037952,bindi2014_rhyp,5.0,2015-01-01,1.0,2
288,24,-0.29191069969707373,1,445,6,-0.4381752153767314,0,285,1|0,-0.33861933186607085,-0.46236108406912557,bindi2014_rhyp,5.0,2015-01-01,1.0,2
289,17,0.17747304008314818,1,445,6,0.3158028767713384,0,285,1|0,0.13076440791415106,0.2916170080789442,bindi2014_rhyp,5.0,2015-01-01,1.0,2
302,23,-0.040697946266852525,1,445,6,0.06369528396808596,0,285,1|0,-0.08740657843584963,0.03950941527569175,bindi2014_rhyp,5.0,2015-01-01,1.0,2
304,22,-0.1673623123306558,1,445,7,0.1612015823220717,0,285,1|0,-0.21407094449965292,0.13701571362967752,bindi2014_rhyp,5.0,2015-01-01,1.0,2
306,25,0.0010369107862864269,1,445,9,0.15902614172610882,0,285,1|0,-0.04567172138271068,0.13484027303371462,bindi2014_rhyp,5.0,2015-01-01,1.0,2
308,30,-0.16758070338377662,1,445,8,-0.15576047176334135,0,285,1|0,-0.21428933555277374,-0.17994634045573554,bindi2014_rhyp,5.0,2015-01-01,1.0,2
309,25,0.1347757137251427,1,445,7,0.23667268119027426,0,285,1|0,0.08806708155614558,0.21248681249788007,bindi2014_rhyp,5.0,2015-01-01,1.0,2
328,15,-0.04642548258576262,1,445,7,0.07660340681123648,0,285,1|0,-0.09313411475475973,0.05241753811884227,bindi2014_rhyp,5.0,2015-01-01,1.0,2
333,22,0.023214637399507687,1,445,7,0.14121848246605617,0,285,1|0,-0.02349399476948942,0.11703261377366196,bindi2014_rhyp,5.0,2015-01-01,1.0,2
335,21,0.25462735072062903,1,445,7,0.3907515348245075,0,285,1|0,0.2079187185516319,0.3665656661321133,bindi2014_rhyp,5.0,2015-01-01,1.0,2
340,17,-0.06964988377032055,1,445,6,-0.049004105966777234,0,285,1|0,-0.11635851593931766,-0.07318997465917144,bindi2014_rhyp,5.0,2015-01-01,1.0,2
344,28,0.3785048678558261,1,445,6,0.5022292958654689,0,285,1|0,0.331796235686829,0.47804342717307474,bindi2014_rhyp,5.0,2015-01-01,1.0,2
345,19,0.13917224627657276,1,445,7,0.03988142244742221,0,285,1|0,0.09246361410757566,0.015695553755028003,bindi2014_rhyp,5.0,2015-01-01,1.0,2
346,17,-0.10892970133564805,1,445,5,-0.23320307361119447,0,285,1|0,-0.15563833350464518,-0.25738894230358866,bindi2014_rhyp,5.0,2015-01-01,1.0,2
352,19,0.3703874294829452,1,445,7,0.5708743228304618,0,285,1|0,0.32367879731394805,0.5466884541380675,bindi2014_rhyp,5.0,2015-01-01,1.0,2
353,15,0.22099528961681297,1,445,6,0.24196627169866242,0,285,1|0,0.17428665744781585,0.21778040300626822,bindi2014_rhyp,5.0,2015-01-01,1.0,2
354,27,-0.10107133163418491,1,445,10,-0.006548284768209511,0,285,1|0,-0.14777996380318204,-0.03073415346060372,bindi2014_rhyp,5.0,2015-01-01,1.0,2
13,29,0.01994612013757724,1,448,10,0.11767138292028545,1,281,1|1,-0.003949740554229902,0.09827892285204523,bindi2014_rhyp,5.0,2015-01-01,1.0,3
25,23,-0.08410059768343997,1,448,7,-0.07716483385184325,1,281,1|1,-0.10799645837524711,-0.09655729392008347,bindi2014_rhyp,5.0,2015-01-01,1.0,3
31,19,0.18748653339919144,1,448,5,0.13649331581205126,1,281,1|1,0.1635906727073843,0.11710085574381104,bindi2014_rhyp,5.0,2015-01-01,1.0,3
40,26,0.024509435953953884,1,448,11,0.09719938555650764,1,281,1|1,0.0006135752621467434,0.07780692548826743,bindi2014_rhyp,5.0,2015-01-01,1.0,3
42,29,0.1606024436794329,1,448,8,0.19125530628329668,1,281,1|1,0.13670658298762578,0.17186284621505646,bindi2014_rhyp,5.0,2015-01-01,1.0,3
43,25,-0.3600109322020476,1,448,10,-0.3123510028124893,1,281,1|1,-0.38390679289385476,-0.3317434628807295,bindi2014_rhyp,5.0,2015-01-01,1.0,3
45,29,-0.08683026649849096,1,448,6,-0.09499366838223167,1,281,1|1,-0.1107261271902981,-0.11438612845047189,bindi2014_rhyp,5.0,2015-01-01,1.0,3
46,27,-0.1428021506665994,1,448,8,-0.32779493109062763,1,281,1|1,-0.16669801135840653,-0.3471873911588678,bindi2014_rhyp,5.0,2015-01-01,1.0,3
47,20,0.05290928801445599,1,448,5,-0.0240563764395606,1,281,1|1,0.02901342732264885,-0.04344883650780081,bindi2014_rhyp,5.0,2015-01-01,1.0,3
52,25,0.08136879621864995,1,448,5,0.03201244477879739,1,281,1|1,0.05747293552684281,0.012619984710557176,bindi2014_rhyp,5.0,2015-01-01,1.0,3
55,22,0.6620801801518553,1,448,5,0.574222234485228,1,281,1|1,0.6381843194600482,0.5548297744169878,bindi2014_rhyp,5.0,2015-01-01,1.0,3
67,36,0.02623751992587925,1,448,11,0.02571057634773577,1,281,1|1,0.0023416592340721083,0.006318116279495557,bindi2014_rhyp,5.0,2015-01-01,1.0,3
73,16,0.09647575757041588,1,448,5,0.2986622837975181,1,281,1|1,0.07257989687860873,0.2792698237292779,bindi2014_rhyp,5.0,2015-01-01,1.0,3
74,26,0.05872663569605857,1,448,9,-0.09056088917998106,1,281,1|1,0.03483077500425143,-0.10995334924822128,bindi2014_rhyp,5.0,2015-01-01,1.0,3
75,48,0.10150996328622688,1,448,7,-0.04607619655633899,1,281,1|1,0.07761410259441974,-0.06546865662457921,bindi2014_rhyp,5.0,2015-01-01,1.0,3
76,26,-0.5084209451225932,1,448,6,-0.286412679942159,1,281,1|1,-0.5323168058144003,-0.3058051400103992,bindi2014_rhyp,5.0,2015-01-01,1.0,3
79,24,-0.1155785968342084,1,448,10,-0.11420014617472873,1,281,1|1,-0.13947445752601553,-0.13359260624296895,bindi2014_rhyp,5.0,2015-01-01,1.0,3
84,20,-0.1929443417034944,1,448,8,-0.10174698818074379,1,281,1|1,-0.21684020239530152,-0.12113944824898401,bindi2014_rhyp,5.0,2015-01-01,1.0,3
87,37,0.3271942132292853,1,448,9,0.45314785800387913,1,281,1|1,0.30329835253747817,0.43375539793563894,bindi2014_rhyp,5.0,2015-01-01,1.0,3
89,40,-0.4423186471697964,1,448,8,-0.5339169431074996,1,281,1|1,-0.46621450786160357,-0.5533094031757398,bindi2014_rhyp,5.0,2015-01-01,1.0,3
90,15,-0.006000177549827013,1,448,5,0.11693468326470191,1,281,1|1,-0.029896038241634153,0.09754222319646169,bindi2014_rhyp,5.0,2015-01-01,1.0,3
91,19,-0.11901417589327479,1,448,5,-0.03062602083788979,1,281,1|1,-0.14291003658508192,-0.05001848090613,bindi2014_rhyp,5.0,2015-01-01,1.0,3
100,16,0.09768952904445538,1,448,7,-0.11048200981029799,1,281,1|1,0.07379366835264824,-0.1298744698785382,bindi2014_rhyp,5.0,2015-01-01,1.0,3
103,26,0.14139932083922604,1,448,8,-0.043650763619361044,1,281,1|1,0.1175034601474189,-0.06304322368760126,bindi2014_rhyp,5.0,2015-01-01,1.0,3
115,35,0.13675319775603573,1,448,6,0.19582306407830352,1,281,1|1,0.11285733706422858,0.1764306040100633,bindi2014_rhyp,5.0,2015-01-01,1.0,3
120,22,0.1523164783038525,1,448,5,0.228455168320377,1,281,1|1,0.12842061761204537,0.20906270825213677,bindi2014_rhyp,5.0,2015-01-01,1.0,3
122,26,-0.16763925417093872,1,448,8,-0.1872510580130473,1,281,1|1,-0.19153511486274585,-0.20664351808128753,bindi2014_rhyp,5.0,2015-01-01,1.0,3
137,16,0.1971063945835296,1,448,5,0.0627137243813134,1,281,1|1,0.17321053389172247,0.043321264313073184,bindi2014_rhyp,5.0,2015-01-01,1.0,3
138,30,-0.06773501900008017,1,448,10,0.0069092006415221174,1,281,1|1,-0.09163087969188731,-0.012483259426718095,bindi2014_rhyp,5.0,2015-01-01,1.0,3
143,15,0.3771475711505528,1,448,5,0.24117815234601597,1,281,1|1,0.35325171045874565,0.22178569227777575,bindi2014_rhyp,5.0,2015-01-01,1.0,3
144,38,0.6508526635111751,1,448,7,0.5273100496498314,1,281,1|1,0.6269568028193679,0.5079175895815912,bindi2014_rhyp,5.0,2015-01-01,1.0,3
145,23,0.08244206120022018,1,448,6,-0.10130469880845183,1,281,1|1,0.05854620050841304,-0.12069715887669205,bindi2014_rhyp,5.0,2015-01-01,1.0,3
147,32,-0.1381018491830115,1,448,11,-0.16565373756788426,1,281,1|1,-0.16199770987481862,-0.18504619763612448,bindi2014_rhyp,5.0,2015-01-01,1.0,3
149,27,0.00808536943421806,1,448,7,0.0908344136548973,1,281,1|1,-0.01581049125758908,0.07144195358665709,bindi2014_rhyp,5.0,2015-01-01,1.0,3
151,49,-0.39224275330075176,1,448,8,-0.5201204978050761,1,281,1|1,-0.4161386139925589,-0.5395129578733163,bindi2014_rhyp,5.0,2015-01-01,1.0,3
161,17,0.3536541865918848,1,448,8,0.44847918598693726,1,281,1|1,0.32975832590007764,0.42908672591869707,bindi2014_rhyp,5.0,2015-01-01,1.0,3
170,36,0.34598633419986397,1,448,9,0.5102237900135359,1,281,1|1,0.3220904735080568,0.4908313299452957,bindi2014_rhyp,5.0,2015-01-01,1.0,3
171,28,0.1658887432115605,1,448,7,0.2547025358774822,1,281,1|1,0.14199288251975337,0.235310075809242,bindi2014_rhyp,5.0,2015-01-01,1.0,3
176,32,0.11439412339684701,1,448,6,0.19109824429074196,1,281,1|1,0.09049826270503987,0.17170578422250174,bindi2014_rhyp,5.0,2015-01-01,1.0,3
177,26,0.06009697474905895,1,448,7,-0.044791509716950895,1,281,1|1,0.03620111405725181,-0.06418396978519111,bindi2014_rhyp,5.0,2015-01-01,1.0,3
179,23,0.13047453740775972,1,448,6,0.05343992103635076,1,281,1|1,0.10657867671595257,0.034047460968110545,bindi2014_rhyp,5.0,2015-01-01,1.0,3
185,29,0.3642700810114262,1,448,8,0.36147239446508617,1,281,1|1,0.34037422031961906,0.342079934396846,bindi2014_rhyp,5.0,2015-01-01,1.0,3
186,34,-0.31534926739578517,1,448,6,-0.4992945853429721,1,281,1|1,-0.33924512808759233,-0.5186870454112124,bindi2014_rhyp,5.0,2015-01-01,1.0,3
190,24,-0.021872654965442162,1,448,6,0.17935429284799015,1,281,1|1,-0.045768515657249306,0.15996183277974993,bindi2014_rhyp,5.0,2015-01-01,1.0,3
199,32,-0.25499641688645913,1,448,5,-0.17288353499722053,1,281,1|1,-0.2788922775782663,-0.19227599506546075,bindi2014_rhyp,5.0,2015-01-01,1.0,3
201,22,-0.09534090285448577,1,448,6,0.0013848066488363342,1,281,1|1,-0.11923676354629291,-0.018007653419403878,bindi2014_rhyp,5.0,2015-01-01,1.0,3
203,23,-0.03256690833636655,1,448,5,0.04323738568121405,1,281,1|1,-0.056462769028173695,0.023844925612973834,bindi2014_rhyp,5.0,2015-01-01,1.0,3
354,31,-0.04817392463854275,1,448,6,-0.26216650421886556,1,281,1|1,-0.0720697853303499,-0.28155896428710575,bindi2014_rhyp,5.0,2015-01-01,1.0,3
13,30,0.048074382117911596,1,447,9,0.012095582949078865,1,291,1|1,0.027615856395765657,-0.02617461719064646,bindi2014_rhyp,5.0,2015-01-01,1.0,4
16,18,-0.05153894251537339,1,447,5,0.06017862722810563,1,291,1|1,-0.07199746823751932,0.021908427088380304,bindi2014_rhyp,5.0,2015-01-01,1.0,4
40,29,0.05755331811129338,1,447,8,-0.02457597352437238,1,291,1|1,0.037094792389147445,-0.0628461736640977,bindi2014_rhyp,5.0,2015-01-01,1.0,4
41,23,0.08423796219887092,1,447,8,0.16855745603699912,1,291,1|1,0.06377943647672499,0.1302872558972738,bindi2014_rhyp,5.0,2015-01-01,1.0,4
42,30,0.1338193675043649,1,447,7,0.27759682030578414,1,291,1|1,0.11336084178221897,0.23932662016605882,bindi2014_rhyp,5.0,2015-01-01,1.0,4
43,28,-0.3520248704750055,1,447,7,-0.34808344749018555,1,291,1|1,-0.3724833961971515,-0.38635364762991087,bindi2014_rhyp,5.0,2015-01-01,1.0,4
45,27,-0.1313380593809308,1,447,8,0.052936540029761,1,291,1|1,-0.15179658510307673,0.014666339890035678,bindi2014_rhyp,5.0,2015-01-01,1.0,4
46,29,-0.21302552608507486,1,447,6,0.00017015463316993884,1,291,1|1,-0.2334840518072208,-0.03810004550655539,bindi2014_rhyp,5.0,2015-01-01,1.0,4
47,18,0.013343705197945699,1,447,7,0.14497266840022716,1,291,1|1,-0.00711482052420024,0.10670246826050184,bindi2014_rhyp,5.0,2015-01-01,1.0,4
48,18,-0.1154703114289719,1,447,7,0.04453671625523936,1,291,1|1,-0.13592883715111784,0.006266516115514036,bindi2014_rhyp,5.0,2015-01-01,1.0,4
52,23,0.030269080517649982,1,447,7,0.2458982003278643,1,291,1|1,0.009810554795504044,0.20762800018813898,bindi2014_rhyp,5.0,2015-01-01,1.0,4
55,20,0.6333367749510043,1,447,7,0.7296067715003132,1,291,1|1,0.6128782492288584,0.6913365713605878,bindi2014_rhyp,5.0,2015-01-01,1.0,4
56,15,0.5888275548844999,1,447,7,0.7077647973014793,1,291,1|1,0.568369029162354,0.669494597161754,bindi2014_rhyp,5.0,2015-01-01,1.0,4
67,40,0.0028631383804106347,1,447,7,0.11450946684314978,1,291,1|1,-0.017595387341735304,0.07623926670342446,bindi2014_rhyp,5.0,2015-01-01,1.0,4
74,28,-0.012853445473348768,1,447,7,0.16081205060245501,1,291,1|1,-0.033311971195494706,0.1225418504627297,bindi2014_rhyp,5.0,2015-01-01,1.0,4
75,42,0.08684973441157351,1,447,13,0.10706732656243684,1,291,1|1,0.06639120868942758,0.06879712642271152,bindi2014_rhyp,5.0,2015-01-01,1.0,4
76,25,-0.4565699492200843,1,447,7,-0.43890718744259904,1,291,1|1,-0.4770284749422303,-0.47717738758232436,bindi2014_rhyp,5.0,2015-01-01,1.0,4
79,26,-0.13067811296632892,1,447,8,-0.08466169074942348,1,291,1|1,-0.15113663868847485,-0.1229318908891488,bindi2014_rhyp,5.0,2015-01-01,1.0,4
87,36,0.3607702399802544,1,447,10,0.31261295235679265,1,291,1|1,0.34031171425810847,0.27434275221706733,bindi2014_rhyp,5.0,2015-01-01,1.0,4
88,39,0.1929572749444986,1,447,11,0.11943552402619334,1,291,1|1,0.17249874922235267,0.08116532388646802,bindi2014_rhyp,5.0,2015-01-01,1.0,4
89,36,-0.4642052497550533,1,447,12,-0.3954266505444046,1,291,1|1,-0.48466377547719924,-0.43369685068412994,bindi2014_rhyp,5.0,2015-01-01,1.0,4
90,15,0.016835136614156032,1,447,5,0.032008851983479414,1,291,1|1,-0.0036233891079899064,-0.006261348156245912,bindi2014_rhyp,5.0,2015-01-01,1.0,4
103,26,0.06921938055118887,1,447,8,0.25724874885299476,1,291,1|1,0.04876085482904293,0.21897854871326944,bindi2014_rhyp,5.0,2015-01-01,1.0,4
115,33,0.16071401058927298,1,447,8,0.14002058925714833,1,291,1|1,0.14025548486712705,0.10175038911742301,bindi2014_rhyp,5.0,2015-01-01,1.0,4
116,32,-0.11071393997390377,1,447,8,-0.0807442322629853,1,291,1|1,-0.1311724656960497,-0.11901443240271062,bindi2014_rhyp,5.0,2015-01-01,1.0,4
120,19,0.16133075481424136,1,447,8,0.17951629535565122,1,291,1|1,0.14087222909209543,0.1412460952159259,bindi2014_rhyp,5.0,2015-01-01,1.0,4
122,27,-0.17947558193532687,1,447,7,-0.15965282515771567,1,291,1|1,-0.1999341076574728,-0.197923025297441,bindi2014_rhyp,5.0,2015-01-01,1.0,4
136,16,-0.06971197003571838,1,447,7,0.0471790072825411,1,291,1|1,-0.09017049575786432,0.00890880714281577,bindi2014_rhyp,5.0,2015-01-01,1.0,4
137,16,0.17267307960616712,1,447,5,0.17359943754250284,1,291,1|1,0.1522145538840212,0.13532923740277752,bindi2014_rhyp,5.0,2015-01-01,1.0,4
138,31,-0.057461573742959904,1,447,9,-0.04068415680787818,1,291,1|1,-0.07792009946510584,-0.0789543569476035,bindi2014_rhyp,5.0,2015-01-01,1.0,4
140,21,-0.20164284062563698,1,447,6,-0.3328609400791761,1,291,1|1,-0.2221013663477829,-0.3711311402189014,bindi2014_rhyp,5.0,2015-01-01,1.0,4
143,15,0.31503821122195635,1,447,5,0.4602145819703566,1,291,1|1,0.2945796854998104,0.42194438183063127,bindi2014_rhyp,5.0,2015-01-01,1.0,4
144,36,0.6410431995815866,1,447,9,0.6114253917645517,1,291,1|1,0.6205846738594407,0.5731551916248263,bindi2014_rhyp,5.0,2015-01-01,1.0,4
147,34,-0.1435193013912558,1,447,9,-0.1525285319820499,1,291,1|1,-0.16397782711340173,-0.19079873212177523,bindi2014_rhyp,5.0,2015-01-01,1.0,4
149,28,0.04936566709882034,1,447,6,-0.012277578888679946,1,291,1|1,0.028907141376674404,-0.05054777902840527,bindi2014_rhyp,5.0,2015-01-01,1.0,4
151,42,-0.4043762528465711,1,447,15,-0.39953483138897594,1,291,1|1,-0.42483477856871704,-0.43780503152870126,bindi2014_rhyp,5.0,2015-01-01,1.0,4
159,26,-0.34793692122061803,1,447,7,-0.3971159525993453,1,291,1|1,-0.368395446942764,-0.4353861527390706,bindi2014_rhyp,5.0,2015-01-01,1.0,4
161,20,0.38986971443618257,1,447,5,0.3168711481790799,1,291,1|1,0.3694111887140366,0.2786009480393546,bindi2014_rhyp,5.0,2015-01-01,1.0,4
162,19,0.2957267549405383,1,447,7,0.2582456838843642,1,291,1|1,0.27526822921839234,0.21997548374463888,bindi2014_rhyp,5.0,2015-01-01,1.0,4
165,19,0.0008752406001479862,1,447,11,0.0672806278646026,1,291,1|1,-0.019583285121997952,0.029010427724877268,bindi2014_rhyp,5.0,2015-01-01,1.0,4
170,35,0.39164801089772383,1,447,10,0.31423709980685255,1,291,1|1,0.37118948517557787,0.27596689966712723,bindi2014_rhyp,5.0,2015-01-01,1.0,4
171,29,0.17995903396562496,1,447,6,0.16837094194275892,1,291,1|1,0.15950050824347903,0.1301007418030336,bindi2014_rhyp,5.0,2015-01-01,1.0,4
174,36,0.16757552491709615,1,447,14,0.04351567349261809,1,291,1|1,0.14711699919495022,0.005245473352892764,bindi2014_rhyp,5.0,2015-01-01,1.0,4
175,26,-0.1723034669249225,1,447,9,-0.41227576337414334,1,291,1|1,-0.19276199264706842,-0.45054596351386866,bindi2014_rhyp,5.0,2015-01-01,1.0,4
176,30,0.12795257084664635,1,447,8,0.108170029254469,1,291,1|1,0.10749404512450042,0.06989982911474368,bindi2014_rhyp,5.0,2015-01-01,1.0,4
177,25,-0.00498693114428006,1,447,8,0.22446642067208772,1,291,1|1,-0.025445456866426,0.1861962205323624,bindi2014_rhyp,5.0,2015-01-01,1.0,4
185,28,0.3405378339077749,1,447,9,0.482887144500624,1,291,1|1,0.32007930818562896,0.44461694436089866,bindi2014_rhyp,5.0,2015-01-01,1.0,4
186,32,-0.37837004138664054,1,447,8,-0.15539419352674827,1,291,1|1,-0.3988285671087865,-0.1936643936664736,bindi2014_rhyp,5.0,2015-01-01,1.0,4
190,21,-0.02849485300266863,1,447,9,0.12589878077561972,1,291,1|1,-0.04895337872481457,0.0876285806358944,bindi2014_rhyp,5.0,2015-01-01,1.0,4
199,29,-0.27660343999939363,1,447,8,-0.11742620286781971,1,291,1|1,-0.2970619657215396,-0.15569640300754503,bindi2014_rhyp,5.0,2015-01-01,1.0,4
204,17,0.256081811724995,1,447,5,0.32378360460710687,1,291,1|1,0.23562328600284907,0.28551340446738155,bindi2014_rhyp,5.0,2015-01-01,1.0,4
274,23,-0.08902590223170925,1,447,10,-0.12947243561235233,1,291,1|1,-0.10948442795385518,-0.16774263575207765,bindi2014_rhyp,5.0,2015-01-01,1.0,4
288,20,-0.3855712509762058,1,447,10,-0.1940934026637257,1,291,1|1,-0.4060297766983518,-0.23236360280345103,bindi2014_rhyp,5.0,2015-01-01,1.0,4
297,19,0.06280769576854328,1,447,6,-0.07313582755807724,1,291,1|1,0.04234917004639734,-0.11140602769780256,bindi2014_rhyp,5.0,2015-01-01,1.0,4
302,22,0.02345481593870069,1,447,7,-0.14379338595134725,1,291,1|1,0.002996290216554752,-0.18206358609107257,bindi2014_rhyp,5.0,2015-01-01,1.0,4
304,23,-0.06919606709206028,1,447,6,-0.16121349991101505,1,291,1|1,-0.08965459281420621,-0.19948370005074037,bindi2014_rhyp,5.0,2015-01-01,1.0,4
306,26,0.06229069231786033,1,447,8,-0.048033343523369465,1,291,1|1,0.04183216659571439,-0.08630354366309478,bindi2014_rhyp,5.0,2015-01-01,1.0,4
308,28,-0.13785508969364468,1,447,10,-0.24406546783530114,1,291,1|1,-0.15831361541579062,-0.28233566797502646,bindi2014_rhyp,5.0,2015-01-01,1.0,4
309,25,0.19865570630994822,1,447,7,-0.02377715979050951,1,291,1|1,0.1781971805878023,-0.06204735993023484,bindi2014_rhyp,5.0,2015-01-01,1.0,4
333,23,0.07993621302426995,1,447,6,-0.08230393383666668,1,291,1|1,0.059477687302124015,-0.120574133976392,bindi2014_rhyp,5.0,2015-01-01,1.0,4
335,21,0.31586193778168015,1,447,7,0.1486589914800398,1,291,1|1,0.2954034120595342,0.11038879134031448,bindi2014_rhyp,5.0,2015-01-01,1.0,4
344,26,0.3783481181634464,1,447,8,0.44391553682346907,1,291,1|1,0.3578895924413004,0.40564533668374375,bindi2014_rhyp,5.0,2015-01-01,1.0,4
346,17,-0.09076464968895137,1,447,5,-0.33677150971621905,1,291,1|1,-0.1112231754110973,-0.37504170985594437,bindi2014_rhyp,5.0,2015-01-01,1.0,4
354,30,-0.07818021567293454,1,447,7,-0.07760694912057708,1,291,1|1,-0.09863874139508047,-0.1158771492603024,bindi2014_rhyp,5.0,2015-01-01,1.0,4
13,32,0.06236549506009781,1,444,7,0.04615754199466183,0,275,1|0,0.09222117907439914,0.044263021394181645,bindi2014_rhyp,5.0,2015-01-01,2.0,0
16,18,-0.2977712580913988,1,444,5,-0.03628924489746298,0,275,1|0,-0.2679155740770975,-0.03818376549794316,bindi2014_rhyp,5.0,2015-01-01,2.0,0
17,15,-0.09495903938365324,1,444,5,0.012449572911079586,0,275,1|0,-0.06510335536935191,0.010555052310599406,bindi2014_rhyp,5.0,2015-01-01,2.0,0
25,22,-0.08977951128344186,1,444,8,-0.061026392896958236,0,275,1|0,-0.059923827269140535,-0.06292091349743842,bindi2014_rhyp,5.0,2015-01-01,2.0,0
31,18,0.11248340118544564,1,444,6,0.1303644178687961,0,275,1|0,0.14233908519974697,0.12846989726831592,bindi2014_rhyp,5.0,2015-01-01,2.0,0
40,32,-0.10329648690119553,1,444,5,-0.1328679611181626,0,275,1|0,-0.0734408028868942,-0.13476248171864277,bindi2014_rhyp,5.0,2015-01-01,2.0,0
41,23,0.21370460406258912,1,444,8,0.16122770038701528,0,275,1|0,0.24356028807689045,0.1593331797865351,bindi2014_rhyp,5.0,2015-01-01,2.0,0
42,30,0.11626993552377651,1,444,7,0.026722573006080143,0,275,1|0,0.14612561953807784,0.024828052405599963,bindi2014_rhyp,5.0,2015-01-01,2.0,0
43,27,-0.2781085850808088,1,444,8,-0.35414585993612313,0,275,1|0,-0.2482529010665075,-0.3560403805366033,bindi2014_rhyp,5.0,2015-01-01,2.0,0
45,27,-0.06075751626896597,1,444,8,-0.07051828459018522,0,275,1|0,-0.030901832254664648,-0.0724128051906654,bindi2014_rhyp,5.0,2015-01-01,2.0,0
46,27,-0.046528876989084145,1,444,8,-0.14856311533969052,0,275,1|0,-0.01667319297478282,-0.1504576359401707,bindi2014_rhyp,5.0,2015-01-01,2.0,0
47,18,0.10206870913972876,1,444,7,-0.04174598868195863,0,275,1|0,0.1319243931540301,-0.043640509282438816,bindi2014_rhyp,5.0,2015-01-01,2.0,0
48,18,-0.1038578919840154,1,444,7,-0.20509847043679255,0,275,1|0,-0.07400220796971407,-0.20699299103727273,bindi2014_rhyp,5.0,2015-01-01,2.0,0
52,24,0.12069843636497868,1,444,6,0.13227686438217331,0,275,1|0,0.15055412037928,0.13038234378169314,bindi2014_rhyp,5.0,2015-01-01,2.0,0
55,20,0.45308609352904405,1,444,7,0.4039995281704748,0,275,1|0,0.4829417775433454,0.4021050075699946,bindi2014_rhyp,5.0,2015-01-01,2.0,0
67,38,-0.041145979560707535,1,444,9,-0.08221061601600753,0,275,1|0,-0.01129029554640621,-0.0841051366164877,bindi2014_rhyp,5.0,2015-01-01,2.0,0
74,29,-0.08370175267763358,1,444,6,-0.11163540050445087,0,275,1|0,-0.053846068663332254,-0.11352992110493104,bindi2014_rhyp,5.0,2015-01-01,2.0,0
75,44,0.05236684267675262,1,444,11,0.09332339944199186,0,275,1|0,0.08222252669105395,0.09142887884151168,bindi2014_rhyp,5.0,2015-01-01,2.0,0
76,23,-0.4810986103320476,1,444,9,-0.37574715879371157,0,275,1|0,-0.45124292631774626,-0.37764167939419174,bindi2014_rhyp,5.0,2015-01-01,2.0,0
79,26,-0.13465041471985761,1,444,8,-0.020612871064262465,0,275,1|0,-0.10479473070555628,-0.022507391664742644,bindi2014_rhyp,5.0,2015-01-01,2.0,0
84,20,-0.22074961084431055,1,444,8,-0.25982382849283164,0,275,1|0,-0.19089392683000922,-0.2617183490933118,bindi2014_rhyp,5.0,2015-01-01,2.0,0
87,38,0.3963535660647409,1,444,8,0.5480415392904291,0,275,1|0,0.42620925007904226,0.5461470186899489,bindi2014_rhyp,5.0,2015-01-01,2.0,0
88,38,0.1295100771368619,1,444,12,0.0850186485306414,0,275,1|0,0.15936576115116324,0.08312412793016122,bindi2014_rhyp,5.0,2015-01-01,2.0,0
89,36,-0.36785846711473225,1,444,12,-0.3374210817874524,0,275,1|0,-0.3380027831004309,-0.33931560238793257,bindi2014_rhyp,5.0,2015-01-01,2.0,0
91,18,-0.1226701604808641,1,444,6,-0.19497692026761973,0,275,1|0,-0.09281447646656277,-0.1968714408680999,bindi2014_rhyp,5.0,2015-01-01,2.0,0
103,28,0.2966655896911376,1,444,6,0.19507728040510008,0,275,1|0,0.32652127370543893,0.1931827598046199,bindi2014_rhyp,5.0,2015-01-01,2.0,0
113,17,-0.20384386824537404,1,444,5,-0.1121440066431788,0,275,1|0,-0.1739881842310727,-0.11403852724365898,bindi2014_rhyp,5.0,2015-01-01,2.0,0
115,32,-0.14554213500386315,1,444,9,-0.10619736278347477,0,275,1|0,-0.11568645098956182,-0.10809188338395495,bindi2014_rhyp,5.0,2015-01-01,2.0,0
116,30,-0.049627725130159006,1,444,10,-0.04994429818223457,0,275,1|0,-0.01977204111585768,-0.051838818782714756,bindi2014_rhyp,5.0,2015-01-01,2.0,0
122,26,-0.1595593244588397,1,444,8,-0.20600505957648194,0,275,1|0,-0.12970364044453836,-0.2078995801769621,bindi2014_rhyp,5.0,2015-01-01,2.0,0
130,15,-0.42505796854620037,1,444,6,-0.28569805343741483,0,275,1|0,-0.39520228453189904,-0.287592574037895,bindi2014_rhyp,5.0,2015-01-01,2.0,0
138,32,-0.10283417312028242,1,444,8,-0.061611251234632354,0,275,1|0,-0.07297848910598109,-0.06350577183511254,bindi2014_rhyp,5.0,2015-01-01,2.0,0
140,21,-0.1787494546030537,1,444,6,-0.06999654403232435,0,275,1|0,-0.14889377058875236,-0.07189106463280452,bindi2014_rhyp,5.0,2015-01-01,2.0,0
144,35,0.3984479993732991,1,444,10,0.3130510855955135,0,275,1|0,0.42830368338760044,0.3111565649950333,bindi2014_rhyp,5.0,2015-01-01,2.0,0
145,24,-0.0362803435755652,1,444,5,-0.016093710989521275,0,275,1|0,-0.006424659561263875,-0.017988231590001454,bindi2014_rhyp,5.0,2015-01-01,2.0,0
147,36,-0.1000914349763139,1,444,7,-0.08276947758534231,0,275,1|0,-0.07023575096201257,-0.08466399818582249,bindi2014_rhyp,5.0,2015-01-01,2.0,0
149,28,-0.20200649249296554,1,444,6,-0.03879011930268557,0,275,1|0,-0.1721508084786642,-0.04068463990316575,bindi2014_rhyp,5.0,2015-01-01,2.0,0
151,46,-0.4259075073613978,1,444,11,-0.31941245496371146,0,275,1|0,-0.3960518233470965,-0.32130697556419163,bindi2014_rhyp,5.0,2015-01-01,2.0,0
159,26,-0.36957769190708767,1,444,7,-0.28606784085631976,0,275,1|0,-0.33972200789278634,-0.28796236145679993,bindi2014_rhyp,5.0,2015-01-01,2.0,0
162,21,0.3403510238222981,1,444,5,0.32146056748956203,0,275,1|0,0.3702067078365994,0.31956604688908186,bindi2014_rhyp,5.0,2015-01-01,2.0,0
170,38,0.46307904117281407,1,444,7,0.5836781139612861,0,275,1|0,0.4929347251871154,0.5817835933608059,bindi2014_rhyp,5.0,2015-01-01,2.0,0
171,29,0.37563236796070093,1,444,6,0.45747221752289524,0,275,1|0,0.40548805197500226,0.45557769692241507,bindi2014_rhyp,5.0,2015-01-01,2.0,0
174,38,-0.0490464466616467,1,444,12,-0.008548847010213412,0,275,1|0,-0.01919076264734538,-0.010443367610693591,bindi2014_rhyp,5.0,2015-01-01,2.0,0
175,29,-0.21266654097087245,1,444,6,-0.04556604029310626,0,275,1|0,-0.18281085695657112,-0.04746056089358644,bindi2014_rhyp,5.0,2015-01-01,2.0,0
176,30,0.16053682518528284,1,444,8,0.29377632736997406,0,275,1|0,0.19039250919958417,0.2918818067694939,bindi2014_rhyp,5.0,2015-01-01,2.0,0
177,27,0.2690619398229516,1,444,6,0.2281497292305216,0,275,1|0,0.29891762383725295,0.22625520863004142,bindi2014_rhyp,5.0,2015-01-01,2.0,0
179,22,-0.10069131858907265,1,444,7,-0.19646676032817356,0,275,1|0,-0.07083563457477132,-0.19836128092865374,bindi2014_rhyp,5.0,2015-01-01,2.0,0
180,19,-0.3201434355418068,1,444,6,-0.2739194863201907,0,275,1|0,-0.29028775152750547,-0.2758140069206709,bindi2014_rhyp,5.0,2015-01-01,2.0,0
185,29,0.2338978598153168,1,444,8,0.1177272947828579,0,275,1|0,0.26375354382961813,0.11583277418237772,bindi2014_rhyp,5.0,2015-01-01,2.0,0
186,32,-0.32172961279781764,1,444,8,-0.2911857464024621,0,275,1|0,-0.2918739287835163,-0.29308026700294226,bindi2014_rhyp,5.0,2015-01-01,2.0,0
190,25,-0.0064508087451559115,1,444,5,-0.08093929592263609,0,275,1|0,0.023404875269145413,-0.08283381652311626,bindi2014_rhyp,5.0,2015-01-01,2.0,0
194,16,-0.21116454552753106,1,444,6,-0.09948434668899245,0,275,1|0,-0.18130886151322972,-0.10137886728947262,bindi2014_rhyp,5.0,2015-01-01,2.0,0
197,17,-0.10645747126668326,1,444,7,-0.14027268154892983,0,275,1|0,-0.07660178725238193,-0.14216720214941,bindi2014_rhyp,5.0,2015-01-01,2.0,0
199,28,-0.13339945133703635,1,444,9,-0.16802411664311473,0,275,1|0,-0.10354376732273501,-0.1699186372435949,bindi2014_rhyp,5.0,2015-01-01,2.0,0
201,23,0.08437880741918824,1,444,5,0.08777849335187854,0,275,1|0,0.11423449143348957,0.08588397275139836,bindi2014_rhyp,5.0,2015-01-01,2.0,0
203,22,-0.04476603677098634,1,444,6,0.0787761951246305,0,275,1|0,-0.014910352756685015,0.07688167452415032,bindi2014_rhyp,5.0,2015-01-01,2.0,0
274,27,-0.12139645079621941,1,444,6,-0.03320090870471719,0,275,1|0,-0.09154076678191808,-0.03509542930519737,bindi2014_rhyp,5.0,2015-01-01,2.0,0
282,15,0.10975733294607992,1,444,5,0.06697142695751881,0,275,1|0,0.13961301696038125,0.06507690635703864,bindi2014_rhyp,5.0,2015-01-01,2.0,0
289,17,0.10857780191107591,1,444,6,0.1379047315748836,0,275,1|0,0.13843348592537724,0.1360102109744034,bindi2014_rhyp,5.0,2015-01-01,2.0,0
297,19,-0.06384620936109786,1,444,6,0.1091455049956781,0,275,1|0,-0.03399052534679654,0.10725098439519792,bindi2014_rhyp,5.0,2015-01-01,2.0,0
302,22,-0.1128954615222334,1,444,7,0.08379188752374689,0,275,1|0,-0.08303977750793207,0.08189736692326671,bindi2014_rhyp,5.0,2015-01-01,2.0,0
304,20,-0.046683406847583764,1,444,9,-0.08654520038505067,0,275,1|0,-0.01682772283328244,-0.08843972098553085,bindi2014_rhyp,5.0,2015-01-01,2.0,0
306,25,-0.17443465232742839,1,444,9,-0.03824724475343589,0,275,1|0,-0.14457896831312705,-0.04014176535391607,bindi2014_rhyp,5.0,2015-01-01,2.0,0
308,29,-0.28032753950023936,1,444,9,-0.1098870859748983,0,275,1|0,-0.25047185548593803,-0.11178160657537847,bindi2014_rhyp,5.0,2015-01-01,2.0,0
309,26,0.22658092803669538,1,444,6,0.23235073349845012,0,275,1|0,0.2564366120509967,0.23045621289796994,bindi2014_rhyp,5.0,2015-01-01,2.0,0
310,17,0.1418028836896002,1,444,6,0.3249549520123646,0,275,1|0,0.17165856770390153,0.3230604314118844,bindi2014_rhyp,5.0,2015-01-01,2.0,0
328,17,-0.0936906377107859,1,444,5,0.037578424452911076,0,275,1|0,-0.06383495369648456,0.03568390385243089,bindi2014_rhyp,5.0,2015-01-01,2.0,0
333,24,-0.07043075398586918,1,444,5,0.10879706925579027,0,275,1|0,-0.04057506997156785,0.1069025486553101,bindi2014_rhyp,5.0,2015-01-01,2.0,0
335,23,0.13216148109915216,1,444,5,0.19566291998985988,0,275,1|0,0.1620171651134535,0.1937683993893797,bindi2014_rhyp,5.0,2015-01-01,2.0,0
340,18,-0.06146608339503867,1,444,5,-0.07160852938681096,0,275,1|0,-0.03161039938073735,-0.07350304998729114,bindi2014_rhyp,5.0,2015-01-01,2.0,0
344,26,0.4200594679921704,1,444,8,0.4193466897758209,0,275,1|0,0.44991515200647175,0.4174521691753407,bindi2014_rhyp,5.0,2015-01-01,2.0,0
345,19,-0.0003582498855451144,1,444,7,0.13127820142417373,0,275,1|0,0.02949743412875621,0.12938368082369356,bindi2014_rhyp,5.0,2015-01-01,2.0,0
346,16,-0.212636763460066,1,444,6,0.022758643958799986,0,275,1|0,-0.18278107944576466,0.020864123358319806,bindi2014_rhyp,5.0,2015-01-01,2.0,0
352,20,0.5319735972827437,1,444,6,0.5298145756812809,0,275,1|0,0.561829281297045,0.5279200550808006,bindi2014_rhyp,5.0,2015-01-01,2.0,0
354,29,-0.10115219297326972,1,444,8,-0.06867388759295488,0,275,1|0,-0.07129650895896839,-0.07056840819343506,bindi2014_rhyp,5.0,2015-01-01,2.0,0
13,33,0.038693727716978876,1,443,6,0.1473057366369641,0,298,1|0,0.05122236679478587,0.1419279071490282,bindi2014_rhyp,5.0,2015-01-01,2.0,1
16,18,-0.2603186622666115,1,443,5,-0.08286372059257627,0,298,1|0,-0.2477900231888045,-0.08824155008051218,bindi2014_rhyp,5.0,2015-01-01,2.0,1
42,27,0.07602129785800515,1,443,10,0.15778739885332085,0,298,1|0,0.08854993693581215,0.15240956936538494,bindi2014_rhyp,5.0,2015-01-01,2.0,1
43,27,-0.32409775401435004,1,443,8,-0.22257566462573683,0,298,1|0,-0.31156911493654305,-0.22795349411367274,bindi2014_rhyp,5.0,2015-01-01,2.0,1
45,28,-0.04582626046244642,1,443,7,-0.1531725242930306,0,298,1|0,-0.03329762138463943,-0.15855035378096652,bindi2014_rhyp,5.0,2015-01-01,2.0,1
46,30,-0.08468813433334577,1,443,5,0.1291227542416701,0,298,1|0,-0.07215949525553877,0.12374492475373419,bindi2014_rhyp,5.0,2015-01-01,2.0,1
67,37,-0.053416889000303724,1,443,10,-0.05342149508635727,0,298,1|0,-0.04088824992249673,-0.05879932457429318,bindi2014_rhyp,5.0,2015-01-01,2.0,1
74,28,-0.12467075529338567,1,443,7,0.03357487620671326,0,298,1|0,-0.11214211621557868,0.028197046718777347,bindi2014_rhyp,5.0,2015-01-01,2.0,1
75,42,0.0509777289807577,1,443,13,0.10066205933537556,0,298,1|0,0.06350636805856469,0.09528422984743964,bindi2014_rhyp,5.0,2015-01-01,2.0,1
76,27,-0.42037932163907266,1,443,5,-0.6104845827434304,0,298,1|0,-0.40785068256126566,-0.6158624122313664,bindi2014_rhyp,5.0,2015-01-01,2.0,1
79,27,-0.1278482570113475,1,443,7,-0.05622746587366942,0,298,1|0,-0.11531961793354051,-0.06160529536160533,bindi2014_rhyp,5.0,2015-01-01,2.0,1
84,21,-0.22214018942214198,1,443,7,-0.27610325406524383,0,298,1|0,-0.20961155034433498,-0.28148108355317975,bindi2014_rhyp,5.0,2015-01-01,2.0,1
87,35,0.4313399385672562,1,443,11,0.37777965077899434,0,298,1|0,0.4438685776450632,0.3724018212910584,bindi2014_rhyp,5.0,2015-01-01,2.0,1
88,34,0.10502332808785808,1,443,16,0.14132086999187907,0,298,1|0,0.11755196716566507,0.13594304050394315,bindi2014_rhyp,5.0,2015-01-01,2.0,1
89,41,-0.3758844202704411,1,443,7,-0.23936737520488136,0,298,1|0,-0.3633557811926341,-0.24474520469281727,bindi2014_rhyp,5.0,2015-01-01,2.0,1
91,19,-0.18414651537896232,1,443,5,0.035878771404279336,0,298,1|0,-0.17161787630115533,0.03050094191634342,bindi2014_rhyp,5.0,2015-01-01,2.0,1
100,15,-0.028908617861422847,1,443,8,0.11025717354978698,0,298,1|0,-0.016379978783615856,0.10487934406185107,bindi2014_rhyp,5.0,2015-01-01,2.0,1
103,29,0.2659285414638708,1,443,5,0.3975906974442176,0,298,1|0,0.2784571805416778,0.3922128679562817,bindi2014_rhyp,5.0,2015-01-01,2.0,1
115,31,-0.1391338039805864,1,443,10,-0.04594292732386415,0,298,1|0,-0.1266051649027794,-0.05132075681180007,bindi2014_rhyp,5.0,2015-01-01,2.0,1
116,27,-0.03577827186586369,1,443,13,-0.09288819872345924,0,298,1|0,-0.023249632788056696,-0.09826602821139516,bindi2014_rhyp,5.0,2015-01-01,2.0,1
120,21,0.35436536784802186,1,443,6,0.23660485502272505,0,298,1|0,0.36689400692582885,0.23122702553478913,bindi2014_rhyp,5.0,2015-01-01,2.0,1
122,24,-0.18388497220168087,1,443,10,-0.15712640988474738,0,298,1|0,-0.17135633312387388,-0.1625042393726833,bindi2014_rhyp,5.0,2015-01-01,2.0,1
136,17,0.015620990222898978,1,443,6,-0.08454811246363306,0,298,1|0,0.02814962930070597,-0.08992594195156897,bindi2014_rhyp,5.0,2015-01-01,2.0,1
138,30,-0.10263988055830664,1,443,10,-0.08561716860890548,0,298,1|0,-0.09011124148049965,-0.09099499809684139,bindi2014_rhyp,5.0,2015-01-01,2.0,1
140,19,-0.1901674198478598,1,443,8,-0.07258943663481018,0,298,1|0,-0.1776387807700528,-0.0779672661227461,bindi2014_rhyp,5.0,2015-01-01,2.0,1
144,36,0.3362390696813299,1,443,9,0.6730387212737499,0,298,1|0,0.3487677087591369,0.6676608917858139,bindi2014_rhyp,5.0,2015-01-01,2.0,1
145,21,-0.05501607719421098,1,443,8,0.16102798942082808,0,298,1|0,-0.042487438116403986,0.15565015993289216,bindi2014_rhyp,5.0,2015-01-01,2.0,1
147,33,-0.11729714416161674,1,443,10,-0.05279270670097996,0,298,1|0,-0.10476850508380975,-0.05817053618891588,bindi2014_rhyp,5.0,2015-01-01,2.0,1
149,26,-0.17448462147869048,1,443,8,-0.1114903813250692,0,298,1|0,-0.1619559824008835,-0.11686821081300511,bindi2014_rhyp,5.0,2015-01-01,2.0,1
151,44,-0.4115960529013033,1,443,13,-0.35173126442538216,0,298,1|0,-0.3990674138234963,-0.3571090939133181,bindi2014_rhyp,5.0,2015-01-01,2.0,1
156,15,0.21909449131615,1,443,5,0.1162559105074551,0,298,1|0,0.231623130393957,0.11087808101951918,bindi2014_rhyp,5.0,2015-01-01,2.0,1
159,23,-0.38634173346675393,1,443,10,-0.27313644309381924,0,298,1|0,-0.37381309438894694,-0.27851427258175515,bindi2014_rhyp,5.0,2015-01-01,2.0,1
162,21,0.3227151189426851,1,443,5,0.3856750593502912,0,298,1|0,0.3352437580204921,0.3802972298623553,bindi2014_rhyp,5.0,2015-01-01,2.0,1
165,23,0.026151776493154033,1,443,7,-0.043921449805344015,0,298,1|0,0.038680415570961024,-0.04929927929327993,bindi2014_rhyp,5.0,2015-01-01,2.0,1
170,34,0.4863590771467754,1,443,11,0.4557724213899893,0,298,1|0,0.4988877162245824,0.4503945919020534,bindi2014_rhyp,5.0,2015-01-01,2.0,1
171,25,0.39281754668251917,1,443,10,0.37457410938021096,0,298,1|0,0.40534618576032616,0.36919627989227505,bindi2014_rhyp,5.0,2015-01-01,2.0,1
174,37,-0.06859949418048372,1,443,13,0.03864923194865197,0,298,1|0,-0.05607085510267673,0.033271402460716054,bindi2014_rhyp,5.0,2015-01-01,2.0,1
175,24,-0.149484539949159,1,443,11,-0.24824894852881343,0,298,1|0,-0.136955900871352,-0.2536267780167494,bindi2014_rhyp,5.0,2015-01-01,2.0,1
176,27,0.1952122167283996,1,443,11,0.1638802914656278,0,298,1|0,0.2077408558062066,0.15850246197769188,bindi2014_rhyp,5.0,2015-01-01,2.0,1
177,28,0.2954801954735642,1,443,5,0.09934755272193091,0,298,1|0,0.3080088345513712,0.093969723233995,bindi2014_rhyp,5.0,2015-01-01,2.0,1
179,24,-0.1348266228044016,1,443,5,-0.045740797838603936,0,298,1|0,-0.12229798372659462,-0.05111862732653985,bindi2014_rhyp,5.0,2015-01-01,2.0,1
180,19,-0.3006104666866539,1,443,6,-0.3148611923406849,0,298,1|0,-0.28808182760884693,-0.3202390218286208,bindi2014_rhyp,5.0,2015-01-01,2.0,1
185,31,0.16596146538005963,1,443,6,0.4563298065622431,0,298,1|0,0.17849010445786662,0.4509519770743072,bindi2014_rhyp,5.0,2015-01-01,2.0,1
186,29,-0.31768981428167653,1,443,11,-0.31486424081341124,0,298,1|0,-0.30516117520386954,-0.32024207030134716,bindi2014_rhyp,5.0,2015-01-01,2.0,1
190,24,-0.015027175100113532,1,443,6,-0.03788883145097227,0,298,1|0,-0.0024985360223065394,-0.043266660938908186,bindi2014_rhyp,5.0,2015-01-01,2.0,1
194,16,-0.19684494138131015,1,443,6,-0.1669119709978197,0,298,1|0,-0.18431630230350315,-0.17228980048575562,bindi2014_rhyp,5.0,2015-01-01,2.0,1
197,16,-0.190796508689001,1,443,8,0.008049308900670876,0,298,1|0,-0.178267869611194,0.00267147941273496,bindi2014_rhyp,5.0,2015-01-01,2.0,1
199,26,-0.12938700801790748,1,443,11,-0.188417962629188,0,298,1|0,-0.11685836894010049,-0.19379579211712392,bindi2014_rhyp,5.0,2015-01-01,2.0,1
201,17,0.07266515378865468,1,443,11,0.08680755024943217,0,298,1|0,0.08519379286646167,0.08142972076149625,bindi2014_rhyp,5.0,2015-01-01,2.0,1
203,17,-0.05079414350260747,1,443,11,0.0180673104223788,0,298,1|0,-0.03826550442480048,0.012689480934442885,bindi2014_rhyp,5.0,2015-01-01,2.0,1
274,24,-0.07913048707206083,1,443,9,-0.175214865517434,0,298,1|0,-0.06660184799425384,-0.18059269500536992,bindi2014_rhyp,5.0,2015-01-01,2.0,1
282,15,0.07757872025243728,1,443,5,0.16223725563137778,0,298,1|0,0.09010735933024427,0.15685942614344187,bindi2014_rhyp,5.0,2015-01-01,2.0,1
288,21,-0.14124236432225878,1,443,9,-0.22919328387323543,0,298,1|0,-0.1287137252444518,-0.23457111336117134,bindi2014_rhyp,5.0,2015-01-01,2.0,1
289,18,0.13814225149829018,1,443,5,0.027355051294323585,0,298,1|0,0.15067089057609717,0.02197722180638767,bindi2014_rhyp,5.0,2015-01-01,2.0,1
297,18,0.01983688046549803,1,443,7,-0.14427394659883494,0,298,1|0,0.03236551954330502,-0.14965177608677085,bindi2014_rhyp,5.0,2015-01-01,2.0,1
302,22,-0.04339493890432233,1,443,7,-0.15651847555801277,0,298,1|0,-0.030866299826515342,-0.16189630504594868,bindi2014_rhyp,5.0,2015-01-01,2.0,1
304,24,-0.029589701572840688,1,443,5,-0.2193769524641412,0,298,1|0,-0.017061062495033696,-0.22475478195207713,bindi2014_rhyp,5.0,2015-01-01,2.0,1
306,29,-0.11017939687275868,1,443,5,-0.30070192614043123,0,298,1|0,-0.09765075779495169,-0.30607975562836715,bindi2014_rhyp,5.0,2015-01-01,2.0,1
308,30,-0.23639240118541682,1,443,8,-0.23984896245541423,0,298,1|0,-0.22386376210760983,-0.24522679194335015,bindi2014_rhyp,5.0,2015-01-01,2.0,1
309,23,0.21389929041733768,1,443,9,0.27320713073534575,0,298,1|0,0.22642792949514468,0.26782930124740983,bindi2014_rhyp,5.0,2015-01-01,2.0,1
310,16,0.16426156324835328,1,443,7,0.24981223971773595,0,298,1|0,0.17679020232616027,0.24443441022980003,bindi2014_rhyp,5.0,2015-01-01,2.0,1
333,22,-0.02973060157864449,1,443,7,-0.06063173766499649,0,298,1|0,-0.017201962500837498,-0.06600956715293241,bindi2014_rhyp,5.0,2015-01-01,2.0,1
335,21,0.18716051975509307,1,443,7,0.03868396462090287,0,298,1|0,0.19968915883290006,0.03330613513296696,bindi2014_rhyp,5.0,2015-01-01,2.0,1
340,17,-0.06159916363988904,1,443,6,-0.05911843798077346,0,298,1|0,-0.04907052456208205,-0.06449626746870937,bindi2014_rhyp,5.0,2015-01-01,2.0,1
344,25,0.4699235579493715,1,443,9,0.288679174267511,0,298,1|0,0.4824521970271785,0.2833013447795751,bindi2014_rhyp,5.0,2015-01-01,2.0,1
345,20,0.040743934846288354,1,443,6,0.0031887401158979534,0,298,1|0,0.053272573924095346,-0.002189089372037963,bindi2014_rhyp,5.0,2015-01-01,2.0,1
346,17,-0.15637917871494045,1,443,5,-0.12141849225792248,0,298,1|0,-0.14385053963713346,-0.1267963217458584,bindi2014_rhyp,5.0,2015-01-01,2.0,1
352,20,0.5391230486947438,1,443,6,0.5086948005644238,0,298,1|0,0.5516516877725508,0.5033169710764879,bindi2014_rhyp,5.0,2015-01-01,2.0,1
353,16,0.06541309999530476,1,443,5,0.08402167917875489,0,298,1|0,0.07794173907311175,0.07864384969081897,bindi2014_rhyp,5.0,2015-01-01,2.0,1
354,31,-0.07766323934388053,1,443,6,-0.18445873642296498,0,298,1|0,-0.06513460026607354,-0.1898365659109009,bindi2014_rhyp,5.0,2015-01-01,2.0,1
13,32,0.05692419355485201,1,445,7,0.009324752084067467,0,285,1|0,0.042174085748703245,0.010027112592614917,bindi2014_rhyp,5.0,2015-01-01,2.0,2
16,18,-0.14958191431334822,1,445,5,-0.5683416149328531,0,285,1|0,-0.164332022119497,-0.5676392544243056,bindi2014_rhyp,5.0,2015-01-01,2.0,2
25,23,-0.06177080919218214,1,445,7,-0.18064289510377207,0,285,1|0,-0.0765209169983309,-0.17994053459522463,bindi2014_rhyp,5.0,2015-01-01,2.0,2
31,19,0.13782898178418446,1,445,5,-0.014762077827425113,0,285,1|0,0.1230788739780357,-0.014059717318877663,bindi2014_rhyp,5.0,2015-01-01,2.0,2
40,28,-0.10221343311364905,1,445,9,-0.17143092075158017,0,285,1|0,-0.11696354091979781,-0.17072856024303273,bindi2014_rhyp,5.0,2015-01-01,2.0,2
41,23,0.24328039614416175,1,445,8,0.031067000349260743,0,285,1|0,0.22853028833801298,0.03176936085780819,bindi2014_rhyp,5.0,2015-01-01,2.0,2
42,32,0.1301381840287883,1,445,5,-0.15249449136910626,0,285,1|0,0.11538807622263954,-0.15179213086055882,bindi2014_rhyp,5.0,2015-01-01,2.0,2
45,29,-0.06470313897750812,1,445,6,-0.08790543262962991,0,285,1|0,-0.07945324678365688,-0.08720307212108246,bindi2014_rhyp,5.0,2015-01-01,2.0,2
46,27,-0.042959461742089866,1,445,8,-0.19537177129541133,0,285,1|0,-0.05770956954823863,-0.1946694107868639,bindi2014_rhyp,5.0,2015-01-01,2.0,2
52,22,0.19429078994764265,1,445,8,-0.11211959957499723,0,285,1|0,0.17954068214149388,-0.11141723906644978,bindi2014_rhyp,5.0,2015-01-01,2.0,2
55,22,0.470339209777037,1,445,5,0.27588432722359985,0,285,1|0,0.45558910197088825,0.2765866877321473,bindi2014_rhyp,5.0,2015-01-01,2.0,2
67,37,-0.05665348766783529,1,445,10,-0.07259875840921559,0,285,1|0,-0.07140359547398405,-0.07189639790066814,bindi2014_rhyp,5.0,2015-01-01,2.0,2
74,29,-0.08111476197232459,1,445,6,-0.12283920992622105,0,285,1|0,-0.09586486977847335,-0.1221368494176736,bindi2014_rhyp,5.0,2015-01-01,2.0,2
75,44,0.05542578318602198,1,445,11,0.11952447307301645,0,285,1|0,0.04067567537987322,0.1202268335815639,bindi2014_rhyp,5.0,2015-01-01,2.0,2
76,27,-0.4295991869765393,1,445,5,-0.5782409237114268,0,285,1|0,-0.4443492947826881,-0.5775385632028793,bindi2014_rhyp,5.0,2015-01-01,2.0,2
87,38,0.4301890944757264,1,445,8,0.3244580389750816,0,285,1|0,0.4154389866695776,0.325160399483629,bindi2014_rhyp,5.0,2015-01-01,2.0,2
88,42,0.08653810604576562,1,445,8,0.24624255264637612,0,285,1|0,0.07178799823961686,0.24694491315492356,bindi2014_rhyp,5.0,2015-01-01,2.0,2
89,39,-0.34490814953542526,1,445,9,-0.44083234672528887,0,285,1|0,-0.35965825734157403,-0.44012998621674143,bindi2014_rhyp,5.0,2015-01-01,2.0,2
91,18,-0.12706148332771738,1,445,6,-0.27104490075824544,0,285,1|0,-0.14181159113386616,-0.270342540249698,bindi2014_rhyp,5.0,2015-01-01,2.0,2
103,27,0.297943623539817,1,445,7,0.191349029600397,0,285,1|0,0.28319351573366824,0.19205139010894445,bindi2014_rhyp,5.0,2015-01-01,2.0,2
115,33,-0.09968076480676458,1,445,8,-0.2872236625688685,0,285,1|0,-0.11443087261291333,-0.28652130206032106,bindi2014_rhyp,5.0,2015-01-01,2.0,2
116,34,-0.07333747701855409,1,445,6,0.04373686913336691,0,285,1|0,-0.08808758482470284,0.04443922964191436,bindi2014_rhyp,5.0,2015-01-01,2.0,2
140,21,-0.15565116781796773,1,445,6,-0.11413821069521751,0,285,1|0,-0.1704012756241165,-0.11343585018667006,bindi2014_rhyp,5.0,2015-01-01,2.0,2
144,35,0.4216081992191582,1,445,10,0.21634269933534428,0,285,1|0,0.40685809141300944,0.21704505984389172,bindi2014_rhyp,5.0,2015-01-01,2.0,2
145,22,-0.011490720560455525,1,445,7,-0.14544280573807056,0,285,1|0,-0.02624082836660429,-0.14474044522952312,bindi2014_rhyp,5.0,2015-01-01,2.0,2
147,37,-0.09369755740766106,1,445,6,-0.12358325460079322,0,285,1|0,-0.10844766521380982,-0.12288089409224577,bindi2014_rhyp,5.0,2015-01-01,2.0,2
149,27,-0.14538297332524164,1,445,7,-0.27110516893884823,0,285,1|0,-0.1601330811313904,-0.2704028084303008,bindi2014_rhyp,5.0,2015-01-01,2.0,2
151,47,-0.39606999901494044,1,445,10,-0.4016211436160511,0,285,1|0,-0.4108201068210892,-0.4009187831075037,bindi2014_rhyp,5.0,2015-01-01,2.0,2
159,27,-0.33602233256012537,1,445,6,-0.41819418056892227,0,285,1|0,-0.35077244036627414,-0.41749182006037483,bindi2014_rhyp,5.0,2015-01-01,2.0,2
161,20,0.3713283306398441,1,445,5,0.2552499187387929,0,285,1|0,0.35657822283369534,0.2559522792473403,bindi2014_rhyp,5.0,2015-01-01,2.0,2
162,21,0.3512596665274243,1,445,5,0.26063999321348413,0,285,1|0,0.3365095587212755,0.2613423537220316,bindi2014_rhyp,5.0,2015-01-01,2.0,2
170,37,0.48147963291503226,1,445,8,0.41732248933607125,0,285,1|0,0.4667295251088835,0.4180248498446187,bindi2014_rhyp,5.0,2015-01-01,2.0,2
171,29,0.3914323779455844,1,445,6,0.3224122149900287,0,285,1|0,0.3766822701394356,0.32311457549857614,bindi2014_rhyp,5.0,2015-01-01,2.0,2
174,43,-0.0617436350483731,1,445,7,0.06465908164733764,0,285,1|0,-0.07649374285452186,0.06536144215588509,bindi2014_rhyp,5.0,2015-01-01,2.0,2
175,28,-0.23484480830167753,1,445,7,0.04305851309761444,0,285,1|0,-0.2495949161078263,0.04376087360616188,bindi2014_rhyp,5.0,2015-01-01,2.0,2
176,33,0.18791990046198315,1,445,5,0.13113979187118957,0,285,1|0,0.17316979265583438,0.131842152379737,bindi2014_rhyp,5.0,2015-01-01,2.0,2
177,26,0.27127313943945064,1,445,7,0.24084038446337092,0,285,1|0,0.25652303163330187,0.24154274497191836,bindi2014_rhyp,5.0,2015-01-01,2.0,2
179,22,-0.06774299569724462,1,445,7,-0.32360415416620686,0,285,1|0,-0.08249310350339338,-0.3229017936576594,bindi2014_rhyp,5.0,2015-01-01,2.0,2
180,19,-0.3390176671667505,1,445,6,-0.17565324203386767,0,285,1|0,-0.3537677749728993,-0.17495088152532023,bindi2014_rhyp,5.0,2015-01-01,2.0,2
185,31,0.2571752918368261,1,445,6,-0.041778198724365834,0,285,1|0,0.2424251840306773,-0.04107583821581839,bindi2014_rhyp,5.0,2015-01-01,2.0,2
186,33,-0.3242120564942552,1,445,7,-0.2658332349927242,0,285,1|0,-0.338962164300404,-0.26513087448417677,bindi2014_rhyp,5.0,2015-01-01,2.0,2
281,15,0.05266863759826901,1,445,5,0.14596447771548418,0,285,1|0,0.037918529792120244,0.14666683822403162,bindi2014_rhyp,5.0,2015-01-01,2.0,2
282,15,0.07935067518171524,1,445,5,0.16797885796666137,0,285,1|0,0.06460056737556648,0.1686812184752088,bindi2014_rhyp,5.0,2015-01-01,2.0,2
288,24,-0.1386784479155615,1,445,6,-0.21587573253087866,0,285,1|0,-0.15342855572171027,-0.21517337202233122,bindi2014_rhyp,5.0,2015-01-01,2.0,2
289,17,0.06491891009346717,1,445,6,0.2700167112695292,0,285,1|0,0.05016880228731841,0.27071907177807664,bindi2014_rhyp,5.0,2015-01-01,2.0,2
302,23,-0.0980124222894897,1,445,6,0.03704339211207788,0,285,1|0,-0.11276253009563846,0.03774575262062533,bindi2014_rhyp,5.0,2015-01-01,2.0,2
304,22,-0.1502925594102783,1,445,7,0.21094376877504772,0,285,1|0,-0.16504266721642707,0.21164612928359516,bindi2014_rhyp,5.0,2015-01-01,2.0,2
306,25,-0.17945941109879726,1,445,9,-0.0051233372395721455,0,285,1|0,-0.19420951890494603,-0.004420976731024696,bindi2014_rhyp,5.0,2015-01-01,2.0,2
308,30,-0.25803306154424466,1,445,8,-0.16995359074807392,0,285,1|0,-0.27278316935039343,-0.16925123023952648,bindi2014_rhyp,5.0,2015-01-01,2.0,2
309,25,0.2147910591992378,1,445,7,0.29441522143299637,0,285,1|0,0.20004095139308903,0.2951175819415438,bindi2014_rhyp,5.0,2015-01-01,2.0,2
328,15,-0.10434662048155308,1,445,7,0.07313187892686027,0,285,1|0,-0.11909672828770183,0.07383423943540772,bindi2014_rhyp,5.0,2015-01-01,2.0,2
333,22,-0.07761144986757496,1,445,7,0.10318429107480095,0,285,1|0,-0.09236155767372371,0.10388665158334841,bindi2014_rhyp,5.0,2015-01-01,2.0,2
335,21,0.10665459895025586,1,445,7,0.2884120055086919,0,285,1|0,0.0919044911441071,0.28911436601723933,bindi2014_rhyp,5.0,2015-01-01,2.0,2
340,17,-0.0760604273502844,1,445,6,0.008819095231493546,0,285,1|0,-0.09081053515643316,0.009521455740040995,bindi2014_rhyp,5.0,2015-01-01,2.0,2
344,28,0.4213267585605002,1,445,6,0.42636071694168975,0,285,1|0,0.40657665075435145,0.4270630774502372,bindi2014_rhyp,5.0,2015-01-01,2.0,2
345,19,0.04240184857877238,1,445,7,0.022448246003180516,0,285,1|0,0.02765174077262362,0.023150606511727966,bindi2014_rhyp,5.0,2015-01-01,2.0,2
346,17,-0.12440378388475959,1,445,5,-0.2167291322752966,0,285,1|0,-0.13915389169090836,-0.21602677176674917,bindi2014_rhyp,5.0,2015-01-01,2.0,2
352,19,0.46503127006423384,1,445,7,0.728581329173776,0,285,1|0,0.45028116225808507,0.7292836896823235,bindi2014_rhyp,5.0,2015-01-01,2.0,2
353,15,0.07683229705616434,1,445,6,0.07491342321250974,0,285,1|0,0.06208218925001558,0.07561578372105719,bindi2014_rhyp,5.0,2015-01-01,2.0,2
354,27,-0.15283789809168336,1,445,10,0.07045103835264768,0,285,1|0,-0.16758800589783213,0.07115339886119514,bindi2014_rhyp,5.0,2015-01-01,2.0,2
13,29,0.04990337188540431,1,448,10,0.11845110410481141,1,281,1|1,0.039601940518912304,0.11168950424094878,bindi2014_rhyp,5.0,2015-01-01,2.0,3
25,23,-0.12617057841920432,1,448,7,-0.0244967185961672,1,281,1|1,-0.13647200978569632,-0.03125831846002982,bindi2014_rhyp,5.0,2015-01-01,2.0,3
31,19,0.07491125987184857,1,448,5,0.16991276630960084,1,281,1|1,0.06460982850535657,0.1631511664457382,bindi2014_rhyp,5.0,2015-01-01,2.0,3
40,26,-0.12666142192142493,1,448,11,-0.03863414238211116,1,281,1|1,-0.13696285328791694,-0.04539574224597378,bindi2014_rhyp,5.0,2015-01-01,2.0,3
42,29,0.09302523773841356,1,448,8,0.1419297529722925,1,281,1|1,0.08272380637192156,0.13516815310842986,bindi2014_rhyp,5.0,2015-01-01,2.0,3
43,25,-0.28001276465807645,1,448,10,-0.3149594481745529,1,281,1|1,-0.2903141960245684,-0.3217210480384155,bindi2014_rhyp,5.0,2015-01-01,2.0,3
45,29,-0.047206564901408954,1,448,6,-0.13835539934161922,1,281,1|1,-0.05750799626790096,-0.14511699920548185,bindi2014_rhyp,5.0,2015-01-01,2.0,3
46,27,-0.07219402603850927,1,448,8,-0.12028772143510191,1,281,1|1,-0.08249545740500128,-0.12704932129896454,bindi2014_rhyp,5.0,2015-01-01,2.0,3
47,20,0.03917162066118207,1,448,5,0.09200348754447729,1,281,1|1,0.028870189294690072,0.08524188768061466,bindi2014_rhyp,5.0,2015-01-01,2.0,3
52,25,0.10748454438573582,1,448,5,0.12189936615613783,1,281,1|1,0.09718311301924382,0.1151377662922752,bindi2014_rhyp,5.0,2015-01-01,2.0,3
55,22,0.4225268376367638,1,448,5,0.4198108600176222,1,281,1|1,0.4122254062702718,0.4130492601537596,bindi2014_rhyp,5.0,2015-01-01,2.0,3
67,36,-0.04462915823893804,1,448,11,-0.04344245006235847,1,281,1|1,-0.05493058960543004,-0.050204049926221093,bindi2014_rhyp,5.0,2015-01-01,2.0,3
73,16,-0.0058081111166096155,1,448,5,0.1656823381201904,1,281,1|1,-0.016109542483101615,0.15892073825632777,bindi2014_rhyp,5.0,2015-01-01,2.0,3
74,26,-0.039043912275531,1,448,9,-0.22815357884875043,1,281,1|1,-0.049345343642023004,-0.23491517871261305,bindi2014_rhyp,5.0,2015-01-01,2.0,3
75,48,0.09129108299052102,1,448,7,-0.14218868466827295,1,281,1|1,0.08098965162402902,-0.14895028453213557,bindi2014_rhyp,5.0,2015-01-01,2.0,3
76,26,-0.49139287490179095,1,448,6,-0.3720839787136282,1,281,1|1,-0.5016943062682829,-0.3788455785774908,bindi2014_rhyp,5.0,2015-01-01,2.0,3
79,24,-0.10587523258297843,1,448,10,-0.08740440083120049,1,281,1|1,-0.11617666394947043,-0.09416600069506312,bindi2014_rhyp,5.0,2015-01-01,2.0,3
84,20,-0.2293364886517505,1,448,8,-0.2254016691000077,1,281,1|1,-0.2396379200182425,-0.23216326896387032,bindi2014_rhyp,5.0,2015-01-01,2.0,3
87,37,0.4103386851640922,1,448,9,0.4828590567802303,1,281,1|1,0.40003725379760025,0.4760974569163677,bindi2014_rhyp,5.0,2015-01-01,2.0,3
89,40,-0.33341962270902104,1,448,8,-0.5398913831326316,1,281,1|1,-0.343721054075513,-0.5466529829964942,bindi2014_rhyp,5.0,2015-01-01,2.0,3
90,15,0.10832617240723455,1,448,5,0.10919767875190989,1,281,1|1,0.09802474104074255,0.10243607888804726,bindi2014_rhyp,5.0,2015-01-01,2.0,3
91,19,-0.1374645960908908,1,448,5,-0.18636629673493288,1,281,1|1,-0.1477660274573828,-0.1931278965987955,bindi2014_rhyp,5.0,2015-01-01,2.0,3
100,16,0.04613134062770999,1,448,7,-0.020692879561689637,1,281,1|1,0.035829909261217985,-0.02745447942555226,bindi2014_rhyp,5.0,2015-01-01,2.0,3
103,26,0.2828952171873178,1,448,8,0.21900742564911324,1,281,1|1,0.27259378582082583,0.2122458257852506,bindi2014_rhyp,5.0,2015-01-01,2.0,3
115,35,-0.16006620352982837,1,448,6,-0.09497447386516533,1,281,1|1,-0.17036763489632037,-0.10173607372902796,bindi2014_rhyp,5.0,2015-01-01,2.0,3
120,22,0.3189329374027249,1,448,5,0.39756033399882207,1,281,1|1,0.3086315060362329,0.39079873413495947,bindi2014_rhyp,5.0,2015-01-01,2.0,3
122,26,-0.1875411353549078,1,448,8,-0.09589377382208564,1,281,1|1,-0.1978425667213998,-0.10265537368594826,bindi2014_rhyp,5.0,2015-01-01,2.0,3
137,16,-0.050756092946597886,1,448,5,-0.07131132283543384,1,281,1|1,-0.06105752431308989,-0.07807292269929647,bindi2014_rhyp,5.0,2015-01-01,2.0,3
138,30,-0.11491855278895113,1,448,10,-0.0141283990239498,1,281,1|1,-0.12521998415544314,-0.020889998887812424,bindi2014_rhyp,5.0,2015-01-01,2.0,3
143,15,0.41161132442342174,1,448,5,0.3250183055815492,1,281,1|1,0.40130989305692977,0.3182567057176866,bindi2014_rhyp,5.0,2015-01-01,2.0,3
144,38,0.38105575876849285,1,448,7,0.34144819355749045,1,281,1|1,0.37075432740200087,0.33468659369362785,bindi2014_rhyp,5.0,2015-01-01,2.0,3
145,23,-0.022774958375935905,1,448,6,-0.12764470867630273,1,281,1|1,-0.03307638974242791,-0.13440630854016536,bindi2014_rhyp,5.0,2015-01-01,2.0,3
147,32,-0.07781651366216535,1,448,11,-0.14211503901610056,1,281,1|1,-0.08811794502865736,-0.1488766388799632,bindi2014_rhyp,5.0,2015-01-01,2.0,3
149,27,-0.18513589460528823,1,448,7,-0.18670278910463678,1,281,1|1,-0.19543732597178023,-0.1934643889684994,bindi2014_rhyp,5.0,2015-01-01,2.0,3
151,49,-0.37962227999515474,1,448,8,-0.5543736348805793,1,281,1|1,-0.3899237113616467,-0.5611352347444419,bindi2014_rhyp,5.0,2015-01-01,2.0,3
161,17,0.32513748985911156,1,448,8,0.45107913539326044,1,281,1|1,0.3148360584926196,0.44431753552939784,bindi2014_rhyp,5.0,2015-01-01,2.0,3
170,36,0.47605740210314995,1,448,9,0.5311398293939062,1,281,1|1,0.465755970736658,0.5243782295300436,bindi2014_rhyp,5.0,2015-01-01,2.0,3
171,28,0.37385107185149535,1,448,7,0.48274579925998273,1,281,1|1,0.3635496404850034,0.47598419939612013,bindi2014_rhyp,5.0,2015-01-01,2.0,3
176,32,0.18586324414464533,1,448,6,0.2328173006908466,1,281,1|1,0.17556181277815333,0.22605570082698398,bindi2014_rhyp,5.0,2015-01-01,2.0,3
177,26,0.25327182739463633,1,448,7,0.28953156794364787,1,281,1|1,0.24297039602814433,0.28276996807978527,bindi2014_rhyp,5.0,2015-01-01,2.0,3
179,23,-0.1400291593437214,1,448,6,-0.12179189518421463,1,281,1|1,-0.1503305907102134,-0.12855349504807725,bindi2014_rhyp,5.0,2015-01-01,2.0,3
185,29,0.20890482622755255,1,448,8,0.1666173258495467,1,281,1|1,0.19860339486106054,0.15985572598568407,bindi2014_rhyp,5.0,2015-01-01,2.0,3
186,34,-0.28108774926707025,1,448,6,-0.5248397717190646,1,281,1|1,-0.29138918063356223,-0.5316013715829272,bindi2014_rhyp,5.0,2015-01-01,2.0,3
190,24,-0.049183781618298505,1,448,6,0.10462174888674936,1,281,1|1,-0.05948521298479051,0.09786014902288673,bindi2014_rhyp,5.0,2015-01-01,2.0,3
199,32,-0.15576237543874294,1,448,5,-0.08856251348122812,1,281,1|1,-0.16606380680523494,-0.09532411334509075,bindi2014_rhyp,5.0,2015-01-01,2.0,3
201,22,0.07188573497345294,1,448,6,0.12873535096503075,1,281,1|1,0.06158430360696093,0.12197375110116812,bindi2014_rhyp,5.0,2015-01-01,2.0,3
203,23,-0.03609251490508886,1,448,5,0.0655828737380113,1,281,1|1,-0.04639394627158086,0.058821273874148684,bindi2014_rhyp,5.0,2015-01-01,2.0,3
354,31,-0.0414131377259877,1,448,6,-0.3602037221480813,1,281,1|1,-0.051714569092479706,-0.3669653220119439,bindi2014_rhyp,5.0,2015-01-01,2.0,3
13,30,0.08700713001315885,1,447,9,-0.030230880141620953,1,291,1|1,0.07978436523060012,-0.05509253408594368,bindi2014_rhyp,5.0,2015-01-01,2.0,4
16,18,-0.28552822038054493,1,447,5,-0.1056000786062497,1,291,1|1,-0.29275098516310366,-0.13046173255057245,bindi2014_rhyp,5.0,2015-01-01,2.0,4
40,29,-0.1001895967459322,1,447,8,-0.13808930244172413,1,291,1|1,-0.10741236152849093,-0.16295095638604687,bindi2014_rhyp,5.0,2015-01-01,2.0,4
41,23,0.1829821021641439,1,447,8,0.22716668285456348,1,291,1|1,0.17575933738158517,0.20230502891024074,bindi2014_rhyp,5.0,2015-01-01,2.0,4
42,30,0.0675950371452515,1,447,7,0.24326236271018725,1,291,1|1,0.060372272362692776,0.2184007087658645,bindi2014_rhyp,5.0,2015-01-01,2.0,4
43,28,-0.29317563901911814,1,447,7,-0.3100765135906125,1,291,1|1,-0.30039840380167687,-0.3349381675349352,bindi2014_rhyp,5.0,2015-01-01,2.0,4
45,27,-0.1169053881719796,1,447,8,0.12433213919138864,1,291,1|1,-0.12412815295453833,0.0994704852470659,bindi2014_rhyp,5.0,2015-01-01,2.0,4
46,29,-0.11007984418974726,1,447,6,0.07487902757596321,1,291,1|1,-0.11730260897230599,0.05001737363164048,bindi2014_rhyp,5.0,2015-01-01,2.0,4
47,18,0.01622542873744759,1,447,7,0.1770321462243165,1,291,1|1,0.009002663954888862,0.15217049227999377,bindi2014_rhyp,5.0,2015-01-01,2.0,4
48,18,-0.1691732256352415,1,447,7,-0.0452968195869379,1,291,1|1,-0.17639599041780024,-0.07015847353126063,bindi2014_rhyp,5.0,2015-01-01,2.0,4
52,23,0.07965564809349379,1,447,7,0.24116020600001847,1,291,1|1,0.07243288331093506,0.21629855205569573,bindi2014_rhyp,5.0,2015-01-01,2.0,4
55,20,0.4119556475018823,1,447,7,0.49723854567326237,1,291,1|1,0.40473288271932356,0.47237689172893965,bindi2014_rhyp,5.0,2015-01-01,2.0,4
56,15,0.2753693080042813,1,447,7,0.3779709871943187,1,291,1|1,0.26814654322172254,0.353109333249996,bindi2014_rhyp,5.0,2015-01-01,2.0,4
67,40,-0.05785727860129719,1,447,7,-0.006727626486539684,1,291,1|1,-0.06508004338385592,-0.03158928043086241,bindi2014_rhyp,5.0,2015-01-01,2.0,4
74,28,-0.10925316002890706,1,447,7,-0.00373455712436499,1,291,1|1,-0.11647592481146579,-0.028596211068687722,bindi2014_rhyp,5.0,2015-01-01,2.0,4
75,42,0.06500225528495396,1,447,13,0.07983024543088535,1,291,1|1,0.05777949050239523,0.05496859148656262,bindi2014_rhyp,5.0,2015-01-01,2.0,4
76,25,-0.4775671100851321,1,447,7,-0.3896381229436323,1,291,1|1,-0.4847898748676908,-0.41449977688795503,bindi2014_rhyp,5.0,2015-01-01,2.0,4
79,26,-0.06105649099081856,1,447,8,-0.25252306322679885,1,291,1|1,-0.06827925577337729,-0.27738471717112156,bindi2014_rhyp,5.0,2015-01-01,2.0,4
87,36,0.437459333693,1,447,10,0.3695955874600722,1,291,1|1,0.43023656891044126,0.3447339335157495,bindi2014_rhyp,5.0,2015-01-01,2.0,4
88,39,0.12910795115609008,1,447,11,0.08299329020523855,1,291,1|1,0.12188518637353135,0.05813163626091582,bindi2014_rhyp,5.0,2015-01-01,2.0,4
89,36,-0.3906936363034105,1,447,12,-0.27054470860796853,1,291,1|1,-0.3979164010859692,-0.29540636255229125,bindi2014_rhyp,5.0,2015-01-01,2.0,4
90,15,0.11264333385480974,1,447,5,0.075017354496829,1,291,1|1,0.105420569072251,0.050155700552506274,bindi2014_rhyp,5.0,2015-01-01,2.0,4
103,26,0.24758659860139542,1,447,8,0.38376630203350665,1,291,1|1,0.2403638338188367,0.35890464808918393,bindi2014_rhyp,5.0,2015-01-01,2.0,4
115,33,-0.1548762771521608,1,447,8,-0.08768169416034549,1,291,1|1,-0.16209904193471952,-0.11254334810466822,bindi2014_rhyp,5.0,2015-01-01,2.0,4
116,32,-0.0617454850603224,1,447,8,0.0057326697175106855,1,291,1|1,-0.06896824984288114,-0.019128984226812046,bindi2014_rhyp,5.0,2015-01-01,2.0,4
120,19,0.3363544395373948,1,447,8,0.3231534101880323,1,291,1|1,0.32913167475483607,0.29829175624370957,bindi2014_rhyp,5.0,2015-01-01,2.0,4
122,27,-0.16922731497259236,1,447,7,-0.16664361746615142,1,291,1|1,-0.1764500797551511,-0.19150527141047416,bindi2014_rhyp,5.0,2015-01-01,2.0,4
136,16,-0.0728739751782268,1,447,7,0.14568183872141582,1,291,1|1,-0.08009673996078553,0.1208201847770931,bindi2014_rhyp,5.0,2015-01-01,2.0,4
137,16,-0.06461801352539698,1,447,5,0.0035264209128424984,1,291,1|1,-0.07184077830795571,-0.021335233031480234,bindi2014_rhyp,5.0,2015-01-01,2.0,4
138,31,-0.08534891436316894,1,447,9,-0.1251684002018658,1,291,1|1,-0.09257167914572767,-0.15003005414618853,bindi2014_rhyp,5.0,2015-01-01,2.0,4
140,21,-0.1316734256820199,1,447,6,-0.20996647130695167,1,291,1|1,-0.13889619046457863,-0.23482812525127442,bindi2014_rhyp,5.0,2015-01-01,2.0,4
143,15,0.35750548318050396,1,447,5,0.5160186902344917,1,291,1|1,0.3502827183979452,0.49115703629016894,bindi2014_rhyp,5.0,2015-01-01,2.0,4
144,36,0.36820341923213684,1,447,9,0.4099588224177512,1,291,1|1,0.3609806544495781,0.3850971684734285,bindi2014_rhyp,5.0,2015-01-01,2.0,4
147,34,-0.09255966513505531,1,447,9,-0.10472076249285742,1,291,1|1,-0.09978242991761405,-0.12958241643718016,bindi2014_rhyp,5.0,2015-01-01,2.0,4
149,28,-0.1691419672197847,1,447,6,-0.21509441198488308,1,291,1|1,-0.17636473200234343,-0.23995606592920582,bindi2014_rhyp,5.0,2015-01-01,2.0,4
151,42,-0.3965203023453815,1,447,15,-0.4089877711542095,1,291,1|1,-0.4037430671279402,-0.4338494250985322,bindi2014_rhyp,5.0,2015-01-01,2.0,4
159,26,-0.3616350828426519,1,447,7,-0.30541365128143577,1,291,1|1,-0.3688578476252106,-0.3302753052257585,bindi2014_rhyp,5.0,2015-01-01,2.0,4
161,20,0.3616981030880248,1,447,5,0.3350719500996759,1,291,1|1,0.35447533830546607,0.31021029615535317,bindi2014_rhyp,5.0,2015-01-01,2.0,4
162,19,0.32565841017047464,1,447,7,0.3740887863255549,1,291,1|1,0.3184356453879159,0.3492271323812322,bindi2014_rhyp,5.0,2015-01-01,2.0,4
165,19,-0.0034883886634429206,1,447,11,0.044923595457643906,1,291,1|1,-0.010711153446001648,0.020061941513321174,bindi2014_rhyp,5.0,2015-01-01,2.0,4
170,35,0.49802058173613734,1,447,10,0.4247273671866259,1,291,1|1,0.4907978169535786,0.3998657132423032,bindi2014_rhyp,5.0,2015-01-01,2.0,4
171,29,0.4090108749348325,1,447,6,0.29919530301998637,1,291,1|1,0.4017881101522738,0.27433364907566365,bindi2014_rhyp,5.0,2015-01-01,2.0,4
174,36,-0.019964655645288265,1,447,14,-0.08420409891544609,1,291,1|1,-0.02718742042784699,-0.10906575285976881,bindi2014_rhyp,5.0,2015-01-01,2.0,4
175,26,-0.13588077033315404,1,447,9,-0.3133528300082861,1,291,1|1,-0.14310353511571278,-0.33821448395260884,bindi2014_rhyp,5.0,2015-01-01,2.0,4
176,30,0.2100646685010174,1,447,8,0.11115935026028662,1,291,1|1,0.20284190371845867,0.08629769631596389,bindi2014_rhyp,5.0,2015-01-01,2.0,4
177,25,0.2255716743493137,1,447,8,0.3956338022123778,1,291,1|1,0.21834890956675496,0.3707721482680551,bindi2014_rhyp,5.0,2015-01-01,2.0,4
185,28,0.17088291637969588,1,447,9,0.32490575743067046,1,291,1|1,0.16366015159713715,0.30004410348634775,bindi2014_rhyp,5.0,2015-01-01,2.0,4
186,32,-0.33738378996139773,1,447,8,-0.21148473133003598,1,291,1|1,-0.34460655474395646,-0.23634638527435872,bindi2014_rhyp,5.0,2015-01-01,2.0,4
190,21,-0.04257014455245878,1,447,9,0.03746997298991406,1,291,1|1,-0.0497929093350175,0.012608319045591326,bindi2014_rhyp,5.0,2015-01-01,2.0,4
199,29,-0.17128413089663297,1,447,8,-0.046537723773567075,1,291,1|1,-0.1785068956791917,-0.0713993777178898,bindi2014_rhyp,5.0,2015-01-01,2.0,4
204,17,0.3784326292061291,1,447,5,0.31801478814151446,1,291,1|1,0.37120986442357035,0.29315313419719174,bindi2014_rhyp,5.0,2015-01-01,2.0,4
274,23,-0.10023901189804618,1,447,10,-0.10383176544201803,1,291,1|1,-0.10746177668060491,-0.12869341938634077,bindi2014_rhyp,5.0,2015-01-01,2.0,4
288,20,-0.21781769501869652,1,447,10,-0.021042231656607457,1,291,1|1,-0.22504045980125525,-0.045903885600930186,bindi2014_rhyp,5.0,2015-01-01,2.0,4
297,19,0.009048253482717983,1,447,6,-0.13942146863620128,1,291,1|1,0.0018254887001592553,-0.16428312258052402,bindi2014_rhyp,5.0,2015-01-01,2.0,4
302,22,-0.04155468979001109,1,447,7,-0.14806582303643326,1,291,1|1,-0.048777454572569816,-0.172927476980756,bindi2014_rhyp,5.0,2015-01-01,2.0,4
304,23,-0.048543786187264515,1,447,6,-0.10630776192876881,1,291,1|1,-0.05576655096982324,-0.13116941587309155,bindi2014_rhyp,5.0,2015-01-01,2.0,4
306,26,-0.12114920113465466,1,447,8,-0.1863876499213224,1,291,1|1,-0.1283719659172134,-0.21124930386564514,bindi2014_rhyp,5.0,2015-01-01,2.0,4
308,28,-0.21079053676893722,1,447,10,-0.3014370933779167,1,291,1|1,-0.21801330155149595,-0.3262987473222394,bindi2014_rhyp,5.0,2015-01-01,2.0,4
309,25,0.2673011427078263,1,447,7,0.08680139763817923,1,291,1|1,0.26007837792526756,0.061939743693856505,bindi2014_rhyp,5.0,2015-01-01,2.0,4
333,23,-0.013476689476568549,1,447,6,-0.12568584757323914,1,291,1|1,-0.020699454259127274,-0.15054750151756188,bindi2014_rhyp,5.0,2015-01-01,2.0,4
335,21,0.18292938608601245,1,447,7,0.015659102912006284,1,291,1|1,0.17570662130345371,-0.009202551032316448,bindi2014_rhyp,5.0,2015-01-01,2.0,4
344,26,0.406425394176144,1,447,8,0.460383635666954,1,291,1|1,0.39920262939358525,0.4355219817226313,bindi2014_rhyp,5.0,2015-01-01,2.0,4
346,17,-0.09799900186486221,1,447,5,-0.3365625162335301,1,291,1|1,-0.10522176664742094,-0.36142417017785283,bindi2014_rhyp,5.0,2015-01-01,2.0,4
354,30,-0.0917380128582912,1,447,7,-0.09562471753520499,1,291,1|1,-0.09896077764084993,-0.12048637147952772,bindi2014_rhyp,5.0,2015-01-01,2.0,4
13,32,0.04975534119807401,1,444,7,0.01484198753318787,0,275,1|0,0.09262243147376373,0.020876172023125854,bindi2014_rhyp,5.0,2015-01-01,3.0,0
16,18,-0.29082878332100026,1,444,5,-0.1245554191486116,0,275,1|0,-0.24796169304531054,-0.11852123465867362,bindi2014_rhyp,5.0,2015-01-01,3.0,0
17,15,-0.07028616605614368,1,444,5,0.01954518237856677,0,275,1|0,-0.027419075780453973,0.025579366868504753,bindi2014_rhyp,5.0,2015-01-01,3.0,0
25,22,-0.12141129621126856,1,444,8,-0.06767889766360936,0,275,1|0,-0.07854420593557884,-0.06164471317367138,bindi2014_rhyp,5.0,2015-01-01,3.0,0
31,18,0.08868571406053588,1,444,6,0.11130105018412619,0,275,1|0,0.1315528043362256,0.11733523467406416,bindi2014_rhyp,5.0,2015-01-01,3.0,0
40,32,-0.026689908049536193,1,444,5,-0.14920701812032083,0,275,1|0,0.016177182226153518,-0.14317283363038286,bindi2014_rhyp,5.0,2015-01-01,3.0,0
41,23,0.10433748143594462,1,444,8,0.07133267895329719,0,275,1|0,0.14720457171163434,0.07736686344323516,bindi2014_rhyp,5.0,2015-01-01,3.0,0
42,30,0.075814009655223,1,444,7,0.07002354478171972,0,275,1|0,0.11868109993091272,0.0760577292716577,bindi2014_rhyp,5.0,2015-01-01,3.0,0
43,27,-0.1831022175453334,1,444,8,-0.34840704337019546,0,275,1|0,-0.14023512726964368,-0.3423728588802575,bindi2014_rhyp,5.0,2015-01-01,3.0,0
45,27,-0.08149441780676103,1,444,8,-0.07491983227922433,0,275,1|0,-0.03862732753107132,-0.06888564778928635,bindi2014_rhyp,5.0,2015-01-01,3.0,0
46,27,-0.08871747667131102,1,444,8,-0.13975477845089332,0,275,1|0,-0.04585038639562131,-0.13372059396095534,bindi2014_rhyp,5.0,2015-01-01,3.0,0
47,18,0.001337232775529995,1,444,7,-0.07040899418295415,0,275,1|0,0.044204323051219706,-0.06437480969301618,bindi2014_rhyp,5.0,2015-01-01,3.0,0
48,18,-0.18389557123634492,1,444,7,-0.2699615423014527,0,275,1|0,-0.1410284809606552,-0.2639273578115147,bindi2014_rhyp,5.0,2015-01-01,3.0,0
52,24,0.07265602609946398,1,444,6,0.10674171454030794,0,275,1|0,0.1155231163751537,0.11277589903024592,bindi2014_rhyp,5.0,2015-01-01,3.0,0
55,20,0.2435049910750548,1,444,7,0.24320397662810095,0,275,1|0,0.2863720813507445,0.24923816111803893,bindi2014_rhyp,5.0,2015-01-01,3.0,0
67,38,-0.08543574684780408,1,444,9,-0.11573483072936201,0,275,1|0,-0.04256865657211437,-0.10970064623942404,bindi2014_rhyp,5.0,2015-01-01,3.0,0
74,29,-0.03232054894826264,1,444,6,-0.13200704291947987,0,275,1|0,0.010546541327427071,-0.1259728584295419,bindi2014_rhyp,5.0,2015-01-01,3.0,0
75,44,-0.04886825155347174,1,444,11,0.07810935938369289,0,275,1|0,-0.006001161277782031,0.08414354387363086,bindi2014_rhyp,5.0,2015-01-01,3.0,0
76,23,-0.39729815985131756,1,444,9,-0.2959148648301363,0,275,1|0,-0.35443106957562787,-0.2898806803401983,bindi2014_rhyp,5.0,2015-01-01,3.0,0
79,26,-0.025428808296644734,1,444,8,-0.013736611490465803,0,275,1|0,0.017438281979044977,-0.0077024270005278195,bindi2014_rhyp,5.0,2015-01-01,3.0,0
84,20,-0.22115320395008775,1,444,8,-0.14892413192031653,0,275,1|0,-0.17828611367439803,-0.14288994743037856,bindi2014_rhyp,5.0,2015-01-01,3.0,0
87,38,0.22271633980058114,1,444,8,0.30796860720294084,0,275,1|0,0.26558343007627083,0.3140027916928788,bindi2014_rhyp,5.0,2015-01-01,3.0,0
88,38,0.15965621846833616,1,444,12,0.19047520837520626,0,275,1|0,0.20252330874402588,0.19650939286514424,bindi2014_rhyp,5.0,2015-01-01,3.0,0
89,36,-0.3227280015061619,1,444,12,-0.24478055218327405,0,275,1|0,-0.2798609112304722,-0.23874636769333607,bindi2014_rhyp,5.0,2015-01-01,3.0,0
91,18,-0.15261622678752285,1,444,6,-0.2960382245613676,0,275,1|0,-0.10974913651183313,-0.2900040400714296,bindi2014_rhyp,5.0,2015-01-01,3.0,0
103,28,0.43114377787271957,1,444,6,0.38704003001247905,0,275,1|0,0.47401086814840926,0.39307421450241703,bindi2014_rhyp,5.0,2015-01-01,3.0,0
113,17,-0.11184936723125471,1,444,5,-0.06103591115208662,0,275,1|0,-0.068982276955565,-0.055001726662148635,bindi2014_rhyp,5.0,2015-01-01,3.0,0
115,32,-0.13873880616724188,1,444,9,-0.14010396752135584,0,275,1|0,-0.09587171589155216,-0.13406978303141787,bindi2014_rhyp,5.0,2015-01-01,3.0,0
116,30,-0.11663149159271835,1,444,10,-0.13183766547722706,0,275,1|0,-0.07376440131702863,-0.12580348098728908,bindi2014_rhyp,5.0,2015-01-01,3.0,0
122,26,-0.16536486135386086,1,444,8,-0.07814351941960618,0,275,1|0,-0.12249777107817114,-0.0721093349296682,bindi2014_rhyp,5.0,2015-01-01,3.0,0
130,15,-0.3745862600404324,1,444,6,-0.23144765142709603,0,275,1|0,-0.3317191697647427,-0.22541346693715805,bindi2014_rhyp,5.0,2015-01-01,3.0,0
138,32,-0.07373063722362128,1,444,8,-0.04048065173227286,0,275,1|0,-0.030863546947931565,-0.034446467242334876,bindi2014_rhyp,5.0,2015-01-01,3.0,0
140,21,-0.16572069336733453,1,444,6,-0.013111268966280176,0,275,1|0,-0.12285360309164481,-0.007077084476342193,bindi2014_rhyp,5.0,2015-01-01,3.0,0
144,35,0.3075778929773153,1,444,10,0.29849486580952717,0,275,1|0,0.350444983253005,0.30452905029946514,bindi2014_rhyp,5.0,2015-01-01,3.0,0
145,24,-0.026851507629077176,1,444,5,-0.0708646457356775,0,275,1|0,0.016015582646612535,-0.06483046124573952,bindi2014_rhyp,5.0,2015-01-01,3.0,0
147,36,-0.09112174529419137,1,444,7,-0.11168031899588488,0,275,1|0,-0.04825465501850166,-0.1056461345059469,bindi2014_rhyp,5.0,2015-01-01,3.0,0
149,28,-0.23260384431005388,1,444,6,-0.12049463081461807,0,275,1|0,-0.18973675403436416,-0.1144604463246801,bindi2014_rhyp,5.0,2015-01-01,3.0,0
151,46,-0.3990243073066657,1,444,11,-0.2721551222643492,0,275,1|0,-0.356157217030976,-0.2661209377744112,bindi2014_rhyp,5.0,2015-01-01,3.0,0
159,26,-0.37156468314266244,1,444,7,-0.3598212605805488,0,275,1|0,-0.32869759286697275,-0.35378707609061083,bindi2014_rhyp,5.0,2015-01-01,3.0,0
162,21,0.19706981851545696,1,444,5,0.11944965355807625,0,275,1|0,0.23993690879114668,0.12548383804801425,bindi2014_rhyp,5.0,2015-01-01,3.0,0
170,38,0.4988529449206371,1,444,7,0.510760962405195,0,275,1|0,0.5417200351963268,0.516795146895133,bindi2014_rhyp,5.0,2015-01-01,3.0,0
171,29,0.42042903250660546,1,444,6,0.5189659158512328,0,275,1|0,0.46329612278229515,0.5250001003411707,bindi2014_rhyp,5.0,2015-01-01,3.0,0
174,38,-0.09244449750012429,1,444,12,-0.04032048353745442,0,275,1|0,-0.04957740722443458,-0.034286299047516434,bindi2014_rhyp,5.0,2015-01-01,3.0,0
175,29,-0.20181974867512986,1,444,6,-0.08956710880162884,0,275,1|0,-0.15895265839944014,-0.08353292431169086,bindi2014_rhyp,5.0,2015-01-01,3.0,0
176,30,0.2526564440228302,1,444,8,0.2960044813370588,0,275,1|0,0.2955235342985199,0.3020386658269968,bindi2014_rhyp,5.0,2015-01-01,3.0,0
177,27,0.36396009512422045,1,444,6,0.3068631867235266,0,275,1|0,0.40682718539991014,0.31289737121346456,bindi2014_rhyp,5.0,2015-01-01,3.0,0
179,22,-0.16465893214078842,1,444,7,-0.21010764044868113,0,275,1|0,-0.1217918418650987,-0.20407345595874316,bindi2014_rhyp,5.0,2015-01-01,3.0,0
180,19,-0.28177401297375415,1,444,6,-0.21364789933051687,0,275,1|0,-0.23890692269806443,-0.2076137148405789,bindi2014_rhyp,5.0,2015-01-01,3.0,0
185,29,0.23030320556037803,1,444,8,0.18275188895638877,0,275,1|0,0.2731702958360677,0.18878607344632675,bindi2014_rhyp,5.0,2015-01-01,3.0,0
186,32,-0.23426551598898204,1,444,8,-0.22956906614515232,0,275,1|0,-0.19139842571329233,-0.22353488165521435,bindi2014_rhyp,5.0,2015-01-01,3.0,0
190,25,0.04900733648143124,1,444,5,-0.03829400323946461,0,275,1|0,0.09187442675712096,-0.032259818749526624,bindi2014_rhyp,5.0,2015-01-01,3.0,0
194,16,-0.13987973867392478,1,444,6,-0.18536804282446862,0,275,1|0,-0.09701264839823506,-0.17933385833453064,bindi2014_rhyp,5.0,2015-01-01,3.0,0
197,17,-0.03629848851522244,1,444,7,-0.09280117812194047,0,275,1|0,0.006568601760467273,-0.08676699363200249,bindi2014_rhyp,5.0,2015-01-01,3.0,0
199,28,-0.14015901664466612,1,444,9,-0.150239321815364,0,275,1|0,-0.0972919263689764,-0.14420513732542603,bindi2014_rhyp,5.0,2015-01-01,3.0,0
201,23,0.14986604601093362,1,444,5,0.16131131133191795,0,275,1|0,0.19273313628662334,0.16734549582185593,bindi2014_rhyp,5.0,2015-01-01,3.0,0
203,22,0.041362209821644846,1,444,6,0.15611915369195284,0,275,1|0,0.08422930009733456,0.16215333818189082,bindi2014_rhyp,5.0,2015-01-01,3.0,0
274,27,-0.11434780602541161,1,444,6,0.10252484516558198,0,275,1|0,-0.0714807157497219,0.10855902965551996,bindi2014_rhyp,5.0,2015-01-01,3.0,0
282,15,-0.0112782888814571,1,444,5,-0.029171838755283064,0,275,1|0,0.03158880139423261,-0.02313765426534508,bindi2014_rhyp,5.0,2015-01-01,3.0,0
289,17,0.035424219107634825,1,444,6,0.06566615673732025,0,275,1|0,0.07829130938332454,0.07170034122725823,bindi2014_rhyp,5.0,2015-01-01,3.0,0
297,19,-0.09353126658751165,1,444,6,-0.00433060799590225,0,275,1|0,-0.05066417631182194,0.0017035764940357334,bindi2014_rhyp,5.0,2015-01-01,3.0,0
302,22,-0.10219151142971017,1,444,7,0.08894067217014552,0,275,1|0,-0.05932442115402046,0.0949748566600835,bindi2014_rhyp,5.0,2015-01-01,3.0,0
304,20,0.008969385082152226,1,444,9,-0.02454225380263078,0,275,1|0,0.05183647535784194,-0.018508069312692797,bindi2014_rhyp,5.0,2015-01-01,3.0,0
306,25,-0.2438270986090335,1,444,9,-0.1156344341563134,0,275,1|0,-0.2009600083333438,-0.10960024966637542,bindi2014_rhyp,5.0,2015-01-01,3.0,0
308,29,-0.30537396918392345,1,444,9,-0.0854118428692439,0,275,1|0,-0.26250687890823377,-0.07937765837930592,bindi2014_rhyp,5.0,2015-01-01,3.0,0
309,26,0.09318510150670134,1,444,6,0.029479875354695276,0,275,1|0,0.13605219178239106,0.03551405984463326,bindi2014_rhyp,5.0,2015-01-01,3.0,0
310,17,0.03132524125855235,1,444,6,0.2957185281692403,0,275,1|0,0.07419233153424207,0.3017527126591783,bindi2014_rhyp,5.0,2015-01-01,3.0,0
328,17,-0.09893455732149425,1,444,5,0.10035394006627708,0,275,1|0,-0.056067467045804543,0.10638812455621506,bindi2014_rhyp,5.0,2015-01-01,3.0,0
333,24,-0.10021076032684051,1,444,5,0.04772734782734546,0,275,1|0,-0.0573436700511508,0.05376153231728344,bindi2014_rhyp,5.0,2015-01-01,3.0,0
335,23,0.03431289437892715,1,444,5,0.13214175368242664,0,275,1|0,0.07717998465461687,0.13817593817236462,bindi2014_rhyp,5.0,2015-01-01,3.0,0
340,18,-0.08315633035275638,1,444,5,0.03011757157633964,0,275,1|0,-0.04028924007706667,0.03615175606627762,bindi2014_rhyp,5.0,2015-01-01,3.0,0
344,26,0.25959001393966213,1,444,8,0.28856205483211145,0,275,1|0,0.3024571042153518,0.2945962393220494,bindi2014_rhyp,5.0,2015-01-01,3.0,0
345,19,-0.03390293786160825,1,444,7,0.16523260712711602,0,275,1|0,0.00896415241408146,0.171266791617054,bindi2014_rhyp,5.0,2015-01-01,3.0,0
346,16,-0.22949263544485687,1,444,6,0.03088897223045657,0,275,1|0,-0.18662554516916716,0.036923156720394555,bindi2014_rhyp,5.0,2015-01-01,3.0,0
352,20,0.3625786151942987,1,444,6,0.3500832255234252,0,275,1|0,0.40544570546998837,0.35611741001336317,bindi2014_rhyp,5.0,2015-01-01,3.0,0
354,29,-0.11981634510217665,1,444,8,-0.1137649689700715,0,275,1|0,-0.07694925482648693,-0.10773078448013353,bindi2014_rhyp,5.0,2015-01-01,3.0,0
13,33,0.020907982526837898,1,443,6,0.11295389892640975,0,298,1|0,0.039186466733465986,0.12259603851078914,bindi2014_rhyp,5.0,2015-01-01,3.0,1
16,18,-0.2579983523995899,1,443,5,-0.1819507934441587,0,298,1|0,-0.23971986819296182,-0.1723086538597793,bindi2014_rhyp,5.0,2015-01-01,3.0,1
42,27,0.06385968799308495,1,443,10,0.10161648041871149,0,298,1|0,0.08213817219971303,0.11125862000309088,bindi2014_rhyp,5.0,2015-01-01,3.0,1
43,27,-0.2715846907501068,1,443,8,-0.08235134514466774,0,298,1|0,-0.25330620654347874,-0.07270920556028836,bindi2014_rhyp,5.0,2015-01-01,3.0,1
45,28,-0.06702344132443849,1,443,7,-0.14874050585306692,0,298,1|0,-0.048744957117810406,-0.13909836626868752,bindi2014_rhyp,5.0,2015-01-01,3.0,1
46,30,-0.11066699229347432,1,443,5,0.04212643900992036,0,298,1|0,-0.09238850808684623,0.051768578594299744,bindi2014_rhyp,5.0,2015-01-01,3.0,1
67,37,-0.11905080799773149,1,443,10,-0.022065176575100154,0,298,1|0,-0.1007723237911034,-0.012423036990720764,bindi2014_rhyp,5.0,2015-01-01,3.0,1
74,28,-0.0985244236672248,1,443,7,0.11191861678176554,0,298,1|0,-0.08024593946059672,0.12156075636614493,bindi2014_rhyp,5.0,2015-01-01,3.0,1
75,42,-0.024268909684589945,1,443,13,-0.016362614220939653,0,298,1|0,-0.005990425477961862,-0.006720474636560263,bindi2014_rhyp,5.0,2015-01-01,3.0,1
76,27,-0.33020023680216226,1,443,5,-0.5617897497604969,0,298,1|0,-0.3119217525955342,-0.5521476101761175,bindi2014_rhyp,5.0,2015-01-01,3.0,1
79,27,-0.022386575858019953,1,443,7,-0.0572261822037099,0,298,1|0,-0.004108091651391869,-0.04758404261933051,bindi2014_rhyp,5.0,2015-01-01,3.0,1
84,21,-0.21068788594469567,1,443,7,-0.17706545294574288,0,298,1|0,-0.1924094017380676,-0.16742331336136348,bindi2014_rhyp,5.0,2015-01-01,3.0,1
87,35,0.23767344737241602,1,443,11,0.210899545436692,0,298,1|0,0.2559519315790441,0.2205416850210714,bindi2014_rhyp,5.0,2015-01-01,3.0,1
88,34,0.17076040381500945,1,443,16,0.14798253477098985,0,298,1|0,0.18903888802163754,0.15762467435536925,bindi2014_rhyp,5.0,2015-01-01,3.0,1
89,41,-0.30944142785617457,1,443,7,-0.24421188643121094,0,298,1|0,-0.2911629436495465,-0.23456974684683154,bindi2014_rhyp,5.0,2015-01-01,3.0,1
91,19,-0.21638900892787116,1,443,5,-0.07722412330685874,0,298,1|0,-0.19811052472124308,-0.06758198372247935,bindi2014_rhyp,5.0,2015-01-01,3.0,1
100,15,0.018693039925907318,1,443,8,0.19464497329274807,0,298,1|0,0.036971524132535405,0.20428711287712747,bindi2014_rhyp,5.0,2015-01-01,3.0,1
103,29,0.40166701080787226,1,443,5,0.6098068598473829,0,298,1|0,0.41994549501450035,0.6194489994317623,bindi2014_rhyp,5.0,2015-01-01,3.0,1
115,31,-0.12867770612859541,1,443,10,-0.12437704876456357,0,298,1|0,-0.11039922192196733,-0.11473490918018418,bindi2014_rhyp,5.0,2015-01-01,3.0,1
116,27,-0.10399874187498492,1,443,13,-0.16890587398727036,0,298,1|0,-0.08572025766835684,-0.15926373440289096,bindi2014_rhyp,5.0,2015-01-01,3.0,1
120,21,0.2501274293309735,1,443,6,0.23956692104357127,0,298,1|0,0.26840591353760157,0.24920906062795067,bindi2014_rhyp,5.0,2015-01-01,3.0,1
122,24,-0.15092712244866036,1,443,10,-0.14430667106927364,0,298,1|0,-0.13264863824203227,-0.13466453148489424,bindi2014_rhyp,5.0,2015-01-01,3.0,1
136,17,-0.037775988326874455,1,443,6,-0.046889517122172486,0,298,1|0,-0.01949750412024637,-0.0372473775377931,bindi2014_rhyp,5.0,2015-01-01,3.0,1
138,30,-0.07296692683126704,1,443,10,-0.07392901242907435,0,298,1|0,-0.054688442624638955,-0.06428687284469496,bindi2014_rhyp,5.0,2015-01-01,3.0,1
140,19,-0.15253810880613616,1,443,8,-0.0763577347493612,0,298,1|0,-0.13425962459950808,-0.06671559516498181,bindi2014_rhyp,5.0,2015-01-01,3.0,1
144,36,0.2892988453417207,1,443,9,0.44018966644739904,0,298,1|0,0.30757732954834877,0.4498318060317784,bindi2014_rhyp,5.0,2015-01-01,3.0,1
145,21,-0.047120081325802254,1,443,8,0.07652070096549429,0,298,1|0,-0.02884159711917417,0.08616284054987368,bindi2014_rhyp,5.0,2015-01-01,3.0,1
147,33,-0.1320571439691457,1,443,10,0.0012252551200102046,0,298,1|0,-0.11377865976251761,0.010867394704389594,bindi2014_rhyp,5.0,2015-01-01,3.0,1
149,26,-0.19959706463270654,1,443,8,-0.22415238380785818,0,298,1|0,-0.18131858042607846,-0.21451024422347878,bindi2014_rhyp,5.0,2015-01-01,3.0,1
151,44,-0.3770652828689637,1,443,13,-0.33948919446058723,0,298,1|0,-0.3587867986623356,-0.32984705487620786,bindi2014_rhyp,5.0,2015-01-01,3.0,1
156,15,0.17109182560219133,1,443,5,0.049722281158066484,0,298,1|0,0.18937030980881941,0.05936442074244587,bindi2014_rhyp,5.0,2015-01-01,3.0,1
159,23,-0.4082282773684156,1,443,10,-0.279635599398797,0,298,1|0,-0.3899497931617875,-0.26999345981441764,bindi2014_rhyp,5.0,2015-01-01,3.0,1
162,21,0.17418518048978998,1,443,5,0.19857219194061607,0,298,1|0,0.19246366469641807,0.20821433152499547,bindi2014_rhyp,5.0,2015-01-01,3.0,1
165,23,0.006787145407279649,1,443,7,-0.04881972008154484,0,298,1|0,0.025065629613907733,-0.03917758049716545,bindi2014_rhyp,5.0,2015-01-01,3.0,1
170,34,0.49725984957652586,1,443,11,0.48993434259440605,0,298,1|0,0.515538333783154,0.4995764821787854,bindi2014_rhyp,5.0,2015-01-01,3.0,1
171,25,0.43063948859172463,1,443,10,0.4456913466283599,0,298,1|0,0.4489179727983527,0.4553334862127393,bindi2014_rhyp,5.0,2015-01-01,3.0,1
174,37,-0.09572839054349846,1,443,13,-0.04532374547947993,0,298,1|0,-0.07744990633687038,-0.03568160589510054,bindi2014_rhyp,5.0,2015-01-01,3.0,1
175,24,-0.1686710885010746,1,443,11,-0.19501857982819337,0,298,1|0,-0.1503926042944465,-0.18537644024381397,bindi2014_rhyp,5.0,2015-01-01,3.0,1
176,27,0.2540372774096886,1,443,11,0.2756879395408625,0,298,1|0,0.2723157616163167,0.2853300791252419,bindi2014_rhyp,5.0,2015-01-01,3.0,1
177,28,0.37743313529993017,1,443,5,0.27016985921055287,0,298,1|0,0.39571161950655825,0.27981199879493224,bindi2014_rhyp,5.0,2015-01-01,3.0,1
179,24,-0.19138865157268214,1,443,5,-0.10547233940330558,0,298,1|0,-0.17311016736605406,-0.0958301998189262,bindi2014_rhyp,5.0,2015-01-01,3.0,1
180,19,-0.23906020906735648,1,443,6,-0.3363513143167506,0,298,1|0,-0.2207817248607284,-0.3267091747323712,bindi2014_rhyp,5.0,2015-01-01,3.0,1
185,31,0.18600188745260482,1,443,6,0.42672607018884573,0,298,1|0,0.2042803716592329,0.4363682097732251,bindi2014_rhyp,5.0,2015-01-01,3.0,1
186,29,-0.2185954866161519,1,443,11,-0.2768808624738446,0,298,1|0,-0.20031700240952383,-0.2672387228894652,bindi2014_rhyp,5.0,2015-01-01,3.0,1
190,24,0.04023688086752075,1,443,6,-0.003098446635081409,0,298,1|0,0.05851536507414884,0.006543692949297981,bindi2014_rhyp,5.0,2015-01-01,3.0,1
194,16,-0.18609022397253772,1,443,6,-0.08777056441298231,0,298,1|0,-0.16781173976590963,-0.07812842482860292,bindi2014_rhyp,5.0,2015-01-01,3.0,1
197,16,-0.1378519731162322,1,443,8,0.10494779990734637,0,298,1|0,-0.11957348890960412,0.11458993949172576,bindi2014_rhyp,5.0,2015-01-01,3.0,1
199,26,-0.1286652953094123,1,443,11,-0.18656309002017957,0,298,1|0,-0.1103868111027842,-0.17692095043580017,bindi2014_rhyp,5.0,2015-01-01,3.0,1
201,17,0.14061280902083867,1,443,11,0.1555192675587199,0,298,1|0,0.15889129322746676,0.1651614071430993,bindi2014_rhyp,5.0,2015-01-01,3.0,1
203,17,0.0621795066928717,1,443,11,0.0676139550053074,0,298,1|0,0.08045799089949979,0.07725609458968678,bindi2014_rhyp,5.0,2015-01-01,3.0,1
274,24,-0.03145587375636805,1,443,9,-0.18557221975416438,0,298,1|0,-0.013177389549739963,-0.17593008016978498,bindi2014_rhyp,5.0,2015-01-01,3.0,1
282,15,-0.024019166677550996,1,443,5,0.009032709909584768,0,298,1|0,-0.005740682470922912,0.018674849493964158,bindi2014_rhyp,5.0,2015-01-01,3.0,1
288,21,-0.07665522465902275,1,443,9,-0.1197098387584496,0,298,1|0,-0.05837674045239466,-0.11006769917407021,bindi2014_rhyp,5.0,2015-01-01,3.0,1
289,18,0.054239505715526604,1,443,5,-0.002499256198397304,0,298,1|0,0.07251798992215469,0.007142883385982086,bindi2014_rhyp,5.0,2015-01-01,3.0,1
297,18,-0.05093190069041309,1,443,7,-0.14285231904489742,0,298,1|0,-0.032653416483785,-0.13321017946051802,bindi2014_rhyp,5.0,2015-01-01,3.0,1
302,22,-0.024521774816565367,1,443,7,-0.17104665581275552,0,298,1|0,-0.006243290609937283,-0.16140451622837612,bindi2014_rhyp,5.0,2015-01-01,3.0,1
304,24,0.03249222001382934,1,443,5,-0.18576666975465983,0,298,1|0,0.05077070422045743,-0.17612453017028043,bindi2014_rhyp,5.0,2015-01-01,3.0,1
306,29,-0.19198717831056933,1,443,5,-0.30983287284362293,0,298,1|0,-0.17370869410394124,-0.30019073325924356,bindi2014_rhyp,5.0,2015-01-01,3.0,1
308,30,-0.24528588607626234,1,443,8,-0.2726499175537943,0,298,1|0,-0.22700740186963425,-0.26300777796941494,bindi2014_rhyp,5.0,2015-01-01,3.0,1
309,23,0.07761520124423116,1,443,9,0.10618656711045654,0,298,1|0,0.09589368545085925,0.11582870669483593,bindi2014_rhyp,5.0,2015-01-01,3.0,1
310,16,0.08630346720648313,1,443,7,0.12025005317934243,0,298,1|0,0.10458195141311122,0.12989219276372183,bindi2014_rhyp,5.0,2015-01-01,3.0,1
333,22,-0.05587576737465738,1,443,7,-0.1259753329390712,0,298,1|0,-0.037597283168029294,-0.11633319335469182,bindi2014_rhyp,5.0,2015-01-01,3.0,1
335,21,0.0947358747620996,1,443,7,-0.05150945640385407,0,298,1|0,0.11301435896872769,-0.041867316819474684,bindi2014_rhyp,5.0,2015-01-01,3.0,1
340,17,-0.062211616373082146,1,443,6,-0.04655898400185482,0,298,1|0,-0.04393313216645406,-0.03691684441747543,bindi2014_rhyp,5.0,2015-01-01,3.0,1
344,25,0.3068752726544706,1,443,9,0.15998063877282917,0,298,1|0,0.3251537568610987,0.16962277835720857,bindi2014_rhyp,5.0,2015-01-01,3.0,1
345,20,0.03588662664495923,1,443,6,-0.0518549957077295,0,298,1|0,0.05416511085158732,-0.042212856123350115,bindi2014_rhyp,5.0,2015-01-01,3.0,1
346,17,-0.17351751658183578,1,443,5,-0.11857364344339039,0,298,1|0,-0.1552390323752077,-0.108931503859011,bindi2014_rhyp,5.0,2015-01-01,3.0,1
352,20,0.37195167350387304,1,443,6,0.3238285978976818,0,298,1|0,0.3902301577105011,0.3334707374820612,bindi2014_rhyp,5.0,2015-01-01,3.0,1
353,16,0.028881519496867236,1,443,5,-0.0026453271587400518,0,298,1|0,0.04716000370349532,0.006996812425639338,bindi2014_rhyp,5.0,2015-01-01,3.0,1
354,31,-0.09496718808301152,1,443,6,-0.2470981490539601,0,298,1|0,-0.07668870387638343,-0.2374560094695807,bindi2014_rhyp,5.0,2015-01-01,3.0,1
13,32,0.04230350259921989,1,445,7,0.02290974849239369,0,285,1|0,0.0516730934134178,0.03814556758532356,bindi2014_rhyp,5.0,2015-01-01,3.0,2
16,18,-0.16010924898686585,1,445,5,-0.5925352798090513,0,285,1|0,-0.15073965817266793,-0.5772994607161215,bindi2014_rhyp,5.0,2015-01-01,3.0,2
25,23,-0.09167755533177857,1,445,7,-0.18592437862990033,0,285,1|0,-0.08230796451758066,-0.17068855953697046,bindi2014_rhyp,5.0,2015-01-01,3.0,2
31,19,0.10569846762454888,1,445,5,0.009157813473128162,0,285,1|0,0.11506805843874679,0.02439363256605803,bindi2014_rhyp,5.0,2015-01-01,3.0,2
40,28,-0.016098796024025863,1,445,9,-0.15216736600954675,0,285,1|0,-0.006729205209827949,-0.13693154691661688,bindi2014_rhyp,5.0,2015-01-01,3.0,2
41,23,0.12909035791808932,1,445,8,-0.040022712384485376,0,285,1|0,0.13845994873228723,-0.02478689329155551,bindi2014_rhyp,5.0,2015-01-01,3.0,2
42,32,0.09280005111829764,1,445,5,-0.056620366536086375,0,285,1|0,0.10216964193249556,-0.041384547443156505,bindi2014_rhyp,5.0,2015-01-01,3.0,2
45,29,-0.07086346332309701,1,445,6,-0.14385025780816604,0,285,1|0,-0.061493872508899095,-0.12861443871523617,bindi2014_rhyp,5.0,2015-01-01,3.0,2
46,27,-0.07584828133453658,1,445,8,-0.2121318136242367,0,285,1|0,-0.06647869052033867,-0.19689599453130682,bindi2014_rhyp,5.0,2015-01-01,3.0,2
52,22,0.11852887025238945,1,445,8,-0.06049822532515722,0,285,1|0,0.12789846106658737,-0.045262406232227353,bindi2014_rhyp,5.0,2015-01-01,3.0,2
55,22,0.2769277944433779,1,445,5,0.06242433790366306,0,285,1|0,0.2862973852575758,0.07766015699659293,bindi2014_rhyp,5.0,2015-01-01,3.0,2
67,37,-0.08796023740835568,1,445,10,-0.1250033913218704,0,285,1|0,-0.07859064659415776,-0.10976757222894054,bindi2014_rhyp,5.0,2015-01-01,3.0,2
74,29,-0.04018934610060032,1,445,6,-0.06160685837068103,0,285,1|0,-0.030819755286402406,-0.04637103927775116,bindi2014_rhyp,5.0,2015-01-01,3.0,2
75,44,-0.0308275681316309,1,445,11,0.031650305518453825,0,285,1|0,-0.021457977317432986,0.046886124611383695,bindi2014_rhyp,5.0,2015-01-01,3.0,2
76,27,-0.3372621517057808,1,445,5,-0.5503651732954049,0,285,1|0,-0.32789256089158286,-0.5351293542024751,bindi2014_rhyp,5.0,2015-01-01,3.0,2
87,38,0.23183711851502264,1,445,8,0.23039749258842424,0,285,1|0,0.24120670932922056,0.2456333116813541,bindi2014_rhyp,5.0,2015-01-01,3.0,2
88,42,0.1366779289218466,1,445,8,0.2699830163550102,0,285,1|0,0.14604751973604452,0.2852188354479401,bindi2014_rhyp,5.0,2015-01-01,3.0,2
89,39,-0.2897612921978414,1,445,9,-0.3760119871406733,0,285,1|0,-0.2803917013836435,-0.36077616804774343,bindi2014_rhyp,5.0,2015-01-01,3.0,2
91,18,-0.17678811505175052,1,445,6,-0.2819624556163908,0,285,1|0,-0.1674185242375526,-0.2667266365234609,bindi2014_rhyp,5.0,2015-01-01,3.0,2
103,27,0.4542135021736588,1,445,7,0.29853269355022083,0,285,1|0,0.4635830929878567,0.3137685126431507,bindi2014_rhyp,5.0,2015-01-01,3.0,2
115,33,-0.10775867104009051,1,445,8,-0.26208582705860783,0,285,1|0,-0.0983890802258926,-0.24685000796567796,bindi2014_rhyp,5.0,2015-01-01,3.0,2
116,34,-0.13762869187807802,1,445,6,-0.07505680741077972,0,285,1|0,-0.1282591010638801,-0.05982098831784985,bindi2014_rhyp,5.0,2015-01-01,3.0,2
140,21,-0.12661057096485073,1,445,6,-0.12958374984953733,0,285,1|0,-0.11724098015065282,-0.11434793075660746,bindi2014_rhyp,5.0,2015-01-01,3.0,2
144,35,0.3305803012295986,1,445,10,0.20079454388729262,0,285,1|0,0.3399498920437965,0.2160303629802225,bindi2014_rhyp,5.0,2015-01-01,3.0,2
145,22,-0.018995291065577624,1,445,7,-0.1101603871696942,0,285,1|0,-0.00962570025137971,-0.09492456807676433,bindi2014_rhyp,5.0,2015-01-01,3.0,2
147,37,-0.08988996068976585,1,445,6,-0.09175830947020816,0,285,1|0,-0.08052036987556793,-0.07652249037727829,bindi2014_rhyp,5.0,2015-01-01,3.0,2
149,27,-0.17476994015693914,1,445,7,-0.3402512484910546,0,285,1|0,-0.16540034934274123,-0.3250154293981247,bindi2014_rhyp,5.0,2015-01-01,3.0,2
151,47,-0.3724139958210616,1,445,10,-0.3436449396132679,0,285,1|0,-0.3630444050068637,-0.32840912052033805,bindi2014_rhyp,5.0,2015-01-01,3.0,2
159,27,-0.35444495973461987,1,445,6,-0.4465891478966515,0,285,1|0,-0.34507536892042195,-0.4313533288037216,bindi2014_rhyp,5.0,2015-01-01,3.0,2
161,20,0.41261323931123417,1,445,5,0.33556056625838604,0,285,1|0,0.4219828301254321,0.3507963853513159,bindi2014_rhyp,5.0,2015-01-01,3.0,2
162,21,0.2003783429422103,1,445,5,0.08771904737529261,0,285,1|0,0.2097479337564082,0.10295486646822248,bindi2014_rhyp,5.0,2015-01-01,3.0,2
170,37,0.4922765796447975,1,445,8,0.5057248211555353,0,285,1|0,0.5016461704589954,0.5209606402484651,bindi2014_rhyp,5.0,2015-01-01,3.0,2
171,29,0.4441582160913135,1,445,6,0.37809268822359887,0,285,1|0,0.4535278069055114,0.39332850731652874,bindi2014_rhyp,5.0,2015-01-01,3.0,2
174,43,-0.10528184604388657,1,445,7,0.024130015849447628,0,285,1|0,-0.09591225522968866,0.0393658349423775,bindi2014_rhyp,5.0,2015-01-01,3.0,2
175,28,-0.2202301259065068,1,445,7,-0.013099439162670978,0,285,1|0,-0.2108605350923089,0.002136379930258888,bindi2014_rhyp,5.0,2015-01-01,3.0,2
176,33,0.24581378768129886,1,445,5,0.35593976119295323,0,285,1|0,0.25518337849549677,0.3711755802858831,bindi2014_rhyp,5.0,2015-01-01,3.0,2
177,26,0.3583452611157409,1,445,7,0.35272620386845777,0,285,1|0,0.3677148519299388,0.36796202296138764,bindi2014_rhyp,5.0,2015-01-01,3.0,2
179,22,-0.131524877676665,1,445,7,-0.33688573444879955,0,285,1|0,-0.12215528686246707,-0.3216499153558697,bindi2014_rhyp,5.0,2015-01-01,3.0,2
180,19,-0.30757094160023235,1,445,6,-0.11222680169157165,0,285,1|0,-0.29820135078603444,-0.09699098259864178,bindi2014_rhyp,5.0,2015-01-01,3.0,2
185,31,0.2580545399624183,1,445,6,0.0213749449589756,0,285,1|0,0.2674241307766162,0.03661076405190547,bindi2014_rhyp,5.0,2015-01-01,3.0,2
186,33,-0.2529008291712712,1,445,7,-0.14596976366072997,0,285,1|0,-0.2435312383570733,-0.1307339445678001,bindi2014_rhyp,5.0,2015-01-01,3.0,2
281,15,-0.07764795536128466,1,445,5,-0.03755588089246001,0,285,1|0,-0.06827836454708675,-0.022320061799530142,bindi2014_rhyp,5.0,2015-01-01,3.0,2
282,15,-0.062299972162526585,1,445,5,0.11403283537534188,0,285,1|0,-0.05293038134832867,0.12926865446827174,bindi2014_rhyp,5.0,2015-01-01,3.0,2
288,24,-0.04410797379287257,1,445,6,-0.20701705360078806,0,285,1|0,-0.03473838297867465,-0.1917812345078582,bindi2014_rhyp,5.0,2015-01-01,3.0,2
289,17,-0.00398987007777174,1,445,6,0.17015948308614895,0,285,1|0,0.0053797207364261745,0.18539530217907882,bindi2014_rhyp,5.0,2015-01-01,3.0,2
302,23,-0.09281522471643888,1,445,6,0.04990125488933625,0,285,1|0,-0.08344563390224097,0.06513707398226612,bindi2014_rhyp,5.0,2015-01-01,3.0,2
304,22,-0.09657762744652731,1,445,7,0.2565974924469915,0,285,1|0,-0.0872080366323294,0.27183331153992135,bindi2014_rhyp,5.0,2015-01-01,3.0,2
306,25,-0.24654865694522776,1,445,9,-0.10179440478060373,0,285,1|0,-0.23717906613102985,-0.08655858568767386,bindi2014_rhyp,5.0,2015-01-01,3.0,2
308,30,-0.270911849832707,1,445,8,-0.19642029705796007,0,285,1|0,-0.2615422590185091,-0.1811844779650302,bindi2014_rhyp,5.0,2015-01-01,3.0,2
309,25,0.04538949615556881,1,445,7,0.2239450997510597,0,285,1|0,0.054759086969766724,0.23918091884398957,bindi2014_rhyp,5.0,2015-01-01,3.0,2
328,15,-0.09535233696601875,1,445,7,0.07072692373359211,0,285,1|0,-0.08598274615182083,0.08596274282652198,bindi2014_rhyp,5.0,2015-01-01,3.0,2
333,22,-0.11820795149001129,1,445,7,0.07757937013607763,0,285,1|0,-0.10883836067581337,0.0928151892290075,bindi2014_rhyp,5.0,2015-01-01,3.0,2
335,21,0.03669604982346769,1,445,7,0.12016082710568904,0,285,1|0,0.046065640637665606,0.1353966461986189,bindi2014_rhyp,5.0,2015-01-01,3.0,2
340,17,-0.050048188460077636,1,445,6,-0.06459860086778466,0,285,1|0,-0.04067859764587972,-0.049362781774854786,bindi2014_rhyp,5.0,2015-01-01,3.0,2
344,28,0.26343439760347964,1,445,6,0.2749129601860854,0,285,1|0,0.27280398841767756,0.2901487792790153,bindi2014_rhyp,5.0,2015-01-01,3.0,2
345,19,0.04180026252101393,1,445,7,-0.05022275252550876,0,285,1|0,0.051169853335211846,-0.03498693343257889,bindi2014_rhyp,5.0,2015-01-01,3.0,2
346,17,-0.14329113931683013,1,445,5,-0.22557615995430416,0,285,1|0,-0.13392154850263221,-0.2103403408613743,bindi2014_rhyp,5.0,2015-01-01,3.0,2
352,19,0.2801198498567951,1,445,7,0.578379818960568,0,285,1|0,0.289489440670993,0.5936156380534978,bindi2014_rhyp,5.0,2015-01-01,3.0,2
353,15,0.026134135149793514,1,445,6,0.010590263258108357,0,285,1|0,0.03550372596399143,0.025826082351038223,bindi2014_rhyp,5.0,2015-01-01,3.0,2
354,27,-0.19052433372295252,1,445,10,0.06856009814591565,0,285,1|0,-0.1811547429087546,0.08379591723884552,bindi2014_rhyp,5.0,2015-01-01,3.0,2
13,29,0.027410257085312584,1,448,10,0.10658810432045907,1,281,1|1,0.011156039568607074,0.10277574225207738,bindi2014_rhyp,5.0,2015-01-01,3.0,3
25,23,-0.14994869592055526,1,448,7,-0.023533383116403295,1,281,1|1,-0.16620291343726076,-0.027345745184784987,bindi2014_rhyp,5.0,2015-01-01,3.0,3
31,19,0.05340974752588834,1,448,5,0.17955362077977322,1,281,1|1,0.03715553000918283,0.1757412587113915,bindi2014_rhyp,5.0,2015-01-01,3.0,3
40,26,-0.07373459344306843,1,448,11,0.03042207189131596,1,281,1|1,-0.08998881095977394,0.026609709822934268,bindi2014_rhyp,5.0,2015-01-01,3.0,3
42,29,0.08194065234627024,1,448,8,0.07386517363363554,1,281,1|1,0.06568643482956472,0.07005281156525385,bindi2014_rhyp,5.0,2015-01-01,3.0,3
43,25,-0.18837621463617904,1,448,10,-0.2971912438628954,1,281,1|1,-0.20463043215288454,-0.3010036059312771,bindi2014_rhyp,5.0,2015-01-01,3.0,3
45,29,-0.0786549415411062,1,448,6,-0.08461736544766474,1,281,1|1,-0.0949091590578117,-0.08842972751604643,bindi2014_rhyp,5.0,2015-01-01,3.0,3
46,27,-0.1048298561740153,1,448,8,-0.11854028516400872,1,281,1|1,-0.12108407369072081,-0.12235264723239041,bindi2014_rhyp,5.0,2015-01-01,3.0,3
47,20,-0.040602997409910135,1,448,5,0.03342419983244127,1,281,1|1,-0.05685721492661565,0.029611837764059578,bindi2014_rhyp,5.0,2015-01-01,3.0,3
52,25,0.061215903196579324,1,448,5,0.10948138850212091,1,281,1|1,0.04496168567987381,0.10566902643373922,bindi2014_rhyp,5.0,2015-01-01,3.0,3
55,22,0.21553299210796747,1,448,5,0.28328492081413714,1,281,1|1,0.19927877459126198,0.27947255874575544,bindi2014_rhyp,5.0,2015-01-01,3.0,3
67,36,-0.06374206206129907,1,448,11,-0.16916594230352366,1,281,1|1,-0.07999627957800458,-0.17297830437190537,bindi2014_rhyp,5.0,2015-01-01,3.0,3
73,16,0.064809058989038,1,448,5,0.2007801772604958,1,281,1|1,0.04855484147233248,0.1969678151921141,bindi2014_rhyp,5.0,2015-01-01,3.0,3
74,26,0.0008802913015944491,1,448,9,-0.20126917349542472,1,281,1|1,-0.01537392621511106,-0.20508153556380643,bindi2014_rhyp,5.0,2015-01-01,3.0,3
75,48,0.005774483590856361,1,448,7,-0.20890926919779607,1,281,1|1,-0.010479733925849149,-0.21272163126617777,bindi2014_rhyp,5.0,2015-01-01,3.0,3
76,26,-0.4096728086659642,1,448,6,-0.248935363072867,1,281,1|1,-0.42592702618266975,-0.2527477251412487,bindi2014_rhyp,5.0,2015-01-01,3.0,3
79,24,-0.044555145936039264,1,448,10,0.040476316830082015,1,281,1|1,-0.06080936345274478,0.03666395476170032,bindi2014_rhyp,5.0,2015-01-01,3.0,3
84,20,-0.13871460555404963,1,448,8,-0.3505673869828908,1,281,1|1,-0.15496882307075513,-0.3543797490512725,bindi2014_rhyp,5.0,2015-01-01,3.0,3
87,37,0.2380641172367976,1,448,9,0.23768341482523592,1,281,1|1,0.2218098997200921,0.23387105275685421,bindi2014_rhyp,5.0,2015-01-01,3.0,3
89,40,-0.2765814343056139,1,448,8,-0.4598086199089958,1,281,1|1,-0.2928356518223194,-0.4636209819773775,bindi2014_rhyp,5.0,2015-01-01,3.0,3
90,15,0.06994713295950383,1,448,5,0.024399984040958222,1,281,1|1,0.05369291544279832,0.02058762197257653,bindi2014_rhyp,5.0,2015-01-01,3.0,3
91,19,-0.20976784444050822,1,448,5,-0.12223607076211418,1,281,1|1,-0.22602206195721372,-0.12604843283049588,bindi2014_rhyp,5.0,2015-01-01,3.0,3
100,16,0.08366669886815825,1,448,7,0.06719620426070749,1,281,1|1,0.06741248135145274,0.0633838421923258,bindi2014_rhyp,5.0,2015-01-01,3.0,3
103,26,0.4332272647531962,1,448,8,0.3717005918751536,1,281,1|1,0.41697304723649065,0.3678882298067719,bindi2014_rhyp,5.0,2015-01-01,3.0,3
115,35,-0.1712686011911395,1,448,6,-0.0182100626316275,1,281,1|1,-0.187522818707845,-0.022022424700009192,bindi2014_rhyp,5.0,2015-01-01,3.0,3
120,22,0.24329680159180184,1,448,5,0.282375897476947,1,281,1|1,0.22704258407509634,0.2785635354085653,bindi2014_rhyp,5.0,2015-01-01,3.0,3
122,26,-0.14221888345417155,1,448,8,-0.14443123807448355,1,281,1|1,-0.15847310097087705,-0.14824360014286525,bindi2014_rhyp,5.0,2015-01-01,3.0,3
137,16,-0.15034651759149298,1,448,5,-0.14922589667456054,1,281,1|1,-0.16660073510819848,-0.15303825874294225,bindi2014_rhyp,5.0,2015-01-01,3.0,3
138,30,-0.09076062837970417,1,448,10,0.008300743999112736,1,281,1|1,-0.10701484589640968,0.004488381930731042,bindi2014_rhyp,5.0,2015-01-01,3.0,3
143,15,0.17064594490412388,1,448,5,0.13967804091876357,1,281,1|1,0.15439172738741838,0.13586567885038187,bindi2014_rhyp,5.0,2015-01-01,3.0,3
144,38,0.30134677607725135,1,448,7,0.30874045170729725,1,281,1|1,0.28509255856054583,0.30492808963891554,bindi2014_rhyp,5.0,2015-01-01,3.0,3
145,23,-0.034869063036009396,1,448,6,-0.07337334024451847,1,281,1|1,-0.05112328055271491,-0.07718570231290016,bindi2014_rhyp,5.0,2015-01-01,3.0,3
147,32,-0.055855305683109924,1,448,11,-0.2073426468594698,1,281,1|1,-0.07210952319981544,-0.2111550089278515,bindi2014_rhyp,5.0,2015-01-01,3.0,3
149,27,-0.2334213114256909,1,448,7,-0.1654247402364385,1,281,1|1,-0.2496755289423964,-0.1692371023048202,bindi2014_rhyp,5.0,2015-01-01,3.0,3
151,49,-0.34513866484153255,1,448,8,-0.5306662686172513,1,281,1|1,-0.3613928823582381,-0.534478630685633,bindi2014_rhyp,5.0,2015-01-01,3.0,3
161,17,0.36186746734105396,1,448,8,0.4848037937499394,1,281,1|1,0.34561324982434843,0.4809914316815577,bindi2014_rhyp,5.0,2015-01-01,3.0,3
170,36,0.5053828425488053,1,448,9,0.5035400127749682,1,281,1|1,0.48912862503209975,0.4997276507065865,bindi2014_rhyp,5.0,2015-01-01,3.0,3
171,28,0.4377213039669606,1,448,7,0.46439404272955287,1,281,1|1,0.42146708645025505,0.46058168066117117,bindi2014_rhyp,5.0,2015-01-01,3.0,3
176,32,0.2812520731874669,1,448,6,0.19782912251369306,1,281,1|1,0.2649978556707614,0.19401676044531135,bindi2014_rhyp,5.0,2015-01-01,3.0,3
177,26,0.347981991217643,1,448,7,0.3987284301160753,1,281,1|1,0.3317277737009375,0.3949160680476936,bindi2014_rhyp,5.0,2015-01-01,3.0,3
179,23,-0.2041650431229366,1,448,6,-0.1081870333663818,1,281,1|1,-0.2204192606396421,-0.11199939543476349,bindi2014_rhyp,5.0,2015-01-01,3.0,3
185,29,0.22528831579091482,1,448,8,0.18589524035926774,1,281,1|1,0.20903409827420932,0.18208287829088604,bindi2014_rhyp,5.0,2015-01-01,3.0,3
186,34,-0.20333532882862193,1,448,6,-0.39474527745815113,1,281,1|1,-0.21958954634532743,-0.39855763952653284,bindi2014_rhyp,5.0,2015-01-01,3.0,3
190,24,0.024524223516909582,1,448,6,0.06677995278459298,1,281,1|1,0.008270006000204073,0.06296759071621129,bindi2014_rhyp,5.0,2015-01-01,3.0,3
199,32,-0.1505983385602364,1,448,5,-0.1213696702853988,1,281,1|1,-0.1668525560769419,-0.1251820323537805,bindi2014_rhyp,5.0,2015-01-01,3.0,3
201,22,0.15467041783675417,1,448,6,0.12428128779363168,1,281,1|1,0.13841620032004867,0.12046892572524999,bindi2014_rhyp,5.0,2015-01-01,3.0,3
203,23,0.06025812203364356,1,448,5,0.09114306070624506,1,281,1|1,0.044003904516938044,0.08733069863786337,bindi2014_rhyp,5.0,2015-01-01,3.0,3
354,31,-0.07787409369378928,1,448,6,-0.3070150489301947,1,281,1|1,-0.0941283112104948,-0.3108274109985764,bindi2014_rhyp,5.0,2015-01-01,3.0,3
13,30,0.07192336206747219,1,447,9,-0.060936334964350664,1,291,1|1,0.0851348699760211,-0.07116803820048503,bindi2014_rhyp,5.0,2015-01-01,3.0,4
16,18,-0.3195128870612923,1,447,5,-0.04146317636469593,1,291,1|1,-0.3063013791527434,-0.0516948796008303,bindi2014_rhyp,5.0,2015-01-01,3.0,4
40,29,-0.0577775126576322,1,447,8,-0.018219385204399363,1,291,1|1,-0.04456600474908329,-0.02845108844053373,bindi2014_rhyp,5.0,2015-01-01,3.0,4
41,23,0.08070263145124962,1,447,8,0.1137667665225302,1,291,1|1,0.09391413935979853,0.10353506328639583,bindi2014_rhyp,5.0,2015-01-01,3.0,4
42,30,0.055938201114303865,1,447,7,0.14930765049323064,1,291,1|1,0.06914970902285278,0.13907594725709627,bindi2014_rhyp,5.0,2015-01-01,3.0,4
43,28,-0.2440123572607259,1,447,7,-0.15164527225792915,1,291,1|1,-0.23080084935217698,-0.16187697549406352,bindi2014_rhyp,5.0,2015-01-01,3.0,4
45,27,-0.11840092891295007,1,447,8,0.04456815959910587,1,291,1|1,-0.10518942100440115,0.0343364563629715,bindi2014_rhyp,5.0,2015-01-01,3.0,4
46,29,-0.13142836248158052,1,447,6,-0.0060374637472113135,1,291,1|1,-0.1182168545730316,-0.01626916698334568,bindi2014_rhyp,5.0,2015-01-01,3.0,4
47,18,-0.034713782003245264,1,447,7,0.014533223345856716,1,291,1|1,-0.021502274094696353,0.004301520109722349,bindi2014_rhyp,5.0,2015-01-01,3.0,4
48,18,-0.23008865628701303,1,447,7,-0.1692061366084975,1,291,1|1,-0.2168771483784641,-0.17943783984463188,bindi2014_rhyp,5.0,2015-01-01,3.0,4
52,23,0.06664967153472362,1,447,7,0.09508072376575544,1,291,1|1,0.07986117944327253,0.08484902052962107,bindi2014_rhyp,5.0,2015-01-01,3.0,4
55,20,0.2148298370437901,1,447,7,0.2990463802104176,1,291,1|1,0.22804134495233902,0.2888146769742832,bindi2014_rhyp,5.0,2015-01-01,3.0,4
56,15,0.1496357999626165,1,447,7,0.18585206059516013,1,291,1|1,0.16284730787116541,0.17562035735902576,bindi2014_rhyp,5.0,2015-01-01,3.0,4
67,40,-0.10983290553350689,1,447,7,-0.02419083441934186,1,291,1|1,-0.09662139762495797,-0.03442253765547623,bindi2014_rhyp,5.0,2015-01-01,3.0,4
74,28,-0.07042773104523137,1,447,7,0.028184377934301397,1,291,1|1,-0.057216223136682454,0.01795267469816703,bindi2014_rhyp,5.0,2015-01-01,3.0,4
75,42,-0.015068975362456105,1,447,13,-0.032833981417225405,1,291,1|1,-0.0018574674539071946,-0.043065684653359776,bindi2014_rhyp,5.0,2015-01-01,3.0,4
76,25,-0.3995857469905457,1,447,7,-0.28854210584173684,1,291,1|1,-0.3863742390819968,-0.2987738090778712,bindi2014_rhyp,5.0,2015-01-01,3.0,4
79,26,0.01139571967331926,1,447,8,-0.13063237006817935,1,291,1|1,0.02460722758186817,-0.14086407330431372,bindi2014_rhyp,5.0,2015-01-01,3.0,4
87,36,0.24660870856603906,1,447,10,0.18745396453426771,1,291,1|1,0.259820216474588,0.17722226129813334,bindi2014_rhyp,5.0,2015-01-01,3.0,4
88,39,0.1643434470358448,1,447,11,0.15838740762553832,1,291,1|1,0.17755495494439372,0.14815570438940395,bindi2014_rhyp,5.0,2015-01-01,3.0,4
89,36,-0.3359787351285588,1,447,12,-0.21407222339286286,1,291,1|1,-0.3227672272200099,-0.22430392662899723,bindi2014_rhyp,5.0,2015-01-01,3.0,4
90,15,0.04526639670192889,1,447,5,0.08483442912630818,1,291,1|1,0.058477904610477804,0.0746027258901738,bindi2014_rhyp,5.0,2015-01-01,3.0,4
103,26,0.4057096238842219,1,447,8,0.49002769755170944,1,291,1|1,0.4189211317927708,0.47979599431557507,bindi2014_rhyp,5.0,2015-01-01,3.0,4
115,33,-0.1530600131249491,1,447,8,-0.09498118234842988,1,291,1|1,-0.1398485052164002,-0.10521288558456425,bindi2014_rhyp,5.0,2015-01-01,3.0,4
116,32,-0.1528261290349432,1,447,8,-0.013155925392524526,1,291,1|1,-0.13961462112639428,-0.023387628628658893,bindi2014_rhyp,5.0,2015-01-01,3.0,4
120,19,0.26824892781470255,1,447,8,0.20354794310237778,1,291,1|1,0.28146043572325147,0.1933162398662434,bindi2014_rhyp,5.0,2015-01-01,3.0,4
122,27,-0.13713769641650975,1,447,7,-0.1735830959157651,1,291,1|1,-0.12392618850796083,-0.18381479915189947,bindi2014_rhyp,5.0,2015-01-01,3.0,4
136,16,-0.07561571968164738,1,447,7,0.03831470590214159,1,291,1|1,-0.06240421177309846,0.02808300266600722,bindi2014_rhyp,5.0,2015-01-01,3.0,4
137,16,-0.16422980411872345,1,447,5,-0.10446498729832378,1,291,1|1,-0.15101829621017454,-0.11469669053445815,bindi2014_rhyp,5.0,2015-01-01,3.0,4
138,31,-0.05667705729880146,1,447,9,-0.11432536500191783,1,291,1|1,-0.043465549390252545,-0.1245570682380522,bindi2014_rhyp,5.0,2015-01-01,3.0,4
140,21,-0.1204992534410706,1,447,6,-0.16177775454715496,1,291,1|1,-0.10728774553252168,-0.17200945778328933,bindi2014_rhyp,5.0,2015-01-01,3.0,4
143,15,0.14035680399624828,1,447,5,0.22766903435621666,1,291,1|1,0.1535683119047972,0.2174373311200823,bindi2014_rhyp,5.0,2015-01-01,3.0,4
144,36,0.30073730039281743,1,447,9,0.30674519733500144,1,291,1|1,0.31394880830136634,0.29651349409886707,bindi2014_rhyp,5.0,2015-01-01,3.0,4
147,34,-0.0999984853373278,1,447,9,-0.07536502157177255,1,291,1|1,-0.08678697742877889,-0.08559672480790692,bindi2014_rhyp,5.0,2015-01-01,3.0,4
149,28,-0.22127438407609323,1,447,6,-0.18585414775230627,1,291,1|1,-0.20806287616754432,-0.19608585098844064,bindi2014_rhyp,5.0,2015-01-01,3.0,4
151,42,-0.3643060449478689,1,447,15,-0.3888670131718108,1,291,1|1,-0.35109453703932,-0.3990987164079452,bindi2014_rhyp,5.0,2015-01-01,3.0,4
159,26,-0.3898507349337652,1,447,7,-0.3035778866483056,1,291,1|1,-0.3766392270252163,-0.31380958988443997,bindi2014_rhyp,5.0,2015-01-01,3.0,4
161,20,0.39988409721135476,1,447,5,0.3799886816341001,1,291,1|1,0.4130956051199037,0.36975697839796573,bindi2014_rhyp,5.0,2015-01-01,3.0,4
162,19,0.16324288347597532,1,447,7,0.2309488504838857,1,291,1|1,0.17645439138452423,0.22071714724775132,bindi2014_rhyp,5.0,2015-01-01,3.0,4
165,19,-0.028553840149414644,1,447,11,0.038597808493167574,1,291,1|1,-0.015342332240865734,0.028366105257033206,bindi2014_rhyp,5.0,2015-01-01,3.0,4
170,35,0.5000525371225053,1,447,10,0.48469540795687543,1,291,1|1,0.5132640450310542,0.47446370472074106,bindi2014_rhyp,5.0,2015-01-01,3.0,4
171,29,0.44642252302309626,1,447,6,0.3699875227051124,1,291,1|1,0.4596340309316452,0.35975581946897806,bindi2014_rhyp,5.0,2015-01-01,3.0,4
174,36,-0.0662786059194117,1,447,14,-0.12196480376936904,1,291,1|1,-0.05306709801086279,-0.1321965070055034,bindi2014_rhyp,5.0,2015-01-01,3.0,4
175,26,-0.14698428850073708,1,447,9,-0.2848264715584512,1,291,1|1,-0.13377278059218817,-0.29505817479458557,bindi2014_rhyp,5.0,2015-01-01,3.0,4
176,30,0.2749424363227201,1,447,8,0.20361429685335747,1,291,1|1,0.288153944231269,0.1933825936172231,bindi2014_rhyp,5.0,2015-01-01,3.0,4
177,25,0.33563088165126853,1,447,8,0.42985763340173094,1,291,1|1,0.34884238955981745,0.4196259301655966,bindi2014_rhyp,5.0,2015-01-01,3.0,4
185,28,0.193902104679402,1,447,9,0.2945711731330896,1,291,1|1,0.2071136125879509,0.28433946989695524,bindi2014_rhyp,5.0,2015-01-01,3.0,4
186,32,-0.2663744480378274,1,447,8,-0.10217206696295887,1,291,1|1,-0.2531629401292785,-0.11240377019909324,bindi2014_rhyp,5.0,2015-01-01,3.0,4
190,21,-0.011298296188918533,1,447,9,0.12819191649082035,1,291,1|1,0.0019132117196303776,0.11796021325468597,bindi2014_rhyp,5.0,2015-01-01,3.0,4
199,29,-0.17120353706779923,1,447,8,-0.06816734790619455,1,291,1|1,-0.1579920291592503,-0.07839905114232892,bindi2014_rhyp,5.0,2015-01-01,3.0,4
204,17,0.28547432696912634,1,447,5,0.3540159351684949,1,291,1|1,0.29868583487767525,0.3437842319323605,bindi2014_rhyp,5.0,2015-01-01,3.0,4
274,23,-0.0782612936084125,1,447,10,-0.05379027355590979,1,291,1|1,-0.06504978569986358,-0.06402197679204416,bindi2014_rhyp,5.0,2015-01-01,3.0,4
288,20,-0.12883666943215333,1,447,10,0.03731158256457334,1,291,1|1,-0.11562516152360441,0.027079879328438975,bindi2014_rhyp,5.0,2015-01-01,3.0,4
297,19,-0.07872318368198894,1,447,6,-0.07667255102726425,1,291,1|1,-0.06551167577344003,-0.08690425426339862,bindi2014_rhyp,5.0,2015-01-01,3.0,4
302,22,-0.040436489041082546,1,447,7,-0.12137893243379158,1,291,1|1,-0.027224981132533636,-0.13161063566992595,bindi2014_rhyp,5.0,2015-01-01,3.0,4
304,23,-0.00658589617222527,1,447,6,-0.019553898319847718,1,291,1|1,0.006625611736323641,-0.029785601555982085,bindi2014_rhyp,5.0,2015-01-01,3.0,4
306,26,-0.20094746571639022,1,447,8,-0.2447798324412343,1,291,1|1,-0.1877359578078413,-0.2550115356773687,bindi2014_rhyp,5.0,2015-01-01,3.0,4
308,28,-0.22919338586070015,1,447,10,-0.31529994006381606,1,291,1|1,-0.21598187795215124,-0.32553164329995044,bindi2014_rhyp,5.0,2015-01-01,3.0,4
309,25,0.10820549993354422,1,447,7,-0.016910745654919263,1,291,1|1,0.12141700784209314,-0.02714244889105363,bindi2014_rhyp,5.0,2015-01-01,3.0,4
333,23,-0.059908857224934775,1,447,6,-0.1290591337447097,1,291,1|1,-0.04669734931638586,-0.13929083698084407,bindi2014_rhyp,5.0,2015-01-01,3.0,4
335,21,0.04734382264830689,1,447,7,0.05368355509966172,1,291,1|1,0.0605553305568558,0.043451851863527347,bindi2014_rhyp,5.0,2015-01-01,3.0,4
344,26,0.24640259269861786,1,447,8,0.3152167237191906,1,291,1|1,0.2596141006071668,0.3049850204830562,bindi2014_rhyp,5.0,2015-01-01,3.0,4
346,17,-0.1101685627711192,1,447,5,-0.35648899952464597,1,291,1|1,-0.09695705486257028,-0.36672070276078034,bindi2014_rhyp,5.0,2015-01-01,3.0,4
354,30,-0.11317294385864385,1,447,7,-0.1485765503679442,1,291,1|1,-0.09996143595009493,-0.15880825360407858,bindi2014_rhyp,5.0,2015-01-01,3.0,4
78,10,-0.1062228457460006,0,163,5,-0.3013071285573886,0,136,0|0,-0.14450870854348277,-0.2927305168008769,kotha2020_rjb,4.5,all,1.0,0
79,15,0.062049755092445646,0,163,7,-0.09513011155608928,0,136,0|0,0.023763892294963472,-0.08655349979957758,kotha2020_rjb,4.5,all,1.0,0
84,11,0.03168922428307186,0,163,7,0.04952226896983056,0,136,0|0,-0.006596638514410315,0.058098880726342256,kotha2020_rjb,4.5,all,1.0,0
87,12,-0.381984199471929,0,163,6,-0.5016057822787316,0,136,0|0,-0.4202700622694112,-0.49302917052221995,kotha2020_rjb,4.5,all,1.0,0
89,10,0.23820382025470804,0,163,6,0.2197345231913124,0,136,0|0,0.19991795745722588,0.2283111349478241,kotha2020_rjb,4.5,all,1.0,0
92,11,0.09384672362299676,0,163,7,0.12501403710028378,0,136,0|0,0.055560860825514584,0.13359064885679547,kotha2020_rjb,4.5,all,1.0,0
101,11,-0.09887779023147236,0,163,5,-0.2214043021881871,0,136,0|0,-0.13716365302895453,-0.2128276904316754,kotha2020_rjb,4.5,all,1.0,0
106,10,-0.16186219523432027,0,163,8,-0.1202167164598674,0,136,0|0,-0.20014805803180244,-0.1116401047033557,kotha2020_rjb,4.5,all,1.0,0
108,10,0.16453154767069658,0,163,4,0.10936137273105166,0,136,0|0,0.12624568487321441,0.11793798448756336,kotha2020_rjb,4.5,all,1.0,0
110,15,-0.20734719643816196,0,163,6,-0.251377452434673,0,136,0|0,-0.24563305923564413,-0.24280084067816132,kotha2020_rjb,4.5,all,1.0,0
114,16,-0.19548051542296246,0,163,8,-0.13056588534620758,0,136,0|0,-0.23376637822044463,-0.12198927358969588,kotha2020_rjb,4.5,all,1.0,0
119,11,-0.08552115552465467,0,163,6,-0.03819064258403518,0,136,0|0,-0.12380701832213684,-0.029614030827523483,kotha2020_rjb,4.5,all,1.0,0
125,11,0.23771788424930937,0,163,6,0.17335575313146653,0,136,0|0,0.1994320214518272,0.18193236488797823,kotha2020_rjb,4.5,all,1.0,0
133,10,0.12665107409263524,0,163,4,0.07454947575176543,0,136,0|0,0.08836521129515307,0.08312608750827713,kotha2020_rjb,4.5,all,1.0,0
140,10,0.1527606294203242,0,163,3,0.04529790627177077,0,136,0|0,0.11447476662284203,0.05387451802828247,kotha2020_rjb,4.5,all,1.0,0
148,11,0.40601527276295524,0,163,5,0.31740696606566154,0,136,0|0,0.36772940996547304,0.32598357782217324,kotha2020_rjb,4.5,all,1.0,0
149,12,0.39112199241645784,0,163,5,0.28007736274103595,0,136,0|0,0.35283612961897565,0.28865397449754765,kotha2020_rjb,4.5,all,1.0,0
150,10,0.11146147196937978,0,163,5,-0.031566146916081506,0,136,0|0,0.07317560917189761,-0.02298953515956981,kotha2020_rjb,4.5,all,1.0,0
152,10,0.12881776539631642,0,163,5,0.10390424004762866,0,136,0|0,0.09053190259883426,0.11248085180414036,kotha2020_rjb,4.5,all,1.0,0
156,10,0.23374475390329608,0,163,7,0.17317416419144538,0,136,0|0,0.1954588911058139,0.18175077594795708,kotha2020_rjb,4.5,all,1.0,0
157,13,0.2482866586646053,0,163,6,0.3750589039592036,0,136,0|0,0.21000079586712314,0.3836355157157153,kotha2020_rjb,4.5,all,1.0,0
161,11,-0.059089248536167815,0,163,6,-0.10870572281295846,0,136,0|0,-0.09737511133364998,-0.10012911105644676,kotha2020_rjb,4.5,all,1.0,0
162,20,0.2425477757401452,0,163,7,0.12777025161737832,0,136,0|0,0.20426191294266302,0.13634686337389001,kotha2020_rjb,4.5,all,1.0,0
170,11,0.049709471667524485,0,163,6,-0.11921194533990279,0,136,0|0,0.01142360887004231,-0.11063533358339109,kotha2020_rjb,4.5,all,1.0,0
172,17,-0.11241381279998247,0,163,8,-0.10473786109203911,0,136,0|0,-0.15069967559746464,-0.09616124933552742,kotha2020_rjb,4.5,all,1.0,0
174,10,-0.2897806847729569,0,163,4,-0.252898971046538,0,136,0|0,-0.32806654757043907,-0.24432235929002633,kotha2020_rjb,4.5,all,1.0,0
175,16,0.10958635329807587,0,163,7,-0.00812329205994139,0,136,0|0,0.0713004905005937,0.00045331969657030555,kotha2020_rjb,4.5,all,1.0,0
178,10,-0.048528718677415705,0,163,5,-0.051566769247443606,0,136,0|0,-0.08681458147489787,-0.04299015749093191,kotha2020_rjb,4.5,all,1.0,0
79,18,0.00843215624503113,0,166,4,0.026787464597379698,0,120,0|0,-0.029639743829989233,0.019753429174256817,kotha2020_rjb,4.5,all,1.0,1
84,14,0.02641379562324983,0,166,4,0.06355138669374773,0,120,0|0,-0.011658104451770533,0.05651735127062485,kotha2020_rjb,4.5,all,1.0,1
87,15,-0.42253266979397586,0,166,3,-0.42123862706077125,0,120,0|0,-0.4606045698689962,-0.4282726624838941,kotha2020_rjb,4.5,all,1.0,1
89,13,0.23292861070782317,0,166,3,0.22726096006660274,0,120,0|0,0.1948567106328028,0.22022692464347984,kotha2020_rjb,4.5,all,1.0,1
92,14,0.13234286795456912,0,166,4,0.02575576793913774,0,120,0|0,0.09427096787954875,0.018721732516014857,kotha2020_rjb,4.5,all,1.0,1
101,13,-0.1396864356864836,0,166,3,-0.14052286955043128,0,120,0|0,-0.17775833576150396,-0.14755690497355417,kotha2020_rjb,4.5,all,1.0,1
106,15,-0.13133732855613034,0,166,3,-0.24623231385190553,0,120,0|0,-0.1694092286311507,-0.2532663492750284,kotha2020_rjb,4.5,all,1.0,1
108,11,0.12619293249935828,0,166,3,0.2518902015067806,0,120,0|0,0.08812103242433791,0.2448561660836577,kotha2020_rjb,4.5,all,1.0,1
110,17,-0.20784420389768804,0,166,4,-0.29443381556261655,0,120,0|0,-0.2459161039727084,-0.3014678509857394,kotha2020_rjb,4.5,all,1.0,1
114,19,-0.14772847148586254,0,166,5,-0.2756520389773945,0,120,0|0,-0.18580037156088292,-0.28268607440051735,kotha2020_rjb,4.5,all,1.0,1
119,14,-0.050416952588309694,0,166,3,-0.17214993964127795,0,120,0|0,-0.08848885266333006,-0.17918397506440084,kotha2020_rjb,4.5,all,1.0,1
125,14,0.2102315808613114,0,166,3,0.24544067563674016,0,120,0|0,0.17215968078629104,0.23840664021361727,kotha2020_rjb,4.5,all,1.0,1
127,11,0.36197328487253,0,166,3,0.12775105852996588,0,120,0|0,0.32390138479750963,0.120717023106843,kotha2020_rjb,4.5,all,1.0,1
130,11,-0.15411227743555606,0,166,3,-0.21783534071219168,0,120,0|0,-0.19218417751057643,-0.22486937613531457,kotha2020_rjb,4.5,all,1.0,1
133,11,0.10815963958473321,0,166,3,0.11062158265509418,0,120,0|0,0.07008773950971284,0.1035875472319713,kotha2020_rjb,4.5,all,1.0,1
140,10,0.14413198791597456,0,166,3,0.050073693747044165,0,120,0|0,0.10606008784095419,0.04303965832392129,kotha2020_rjb,4.5,all,1.0,1
149,14,0.3503647488504169,0,166,3,0.38021892125655277,0,120,0|0,0.31229284877539654,0.3731848858334299,kotha2020_rjb,4.5,all,1.0,1
150,12,0.07862308372134094,0,166,3,0.006157522096363402,0,120,0|0,0.04055118364632058,-0.0008765133267594795,kotha2020_rjb,4.5,all,1.0,1
152,12,0.1646712110950983,0,166,3,-0.054396697694680196,0,120,0|0,0.12659931102007793,-0.061430733117803074,kotha2020_rjb,4.5,all,1.0,1
156,13,0.17289569915881253,0,166,4,0.31996510488242985,0,120,0|0,0.13482379908379216,0.312931069459307,kotha2020_rjb,4.5,all,1.0,1
157,15,0.2801309338428214,0,166,4,0.2862313670574315,0,120,0|0,0.24205903376780102,0.27919733163430865,kotha2020_rjb,4.5,all,1.0,1
162,23,0.20456610671520015,0,166,4,0.2037576530930324,0,120,0|0,0.16649420664017978,0.1967236176699095,kotha2020_rjb,4.5,all,1.0,1
172,20,-0.09982688417169211,0,166,5,-0.14653686797239546,0,120,0|0,-0.13789878424671248,-0.15357090339551835,kotha2020_rjb,4.5,all,1.0,1
174,11,-0.25994815461160425,0,166,3,-0.3660292664840058,0,120,0|0,-0.2980200546866246,-0.37306330190712866,kotha2020_rjb,4.5,all,1.0,1
175,18,0.052524955602399975,0,166,5,0.1720902511363907,0,120,0|0,0.014453055527379612,0.1650562157132678,kotha2020_rjb,4.5,all,1.0,1
29,10,-0.12797310401838344,1,80,6,0.26028236244862735,1,67,1|1,-0.08081684432869209,0.08476718365584524,kotha2020_rjb,4.5,all,1.0,2
32,10,-0.011844356824409666,1,80,7,0.13783882688129492,1,67,1|1,0.035311902865281686,-0.03767635191148719,kotha2020_rjb,4.5,all,1.0,2
54,10,-0.1720957775045975,1,80,7,-0.00789147918497276,1,67,1|1,-0.12493951781490616,-0.18340665797775488,kotha2020_rjb,4.5,all,1.0,2
68,11,0.1753026144342134,1,80,5,0.3833107722507067,1,67,1|1,0.22245887412390475,0.2077955934579246,kotha2020_rjb,4.5,all,1.0,2
78,12,-0.12214947635770773,0,166,3,-0.3841905028331403,0,131,0|0,-0.15168135882108907,-0.48701304241220383,kotha2020_rjb,4.5,all,1.0,3
79,18,0.024320010052004265,0,166,4,-0.08536191472092297,0,131,0|0,-0.0052118724113770845,-0.18818445429998648,kotha2020_rjb,4.5,all,1.0,3
82,11,-0.0027752039898403247,0,166,3,0.15248037500513456,0,131,0|0,-0.032307086453221674,0.04965783542607105,kotha2020_rjb,4.5,all,1.0,3
84,15,-0.0054915644472220415,0,166,3,0.1879277731495796,0,131,0|0,-0.03502344691060339,0.08510523357051608,kotha2020_rjb,4.5,all,1.0,3
89,13,0.17345765552683604,0,166,3,0.44755657094398105,0,131,0|0,0.1439257730634547,0.34473403136491754,kotha2020_rjb,4.5,all,1.0,3
91,11,-0.11152814047138582,0,166,3,-0.24025815311788717,0,131,0|0,-0.14106002293476716,-0.3430806926969507,kotha2020_rjb,4.5,all,1.0,3
92,15,0.07865158322166568,0,166,3,0.22215692681205002,0,131,0|0,0.04911970075828433,0.1193343872329865,kotha2020_rjb,4.5,all,1.0,3
96,11,0.15480170985374203,0,166,3,0.35711635776536194,0,131,0|0,0.1252698273903607,0.2542938181862984,kotha2020_rjb,4.5,all,1.0,3
101,13,-0.14841927358273366,0,166,3,-0.13224274901931188,0,131,0|0,-0.177951156046115,-0.2350652885983754,kotha2020_rjb,4.5,all,1.0,3
106,15,-0.18079643269742368,0,166,3,-0.031566515415751895,0,131,0|0,-0.21032831516080502,-0.1343890549948154,kotha2020_rjb,4.5,all,1.0,3
108,11,0.10890827950179807,0,166,3,0.2733032550906904,0,131,0|0,0.07937639703841673,0.1704807155116269,kotha2020_rjb,4.5,all,1.0,3
110,17,-0.22412309907781058,0,166,4,-0.24466392943549303,0,131,0|0,-0.2536549815411919,-0.34748646901455654,kotha2020_rjb,4.5,all,1.0,3
114,21,-0.20358813221108296,0,166,3,-0.03612919040459217,0,131,0|0,-0.2331200146744643,-0.13895172998365568,kotha2020_rjb,4.5,all,1.0,3
119,14,-0.0727508428573847,0,166,3,-0.09697479906327822,0,131,0|0,-0.10228272532076604,-0.19979733864234173,kotha2020_rjb,4.5,all,1.0,3
120,12,-0.21885258448387102,0,166,3,-0.0621168429018667,0,131,0|0,-0.24838446694725236,-0.1649393824809302,kotha2020_rjb,4.5,all,1.0,3
125,13,0.18104811975749113,0,166,4,0.29645820681624446,0,131,0|0,0.1515162372941098,0.19363566723718095,kotha2020_rjb,4.5,all,1.0,3
127,11,0.26479565895887075,0,166,3,0.4558519035368177,0,131,0|0,0.2352637764954894,0.3530293639577542,kotha2020_rjb,4.5,all,1.0,3
139,11,-0.016832127659711482,0,166,3,0.21594285908554528,0,131,0|0,-0.04636401012309283,0.11312031950648177,kotha2020_rjb,4.5,all,1.0,3
140,10,0.10096535631340592,0,166,3,0.1799815136600491,0,131,0|0,0.07143347385002458,0.0771589740809856,kotha2020_rjb,4.5,all,1.0,3
148,12,0.382817135428988,0,166,4,0.33490628458667077,0,131,0|0,0.35328525296560664,0.23208374500760726,kotha2020_rjb,4.5,all,1.0,3
149,13,0.3433593659913674,0,166,4,0.37014141351787333,0,131,0|0,0.31382748352798606,0.2673188739388098,kotha2020_rjb,4.5,all,1.0,3
150,12,0.018531903258107413,0,166,3,0.21848906373975108,0,131,0|0,-0.010999979205273937,0.11566652416068757,kotha2020_rjb,4.5,all,1.0,3
152,12,0.09736286319912524,0,166,3,0.18680351366873005,0,131,0|0,0.0678309807357439,0.08398097408966654,kotha2020_rjb,4.5,all,1.0,3
157,16,0.3074198086242253,0,166,3,0.14919646924643443,0,131,0|0,0.27788792616084396,0.04637392966737092,kotha2020_rjb,4.5,all,1.0,3
161,12,-0.07297725196929084,0,166,5,-0.11044860523136713,0,131,0|0,-0.10250913443267218,-0.21327114481043064,kotha2020_rjb,4.5,all,1.0,3
162,19,0.13873896703892147,0,166,8,0.3246117359458978,0,131,0|0,0.10920708457554013,0.2217891963668343,kotha2020_rjb,4.5,all,1.0,3
170,13,-0.05071242169804885,0,166,4,0.08603165023735401,0,131,0|0,-0.08024430416143019,-0.016790889341709497,kotha2020_rjb,4.5,all,1.0,3
172,18,-0.12727009099754205,0,166,7,-0.08537944243763462,0,131,0|0,-0.1568019734609234,-0.18820198201669813,kotha2020_rjb,4.5,all,1.0,3
175,19,0.044802779284836336,0,166,4,0.22532443723776446,0,131,0|0,0.015270896821454986,0.12250189765870095,kotha2020_rjb,4.5,all,1.0,3
178,12,-0.04529073716349602,0,166,3,-0.15449618987029962,0,131,0|0,-0.07482261962687736,-0.2573187294493631,kotha2020_rjb,4.5,all,1.0,3
32,14,0.011563021810066937,1,85,3,0.03130508300363918,1,30,1|1,-0.03220339980776869,0.04413982981903733,kotha2020_rjb,4.5,all,1.0,3
54,14,-0.12865931982083814,1,85,3,-0.18308572035382814,1,30,1|1,-0.17242574143867379,-0.17025097353843,kotha2020_rjb,4.5,all,1.0,3
68,13,0.2483955628642781,1,85,3,0.11327639690399453,1,30,1|1,0.2046291412464425,0.1261111437193927,kotha2020_rjb,4.5,all,1.0,3
78,11,-0.22949394428179992,0,166,4,-0.007171675028192659,0,118,0|0,-0.20283556988497922,-0.003589605520466055,kotha2020_rjb,4.5,all,1.0,4
79,17,-0.02879398810154854,0,166,5,0.1475019544663832,0,118,0|0,-0.0021356137047278435,0.1510840239741098,kotha2020_rjb,4.5,all,1.0,4
82,11,0.020914945338151025,0,166,3,0.07619536300091923,0,118,0|0,0.047573319734971725,0.07977743250864583,kotha2020_rjb,4.5,all,1.0,4
87,13,-0.44485620305907,0,166,5,-0.35262713193650086,0,118,0|0,-0.4181978286622493,-0.34904506242877426,kotha2020_rjb,4.5,all,1.0,4
91,10,-0.15495357964469908,0,166,4,-0.074035334688836,0,118,0|0,-0.12829520524787838,-0.07045326518110939,kotha2020_rjb,4.5,all,1.0,4
101,13,-0.14765127462112176,0,166,3,-0.1138903245336586,0,118,0|0,-0.12099290022430106,-0.110308255025932,kotha2020_rjb,4.5,all,1.0,4
110,16,-0.2294316615935017,0,166,5,-0.19861325089882864,0,118,0|0,-0.202773287196681,-0.19503118139110204,kotha2020_rjb,4.5,all,1.0,4
114,18,-0.13806818435314883,0,166,6,-0.2735666315780205,0,118,0|0,-0.11140980995632813,-0.2699845620702939,kotha2020_rjb,4.5,all,1.0,4
119,14,-0.07406247894114737,0,166,3,-0.07611473972834282,0,118,0|0,-0.04740410454432667,-0.07253267022061621,kotha2020_rjb,4.5,all,1.0,4
133,11,0.12539804536704346,0,166,3,0.05655190813333327,0,118,0|0,0.15205641976386416,0.06013397764105988,kotha2020_rjb,4.5,all,1.0,4
148,13,0.35963052218213976,0,166,3,0.4374961202957667,0,118,0|0,0.38628889657896043,0.4410781898034933,kotha2020_rjb,4.5,all,1.0,4
149,14,0.3507022233966166,0,166,3,0.3648543432365142,0,118,0|0,0.3773605977934373,0.3684364127442408,kotha2020_rjb,4.5,all,1.0,4
157,15,0.2687511186180229,0,166,4,0.3191426918066611,0,118,0|0,0.2954094930148436,0.3227247613143877,kotha2020_rjb,4.5,all,1.0,4
161,14,-0.08034099986121096,0,166,3,-0.07884728418270953,0,118,0|0,-0.05368262546439026,-0.07526521467498293,kotha2020_rjb,4.5,all,1.0,4
162,21,0.23697280041608765,0,166,6,0.1085109411311011,0,118,0|0,0.2636311748129083,0.1120930106388277,kotha2020_rjb,4.5,all,1.0,4
170,14,-0.02136463992263843,0,166,3,0.008322443781269895,0,118,0|0,0.005293734474182268,0.011904513288996499,kotha2020_rjb,4.5,all,1.0,4
172,21,-0.09982101186240533,0,166,4,-0.16472470458083838,0,118,0|0,-0.07316263746558463,-0.16114263507311177,kotha2020_rjb,4.5,all,1.0,4
175,18,0.07947387553337182,0,166,5,0.08477387060938574,0,118,0|0,0.10613224993019252,0.08835594011711234,kotha2020_rjb,4.5,all,1.0,4
178,12,-0.0707917500551381,0,166,3,-1.5227214876456507e-05,0,118,0|0,-0.0441333756583174,0.0035668422928501475,kotha2020_rjb,4.5,all,1.0,4
29,12,0.043661904451589816,1,85,4,-0.19550391969919662,1,29,1|1,-0.005696323155707131,-0.265336003285606,kotha2020_rjb,4.5,all,1.0,4
32,14,-0.0038005955218864407,1,85,3,0.09475723627534541,1,29,1|1,-0.05315882312918339,0.024925152688935998,kotha2020_rjb,4.5,all,1.0,4
38,12,0.4687489879316345,1,85,3,0.6326605805032105,1,29,1|1,0.41939076032433753,0.5628284969168011,kotha2020_rjb,4.5,all,1.0,4
53,11,-0.14972829296955814,1,85,3,-0.046728939430023396,1,29,1|1,-0.19908652057685508,-0.11656102301643281,kotha2020_rjb,4.5,all,1.0,4
54,14,-0.1373797778559029,1,85,3,-0.16026056790274648,1,29,1|1,-0.18673800546319985,-0.2300926514891559,kotha2020_rjb,4.5,all,1.0,4
55,11,-0.13576615771989686,1,85,3,-0.0551707151545965,1,29,1|1,-0.1851243853271938,-0.1250027987410059,kotha2020_rjb,4.5,all,1.0,4
68,12,0.20859228139207503,1,85,4,0.24809520460265855,1,29,1|1,0.1592340537847781,0.17826312101624914,kotha2020_rjb,4.5,all,1.0,4
78,10,-0.10151750948779684,0,163,5,-0.278423645235378,0,136,0|0,-0.12078887190490747,-0.2545689777901699,kotha2020_rjb,4.5,all,2.0,0
79,15,0.012657869699799235,0,163,7,-0.15417591517991108,0,136,0|0,-0.006613492717311403,-0.130321247734703,kotha2020_rjb,4.5,all,2.0,0
84,11,0.16820126079812311,0,163,7,0.15600354131080046,0,136,0|0,0.14892989838101248,0.17985820875600855,kotha2020_rjb,4.5,all,2.0,0
87,12,-0.3150930104046344,0,163,6,-0.4879899398402839,0,136,0|0,-0.334364372821745,-0.4641352723950758,kotha2020_rjb,4.5,all,2.0,0
89,10,0.20844317817766353,0,163,6,0.30417188325961964,0,136,0|0,0.1891718157605529,0.3280265507048277,kotha2020_rjb,4.5,all,2.0,0
92,11,-0.38590174504656055,0,163,7,-0.30908643326710916,0,136,0|0,-0.4051731074636712,-0.2852317658219011,kotha2020_rjb,4.5,all,2.0,0
101,11,-0.13671233409966138,0,163,5,-0.27089720641023324,0,136,0|0,-0.15598369651677202,-0.24704253896502515,kotha2020_rjb,4.5,all,2.0,0
106,10,-0.13507701418264279,0,163,8,-0.06198015585989233,0,136,0|0,-0.15434837659975342,-0.038125488414684244,kotha2020_rjb,4.5,all,2.0,0
108,10,0.23398168025229332,0,163,4,0.24440873997852833,0,136,0|0,0.21471031783518268,0.26826340742373644,kotha2020_rjb,4.5,all,2.0,0
110,15,-0.1982124977613951,0,163,6,-0.3657496335556138,0,136,0|0,-0.21748386017850574,-0.3418949661104057,kotha2020_rjb,4.5,all,2.0,0
114,16,-0.12149331364576182,0,163,8,-0.17759270669617172,0,136,0|0,-0.14076467606287246,-0.15373803925096363,kotha2020_rjb,4.5,all,2.0,0
119,11,-0.14819254859020342,0,163,6,-0.08625194332412534,0,136,0|0,-0.16746391100731406,-0.06239727587891725,kotha2020_rjb,4.5,all,2.0,0
125,11,0.09759185601852673,0,163,6,0.1568845508002819,0,136,0|0,0.07832049360141609,0.18073921824549,kotha2020_rjb,4.5,all,2.0,0
133,10,0.2259223335077519,0,163,4,0.04240146037220685,0,136,0|0,0.20665097109064126,0.06625612781741494,kotha2020_rjb,4.5,all,2.0,0
140,10,0.09665347455670947,0,163,3,0.060028075304609754,0,136,0|0,0.07738211213959884,0.08388274274981784,kotha2020_rjb,4.5,all,2.0,0
148,11,0.4857080361938723,0,163,5,0.3284016415787806,0,136,0|0,0.4664366737767617,0.3522563090239887,kotha2020_rjb,4.5,all,2.0,0
149,12,0.14628487412457458,0,163,5,0.011577507152862251,0,136,0|0,0.12701351170746394,0.03543217459807034,kotha2020_rjb,4.5,all,2.0,0
150,10,0.0626002506885489,0,163,5,0.021497712140616076,0,136,0|0,0.04332888827143826,0.045352379585824165,kotha2020_rjb,4.5,all,2.0,0
152,10,-0.023958662454591217,0,163,5,-0.08226065771724714,0,136,0|0,-0.043230024871701855,-0.05840599027203905,kotha2020_rjb,4.5,all,2.0,0
156,10,0.29088625449077177,0,163,7,0.1998272455869755,0,136,0|0,0.27161489207366113,0.2236819130321836,kotha2020_rjb,4.5,all,2.0,0
157,13,0.4919628110784075,0,163,6,0.6076397239086895,0,136,0|0,0.47269144866129686,0.6314943913538976,kotha2020_rjb,4.5,all,2.0,0
161,11,-0.11816438619685049,0,163,6,-0.1607633445362932,0,136,0|0,-0.13743574861396113,-0.13690867709108512,kotha2020_rjb,4.5,all,2.0,0
162,20,0.1121312281126137,0,163,7,-0.0065549971127302625,0,136,0|0,0.09285986569550306,0.01729967033247783,kotha2020_rjb,4.5,all,2.0,0
170,11,0.06435347182521182,0,163,6,0.03767451645248776,0,136,0|0,0.04508210940810119,0.06152918389769585,kotha2020_rjb,4.5,all,2.0,0
172,17,0.028699145820241995,0,163,8,0.07907645394698272,0,136,0|0,0.009427783403131357,0.10293112139219081,kotha2020_rjb,4.5,all,2.0,0
174,10,-0.3483036196445395,0,163,4,-0.26943448373349427,0,136,0|0,-0.3675749820616501,-0.24557981628828618,kotha2020_rjb,4.5,all,2.0,0
175,16,0.10112522832682869,0,163,7,0.003199984157804911,0,136,0|0,0.08185386590971805,0.027054651603013003,kotha2020_rjb,4.5,all,2.0,0
178,10,-0.1009492604073654,0,163,5,-0.15708937990613203,0,136,0|0,-0.12022062282447604,-0.13323471246092394,kotha2020_rjb,4.5,all,2.0,0
79,18,-0.025774304061925185,0,166,4,-0.12810383648192392,0,120,0|0,-0.0483277548305758,-0.07908356523608621,kotha2020_rjb,4.5,all,2.0,1
84,14,0.1384682017555968,0,166,4,0.21714606918421286,0,120,0|0,0.11591475098694617,0.26616634043005055,kotha2020_rjb,4.5,all,2.0,1
87,15,-0.3711098615725311,0,166,3,-0.37991520685382235,0,120,0|0,-0.39366331234118174,-0.33089493560798466,kotha2020_rjb,4.5,all,2.0,1
89,13,0.25798195632423343,0,166,3,0.18310309418948845,0,120,0|0,0.2354285055555828,0.23212336543532613,kotha2020_rjb,4.5,all,2.0,1
92,14,-0.3266640560041185,0,166,4,-0.4493525020921808,0,120,0|0,-0.34921750677276914,-0.4003322308463431,kotha2020_rjb,4.5,all,2.0,1
101,13,-0.15073024602307733,0,166,3,-0.3159648086900336,0,120,0|0,-0.17328369679172795,-0.26694453744419594,kotha2020_rjb,4.5,all,2.0,1
106,15,-0.10415215900152497,0,166,3,-0.16400540954885653,0,120,0|0,-0.1267056097701756,-0.11498513830301883,kotha2020_rjb,4.5,all,2.0,1
108,11,0.22365226646696046,0,166,3,0.3148890198420965,0,120,0|0,0.20109881569830984,0.3639092910879342,kotha2020_rjb,4.5,all,2.0,1
110,17,-0.2618795819928697,0,166,4,-0.19967281820243457,0,120,0|0,-0.2844330327615203,-0.15065254695659686,kotha2020_rjb,4.5,all,2.0,1
114,19,-0.0927280025423757,0,166,5,-0.34667246900798454,0,120,0|0,-0.11528145331102632,-0.29765219776214685,kotha2020_rjb,4.5,all,2.0,1
119,14,-0.09627579443812664,0,166,3,-0.29402770281911994,0,120,0|0,-0.11882924520677726,-0.24500743157328225,kotha2020_rjb,4.5,all,2.0,1
125,14,0.12659534628305377,0,166,3,0.08499144872346392,0,120,0|0,0.10404189551440315,0.1340117199693016,kotha2020_rjb,4.5,all,2.0,1
127,11,0.23616906574773033,0,166,3,0.06978359374449383,0,120,0|0,0.21361561497907972,0.11880386499033153,kotha2020_rjb,4.5,all,2.0,1
130,11,-0.19834660403335996,0,166,3,-0.16913178586473315,0,120,0|0,-0.22090005480201058,-0.12011151461889545,kotha2020_rjb,4.5,all,2.0,1
133,11,0.19191792760665488,0,166,3,0.1005222613181091,0,120,0|0,0.16936447683800426,0.14954253256394678,kotha2020_rjb,4.5,all,2.0,1
140,10,0.13730782303067302,0,166,3,-0.10377022915904675,0,120,0|0,0.1147543722620224,-0.05474995791320905,kotha2020_rjb,4.5,all,2.0,1
149,14,0.11927304624306437,0,166,3,0.030089761021299732,0,120,0|0,0.09671959547441375,0.07911003226713743,kotha2020_rjb,4.5,all,2.0,1
150,12,0.051304615417878036,0,166,3,0.039002458415793584,0,120,0|0,0.028751164649227414,0.08802272966163129,kotha2020_rjb,4.5,all,2.0,1
152,12,0.008459591426620866,0,166,3,-0.2510777725423364,0,120,0|0,-0.014093859342029755,-0.2020575012964987,kotha2020_rjb,4.5,all,2.0,1
156,13,0.22912613011201186,0,166,4,0.27734473939219717,0,120,0|0,0.20657267934336124,0.32636501063803486,kotha2020_rjb,4.5,all,2.0,1
157,15,0.5213897712290689,0,166,4,0.5140872830666849,0,120,0|0,0.4988363204604183,0.5631075543125227,kotha2020_rjb,4.5,all,2.0,1
162,23,0.08458312105779829,0,166,4,-0.014692890362406924,0,120,0|0,0.06202967028914767,0.03432738088343078,kotha2020_rjb,4.5,all,2.0,1
172,20,0.05508108745669099,0,166,5,0.00394829890757642,0,120,0|0,0.03252763668804037,0.05296857015341412,kotha2020_rjb,4.5,all,2.0,1
174,11,-0.30421617377621646,0,166,3,-0.40806971749507925,0,120,0|0,-0.3267696245448671,-0.35904944624924157,kotha2020_rjb,4.5,all,2.0,1
175,18,0.07048974311626596,0,166,5,0.06471115800131505,0,120,0|0,0.047936292347615345,0.11373142924715275,kotha2020_rjb,4.5,all,2.0,1
29,10,-0.16398799055872865,1,80,6,0.169371427958168,1,67,1|1,-0.08854968053541233,-0.037681169517534835,kotha2020_rjb,4.5,all,2.0,2
32,10,-0.12998415402687116,1,80,7,0.1337133558970384,1,67,1|1,-0.05454584400355485,-0.07333924157866445,kotha2020_rjb,4.5,all,2.0,2
54,10,-0.10497079341733179,1,80,7,0.08165327214711451,1,67,1|1,-0.02953248339401547,-0.12539932532858833,kotha2020_rjb,4.5,all,2.0,2
68,11,0.1485309649757769,1,80,5,0.5305039945668986,1,67,1|1,0.2239692749990932,0.32345139709119575,kotha2020_rjb,4.5,all,2.0,2
78,12,-0.1280084921883914,0,166,3,-0.3137458627227961,0,131,0|0,-0.14345829652031244,-0.3729673059104378,kotha2020_rjb,4.5,all,2.0,3
79,18,-0.042839408316790145,0,166,4,-0.08772455440159091,0,131,0|0,-0.05828921264871122,-0.1469459975892326,kotha2020_rjb,4.5,all,2.0,3
82,11,0.05278019940902563,0,166,3,0.11007596010210086,0,131,0|0,0.03733039507710456,0.05085451691445916,kotha2020_rjb,4.5,all,2.0,3
84,15,0.13571551219066713,0,166,3,0.23390189654747504,0,131,0|0,0.12026570785874606,0.17468045335983334,kotha2020_rjb,4.5,all,2.0,3
89,13,0.2188603642098081,0,166,3,0.31836570369826295,0,131,0|0,0.20341055987788703,0.2591442605106212,kotha2020_rjb,4.5,all,2.0,3
91,11,-0.12778917403604823,0,166,3,-0.2437891022253617,0,131,0|0,-0.14323897836796928,-0.30301054541300343,kotha2020_rjb,4.5,all,2.0,3
92,15,-0.3917395212592492,0,166,3,-0.20379150818400338,0,131,0|0,-0.40718932559117027,-0.2630129513716451,kotha2020_rjb,4.5,all,2.0,3
96,11,0.31018634938145406,0,166,3,0.41642201747334834,0,131,0|0,0.294736545049533,0.3572005742857066,kotha2020_rjb,4.5,all,2.0,3
101,13,-0.19488612835059987,0,166,3,-0.15729164948701974,0,131,0|0,-0.21033593268252093,-0.21651309267466143,kotha2020_rjb,4.5,all,2.0,3
106,15,-0.1342407831011614,0,166,3,-0.024631841001928,0,131,0|0,-0.14969058743308244,-0.0838532841895697,kotha2020_rjb,4.5,all,2.0,3
108,11,0.2174489041953913,0,166,3,0.26704565755205534,0,131,0|0,0.20199909986347026,0.20782421436441365,kotha2020_rjb,4.5,all,2.0,3
110,17,-0.25733415608179944,0,166,4,-0.2490433945194856,0,131,0|0,-0.2727839604137205,-0.3082648377071273,kotha2020_rjb,4.5,all,2.0,3
114,21,-0.17695598186667594,0,166,3,0.011075529527159317,0,131,0|0,-0.192405786198597,-0.04814591366048238,kotha2020_rjb,4.5,all,2.0,3
119,14,-0.12900595467824671,0,166,3,-0.16968710622542665,0,131,0|0,-0.14445575901016777,-0.22890854941306835,kotha2020_rjb,4.5,all,2.0,3
120,12,-0.19170880513404753,0,166,3,-0.11108944312649024,0,131,0|0,-0.2071586094659686,-0.17031088631413194,kotha2020_rjb,4.5,all,2.0,3
125,13,0.10020464368502792,0,166,4,0.13570993127699374,0,131,0|0,0.08475483935310685,0.07648848808935205,kotha2020_rjb,4.5,all,2.0,3
127,11,0.15294461831594808,0,166,3,0.35671129169507027,0,131,0|0,0.13749481398402702,0.29748984850742854,kotha2020_rjb,4.5,all,2.0,3
139,11,0.07414693857506723,0,166,3,0.10976522219096749,0,131,0|0,0.058697134243146154,0.05054377900332579,kotha2020_rjb,4.5,all,2.0,3
140,10,0.05250834498983149,0,166,3,0.172012788570179,0,131,0|0,0.03705854065791042,0.1127913453825373,kotha2020_rjb,4.5,all,2.0,3
148,12,0.40799149331758255,0,166,4,0.492241459894183,0,131,0|0,0.3925416889856615,0.4330200167065413,kotha2020_rjb,4.5,all,2.0,3
149,13,0.09318866560607844,0,166,4,0.11255524512111093,0,131,0|0,0.07773886127415737,0.053333801933469226,kotha2020_rjb,4.5,all,2.0,3
150,12,0.0362402772636819,0,166,3,0.07410718022588907,0,131,0|0,0.020790472931760826,0.014885737038247367,kotha2020_rjb,4.5,all,2.0,3
152,12,-0.06620237445535215,0,166,3,0.02241746020174601,0,131,0|0,-0.08165217878727322,-0.03680398298589569,kotha2020_rjb,4.5,all,2.0,3
157,16,0.5489977728299416,0,166,3,0.3581216747859196,0,131,0|0,0.5335479684980204,0.2989002315982779,kotha2020_rjb,4.5,all,2.0,3
161,12,-0.13171641177063093,0,166,5,-0.17188867998517532,0,131,0|0,-0.14716621610255198,-0.231110123172817,kotha2020_rjb,4.5,all,2.0,3
162,19,0.010477169319950908,0,166,8,0.17643528238000872,0,131,0|0,-0.004972635011970164,0.11721383919236703,kotha2020_rjb,4.5,all,2.0,3
170,13,0.031718064474673305,0,166,4,0.0902776628114223,0,131,0|0,0.016268260142752233,0.0310562196237806,kotha2020_rjb,4.5,all,2.0,3
172,18,0.042582666284271264,0,166,7,0.02951399911197468,0,131,0|0,0.027132861952350193,-0.02970744407566702,kotha2020_rjb,4.5,all,2.0,3
175,19,0.03609479336662599,0,166,4,0.22042885377677557,0,131,0|0,0.020644989034704922,0.16120741058913388,kotha2020_rjb,4.5,all,2.0,3
178,12,-0.10290255830920075,0,166,3,-0.29949647108726374,0,131,0|0,-0.11835236264112182,-0.35871791427490546,kotha2020_rjb,4.5,all,2.0,3
32,14,-0.06651483855888786,1,85,3,0.01677797870857642,1,30,1|1,-0.11585410402668535,-0.029305796751791312,kotha2020_rjb,4.5,all,2.0,3
54,14,-0.06646164350434709,1,85,3,-0.023708040639840278,1,30,1|1,-0.11580090897214458,-0.06979181610020802,kotha2020_rjb,4.5,all,2.0,3
68,13,0.28099427846662745,1,85,3,0.14518138831236704,1,30,1|1,0.23165501299882996,0.0990976128519993,kotha2020_rjb,4.5,all,2.0,3
78,11,-0.20191887217945667,0,166,4,-0.0060236419700912675,0,118,0|0,-0.17229861719004708,-0.03653175020133587,kotha2020_rjb,4.5,all,2.0,4
79,17,-0.05308872020180713,0,166,5,0.03151044803085734,0,118,0|0,-0.023468465212397534,0.001002339799612735,kotha2020_rjb,4.5,all,2.0,4
82,11,0.07599615558113573,0,166,3,0.057903230395651185,0,118,0|0,0.10561641057054533,0.02739512216440658,kotha2020_rjb,4.5,all,2.0,4
87,13,-0.3880373551227575,0,166,5,-0.30016657234236044,0,118,0|0,-0.3584171001333479,-0.33067468057360505,kotha2020_rjb,4.5,all,2.0,4
91,10,-0.18618928121242304,0,166,4,0.0038956346950841103,0,118,0|0,-0.15656902622301344,-0.026612473536160496,kotha2020_rjb,4.5,all,2.0,4
101,13,-0.20086340902407443,0,166,3,-0.0696222407530692,0,118,0|0,-0.17124315403466484,-0.1001303489843138,kotha2020_rjb,4.5,all,2.0,4
110,16,-0.24366196342406385,0,166,5,-0.22350787915699832,0,118,0|0,-0.21404170843465425,-0.25401598738824294,kotha2020_rjb,4.5,all,2.0,4
114,18,-0.15053951827013298,0,166,6,-0.07825040967263876,0,118,0|0,-0.12091926328072339,-0.10875851790388336,kotha2020_rjb,4.5,all,2.0,4
119,14,-0.14309215745641943,0,166,3,-0.06559059688698014,0,118,0|0,-0.11347190246700983,-0.09609870511822474,kotha2020_rjb,4.5,all,2.0,4
133,11,0.17688356698320495,0,166,3,0.19497247904277196,0,118,0|0,0.20650382197261455,0.16446437081152734,kotha2020_rjb,4.5,all,2.0,4
148,13,0.42376425435677545,0,166,3,0.49028403994414443,0,118,0|0,0.45338450934618507,0.4597759317128998,kotha2020_rjb,4.5,all,2.0,4
149,14,0.08946144599059927,0,166,3,0.17802493432017513,0,118,0|0,0.11908170098000886,0.14751682608893052,kotha2020_rjb,4.5,all,2.0,4
157,15,0.5007166582902427,0,166,4,0.5855699814236063,0,118,0|0,0.5303369132796523,0.5550618731923617,kotha2020_rjb,4.5,all,2.0,4
161,14,-0.1444829591394509,0,166,3,-0.08578052005049384,0,118,0|0,-0.1148627041500413,-0.11628862828173844,kotha2020_rjb,4.5,all,2.0,4
162,21,0.08450266770620242,0,166,6,0.06827493871897945,0,118,0|0,0.11412292269561201,0.03776683048773485,kotha2020_rjb,4.5,all,2.0,4
170,14,0.06945339158275167,0,166,3,-0.034095556980165156,0,118,0|0,0.09907364657216126,-0.06460366521140976,kotha2020_rjb,4.5,all,2.0,4
172,21,0.04952679211821416,0,166,4,0.023099988184502998,0,118,0|0,0.07914704710762376,-0.007408120046741608,kotha2020_rjb,4.5,all,2.0,4
175,18,0.06079700289313786,0,166,5,0.13832575964432844,0,118,0|0,0.09041725788254745,0.10781765141308383,kotha2020_rjb,4.5,all,2.0,4
178,12,-0.13174829874485303,0,166,3,-0.1024343314141151,0,118,0|0,-0.10212804375544343,-0.1329424396453597,kotha2020_rjb,4.5,all,2.0,4
29,12,-0.04555425285648548,1,85,4,-0.1769311901948219,1,29,1|1,-0.11174420158630437,-0.2397344427481108,kotha2020_rjb,4.5,all,2.0,4
32,14,-0.06882842078338029,1,85,3,-0.04275189004421881,1,29,1|1,-0.13501836951319918,-0.10555514259750769,kotha2020_rjb,4.5,all,2.0,4
38,12,0.45794570883764485,1,85,3,0.4506086282176428,1,29,1|1,0.391755760107826,0.3878053756643539,kotha2020_rjb,4.5,all,2.0,4
53,11,0.11404402590612678,1,85,3,0.12483995563498526,1,29,1|1,0.047854077176307894,0.062036703081696384,kotha2020_rjb,4.5,all,2.0,4
54,14,-0.06543449693640452,1,85,3,-0.10112613531547138,1,29,1|1,-0.1316244456662234,-0.16392938786876027,kotha2020_rjb,4.5,all,2.0,4
55,11,-0.1851959928925651,1,85,3,-0.05767917686383292,1,29,1|1,-0.251385941622384,-0.1204824294171218,kotha2020_rjb,4.5,all,2.0,4
68,12,0.23674833995437783,1,85,4,0.25763135615440425,1,29,1|1,0.17055839122455896,0.19482810360111535,kotha2020_rjb,4.5,all,2.0,4
78,10,-0.05808916824465071,0,163,5,-0.3538244325390019,0,136,0|0,-0.07208749731430777,-0.3304612625244391,kotha2020_rjb,4.5,all,3.0,0
79,15,-0.01855020254878864,0,163,7,-0.18335437638702312,0,136,0|0,-0.03254853161844571,-0.15999120637246028,kotha2020_rjb,4.5,all,3.0,0
84,11,0.22671197050578884,0,163,7,0.12097966359503887,0,136,0|0,0.21271364143613178,0.1443428336096017,kotha2020_rjb,4.5,all,3.0,0
87,12,-0.262314574051306,0,163,6,-0.39045984307685194,0,136,0|0,-0.27631290312096307,-0.3670966730622891,kotha2020_rjb,4.5,all,3.0,0
89,10,0.20748959869506658,0,163,6,0.3001874798999442,0,136,0|0,0.19349126962540952,0.32355064991450705,kotha2020_rjb,4.5,all,3.0,0
92,11,-0.45603845934632925,0,163,7,-0.36293624563102284,0,136,0|0,-0.47003678841598634,-0.33957307561646,kotha2020_rjb,4.5,all,3.0,0
101,11,-0.1448747586020334,0,163,5,-0.2901468398253153,0,136,0|0,-0.15887308767169045,-0.26678366981075247,kotha2020_rjb,4.5,all,3.0,0
106,10,-0.17574770849621033,0,163,8,-0.12315895556280615,0,136,0|0,-0.1897460375658674,-0.09979578554824332,kotha2020_rjb,4.5,all,3.0,0
108,10,0.3915740156406214,0,163,4,0.4641214249161426,0,136,0|0,0.3775756865709643,0.48748459493070545,kotha2020_rjb,4.5,all,3.0,0
110,15,-0.18400720360730652,0,163,6,-0.34845169111099644,0,136,0|0,-0.19800553267696358,-0.3250885210964336,kotha2020_rjb,4.5,all,3.0,0
114,16,-0.10739351199966743,0,163,8,-0.1414325025766185,0,136,0|0,-0.12139184106932449,-0.11806933256205566,kotha2020_rjb,4.5,all,3.0,0
119,11,-0.10296276505407545,0,163,6,-0.10155344469903316,0,136,0|0,-0.11696109412373251,-0.07819027468447033,kotha2020_rjb,4.5,all,3.0,0
125,11,0.05010746472639223,0,163,6,0.15859115577680138,0,136,0|0,0.03610913565673516,0.18195432579136422,kotha2020_rjb,4.5,all,3.0,0
133,10,0.16167115219524067,0,163,4,-0.057976186216323417,0,136,0|0,0.1476728231255836,-0.03461301620176059,kotha2020_rjb,4.5,all,3.0,0
140,10,-0.11635560869433734,0,163,3,-0.16390548255266257,0,136,0|0,-0.1303539377639944,-0.14054231253809973,kotha2020_rjb,4.5,all,3.0,0
148,11,0.4252427779816833,0,163,5,0.32777786745933357,0,136,0|0,0.4112444489120262,0.3511410374738964,kotha2020_rjb,4.5,all,3.0,0
149,12,0.08227351180114645,0,163,5,0.01000943331550963,0,136,0|0,0.06827518273148939,0.033372603330072456,kotha2020_rjb,4.5,all,3.0,0
150,10,0.043022218047892594,0,163,5,0.052681081145179096,0,136,0|0,0.029023888978235525,0.07604425115974192,kotha2020_rjb,4.5,all,3.0,0
152,10,-0.002293724537887426,0,163,5,-0.10692002952327956,0,136,0|0,-0.016292053607544495,-0.08355685950871673,kotha2020_rjb,4.5,all,3.0,0
156,10,0.12771011603916893,0,163,7,0.04650116140021289,0,136,0|0,0.11371178696951187,0.06986433141477572,kotha2020_rjb,4.5,all,3.0,0
157,13,0.4842674452713839,0,163,6,0.6350322900423137,0,136,0|0,0.4702691162017268,0.6583954600568764,kotha2020_rjb,4.5,all,3.0,0
161,11,0.02334374877086129,0,163,6,-0.04621894186449102,0,136,0|0,0.00934541970120422,-0.022855771849928194,kotha2020_rjb,4.5,all,3.0,0
162,20,0.11212196416314235,0,163,7,0.06447220129056366,0,136,0|0,0.09812363509348529,0.08783537130512649,kotha2020_rjb,4.5,all,3.0,0
170,11,0.026632830013239656,0,163,6,-0.016399881473967898,0,136,0|0,0.012634500943582587,0.006963288540594928,kotha2020_rjb,4.5,all,3.0,0
172,17,0.0661323067536644,0,163,8,0.06919423676099387,0,136,0|0,0.05213397768400733,0.0925574067755567,kotha2020_rjb,4.5,all,3.0,0
174,10,-0.3196109543912363,0,163,4,-0.1938616213946271,0,136,0|0,-0.3336092834608934,-0.17049845138006425,kotha2020_rjb,4.5,all,3.0,0
175,16,0.1471824440981184,0,163,7,0.16944545281203752,0,136,0|0,0.13318411502846134,0.19280862282660033,kotha2020_rjb,4.5,all,3.0,0
178,10,-0.14187622630560345,0,163,5,-0.1907606547213455,0,136,0|0,-0.15587455537526052,-0.16739748470678267,kotha2020_rjb,4.5,all,3.0,0
79,18,-0.05046292367143754,0,166,4,-0.17146575847751688,0,120,0|0,-0.05529542095104725,-0.15254584690332806,kotha2020_rjb,4.5,all,3.0,1
84,14,0.13757171684290118,0,166,4,0.3232686321260856,0,120,0|0,0.13273921956329146,0.3421885437002744,kotha2020_rjb,4.5,all,3.0,1
87,15,-0.30239315653791277,0,166,3,-0.3071257566763556,0,120,0|0,-0.3072256538175225,-0.2882058451021668,kotha2020_rjb,4.5,all,3.0,1
89,13,0.24408034404837198,0,166,3,0.230432861992528,0,120,0|0,0.23924784676876226,0.2493527735667168,kotha2020_rjb,4.5,all,3.0,1
92,14,-0.41628386817595675,0,166,4,-0.42987182002485275,0,120,0|0,-0.42111636545556647,-0.4109519084506639,kotha2020_rjb,4.5,all,3.0,1
101,13,-0.16100489759155856,0,166,3,-0.327210391540272,0,120,0|0,-0.16583739487116828,-0.30829047996608316,kotha2020_rjb,4.5,all,3.0,1
106,15,-0.17387680006977113,0,166,3,-0.10246347409742695,0,120,0|0,-0.17870929734938085,-0.08354356252323814,kotha2020_rjb,4.5,all,3.0,1
108,11,0.37588721592133234,0,166,3,0.552871931596673,0,120,0|0,0.3710547186417226,0.5717918431708618,kotha2020_rjb,4.5,all,3.0,1
110,17,-0.2309761919398831,0,166,4,-0.23712006803432908,0,120,0|0,-0.23580868921949283,-0.21820015646014027,kotha2020_rjb,4.5,all,3.0,1
114,19,-0.09389501376337628,0,166,5,-0.22806973946216358,0,120,0|0,-0.098727511042986,-0.20914982788797476,kotha2020_rjb,4.5,all,3.0,1
119,14,-0.08241300972259263,0,166,3,-0.2125612623555042,0,120,0|0,-0.08724550700220235,-0.1936413507813154,kotha2020_rjb,4.5,all,3.0,1
125,14,0.08581511007852546,0,166,3,0.09996779734545724,0,120,0|0,0.08098261279891575,0.11888770891964606,kotha2020_rjb,4.5,all,3.0,1
127,11,0.07691356426222268,0,166,3,-0.026631701113556006,0,120,0|0,0.07208106698261296,-0.007711789539367183,kotha2020_rjb,4.5,all,3.0,1
130,11,-0.16165611681474523,0,166,3,-0.09977050710538055,0,120,0|0,-0.16648861409435495,-0.08085059553119173,kotha2020_rjb,4.5,all,3.0,1
133,11,0.11411053867179419,0,166,3,0.048701463461965466,0,120,0|0,0.10927804139218447,0.06762137503615429,kotha2020_rjb,4.5,all,3.0,1
140,10,-0.103932961596293,0,166,3,-0.2183107510443774,0,120,0|0,-0.10876545887590272,-0.19939083947018857,kotha2020_rjb,4.5,all,3.0,1
149,14,0.08024769100379361,0,166,3,-0.03510355320801656,0,120,0|0,0.0754151937241839,-0.016183641633827735,kotha2020_rjb,4.5,all,3.0,1
150,12,0.05127854786224914,0,166,3,0.030596384585422742,0,120,0|0,0.046446050582639425,0.04951629615961156,kotha2020_rjb,4.5,all,3.0,1
152,12,-0.007741702598542649,0,166,3,-0.15037760663538546,0,120,0|0,-0.012574199878152361,-0.13145769506119664,kotha2020_rjb,4.5,all,3.0,1
156,13,0.07227179907466805,0,166,4,0.135332184888037,0,120,0|0,0.06743930179505833,0.15425209646222582,kotha2020_rjb,4.5,all,3.0,1
157,15,0.5341103368828951,0,166,4,0.4878991162025489,0,120,0|0,0.5292778396032854,0.5068190277767377,kotha2020_rjb,4.5,all,3.0,1
162,23,0.09648192305180975,0,166,4,0.05602276651848931,0,120,0|0,0.09164942577220003,0.07494267809267813,kotha2020_rjb,4.5,all,3.0,1
172,20,0.06690139630212834,0,166,5,0.06907674214861936,0,120,0|0,0.06206889902251862,0.08799665372280818,kotha2020_rjb,4.5,all,3.0,1
174,11,-0.293883327548601,0,166,3,-0.2472938224909765,0,120,0|0,-0.29871582482821074,-0.2283739109167877,kotha2020_rjb,4.5,all,3.0,1
175,18,0.15301671230941816,0,166,5,0.153317543420174,0,120,0|0,0.14818421502980844,0.17223745499436283,kotha2020_rjb,4.5,all,3.0,1
29,10,-0.14124541901068755,1,80,6,0.2210726936086513,1,67,1|1,-0.0768053607218228,0.02870766085257584,kotha2020_rjb,4.5,all,3.0,2
32,10,-0.16825291402983392,1,80,7,0.010352604256924934,1,67,1|1,-0.10381285574096917,-0.18201242849915053,kotha2020_rjb,4.5,all,3.0,2
54,10,-0.11448030626811544,1,80,7,0.05676819977024101,1,67,1|1,-0.05004024797925069,-0.13559683298583447,kotha2020_rjb,4.5,all,3.0,2
68,11,0.24312071978563032,1,80,5,0.6025688058119635,1,67,1|1,0.30756077807449506,0.410203773055888,kotha2020_rjb,4.5,all,3.0,2
78,12,-0.14396389070790866,0,166,3,-0.2093284862236653,0,131,0|0,-0.1638155588444279,-0.26759646933328823,kotha2020_rjb,4.5,all,3.0,3
79,18,-0.07968887511664696,0,166,4,-0.06218939069987009,0,131,0|0,-0.0995405432531662,-0.12045737380949303,kotha2020_rjb,4.5,all,3.0,3
82,11,0.08915205842798704,0,166,3,0.09813343576419256,0,131,0|0,0.0693003902914678,0.03986545265456961,kotha2020_rjb,4.5,all,3.0,3
84,15,0.1499158212775126,0,166,3,0.3054469629184213,0,131,0|0,0.13006415314099337,0.24717897980879838,kotha2020_rjb,4.5,all,3.0,3
89,13,0.21201670884350515,0,166,3,0.35111011408805753,0,131,0|0,0.19216504070698592,0.2928421309784346,kotha2020_rjb,4.5,all,3.0,3
91,11,-0.11811633085925766,0,166,3,-0.16051031407744026,0,131,0|0,-0.13796799899577689,-0.2187782971870632,kotha2020_rjb,4.5,all,3.0,3
92,15,-0.4365016666834888,0,166,3,-0.34921292280901167,0,131,0|0,-0.456353334820008,-0.4074809059186346,kotha2020_rjb,4.5,all,3.0,3
96,11,0.3799739500293668,0,166,3,0.5312053072383374,0,131,0|0,0.36012228189284756,0.4729373241287144,kotha2020_rjb,4.5,all,3.0,3
101,13,-0.20312935134933813,0,166,3,-0.16432072514317758,0,131,0|0,-0.22298101948585736,-0.22258870825280053,kotha2020_rjb,4.5,all,3.0,3
106,15,-0.18956311812282317,0,166,3,-0.02838764440445407,0,131,0|0,-0.2094147862593424,-0.08665562751407702,kotha2020_rjb,4.5,all,3.0,3
108,11,0.40449756423141464,0,166,3,0.41179677198023085,0,131,0|0,0.3846458960948954,0.3535287888706079,kotha2020_rjb,4.5,all,3.0,3
110,17,-0.24678470352018478,0,166,4,-0.19004020101736824,0,131,0|0,-0.266636371656704,-0.24830818412699118,kotha2020_rjb,4.5,all,3.0,3
114,21,-0.14401020228458272,0,166,3,-0.004412656826291425,0,131,0|0,-0.16386187042110195,-0.06268063993591438,kotha2020_rjb,4.5,all,3.0,3
119,14,-0.09924282329666761,0,166,3,-0.15207007292620156,0,131,0|0,-0.11909449143318686,-0.2103380560358245,kotha2020_rjb,4.5,all,3.0,3
120,12,-0.1965451131301582,0,166,3,-0.17642187360946232,0,131,0|0,-0.21639678126667744,-0.23468985671908527,kotha2020_rjb,4.5,all,3.0,3
125,13,0.06704792653767976,0,166,4,0.1312365921473155,0,131,0|0,0.04719625840116051,0.07296860903769256,kotha2020_rjb,4.5,all,3.0,3
127,11,0.019443013201009163,0,166,3,0.17534213667379406,0,131,0|0,-0.000408654935510077,0.11707415356417111,kotha2020_rjb,4.5,all,3.0,3
139,11,0.021414471721082518,0,166,3,0.08624453732857212,0,131,0|0,0.0015628035845632778,0.027976554218949172,kotha2020_rjb,4.5,all,3.0,3
140,10,-0.1426871022376761,0,166,3,-0.08974127527836552,0,131,0|0,-0.16253877037419534,-0.14800925838798848,kotha2020_rjb,4.5,all,3.0,3
148,12,0.40210383419570195,0,166,4,0.3576176197530897,0,131,0|0,0.3822521660591827,0.29934963664346675,kotha2020_rjb,4.5,all,3.0,3
149,13,0.05557613994346822,0,166,4,0.05717678532957329,0,131,0|0,0.035724471806948974,-0.001091197780049659,kotha2020_rjb,4.5,all,3.0,3
150,12,0.04989268591219029,0,166,3,0.023350728390767423,0,131,0|0,0.030041017775671048,-0.034917254718855525,kotha2020_rjb,4.5,all,3.0,3
152,12,-0.06169298475012236,0,166,3,0.052638417977288625,0,131,0|0,-0.0815446528866416,-0.005629565132334327,kotha2020_rjb,4.5,all,3.0,3
157,16,0.539037065650442,0,166,3,0.4370126952991652,0,131,0|0,0.5191853975139227,0.37874471218954225,kotha2020_rjb,4.5,all,3.0,3
161,12,-0.006978922595239301,0,166,5,-0.00760302190120965,0,131,0|0,-0.02683059073175854,-0.0658710050108326,kotha2020_rjb,4.5,all,3.0,3
162,19,0.062145481974441016,0,166,8,0.12783753563053823,0,131,0|0,0.04229381383792177,0.06956955252091529,kotha2020_rjb,4.5,all,3.0,3
170,13,-0.0034355036470076206,0,166,4,0.035745861669056064,0,131,0|0,-0.02328717178352686,-0.022522121440566888,kotha2020_rjb,4.5,all,3.0,3
172,18,0.060596450459212,0,166,7,0.06754136764042855,0,131,0|0,0.040744782322692755,0.009273384530805596,kotha2020_rjb,4.5,all,3.0,3
175,19,0.13137808115666433,0,166,4,0.2510886964615911,0,131,0|0,0.11152641302014508,0.19282071335196815,kotha2020_rjb,4.5,all,3.0,3
178,12,-0.14564136770196567,0,166,3,-0.30023394561259964,0,131,0|0,-0.1654930358384849,-0.3585019287222226,kotha2020_rjb,4.5,all,3.0,3
32,14,-0.16261481515297216,1,85,3,0.01140415875679733,1,30,1|1,-0.20440581992962392,-0.029009429948765465,kotha2020_rjb,4.5,all,3.0,3
54,14,-0.07948652109889734,1,85,3,-0.08979408834151506,1,30,1|1,-0.12127752587554909,-0.13020767704707786,kotha2020_rjb,4.5,all,3.0,3
68,13,0.36747435058182476,1,85,3,0.19963069570140612,1,30,1|1,0.325683345805173,0.15921710699584332,kotha2020_rjb,4.5,all,3.0,3
78,11,-0.20671160458930357,0,166,4,0.005491861669908574,0,118,0|0,-0.19437051519383428,-0.0017199699953059549,kotha2020_rjb,4.5,all,3.0,4
79,17,-0.09074360851087282,0,166,5,0.015223404957319414,0,118,0|0,-0.07840251911540351,0.008011573292104886,kotha2020_rjb,4.5,all,3.0,4
82,11,0.10897742389116988,0,166,3,0.011429887024348842,0,118,0|0,0.12131851328663919,0.0042180553591343135,kotha2020_rjb,4.5,all,3.0,4
87,13,-0.30748736350279404,0,166,5,-0.28691708144525385,0,118,0|0,-0.29514627410732475,-0.2941289131104684,kotha2020_rjb,4.5,all,3.0,4
91,10,-0.15101384556433747,0,166,4,-0.027135002641147876,0,118,0|0,-0.13867275616886818,-0.03434683430636241,kotha2020_rjb,4.5,all,3.0,4
101,13,-0.21982011513652802,0,166,3,-0.06285039386642219,0,118,0|0,-0.20747902574105873,-0.07006222553163671,kotha2020_rjb,4.5,all,3.0,4
110,16,-0.2275183715533243,0,166,5,-0.2231875886430809,0,118,0|0,-0.215177282157855,-0.2303994203082954,kotha2020_rjb,4.5,all,3.0,4
114,18,-0.1079155430359662,0,166,6,-0.1414506200293806,0,118,0|0,-0.0955744536404969,-0.14866245169459513,kotha2020_rjb,4.5,all,3.0,4
119,14,-0.12240984617287956,0,166,3,-0.04723923865393781,0,118,0|0,-0.11006875677741025,-0.05445107031915234,kotha2020_rjb,4.5,all,3.0,4
133,11,0.10429149815719746,0,166,3,0.09267538580315436,0,118,0|0,0.11663258755266677,0.08546355413793984,kotha2020_rjb,4.5,all,3.0,4
148,13,0.4090551946563704,0,166,3,0.3057446964634487,0,118,0|0,0.4213962840518397,0.29853286479823415,kotha2020_rjb,4.5,all,3.0,4
149,14,0.06497658245103298,0,166,3,0.011089385729092335,0,118,0|0,0.07731767184650229,0.0038775540638778068,kotha2020_rjb,4.5,all,3.0,4
157,15,0.5185993155711073,0,166,4,0.5294025683462577,0,118,0|0,0.5309404049665766,0.5221907366810431,kotha2020_rjb,4.5,all,3.0,4
161,14,-9.795250119548626e-05,0,166,3,-0.030832243103568024,0,118,0|0,0.01224313689427382,-0.038044074768782556,kotha2020_rjb,4.5,all,3.0,4
162,21,0.08737816703680176,0,166,6,0.11414114911014635,0,118,0|0,0.09971925643227107,0.10692931744493182,kotha2020_rjb,4.5,all,3.0,4
170,14,0.030391661426398625,0,166,3,-0.11488206257694566,0,118,0|0,0.042732750821867935,-0.12209389424216019,kotha2020_rjb,4.5,all,3.0,4
172,21,0.06156488270908715,0,166,4,0.10088498998442855,0,118,0|0,0.07390597210455646,0.09367315831921402,kotha2020_rjb,4.5,all,3.0,4
175,18,0.16692077293226748,0,166,5,0.13822688002112227,0,118,0|0,0.17926186232773678,0.13101504835590774,kotha2020_rjb,4.5,all,3.0,4
178,12,-0.17468764277083496,0,166,3,-0.14732259797977962,0,118,0|0,-0.16234655337536566,-0.15453442964499414,kotha2020_rjb,4.5,all,3.0,4
29,12,-0.009289827661221856,1,85,4,-0.15811559361711996,1,29,1|1,-0.06693415503550001,-0.19418758340472253,kotha2020_rjb,4.5,all,3.0,4
32,14,-0.14103315862298732,1,85,3,-0.1338782907704198,1,29,1|1,-0.19867748599726548,-0.16995028055802236,kotha2020_rjb,4.5,all,3.0,4
38,12,0.31063044694672015,1,85,3,0.24457598099916236,1,29,1|1,0.252986119572442,0.2085039912115598,kotha2020_rjb,4.5,all,3.0,4
53,11,0.0024836380938409314,1,85,3,0.13773542130490463,1,29,1|1,-0.05516068928043723,0.10166343151730206,kotha2020_rjb,4.5,all,3.0,4
54,14,-0.0784461584262263,1,85,3,-0.14141209472559718,1,29,1|1,-0.13609048580050448,-0.17748408451319975,kotha2020_rjb,4.5,all,3.0,4
55,11,-0.08398843819494865,1,85,3,-0.029547889506487506,1,29,1|1,-0.14163276556922683,-0.06561987929409008,kotha2020_rjb,4.5,all,3.0,4
68,12,0.3335099627160222,1,85,4,0.30742468941966283,1,29,1|1,0.275865635341744,0.27135269963206027,kotha2020_rjb,4.5,all,3.0,4
