siteid2,n_records,station_effect_log10,graph_component,component_node_count,station_key,network_code,station_code,location_code,st_nation_code,st_latitude,st_longitude,st_elevation,preferred_vs30_m_s,slope_deg,preferred_estimation_method_vs30_ec8,preferred_ec8_code,reference_site,housing,installation,response_component,period_s,backbone,minimum_mw,start_date
1,4,0.4249177666715889,0,234,3A.MZ01.--,3A,MZ01,,IT,42.671575,13.270813,859.0,432.0,2.99,vs_profile,B,NO,,,geometric_mean_as_recorded,1.0,bindi2014_rhyp,4.5,2015-01-01
2,4,0.3562144145394668,0,234,3A.MZ04.--,3A,MZ04,,IT,42.673895,13.29381,978.0,355.0,7.13,vs_profile,C,NO,,,geometric_mean_as_recorded,1.0,bindi2014_rhyp,4.5,2015-01-01
3,5,0.10402928029300085,0,234,3A.MZ08.--,3A,MZ08,,IT,42.63254,13.286562,897.0,670.0,2.62,vs_profile,B,NO,,,geometric_mean_as_recorded,1.0,bindi2014_rhyp,4.5,2015-01-01
4,4,0.23198948330409808,0,234,3A.MZ10.--,3A,MZ10,,IT,42.625117,13.29985,979.0,590.0,3.62,vs_profile,B,NO,,,geometric_mean_as_recorded,1.0,bindi2014_rhyp,4.5,2015-01-01
5,4,0.6382862937078302,0,234,3A.MZ12.--,3A,MZ12,,IT,42.628018,13.29179,958.0,500.0,2.08,vs_profile,B,NO,,,geometric_mean_as_recorded,1.0,bindi2014_rhyp,4.5,2015-01-01
6,4,0.3550454300460151,0,234,3A.MZ21.--,3A,MZ21,,IT,42.651632,13.267547,1046.0,541.0,16.03,vs_profile,B,NO,,,geometric_mean_as_recorded,1.0,bindi2014_rhyp,4.5,2015-01-01
7,6,0.18431938755527436,0,234,3A.MZ24.--,3A,MZ24,,IT,42.655239,13.288519,912.0,348.0,2.67,vs_profile,C,NO,,,geometric_mean_as_recorded,1.0,bindi2014_rhyp,4.5,2015-01-01
8,5,0.13259551342364206,0,234,3A.MZ26.--,3A,MZ26,,IT,42.623556,13.3164,983.0,516.0,14.79,vs_profile,B,NO,,,geometric_mean_as_recorded,1.0,bindi2014_rhyp,4.5,2015-01-01
9,6,0.27262056804107876,0,234,3A.MZ27.--,3A,MZ27,,IT,42.612412,13.296578,1007.0,422.0,12.2,vs_profile,B,NO,,,geometric_mean_as_recorded,1.0,bindi2014_rhyp,4.5,2015-01-01
10,3,0.4494947702297071,0,234,3A.MZ30.--,3A,MZ30,,IT,42.626432,13.29058,951.0,452.0,5.68,vs_profile,B,NO,,,geometric_mean_as_recorded,1.0,bindi2014_rhyp,4.5,2015-01-01
11,6,0.351489350264082,0,234,3A.MZ51.--,3A,MZ51,,IT,42.637948,13.285578,902.0,638.0,6.42,vs_profile,E,NO,,,geometric_mean_as_recorded,1.0,bindi2014_rhyp,4.5,2015-01-01
12,5,0.07552885062563758,0,234,3A.MZ63.--,3A,MZ63,,IT,42.629805,13.323448,1071.0,562.0,6.22,vs_profile,B,NO,,,geometric_mean_as_recorded,1.0,bindi2014_rhyp,4.5,2015-01-01
231,14,0.05344367200052286,0,234,IT.AMT.--,IT,AMT,,IT,42.6325,13.2866,933.0,670.0,2.62,vs_profile,B,YES,Fiberglass box,Pillar,geometric_mean_as_recorded,1.0,bindi2014_rhyp,4.5,2015-01-01
232,13,-0.15261195742469608,0,234,IT.AQA.--,IT,AQA,,IT,42.3755,13.3393,693.0,549.0,0.53,vs_profile,B,NO,Fiberglass box,Pillar,geometric_mean_as_recorded,1.0,bindi2014_rhyp,4.5,2015-01-01
233,17,-0.028721257569058356,0,234,IT.AQG.--,IT,AQG,,IT,42.3737,13.337,743.0,696.0,12.98,vs_profile,B,NO,Fiberglass box,Pillar,geometric_mean_as_recorded,1.0,bindi2014_rhyp,4.5,2015-01-01
234,4,0.16402503950498232,0,234,IT.AQP.--,IT,AQP,,IT,42.3837,13.3686,1192.0,836.0,2.05,vs_profile,A,NO,Fiberglass box,Pillar,geometric_mean_as_recorded,1.0,bindi2014_rhyp,4.5,2015-01-01
235,4,0.34052473393458127,0,234,IT.ARMO.--,IT,ARMO,,IT,38.076099395752,15.7124996185303,364.0,590.0,5.06,topography,B,Not analized,,,geometric_mean_as_recorded,1.0,bindi2014_rhyp,4.5,2015-01-01
236,17,0.06988767795804807,0,234,IT.ASP.--,IT,ASP,,IT,42.848,13.6479,89.0,599.0,2.03,vs_profile,B,NO,ENEL Box,Pillar,geometric_mean_as_recorded,1.0,bindi2014_rhyp,4.5,2015-01-01
237,4,-0.2082346136255307,0,234,IT.ASR.--,IT,ASR,,IT,41.199,15.563,487.0,276.0,4.9,vs_profile,C,NO,Fiberglass box,Pillar,geometric_mean_as_recorded,1.0,bindi2014_rhyp,4.5,2015-01-01
238,3,-0.08128186754485006,0,234,IT.ATI.--,IT,ATI,,IT,41.6219,13.7948,439.0,454.0,15.26,vs_profile,B,NO,Fiberglass box,Pillar,geometric_mean_as_recorded,1.0,bindi2014_rhyp,4.5,2015-01-01
239,4,0.25932646339946497,0,234,IT.BCL.--,IT,BCL,,IT,38.1827011108398,15.2315998077393,38.0,269.0,0.46,vs_profile,C,NO,ENEL Box,Pillar,geometric_mean_as_recorded,1.0,bindi2014_rhyp,4.5,2015-01-01
240,3,-0.45780018905858394,0,234,IT.BCN.--,IT,BCN,,IT,40.6343,15.3823,661.0,668.0,10.82,vs_profile,B,YES,Fiberglass box,Pillar,geometric_mean_as_recorded,1.0,bindi2014_rhyp,4.5,2015-01-01
241,17,0.09295210062149722,0,234,IT.BGR.--,IT,BGR,,IT,43.8895,11.9912,557.0,829.0,11.6,vs_profile,A,YES,Fiberglass box,Pillar,geometric_mean_as_recorded,1.0,bindi2014_rhyp,4.5,2015-01-01
242,3,-1.4184524552501516,0,234,IT.BNPI.--,IT,BNPI,,IT,41.1173,14.7652,227.0,663.0,6.4,topography,B,Not analized,,,geometric_mean_as_recorded,1.0,bindi2014_rhyp,4.5,2015-01-01
243,3,0.0807552079612483,0,234,IT.BNV.--,IT,BNV,,IT,41.1177,14.7973,234.0,744.0,4.33,vs_profile,B,NO,Small masonry building,Pillar,geometric_mean_as_recorded,1.0,bindi2014_rhyp,4.5,2015-01-01
244,18,-0.25522300312333296,0,234,IT.BRS.--,IT,BRS,,IT,42.3243,13.5902,977.0,444.0,7.03,vs_profile,E,NO,ENEL Box,Pillar,geometric_mean_as_recorded,1.0,bindi2014_rhyp,4.5,2015-01-01
245,8,0.2258814716695096,0,234,IT.BTT2.--,IT,BTT2,,IT,41.9983,13.5431,663.0,90.0,0.14,vs_profile,D,NO,ENEL Box,Pillar,geometric_mean_as_recorded,1.0,bindi2014_rhyp,4.5,2015-01-01
246,17,0.4170183515090658,0,234,IT.BVG.--,IT,BVG,,IT,42.9323,12.611,216.0,211.0,1.12,vs_profile,C,NO,ENEL Box,Pillar,geometric_mean_as_recorded,1.0,bindi2014_rhyp,4.5,2015-01-01
247,3,0.017633214643375528,0,234,IT.BVM.--,IT,BVM,,IT,37.9309997558594,15.9359998703003,187.0,544.0,1.38,vs_profile,B,Not analized,Fiberglass box,Pillar,geometric_mean_as_recorded,1.0,bindi2014_rhyp,4.5,2015-01-01
248,3,-0.3798887894945104,0,234,IT.BVN.--,IT,BVN,,IT,41.249,15.3422,608.0,356.0,12.48,vs_profile,C,NO,ENEL Box,Pillar,geometric_mean_as_recorded,1.0,bindi2014_rhyp,4.5,2015-01-01
249,9,-0.05421383286938852,0,234,IT.BZZ.--,IT,BZZ,,IT,42.337,13.4685,640.0,679.0,0.87,vs_profile,B,YES,Small masonry building,Pillar,geometric_mean_as_recorded,1.0,bindi2014_rhyp,4.5,2015-01-01
250,3,-0.04704473117826985,0,234,IT.CBAG.--,IT,CBAG,,IT,41.5952,14.6697,761.0,531.0,3.76,topography,B,Not analized,,,geometric_mean_as_recorded,1.0,bindi2014_rhyp,4.5,2015-01-01
251,3,0.27042406629280946,0,234,IT.CDCT.--,IT,CDCT,,IT,43.366,12.2363,309.0,372.6,1.21,topography,B,Not analized,Fiberglass box,Pillar,geometric_mean_as_recorded,1.0,bindi2014_rhyp,4.5,2015-01-01
252,4,-0.08518968109003161,0,234,IT.CDI1.--,IT,CDI1,,IT,37.5032005310059,14.6472997665405,716.0,469.0,9.5,vs_profile,E,Not analized,Fiberglass box,Pillar,geometric_mean_as_recorded,1.0,bindi2014_rhyp,4.5,2015-01-01
253,4,0.13478763909539515,0,234,IT.CER.--,IT,CER,,IT,41.2595,15.9101,172.0,396.0,0.57,vs_profile,B,NO,Fiberglass box,Pillar,geometric_mean_as_recorded,1.0,bindi2014_rhyp,4.5,2015-01-01
254,18,0.23228447853297315,0,234,IT.CLF.--,IT,CLF,,IT,43.0367,12.9204,701.0,145.0,1.4,vs_profile,D,NO,ENEL Box,Pillar,geometric_mean_as_recorded,1.0,bindi2014_rhyp,4.5,2015-01-01
255,3,-0.055191131502568824,0,234,IT.CLG1.--,IT,CLG1,,IT,37.2214012145996,14.5181999206543,546.0,345.0,1.23,vs_profile,C,Not analized,Small masonry building,Building basement,geometric_mean_as_recorded,1.0,bindi2014_rhyp,4.5,2015-01-01
256,4,0.20192456607762643,0,234,IT.CLT.--,IT,CLT,,IT,40.8988,15.4388,611.0,557.0,6.07,vs_profile,B,NO,ENEL Box,Pillar,geometric_mean_as_recorded,1.0,bindi2014_rhyp,4.5,2015-01-01
257,3,-0.05510207554678087,0,234,IT.CNM.--,IT,CNM,,IT,41.6182,15.1045,462.0,434.0,4.43,vs_profile,B,NO,Fiberglass box,Pillar,geometric_mean_as_recorded,1.0,bindi2014_rhyp,4.5,2015-01-01
258,11,-0.11493169976102785,0,234,IT.CPS.--,IT,CPS,,IT,42.2716,13.7583,580.0,732.0,5.1,vs_profile,B,NO,Fiberglass box,Pillar,geometric_mean_as_recorded,1.0,bindi2014_rhyp,4.5,2015-01-01
259,16,0.40590112050565375,0,234,IT.CSA.--,IT,CSA,,IT,43.008,12.5906,196.0,200.0,0.16,vs_profile,C,NO,Small masonry building,Pillar,geometric_mean_as_recorded,1.0,bindi2014_rhyp,4.5,2015-01-01
260,9,0.056205582462157844,0,234,IT.CSD.--,IT,CSD,,IT,42.754,12.0035,494.0,466.0,10.18,vs_profile,B,NO,ENEL Box,Pillar,geometric_mean_as_recorded,1.0,bindi2014_rhyp,4.5,2015-01-01
261,3,0.3755015432894479,0,234,IT.CSLA.--,IT,CSLA,,IT,37.789,14.0412,762.0,730.0,7.49,topography,B,Not analized,,,geometric_mean_as_recorded,1.0,bindi2014_rhyp,4.5,2015-01-01
262,11,-0.17518913815516685,0,234,IT.CSS.--,IT,CSS,,IT,41.4858,13.8231,175.0,648.0,17.2,vs_profile,B,NO,Small masonry building,Pillar,geometric_mean_as_recorded,1.0,bindi2014_rhyp,4.5,2015-01-01
263,17,0.0028293095743258667,0,234,IT.CTD.--,IT,CTD,,IT,42.3884,12.9477,484.0,407.0,12.11,vs_profile,B,NO,ENEL Box,Pillar,geometric_mean_as_recorded,1.0,bindi2014_rhyp,4.5,2015-01-01
264,3,0.7029784967104316,0,234,IT.DNMI.--,IT,DNMI,,IT,38.5315,16.1448,280.0,835.0,10.86,topography,A,Not analized,,,geometric_mean_as_recorded,1.0,bindi2014_rhyp,4.5,2015-01-01
265,8,0.013265768171010162,0,234,IT.FAZ.--,IT,FAZ,,IT,44.298,11.8907,72.0,292.0,0.24,vs_profile,C,NO,Fiberglass box,Pillar,geometric_mean_as_recorded,1.0,bindi2014_rhyp,4.5,2015-01-01
266,4,-0.2744418597266007,0,234,IT.FDF.--,IT,FDF,,IT,38.7891,16.3,653.0,333.0,3.19,vs_profile,C,NO,Fiberglass box,Pillar,geometric_mean_as_recorded,1.0,bindi2014_rhyp,4.5,2015-01-01
267,5,0.12523083288661535,0,234,IT.FOCC.--,IT,FOCC,,IT,42.9574,12.7079,283.0,593.0,1.62,vs_profile,B,NO,,,geometric_mean_as_recorded,1.0,bindi2014_rhyp,4.5,2015-01-01
268,3,-0.4532812495881376,0,234,IT.FOGG.--,IT,FOGG,,IT,41.4589,15.5562,63.0,281.7,0.29,topography,C,Not analized,Unknown,Building floor,geometric_mean_as_recorded,1.0,bindi2014_rhyp,4.5,2015-01-01
269,18,-0.0671240063412733,0,234,IT.FOS.--,IT,FOS,,IT,43.0146,12.8351,965.0,565.0,1.85,vs_profile,B,NO,Fiberglass box,Pillar,geometric_mean_as_recorded,1.0,bindi2014_rhyp,4.5,2015-01-01
270,13,0.28083373721415555,0,234,IT.GBP.--,IT,GBP,,IT,43.3138,12.5894,426.0,224.0,0.66,vs_profile,C,NO,ENEL Box,Pillar,geometric_mean_as_recorded,1.0,bindi2014_rhyp,4.5,2015-01-01
271,3,-0.3915858095251998,0,234,IT.GLD.--,IT,GLD,,IT,41.509,14.7566,772.0,472.0,7.89,vs_profile,B,NO,ENEL Box,Pillar,geometric_mean_as_recorded,1.0,bindi2014_rhyp,4.5,2015-01-01
272,3,0.04526454569924332,0,234,IT.GNGI.--,IT,GNGI,,IT,37.7949,14.2003,810.0,749.0,7.8,topography,B,Not analized,,,geometric_mean_as_recorded,1.0,bindi2014_rhyp,4.5,2015-01-01
273,17,-0.16685963964506884,0,234,IT.GSA.--,IT,GSA,,IT,42.4207,13.5194,1063.0,492.0,8.01,vs_profile,B,NO,Fiberglass box,Pillar,geometric_mean_as_recorded,1.0,bindi2014_rhyp,4.5,2015-01-01
274,3,-0.3098181787489866,0,234,IT.GSM.--,IT,GSM,,IT,38.1720008850098,14.8985004425049,147.0,1500.0,10.31,vs_profile,A,Not analized,Fiberglass box,Pillar,geometric_mean_as_recorded,1.0,bindi2014_rhyp,4.5,2015-01-01
275,3,0.25259475700127254,0,234,IT.GSS.--,IT,GSS,,IT,40.6316,16.2791,512.0,467.0,10.58,vs_profile,B,Not analized,ENEL Box,Pillar,geometric_mean_as_recorded,1.0,bindi2014_rhyp,4.5,2015-01-01
276,3,0.08915594206954469,0,234,IT.ISI.--,IT,ISI,,IT,36.7977,14.8923,277.0,1449.0,1.51,vs_profile,A,Not analized,Fiberglass box,Pillar,geometric_mean_as_recorded,1.0,bindi2014_rhyp,4.5,2015-01-01
277,4,-0.2535142399235067,0,234,IT.ISNL.--,IT,ISNL,,IT,37.9442,14.0061,593.0,603.0,5.34,topography,B,Not analized,,,geometric_mean_as_recorded,1.0,bindi2014_rhyp,4.5,2015-01-01
278,3,0.3576108318762617,0,234,IT.LAZR.--,IT,LAZR,,IT,37.9777984619141,15.6659002304077,82.0,834.0,10.85,topography,A,Not analized,,,geometric_mean_as_recorded,1.0,bindi2014_rhyp,4.5,2015-01-01
279,5,-0.21878666476342018,0,234,IT.LDP.--,IT,LDP,,IT,42.0392,14.1826,766.0,328.0,11.25,vs_profile,C,NO,Fiberglass box,Pillar,geometric_mean_as_recorded,1.0,bindi2014_rhyp,4.5,2015-01-01
280,3,-0.37941195794135546,0,234,IT.LRG.--,IT,LRG,,IT,40.0218,15.8908,756.0,603.0,12.29,vs_profile,B,NO,ENEL Box,Pillar,geometric_mean_as_recorded,1.0,bindi2014_rhyp,4.5,2015-01-01
281,5,-0.10906058449539607,0,234,IT.LSN.--,IT,LSN,,IT,41.8526,15.3601,18.0,385.0,0.8,vs_profile,B,NO,Building,Pillar,geometric_mean_as_recorded,1.0,bindi2014_rhyp,4.5,2015-01-01
282,20,-0.10300452439260827,0,234,IT.LSS.--,IT,LSS,,IT,42.5582,12.9689,1067.0,1091.0,26.5,vs_profile,A,YES,Fiberglass box,Pillar,geometric_mean_as_recorded,1.0,bindi2014_rhyp,4.5,2015-01-01
283,13,-0.04012810863244609,0,234,IT.MCS.--,IT,MCS,,IT,43.9937,12.1067,249.0,568.0,8.64,vs_profile,B,NO,Fiberglass box,Pillar,geometric_mean_as_recorded,1.0,bindi2014_rhyp,4.5,2015-01-01
284,20,-0.009443975598028953,0,234,IT.MMP1.--,IT,MMP1,,IT,42.2492,12.7483,471.0,800.0,12.54,vs_profile,A,YES,Fiberglass box,Pillar,geometric_mean_as_recorded,1.0,bindi2014_rhyp,4.5,2015-01-01
285,17,-0.15023590068989628,0,234,IT.MNF.--,IT,MNF,,IT,43.0596,13.1844,644.0,1062.0,24.51,vs_profile,A,YES,Small masonry building,Pillar,geometric_mean_as_recorded,1.0,bindi2014_rhyp,4.5,2015-01-01
286,3,0.011537285554345023,0,234,IT.MNN.--,IT,MNN,,IT,41.6342,15.9113,83.0,815.0,1.11,vs_profile,A,YES,Fiberglass box,Pillar,geometric_mean_as_recorded,1.0,bindi2014_rhyp,4.5,2015-01-01
287,4,0.2417266376662402,0,234,IT.MRH.--,IT,MRH,,IT,41.3424,16.1938,14.0,443.0,0.11,vs_profile,B,NO,Small masonry building,Pillar,geometric_mean_as_recorded,1.0,bindi2014_rhyp,4.5,2015-01-01
288,11,0.18197944550295017,0,234,IT.MSC.--,IT,MSC,,IT,42.5268,13.3508,1335.0,652.0,6.39,vs_profile,B,NO,Fiberglass box,Pillar,geometric_mean_as_recorded,1.0,bindi2014_rhyp,4.5,2015-01-01
289,14,0.0952025023019718,0,234,IT.MSCT.--,IT,MSCT,,IT,42.526699,13.3509,1382.0,652.0,6.39,vs_profile,B,NO,Fiberglass box,Pillar,geometric_mean_as_recorded,1.0,bindi2014_rhyp,4.5,2015-01-01
290,17,0.26338522801660047,0,234,IT.MTL.--,IT,MTL,,IT,43.2494,13.0083,376.0,579.0,0.62,vs_profile,B,NO,ENEL Box,Pillar,geometric_mean_as_recorded,1.0,bindi2014_rhyp,4.5,2015-01-01
291,10,-0.3368236386756059,0,234,IT.MVB.--,IT,MVB,,IT,42.9619,12.257,363.0,1046.0,7.23,vs_profile,A,YES,Fiberglass box,Pillar,geometric_mean_as_recorded,1.0,bindi2014_rhyp,4.5,2015-01-01
292,3,-0.1723840308876396,0,234,IT.NAS.--,IT,NAS,,IT,38.1183013916016,14.7862997055054,514.0,291.0,1.79,vs_profile,C,NO,ENEL Box,Pillar,geometric_mean_as_recorded,1.0,bindi2014_rhyp,4.5,2015-01-01
293,4,0.34979093306033027,0,234,IT.NCS.--,IT,NCS,,IT,37.7491989135742,14.4013004302979,793.0,360.0,12.99,vs_profile,B,NO,ENEL Box,Pillar,geometric_mean_as_recorded,1.0,bindi2014_rhyp,4.5,2015-01-01
294,17,0.4428773951891694,0,234,IT.NRC.--,IT,NRC,,IT,42.7925,13.0964,616.0,498.0,3.89,vs_profile,B,NO,Vault,Pillar,geometric_mean_as_recorded,1.0,bindi2014_rhyp,4.5,2015-01-01
295,11,-0.023703907836089944,0,234,IT.NRN.--,IT,NRN,,IT,42.5155,12.5194,306.0,811.0,16.9,vs_profile,A,YES,ENEL Box,Pillar,geometric_mean_as_recorded,1.0,bindi2014_rhyp,4.5,2015-01-01
296,3,0.24442844572133046,0,234,IT.NSA.--,IT,NSA,,IT,37.7667007446289,14.41100025177,875.0,465.0,9.66,vs_profile,B,Not analized,Fiberglass box,Pillar,geometric_mean_as_recorded,1.0,bindi2014_rhyp,4.5,2015-01-01
297,3,0.11822357977255304,0,234,IT.NTE.--,IT,NTE,,IT,36.9095001220703,15.0691995620728,211.0,659.0,5.94,vs_profile,B,YES,Small masonry building,Pillar,geometric_mean_as_recorded,1.0,bindi2014_rhyp,4.5,2015-01-01
298,4,0.191100720433635,0,234,IT.NVR1.--,IT,NVR1,,IT,38.0124015808105,15.1288003921509,754.0,476.0,18.64,vs_profile,B,NO,Fiberglass box,Pillar,geometric_mean_as_recorded,1.0,bindi2014_rhyp,4.5,2015-01-01
299,14,-0.09037678506172869,0,234,IT.PAN.--,IT,PAN,,IT,43.0058,12.1436,334.0,980.0,13.61,vs_profile,A,YES,Fiberglass box,Pillar,geometric_mean_as_recorded,1.0,bindi2014_rhyp,4.5,2015-01-01
300,4,0.0889276201437722,0,234,IT.PGN.--,IT,PGN,,IT,41.4524,13.7916,74.0,257.0,1.85,vs_profile,C,NO,ENEL Box,Pillar,geometric_mean_as_recorded,1.0,bindi2014_rhyp,4.5,2015-01-01
301,5,-0.15115708413838974,0,234,IT.PNN.--,IT,PNN,,IT,43.8181,12.2628,525.0,335.0,12.55,vs_profile,C,NO,ENEL Box,Pillar,geometric_mean_as_recorded,1.0,bindi2014_rhyp,4.5,2015-01-01
302,4,-0.13432273489872365,0,234,IT.PPL1.--,IT,PPL1,,IT,36.6857,15.1328,83.0,775.0,2.78,vs_profile,B,YES,Fiberglass box,Pillar,geometric_mean_as_recorded,1.0,bindi2014_rhyp,4.5,2015-01-01
303,15,0.14767640186346542,0,234,IT.PSC.--,IT,PSC,,IT,41.812,13.7892,1241.0,1000.0,23.1,vs_profile,A,YES,Fiberglass box,Pillar,geometric_mean_as_recorded,1.0,bindi2014_rhyp,4.5,2015-01-01
304,5,0.3545128924612243,0,234,IT.PTT.--,IT,PTT,,IT,38.1343002319336,14.9750995635986,135.0,245.0,5.61,vs_profile,C,NO,Small masonry building,Pillar,geometric_mean_as_recorded,1.0,bindi2014_rhyp,4.5,2015-01-01
305,3,-0.3986473713408785,0,234,IT.PVF.--,IT,PVF,,IT,44.333,10.8252,743.0,453.0,3.78,vs_profile,B,NO,Fiberglass box,Pillar,geometric_mean_as_recorded,1.0,bindi2014_rhyp,4.5,2015-01-01
306,15,-0.005613198888232029,0,234,IT.PZI1.--,IT,PZI1,,IT,42.4356,13.3262,908.0,705.0,7.68,vs_profile,B,NO,Small masonry building,Building basement,geometric_mean_as_recorded,1.0,bindi2014_rhyp,4.5,2015-01-01
307,3,0.07289484896025006,0,234,IT.RCC.--,IT,RCC,,IT,41.2886,13.9803,636.0,375.0,11.57,vs_profile,B,NO,Small masonry building,Pillar,geometric_mean_as_recorded,1.0,bindi2014_rhyp,4.5,2015-01-01
308,3,0.2876410866876099,0,234,IT.RCPC.--,IT,RCPC,,IT,38.0929985046387,15.6564998626709,98.0,513.0,3.37,topography,B,Not analized,,,geometric_mean_as_recorded,1.0,bindi2014_rhyp,4.5,2015-01-01
309,3,0.06273570439994386,0,234,IT.RGS.--,IT,RGS,,IT,36.9248,14.7032,676.0,1071.0,0.3,vs_profile,A,YES,Fiberglass box,Pillar,geometric_mean_as_recorded,1.0,bindi2014_rhyp,4.5,2015-01-01
310,14,0.1090744139545714,0,234,IT.RQT.--,IT,RQT,,IT,42.813,13.311,1188.0,805.0,4.42,vs_profile,A,NO,ENEL Box,Building basement,geometric_mean_as_recorded,1.0,bindi2014_rhyp,4.5,2015-01-01
311,16,0.14833177741066195,0,234,IT.RTI.--,IT,RTI,,IT,42.4302,12.829,393.0,170.0,0.53,vs_profile,D,NO,ENEL Box,Pillar,geometric_mean_as_recorded,1.0,bindi2014_rhyp,4.5,2015-01-01
312,4,0.11325451789939428,0,234,IT.SAAM.--,IT,SAAM,,IT,38.1733,15.7583,586.0,851.0,11.47,topography,A,Not analized,,,geometric_mean_as_recorded,1.0,bindi2014_rhyp,4.5,2015-01-01
313,3,-0.35445896812641736,0,234,IT.SAR.--,IT,SAR,,IT,40.0746,15.652,196.0,896.0,8.44,vs_profile,A,NO,Fiberglass box,Pillar,geometric_mean_as_recorded,1.0,bindi2014_rhyp,4.5,2015-01-01
314,3,-0.055220437800741484,0,234,IT.SBC.--,IT,SBC,,IT,41.9132,13.1055,673.0,1298.0,17.31,vs_profile,A,YES,Fiberglass box,Pillar,geometric_mean_as_recorded,1.0,bindi2014_rhyp,4.5,2015-01-01
315,5,-0.17781512973151686,0,234,IT.SCN.--,IT,SCN,,IT,41.9187,13.8724,984.0,839.0,17.18,vs_profile,A,YES,Fiberglass box,Pillar,geometric_mean_as_recorded,1.0,bindi2014_rhyp,4.5,2015-01-01
316,3,0.2857079895834889,0,234,IT.SCZA.--,IT,SCZA,,IT,38.0421981811523,15.4561004638672,103.0,1155.0,22.47,topography,A,Not analized,,,geometric_mean_as_recorded,1.0,bindi2014_rhyp,4.5,2015-01-01
317,9,0.005240600242997162,0,234,IT.SDM.--,IT,SDM,,IT,42.2897,13.5577,666.0,752.0,7.17,vs_profile,B,YES,ENEL Box,Pillar,geometric_mean_as_recorded,1.0,bindi2014_rhyp,4.5,2015-01-01
318,3,0.08244112241960694,0,234,IT.SMA.--,IT,SMA,,IT,39.5564,16.125,457.0,360.0,11.06,vs_profile,B,NO,Fiberglass box,Pillar,geometric_mean_as_recorded,1.0,bindi2014_rhyp,4.5,2015-01-01
319,4,0.09766933147007184,0,234,IT.SMR.--,IT,SMR,,IT,40.4871,16.2459,584.0,828.0,8.2,vs_profile,A,NO,Fiberglass box,Pillar,geometric_mean_as_recorded,1.0,bindi2014_rhyp,4.5,2015-01-01
320,11,0.21231026219405905,0,234,IT.SNG.--,IT,SNG,,IT,43.6855,13.2261,85.0,258.0,2.56,vs_profile,C,NO,ENEL Box,Pillar,geometric_mean_as_recorded,1.0,bindi2014_rhyp,4.5,2015-01-01
321,3,-0.3677285660272493,0,234,IT.SSC.--,IT,SSC,,IT,42.8746,11.8768,645.0,498.0,6.47,vs_profile,E,Not analized,Fiberglass box,Pillar,geometric_mean_as_recorded,1.0,bindi2014_rhyp,4.5,2015-01-01
322,3,-0.14648727152887847,0,234,IT.STB.--,IT,STB,,IT,38.804,15.2336,112.0,404.0,4.79,vs_profile,B,NO,Fiberglass box,Pillar,geometric_mean_as_recorded,1.0,bindi2014_rhyp,4.5,2015-01-01
323,3,-0.03955948721714375,0,234,IT.STC.--,IT,STC,,IT,38.0063018798828,14.3529996871948,257.0,450.0,15.19,vs_profile,B,Not analized,Fiberglass box,Pillar,geometric_mean_as_recorded,1.0,bindi2014_rhyp,4.5,2015-01-01
324,4,0.17033850723005417,0,234,IT.STG.--,IT,STG,,IT,41.5656,14.2311,421.0,376.0,2.07,vs_profile,B,NO,ENEL Box,Pillar,geometric_mean_as_recorded,1.0,bindi2014_rhyp,4.5,2015-01-01
325,4,-0.02748203846805014,0,234,IT.STR.--,IT,STR,,IT,41.0212,15.1163,586.0,382.0,7.71,vs_profile,B,NO,Small masonry building,Pillar,geometric_mean_as_recorded,1.0,bindi2014_rhyp,4.5,2015-01-01
326,3,0.2777834652153693,0,234,IT.STRV.--,IT,STRV,,IT,37.9490013122559,15.3649997711182,74.0,746.0,7.74,topography,B,Not analized,,,geometric_mean_as_recorded,1.0,bindi2014_rhyp,4.5,2015-01-01
327,19,0.4028700150615936,0,234,IT.SULA.--,IT,SULA,,IT,42.0734,13.9166,412.0,297.0,0.63,vs_profile,C,NO,Small masonry building,Building basement,geometric_mean_as_recorded,1.0,bindi2014_rhyp,4.5,2015-01-01
328,21,0.3731032485368512,0,234,IT.SULP.--,IT,SULP,,IT,42.085,13.9274,405.0,275.0,1.99,vs_profile,C,NO,Small masonry building,Building basement,geometric_mean_as_recorded,1.0,bindi2014_rhyp,4.5,2015-01-01
329,17,0.04253018110102713,0,234,IT.TER.--,IT,TER,,IT,42.6565,13.6895,317.0,649.0,11.37,vs_profile,B,NO,Fiberglass box,Pillar,geometric_mean_as_recorded,1.0,bindi2014_rhyp,4.5,2015-01-01
330,4,-0.06768694664701624,0,234,IT.TLS.--,IT,TLS,,IT,41.2224,14.53,163.0,401.0,12.73,vs_profile,B,NO,Fiberglass box,Pillar,geometric_mean_as_recorded,1.0,bindi2014_rhyp,4.5,2015-01-01
331,5,-0.08178544652213066,0,234,IT.TOR.--,IT,TOR,,IT,38.0443000793457,14.8145999908447,604.0,455.0,24.99,vs_profile,B,NO,Fiberglass box,Pillar,geometric_mean_as_recorded,1.0,bindi2014_rhyp,4.5,2015-01-01
332,5,-0.06311415030043405,0,234,IT.TPA.--,IT,TPA,,IT,38.6736,15.8891,92.0,411.0,5.42,vs_profile,B,NO,Fiberglass box,Pillar,geometric_mean_as_recorded,1.0,bindi2014_rhyp,4.5,2015-01-01
333,4,0.3579397633403664,0,234,IT.TRF.--,IT,TRF,,IT,38.2643013000488,15.6340999603271,12.0,239.0,1.9,vs_profile,C,NO,Small masonry building,Pillar,geometric_mean_as_recorded,1.0,bindi2014_rhyp,4.5,2015-01-01
334,18,0.2870176638165075,0,234,IT.TRL.--,IT,TRL,,IT,42.4613,12.9323,1226.0,380.0,11.41,vs_profile,B,NO,Small masonry building,Pillar,geometric_mean_as_recorded,1.0,bindi2014_rhyp,4.5,2015-01-01
335,3,-0.30653374009269735,0,234,IT.TRM.--,IT,TRM,,IT,37.9902,13.7003,14.0,453.0,8.11,vs_profile,B,Not analized,ENEL Box,Pillar,geometric_mean_as_recorded,1.0,bindi2014_rhyp,4.5,2015-01-01
336,7,-0.11015925450899838,0,234,IT.TVL.--,IT,TVL,,IT,41.893,12.7732,118.0,314.0,2.35,vs_profile,C,NO,ENEL Box,Pillar,geometric_mean_as_recorded,1.0,bindi2014_rhyp,4.5,2015-01-01
337,3,0.0811501905369384,0,234,IT.VULS.--,IT,VULS,,IT,38.3823013305664,14.9829998016357,403.0,515.0,3.41,topography,B,Not analized,,,geometric_mean_as_recorded,1.0,bindi2014_rhyp,4.5,2015-01-01
339,3,0.03387659123976733,0,234,IV.ACATE.--,IV,ACATE,,IT,37.02398,14.50064,210.0,277.5,0.27,topography,C,Not analized,,,geometric_mean_as_recorded,1.0,bindi2014_rhyp,4.5,2015-01-01
340,3,0.33763187596175426,0,234,IV.BASIC.--,IV,BASIC,,IT,38.06703,15.068847,536.0,1640.0,36.88,topography,A,Not analized,,,geometric_mean_as_recorded,1.0,bindi2014_rhyp,4.5,2015-01-01
341,13,-0.2876401710498558,0,234,IV.CAFE.--,IV,CAFE,,IT,41.028,15.2366,1070.0,622.0,10.33,vs_profile,B,NO,Vault,Pillar,geometric_mean_as_recorded,1.0,bindi2014_rhyp,4.5,2015-01-01
342,3,0.24624315671135383,0,234,IV.CAVT.--,IV,CAVT,,IT,37.67883,12.7556,158.0,599.9,5.27,topography,B,Not analized,,,geometric_mean_as_recorded,1.0,bindi2014_rhyp,4.5,2015-01-01
343,5,0.07017225177282882,0,234,IV.CDCA.--,IV,CDCA,,IT,43.4584,12.2336,50.0,277.0,0.62,vs_profile,C,NO,Box,Pillar,geometric_mean_as_recorded,1.0,bindi2014_rhyp,4.5,2015-01-01
344,20,0.39946728733024706,0,234,IV.CIMA.--,IV,CIMA,,IT,43.305297,13.670091,163.0,443.0,8.93,vs_profile,B,NO,Fiberglass box,Directly on the ground,geometric_mean_as_recorded,1.0,bindi2014_rhyp,4.5,2015-01-01
345,3,0.11193911115390653,0,234,IV.CMPO.--,IV,CMPO,,IT,44.5808,11.8056,2.0,116.0,0.02,vs_profile,D,NO,Vault,Pillar,geometric_mean_as_recorded,1.0,bindi2014_rhyp,4.5,2015-01-01
346,3,0.2876217287010745,0,234,IV.CRJA.--,IV,CRJA,,IT,37.80162,13.00433,560.0,1122.0,21.36,topography,A,Not analized,,,geometric_mean_as_recorded,1.0,bindi2014_rhyp,4.5,2015-01-01
347,3,0.2154772154695503,0,234,IV.EFIU.--,IV,EFIU,,IT,37.7896,15.2103,97.0,403.5,1.64,topography,B,Not analized,,,geometric_mean_as_recorded,1.0,bindi2014_rhyp,4.5,2015-01-01
348,4,0.19966526382971955,0,234,IV.EPOZ.--,IV,EPOZ,,IT,37.6719,15.1885,124.0,394.0,1.23,vs_profile,B,NO,,,geometric_mean_as_recorded,1.0,bindi2014_rhyp,4.5,2015-01-01
349,4,0.09532603303361004,0,234,IV.ESML.--,IV,ESML,,IT,37.6181,14.8794,417.0,505.0,5.74,vs_profile,B,NO,,,geometric_mean_as_recorded,1.0,bindi2014_rhyp,4.5,2015-01-01
350,5,-0.04243441866467468,0,234,IV.EVRN.--,IV,EVRN,,IT,37.6892,15.1356,421.0,300.0,4.27,vs_profile,C,NO,Vault,Pillar,geometric_mean_as_recorded,1.0,bindi2014_rhyp,4.5,2015-01-01
351,3,-0.03517807096791409,0,234,IV.FCOR.--,IV,FCOR,,IT,43.76911,12.81459,555.0,370.4,1.18,topography,B,Not analized,,,geometric_mean_as_recorded,1.0,bindi2014_rhyp,4.5,2015-01-01
352,8,-0.21734917642244672,0,234,IV.FERS.--,IV,FERS,,IT,44.9035,11.5406,3.0,184.0,0.11,vs_profile,C,NO,,,geometric_mean_as_recorded,1.0,bindi2014_rhyp,4.5,2015-01-01
353,18,-0.08533104031940003,0,234,IV.FIAM.--,IV,FIAM,,IT,42.26802,13.11718,1070.0,790.0,25.39,vs_profile,B,YES,Vault,Pillar,geometric_mean_as_recorded,1.0,bindi2014_rhyp,4.5,2015-01-01
354,3,-0.02040766255190901,0,234,IV.GMB1.--,IV,GMB1,,IT,38.1723,15.8179,1198.0,489.0,2.86,topography,B,Not analized,,,geometric_mean_as_recorded,1.0,bindi2014_rhyp,4.5,2015-01-01
355,19,0.3595096341234515,0,234,IV.GUMA.--,IV,GUMA,,IT,43.0627,13.3352,574.0,488.0,6.9,vs_profile,B,NO,Vault,Pillar,geometric_mean_as_recorded,1.0,bindi2014_rhyp,4.5,2015-01-01
356,3,0.33720540539043725,0,234,IV.ILOS.--,IV,ILOS,,IT,38.4457,14.9483,283.0,353.0,0.95,topography,C,Not analized,,,geometric_mean_as_recorded,1.0,bindi2014_rhyp,4.5,2015-01-01
357,11,0.21126815795256415,0,234,IV.INTR.--,IV,INTR,,IT,42.01154,13.9046,924.0,685.0,8.98,vs_profile,B,NO,Vault,Pillar,geometric_mean_as_recorded,1.0,bindi2014_rhyp,4.5,2015-01-01
358,3,0.14281468219652144,0,234,IV.LNSS.--,IV,LNSS,,IT,42.60286,13.04032,1155.0,788.0,12.53,vs_profile,B,NO,Box,Pillar,geometric_mean_as_recorded,1.0,bindi2014_rhyp,4.5,2015-01-01
359,3,0.10131724070311071,0,234,IV.MARS.--,IV,MARS,,IT,37.7532,12.5647,65.0,524.6,3.62,topography,B,Not analized,,,geometric_mean_as_recorded,1.0,bindi2014_rhyp,4.5,2015-01-01
360,14,-0.028743482227586103,0,234,IV.MRB1.--,IV,MRB1,,IT,41.1227,14.96815,688.0,448.0,17.16,vs_profile,B,NO,Vault,Pillar,geometric_mean_as_recorded,1.0,bindi2014_rhyp,4.5,2015-01-01
361,10,-0.5139511841976641,0,234,IV.MRLC.--,IV,MRLC,,IT,40.7564,15.48892,605.0,861.0,29.37,vs_profile,A,YES,,,geometric_mean_as_recorded,1.0,bindi2014_rhyp,4.5,2015-01-01
362,5,-0.24626516024650197,0,234,IV.NDIM.--,IV,NDIM,,IT,44.8873,10.8987,19.0,208.0,0.05,vs_profile,C,NO,,,geometric_mean_as_recorded,1.0,bindi2014_rhyp,4.5,2015-01-01
363,3,-0.05578577120184269,0,234,IV.NEVI.--,IV,NEVI,,IT,44.5834,10.3163,480.0,367.0,5.09,vs_profile,B,NO,,Directly on the ground,geometric_mean_as_recorded,1.0,bindi2014_rhyp,4.5,2015-01-01
364,12,-0.14315887361952434,0,234,IV.NRCA.--,IV,NRCA,,IT,42.83355,13.11427,927.0,591.0,19.29,vs_profile,B,NO,Box,Building floor,geometric_mean_as_recorded,1.0,bindi2014_rhyp,4.5,2015-01-01
365,20,-0.09001519403982244,0,234,IV.POFI.--,IV,POFI,,IT,41.71743,13.71202,878.0,1280.0,2.2,vs_profile,A,YES,Vault,Pillar,geometric_mean_as_recorded,1.0,bindi2014_rhyp,4.5,2015-01-01
366,3,0.15580283293066305,0,234,IV.ROM9.--,IV,ROM9,,IT,41.82842,12.51553,110.0,605.0,1.53,vs_profile,B,NO,Box,Pillar,geometric_mean_as_recorded,1.0,bindi2014_rhyp,4.5,2015-01-01
367,18,0.030465032888845778,0,234,IV.SACS.--,IV,SACS,,IT,42.84906,11.90967,845.0,692.0,1.59,vs_profile,B,YES,Vault,Pillar,geometric_mean_as_recorded,1.0,bindi2014_rhyp,4.5,2015-01-01
368,3,0.3152656342763976,0,234,IV.SANR.--,IV,SANR,,IT,45.64,11.6099,51.0,321.0,0.34,vs_profile,C,NO,Fiberglass box,Building floor,geometric_mean_as_recorded,1.0,bindi2014_rhyp,4.5,2015-01-01
369,3,-0.0346344342884628,0,234,IV.SCIAC.--,IV,SCIAC,,IT,37.516469,13.101908,181.0,833.0,10.79,topography,A,Not analized,,,geometric_mean_as_recorded,1.0,bindi2014_rhyp,4.5,2015-01-01
370,15,-0.1788274593888986,0,234,IV.SEF1.--,IV,SEF1,,IT,43.14683,12.94762,518.0,485.0,15.69,vs_profile,E,NO,Fiberglass box,Directly on the ground,geometric_mean_as_recorded,1.0,bindi2014_rhyp,4.5,2015-01-01
371,11,0.18963808696780574,0,234,IV.SENI.--,IV,SENI,,IT,43.7052,13.2331,10.0,242.0,0.27,vs_profile,C,NO,Borehole,,geometric_mean_as_recorded,1.0,bindi2014_rhyp,4.5,2015-01-01
372,10,-0.24600192915940938,0,234,IV.SGTA.--,IV,SGTA,,IT,41.135,15.365,890.0,400.0,3.28,vs_profile,B,YES,,,geometric_mean_as_recorded,1.0,bindi2014_rhyp,4.5,2015-01-01
373,13,-0.08548911150104449,0,234,IV.SNAL.--,IV,SNAL,,IT,40.92542,15.20908,874.0,728.0,12.1,vs_profile,B,NO,,,geometric_mean_as_recorded,1.0,bindi2014_rhyp,4.5,2015-01-01
374,3,-0.4882047223701796,0,234,IV.SORR.--,IV,SORR,,IT,40.58256,14.335709,537.0,1213.0,24.42,topography,A,Not analized,,,geometric_mean_as_recorded,1.0,bindi2014_rhyp,4.5,2015-01-01
375,20,-0.055362124395177625,0,234,IV.TERO.--,IV,TERO,,IT,42.62279,13.60393,673.0,912.0,19.67,vs_profile,A,YES,Vault,Pillar,geometric_mean_as_recorded,1.0,bindi2014_rhyp,4.5,2015-01-01
376,3,0.1769581492530684,0,234,IV.VBKE.--,IV,VBKE,,IT,40.818549,14.438636,913.0,824.0,10.44,topography,A,Not analized,,,geometric_mean_as_recorded,1.0,bindi2014_rhyp,4.5,2015-01-01
377,5,0.08885531856848777,0,234,IV.VENL.--,IV,VENL,,IT,45.4167,12.3765,4.0,245.0,0.48,vs_profile,C,NO,Unknown,,geometric_mean_as_recorded,1.0,bindi2014_rhyp,4.5,2015-01-01
378,5,-0.14110739948542267,0,234,IX.AND3.01,IX,AND3,01,IT,40.9298,15.3331,905.0,296.0,5.01,vs_profile,C,Not analized,,,geometric_mean_as_recorded,1.0,bindi2014_rhyp,4.5,2015-01-01
508,11,-0.6437928400006783,0,234,SL.BOJS.--,SL,BOJS,,SI,45.5043,15.2518,252.0,578.0,4.79,topography,B,Not analized,,,geometric_mean_as_recorded,1.0,bindi2014_rhyp,4.5,2015-01-01
509,3,-0.2227725147616671,0,234,SL.BZKE.--,SL,BZKE,,SI,46.038,14.5645,288.0,532.0,3.78,topography,B,Not analized,,,geometric_mean_as_recorded,1.0,bindi2014_rhyp,4.5,2015-01-01
510,8,-0.2570179940048351,0,234,SL.CADS.--,SL,CADS,,SI,46.2281,13.7368,751.0,920.0,14.1,topography,A,Not analized,,,geometric_mean_as_recorded,1.0,bindi2014_rhyp,4.5,2015-01-01
511,4,0.12316185865608786,0,234,SL.CENE.--,SL,CENE,,SI,45.5097,13.77,160.0,842.0,11.13,topography,A,Not analized,,,geometric_mean_as_recorded,1.0,bindi2014_rhyp,4.5,2015-01-01
512,12,-0.3747202622195172,0,234,SL.CEY.--,SL,CEY,,SI,45.7381,14.4221,579.0,778.0,8.66,topography,B,Not analized,,,geometric_mean_as_recorded,1.0,bindi2014_rhyp,4.5,2015-01-01
513,10,-0.453734104072719,0,234,SL.CRES.--,SL,CRES,,SI,45.826,15.4569,431.0,980.0,16.31,topography,A,Not analized,,,geometric_mean_as_recorded,1.0,bindi2014_rhyp,4.5,2015-01-01
514,10,-0.13249546774360438,0,234,SL.CRNS.--,SL,CRNS,,SI,46.0807,14.2613,712.0,960.0,15.58,topography,A,Not analized,,,geometric_mean_as_recorded,1.0,bindi2014_rhyp,4.5,2015-01-01
515,6,-0.4333778372476335,0,234,SL.DOBS.--,SL,DOBS,,SI,46.1495,15.4695,465.0,673.0,24.64,vs_profile,B,Not analized,,,geometric_mean_as_recorded,1.0,bindi2014_rhyp,4.5,2015-01-01
516,3,-0.35351936172066883,0,234,SL.DOLA.--,SL,DOLA,,SI,46.0938,14.6781,265.0,320.0,0.58,topography,C,Not analized,,,geometric_mean_as_recorded,1.0,bindi2014_rhyp,4.5,2015-01-01
517,3,0.053614439448640916,0,234,SL.DTSE.--,SL,DTSE,,SI,46.0251,14.8395,279.0,955.0,15.39,topography,A,Not analized,,,geometric_mean_as_recorded,1.0,bindi2014_rhyp,4.5,2015-01-01
518,3,-0.30200392818043836,0,234,SL.FAGG.--,SL,FAGG,,SI,46.0459,14.4944,295.0,342.0,0.83,topography,C,Not analized,,,geometric_mean_as_recorded,1.0,bindi2014_rhyp,4.5,2015-01-01
519,7,-0.38193537807748873,0,234,SL.GBAS.--,SL,GBAS,,SI,45.9348,14.4434,524.0,1182.0,23.4,topography,A,Not analized,,,geometric_mean_as_recorded,1.0,bindi2014_rhyp,4.5,2015-01-01
520,6,-0.6040637926947938,0,234,SL.GBRS.--,SL,GBRS,,SI,45.5311,14.8101,610.0,635.0,5.96,topography,B,Not analized,,,geometric_mean_as_recorded,1.0,bindi2014_rhyp,4.5,2015-01-01
521,5,-0.5390756448267293,0,234,SL.GCIS.--,SL,GCIS,,SI,45.8672,15.6275,385.0,777.0,8.64,topography,B,Not analized,,,geometric_mean_as_recorded,1.0,bindi2014_rhyp,4.5,2015-01-01
522,5,-0.27646465463026954,0,234,SL.GOLS.--,SL,GOLS,,SI,46.0108,15.6245,559.0,779.0,7.73,vs_profile,B,Not analized,,,geometric_mean_as_recorded,1.0,bindi2014_rhyp,4.5,2015-01-01
523,9,-0.36774071797751745,0,234,SL.GORS.--,SL,GORS,,SI,46.3174,13.9999,1048.0,1670.0,16.57,vs_profile,A,Not analized,,,geometric_mean_as_recorded,1.0,bindi2014_rhyp,4.5,2015-01-01
524,4,-0.5092005150684336,0,234,SL.GROS.--,SL,GROS,,SI,46.461,15.5018,930.0,1085.0,13.46,vs_profile,A,Not analized,,,geometric_mean_as_recorded,1.0,bindi2014_rhyp,4.5,2015-01-01
525,6,-0.22519160301165903,0,234,SL.JAVS.--,SL,JAVS,,SI,45.8934,14.0643,1100.0,927.0,14.37,topography,A,Not analized,,,geometric_mean_as_recorded,1.0,bindi2014_rhyp,4.5,2015-01-01
526,6,-0.20822470493580109,0,234,SL.KNDS.--,SL,KNDS,,SI,45.5278,14.3807,1035.0,573.0,4.68,topography,B,Not analized,,,geometric_mean_as_recorded,1.0,bindi2014_rhyp,4.5,2015-01-01
527,9,-0.22857863693989583,0,234,SL.KOGS.--,SL,KOGS,,SI,46.4481,16.2504,245.0,761.0,7.25,vs_profile,B,Not analized,,,geometric_mean_as_recorded,1.0,bindi2014_rhyp,4.5,2015-01-01
528,3,-0.2868164693570318,0,234,SL.LEGS.--,SL,LEGS,,SI,45.9488,15.3177,390.0,708.0,7.13,topography,B,Not analized,,,geometric_mean_as_recorded,1.0,bindi2014_rhyp,4.5,2015-01-01
529,10,-0.08249867404490802,0,234,SL.LJU.--,SL,LJU,,SI,46.0438,14.5278,396.0,846.0,11.28,topography,A,Not analized,,,geometric_mean_as_recorded,1.0,bindi2014_rhyp,4.5,2015-01-01
530,9,-0.08705732246350145,0,234,SL.MOZS.--,SL,MOZS,,SI,46.2941,14.4433,660.0,871.0,12.23,topography,A,Not analized,,,geometric_mean_as_recorded,1.0,bindi2014_rhyp,4.5,2015-01-01
531,5,-0.24350386645447802,0,234,SL.PDKS.--,SL,PDKS,,SI,46.0612,14.9977,679.0,2660.0,12.72,vs_profile,A,Not analized,,,geometric_mean_as_recorded,1.0,bindi2014_rhyp,4.5,2015-01-01
532,7,-0.3538394589753057,0,234,SL.PERS.--,SL,PERS,,SI,46.6365,15.1139,795.0,649.0,14.01,vs_profile,E,Not analized,,,geometric_mean_as_recorded,1.0,bindi2014_rhyp,4.5,2015-01-01
533,10,-0.47244645562092563,0,234,SL.SKDS.--,SL,SKDS,,SI,45.5464,14.0143,552.0,661.0,6.37,topography,B,Not analized,,,geometric_mean_as_recorded,1.0,bindi2014_rhyp,4.5,2015-01-01
534,11,-0.48734633613103245,0,234,SL.VISS.--,SL,VISS,,SI,45.8033,14.8393,399.0,792.0,9.22,topography,B,Not analized,,,geometric_mean_as_recorded,1.0,bindi2014_rhyp,4.5,2015-01-01
535,11,-0.11860922963961779,0,234,SL.VNDS.--,SL,VNDS,,SI,46.1016,14.7014,531.0,805.0,9.72,topography,A,Not analized,,,geometric_mean_as_recorded,1.0,bindi2014_rhyp,4.5,2015-01-01
536,8,-0.17684849424381327,0,234,SL.VOJS.--,SL,VOJS,,SI,46.0322,13.8877,1072.0,801.0,9.56,topography,A,Not analized,,,geometric_mean_as_recorded,1.0,bindi2014_rhyp,4.5,2015-01-01
537,4,-0.30744807182999784,0,234,SL.ZAVS.--,SL,ZAVS,,SI,46.4342,15.0246,741.0,696.0,0.99,vs_profile,B,Not analized,,,geometric_mean_as_recorded,1.0,bindi2014_rhyp,4.5,2015-01-01
538,3,0.3912913396156318,0,234,VM.MRSC.--,VM,MRSC,,IT,43.08574,13.7318,395.0,771.0,8.41,topography,B,Not analized,,,geometric_mean_as_recorded,1.0,bindi2014_rhyp,4.5,2015-01-01
539,3,0.23965453007741713,0,234,XE.TNOVA.--,XE,TNOVA,,IT,39.9747,16.2611,1127.0,860.0,11.84,topography,A,Not analized,,,geometric_mean_as_recorded,1.0,bindi2014_rhyp,4.5,2015-01-01
13,12,0.5343079115456281,1,939,AC.DURR.00,AC,DURR,00,AL,41.3199,19.4573,,301.0,0.37,topography,C,Not analized,Fiberglass box,Pillar,geometric_mean_as_recorded,1.0,bindi2014_rhyp,4.5,2015-01-01
14,9,0.022534014051114992,1,939,AC.HIMA.00,AC,HIMA,00,AL,40.089,19.7582,,987.0,16.58,topography,A,Not analized,Small masonry building,Building floor,geometric_mean_as_recorded,1.0,bindi2014_rhyp,4.5,2015-01-01
15,3,-0.1590649803592471,1,939,AC.PHP.01,AC,PHP,01,AL,41.6847,20.4408,670.0,532.0,3.77,topography,B,Not analized,,,geometric_mean_as_recorded,1.0,bindi2014_rhyp,4.5,2015-01-01
16,5,0.16016496307072176,1,939,AC.SRN.01,AC,SRN,01,AL,39.880001,20.0005,20.0,814.0,10.07,topography,A,Not analized,,,geometric_mean_as_recorded,1.0,bindi2014_rhyp,4.5,2015-01-01
17,5,-0.1607668530586568,1,939,BS.BLKB.--,BS,BLKB,,BG,43.6227,22.675,650.0,516.1,3.44,topography,B,Not analized,,,geometric_mean_as_recorded,1.0,bindi2014_rhyp,4.5,2015-01-01
18,5,0.4333319818850443,1,939,BS.KOZAM.--,BS,KOZAM,,BG,43.8274,23.2364,760.0,453.0,2.34,topography,B,Not analized,,,geometric_mean_as_recorded,1.0,bindi2014_rhyp,4.5,2015-01-01
19,3,0.37749610225421637,1,939,BS.MNNAM.--,BS,MNNAM,,BG,43.4111,23.2262,0.0,368.6,1.15,topography,B,Not analized,,,geometric_mean_as_recorded,1.0,bindi2014_rhyp,4.5,2015-01-01
20,3,0.4711938130202931,1,939,BS.PLVAM.--,BS,PLVAM,,BG,43.9523,22.8502,880.0,388.5,1.43,topography,B,Not analized,,,geometric_mean_as_recorded,1.0,bindi2014_rhyp,4.5,2015-01-01
21,4,-0.029914228164558132,1,939,BS.PLVB.--,BS,PLVB,,BG,43.387,24.6207,199.0,684.3,6.75,topography,B,Not analized,,,geometric_mean_as_recorded,1.0,bindi2014_rhyp,4.5,2015-01-01
22,3,-0.5735785005153532,1,939,BS.RUSAM.--,BS,RUSAM,,BG,43.8462,25.9612,0.0,322.8,0.62,topography,C,Not analized,,,geometric_mean_as_recorded,1.0,bindi2014_rhyp,4.5,2015-01-01
23,36,-0.15611034112508382,1,939,CL.AGRP.00,CL,AGRP,00,GR,38.3959,21.72277,282.0,556.0,4.32,topography,B,Not analized,,,geometric_mean_as_recorded,1.0,bindi2014_rhyp,4.5,2015-01-01
24,7,0.37624219610206755,1,939,CL.MALA.00,CL,MALA,00,GR,38.39341,21.87263,7.0,363.0,1.07,topography,B,Not analized,,,geometric_mean_as_recorded,1.0,bindi2014_rhyp,4.5,2015-01-01
25,43,0.46519265743319266,1,939,CL.MALA.01,CL,MALA,01,GR,38.39341,21.87263,7.0,363.0,1.07,topography,B,Not analized,,,geometric_mean_as_recorded,1.0,bindi2014_rhyp,4.5,2015-01-01
26,114,0.006433704256344375,1,939,CL.ROD3.00,CL,ROD3,00,GR,38.30811,21.89204,448.0,514.0,3.39,topography,B,Not analized,,,geometric_mean_as_recorded,1.0,bindi2014_rhyp,4.5,2015-01-01
27,48,-0.18251191461948313,1,939,CL.TRIZ.00,CL,TRIZ,00,GR,38.36543,22.07272,59.0,729.0,7.48,topography,B,Not analized,,,geometric_mean_as_recorded,1.0,bindi2014_rhyp,4.5,2015-01-01
28,48,0.08444526394634455,1,939,GE.IMMV.--,GE,IMMV,,GR,35.4606,23.9811,230.0,1121.0,21.31,topography,A,Not analized,,,geometric_mean_as_recorded,1.0,bindi2014_rhyp,4.5,2015-01-01
29,52,-0.05823727051216876,1,939,GE.KARP.--,GE,KARP,,GR,35.5471,27.16106,524.0,835.0,10.88,topography,A,Not analized,,,geometric_mean_as_recorded,1.0,bindi2014_rhyp,4.5,2015-01-01
30,31,-0.1665196599102905,1,939,GE.KTHA.--,GE,KTHA,,GR,36.2566,23.0621,360.0,692.0,6.87,topography,B,Not analized,,,geometric_mean_as_recorded,1.0,bindi2014_rhyp,4.5,2015-01-01
31,33,-0.06448234380746332,1,939,HA.AIGS.--,HA,AIGS,,GR,38.25001,22.0878,99.0,399.0,1.58,topography,B,Not analized,,,geometric_mean_as_recorded,1.0,bindi2014_rhyp,4.5,2015-01-01
32,34,-1.6185459011952168,1,939,HA.ATHU.--,HA,ATHU,,GR,37.9665,23.7845,308.0,648.0,6.16,topography,B,Not analized,,,geometric_mean_as_recorded,1.0,bindi2014_rhyp,4.5,2015-01-01
33,5,0.13748707658554948,1,939,HA.CORS.00,HA,CORS,00,GR,38.2562,22.0748,3.0,429.0,2.01,topography,B,Not analized,,,geometric_mean_as_recorded,1.0,bindi2014_rhyp,4.5,2015-01-01
34,8,-0.05141690608778404,1,939,HA.DRES.--,HA,DRES,,GR,38.319719,21.853176,80.0,527.0,3.68,topography,B,Not analized,,,geometric_mean_as_recorded,1.0,bindi2014_rhyp,4.5,2015-01-01
35,36,0.0598749759018507,1,939,HA.KIAS.--,HA,KIAS,,GR,37.9875,22.7543,100.0,344.0,0.85,topography,C,Not analized,,,geometric_mean_as_recorded,1.0,bindi2014_rhyp,4.5,2015-01-01
36,15,0.32277806032946965,1,939,HA.LTRS.--,HA,LTRS,,GR,37.97528,22.9765,3.0,535.0,3.84,topography,B,Not analized,,,geometric_mean_as_recorded,1.0,bindi2014_rhyp,4.5,2015-01-01
37,15,0.414152303996947,1,939,HA.XLKS.--,HA,XLKS,,GR,38.0772,22.6361,6.0,379.0,1.3,topography,B,Not analized,,,geometric_mean_as_recorded,1.0,bindi2014_rhyp,4.5,2015-01-01
38,34,-0.38080655038543565,1,939,HC.ABEA.--,HC,ABEA,,GR,35.5163,24.0113,9.0,466.0,2.52,topography,B,Not analized,,,geometric_mean_as_recorded,1.0,bindi2014_rhyp,4.5,2015-01-01
39,79,-0.031080392775441945,1,939,HC.ATEI.--,HC,ATEI,,GR,35.5193,24.0432,59.0,406.0,1.67,topography,B,Not analized,,,geometric_mean_as_recorded,1.0,bindi2014_rhyp,4.5,2015-01-01
40,15,0.11807797838256362,1,939,HC.DEYA.--,HC,DEYA,,GR,35.4825,24.014,41.0,352.0,0.94,topography,C,Not analized,,,geometric_mean_as_recorded,1.0,bindi2014_rhyp,4.5,2015-01-01
41,16,0.012105658791312757,1,939,HC.G0LD.--,HC,G0LD,,GR,35.4955,24.0306,15.0,342.0,0.83,topography,C,Not analized,,,geometric_mean_as_recorded,1.0,bindi2014_rhyp,4.5,2015-01-01
42,16,-0.2087586121590741,1,939,HC.LENT.--,HC,LENT,,GR,35.5074,24.0402,76.0,436.0,2.1,topography,B,Not analized,,,geometric_mean_as_recorded,1.0,bindi2014_rhyp,4.5,2015-01-01
43,5,0.07977815432593799,1,939,HC.MULT.--,HC,MULT,,GR,35.5091,24.0118,18.0,472.0,2.61,topography,B,Not analized,,,geometric_mean_as_recorded,1.0,bindi2014_rhyp,4.5,2015-01-01
44,19,-0.04081671872098769,1,939,HC.NERO.--,HC,NERO,,GR,35.474,24.0423,77.0,927.0,14.34,topography,A,Not analized,,,geometric_mean_as_recorded,1.0,bindi2014_rhyp,4.5,2015-01-01
45,62,0.2351311838710145,1,939,HC.PASK.--,HC,PASK,,GR,35.4996,24.0121,18.0,429.0,2.01,topography,B,Not analized,,,geometric_mean_as_recorded,1.0,bindi2014_rhyp,4.5,2015-01-01
46,29,-0.4066556906146622,1,939,HC.POLY.--,HC,POLY,,GR,35.5226,24.0602,160.0,429.0,2.0,topography,B,Not analized,,,geometric_mean_as_recorded,1.0,bindi2014_rhyp,4.5,2015-01-01
47,38,0.3723371556751915,1,939,HI.AGR3.--,HI,AGR3,,GR,38.5893,21.4162,50.0,474.0,2.63,topography,B,Not analized,,,geometric_mean_as_recorded,1.0,bindi2014_rhyp,4.5,2015-01-01
48,21,-0.43204947693252915,1,939,HI.AIA1.--,HI,AIA1,,GR,40.1641,21.8202,448.0,440.0,2.16,topography,B,Not analized,,,geometric_mean_as_recorded,1.0,bindi2014_rhyp,4.5,2015-01-01
49,23,-0.10101627428629778,1,939,HI.AIG2.--,HI,AIG2,,GR,38.2417,22.0726,116.0,454.0,2.36,topography,B,Not analized,,,geometric_mean_as_recorded,1.0,bindi2014_rhyp,4.5,2015-01-01
50,28,0.12576995172162952,1,939,HI.AKR1.--,HI,AKR1,,GR,38.153583,22.31326,124.0,817.0,10.16,topography,A,Not analized,,,geometric_mean_as_recorded,1.0,bindi2014_rhyp,4.5,2015-01-01
51,15,0.23606268499501992,1,939,HI.ALX2.--,HI,ALX2,,GR,40.845417,25.873947,0.0,387.0,1.42,topography,B,Not analized,,,geometric_mean_as_recorded,1.0,bindi2014_rhyp,4.5,2015-01-01
52,33,0.23769940949218626,1,939,HI.AOL1.--,HI,AOL1,,GR,37.642378,21.624555,45.0,684.0,6.74,topography,B,Not analized,,,geometric_mean_as_recorded,1.0,bindi2014_rhyp,4.5,2015-01-01
53,12,-0.2202974322314989,1,939,HI.ARE2.--,HI,ARE2,,GR,36.66629,22.382635,255.0,363.0,1.07,topography,B,Not analized,,,geometric_mean_as_recorded,1.0,bindi2014_rhyp,4.5,2015-01-01
54,127,0.002675013288947037,1,939,HI.ARG2.--,HI,ARG2,,GR,38.1783,20.4878,6.0,417.0,1.83,topography,B,Not analized,,,geometric_mean_as_recorded,1.0,bindi2014_rhyp,4.5,2015-01-01
55,100,0.1372031359696082,1,939,HI.ARK1.--,HI,ARK1,,GR,35.148777,25.264194,390.0,497.0,3.02,topography,B,Not analized,,,geometric_mean_as_recorded,1.0,bindi2014_rhyp,4.5,2015-01-01
56,78,0.17186603073595108,1,939,HI.ARS1.--,HI,ARS1,,GR,37.6349,22.7293,34.0,362.0,1.05,topography,B,Not analized,,,geometric_mean_as_recorded,1.0,bindi2014_rhyp,4.5,2015-01-01
57,79,-0.369154164925806,1,939,HI.ART2.--,HI,ART2,,GR,39.1474,20.9937,191.0,643.0,6.09,topography,B,Not analized,,,geometric_mean_as_recorded,1.0,bindi2014_rhyp,4.5,2015-01-01
58,45,-0.04272142101204801,1,939,HI.AST1.--,HI,AST1,,GR,38.5416,21.0895,4.0,782.0,8.82,topography,B,Not analized,,,geometric_mean_as_recorded,1.0,bindi2014_rhyp,4.5,2015-01-01
59,63,-0.10901338821480977,1,939,HI.ATH5.--,HI,ATH5,,GR,37.975421,23.737098,99.0,576.0,4.74,topography,B,Not analized,,,geometric_mean_as_recorded,1.0,bindi2014_rhyp,4.5,2015-01-01
60,102,-0.18493998745890616,1,939,HI.CH01.--,HI,CH01,,GR,35.517,24.0208,0.0,327.0,0.67,topography,C,Not analized,,,geometric_mean_as_recorded,1.0,bindi2014_rhyp,4.5,2015-01-01
61,79,0.05531476194481533,1,939,HI.CH02.--,HI,CH02,,GR,35.5145,24.0315,8.0,366.0,1.11,topography,B,Not analized,,,geometric_mean_as_recorded,1.0,bindi2014_rhyp,4.5,2015-01-01
62,72,-0.042607020471297385,1,939,HI.CH03.--,HI,CH03,,GR,35.53303,24.0705,127.0,516.0,3.43,topography,B,Not analized,,,geometric_mean_as_recorded,1.0,bindi2014_rhyp,4.5,2015-01-01
63,16,-0.20250491810415938,1,939,HI.DRA2.--,HI,DRA2,,GR,41.1593,24.1485,167.0,388.0,1.42,topography,B,Not analized,,,geometric_mean_as_recorded,1.0,bindi2014_rhyp,4.5,2015-01-01
64,16,-0.06371397506890364,1,939,HI.FLO2.--,HI,FLO2,,GR,40.7801,21.4052,664.0,449.0,2.29,topography,B,Not analized,,,geometric_mean_as_recorded,1.0,bindi2014_rhyp,4.5,2015-01-01
65,35,-0.414364847658959,1,939,HI.FRS1.--,HI,FRS1,,GR,39.2934,22.3844,162.0,732.0,7.52,topography,B,Not analized,,,geometric_mean_as_recorded,1.0,bindi2014_rhyp,4.5,2015-01-01
66,93,0.08398537176109627,1,939,HI.GOR1.--,HI,GOR1,,GR,35.0582,24.9628,159.0,528.0,3.7,topography,B,Not analized,,,geometric_mean_as_recorded,1.0,bindi2014_rhyp,4.5,2015-01-01
67,25,-0.40656182064186974,1,939,HI.GRE3.--,HI,GRE3,,GR,40.08481,21.43829,517.0,335.0,0.75,topography,C,Not analized,,,geometric_mean_as_recorded,1.0,bindi2014_rhyp,4.5,2015-01-01
68,21,0.09917502537097561,1,939,HI.GTH2.--,HI,GTH2,,GR,36.7603,22.5659,0.0,579.0,4.82,topography,B,Not analized,,,geometric_mean_as_recorded,1.0,bindi2014_rhyp,4.5,2015-01-01
69,83,0.6405017599565413,1,939,HI.HER1.--,HI,HER1,,GR,35.317672,25.10217,54.0,433.0,2.06,topography,B,Not analized,,,geometric_mean_as_recorded,1.0,bindi2014_rhyp,4.5,2015-01-01
70,70,0.6196757140800633,1,939,HI.HER3.--,HI,HER3,,GR,35.3296,25.1065,7.0,379.0,1.3,topography,B,Not analized,,,geometric_mean_as_recorded,1.0,bindi2014_rhyp,4.5,2015-01-01
71,19,-0.19321677997735998,1,939,HI.ITC1.--,HI,ITC1,,GR,38.3647,20.7156,0.0,834.0,10.85,topography,A,Not analized,,,geometric_mean_as_recorded,1.0,bindi2014_rhyp,4.5,2015-01-01
72,29,-0.24047939426971476,1,939,HI.ITS1.--,HI,ITS1,,GR,40.605,23.0123,173.0,429.0,2.0,topography,B,Not analized,,,geometric_mean_as_recorded,1.0,bindi2014_rhyp,4.5,2015-01-01
73,33,-0.14611724917748525,1,939,HI.JAN2.--,HI,JAN2,,GR,39.664,20.85222,503.0,562.0,4.45,topography,B,Not analized,,,geometric_mean_as_recorded,1.0,bindi2014_rhyp,4.5,2015-01-01
74,34,-0.19639715471847297,1,939,HI.JAN3.--,HI,JAN3,,GR,39.684,20.8379,481.0,409.0,1.72,topography,B,Not analized,,,geometric_mean_as_recorded,1.0,bindi2014_rhyp,4.5,2015-01-01
75,31,0.06762974285771295,1,939,HI.KAC1.--,HI,KAC1,,GR,38.143412,21.549694,31.0,311.0,0.49,topography,C,Not analized,,,geometric_mean_as_recorded,1.0,bindi2014_rhyp,4.5,2015-01-01
76,34,0.2822931126895245,1,939,HI.KAR2.--,HI,KAR2,,GR,39.365759,21.91933,106.0,482.0,2.75,topography,B,Not analized,,,geometric_mean_as_recorded,1.0,bindi2014_rhyp,4.5,2015-01-01
77,22,-0.2358262536046165,1,939,HI.KAS2.--,HI,KAS2,,GR,40.504878,21.280507,644.0,587.0,4.99,topography,B,Not analized,,,geometric_mean_as_recorded,1.0,bindi2014_rhyp,4.5,2015-01-01
78,36,-0.23972491833329468,1,939,HI.KIF1.--,HI,KIF1,,GR,38.077273,23.814551,310.0,353.0,0.95,topography,C,Not analized,,,geometric_mean_as_recorded,1.0,bindi2014_rhyp,4.5,2015-01-01
79,47,0.09859385699552214,1,939,HI.KIS1.--,HI,KIS1,,GR,35.493933,23.658993,24.0,497.0,3.02,topography,B,Not analized,,,geometric_mean_as_recorded,1.0,bindi2014_rhyp,4.5,2015-01-01
80,24,0.0426168181327673,1,939,HI.KLR1.--,HI,KLR1,,GR,40.58251,22.949554,28.0,364.0,1.09,topography,B,Not analized,,,geometric_mean_as_recorded,1.0,bindi2014_rhyp,4.5,2015-01-01
81,144,-0.008519652304670111,1,939,HI.KLV1.--,HI,KLV1,,GR,38.03256,22.10797,717.0,465.0,2.52,topography,B,Not analized,,,geometric_mean_as_recorded,1.0,bindi2014_rhyp,4.5,2015-01-01
82,13,0.21978999406435673,1,939,HI.KMT1.--,HI,KMT1,,GR,41.1159,25.4066,53.0,338.0,0.79,topography,C,Not analized,,,geometric_mean_as_recorded,1.0,bindi2014_rhyp,4.5,2015-01-01
83,21,-0.11961127783769332,1,939,HI.KNS1.--,HI,KNS1,,GR,40.048,20.7524,621.0,900.0,13.34,topography,A,Not analized,,,geometric_mean_as_recorded,1.0,bindi2014_rhyp,4.5,2015-01-01
84,42,0.28685533134718827,1,939,HI.KOR2.--,HI,KOR2,,GR,37.9401,22.9495,35.0,508.0,3.25,topography,B,Not analized,,,geometric_mean_as_recorded,1.0,bindi2014_rhyp,4.5,2015-01-01
85,25,0.17380627473358934,1,939,HI.KOS2.--,HI,KOS2,,GR,36.8941,27.2888,10.0,489.0,2.85,topography,B,Not analized,,,geometric_mean_as_recorded,1.0,bindi2014_rhyp,4.5,2015-01-01
86,22,-0.3369998775651448,1,939,HI.KOZ2.--,HI,KOZ2,,GR,40.295728,21.788123,731.0,551.0,4.21,topography,B,Not analized,,,geometric_mean_as_recorded,1.0,bindi2014_rhyp,4.5,2015-01-01
87,73,0.11771208225066526,1,939,HI.KRI1.--,HI,KRI1,,GR,37.6621,20.8172,185.0,882.0,12.65,topography,A,Not analized,,,geometric_mean_as_recorded,1.0,bindi2014_rhyp,4.5,2015-01-01
88,81,-0.03580172614966837,1,939,HI.KRK1.--,HI,KRK1,,GR,39.618861,19.9202,10.0,421.0,1.89,topography,B,Not analized,,,geometric_mean_as_recorded,1.0,bindi2014_rhyp,4.5,2015-01-01
89,148,0.06339706193455641,1,939,HI.KRL1.--,HI,KRL1,,GR,37.7951,26.7065,14.0,644.0,6.1,topography,B,Not analized,,,geometric_mean_as_recorded,1.0,bindi2014_rhyp,4.5,2015-01-01
90,77,-0.46755659725558874,1,939,HI.KSS1.--,HI,KSS1,,GR,35.4189,26.9207,0.0,767.0,8.25,topography,B,Not analized,,,geometric_mean_as_recorded,1.0,bindi2014_rhyp,4.5,2015-01-01
91,62,-0.18799662921546567,1,939,HI.KTL1.--,HI,KTL1,,GR,35.20778,25.34272,390.0,327.0,0.67,topography,C,Not analized,,,geometric_mean_as_recorded,1.0,bindi2014_rhyp,4.5,2015-01-01
92,19,-0.10297709648727504,1,939,HI.KYP2.--,HI,KYP2,,GR,37.2497,21.667,34.0,417.0,1.84,topography,B,Not analized,,,geometric_mean_as_recorded,1.0,bindi2014_rhyp,4.5,2015-01-01
93,68,-0.1734466688363181,1,939,HI.LAM2.--,HI,LAM2,,GR,38.90203,22.431301,112.0,767.0,8.23,topography,B,Not analized,,,geometric_mean_as_recorded,1.0,bindi2014_rhyp,4.5,2015-01-01
94,37,0.37345052396119693,1,939,HI.LAR4.--,HI,LAR4,,GR,39.6422,22.4219,84.0,407.0,1.69,topography,B,Not analized,,,geometric_mean_as_recorded,1.0,bindi2014_rhyp,4.5,2015-01-01
95,46,0.2983353899783059,1,939,HI.LEF2.--,HI,LEF2,,GR,38.830093,20.708346,5.0,311.0,0.49,topography,C,Not analized,,,geometric_mean_as_recorded,1.0,bindi2014_rhyp,4.5,2015-01-01
96,18,-0.21328974032576142,1,939,HI.LEO1.--,HI,LEO1,,GR,37.1689,22.8637,57.0,863.0,11.94,topography,A,Not analized,,,geometric_mean_as_recorded,1.0,bindi2014_rhyp,4.5,2015-01-01
97,35,-0.345530350218349,1,939,HI.LMN1.--,HI,LMN1,,GR,39.875,25.0588,2.0,603.0,5.34,topography,B,Not analized,,,geometric_mean_as_recorded,1.0,bindi2014_rhyp,4.5,2015-01-01
98,64,-0.21632282701542482,1,939,HI.LMS2.--,HI,LMS2,,GR,40.834985,21.141815,923.0,446.0,2.25,topography,B,Not analized,,,geometric_mean_as_recorded,1.0,bindi2014_rhyp,4.5,2015-01-01
99,16,0.3203601863993537,1,939,HI.LXR2.--,HI,LXR2,,GR,38.206718,20.436386,7.0,449.0,2.29,topography,B,Not analized,,,geometric_mean_as_recorded,1.0,bindi2014_rhyp,4.5,2015-01-01
100,22,0.19689233602241135,1,939,HI.MGP1.--,HI,MGP1,,GR,37.403248,22.140703,433.0,298.0,0.35,topography,C,Not analized,,,geometric_mean_as_recorded,1.0,bindi2014_rhyp,4.5,2015-01-01
101,6,0.04308352437474322,1,939,HI.MOS1.--,HI,MOS1,,GR,37.953107,23.681947,9.0,306.0,0.42,topography,C,Not analized,,,geometric_mean_as_recorded,1.0,bindi2014_rhyp,4.5,2015-01-01
102,143,0.3041188616741832,1,939,HI.MSL1.--,HI,MSL1,,GR,38.3727,21.4243,1.0,344.0,0.85,topography,C,Not analized,,,geometric_mean_as_recorded,1.0,bindi2014_rhyp,4.5,2015-01-01
103,101,0.19045543856562352,1,939,HI.MYT1.--,HI,MYT1,,GR,39.085,26.5694,34.0,809.0,9.86,topography,A,Not analized,,,geometric_mean_as_recorded,1.0,bindi2014_rhyp,4.5,2015-01-01
104,118,-0.4592589151545553,1,939,HI.NAX1.--,HI,NAX1,,GR,37.101394,25.374103,7.0,407.0,1.69,topography,B,Not analized,,,geometric_mean_as_recorded,1.0,bindi2014_rhyp,4.5,2015-01-01
105,47,0.05905909686633737,1,939,HI.NMA1.--,HI,NMA1,,GR,37.81873,22.662702,290.0,561.0,4.42,topography,B,Not analized,,,geometric_mean_as_recorded,1.0,bindi2014_rhyp,4.5,2015-01-01
106,45,-0.067758612291415,1,939,HI.NPS1.--,HI,NPS1,,GR,36.51263,23.06248,48.0,407.0,1.69,topography,B,Not analized,,,geometric_mean_as_recorded,1.0,bindi2014_rhyp,4.5,2015-01-01
107,20,0.3576941646554087,1,939,HI.PAT4.--,HI,PAT4,,GR,38.2338,21.74795,44.0,376.0,1.25,topography,B,Not analized,,,geometric_mean_as_recorded,1.0,bindi2014_rhyp,4.5,2015-01-01
108,23,-0.06052767022369965,1,939,HI.PAT5.--,HI,PAT5,,GR,38.29595,21.795083,49.0,545.0,4.08,topography,B,Not analized,,,geometric_mean_as_recorded,1.0,bindi2014_rhyp,4.5,2015-01-01
109,37,-0.05917562353828265,1,939,HI.PER1.--,HI,PER1,,GR,38.0119,23.7027,66.0,425.0,1.94,topography,B,Not analized,,,geometric_mean_as_recorded,1.0,bindi2014_rhyp,4.5,2015-01-01
110,31,0.2527840182116902,1,939,HI.PET1.--,HI,PET1,,GR,36.963862,21.92538,6.0,403.0,1.64,topography,B,Not analized,,,geometric_mean_as_recorded,1.0,bindi2014_rhyp,4.5,2015-01-01
111,12,-0.14407152452259986,1,939,HI.PIR1.--,HI,PIR1,,GR,37.93723,23.642595,87.0,275.0,0.26,topography,C,Not analized,,,geometric_mean_as_recorded,1.0,bindi2014_rhyp,4.5,2015-01-01
112,26,0.31920291771258325,1,939,HI.PIR2.--,HI,PIR2,,GR,37.9458,23.6709,10.0,502.0,3.13,topography,B,Not analized,,,geometric_mean_as_recorded,1.0,bindi2014_rhyp,4.5,2015-01-01
113,26,-0.34698200919505584,1,939,HI.PIR3.--,HI,PIR3,,GR,37.9573,23.6519,10.0,338.0,0.79,topography,C,Not analized,,,geometric_mean_as_recorded,1.0,bindi2014_rhyp,4.5,2015-01-01
114,24,0.00849286378364178,1,939,HI.PLA1.--,HI,PLA1,,GR,40.555907,22.988593,13.0,405.0,1.67,topography,B,Not analized,,,geometric_mean_as_recorded,1.0,bindi2014_rhyp,4.5,2015-01-01
115,45,0.04789635726371905,1,939,HI.PLN1.--,HI,PLN1,,GR,39.998,23.575,29.0,443.0,2.2,topography,B,Not analized,,,geometric_mean_as_recorded,1.0,bindi2014_rhyp,4.5,2015-01-01
116,24,0.40129640471444167,1,939,HI.PTO1.--,HI,PTO1,,GR,40.510132,21.681568,603.0,399.0,1.58,topography,B,Not analized,,,geometric_mean_as_recorded,1.0,bindi2014_rhyp,4.5,2015-01-01
117,36,0.1701692697227719,1,939,HI.PYR2.--,HI,PYR2,,GR,37.6671,21.4506,8.0,442.0,2.19,topography,B,Not analized,,,geometric_mean_as_recorded,1.0,bindi2014_rhyp,4.5,2015-01-01
118,70,0.06961056886185862,1,939,HI.RDI1.--,HI,RDI1,,GR,36.4514,28.224,7.0,413.0,1.78,topography,B,Not analized,,,geometric_mean_as_recorded,1.0,bindi2014_rhyp,4.5,2015-01-01
119,46,-0.11720727893627925,1,939,HI.RGE1.--,HI,RGE1,,GR,36.0269,27.9306,3.0,396.0,1.54,topography,B,Not analized,,,geometric_mean_as_recorded,1.0,bindi2014_rhyp,4.5,2015-01-01
120,49,0.14111229090123356,1,939,HI.RKL1.--,HI,RKL1,,GR,36.336699,28.171224,78.0,533.0,3.81,topography,B,Not analized,,,geometric_mean_as_recorded,1.0,bindi2014_rhyp,4.5,2015-01-01
121,27,-0.1476093063547398,1,939,HI.RKT1.--,HI,RKT1,,GR,35.954336,27.767327,49.0,403.0,1.64,topography,B,Not analized,,,geometric_mean_as_recorded,1.0,bindi2014_rhyp,4.5,2015-01-01
122,34,0.09227627254196974,1,939,HI.RPN1.--,HI,RPN1,,GR,36.448678,28.218047,14.0,581.0,4.86,topography,B,Not analized,,,geometric_mean_as_recorded,1.0,bindi2014_rhyp,4.5,2015-01-01
123,26,0.013555472714119832,1,939,HI.RSO1.--,HI,RSO1,,GR,36.3632,28.0016,8.0,381.0,1.33,topography,B,Not analized,,,geometric_mean_as_recorded,1.0,bindi2014_rhyp,4.5,2015-01-01
124,43,-0.2424397940976729,1,939,HI.RTH1.--,HI,RTH1,,GR,35.365393,24.471773,15.0,424.0,1.93,topography,B,Not analized,,,geometric_mean_as_recorded,1.0,bindi2014_rhyp,4.5,2015-01-01
125,20,-0.5721831466796917,1,939,HI.SEIS.--,HI,SEIS,,GR,40.631849,22.962768,63.0,726.0,7.42,topography,B,Not analized,,,geometric_mean_as_recorded,1.0,bindi2014_rhyp,4.5,2015-01-01
126,28,0.050626541722930185,1,939,HI.SFL1.--,HI,SFL1,,GR,41.189954,26.304374,6.0,355.0,0.97,topography,C,Not analized,,,geometric_mean_as_recorded,1.0,bindi2014_rhyp,4.5,2015-01-01
127,56,0.08661908766318216,1,939,HI.SFR2.--,HI,SFR2,,GR,36.399841,25.438209,206.0,485.0,2.79,topography,B,Not analized,,,geometric_mean_as_recorded,1.0,bindi2014_rhyp,4.5,2015-01-01
128,50,-0.15507291846943094,1,939,HI.SGR1.--,HI,SGR1,,GR,39.211392,25.855221,28.0,814.0,10.06,topography,A,Not analized,,,geometric_mean_as_recorded,1.0,bindi2014_rhyp,4.5,2015-01-01
129,25,-0.32907088174260424,1,939,HI.SIA1.--,HI,SIA1,,GR,40.257308,21.553432,918.0,948.0,15.14,topography,A,Not analized,,,geometric_mean_as_recorded,1.0,bindi2014_rhyp,4.5,2015-01-01
130,96,0.1563362251029139,1,939,HI.SIT2.--,HI,SIT2,,GR,35.2059,26.107,0.0,385.0,1.39,topography,B,Not analized,,,geometric_mean_as_recorded,1.0,bindi2014_rhyp,4.5,2015-01-01
131,81,-0.120933735360925,1,939,HI.SKY1.--,HI,SKY1,,GR,38.904483,24.564572,75.0,824.0,10.43,topography,A,Not analized,,,geometric_mean_as_recorded,1.0,bindi2014_rhyp,4.5,2015-01-01
132,13,0.47210859540874067,1,939,HI.SPP1.--,HI,SPP1,,GR,41.0225,25.7013,125.0,443.0,2.2,topography,B,Not analized,,,geometric_mean_as_recorded,1.0,bindi2014_rhyp,4.5,2015-01-01
133,18,-0.45299996689410327,1,939,HI.STL1.--,HI,STL1,,GR,40.662419,22.935323,28.0,407.0,1.69,topography,B,Not analized,,,geometric_mean_as_recorded,1.0,bindi2014_rhyp,4.5,2015-01-01
134,29,-0.3414401890100013,1,939,HI.THS1.--,HI,THS1,,GR,40.738476,24.575145,20.0,527.0,3.66,topography,B,Not analized,,,geometric_mean_as_recorded,1.0,bindi2014_rhyp,4.5,2015-01-01
135,50,0.13557431032698397,1,939,HI.THV2.--,HI,THV2,,GR,38.316117,23.319807,215.0,535.0,3.85,topography,B,Not analized,,,geometric_mean_as_recorded,1.0,bindi2014_rhyp,4.5,2015-01-01
136,36,-0.18662885659795558,1,939,HI.TRP1.--,HI,TRP1,,GR,37.511219,22.363399,698.0,504.0,3.17,topography,B,Not analized,,,geometric_mean_as_recorded,1.0,bindi2014_rhyp,4.5,2015-01-01
137,64,-0.16344385921281057,1,939,HI.VOL2.--,HI,VOL2,,GR,39.366,22.9506,26.0,393.0,1.5,topography,B,Not analized,,,geometric_mean_as_recorded,1.0,bindi2014_rhyp,4.5,2015-01-01
138,41,-0.3686909118630112,1,939,HI.VOL3.--,HI,VOL3,,GR,39.373969,22.935352,10.0,332.0,0.72,topography,C,Not analized,,,geometric_mean_as_recorded,1.0,bindi2014_rhyp,4.5,2015-01-01
139,39,-0.12584871012004673,1,939,HI.VSK1.--,HI,VSK1,,GR,38.4091,20.564,302.0,652.0,6.22,topography,B,Not analized,,,geometric_mean_as_recorded,1.0,bindi2014_rhyp,4.5,2015-01-01
140,12,0.13031398028917351,1,939,HI.XAN2.--,HI,XAN2,,GR,41.142046,24.890781,74.0,423.0,1.92,topography,B,Not analized,,,geometric_mean_as_recorded,1.0,bindi2014_rhyp,4.5,2015-01-01
141,37,-0.018337716439904006,1,939,HL.ACHA.00,HL,ACHA,00,GR,38.07458,23.74127,183.0,348.0,0.9,topography,C,Not analized,,,geometric_mean_as_recorded,1.0,bindi2014_rhyp,4.5,2015-01-01
142,32,-0.16641774329681713,1,939,HL.AGNA.00,HL,AGNA,00,GR,35.1895,25.71853,15.0,531.0,3.77,topography,B,Not analized,,,geometric_mean_as_recorded,1.0,bindi2014_rhyp,4.5,2015-01-01
143,26,0.09270399157752274,1,939,HL.AGXA.00,HL,AGXA,00,GR,39.27649,22.81999,2.0,389.0,1.43,topography,B,Not analized,,,geometric_mean_as_recorded,1.0,bindi2014_rhyp,4.5,2015-01-01
144,46,0.03164282551939479,1,939,HL.ALNA.00,HL,ALNA,00,GR,39.14804,23.86669,40.0,437.0,2.12,topography,B,Not analized,,,geometric_mean_as_recorded,1.0,bindi2014_rhyp,4.5,2015-01-01
145,3,0.24118534096085076,1,939,HL.ALXA.00,HL,ALXA,00,GR,40.8555,25.90192,12.0,411.0,1.75,topography,B,Not analized,,,geometric_mean_as_recorded,1.0,bindi2014_rhyp,4.5,2015-01-01
146,67,-0.438191103287047,1,939,HL.AMGA.00,HL,AMGA,00,GR,36.831551,25.893818,307.0,502.0,3.12,topography,B,Not analized,,,geometric_mean_as_recorded,1.0,bindi2014_rhyp,4.5,2015-01-01
147,3,-0.34465017103816975,1,939,HL.AMYA.00,HL,AMYA,00,GR,40.6901,21.67899,595.0,350.0,0.92,topography,C,Not analized,,,geometric_mean_as_recorded,1.0,bindi2014_rhyp,4.5,2015-01-01
148,36,0.1474093510782562,1,939,HL.ANAF.--,HL,ANAF,,GR,36.35675,25.77262,335.0,811.0,9.93,topography,A,Not analized,,,geometric_mean_as_recorded,1.0,bindi2014_rhyp,4.5,2015-01-01
149,28,-0.10943696110170209,1,939,HL.ANKY.00,HL,ANKY,00,GR,35.86704,23.30117,143.0,760.0,7.97,topography,B,Not analized,,,geometric_mean_as_recorded,1.0,bindi2014_rhyp,4.5,2015-01-01
150,20,0.05512137362424918,1,939,HL.ARIA.00,HL,ARIA,00,GR,38.33358,21.76206,1.0,301.0,0.37,topography,C,Not analized,,,geometric_mean_as_recorded,1.0,bindi2014_rhyp,4.5,2015-01-01
151,43,-0.5238868588003652,1,939,HL.ARTB.00,HL,ARTB,00,GR,39.15702,20.9785,29.0,311.0,0.49,topography,C,Not analized,,,geometric_mean_as_recorded,1.0,bindi2014_rhyp,4.5,2015-01-01
152,31,-0.47606115366245205,1,939,HL.ASTA.00,HL,ASTA,00,GR,36.54552,26.35295,64.0,793.0,9.24,topography,B,Not analized,,,geometric_mean_as_recorded,1.0,bindi2014_rhyp,4.5,2015-01-01
153,47,-0.04112462378211934,1,939,HL.ATHP.00,HL,ATHP,00,GR,38.000799,23.773487,187.0,453.0,2.35,topography,B,Not analized,,,geometric_mean_as_recorded,1.0,bindi2014_rhyp,4.5,2015-01-01
154,83,0.1750609287822011,1,939,HL.CHNB.00,HL,CHNB,00,GR,35.48765,24.06605,5.0,353.0,0.95,topography,C,Not analized,,,geometric_mean_as_recorded,1.0,bindi2014_rhyp,4.5,2015-01-01
155,3,-0.13288248650426904,1,939,HL.DION.--,HL,DION,,GR,38.07794,23.93306,460.0,459.0,2.43,topography,B,Not analized,,,geometric_mean_as_recorded,1.0,bindi2014_rhyp,4.5,2015-01-01
156,93,-0.08922443484573239,1,939,HL.DLFA.00,HL,DLFA,00,GR,38.47836,22.49583,570.0,1666.0,37.55,topography,A,Not analized,,,geometric_mean_as_recorded,1.0,bindi2014_rhyp,4.5,2015-01-01
157,30,0.046481539168264974,1,939,HL.DRPA.00,HL,DRPA,00,GR,37.94738,23.63024,18.0,523.0,3.59,topography,B,Not analized,,,geometric_mean_as_recorded,1.0,bindi2014_rhyp,4.5,2015-01-01
158,60,-0.19903157617498568,1,939,HL.EFSA.00,HL,EFSA,00,GR,39.54015,24.98864,5.0,586.0,4.96,topography,B,Not analized,,,geometric_mean_as_recorded,1.0,bindi2014_rhyp,4.5,2015-01-01
159,32,-0.14653266186921643,1,939,HL.ELFA.00,HL,ELFA,00,GR,38.04472,23.5405,9.0,321.0,0.6,topography,C,Not analized,,,geometric_mean_as_recorded,1.0,bindi2014_rhyp,4.5,2015-01-01
160,6,0.5588662208175943,1,939,HL.ELIN.--,HL,ELIN,,GR,38.099492,22.487383,568.0,924.0,14.23,topography,A,Not analized,,,geometric_mean_as_recorded,1.0,bindi2014_rhyp,4.5,2015-01-01
161,31,-0.14651804786511202,1,939,HL.GINA.00,HL,GINA,00,GR,39.66886,22.389,94.0,355.0,0.97,topography,C,Not analized,,,geometric_mean_as_recorded,1.0,bindi2014_rhyp,4.5,2015-01-01
162,84,0.4069141763111125,1,939,HL.HERG.00,HL,HERG,00,GR,35.32622,25.06586,31.0,470.0,2.58,topography,B,Not analized,,,geometric_mean_as_recorded,1.0,bindi2014_rhyp,4.5,2015-01-01
163,135,0.657831716597582,1,939,HL.IACM.--,HL,IACM,,GR,35.3058,25.0709,45.0,844.0,11.22,topography,A,Not analized,,,geometric_mean_as_recorded,1.0,bindi2014_rhyp,4.5,2015-01-01
164,86,0.0839325003908688,1,939,HL.IMMV.--,HL,IMMV,,GR,35.4606,23.9811,230.0,1036.0,18.32,topography,A,Not analized,,,geometric_mean_as_recorded,1.0,bindi2014_rhyp,4.5,2015-01-01
165,23,-0.11556707588999049,1,939,HL.ITM.00,HL,ITM,00,GR,37.17872,21.92522,423.0,882.0,12.68,topography,A,Not analized,,,geometric_mean_as_recorded,1.0,bindi2014_rhyp,4.5,2015-01-01
166,103,-0.1785371652435923,1,939,HL.JAN.00,HL,JAN,00,GR,39.65616,20.84874,526.0,399.0,1.58,topography,B,Not analized,,,geometric_mean_as_recorded,1.0,bindi2014_rhyp,4.5,2015-01-01
167,49,-0.15361637781375792,1,939,HL.KARA.00,HL,KARA,00,GR,38.01581,24.42014,20.0,497.0,3.03,topography,B,Not analized,,,geometric_mean_as_recorded,1.0,bindi2014_rhyp,4.5,2015-01-01
168,77,0.004389027168743342,1,939,HL.KARP.--,HL,KARP,,GR,35.5471,27.16106,524.0,835.0,10.88,topography,A,Not analized,,,geometric_mean_as_recorded,1.0,bindi2014_rhyp,4.5,2015-01-01
169,38,-0.16667216114199856,1,939,HL.KASA.00,HL,KASA,00,GR,39.74628,19.93542,65.0,1006.0,17.27,topography,A,Not analized,,,geometric_mean_as_recorded,1.0,bindi2014_rhyp,4.5,2015-01-01
170,149,-0.435648260934127,1,939,HL.KLNA.00,HL,KLNA,00,GR,36.95708,26.97274,28.0,530.0,3.75,topography,B,Not analized,,,geometric_mean_as_recorded,1.0,bindi2014_rhyp,4.5,2015-01-01
171,7,0.5678377856076997,1,939,HL.KOMA.00,HL,KOMA,00,GR,41.11278,25.39647,37.0,385.0,1.38,topography,B,Not analized,,,geometric_mean_as_recorded,1.0,bindi2014_rhyp,4.5,2015-01-01
172,11,0.24751696532395184,1,939,HL.KRYO.--,HL,KRYO,,GR,37.971151,22.617961,883.0,492.0,2.91,topography,B,Not analized,,,geometric_mean_as_recorded,1.0,bindi2014_rhyp,4.5,2015-01-01
173,18,-0.45830307465967335,1,939,HL.KSL.00,HL,KSL,00,GR,36.15031,29.58561,64.0,781.0,8.79,topography,B,Not analized,,,geometric_mean_as_recorded,1.0,bindi2014_rhyp,4.5,2015-01-01
174,6,-0.15851752667722185,1,939,HL.KSTE.--,HL,KSTE,,GR,35.1801,25.3372,395.0,1052.0,18.91,topography,A,Not analized,,,geometric_mean_as_recorded,1.0,bindi2014_rhyp,4.5,2015-01-01
175,31,0.32972320079360173,1,939,HL.KTHA.--,HL,KTHA,,GR,36.2566,23.0621,360.0,692.0,6.87,topography,B,Not analized,,,geometric_mean_as_recorded,1.0,bindi2014_rhyp,4.5,2015-01-01
176,22,-0.49056296268870303,1,939,HL.KVLA.00,HL,KVLA,00,GR,40.93704,24.38591,122.0,782.0,8.82,topography,B,Not analized,,,geometric_mean_as_recorded,1.0,bindi2014_rhyp,4.5,2015-01-01
177,15,0.43226738647526763,1,939,HL.LARA.00,HL,LARA,00,GR,39.63704,22.42969,75.0,390.0,1.46,topography,B,Not analized,,,geometric_mean_as_recorded,1.0,bindi2014_rhyp,4.5,2015-01-01
178,65,-0.3180209453254651,1,939,HL.LIA.00,HL,LIA,00,GR,39.89725,25.18055,67.0,471.0,2.59,topography,B,Not analized,,,geometric_mean_as_recorded,1.0,bindi2014_rhyp,4.5,2015-01-01
179,35,-0.613852056610764,1,939,HL.LKR.--,HL,LKR,,GR,38.64957,22.998812,192.0,1074.0,19.67,topography,A,Not analized,,,geometric_mean_as_recorded,1.0,bindi2014_rhyp,4.5,2015-01-01
180,7,-0.15028755224986423,1,939,HL.LVRA.00,HL,LVRA,00,GR,37.71196,24.05518,5.0,376.0,1.25,topography,B,Not analized,,,geometric_mean_as_recorded,1.0,bindi2014_rhyp,4.5,2015-01-01
181,87,0.31925710509715444,1,939,HL.LXRA.00,HL,LXRA,00,GR,38.20006,20.43718,0.0,462.0,2.47,topography,B,Not analized,,,geometric_mean_as_recorded,1.0,bindi2014_rhyp,4.5,2015-01-01
182,72,0.3061816371500323,1,939,HL.MILA.00,HL,MILA,00,GR,36.74288,24.4282,130.0,573.0,4.69,topography,B,Not analized,,,geometric_mean_as_recorded,1.0,bindi2014_rhyp,4.5,2015-01-01
183,21,0.05230708023724889,1,939,HL.NASA.00,HL,NASA,00,GR,40.63111,22.06706,350.0,446.0,2.24,topography,B,Not analized,,,geometric_mean_as_recorded,1.0,bindi2014_rhyp,4.5,2015-01-01
184,11,-0.007967086276968072,1,939,HL.NGRA.00,HL,NGRA,00,GR,40.90747,23.49933,68.0,321.0,0.6,topography,C,Not analized,,,geometric_mean_as_recorded,1.0,bindi2014_rhyp,4.5,2015-01-01
185,55,-0.03572589806606863,1,939,HL.NOAC.00,HL,NOAC,00,GR,37.97384,23.71767,93.0,719.0,7.32,topography,B,Not analized,,,geometric_mean_as_recorded,1.0,bindi2014_rhyp,4.5,2015-01-01
186,14,-0.2399640814268369,1,939,HL.NOAC.02,HL,NOAC,02,GR,37.97384,23.71767,93.0,719.0,7.32,topography,B,Not analized,,,geometric_mean_as_recorded,1.0,bindi2014_rhyp,4.5,2015-01-01
187,26,-0.17326113868265536,1,939,HL.NPLA.00,HL,NPLA,00,GR,37.56561,22.79975,10.0,505.0,3.19,topography,B,Not analized,,,geometric_mean_as_recorded,1.0,bindi2014_rhyp,4.5,2015-01-01
188,13,0.47038999988499364,1,939,HL.NVR.00,HL,NVR,00,GR,41.34846,23.86517,627.0,955.0,15.37,topography,A,Not analized,,,geometric_mean_as_recorded,1.0,bindi2014_rhyp,4.5,2015-01-01
189,11,-0.2612227603111915,1,939,HL.OREA.00,HL,OREA,00,GR,40.72705,22.91452,257.0,458.0,2.42,topography,B,Not analized,,,geometric_mean_as_recorded,1.0,bindi2014_rhyp,4.5,2015-01-01
190,147,0.32601050304654644,1,939,HL.PATC.00,HL,PATC,00,GR,38.26933,21.76001,47.0,444.0,2.21,topography,B,Not analized,,,geometric_mean_as_recorded,1.0,bindi2014_rhyp,4.5,2015-01-01
191,105,0.16005482661753512,1,939,HL.PATG.00,HL,PATG,00,GR,38.23865,21.72657,1.0,315.0,0.53,topography,C,Not analized,,,geometric_mean_as_recorded,1.0,bindi2014_rhyp,4.5,2015-01-01
192,3,-0.564887246663503,1,939,HL.PLG.--,HL,PLG,,GR,40.37328,23.44443,566.0,608.0,5.44,topography,B,Not analized,,,geometric_mean_as_recorded,1.0,bindi2014_rhyp,4.5,2015-01-01
193,26,0.03183497971729099,1,939,HL.PRGA.00,HL,PRGA,00,GR,39.28557,20.40157,15.0,728.0,7.46,topography,B,Not analized,,,geometric_mean_as_recorded,1.0,bindi2014_rhyp,4.5,2015-01-01
194,116,0.1051341218259963,1,939,HL.PRK.--,HL,PRK,,GR,39.24565,26.26499,130.0,604.0,5.35,topography,B,Not analized,,,geometric_mean_as_recorded,1.0,bindi2014_rhyp,4.5,2015-01-01
195,91,-0.2976631937096713,1,939,HL.PSRA.00,HL,PSRA,00,GR,38.53978,25.56202,13.0,412.0,1.77,topography,B,Not analized,,,geometric_mean_as_recorded,1.0,bindi2014_rhyp,4.5,2015-01-01
196,100,0.11108087347272722,1,939,HL.RIOA.00,HL,RIOA,00,GR,38.29585,21.79118,46.0,496.0,3.0,topography,B,Not analized,,,geometric_mean_as_recorded,1.0,bindi2014_rhyp,4.5,2015-01-01
197,66,0.02793485015471131,1,939,HL.RODB.00,HL,RODB,00,GR,36.4471,28.22116,26.0,509.0,3.28,topography,B,Not analized,,,geometric_mean_as_recorded,1.0,bindi2014_rhyp,4.5,2015-01-01
198,52,0.6434045336875684,1,939,HL.SAP3.--,HL,SAP3,,GR,36.4356,25.345419,173.0,1117.0,21.2,topography,A,Not analized,,,geometric_mean_as_recorded,1.0,bindi2014_rhyp,4.5,2015-01-01
199,92,0.1672839466171382,1,939,HL.SIVA.00,HL,SIVA,00,GR,35.01777,24.81204,96.0,706.0,7.11,topography,B,Not analized,,,geometric_mean_as_recorded,1.0,bindi2014_rhyp,4.5,2015-01-01
200,79,-0.2500863012001434,1,939,HL.SMG.00,HL,SMG,00,GR,37.70425,26.83772,348.0,451.0,2.32,topography,B,Not analized,,,geometric_mean_as_recorded,1.0,bindi2014_rhyp,4.5,2015-01-01
201,39,0.006072311423714116,1,939,HL.SMHA.00,HL,SMHA,00,GR,38.25123,20.6477,5.0,342.0,0.82,topography,C,Not analized,,,geometric_mean_as_recorded,1.0,bindi2014_rhyp,4.5,2015-01-01
202,34,-0.5357486264163943,1,939,HL.SMTH.00,HL,SMTH,00,GR,40.47094,25.53045,365.0,1167.0,22.91,topography,A,Not analized,,,geometric_mean_as_recorded,1.0,bindi2014_rhyp,4.5,2015-01-01
203,14,0.03905672620382461,1,939,HL.SOFA.00,HL,SOFA,00,GR,39.33773,22.09691,110.0,358.0,1.01,topography,C,Not analized,,,geometric_mean_as_recorded,1.0,bindi2014_rhyp,4.5,2015-01-01
204,50,-0.6990146294635721,1,939,HL.THERA.00,HL,THERA,00,GR,36.366992,25.475263,288.0,795.0,9.35,topography,B,Not analized,,,geometric_mean_as_recorded,1.0,bindi2014_rhyp,4.5,2015-01-01
205,114,0.31933302048393,1,939,HL.THRA.00,HL,THRA,00,GR,36.41502,25.43244,220.0,509.0,3.28,topography,B,Not analized,,,geometric_mean_as_recorded,1.0,bindi2014_rhyp,4.5,2015-01-01
206,3,0.24589247001652276,1,939,HL.THVC.--,HL,THVC,,GR,38.3191,23.3177,217.0,494.0,2.95,topography,B,Not analized,,,geometric_mean_as_recorded,1.0,bindi2014_rhyp,4.5,2015-01-01
207,107,-0.30873257600168447,1,939,HL.TNSA.00,HL,TNSA,00,GR,37.53942,25.1631,21.0,401.0,1.6,topography,B,Not analized,,,geometric_mean_as_recorded,1.0,bindi2014_rhyp,4.5,2015-01-01
208,26,-0.008378566382477026,1,939,HL.TRKA.00,HL,TRKA,00,GR,39.55381,21.76624,87.0,321.0,0.6,topography,C,Not analized,,,geometric_mean_as_recorded,1.0,bindi2014_rhyp,4.5,2015-01-01
209,14,0.3956169114644562,1,939,HL.VELA.00,HL,VELA,00,GR,37.974944,22.766063,17.0,387.0,1.41,topography,B,Not analized,,,geometric_mean_as_recorded,1.0,bindi2014_rhyp,4.5,2015-01-01
210,11,0.07580656171118877,1,939,HL.VERA.00,HL,VERA,00,GR,40.48601,22.32151,117.0,490.0,2.87,topography,B,Not analized,,,geometric_mean_as_recorded,1.0,bindi2014_rhyp,4.5,2015-01-01
211,6,-0.2883057401890956,1,939,HL.VLMS.--,HL,VLMS,,GR,37.876701,20.66293,431.0,527.0,3.68,topography,B,Not analized,,,geometric_mean_as_recorded,1.0,bindi2014_rhyp,4.5,2015-01-01
212,65,-0.002145487940817481,1,939,HL.YDRA.00,HL,YDRA,00,GR,37.34923,23.46525,33.0,544.0,4.06,topography,B,Not analized,,,geometric_mean_as_recorded,1.0,bindi2014_rhyp,4.5,2015-01-01
213,48,0.14947592202286403,1,939,HL.ZARA.00,HL,ZARA,00,GR,37.4865,21.6491,30.0,372.0,1.2,topography,B,Not analized,,,geometric_mean_as_recorded,1.0,bindi2014_rhyp,4.5,2015-01-01
214,44,-0.17618873625105047,1,939,HL.ZKR.00,HL,ZKR,00,GR,35.1147,26.21691,254.0,522.0,3.56,topography,B,Not analized,,,geometric_mean_as_recorded,1.0,bindi2014_rhyp,4.5,2015-01-01
215,22,0.2444597240132147,1,939,HP.AMT.--,HP,AMT,,GR,37.5324,21.7089,482.0,1088.0,20.18,topography,A,Not analized,,,geometric_mean_as_recorded,1.0,bindi2014_rhyp,4.5,2015-01-01
216,84,-0.11201021622369223,1,939,HP.ANX.--,HP,ANX,,GR,38.5933,21.9209,1020.0,311.0,0.49,topography,C,Not analized,,,geometric_mean_as_recorded,1.0,bindi2014_rhyp,4.5,2015-01-01
217,32,-0.01487335343773144,1,939,HP.EFP.--,HP,EFP,,GR,38.4269,21.9058,107.0,1280.0,26.61,topography,A,Not analized,,,geometric_mean_as_recorded,1.0,bindi2014_rhyp,4.5,2015-01-01
218,48,-0.10330214610658495,1,939,HP.FSK.--,HP,FSK,,GR,38.4593,20.5623,113.0,688.0,6.82,topography,B,Not analized,,,geometric_mean_as_recorded,1.0,bindi2014_rhyp,4.5,2015-01-01
219,55,0.01816706675544455,1,939,HP.GUR.--,HP,GUR,,GR,37.9363,22.3423,1087.0,1061.0,19.22,topography,A,Not analized,,,geometric_mean_as_recorded,1.0,bindi2014_rhyp,4.5,2015-01-01
220,38,-0.041109655359786945,1,939,HP.LTHK.--,HP,LTHK,,GR,37.7095,20.8367,35.0,523.0,3.59,topography,B,Not analized,,,geometric_mean_as_recorded,1.0,bindi2014_rhyp,4.5,2015-01-01
221,76,-0.21104422308443993,1,939,HP.LTK.--,HP,LTK,,GR,38.0228,22.9673,408.0,664.0,6.42,topography,B,Not analized,,,geometric_mean_as_recorded,1.0,bindi2014_rhyp,4.5,2015-01-01
222,54,-0.06823066464178373,1,939,HP.PDO.--,HP,PDO,,GR,38.5986,21.1833,227.0,492.0,2.91,topography,B,Not analized,,,geometric_mean_as_recorded,1.0,bindi2014_rhyp,4.5,2015-01-01
223,75,-0.10692677669204564,1,939,HP.PVO.--,HP,PVO,,GR,38.616,21.525,184.0,1018.0,17.69,topography,A,Not analized,,,geometric_mean_as_recorded,1.0,bindi2014_rhyp,4.5,2015-01-01
224,31,-0.20476176116204992,1,939,HP.PYL.--,HP,PYL,,GR,36.8955,21.742,226.0,774.0,8.52,topography,B,Not analized,,,geometric_mean_as_recorded,1.0,bindi2014_rhyp,4.5,2015-01-01
225,78,-0.049114672028930495,1,939,HP.SERG.--,HP,SERG,,GR,38.4133,22.0566,480.0,1296.0,27.11,topography,A,Not analized,,,geometric_mean_as_recorded,1.0,bindi2014_rhyp,4.5,2015-01-01
226,51,0.24915345647232345,1,939,HP.UPR.--,HP,UPR,,GR,38.2836,21.7864,138.0,547.0,4.11,topography,B,Not analized,,,geometric_mean_as_recorded,1.0,bindi2014_rhyp,4.5,2015-01-01
227,38,-0.22316091775789537,1,939,HP.VALY.--,HP,VALY,,GR,37.1641,21.9836,24.0,465.0,2.52,topography,B,Not analized,,,geometric_mean_as_recorded,1.0,bindi2014_rhyp,4.5,2015-01-01
228,39,-0.17935898843921871,1,939,HP.VVK.--,HP,VVK,,GR,38.4222,21.8116,650.0,956.0,15.44,topography,A,Not analized,,,geometric_mean_as_recorded,1.0,bindi2014_rhyp,4.5,2015-01-01
229,4,-0.4230394327951933,1,939,HT.HMT1.00,HT,HMT1,00,GR,40.2581,24.247619,351.0,762.0,8.06,topography,B,Not analized,,,geometric_mean_as_recorded,1.0,bindi2014_rhyp,4.5,2015-01-01
230,5,-0.06814944612263862,1,939,HT.LES3.--,HT,LES3,,GR,39.303248,26.180664,218.0,538.0,3.93,topography,B,Not analized,,,geometric_mean_as_recorded,1.0,bindi2014_rhyp,4.5,2015-01-01
338,4,-0.21488829582226,1,939,IU.ANTO.20,IU,ANTO,20,TR,39.8681,32.79356,1080.0,467.0,4.42,topography,B,Not analized,,,geometric_mean_as_recorded,1.0,bindi2014_rhyp,4.5,2015-01-01
379,12,0.022003924851195178,1,939,KF.CKWP.00,KF,CKWP,00,GR,38.166171,20.510214,71.0,861.0,11.87,topography,A,Not analized,,,geometric_mean_as_recorded,1.0,bindi2014_rhyp,4.5,2015-01-01
380,68,-0.14073443031698496,1,939,KO.AKS.--,KO,AKS,,TR,38.8785,27.8129,385.0,534.0,6.7,topography,B,Not analized,,,geometric_mean_as_recorded,1.0,bindi2014_rhyp,4.5,2015-01-01
381,4,-0.22905067287839498,1,939,KO.ALAN.--,KO,ALAN,,TR,36.557,32.0327,215.0,688.0,11.94,topography,B,Not analized,,,geometric_mean_as_recorded,1.0,bindi2014_rhyp,4.5,2015-01-01
382,28,-0.5409534840449496,1,939,KO.ALT.--,KO,ALT,,TR,39.0541,30.1104,1060.0,448.0,3.96,topography,B,Not analized,,,geometric_mean_as_recorded,1.0,bindi2014_rhyp,4.5,2015-01-01
383,17,0.05067340532718562,1,939,KO.ARMT.--,KO,ARMT,,TR,40.5683,28.866,320.0,620.0,9.98,topography,B,Not analized,,,geometric_mean_as_recorded,1.0,bindi2014_rhyp,4.5,2015-01-01
384,3,-0.20361543212448963,1,939,KO.ARMU.--,KO,ARMU,,TR,40.5088,28.838,1.0,397.0,2.71,topography,B,Not analized,,,geometric_mean_as_recorded,1.0,bindi2014_rhyp,4.5,2015-01-01
385,23,0.3688086949507017,1,939,KO.ARPRA.--,KO,ARPRA,,TR,39.0929,38.3356,1522.0,784.0,15.64,topography,B,Not analized,,,geometric_mean_as_recorded,1.0,bindi2014_rhyp,4.5,2015-01-01
386,16,0.39716230648179407,1,939,KO.AVCI.--,KO,AVCI,,TR,40.9958,28.7225,90.0,409.0,3.02,topography,B,Not analized,,,geometric_mean_as_recorded,1.0,bindi2014_rhyp,4.5,2015-01-01
387,21,0.0008116447342592092,1,939,KO.BALB.--,KO,BALB,,TR,39.6507,27.8642,266.0,710.0,12.57,topography,B,Not analized,,,geometric_mean_as_recorded,1.0,bindi2014_rhyp,4.5,2015-01-01
388,40,0.10038253661701951,1,939,KO.BASM.--,KO,BASM,,TR,37.9194,30.035,897.0,428.0,3.46,topography,B,Not analized,,,geometric_mean_as_recorded,1.0,bindi2014_rhyp,4.5,2015-01-01
389,47,0.152522121783086,1,939,KO.BIGA.--,KO,BIGA,,TR,40.28134,27.15048,60.0,397.0,2.72,topography,B,Not analized,,,geometric_mean_as_recorded,1.0,bindi2014_rhyp,4.5,2015-01-01
390,35,-0.0456660470935738,1,939,KO.BMYO.--,KO,BMYO,,TR,39.8098,26.6009,121.0,334.0,1.29,topography,C,Not analized,,,geometric_mean_as_recorded,1.0,bindi2014_rhyp,4.5,2015-01-01
391,19,-0.6592701627155774,1,939,KO.BODA.--,KO,BODA,,TR,37.0348,27.4304,11.0,322.0,1.07,topography,C,Not analized,,,geometric_mean_as_recorded,1.0,bindi2014_rhyp,4.5,2015-01-01
392,24,0.06492897448060642,1,939,KO.BOTS.--,KO,BOTS,,TR,40.9902,27.981,30.0,503.0,5.52,topography,B,Not analized,,,geometric_mean_as_recorded,1.0,bindi2014_rhyp,4.5,2015-01-01
393,7,-0.28120204501548673,1,939,KO.BOZY.--,KO,BOZY,,TR,36.1069,32.9763,9.0,304.0,0.7,topography,C,Not analized,,,geometric_mean_as_recorded,1.0,bindi2014_rhyp,4.5,2015-01-01
394,20,0.020432414573252844,1,939,KO.BRGA.--,KO,BRGA,,TR,40.8846,29.065,67.0,640.0,10.58,topography,B,Not analized,,,geometric_mean_as_recorded,1.0,bindi2014_rhyp,4.5,2015-01-01
395,6,-0.051276535708756565,1,939,KO.BUYA.--,KO,BUYA,,TR,40.8694,29.1278,40.0,513.0,5.89,topography,B,Not analized,,,geometric_mean_as_recorded,1.0,bindi2014_rhyp,4.5,2015-01-01
396,58,-0.22216231509216489,1,939,KO.CAME.--,KO,CAME,,TR,36.9435,29.3023,1391.0,506.0,5.6,topography,B,Not analized,,,geometric_mean_as_recorded,1.0,bindi2014_rhyp,4.5,2015-01-01
397,54,0.24368780803818085,1,939,KO.CANM.--,KO,CANM,,TR,40.0113,27.0529,180.0,555.0,7.52,topography,B,Not analized,,,geometric_mean_as_recorded,1.0,bindi2014_rhyp,4.5,2015-01-01
398,17,-0.1738860717825198,1,939,KO.CESE.--,KO,CESE,,TR,38.3306,26.2997,95.0,384.0,2.39,topography,B,Not analized,,,geometric_mean_as_recorded,1.0,bindi2014_rhyp,4.5,2015-01-01
399,25,-0.18243325910281905,1,939,KO.CMRD.--,KO,CMRD,,TR,37.6623,34.9902,1234.0,476.0,4.66,topography,B,Not analized,,,geometric_mean_as_recorded,1.0,bindi2014_rhyp,4.5,2015-01-01
400,21,0.6441157882814923,1,939,KO.CRLU.--,KO,CRLU,,TR,41.1428,27.8215,126.0,366.0,1.94,topography,B,Not analized,,,geometric_mean_as_recorded,1.0,bindi2014_rhyp,4.5,2015-01-01
401,11,0.017204344461169807,1,939,KO.CTYL.--,KO,CTYL,,TR,41.476,28.2897,77.0,580.0,8.45,topography,B,Not analized,,,geometric_mean_as_recorded,1.0,bindi2014_rhyp,4.5,2015-01-01
402,23,0.6040004205465445,1,939,KO.DATC.--,KO,DATC,,TR,36.7584,27.6602,94.0,478.0,4.71,topography,B,Not analized,,,geometric_mean_as_recorded,1.0,bindi2014_rhyp,4.5,2015-01-01
403,4,-0.17252610774427768,1,939,KO.DEMR.--,KO,DEMR,,TR,36.2365,29.9056,168.0,797.0,16.59,topography,B,Not analized,,,geometric_mean_as_recorded,1.0,bindi2014_rhyp,4.5,2015-01-01
404,20,0.28922062770217616,1,939,KO.DIDI.--,KO,DIDI,,TR,37.3767,27.2398,75.0,438.0,3.73,topography,B,Not analized,,,geometric_mean_as_recorded,1.0,bindi2014_rhyp,4.5,2015-01-01
405,7,0.3027799465502509,1,939,KO.DOGC.--,KO,DOGC,,TR,41.3949,26.9852,81.0,460.0,4.26,topography,B,Not analized,,,geometric_mean_as_recorded,1.0,bindi2014_rhyp,4.5,2015-01-01
406,48,-0.03904945666569937,1,939,KO.DST.--,KO,DST,,TR,39.6041,28.6267,693.0,399.0,2.75,topography,B,Not analized,,,geometric_mean_as_recorded,1.0,bindi2014_rhyp,4.5,2015-01-01
407,11,0.057340757411953935,1,939,KO.EDC.--,KO,EDC,,TR,40.3465,27.8618,257.0,670.0,11.41,topography,B,Not analized,,,geometric_mean_as_recorded,1.0,bindi2014_rhyp,4.5,2015-01-01
408,22,0.48064565025320394,1,939,KO.ENZZ.--,KO,ENZZ,,TR,40.607,26.1406,11.0,280.0,0.49,topography,C,Not analized,,,geometric_mean_as_recorded,1.0,bindi2014_rhyp,4.5,2015-01-01
409,5,0.37585930069862195,1,939,KO.ERBG.--,KO,ERBG,,TR,40.712,36.6768,510.0,755.0,13.85,topography,B,Not analized,,,geometric_mean_as_recorded,1.0,bindi2014_rhyp,4.5,2015-01-01
410,20,-0.12991684110675994,1,939,KO.ESKT.--,KO,ESKT,,TR,39.5212,30.8492,1295.0,512.0,5.86,topography,B,Not analized,,,geometric_mean_as_recorded,1.0,bindi2014_rhyp,4.5,2015-01-01
411,66,-0.009390365275013801,1,939,KO.EZNE.--,KO,EZNE,,TR,39.756,26.3655,75.0,404.0,2.89,topography,B,Not analized,,,geometric_mean_as_recorded,1.0,bindi2014_rhyp,4.5,2015-01-01
412,7,0.0762342642513642,1,939,KO.FETI.--,KO,FETI,,TR,36.6903,29.096,24.0,514.0,5.94,topography,B,Not analized,,,geometric_mean_as_recorded,1.0,bindi2014_rhyp,4.5,2015-01-01
413,68,-0.11188777000034877,1,939,KO.FOCM.--,KO,FOCM,,TR,38.7131,26.7309,34.0,461.0,4.28,topography,B,Not analized,,,geometric_mean_as_recorded,1.0,bindi2014_rhyp,4.5,2015-01-01
414,5,-0.014714240319385508,1,939,KO.GEMS.--,KO,GEMS,,TR,40.4231,29.1526,1.0,321.0,1.05,topography,C,Not analized,,,geometric_mean_as_recorded,1.0,bindi2014_rhyp,4.5,2015-01-01
415,90,0.03505621028492745,1,939,KO.GMLD.--,KO,GMLD,,TR,38.0766,26.9157,10.0,246.0,0.26,topography,C,Not analized,,,geometric_mean_as_recorded,1.0,bindi2014_rhyp,4.5,2015-01-01
416,7,0.23112526337937805,1,939,KO.GOKC.--,KO,GOKC,,TR,40.1998,25.9183,123.0,521.0,6.21,topography,B,Not analized,,,geometric_mean_as_recorded,1.0,bindi2014_rhyp,4.5,2015-01-01
417,92,-0.18066679062094482,1,939,KO.GOMA.--,KO,GOMA,,TR,38.7077,27.9175,110.0,493.0,5.1,topography,B,Not analized,,,geometric_mean_as_recorded,1.0,bindi2014_rhyp,4.5,2015-01-01
418,73,0.19551952760443053,1,939,KO.GONE.--,KO,GONE,,TR,40.0466,27.686,143.0,647.0,10.78,topography,B,Not analized,,,geometric_mean_as_recorded,1.0,bindi2014_rhyp,4.5,2015-01-01
419,58,0.14760484581145522,1,939,KO.GORD.--,KO,GORD,,TR,38.9088,28.1769,744.0,681.0,11.76,topography,B,Not analized,,,geometric_mean_as_recorded,1.0,bindi2014_rhyp,4.5,2015-01-01
420,25,0.035637008987379426,1,939,KO.GPA.--,KO,GPA,,TR,40.2911,30.3171,570.0,705.0,12.42,topography,B,Not analized,,,geometric_mean_as_recorded,1.0,bindi2014_rhyp,4.5,2015-01-01
421,30,0.08636179642202624,1,939,KO.GPNR.--,KO,GPNR,,TR,39.456,26.1331,55.0,488.0,4.96,topography,B,Not analized,,,geometric_mean_as_recorded,1.0,bindi2014_rhyp,4.5,2015-01-01
422,7,-0.162284598367746,1,939,KO.GUMT.--,KO,GUMT,,TR,40.4665,39.478,1326.0,882.0,22.44,topography,A,Not analized,,,geometric_mean_as_recorded,1.0,bindi2014_rhyp,4.5,2015-01-01
423,3,0.2396498003801934,1,939,KO.HPSA.--,KO,HPSA,,TR,41.0109,29.0072,1.0,363.0,1.87,topography,B,Not analized,,,geometric_mean_as_recorded,1.0,bindi2014_rhyp,4.5,2015-01-01
424,3,0.5329269125422114,1,939,KO.HVHR.--,KO,HVHR,,TR,40.9699,28.8445,22.0,413.0,3.11,topography,B,Not analized,,,geometric_mean_as_recorded,1.0,bindi2014_rhyp,4.5,2015-01-01
425,6,-0.11214417907784335,1,939,KO.HYBA.--,KO,HYBA,,TR,40.8748,29.0861,65.0,407.0,2.96,topography,B,Not analized,,,geometric_mean_as_recorded,1.0,bindi2014_rhyp,4.5,2015-01-01
426,4,0.2827549557166166,1,939,KO.IMRL.--,KO,IMRL,,TR,40.5554,28.527,1.0,480.0,4.76,topography,B,Not analized,,,geometric_mean_as_recorded,1.0,bindi2014_rhyp,4.5,2015-01-01
427,28,0.05972587250830108,1,939,KO.IZI.--,KO,IZI,,TR,40.3483,29.4612,910.0,567.0,7.98,topography,B,Not analized,,,geometric_mean_as_recorded,1.0,bindi2014_rhyp,4.5,2015-01-01
428,31,-0.1057838302673535,1,939,KO.KAVV.--,KO,KAVV,,TR,41.0638,29.06,138.0,456.0,4.17,topography,B,Not analized,,,geometric_mean_as_recorded,1.0,bindi2014_rhyp,4.5,2015-01-01
429,27,0.01775374120176776,1,939,KO.KCTX.--,KO,KCTX,,TR,40.2626,28.3353,445.0,377.0,2.23,topography,B,Not analized,,,geometric_mean_as_recorded,1.0,bindi2014_rhyp,4.5,2015-01-01
430,4,-0.38303055292304733,1,939,KO.KEMT.--,KO,KEMT,,TR,36.6037,30.5558,0.0,305.0,0.73,topography,C,Not analized,,,geometric_mean_as_recorded,1.0,bindi2014_rhyp,4.5,2015-01-01
431,31,-0.5310141584261289,1,939,KO.KHL.--,KO,KHL,,TR,38.3231,29.5286,1003.0,525.0,6.35,topography,B,Not analized,,,geometric_mean_as_recorded,1.0,bindi2014_rhyp,4.5,2015-01-01
432,16,-0.009042637400091702,1,939,KO.KHMN.--,KO,KHMN,,TR,37.3916,37.1574,640.0,587.0,8.73,topography,B,Not analized,,,geometric_mean_as_recorded,1.0,bindi2014_rhyp,4.5,2015-01-01
433,9,0.04699214900776316,1,939,KO.KMON.--,KO,KMON,,TR,41.3738,33.7839,936.0,755.0,13.86,topography,B,Not analized,,,geometric_mean_as_recorded,1.0,bindi2014_rhyp,4.5,2015-01-01
434,23,0.4371007351766225,1,939,KO.KOZK.--,KO,KOZK,,TR,39.2101,34.868,1134.0,492.0,5.08,topography,B,Not analized,,,geometric_mean_as_recorded,1.0,bindi2014_rhyp,4.5,2015-01-01
435,28,-0.1246861700977766,1,939,KO.KRBG.--,KO,KRBG,,TR,40.3932,27.2977,79.0,553.0,7.42,topography,B,Not analized,,,geometric_mean_as_recorded,1.0,bindi2014_rhyp,4.5,2015-01-01
436,38,0.37638915964661235,1,939,KO.KRBN.--,KO,KRBN,,TR,38.5936,26.5537,135.0,467.0,4.44,topography,B,Not analized,,,geometric_mean_as_recorded,1.0,bindi2014_rhyp,4.5,2015-01-01
437,10,0.09234565455688104,1,939,KO.KRMN.--,KO,KRMN,,TR,37.174,33.2636,1068.0,447.0,3.95,topography,B,Not analized,,,geometric_mean_as_recorded,1.0,bindi2014_rhyp,4.5,2015-01-01
438,17,-0.6276959352597383,1,939,KO.KRTL.--,KO,KRTL,,TR,40.9089,29.1987,83.0,345.0,1.5,topography,C,Not analized,,,geometric_mean_as_recorded,1.0,bindi2014_rhyp,4.5,2015-01-01
439,8,-0.017501716903266185,1,939,KO.KRTS.--,KO,KRTS,,TR,36.573,35.375,53.0,411.0,3.05,topography,B,Not analized,,,geometric_mean_as_recorded,1.0,bindi2014_rhyp,4.5,2015-01-01
440,14,-0.032985773763279935,1,939,KO.KUMB.--,KO,KUMB,,TR,40.8626,27.4592,25.0,599.0,9.18,topography,B,Not analized,,,geometric_mean_as_recorded,1.0,bindi2014_rhyp,4.5,2015-01-01
441,48,-0.09467825552167441,1,939,KO.KUSD.--,KO,KUSD,,TR,37.8606,27.2868,323.0,477.0,4.68,topography,B,Not analized,,,geometric_mean_as_recorded,1.0,bindi2014_rhyp,4.5,2015-01-01
442,16,0.2014252924037524,1,939,KO.KYHL.--,KO,KYHL,,TR,40.3244,37.8955,1568.0,693.0,12.09,topography,B,Not analized,,,geometric_mean_as_recorded,1.0,bindi2014_rhyp,4.5,2015-01-01
443,29,0.2679361072386714,1,939,KO.LAPK.--,KO,LAPK,,TR,40.3151,26.6425,2.0,345.0,1.51,topography,C,Not analized,,,geometric_mean_as_recorded,1.0,bindi2014_rhyp,4.5,2015-01-01
444,22,-0.187033987514159,1,939,KO.MAEG.--,KO,MAEG,,TR,40.9653,27.9448,2.0,332.0,1.25,topography,C,Not analized,,,geometric_mean_as_recorded,1.0,bindi2014_rhyp,4.5,2015-01-01
445,24,0.14448596870096486,1,939,KO.MDNY.--,KO,MDNY,,TR,40.3709,28.8846,116.0,769.0,14.64,topography,B,Not analized,,,geometric_mean_as_recorded,1.0,bindi2014_rhyp,4.5,2015-01-01
446,5,0.2121492319551505,1,939,KO.MNVG.--,KO,MNVG,,TR,36.7935,31.4161,24.0,426.0,3.43,topography,B,Not analized,,,geometric_mean_as_recorded,1.0,bindi2014_rhyp,4.5,2015-01-01
447,7,0.4439390366928292,1,939,KO.MRSB.--,KO,MRSB,,TR,36.7161,28.1969,402.0,848.0,20.09,topography,A,Not analized,,,geometric_mean_as_recorded,1.0,bindi2014_rhyp,4.5,2015-01-01
448,73,0.09891521199107134,1,939,KO.NAZL.--,KO,NAZL,,TR,37.9641,28.2922,510.0,633.0,10.36,topography,B,Not analized,,,geometric_mean_as_recorded,1.0,bindi2014_rhyp,4.5,2015-01-01
449,42,0.019177019724027855,1,939,KO.ODEM.--,KO,ODEM,,TR,38.2762,28.0747,797.0,817.0,17.95,topography,A,Not analized,,,geometric_mean_as_recorded,1.0,bindi2014_rhyp,4.5,2015-01-01
450,54,0.3235335552771923,1,939,KO.ORLT.--,KO,ORLT,,TR,40.0452,28.8914,650.0,753.0,13.79,topography,B,Not analized,,,geometric_mean_as_recorded,1.0,bindi2014_rhyp,4.5,2015-01-01
451,23,0.015332171128618288,1,939,KO.OSMT.--,KO,OSMT,,TR,40.6009,29.7,798.0,558.0,7.62,topography,B,Not analized,,,geometric_mean_as_recorded,1.0,bindi2014_rhyp,4.5,2015-01-01
452,5,-0.11256765391368173,1,939,KO.RFHY.--,KO,RFHY,,TR,39.927,38.833,1851.0,537.0,6.8,topography,B,Not analized,,,geometric_mean_as_recorded,1.0,bindi2014_rhyp,4.5,2015-01-01
453,5,-0.1927838478519085,1,939,KO.SAFT.--,KO,SAFT,,TR,41.2398,32.6871,406.0,580.0,8.45,topography,B,Not analized,,,geometric_mean_as_recorded,1.0,bindi2014_rhyp,4.5,2015-01-01
454,11,0.12834343128177367,1,939,KO.SAUV.--,KO,SAUV,,TR,40.7401,30.3271,170.0,549.0,7.28,topography,B,Not analized,,,geometric_mean_as_recorded,1.0,bindi2014_rhyp,4.5,2015-01-01
455,13,-0.2673548605716334,1,939,KO.SEYD.--,KO,SEYD,,TR,37.4056,31.8379,1160.0,492.0,5.07,topography,B,Not analized,,,geometric_mean_as_recorded,1.0,bindi2014_rhyp,4.5,2015-01-01
456,49,-0.1291846384969092,1,939,KO.SHAP.--,KO,SHAP,,TR,39.0231,29.222,1050.0,710.0,12.58,topography,B,Not analized,,,geometric_mean_as_recorded,1.0,bindi2014_rhyp,4.5,2015-01-01
457,15,0.312631890561316,1,939,KO.SINB.--,KO,SINB,,TR,40.9998,28.5392,59.0,383.0,2.36,topography,B,Not analized,,,geometric_mean_as_recorded,1.0,bindi2014_rhyp,4.5,2015-01-01
458,6,0.1715164455956898,1,939,KO.SLFK.--,KO,SLFK,,TR,36.3925,33.9464,54.0,522.0,6.23,topography,B,Not analized,,,geometric_mean_as_recorded,1.0,bindi2014_rhyp,4.5,2015-01-01
459,14,0.14449658549325778,1,939,KO.SLVT.--,KO,SLVT,,TR,41.2288,28.2098,180.0,507.0,5.66,topography,B,Not analized,,,geometric_mean_as_recorded,1.0,bindi2014_rhyp,4.5,2015-01-01
460,66,0.36367714072421975,1,939,KO.SMAA.--,KO,SMAA,,TR,39.1005,28.9805,804.0,293.0,0.58,topography,C,Not analized,,,geometric_mean_as_recorded,1.0,bindi2014_rhyp,4.5,2015-01-01
461,68,0.07800643852099987,1,939,KO.SOMA.--,KO,SOMA,,TR,39.1564,27.5341,243.0,714.0,12.69,topography,B,Not analized,,,geometric_mean_as_recorded,1.0,bindi2014_rhyp,4.5,2015-01-01
462,49,-0.17053061564830718,1,939,KO.SUSR.--,KO,SUSR,,TR,39.9627,28.0835,359.0,578.0,8.38,topography,B,Not analized,,,geometric_mean_as_recorded,1.0,bindi2014_rhyp,4.5,2015-01-01
463,18,0.2501511376169938,1,939,KO.TEKI.--,KO,TEKI,,TR,40.9862,27.5374,126.0,441.0,3.8,topography,B,Not analized,,,geometric_mean_as_recorded,1.0,bindi2014_rhyp,4.5,2015-01-01
464,13,0.26614210596178145,1,939,KO.TKR.--,KO,TKR,,TR,40.9893,27.5351,140.0,407.0,2.95,topography,B,Not analized,,,geometric_mean_as_recorded,1.0,bindi2014_rhyp,4.5,2015-01-01
465,10,-0.12947076000873792,1,939,KO.TOS.--,KO,TOS,,TR,41.0362,34.0226,1046.0,543.0,7.03,topography,B,Not analized,,,geometric_mean_as_recorded,1.0,bindi2014_rhyp,4.5,2015-01-01
466,24,0.10120153602070309,1,939,KO.TUNC.--,KO,TUNC,,TR,39.6942,37.5388,1489.0,331.0,1.23,topography,C,Not analized,,,geometric_mean_as_recorded,1.0,bindi2014_rhyp,4.5,2015-01-01
467,10,-0.5646497084040579,1,939,KO.TUZL.--,KO,TUZL,,TR,40.8128,29.2657,12.0,278.0,0.48,topography,C,Not analized,,,geometric_mean_as_recorded,1.0,bindi2014_rhyp,4.5,2015-01-01
468,43,0.46386728425383905,1,939,KO.UKOP.--,KO,UKOP,,TR,41.1288,26.6323,70.0,380.0,2.28,topography,B,Not analized,,,geometric_mean_as_recorded,1.0,bindi2014_rhyp,4.5,2015-01-01
469,51,0.27143236911210256,1,939,KO.YENI.--,KO,YENI,,TR,39.9364,27.24216,278.0,362.0,1.85,topography,B,Not analized,,,geometric_mean_as_recorded,1.0,bindi2014_rhyp,4.5,2015-01-01
470,82,-0.09500161257052608,1,939,KO.YKAV.--,KO,YKAV,,TR,37.1246,27.2801,115.0,652.0,10.91,topography,B,Not analized,,,geometric_mean_as_recorded,1.0,bindi2014_rhyp,4.5,2015-01-01
471,13,0.30212423560941903,1,939,KO.YKBL.--,KO,YKBL,,TR,40.9908,28.6678,139.0,413.0,3.11,topography,B,Not analized,,,geometric_mean_as_recorded,1.0,bindi2014_rhyp,4.5,2015-01-01
472,14,0.12725372627674203,1,939,KO.YUVA.--,KO,YUVA,,TR,40.391,31.6872,1163.0,430.0,3.52,topography,B,Not analized,,,geometric_mean_as_recorded,1.0,bindi2014_rhyp,4.5,2015-01-01
473,6,-0.33886559039133446,1,939,ME.CEVME.00,ME,CEVME,00,ME,42.546741,18.917674,768.0,597.0,5.21,topography,B,Not analized,,,geometric_mean_as_recorded,1.0,bindi2014_rhyp,4.5,2015-01-01
474,5,0.12102607638873314,1,939,ME.DAGME.00,ME,DAGME,00,ME,42.5684,19.0677,272.0,684.0,6.75,topography,B,Not analized,,,geometric_mean_as_recorded,1.0,bindi2014_rhyp,4.5,2015-01-01
475,8,-0.2313125995568478,1,939,ME.KOLME.00,ME,KOLME,00,ME,42.8505,19.5152,952.0,965.0,15.75,topography,A,Not analized,,,geometric_mean_as_recorded,1.0,bindi2014_rhyp,4.5,2015-01-01
476,4,0.04870003407678547,1,939,ME.PLAV0.00,ME,PLAV0,00,ME,42.594478,19.958714,1274.0,1048.0,18.76,topography,A,Not analized,,,geometric_mean_as_recorded,1.0,bindi2014_rhyp,4.5,2015-01-01
477,3,-0.569029860893708,1,939,RO.ARR.--,RO,ARR,,RO,45.3657,24.6332,924.0,780.0,8.75,topography,B,Not analized,,,geometric_mean_as_recorded,1.0,bindi2014_rhyp,4.5,2015-01-01
478,3,0.6766895455703843,1,939,RO.BAIL.--,RO,BAIL,,RO,44.0201,23.345,100.0,358.0,1.01,topography,C,Not analized,,,geometric_mean_as_recorded,1.0,bindi2014_rhyp,4.5,2015-01-01
479,3,0.20561898955570812,1,939,RO.BMR.--,RO,BMR,,RO,47.6728,23.4969,227.0,770.0,8.38,topography,B,Not analized,,,geometric_mean_as_recorded,1.0,bindi2014_rhyp,4.5,2015-01-01
480,4,-0.020886539366423706,1,939,RO.BORR.--,RO,BORR,,RO,47.0902,21.7856,190.0,299.0,0.36,topography,C,Not analized,,,geometric_mean_as_recorded,1.0,bindi2014_rhyp,4.5,2015-01-01
481,4,-0.3523508675029766,1,939,RO.BZS.--,RO,BZS,,RO,45.6188,21.6401,260.0,778.0,8.68,topography,B,Not analized,,,geometric_mean_as_recorded,1.0,bindi2014_rhyp,4.5,2015-01-01
482,3,-0.15208005500613675,1,939,RO.CBBR.--,RO,CBBR,,RO,46.7683,23.5501,336.0,363.0,1.07,topography,B,Not analized,,,geometric_mean_as_recorded,1.0,bindi2014_rhyp,4.5,2015-01-01
483,4,0.27686704382152133,1,939,RO.CJR.--,RO,CJR,,RO,46.7133,23.5981,750.0,656.0,6.3,topography,B,Not analized,,,geometric_mean_as_recorded,1.0,bindi2014_rhyp,4.5,2015-01-01
484,4,0.01999502521864338,1,939,RO.COPA.--,RO,COPA,,RO,44.1343,25.2172,114.0,364.0,1.08,topography,B,Not analized,,,geometric_mean_as_recorded,1.0,bindi2014_rhyp,4.5,2015-01-01
485,3,0.260501769704873,1,939,RO.CRBR.--,RO,CRBR,,RO,45.4108,22.2383,284.0,364.0,1.08,topography,B,Not analized,,,geometric_mean_as_recorded,1.0,bindi2014_rhyp,4.5,2015-01-01
486,4,0.03303968429768167,1,939,RO.DEV.--,RO,DEV,,RO,45.887,22.898,249.0,1041.0,18.53,topography,A,Not analized,,,geometric_mean_as_recorded,1.0,bindi2014_rhyp,4.5,2015-01-01
487,4,-0.5570179948070003,1,939,RO.DRGR.--,RO,DRGR,,RO,46.7917,22.7111,923.0,1091.0,20.28,topography,A,Not analized,,,geometric_mean_as_recorded,1.0,bindi2014_rhyp,4.5,2015-01-01
488,4,0.13915279692589255,1,939,RO.GZR.--,RO,GZR,,RO,45.3933,22.7767,850.0,1481.0,32.61,topography,A,Not analized,,,geometric_mean_as_recorded,1.0,bindi2014_rhyp,4.5,2015-01-01
489,4,0.11743268441833205,1,939,RO.HERR.--,RO,HERR,,RO,44.881,22.416,246.0,975.0,16.14,topography,A,Not analized,,,geometric_mean_as_recorded,1.0,bindi2014_rhyp,4.5,2015-01-01
490,3,-0.44613678132240453,1,939,RO.HUMR.--,RO,HUMR,,RO,44.5281,24.9804,247.0,340.0,0.8,topography,C,Not analized,,,geometric_mean_as_recorded,1.0,bindi2014_rhyp,4.5,2015-01-01
491,4,-0.25277133332243784,1,939,RO.LOT.--,RO,LOT,,RO,45.446,23.7698,1361.0,1275.0,26.44,topography,A,Not analized,,,geometric_mean_as_recorded,1.0,bindi2014_rhyp,4.5,2015-01-01
492,4,-0.06947680502757103,1,939,RO.MARR.--,RO,MARR,,RO,46.676,23.1189,1135.0,555.0,4.28,topography,B,Not analized,,,geometric_mean_as_recorded,1.0,bindi2014_rhyp,4.5,2015-01-01
493,3,0.10478161381346213,1,939,RO.MDB.--,RO,MDB,,RO,46.1497,24.3765,423.0,828.0,10.62,topography,A,Not analized,,,geometric_mean_as_recorded,1.0,bindi2014_rhyp,4.5,2015-01-01
494,4,-0.23976205343524315,1,939,RO.MDVR.--,RO,MDVR,,RO,44.7815,21.7128,720.0,539.0,3.94,topography,B,Not analized,,,geometric_mean_as_recorded,1.0,bindi2014_rhyp,4.5,2015-01-01
495,4,0.2638856838017497,1,939,RO.MESR.--,RO,MESR,,RO,47.1499,22.9494,306.0,325.0,0.64,topography,C,Not analized,,,geometric_mean_as_recorded,1.0,bindi2014_rhyp,4.5,2015-01-01
496,4,0.4340879940618467,1,939,RO.MHISU.--,RO,MHISU,,RO,44.6227,22.6535,102.0,688.0,6.82,topography,B,Not analized,,,geometric_mean_as_recorded,1.0,bindi2014_rhyp,4.5,2015-01-01
497,3,-0.1736480339105082,1,939,RO.MLR.--,RO,MLR,,RO,45.4909,25.945,1392.0,1360.0,29.09,topography,A,Not analized,,,geometric_mean_as_recorded,1.0,bindi2014_rhyp,4.5,2015-01-01
498,3,-0.039897747662880234,1,939,RO.MTUR.--,RO,MTUR,,RO,45.2349,25.0739,1083.0,379.0,1.29,topography,B,Not analized,,,geometric_mean_as_recorded,1.0,bindi2014_rhyp,4.5,2015-01-01
499,3,-0.4654925449472591,1,939,RO.OTISU.--,RO,OTISU,,RO,44.4278,24.3755,210.0,349.0,0.91,topography,C,Not analized,,,geometric_mean_as_recorded,1.0,bindi2014_rhyp,4.5,2015-01-01
500,3,-0.4212600578266136,1,939,RO.PLOR.--,RO,PLOR,,RO,45.8512,26.6498,680.0,608.0,5.44,topography,B,Not analized,,,geometric_mean_as_recorded,1.0,bindi2014_rhyp,4.5,2015-01-01
501,3,-0.4210035077115988,1,939,RO.PLOR4.--,RO,PLOR4,,RO,45.8512,26.6498,680.0,608.0,5.44,topography,B,Not analized,,,geometric_mean_as_recorded,1.0,bindi2014_rhyp,4.5,2015-01-01
502,4,0.4985937322357751,1,939,RO.RMGR.--,RO,RMGR,,RO,44.6627,22.6922,119.0,371.0,1.19,topography,B,Not analized,,,geometric_mean_as_recorded,1.0,bindi2014_rhyp,4.5,2015-01-01
503,3,0.31024228729183756,1,939,RO.SRE.--,RO,SRE,,RO,44.6609,23.2038,386.0,407.0,1.69,topography,B,Not analized,,,geometric_mean_as_recorded,1.0,bindi2014_rhyp,4.5,2015-01-01
504,3,-0.10003140624602358,1,939,RO.SULR.--,RO,SULR,,RO,44.6777,26.2526,129.0,369.0,1.16,topography,B,Not analized,,,geometric_mean_as_recorded,1.0,bindi2014_rhyp,4.5,2015-01-01
505,4,-0.412536303245979,1,939,RO.SURR.--,RO,SURR,,RO,45.754,22.1246,239.0,937.0,14.73,topography,A,Not analized,,,geometric_mean_as_recorded,1.0,bindi2014_rhyp,4.5,2015-01-01
506,3,-0.016447725705778793,1,939,RO.TRISU.--,RO,TRISU,,RO,43.9719,25.3296,870.0,375.0,1.24,topography,B,Not analized,,,geometric_mean_as_recorded,1.0,bindi2014_rhyp,4.5,2015-01-01
507,3,0.04485348577908621,1,939,RO.VLAD.--,RO,VLAD,,RO,43.9986,24.4038,138.0,503.0,3.15,topography,B,Not analized,,,geometric_mean_as_recorded,1.0,bindi2014_rhyp,4.5,2015-01-01
1,4,0.20868455968225944,0,234,3A.MZ01.--,3A,MZ01,,IT,42.671575,13.270813,859.0,432.0,2.99,vs_profile,B,NO,,,geometric_mean_as_recorded,2.0,bindi2014_rhyp,4.5,2015-01-01
2,4,0.06296584140877037,0,234,3A.MZ04.--,3A,MZ04,,IT,42.673895,13.29381,978.0,355.0,7.13,vs_profile,C,NO,,,geometric_mean_as_recorded,2.0,bindi2014_rhyp,4.5,2015-01-01
3,5,0.03362121412602945,0,234,3A.MZ08.--,3A,MZ08,,IT,42.63254,13.286562,897.0,670.0,2.62,vs_profile,B,NO,,,geometric_mean_as_recorded,2.0,bindi2014_rhyp,4.5,2015-01-01
4,4,0.07877432715505939,0,234,3A.MZ10.--,3A,MZ10,,IT,42.625117,13.29985,979.0,590.0,3.62,vs_profile,B,NO,,,geometric_mean_as_recorded,2.0,bindi2014_rhyp,4.5,2015-01-01
5,4,0.31525649483272783,0,234,3A.MZ12.--,3A,MZ12,,IT,42.628018,13.29179,958.0,500.0,2.08,vs_profile,B,NO,,,geometric_mean_as_recorded,2.0,bindi2014_rhyp,4.5,2015-01-01
6,4,0.14014403229212324,0,234,3A.MZ21.--,3A,MZ21,,IT,42.651632,13.267547,1046.0,541.0,16.03,vs_profile,B,NO,,,geometric_mean_as_recorded,2.0,bindi2014_rhyp,4.5,2015-01-01
7,6,0.0023022801105700708,0,234,3A.MZ24.--,3A,MZ24,,IT,42.655239,13.288519,912.0,348.0,2.67,vs_profile,C,NO,,,geometric_mean_as_recorded,2.0,bindi2014_rhyp,4.5,2015-01-01
8,5,-0.028382295289154175,0,234,3A.MZ26.--,3A,MZ26,,IT,42.623556,13.3164,983.0,516.0,14.79,vs_profile,B,NO,,,geometric_mean_as_recorded,2.0,bindi2014_rhyp,4.5,2015-01-01
9,6,0.1457750785258179,0,234,3A.MZ27.--,3A,MZ27,,IT,42.612412,13.296578,1007.0,422.0,12.2,vs_profile,B,NO,,,geometric_mean_as_recorded,2.0,bindi2014_rhyp,4.5,2015-01-01
10,3,0.211566043994459,0,234,3A.MZ30.--,3A,MZ30,,IT,42.626432,13.29058,951.0,452.0,5.68,vs_profile,B,NO,,,geometric_mean_as_recorded,2.0,bindi2014_rhyp,4.5,2015-01-01
11,6,0.2230597072568762,0,234,3A.MZ51.--,3A,MZ51,,IT,42.637948,13.285578,902.0,638.0,6.42,vs_profile,E,NO,,,geometric_mean_as_recorded,2.0,bindi2014_rhyp,4.5,2015-01-01
12,5,-0.017007666517426523,0,234,3A.MZ63.--,3A,MZ63,,IT,42.629805,13.323448,1071.0,562.0,6.22,vs_profile,B,NO,,,geometric_mean_as_recorded,2.0,bindi2014_rhyp,4.5,2015-01-01
231,14,0.07849554544479054,0,234,IT.AMT.--,IT,AMT,,IT,42.6325,13.2866,933.0,670.0,2.62,vs_profile,B,YES,Fiberglass box,Pillar,geometric_mean_as_recorded,2.0,bindi2014_rhyp,4.5,2015-01-01
232,13,-0.17889936230000944,0,234,IT.AQA.--,IT,AQA,,IT,42.3755,13.3393,693.0,549.0,0.53,vs_profile,B,NO,Fiberglass box,Pillar,geometric_mean_as_recorded,2.0,bindi2014_rhyp,4.5,2015-01-01
233,17,-0.08767157358728375,0,234,IT.AQG.--,IT,AQG,,IT,42.3737,13.337,743.0,696.0,12.98,vs_profile,B,NO,Fiberglass box,Pillar,geometric_mean_as_recorded,2.0,bindi2014_rhyp,4.5,2015-01-01
234,4,0.13319510120459602,0,234,IT.AQP.--,IT,AQP,,IT,42.3837,13.3686,1192.0,836.0,2.05,vs_profile,A,NO,Fiberglass box,Pillar,geometric_mean_as_recorded,2.0,bindi2014_rhyp,4.5,2015-01-01
235,4,0.1958592818862591,0,234,IT.ARMO.--,IT,ARMO,,IT,38.076099395752,15.7124996185303,364.0,590.0,5.06,topography,B,Not analized,,,geometric_mean_as_recorded,2.0,bindi2014_rhyp,4.5,2015-01-01
236,17,0.02639938942731959,0,234,IT.ASP.--,IT,ASP,,IT,42.848,13.6479,89.0,599.0,2.03,vs_profile,B,NO,ENEL Box,Pillar,geometric_mean_as_recorded,2.0,bindi2014_rhyp,4.5,2015-01-01
237,4,-0.05698086606428207,0,234,IT.ASR.--,IT,ASR,,IT,41.199,15.563,487.0,276.0,4.9,vs_profile,C,NO,Fiberglass box,Pillar,geometric_mean_as_recorded,2.0,bindi2014_rhyp,4.5,2015-01-01
238,3,-0.11360057548060123,0,234,IT.ATI.--,IT,ATI,,IT,41.6219,13.7948,439.0,454.0,15.26,vs_profile,B,NO,Fiberglass box,Pillar,geometric_mean_as_recorded,2.0,bindi2014_rhyp,4.5,2015-01-01
239,4,0.27108048371875226,0,234,IT.BCL.--,IT,BCL,,IT,38.1827011108398,15.2315998077393,38.0,269.0,0.46,vs_profile,C,NO,ENEL Box,Pillar,geometric_mean_as_recorded,2.0,bindi2014_rhyp,4.5,2015-01-01
240,3,-0.30223683436149695,0,234,IT.BCN.--,IT,BCN,,IT,40.6343,15.3823,661.0,668.0,10.82,vs_profile,B,YES,Fiberglass box,Pillar,geometric_mean_as_recorded,2.0,bindi2014_rhyp,4.5,2015-01-01
241,17,0.25880496826018873,0,234,IT.BGR.--,IT,BGR,,IT,43.8895,11.9912,557.0,829.0,11.6,vs_profile,A,YES,Fiberglass box,Pillar,geometric_mean_as_recorded,2.0,bindi2014_rhyp,4.5,2015-01-01
242,3,-1.2539404909014713,0,234,IT.BNPI.--,IT,BNPI,,IT,41.1173,14.7652,227.0,663.0,6.4,topography,B,Not analized,,,geometric_mean_as_recorded,2.0,bindi2014_rhyp,4.5,2015-01-01
243,3,0.03851183671131872,0,234,IT.BNV.--,IT,BNV,,IT,41.1177,14.7973,234.0,744.0,4.33,vs_profile,B,NO,Small masonry building,Pillar,geometric_mean_as_recorded,2.0,bindi2014_rhyp,4.5,2015-01-01
244,18,-0.2318831133608766,0,234,IT.BRS.--,IT,BRS,,IT,42.3243,13.5902,977.0,444.0,7.03,vs_profile,E,NO,ENEL Box,Pillar,geometric_mean_as_recorded,2.0,bindi2014_rhyp,4.5,2015-01-01
245,8,0.5525804532393342,0,234,IT.BTT2.--,IT,BTT2,,IT,41.9983,13.5431,663.0,90.0,0.14,vs_profile,D,NO,ENEL Box,Pillar,geometric_mean_as_recorded,2.0,bindi2014_rhyp,4.5,2015-01-01
246,17,0.4076229929776798,0,234,IT.BVG.--,IT,BVG,,IT,42.9323,12.611,216.0,211.0,1.12,vs_profile,C,NO,ENEL Box,Pillar,geometric_mean_as_recorded,2.0,bindi2014_rhyp,4.5,2015-01-01
247,3,-0.08032581497072397,0,234,IT.BVM.--,IT,BVM,,IT,37.9309997558594,15.9359998703003,187.0,544.0,1.38,vs_profile,B,Not analized,Fiberglass box,Pillar,geometric_mean_as_recorded,2.0,bindi2014_rhyp,4.5,2015-01-01
248,3,-0.40537494633723115,0,234,IT.BVN.--,IT,BVN,,IT,41.249,15.3422,608.0,356.0,12.48,vs_profile,C,NO,ENEL Box,Pillar,geometric_mean_as_recorded,2.0,bindi2014_rhyp,4.5,2015-01-01
249,9,-0.11390308561473214,0,234,IT.BZZ.--,IT,BZZ,,IT,42.337,13.4685,640.0,679.0,0.87,vs_profile,B,YES,Small masonry building,Pillar,geometric_mean_as_recorded,2.0,bindi2014_rhyp,4.5,2015-01-01
250,3,0.07989006701560628,0,234,IT.CBAG.--,IT,CBAG,,IT,41.5952,14.6697,761.0,531.0,3.76,topography,B,Not analized,,,geometric_mean_as_recorded,2.0,bindi2014_rhyp,4.5,2015-01-01
251,3,0.2474958664865373,0,234,IT.CDCT.--,IT,CDCT,,IT,43.366,12.2363,309.0,372.6,1.21,topography,B,Not analized,Fiberglass box,Pillar,geometric_mean_as_recorded,2.0,bindi2014_rhyp,4.5,2015-01-01
252,4,-0.014871820133103425,0,234,IT.CDI1.--,IT,CDI1,,IT,37.5032005310059,14.6472997665405,716.0,469.0,9.5,vs_profile,E,Not analized,Fiberglass box,Pillar,geometric_mean_as_recorded,2.0,bindi2014_rhyp,4.5,2015-01-01
253,4,0.17494252132565538,0,234,IT.CER.--,IT,CER,,IT,41.2595,15.9101,172.0,396.0,0.57,vs_profile,B,NO,Fiberglass box,Pillar,geometric_mean_as_recorded,2.0,bindi2014_rhyp,4.5,2015-01-01
254,18,-0.27670027468317115,0,234,IT.CLF.--,IT,CLF,,IT,43.0367,12.9204,701.0,145.0,1.4,vs_profile,D,NO,ENEL Box,Pillar,geometric_mean_as_recorded,2.0,bindi2014_rhyp,4.5,2015-01-01
255,3,-0.08084426398950414,0,234,IT.CLG1.--,IT,CLG1,,IT,37.2214012145996,14.5181999206543,546.0,345.0,1.23,vs_profile,C,Not analized,Small masonry building,Building basement,geometric_mean_as_recorded,2.0,bindi2014_rhyp,4.5,2015-01-01
256,4,0.24776153021196068,0,234,IT.CLT.--,IT,CLT,,IT,40.8988,15.4388,611.0,557.0,6.07,vs_profile,B,NO,ENEL Box,Pillar,geometric_mean_as_recorded,2.0,bindi2014_rhyp,4.5,2015-01-01
257,3,0.008544079550892592,0,234,IT.CNM.--,IT,CNM,,IT,41.6182,15.1045,462.0,434.0,4.43,vs_profile,B,NO,Fiberglass box,Pillar,geometric_mean_as_recorded,2.0,bindi2014_rhyp,4.5,2015-01-01
258,11,-0.2008187907048349,0,234,IT.CPS.--,IT,CPS,,IT,42.2716,13.7583,580.0,732.0,5.1,vs_profile,B,NO,Fiberglass box,Pillar,geometric_mean_as_recorded,2.0,bindi2014_rhyp,4.5,2015-01-01
259,16,0.4998225805816462,0,234,IT.CSA.--,IT,CSA,,IT,43.008,12.5906,196.0,200.0,0.16,vs_profile,C,NO,Small masonry building,Pillar,geometric_mean_as_recorded,2.0,bindi2014_rhyp,4.5,2015-01-01
260,9,0.11243701394205151,0,234,IT.CSD.--,IT,CSD,,IT,42.754,12.0035,494.0,466.0,10.18,vs_profile,B,NO,ENEL Box,Pillar,geometric_mean_as_recorded,2.0,bindi2014_rhyp,4.5,2015-01-01
261,3,0.32438176444390504,0,234,IT.CSLA.--,IT,CSLA,,IT,37.789,14.0412,762.0,730.0,7.49,topography,B,Not analized,,,geometric_mean_as_recorded,2.0,bindi2014_rhyp,4.5,2015-01-01
262,11,-0.0960121752858474,0,234,IT.CSS.--,IT,CSS,,IT,41.4858,13.8231,175.0,648.0,17.2,vs_profile,B,NO,Small masonry building,Pillar,geometric_mean_as_recorded,2.0,bindi2014_rhyp,4.5,2015-01-01
263,17,-0.1198872573810417,0,234,IT.CTD.--,IT,CTD,,IT,42.3884,12.9477,484.0,407.0,12.11,vs_profile,B,NO,ENEL Box,Pillar,geometric_mean_as_recorded,2.0,bindi2014_rhyp,4.5,2015-01-01
264,3,0.32070164765886366,0,234,IT.DNMI.--,IT,DNMI,,IT,38.5315,16.1448,280.0,835.0,10.86,topography,A,Not analized,,,geometric_mean_as_recorded,2.0,bindi2014_rhyp,4.5,2015-01-01
265,8,0.2800403244865213,0,234,IT.FAZ.--,IT,FAZ,,IT,44.298,11.8907,72.0,292.0,0.24,vs_profile,C,NO,Fiberglass box,Pillar,geometric_mean_as_recorded,2.0,bindi2014_rhyp,4.5,2015-01-01
266,4,-0.5301304757224105,0,234,IT.FDF.--,IT,FDF,,IT,38.7891,16.3,653.0,333.0,3.19,vs_profile,C,NO,Fiberglass box,Pillar,geometric_mean_as_recorded,2.0,bindi2014_rhyp,4.5,2015-01-01
267,5,0.11718739271554152,0,234,IT.FOCC.--,IT,FOCC,,IT,42.9574,12.7079,283.0,593.0,1.62,vs_profile,B,NO,,,geometric_mean_as_recorded,2.0,bindi2014_rhyp,4.5,2015-01-01
268,3,-0.29574985692585165,0,234,IT.FOGG.--,IT,FOGG,,IT,41.4589,15.5562,63.0,281.7,0.29,topography,C,Not analized,Unknown,Building floor,geometric_mean_as_recorded,2.0,bindi2014_rhyp,4.5,2015-01-01
269,18,-0.07551285521373738,0,234,IT.FOS.--,IT,FOS,,IT,43.0146,12.8351,965.0,565.0,1.85,vs_profile,B,NO,Fiberglass box,Pillar,geometric_mean_as_recorded,2.0,bindi2014_rhyp,4.5,2015-01-01
270,13,0.3300702185307319,0,234,IT.GBP.--,IT,GBP,,IT,43.3138,12.5894,426.0,224.0,0.66,vs_profile,C,NO,ENEL Box,Pillar,geometric_mean_as_recorded,2.0,bindi2014_rhyp,4.5,2015-01-01
271,3,-0.3649258907162327,0,234,IT.GLD.--,IT,GLD,,IT,41.509,14.7566,772.0,472.0,7.89,vs_profile,B,NO,ENEL Box,Pillar,geometric_mean_as_recorded,2.0,bindi2014_rhyp,4.5,2015-01-01
272,3,0.051223449382478387,0,234,IT.GNGI.--,IT,GNGI,,IT,37.7949,14.2003,810.0,749.0,7.8,topography,B,Not analized,,,geometric_mean_as_recorded,2.0,bindi2014_rhyp,4.5,2015-01-01
273,17,-0.22825301662159156,0,234,IT.GSA.--,IT,GSA,,IT,42.4207,13.5194,1063.0,492.0,8.01,vs_profile,B,NO,Fiberglass box,Pillar,geometric_mean_as_recorded,2.0,bindi2014_rhyp,4.5,2015-01-01
274,3,-0.3811555670218727,0,234,IT.GSM.--,IT,GSM,,IT,38.1720008850098,14.8985004425049,147.0,1500.0,10.31,vs_profile,A,Not analized,Fiberglass box,Pillar,geometric_mean_as_recorded,2.0,bindi2014_rhyp,4.5,2015-01-01
275,3,0.3021335464791302,0,234,IT.GSS.--,IT,GSS,,IT,40.6316,16.2791,512.0,467.0,10.58,vs_profile,B,Not analized,ENEL Box,Pillar,geometric_mean_as_recorded,2.0,bindi2014_rhyp,4.5,2015-01-01
276,3,0.14723693630080337,0,234,IT.ISI.--,IT,ISI,,IT,36.7977,14.8923,277.0,1449.0,1.51,vs_profile,A,Not analized,Fiberglass box,Pillar,geometric_mean_as_recorded,2.0,bindi2014_rhyp,4.5,2015-01-01
277,4,-0.39257620922396597,0,234,IT.ISNL.--,IT,ISNL,,IT,37.9442,14.0061,593.0,603.0,5.34,topography,B,Not analized,,,geometric_mean_as_recorded,2.0,bindi2014_rhyp,4.5,2015-01-01
278,3,0.21224784886267234,0,234,IT.LAZR.--,IT,LAZR,,IT,37.9777984619141,15.6659002304077,82.0,834.0,10.85,topography,A,Not analized,,,geometric_mean_as_recorded,2.0,bindi2014_rhyp,4.5,2015-01-01
279,5,-0.25718042319972045,0,234,IT.LDP.--,IT,LDP,,IT,42.0392,14.1826,766.0,328.0,11.25,vs_profile,C,NO,Fiberglass box,Pillar,geometric_mean_as_recorded,2.0,bindi2014_rhyp,4.5,2015-01-01
280,3,-0.3725513070645937,0,234,IT.LRG.--,IT,LRG,,IT,40.0218,15.8908,756.0,603.0,12.29,vs_profile,B,NO,ENEL Box,Pillar,geometric_mean_as_recorded,2.0,bindi2014_rhyp,4.5,2015-01-01
281,5,-0.11791936828914837,0,234,IT.LSN.--,IT,LSN,,IT,41.8526,15.3601,18.0,385.0,0.8,vs_profile,B,NO,Building,Pillar,geometric_mean_as_recorded,2.0,bindi2014_rhyp,4.5,2015-01-01
282,20,-0.07894983832401556,0,234,IT.LSS.--,IT,LSS,,IT,42.5582,12.9689,1067.0,1091.0,26.5,vs_profile,A,YES,Fiberglass box,Pillar,geometric_mean_as_recorded,2.0,bindi2014_rhyp,4.5,2015-01-01
283,13,0.029712077584865992,0,234,IT.MCS.--,IT,MCS,,IT,43.9937,12.1067,249.0,568.0,8.64,vs_profile,B,NO,Fiberglass box,Pillar,geometric_mean_as_recorded,2.0,bindi2014_rhyp,4.5,2015-01-01
284,20,-0.0695277714953946,0,234,IT.MMP1.--,IT,MMP1,,IT,42.2492,12.7483,471.0,800.0,12.54,vs_profile,A,YES,Fiberglass box,Pillar,geometric_mean_as_recorded,2.0,bindi2014_rhyp,4.5,2015-01-01
285,17,-0.15672860071847575,0,234,IT.MNF.--,IT,MNF,,IT,43.0596,13.1844,644.0,1062.0,24.51,vs_profile,A,YES,Small masonry building,Pillar,geometric_mean_as_recorded,2.0,bindi2014_rhyp,4.5,2015-01-01
286,3,0.05560589898517551,0,234,IT.MNN.--,IT,MNN,,IT,41.6342,15.9113,83.0,815.0,1.11,vs_profile,A,YES,Fiberglass box,Pillar,geometric_mean_as_recorded,2.0,bindi2014_rhyp,4.5,2015-01-01
287,4,0.3215946227777914,0,234,IT.MRH.--,IT,MRH,,IT,41.3424,16.1938,14.0,443.0,0.11,vs_profile,B,NO,Small masonry building,Pillar,geometric_mean_as_recorded,2.0,bindi2014_rhyp,4.5,2015-01-01
288,11,0.06682166900160638,0,234,IT.MSC.--,IT,MSC,,IT,42.5268,13.3508,1335.0,652.0,6.39,vs_profile,B,NO,Fiberglass box,Pillar,geometric_mean_as_recorded,2.0,bindi2014_rhyp,4.5,2015-01-01
289,14,0.015046684658411497,0,234,IT.MSCT.--,IT,MSCT,,IT,42.526699,13.3509,1382.0,652.0,6.39,vs_profile,B,NO,Fiberglass box,Pillar,geometric_mean_as_recorded,2.0,bindi2014_rhyp,4.5,2015-01-01
290,17,0.12139324522893655,0,234,IT.MTL.--,IT,MTL,,IT,43.2494,13.0083,376.0,579.0,0.62,vs_profile,B,NO,ENEL Box,Pillar,geometric_mean_as_recorded,2.0,bindi2014_rhyp,4.5,2015-01-01
291,10,-0.30611284999269095,0,234,IT.MVB.--,IT,MVB,,IT,42.9619,12.257,363.0,1046.0,7.23,vs_profile,A,YES,Fiberglass box,Pillar,geometric_mean_as_recorded,2.0,bindi2014_rhyp,4.5,2015-01-01
292,3,-0.3800682269370652,0,234,IT.NAS.--,IT,NAS,,IT,38.1183013916016,14.7862997055054,514.0,291.0,1.79,vs_profile,C,NO,ENEL Box,Pillar,geometric_mean_as_recorded,2.0,bindi2014_rhyp,4.5,2015-01-01
293,4,0.4693097006458744,0,234,IT.NCS.--,IT,NCS,,IT,37.7491989135742,14.4013004302979,793.0,360.0,12.99,vs_profile,B,NO,ENEL Box,Pillar,geometric_mean_as_recorded,2.0,bindi2014_rhyp,4.5,2015-01-01
294,17,0.2623537312362172,0,234,IT.NRC.--,IT,NRC,,IT,42.7925,13.0964,616.0,498.0,3.89,vs_profile,B,NO,Vault,Pillar,geometric_mean_as_recorded,2.0,bindi2014_rhyp,4.5,2015-01-01
295,11,-0.03273041369563398,0,234,IT.NRN.--,IT,NRN,,IT,42.5155,12.5194,306.0,811.0,16.9,vs_profile,A,YES,ENEL Box,Pillar,geometric_mean_as_recorded,2.0,bindi2014_rhyp,4.5,2015-01-01
296,3,0.24874161861285468,0,234,IT.NSA.--,IT,NSA,,IT,37.7667007446289,14.41100025177,875.0,465.0,9.66,vs_profile,B,Not analized,Fiberglass box,Pillar,geometric_mean_as_recorded,2.0,bindi2014_rhyp,4.5,2015-01-01
297,3,0.32673549475270985,0,234,IT.NTE.--,IT,NTE,,IT,36.9095001220703,15.0691995620728,211.0,659.0,5.94,vs_profile,B,YES,Small masonry building,Pillar,geometric_mean_as_recorded,2.0,bindi2014_rhyp,4.5,2015-01-01
298,4,-0.10563610297538331,0,234,IT.NVR1.--,IT,NVR1,,IT,38.0124015808105,15.1288003921509,754.0,476.0,18.64,vs_profile,B,NO,Fiberglass box,Pillar,geometric_mean_as_recorded,2.0,bindi2014_rhyp,4.5,2015-01-01
299,14,-0.07347556049949369,0,234,IT.PAN.--,IT,PAN,,IT,43.0058,12.1436,334.0,980.0,13.61,vs_profile,A,YES,Fiberglass box,Pillar,geometric_mean_as_recorded,2.0,bindi2014_rhyp,4.5,2015-01-01
300,4,0.24404332040015403,0,234,IT.PGN.--,IT,PGN,,IT,41.4524,13.7916,74.0,257.0,1.85,vs_profile,C,NO,ENEL Box,Pillar,geometric_mean_as_recorded,2.0,bindi2014_rhyp,4.5,2015-01-01
301,5,0.0019649677966047385,0,234,IT.PNN.--,IT,PNN,,IT,43.8181,12.2628,525.0,335.0,12.55,vs_profile,C,NO,ENEL Box,Pillar,geometric_mean_as_recorded,2.0,bindi2014_rhyp,4.5,2015-01-01
302,4,-0.06614022120048016,0,234,IT.PPL1.--,IT,PPL1,,IT,36.6857,15.1328,83.0,775.0,2.78,vs_profile,B,YES,Fiberglass box,Pillar,geometric_mean_as_recorded,2.0,bindi2014_rhyp,4.5,2015-01-01
303,15,0.20710358148949257,0,234,IT.PSC.--,IT,PSC,,IT,41.812,13.7892,1241.0,1000.0,23.1,vs_profile,A,YES,Fiberglass box,Pillar,geometric_mean_as_recorded,2.0,bindi2014_rhyp,4.5,2015-01-01
304,5,0.24774197802853618,0,234,IT.PTT.--,IT,PTT,,IT,38.1343002319336,14.9750995635986,135.0,245.0,5.61,vs_profile,C,NO,Small masonry building,Pillar,geometric_mean_as_recorded,2.0,bindi2014_rhyp,4.5,2015-01-01
305,3,-0.2323597791882673,0,234,IT.PVF.--,IT,PVF,,IT,44.333,10.8252,743.0,453.0,3.78,vs_profile,B,NO,Fiberglass box,Pillar,geometric_mean_as_recorded,2.0,bindi2014_rhyp,4.5,2015-01-01
306,15,-0.036670319136301505,0,234,IT.PZI1.--,IT,PZI1,,IT,42.4356,13.3262,908.0,705.0,7.68,vs_profile,B,NO,Small masonry building,Building basement,geometric_mean_as_recorded,2.0,bindi2014_rhyp,4.5,2015-01-01
307,3,0.1676650631983203,0,234,IT.RCC.--,IT,RCC,,IT,41.2886,13.9803,636.0,375.0,11.57,vs_profile,B,NO,Small masonry building,Pillar,geometric_mean_as_recorded,2.0,bindi2014_rhyp,4.5,2015-01-01
308,3,0.3024755318550183,0,234,IT.RCPC.--,IT,RCPC,,IT,38.0929985046387,15.6564998626709,98.0,513.0,3.37,topography,B,Not analized,,,geometric_mean_as_recorded,2.0,bindi2014_rhyp,4.5,2015-01-01
309,3,0.0019264508574973749,0,234,IT.RGS.--,IT,RGS,,IT,36.9248,14.7032,676.0,1071.0,0.3,vs_profile,A,YES,Fiberglass box,Pillar,geometric_mean_as_recorded,2.0,bindi2014_rhyp,4.5,2015-01-01
310,14,0.10471153314822854,0,234,IT.RQT.--,IT,RQT,,IT,42.813,13.311,1188.0,805.0,4.42,vs_profile,A,NO,ENEL Box,Building basement,geometric_mean_as_recorded,2.0,bindi2014_rhyp,4.5,2015-01-01
311,16,0.07218851991313649,0,234,IT.RTI.--,IT,RTI,,IT,42.4302,12.829,393.0,170.0,0.53,vs_profile,D,NO,ENEL Box,Pillar,geometric_mean_as_recorded,2.0,bindi2014_rhyp,4.5,2015-01-01
312,4,-0.0973951788559638,0,234,IT.SAAM.--,IT,SAAM,,IT,38.1733,15.7583,586.0,851.0,11.47,topography,A,Not analized,,,geometric_mean_as_recorded,2.0,bindi2014_rhyp,4.5,2015-01-01
313,3,-0.34892543038328117,0,234,IT.SAR.--,IT,SAR,,IT,40.0746,15.652,196.0,896.0,8.44,vs_profile,A,NO,Fiberglass box,Pillar,geometric_mean_as_recorded,2.0,bindi2014_rhyp,4.5,2015-01-01
314,3,-0.08190603113799619,0,234,IT.SBC.--,IT,SBC,,IT,41.9132,13.1055,673.0,1298.0,17.31,vs_profile,A,YES,Fiberglass box,Pillar,geometric_mean_as_recorded,2.0,bindi2014_rhyp,4.5,2015-01-01
315,5,-0.19533343595535688,0,234,IT.SCN.--,IT,SCN,,IT,41.9187,13.8724,984.0,839.0,17.18,vs_profile,A,YES,Fiberglass box,Pillar,geometric_mean_as_recorded,2.0,bindi2014_rhyp,4.5,2015-01-01
316,3,-0.04608954649039035,0,234,IT.SCZA.--,IT,SCZA,,IT,38.0421981811523,15.4561004638672,103.0,1155.0,22.47,topography,A,Not analized,,,geometric_mean_as_recorded,2.0,bindi2014_rhyp,4.5,2015-01-01
317,9,0.05871952678005074,0,234,IT.SDM.--,IT,SDM,,IT,42.2897,13.5577,666.0,752.0,7.17,vs_profile,B,YES,ENEL Box,Pillar,geometric_mean_as_recorded,2.0,bindi2014_rhyp,4.5,2015-01-01
318,3,-0.013537452457223681,0,234,IT.SMA.--,IT,SMA,,IT,39.5564,16.125,457.0,360.0,11.06,vs_profile,B,NO,Fiberglass box,Pillar,geometric_mean_as_recorded,2.0,bindi2014_rhyp,4.5,2015-01-01
319,4,0.12555540079730604,0,234,IT.SMR.--,IT,SMR,,IT,40.4871,16.2459,584.0,828.0,8.2,vs_profile,A,NO,Fiberglass box,Pillar,geometric_mean_as_recorded,2.0,bindi2014_rhyp,4.5,2015-01-01
320,11,0.13785865127728086,0,234,IT.SNG.--,IT,SNG,,IT,43.6855,13.2261,85.0,258.0,2.56,vs_profile,C,NO,ENEL Box,Pillar,geometric_mean_as_recorded,2.0,bindi2014_rhyp,4.5,2015-01-01
321,3,-0.30014955804322496,0,234,IT.SSC.--,IT,SSC,,IT,42.8746,11.8768,645.0,498.0,6.47,vs_profile,E,Not analized,Fiberglass box,Pillar,geometric_mean_as_recorded,2.0,bindi2014_rhyp,4.5,2015-01-01
322,3,-0.1840458880661968,0,234,IT.STB.--,IT,STB,,IT,38.804,15.2336,112.0,404.0,4.79,vs_profile,B,NO,Fiberglass box,Pillar,geometric_mean_as_recorded,2.0,bindi2014_rhyp,4.5,2015-01-01
323,3,-0.26388867044137665,0,234,IT.STC.--,IT,STC,,IT,38.0063018798828,14.3529996871948,257.0,450.0,15.19,vs_profile,B,Not analized,Fiberglass box,Pillar,geometric_mean_as_recorded,2.0,bindi2014_rhyp,4.5,2015-01-01
324,4,-0.22708543228069553,0,234,IT.STG.--,IT,STG,,IT,41.5656,14.2311,421.0,376.0,2.07,vs_profile,B,NO,ENEL Box,Pillar,geometric_mean_as_recorded,2.0,bindi2014_rhyp,4.5,2015-01-01
325,4,-0.09945214614323841,0,234,IT.STR.--,IT,STR,,IT,41.0212,15.1163,586.0,382.0,7.71,vs_profile,B,NO,Small masonry building,Pillar,geometric_mean_as_recorded,2.0,bindi2014_rhyp,4.5,2015-01-01
326,3,0.23126555271350635,0,234,IT.STRV.--,IT,STRV,,IT,37.9490013122559,15.3649997711182,74.0,746.0,7.74,topography,B,Not analized,,,geometric_mean_as_recorded,2.0,bindi2014_rhyp,4.5,2015-01-01
327,19,0.45122488324926446,0,234,IT.SULA.--,IT,SULA,,IT,42.0734,13.9166,412.0,297.0,0.63,vs_profile,C,NO,Small masonry building,Building basement,geometric_mean_as_recorded,2.0,bindi2014_rhyp,4.5,2015-01-01
328,21,0.1467466922875364,0,234,IT.SULP.--,IT,SULP,,IT,42.085,13.9274,405.0,275.0,1.99,vs_profile,C,NO,Small masonry building,Building basement,geometric_mean_as_recorded,2.0,bindi2014_rhyp,4.5,2015-01-01
329,17,0.012709514548164574,0,234,IT.TER.--,IT,TER,,IT,42.6565,13.6895,317.0,649.0,11.37,vs_profile,B,NO,Fiberglass box,Pillar,geometric_mean_as_recorded,2.0,bindi2014_rhyp,4.5,2015-01-01
330,4,-0.26228445113291643,0,234,IT.TLS.--,IT,TLS,,IT,41.2224,14.53,163.0,401.0,12.73,vs_profile,B,NO,Fiberglass box,Pillar,geometric_mean_as_recorded,2.0,bindi2014_rhyp,4.5,2015-01-01
331,5,-0.3209796527225046,0,234,IT.TOR.--,IT,TOR,,IT,38.0443000793457,14.8145999908447,604.0,455.0,24.99,vs_profile,B,NO,Fiberglass box,Pillar,geometric_mean_as_recorded,2.0,bindi2014_rhyp,4.5,2015-01-01
332,5,-0.17971527081785502,0,234,IT.TPA.--,IT,TPA,,IT,38.6736,15.8891,92.0,411.0,5.42,vs_profile,B,NO,Fiberglass box,Pillar,geometric_mean_as_recorded,2.0,bindi2014_rhyp,4.5,2015-01-01
333,4,0.1938070587273868,0,234,IT.TRF.--,IT,TRF,,IT,38.2643013000488,15.6340999603271,12.0,239.0,1.9,vs_profile,C,NO,Small masonry building,Pillar,geometric_mean_as_recorded,2.0,bindi2014_rhyp,4.5,2015-01-01
334,18,0.11776342271113217,0,234,IT.TRL.--,IT,TRL,,IT,42.4613,12.9323,1226.0,380.0,11.41,vs_profile,B,NO,Small masonry building,Pillar,geometric_mean_as_recorded,2.0,bindi2014_rhyp,4.5,2015-01-01
335,3,-0.18010864460861833,0,234,IT.TRM.--,IT,TRM,,IT,37.9902,13.7003,14.0,453.0,8.11,vs_profile,B,Not analized,ENEL Box,Pillar,geometric_mean_as_recorded,2.0,bindi2014_rhyp,4.5,2015-01-01
336,7,0.02994745788362249,0,234,IT.TVL.--,IT,TVL,,IT,41.893,12.7732,118.0,314.0,2.35,vs_profile,C,NO,ENEL Box,Pillar,geometric_mean_as_recorded,2.0,bindi2014_rhyp,4.5,2015-01-01
337,3,-0.27775210124997496,0,234,IT.VULS.--,IT,VULS,,IT,38.3823013305664,14.9829998016357,403.0,515.0,3.41,topography,B,Not analized,,,geometric_mean_as_recorded,2.0,bindi2014_rhyp,4.5,2015-01-01
339,3,0.1650369537162293,0,234,IV.ACATE.--,IV,ACATE,,IT,37.02398,14.50064,210.0,277.5,0.27,topography,C,Not analized,,,geometric_mean_as_recorded,2.0,bindi2014_rhyp,4.5,2015-01-01
340,3,0.16047631166365656,0,234,IV.BASIC.--,IV,BASIC,,IT,38.06703,15.068847,536.0,1640.0,36.88,topography,A,Not analized,,,geometric_mean_as_recorded,2.0,bindi2014_rhyp,4.5,2015-01-01
341,13,0.010726736274311505,0,234,IV.CAFE.--,IV,CAFE,,IT,41.028,15.2366,1070.0,622.0,10.33,vs_profile,B,NO,Vault,Pillar,geometric_mean_as_recorded,2.0,bindi2014_rhyp,4.5,2015-01-01
342,3,0.305543822893071,0,234,IV.CAVT.--,IV,CAVT,,IT,37.67883,12.7556,158.0,599.9,5.27,topography,B,Not analized,,,geometric_mean_as_recorded,2.0,bindi2014_rhyp,4.5,2015-01-01
343,5,0.03486483946598801,0,234,IV.CDCA.--,IV,CDCA,,IT,43.4584,12.2336,50.0,277.0,0.62,vs_profile,C,NO,Box,Pillar,geometric_mean_as_recorded,2.0,bindi2014_rhyp,4.5,2015-01-01
344,20,0.5750078553478696,0,234,IV.CIMA.--,IV,CIMA,,IT,43.305297,13.670091,163.0,443.0,8.93,vs_profile,B,NO,Fiberglass box,Directly on the ground,geometric_mean_as_recorded,2.0,bindi2014_rhyp,4.5,2015-01-01
345,3,0.13067318112820378,0,234,IV.CMPO.--,IV,CMPO,,IT,44.5808,11.8056,2.0,116.0,0.02,vs_profile,D,NO,Vault,Pillar,geometric_mean_as_recorded,2.0,bindi2014_rhyp,4.5,2015-01-01
346,3,0.274012463370071,0,234,IV.CRJA.--,IV,CRJA,,IT,37.80162,13.00433,560.0,1122.0,21.36,topography,A,Not analized,,,geometric_mean_as_recorded,2.0,bindi2014_rhyp,4.5,2015-01-01
347,3,0.3420209508955604,0,234,IV.EFIU.--,IV,EFIU,,IT,37.7896,15.2103,97.0,403.5,1.64,topography,B,Not analized,,,geometric_mean_as_recorded,2.0,bindi2014_rhyp,4.5,2015-01-01
348,4,0.16850755444737828,0,234,IV.EPOZ.--,IV,EPOZ,,IT,37.6719,15.1885,124.0,394.0,1.23,vs_profile,B,NO,,,geometric_mean_as_recorded,2.0,bindi2014_rhyp,4.5,2015-01-01
349,4,0.17069147324317385,0,234,IV.ESML.--,IV,ESML,,IT,37.6181,14.8794,417.0,505.0,5.74,vs_profile,B,NO,,,geometric_mean_as_recorded,2.0,bindi2014_rhyp,4.5,2015-01-01
350,5,-0.14324698264942068,0,234,IV.EVRN.--,IV,EVRN,,IT,37.6892,15.1356,421.0,300.0,4.27,vs_profile,C,NO,Vault,Pillar,geometric_mean_as_recorded,2.0,bindi2014_rhyp,4.5,2015-01-01
351,3,-0.044308799713975305,0,234,IV.FCOR.--,IV,FCOR,,IT,43.76911,12.81459,555.0,370.4,1.18,topography,B,Not analized,,,geometric_mean_as_recorded,2.0,bindi2014_rhyp,4.5,2015-01-01
352,8,-0.10068749999942819,0,234,IV.FERS.--,IV,FERS,,IT,44.9035,11.5406,3.0,184.0,0.11,vs_profile,C,NO,,,geometric_mean_as_recorded,2.0,bindi2014_rhyp,4.5,2015-01-01
353,18,-0.1555781563273895,0,234,IV.FIAM.--,IV,FIAM,,IT,42.26802,13.11718,1070.0,790.0,25.39,vs_profile,B,YES,Vault,Pillar,geometric_mean_as_recorded,2.0,bindi2014_rhyp,4.5,2015-01-01
354,3,-0.13259598624150018,0,234,IV.GMB1.--,IV,GMB1,,IT,38.1723,15.8179,1198.0,489.0,2.86,topography,B,Not analized,,,geometric_mean_as_recorded,2.0,bindi2014_rhyp,4.5,2015-01-01
355,19,0.16611538930053246,0,234,IV.GUMA.--,IV,GUMA,,IT,43.0627,13.3352,574.0,488.0,6.9,vs_profile,B,NO,Vault,Pillar,geometric_mean_as_recorded,2.0,bindi2014_rhyp,4.5,2015-01-01
356,3,0.1649401647067561,0,234,IV.ILOS.--,IV,ILOS,,IT,38.4457,14.9483,283.0,353.0,0.95,topography,C,Not analized,,,geometric_mean_as_recorded,2.0,bindi2014_rhyp,4.5,2015-01-01
357,11,0.08588027450613395,0,234,IV.INTR.--,IV,INTR,,IT,42.01154,13.9046,924.0,685.0,8.98,vs_profile,B,NO,Vault,Pillar,geometric_mean_as_recorded,2.0,bindi2014_rhyp,4.5,2015-01-01
358,3,0.05446715381265918,0,234,IV.LNSS.--,IV,LNSS,,IT,42.60286,13.04032,1155.0,788.0,12.53,vs_profile,B,NO,Box,Pillar,geometric_mean_as_recorded,2.0,bindi2014_rhyp,4.5,2015-01-01
359,3,0.221414425569736,0,234,IV.MARS.--,IV,MARS,,IT,37.7532,12.5647,65.0,524.6,3.62,topography,B,Not analized,,,geometric_mean_as_recorded,2.0,bindi2014_rhyp,4.5,2015-01-01
360,14,0.065261855907361,0,234,IV.MRB1.--,IV,MRB1,,IT,41.1227,14.96815,688.0,448.0,17.16,vs_profile,B,NO,Vault,Pillar,geometric_mean_as_recorded,2.0,bindi2014_rhyp,4.5,2015-01-01
361,10,-0.2550489180305674,0,234,IV.MRLC.--,IV,MRLC,,IT,40.7564,15.48892,605.0,861.0,29.37,vs_profile,A,YES,,,geometric_mean_as_recorded,2.0,bindi2014_rhyp,4.5,2015-01-01
362,5,-0.07409076219078833,0,234,IV.NDIM.--,IV,NDIM,,IT,44.8873,10.8987,19.0,208.0,0.05,vs_profile,C,NO,,,geometric_mean_as_recorded,2.0,bindi2014_rhyp,4.5,2015-01-01
363,3,0.16829142002942749,0,234,IV.NEVI.--,IV,NEVI,,IT,44.5834,10.3163,480.0,367.0,5.09,vs_profile,B,NO,,Directly on the ground,geometric_mean_as_recorded,2.0,bindi2014_rhyp,4.5,2015-01-01
364,12,-0.15297019557166505,0,234,IV.NRCA.--,IV,NRCA,,IT,42.83355,13.11427,927.0,591.0,19.29,vs_profile,B,NO,Box,Building floor,geometric_mean_as_recorded,2.0,bindi2014_rhyp,4.5,2015-01-01
365,20,0.019092096908323253,0,234,IV.POFI.--,IV,POFI,,IT,41.71743,13.71202,878.0,1280.0,2.2,vs_profile,A,YES,Vault,Pillar,geometric_mean_as_recorded,2.0,bindi2014_rhyp,4.5,2015-01-01
366,3,0.2811158528275583,0,234,IV.ROM9.--,IV,ROM9,,IT,41.82842,12.51553,110.0,605.0,1.53,vs_profile,B,NO,Box,Pillar,geometric_mean_as_recorded,2.0,bindi2014_rhyp,4.5,2015-01-01
367,18,0.13510143483975223,0,234,IV.SACS.--,IV,SACS,,IT,42.84906,11.90967,845.0,692.0,1.59,vs_profile,B,YES,Vault,Pillar,geometric_mean_as_recorded,2.0,bindi2014_rhyp,4.5,2015-01-01
368,3,0.22870118506326276,0,234,IV.SANR.--,IV,SANR,,IT,45.64,11.6099,51.0,321.0,0.34,vs_profile,C,NO,Fiberglass box,Building floor,geometric_mean_as_recorded,2.0,bindi2014_rhyp,4.5,2015-01-01
369,3,-0.1673096163361161,0,234,IV.SCIAC.--,IV,SCIAC,,IT,37.516469,13.101908,181.0,833.0,10.79,topography,A,Not analized,,,geometric_mean_as_recorded,2.0,bindi2014_rhyp,4.5,2015-01-01
370,15,-0.265313673441984,0,234,IV.SEF1.--,IV,SEF1,,IT,43.14683,12.94762,518.0,485.0,15.69,vs_profile,E,NO,Fiberglass box,Directly on the ground,geometric_mean_as_recorded,2.0,bindi2014_rhyp,4.5,2015-01-01
371,11,0.17541886140100305,0,234,IV.SENI.--,IV,SENI,,IT,43.7052,13.2331,10.0,242.0,0.27,vs_profile,C,NO,Borehole,,geometric_mean_as_recorded,2.0,bindi2014_rhyp,4.5,2015-01-01
372,10,-0.2206361679768015,0,234,IV.SGTA.--,IV,SGTA,,IT,41.135,15.365,890.0,400.0,3.28,vs_profile,B,YES,,,geometric_mean_as_recorded,2.0,bindi2014_rhyp,4.5,2015-01-01
373,13,0.19852527055873048,0,234,IV.SNAL.--,IV,SNAL,,IT,40.92542,15.20908,874.0,728.0,12.1,vs_profile,B,NO,,,geometric_mean_as_recorded,2.0,bindi2014_rhyp,4.5,2015-01-01
374,3,-0.24245695930289882,0,234,IV.SORR.--,IV,SORR,,IT,40.58256,14.335709,537.0,1213.0,24.42,topography,A,Not analized,,,geometric_mean_as_recorded,2.0,bindi2014_rhyp,4.5,2015-01-01
375,20,-0.10984473546631343,0,234,IV.TERO.--,IV,TERO,,IT,42.62279,13.60393,673.0,912.0,19.67,vs_profile,A,YES,Vault,Pillar,geometric_mean_as_recorded,2.0,bindi2014_rhyp,4.5,2015-01-01
376,3,0.05315873500129159,0,234,IV.VBKE.--,IV,VBKE,,IT,40.818549,14.438636,913.0,824.0,10.44,topography,A,Not analized,,,geometric_mean_as_recorded,2.0,bindi2014_rhyp,4.5,2015-01-01
377,5,0.14067160556068106,0,234,IV.VENL.--,IV,VENL,,IT,45.4167,12.3765,4.0,245.0,0.48,vs_profile,C,NO,Unknown,,geometric_mean_as_recorded,2.0,bindi2014_rhyp,4.5,2015-01-01
378,5,-0.11701666337760022,0,234,IX.AND3.01,IX,AND3,01,IT,40.9298,15.3331,905.0,296.0,5.01,vs_profile,C,Not analized,,,geometric_mean_as_recorded,2.0,bindi2014_rhyp,4.5,2015-01-01
508,11,-0.5600513960237508,0,234,SL.BOJS.--,SL,BOJS,,SI,45.5043,15.2518,252.0,578.0,4.79,topography,B,Not analized,,,geometric_mean_as_recorded,2.0,bindi2014_rhyp,4.5,2015-01-01
509,3,-0.08888083179581599,0,234,SL.BZKE.--,SL,BZKE,,SI,46.038,14.5645,288.0,532.0,3.78,topography,B,Not analized,,,geometric_mean_as_recorded,2.0,bindi2014_rhyp,4.5,2015-01-01
510,8,-0.04607154946330663,0,234,SL.CADS.--,SL,CADS,,SI,46.2281,13.7368,751.0,920.0,14.1,topography,A,Not analized,,,geometric_mean_as_recorded,2.0,bindi2014_rhyp,4.5,2015-01-01
511,4,-0.1317444292859706,0,234,SL.CENE.--,SL,CENE,,SI,45.5097,13.77,160.0,842.0,11.13,topography,A,Not analized,,,geometric_mean_as_recorded,2.0,bindi2014_rhyp,4.5,2015-01-01
512,12,-0.2666576758782244,0,234,SL.CEY.--,SL,CEY,,SI,45.7381,14.4221,579.0,778.0,8.66,topography,B,Not analized,,,geometric_mean_as_recorded,2.0,bindi2014_rhyp,4.5,2015-01-01
513,10,-0.4016001121789561,0,234,SL.CRES.--,SL,CRES,,SI,45.826,15.4569,431.0,980.0,16.31,topography,A,Not analized,,,geometric_mean_as_recorded,2.0,bindi2014_rhyp,4.5,2015-01-01
514,10,-0.04434890342669415,0,234,SL.CRNS.--,SL,CRNS,,SI,46.0807,14.2613,712.0,960.0,15.58,topography,A,Not analized,,,geometric_mean_as_recorded,2.0,bindi2014_rhyp,4.5,2015-01-01
515,6,-0.14535066473609845,0,234,SL.DOBS.--,SL,DOBS,,SI,46.1495,15.4695,465.0,673.0,24.64,vs_profile,B,Not analized,,,geometric_mean_as_recorded,2.0,bindi2014_rhyp,4.5,2015-01-01
516,3,-0.3347041695726912,0,234,SL.DOLA.--,SL,DOLA,,SI,46.0938,14.6781,265.0,320.0,0.58,topography,C,Not analized,,,geometric_mean_as_recorded,2.0,bindi2014_rhyp,4.5,2015-01-01
517,3,0.028065746405640163,0,234,SL.DTSE.--,SL,DTSE,,SI,46.0251,14.8395,279.0,955.0,15.39,topography,A,Not analized,,,geometric_mean_as_recorded,2.0,bindi2014_rhyp,4.5,2015-01-01
518,3,-0.2280723449937155,0,234,SL.FAGG.--,SL,FAGG,,SI,46.0459,14.4944,295.0,342.0,0.83,topography,C,Not analized,,,geometric_mean_as_recorded,2.0,bindi2014_rhyp,4.5,2015-01-01
519,7,-0.23750961562678533,0,234,SL.GBAS.--,SL,GBAS,,SI,45.9348,14.4434,524.0,1182.0,23.4,topography,A,Not analized,,,geometric_mean_as_recorded,2.0,bindi2014_rhyp,4.5,2015-01-01
520,6,-0.5605064858364831,0,234,SL.GBRS.--,SL,GBRS,,SI,45.5311,14.8101,610.0,635.0,5.96,topography,B,Not analized,,,geometric_mean_as_recorded,2.0,bindi2014_rhyp,4.5,2015-01-01
521,5,-0.49422373591288127,0,234,SL.GCIS.--,SL,GCIS,,SI,45.8672,15.6275,385.0,777.0,8.64,topography,B,Not analized,,,geometric_mean_as_recorded,2.0,bindi2014_rhyp,4.5,2015-01-01
522,5,-0.0559082328616001,0,234,SL.GOLS.--,SL,GOLS,,SI,46.0108,15.6245,559.0,779.0,7.73,vs_profile,B,Not analized,,,geometric_mean_as_recorded,2.0,bindi2014_rhyp,4.5,2015-01-01
523,9,-0.11346979163897733,0,234,SL.GORS.--,SL,GORS,,SI,46.3174,13.9999,1048.0,1670.0,16.57,vs_profile,A,Not analized,,,geometric_mean_as_recorded,2.0,bindi2014_rhyp,4.5,2015-01-01
524,4,-0.19552222632035468,0,234,SL.GROS.--,SL,GROS,,SI,46.461,15.5018,930.0,1085.0,13.46,vs_profile,A,Not analized,,,geometric_mean_as_recorded,2.0,bindi2014_rhyp,4.5,2015-01-01
525,6,-0.0848904315553762,0,234,SL.JAVS.--,SL,JAVS,,SI,45.8934,14.0643,1100.0,927.0,14.37,topography,A,Not analized,,,geometric_mean_as_recorded,2.0,bindi2014_rhyp,4.5,2015-01-01
526,6,-0.18100445731081624,0,234,SL.KNDS.--,SL,KNDS,,SI,45.5278,14.3807,1035.0,573.0,4.68,topography,B,Not analized,,,geometric_mean_as_recorded,2.0,bindi2014_rhyp,4.5,2015-01-01
527,9,-0.10958540505623979,0,234,SL.KOGS.--,SL,KOGS,,SI,46.4481,16.2504,245.0,761.0,7.25,vs_profile,B,Not analized,,,geometric_mean_as_recorded,2.0,bindi2014_rhyp,4.5,2015-01-01
528,3,-0.2075844609692897,0,234,SL.LEGS.--,SL,LEGS,,SI,45.9488,15.3177,390.0,708.0,7.13,topography,B,Not analized,,,geometric_mean_as_recorded,2.0,bindi2014_rhyp,4.5,2015-01-01
529,10,0.10315860994536949,0,234,SL.LJU.--,SL,LJU,,SI,46.0438,14.5278,396.0,846.0,11.28,topography,A,Not analized,,,geometric_mean_as_recorded,2.0,bindi2014_rhyp,4.5,2015-01-01
530,9,0.2492147230377963,0,234,SL.MOZS.--,SL,MOZS,,SI,46.2941,14.4433,660.0,871.0,12.23,topography,A,Not analized,,,geometric_mean_as_recorded,2.0,bindi2014_rhyp,4.5,2015-01-01
531,5,-0.03452135548535773,0,234,SL.PDKS.--,SL,PDKS,,SI,46.0612,14.9977,679.0,2660.0,12.72,vs_profile,A,Not analized,,,geometric_mean_as_recorded,2.0,bindi2014_rhyp,4.5,2015-01-01
532,7,-0.2793219781465114,0,234,SL.PERS.--,SL,PERS,,SI,46.6365,15.1139,795.0,649.0,14.01,vs_profile,E,Not analized,,,geometric_mean_as_recorded,2.0,bindi2014_rhyp,4.5,2015-01-01
533,10,-0.3748013119023731,0,234,SL.SKDS.--,SL,SKDS,,SI,45.5464,14.0143,552.0,661.0,6.37,topography,B,Not analized,,,geometric_mean_as_recorded,2.0,bindi2014_rhyp,4.5,2015-01-01
534,11,-0.4505887666787427,0,234,SL.VISS.--,SL,VISS,,SI,45.8033,14.8393,399.0,792.0,9.22,topography,B,Not analized,,,geometric_mean_as_recorded,2.0,bindi2014_rhyp,4.5,2015-01-01
535,11,-0.03152155632454612,0,234,SL.VNDS.--,SL,VNDS,,SI,46.1016,14.7014,531.0,805.0,9.72,topography,A,Not analized,,,geometric_mean_as_recorded,2.0,bindi2014_rhyp,4.5,2015-01-01
536,8,-0.08964262935490633,0,234,SL.VOJS.--,SL,VOJS,,SI,46.0322,13.8877,1072.0,801.0,9.56,topography,A,Not analized,,,geometric_mean_as_recorded,2.0,bindi2014_rhyp,4.5,2015-01-01
537,4,-0.13199931761113895,0,234,SL.ZAVS.--,SL,ZAVS,,SI,46.4342,15.0246,741.0,696.0,0.99,vs_profile,B,Not analized,,,geometric_mean_as_recorded,2.0,bindi2014_rhyp,4.5,2015-01-01
538,3,0.3624964959965394,0,234,VM.MRSC.--,VM,MRSC,,IT,43.08574,13.7318,395.0,771.0,8.41,topography,B,Not analized,,,geometric_mean_as_recorded,2.0,bindi2014_rhyp,4.5,2015-01-01
539,3,0.2766603107059085,0,234,XE.TNOVA.--,XE,TNOVA,,IT,39.9747,16.2611,1127.0,860.0,11.84,topography,A,Not analized,,,geometric_mean_as_recorded,2.0,bindi2014_rhyp,4.5,2015-01-01
13,12,0.6933490523586372,1,939,AC.DURR.00,AC,DURR,00,AL,41.3199,19.4573,,301.0,0.37,topography,C,Not analized,Fiberglass box,Pillar,geometric_mean_as_recorded,2.0,bindi2014_rhyp,4.5,2015-01-01
14,9,0.07697570842991641,1,939,AC.HIMA.00,AC,HIMA,00,AL,40.089,19.7582,,987.0,16.58,topography,A,Not analized,Small masonry building,Building floor,geometric_mean_as_recorded,2.0,bindi2014_rhyp,4.5,2015-01-01
15,3,0.018915525633532937,1,939,AC.PHP.01,AC,PHP,01,AL,41.6847,20.4408,670.0,532.0,3.77,topography,B,Not analized,,,geometric_mean_as_recorded,2.0,bindi2014_rhyp,4.5,2015-01-01
16,5,0.5333625097689357,1,939,AC.SRN.01,AC,SRN,01,AL,39.880001,20.0005,20.0,814.0,10.07,topography,A,Not analized,,,geometric_mean_as_recorded,2.0,bindi2014_rhyp,4.5,2015-01-01
17,5,-0.28917777503521735,1,939,BS.BLKB.--,BS,BLKB,,BG,43.6227,22.675,650.0,516.1,3.44,topography,B,Not analized,,,geometric_mean_as_recorded,2.0,bindi2014_rhyp,4.5,2015-01-01
18,5,0.3949860366279221,1,939,BS.KOZAM.--,BS,KOZAM,,BG,43.8274,23.2364,760.0,453.0,2.34,topography,B,Not analized,,,geometric_mean_as_recorded,2.0,bindi2014_rhyp,4.5,2015-01-01
19,3,0.35536445393109206,1,939,BS.MNNAM.--,BS,MNNAM,,BG,43.4111,23.2262,0.0,368.6,1.15,topography,B,Not analized,,,geometric_mean_as_recorded,2.0,bindi2014_rhyp,4.5,2015-01-01
20,3,0.3917803252254968,1,939,BS.PLVAM.--,BS,PLVAM,,BG,43.9523,22.8502,880.0,388.5,1.43,topography,B,Not analized,,,geometric_mean_as_recorded,2.0,bindi2014_rhyp,4.5,2015-01-01
21,4,0.11450684996878624,1,939,BS.PLVB.--,BS,PLVB,,BG,43.387,24.6207,199.0,684.3,6.75,topography,B,Not analized,,,geometric_mean_as_recorded,2.0,bindi2014_rhyp,4.5,2015-01-01
22,3,-0.5004799178068173,1,939,BS.RUSAM.--,BS,RUSAM,,BG,43.8462,25.9612,0.0,322.8,0.62,topography,C,Not analized,,,geometric_mean_as_recorded,2.0,bindi2014_rhyp,4.5,2015-01-01
23,36,-0.1617162164715118,1,939,CL.AGRP.00,CL,AGRP,00,GR,38.3959,21.72277,282.0,556.0,4.32,topography,B,Not analized,,,geometric_mean_as_recorded,2.0,bindi2014_rhyp,4.5,2015-01-01
24,7,0.40472634785618644,1,939,CL.MALA.00,CL,MALA,00,GR,38.39341,21.87263,7.0,363.0,1.07,topography,B,Not analized,,,geometric_mean_as_recorded,2.0,bindi2014_rhyp,4.5,2015-01-01
25,43,0.4240226936441932,1,939,CL.MALA.01,CL,MALA,01,GR,38.39341,21.87263,7.0,363.0,1.07,topography,B,Not analized,,,geometric_mean_as_recorded,2.0,bindi2014_rhyp,4.5,2015-01-01
26,114,0.02509858976335888,1,939,CL.ROD3.00,CL,ROD3,00,GR,38.30811,21.89204,448.0,514.0,3.39,topography,B,Not analized,,,geometric_mean_as_recorded,2.0,bindi2014_rhyp,4.5,2015-01-01
27,48,-0.07513597545469108,1,939,CL.TRIZ.00,CL,TRIZ,00,GR,38.36543,22.07272,59.0,729.0,7.48,topography,B,Not analized,,,geometric_mean_as_recorded,2.0,bindi2014_rhyp,4.5,2015-01-01
28,48,-0.002541058996171519,1,939,GE.IMMV.--,GE,IMMV,,GR,35.4606,23.9811,230.0,1121.0,21.31,topography,A,Not analized,,,geometric_mean_as_recorded,2.0,bindi2014_rhyp,4.5,2015-01-01
29,52,-0.23323171454569125,1,939,GE.KARP.--,GE,KARP,,GR,35.5471,27.16106,524.0,835.0,10.88,topography,A,Not analized,,,geometric_mean_as_recorded,2.0,bindi2014_rhyp,4.5,2015-01-01
30,31,-0.10217184070965912,1,939,GE.KTHA.--,GE,KTHA,,GR,36.2566,23.0621,360.0,692.0,6.87,topography,B,Not analized,,,geometric_mean_as_recorded,2.0,bindi2014_rhyp,4.5,2015-01-01
31,33,0.14477700887018352,1,939,HA.AIGS.--,HA,AIGS,,GR,38.25001,22.0878,99.0,399.0,1.58,topography,B,Not analized,,,geometric_mean_as_recorded,2.0,bindi2014_rhyp,4.5,2015-01-01
32,34,-1.4489129621909693,1,939,HA.ATHU.--,HA,ATHU,,GR,37.9665,23.7845,308.0,648.0,6.16,topography,B,Not analized,,,geometric_mean_as_recorded,2.0,bindi2014_rhyp,4.5,2015-01-01
33,5,0.026752944872028617,1,939,HA.CORS.00,HA,CORS,00,GR,38.2562,22.0748,3.0,429.0,2.01,topography,B,Not analized,,,geometric_mean_as_recorded,2.0,bindi2014_rhyp,4.5,2015-01-01
34,8,-0.06741163617331425,1,939,HA.DRES.--,HA,DRES,,GR,38.319719,21.853176,80.0,527.0,3.68,topography,B,Not analized,,,geometric_mean_as_recorded,2.0,bindi2014_rhyp,4.5,2015-01-01
35,36,0.2203653525944655,1,939,HA.KIAS.--,HA,KIAS,,GR,37.9875,22.7543,100.0,344.0,0.85,topography,C,Not analized,,,geometric_mean_as_recorded,2.0,bindi2014_rhyp,4.5,2015-01-01
36,15,0.23986713234823964,1,939,HA.LTRS.--,HA,LTRS,,GR,37.97528,22.9765,3.0,535.0,3.84,topography,B,Not analized,,,geometric_mean_as_recorded,2.0,bindi2014_rhyp,4.5,2015-01-01
37,15,0.4438709289232843,1,939,HA.XLKS.--,HA,XLKS,,GR,38.0772,22.6361,6.0,379.0,1.3,topography,B,Not analized,,,geometric_mean_as_recorded,2.0,bindi2014_rhyp,4.5,2015-01-01
38,34,-0.2138630944593557,1,939,HC.ABEA.--,HC,ABEA,,GR,35.5163,24.0113,9.0,466.0,2.52,topography,B,Not analized,,,geometric_mean_as_recorded,2.0,bindi2014_rhyp,4.5,2015-01-01
39,79,-0.027537313827670107,1,939,HC.ATEI.--,HC,ATEI,,GR,35.5193,24.0432,59.0,406.0,1.67,topography,B,Not analized,,,geometric_mean_as_recorded,2.0,bindi2014_rhyp,4.5,2015-01-01
40,15,0.0034323056740603874,1,939,HC.DEYA.--,HC,DEYA,,GR,35.4825,24.014,41.0,352.0,0.94,topography,C,Not analized,,,geometric_mean_as_recorded,2.0,bindi2014_rhyp,4.5,2015-01-01
41,16,0.0802588525628074,1,939,HC.G0LD.--,HC,G0LD,,GR,35.4955,24.0306,15.0,342.0,0.83,topography,C,Not analized,,,geometric_mean_as_recorded,2.0,bindi2014_rhyp,4.5,2015-01-01
42,16,-0.17353510935442906,1,939,HC.LENT.--,HC,LENT,,GR,35.5074,24.0402,76.0,436.0,2.1,topography,B,Not analized,,,geometric_mean_as_recorded,2.0,bindi2014_rhyp,4.5,2015-01-01
43,5,0.054748875383623274,1,939,HC.MULT.--,HC,MULT,,GR,35.5091,24.0118,18.0,472.0,2.61,topography,B,Not analized,,,geometric_mean_as_recorded,2.0,bindi2014_rhyp,4.5,2015-01-01
44,19,-0.014313400344590721,1,939,HC.NERO.--,HC,NERO,,GR,35.474,24.0423,77.0,927.0,14.34,topography,A,Not analized,,,geometric_mean_as_recorded,2.0,bindi2014_rhyp,4.5,2015-01-01
45,62,0.14496566572221226,1,939,HC.PASK.--,HC,PASK,,GR,35.4996,24.0121,18.0,429.0,2.01,topography,B,Not analized,,,geometric_mean_as_recorded,2.0,bindi2014_rhyp,4.5,2015-01-01
46,29,-0.2837646302331255,1,939,HC.POLY.--,HC,POLY,,GR,35.5226,24.0602,160.0,429.0,2.0,topography,B,Not analized,,,geometric_mean_as_recorded,2.0,bindi2014_rhyp,4.5,2015-01-01
47,38,0.5360891983117158,1,939,HI.AGR3.--,HI,AGR3,,GR,38.5893,21.4162,50.0,474.0,2.63,topography,B,Not analized,,,geometric_mean_as_recorded,2.0,bindi2014_rhyp,4.5,2015-01-01
48,21,-0.2918759640317793,1,939,HI.AIA1.--,HI,AIA1,,GR,40.1641,21.8202,448.0,440.0,2.16,topography,B,Not analized,,,geometric_mean_as_recorded,2.0,bindi2014_rhyp,4.5,2015-01-01
49,23,0.08190835761102366,1,939,HI.AIG2.--,HI,AIG2,,GR,38.2417,22.0726,116.0,454.0,2.36,topography,B,Not analized,,,geometric_mean_as_recorded,2.0,bindi2014_rhyp,4.5,2015-01-01
50,28,0.08364911419585108,1,939,HI.AKR1.--,HI,AKR1,,GR,38.153583,22.31326,124.0,817.0,10.16,topography,A,Not analized,,,geometric_mean_as_recorded,2.0,bindi2014_rhyp,4.5,2015-01-01
51,15,0.3351779485649836,1,939,HI.ALX2.--,HI,ALX2,,GR,40.845417,25.873947,0.0,387.0,1.42,topography,B,Not analized,,,geometric_mean_as_recorded,2.0,bindi2014_rhyp,4.5,2015-01-01
52,33,0.3086070103823405,1,939,HI.AOL1.--,HI,AOL1,,GR,37.642378,21.624555,45.0,684.0,6.74,topography,B,Not analized,,,geometric_mean_as_recorded,2.0,bindi2014_rhyp,4.5,2015-01-01
53,12,-0.21576445773933117,1,939,HI.ARE2.--,HI,ARE2,,GR,36.66629,22.382635,255.0,363.0,1.07,topography,B,Not analized,,,geometric_mean_as_recorded,2.0,bindi2014_rhyp,4.5,2015-01-01
54,127,-0.10451506784831677,1,939,HI.ARG2.--,HI,ARG2,,GR,38.1783,20.4878,6.0,417.0,1.83,topography,B,Not analized,,,geometric_mean_as_recorded,2.0,bindi2014_rhyp,4.5,2015-01-01
55,100,0.21937826438805647,1,939,HI.ARK1.--,HI,ARK1,,GR,35.148777,25.264194,390.0,497.0,3.02,topography,B,Not analized,,,geometric_mean_as_recorded,2.0,bindi2014_rhyp,4.5,2015-01-01
56,78,0.09468713188818956,1,939,HI.ARS1.--,HI,ARS1,,GR,37.6349,22.7293,34.0,362.0,1.05,topography,B,Not analized,,,geometric_mean_as_recorded,2.0,bindi2014_rhyp,4.5,2015-01-01
57,79,-0.3350790217441033,1,939,HI.ART2.--,HI,ART2,,GR,39.1474,20.9937,191.0,643.0,6.09,topography,B,Not analized,,,geometric_mean_as_recorded,2.0,bindi2014_rhyp,4.5,2015-01-01
58,45,-0.018393967941645717,1,939,HI.AST1.--,HI,AST1,,GR,38.5416,21.0895,4.0,782.0,8.82,topography,B,Not analized,,,geometric_mean_as_recorded,2.0,bindi2014_rhyp,4.5,2015-01-01
59,63,-0.06115809034224484,1,939,HI.ATH5.--,HI,ATH5,,GR,37.975421,23.737098,99.0,576.0,4.74,topography,B,Not analized,,,geometric_mean_as_recorded,2.0,bindi2014_rhyp,4.5,2015-01-01
60,102,-0.08305378061302782,1,939,HI.CH01.--,HI,CH01,,GR,35.517,24.0208,0.0,327.0,0.67,topography,C,Not analized,,,geometric_mean_as_recorded,2.0,bindi2014_rhyp,4.5,2015-01-01
61,79,0.08544173602200189,1,939,HI.CH02.--,HI,CH02,,GR,35.5145,24.0315,8.0,366.0,1.11,topography,B,Not analized,,,geometric_mean_as_recorded,2.0,bindi2014_rhyp,4.5,2015-01-01
62,72,-0.11136423616097924,1,939,HI.CH03.--,HI,CH03,,GR,35.53303,24.0705,127.0,516.0,3.43,topography,B,Not analized,,,geometric_mean_as_recorded,2.0,bindi2014_rhyp,4.5,2015-01-01
63,16,-0.3105988896760219,1,939,HI.DRA2.--,HI,DRA2,,GR,41.1593,24.1485,167.0,388.0,1.42,topography,B,Not analized,,,geometric_mean_as_recorded,2.0,bindi2014_rhyp,4.5,2015-01-01
64,16,-0.08212030288150118,1,939,HI.FLO2.--,HI,FLO2,,GR,40.7801,21.4052,664.0,449.0,2.29,topography,B,Not analized,,,geometric_mean_as_recorded,2.0,bindi2014_rhyp,4.5,2015-01-01
65,35,-0.28430060176456906,1,939,HI.FRS1.--,HI,FRS1,,GR,39.2934,22.3844,162.0,732.0,7.52,topography,B,Not analized,,,geometric_mean_as_recorded,2.0,bindi2014_rhyp,4.5,2015-01-01
66,93,0.14062323420118872,1,939,HI.GOR1.--,HI,GOR1,,GR,35.0582,24.9628,159.0,528.0,3.7,topography,B,Not analized,,,geometric_mean_as_recorded,2.0,bindi2014_rhyp,4.5,2015-01-01
67,25,-0.2001326708194957,1,939,HI.GRE3.--,HI,GRE3,,GR,40.08481,21.43829,517.0,335.0,0.75,topography,C,Not analized,,,geometric_mean_as_recorded,2.0,bindi2014_rhyp,4.5,2015-01-01
68,21,0.08235469191867684,1,939,HI.GTH2.--,HI,GTH2,,GR,36.7603,22.5659,0.0,579.0,4.82,topography,B,Not analized,,,geometric_mean_as_recorded,2.0,bindi2014_rhyp,4.5,2015-01-01
69,83,0.4324993869102479,1,939,HI.HER1.--,HI,HER1,,GR,35.317672,25.10217,54.0,433.0,2.06,topography,B,Not analized,,,geometric_mean_as_recorded,2.0,bindi2014_rhyp,4.5,2015-01-01
70,70,0.32557620811444693,1,939,HI.HER3.--,HI,HER3,,GR,35.3296,25.1065,7.0,379.0,1.3,topography,B,Not analized,,,geometric_mean_as_recorded,2.0,bindi2014_rhyp,4.5,2015-01-01
71,19,-0.13816712540957332,1,939,HI.ITC1.--,HI,ITC1,,GR,38.3647,20.7156,0.0,834.0,10.85,topography,A,Not analized,,,geometric_mean_as_recorded,2.0,bindi2014_rhyp,4.5,2015-01-01
72,29,-0.31627733599432895,1,939,HI.ITS1.--,HI,ITS1,,GR,40.605,23.0123,173.0,429.0,2.0,topography,B,Not analized,,,geometric_mean_as_recorded,2.0,bindi2014_rhyp,4.5,2015-01-01
73,33,-0.09895998899660019,1,939,HI.JAN2.--,HI,JAN2,,GR,39.664,20.85222,503.0,562.0,4.45,topography,B,Not analized,,,geometric_mean_as_recorded,2.0,bindi2014_rhyp,4.5,2015-01-01
74,34,-0.14906929142506786,1,939,HI.JAN3.--,HI,JAN3,,GR,39.684,20.8379,481.0,409.0,1.72,topography,B,Not analized,,,geometric_mean_as_recorded,2.0,bindi2014_rhyp,4.5,2015-01-01
75,31,0.23261453522330622,1,939,HI.KAC1.--,HI,KAC1,,GR,38.143412,21.549694,31.0,311.0,0.49,topography,C,Not analized,,,geometric_mean_as_recorded,2.0,bindi2014_rhyp,4.5,2015-01-01
76,34,0.4930982096301081,1,939,HI.KAR2.--,HI,KAR2,,GR,39.365759,21.91933,106.0,482.0,2.75,topography,B,Not analized,,,geometric_mean_as_recorded,2.0,bindi2014_rhyp,4.5,2015-01-01
77,22,-0.20537481882492892,1,939,HI.KAS2.--,HI,KAS2,,GR,40.504878,21.280507,644.0,587.0,4.99,topography,B,Not analized,,,geometric_mean_as_recorded,2.0,bindi2014_rhyp,4.5,2015-01-01
78,36,-0.13482098972685685,1,939,HI.KIF1.--,HI,KIF1,,GR,38.077273,23.814551,310.0,353.0,0.95,topography,C,Not analized,,,geometric_mean_as_recorded,2.0,bindi2014_rhyp,4.5,2015-01-01
79,47,0.14248304841341386,1,939,HI.KIS1.--,HI,KIS1,,GR,35.493933,23.658993,24.0,497.0,3.02,topography,B,Not analized,,,geometric_mean_as_recorded,2.0,bindi2014_rhyp,4.5,2015-01-01
80,24,-0.003817626890274539,1,939,HI.KLR1.--,HI,KLR1,,GR,40.58251,22.949554,28.0,364.0,1.09,topography,B,Not analized,,,geometric_mean_as_recorded,2.0,bindi2014_rhyp,4.5,2015-01-01
81,144,-0.07644233080599439,1,939,HI.KLV1.--,HI,KLV1,,GR,38.03256,22.10797,717.0,465.0,2.52,topography,B,Not analized,,,geometric_mean_as_recorded,2.0,bindi2014_rhyp,4.5,2015-01-01
82,13,0.3090260955609198,1,939,HI.KMT1.--,HI,KMT1,,GR,41.1159,25.4066,53.0,338.0,0.79,topography,C,Not analized,,,geometric_mean_as_recorded,2.0,bindi2014_rhyp,4.5,2015-01-01
83,21,-0.0551140213230612,1,939,HI.KNS1.--,HI,KNS1,,GR,40.048,20.7524,621.0,900.0,13.34,topography,A,Not analized,,,geometric_mean_as_recorded,2.0,bindi2014_rhyp,4.5,2015-01-01
84,42,0.4646787522730558,1,939,HI.KOR2.--,HI,KOR2,,GR,37.9401,22.9495,35.0,508.0,3.25,topography,B,Not analized,,,geometric_mean_as_recorded,2.0,bindi2014_rhyp,4.5,2015-01-01
85,25,0.22076505396334523,1,939,HI.KOS2.--,HI,KOS2,,GR,36.8941,27.2888,10.0,489.0,2.85,topography,B,Not analized,,,geometric_mean_as_recorded,2.0,bindi2014_rhyp,4.5,2015-01-01
86,22,-0.34838632071419173,1,939,HI.KOZ2.--,HI,KOZ2,,GR,40.295728,21.788123,731.0,551.0,4.21,topography,B,Not analized,,,geometric_mean_as_recorded,2.0,bindi2014_rhyp,4.5,2015-01-01
87,73,0.01853589022070956,1,939,HI.KRI1.--,HI,KRI1,,GR,37.6621,20.8172,185.0,882.0,12.65,topography,A,Not analized,,,geometric_mean_as_recorded,2.0,bindi2014_rhyp,4.5,2015-01-01
88,81,-0.10384167766441577,1,939,HI.KRK1.--,HI,KRK1,,GR,39.618861,19.9202,10.0,421.0,1.89,topography,B,Not analized,,,geometric_mean_as_recorded,2.0,bindi2014_rhyp,4.5,2015-01-01
89,148,0.02652088368926464,1,939,HI.KRL1.--,HI,KRL1,,GR,37.7951,26.7065,14.0,644.0,6.1,topography,B,Not analized,,,geometric_mean_as_recorded,2.0,bindi2014_rhyp,4.5,2015-01-01
90,77,-0.46816565214089745,1,939,HI.KSS1.--,HI,KSS1,,GR,35.4189,26.9207,0.0,767.0,8.25,topography,B,Not analized,,,geometric_mean_as_recorded,2.0,bindi2014_rhyp,4.5,2015-01-01
91,62,-0.2548264398363139,1,939,HI.KTL1.--,HI,KTL1,,GR,35.20778,25.34272,390.0,327.0,0.67,topography,C,Not analized,,,geometric_mean_as_recorded,2.0,bindi2014_rhyp,4.5,2015-01-01
92,19,-0.14149010917766558,1,939,HI.KYP2.--,HI,KYP2,,GR,37.2497,21.667,34.0,417.0,1.84,topography,B,Not analized,,,geometric_mean_as_recorded,2.0,bindi2014_rhyp,4.5,2015-01-01
93,68,-0.1197340096740902,1,939,HI.LAM2.--,HI,LAM2,,GR,38.90203,22.431301,112.0,767.0,8.23,topography,B,Not analized,,,geometric_mean_as_recorded,2.0,bindi2014_rhyp,4.5,2015-01-01
94,37,0.46704642337340085,1,939,HI.LAR4.--,HI,LAR4,,GR,39.6422,22.4219,84.0,407.0,1.69,topography,B,Not analized,,,geometric_mean_as_recorded,2.0,bindi2014_rhyp,4.5,2015-01-01
95,46,0.3534410727558664,1,939,HI.LEF2.--,HI,LEF2,,GR,38.830093,20.708346,5.0,311.0,0.49,topography,C,Not analized,,,geometric_mean_as_recorded,2.0,bindi2014_rhyp,4.5,2015-01-01
96,18,-0.09940266642791562,1,939,HI.LEO1.--,HI,LEO1,,GR,37.1689,22.8637,57.0,863.0,11.94,topography,A,Not analized,,,geometric_mean_as_recorded,2.0,bindi2014_rhyp,4.5,2015-01-01
97,35,-0.2187268869884219,1,939,HI.LMN1.--,HI,LMN1,,GR,39.875,25.0588,2.0,603.0,5.34,topography,B,Not analized,,,geometric_mean_as_recorded,2.0,bindi2014_rhyp,4.5,2015-01-01
98,64,-0.2658673191767348,1,939,HI.LMS2.--,HI,LMS2,,GR,40.834985,21.141815,923.0,446.0,2.25,topography,B,Not analized,,,geometric_mean_as_recorded,2.0,bindi2014_rhyp,4.5,2015-01-01
99,16,0.33655430172889456,1,939,HI.LXR2.--,HI,LXR2,,GR,38.206718,20.436386,7.0,449.0,2.29,topography,B,Not analized,,,geometric_mean_as_recorded,2.0,bindi2014_rhyp,4.5,2015-01-01
100,22,0.3808419057094527,1,939,HI.MGP1.--,HI,MGP1,,GR,37.403248,22.140703,433.0,298.0,0.35,topography,C,Not analized,,,geometric_mean_as_recorded,2.0,bindi2014_rhyp,4.5,2015-01-01
101,6,-0.04984043021343487,1,939,HI.MOS1.--,HI,MOS1,,GR,37.953107,23.681947,9.0,306.0,0.42,topography,C,Not analized,,,geometric_mean_as_recorded,2.0,bindi2014_rhyp,4.5,2015-01-01
102,143,0.3834271339758563,1,939,HI.MSL1.--,HI,MSL1,,GR,38.3727,21.4243,1.0,344.0,0.85,topography,C,Not analized,,,geometric_mean_as_recorded,2.0,bindi2014_rhyp,4.5,2015-01-01
103,101,0.12103251850125085,1,939,HI.MYT1.--,HI,MYT1,,GR,39.085,26.5694,34.0,809.0,9.86,topography,A,Not analized,,,geometric_mean_as_recorded,2.0,bindi2014_rhyp,4.5,2015-01-01
104,118,-0.3983881634668165,1,939,HI.NAX1.--,HI,NAX1,,GR,37.101394,25.374103,7.0,407.0,1.69,topography,B,Not analized,,,geometric_mean_as_recorded,2.0,bindi2014_rhyp,4.5,2015-01-01
105,47,0.11531413577403249,1,939,HI.NMA1.--,HI,NMA1,,GR,37.81873,22.662702,290.0,561.0,4.42,topography,B,Not analized,,,geometric_mean_as_recorded,2.0,bindi2014_rhyp,4.5,2015-01-01
106,45,-0.11371125695866602,1,939,HI.NPS1.--,HI,NPS1,,GR,36.51263,23.06248,48.0,407.0,1.69,topography,B,Not analized,,,geometric_mean_as_recorded,2.0,bindi2014_rhyp,4.5,2015-01-01
107,20,0.4101078151598707,1,939,HI.PAT4.--,HI,PAT4,,GR,38.2338,21.74795,44.0,376.0,1.25,topography,B,Not analized,,,geometric_mean_as_recorded,2.0,bindi2014_rhyp,4.5,2015-01-01
108,23,0.10827891864606409,1,939,HI.PAT5.--,HI,PAT5,,GR,38.29595,21.795083,49.0,545.0,4.08,topography,B,Not analized,,,geometric_mean_as_recorded,2.0,bindi2014_rhyp,4.5,2015-01-01
109,37,-0.0667349071032538,1,939,HI.PER1.--,HI,PER1,,GR,38.0119,23.7027,66.0,425.0,1.94,topography,B,Not analized,,,geometric_mean_as_recorded,2.0,bindi2014_rhyp,4.5,2015-01-01
110,31,0.08549665046620647,1,939,HI.PET1.--,HI,PET1,,GR,36.963862,21.92538,6.0,403.0,1.64,topography,B,Not analized,,,geometric_mean_as_recorded,2.0,bindi2014_rhyp,4.5,2015-01-01
111,12,-0.12398655140729242,1,939,HI.PIR1.--,HI,PIR1,,GR,37.93723,23.642595,87.0,275.0,0.26,topography,C,Not analized,,,geometric_mean_as_recorded,2.0,bindi2014_rhyp,4.5,2015-01-01
112,26,0.21277885283510306,1,939,HI.PIR2.--,HI,PIR2,,GR,37.9458,23.6709,10.0,502.0,3.13,topography,B,Not analized,,,geometric_mean_as_recorded,2.0,bindi2014_rhyp,4.5,2015-01-01
113,26,-0.30678304150923785,1,939,HI.PIR3.--,HI,PIR3,,GR,37.9573,23.6519,10.0,338.0,0.79,topography,C,Not analized,,,geometric_mean_as_recorded,2.0,bindi2014_rhyp,4.5,2015-01-01
114,24,0.03634929343477089,1,939,HI.PLA1.--,HI,PLA1,,GR,40.555907,22.988593,13.0,405.0,1.67,topography,B,Not analized,,,geometric_mean_as_recorded,2.0,bindi2014_rhyp,4.5,2015-01-01
115,45,0.043484461930027196,1,939,HI.PLN1.--,HI,PLN1,,GR,39.998,23.575,29.0,443.0,2.2,topography,B,Not analized,,,geometric_mean_as_recorded,2.0,bindi2014_rhyp,4.5,2015-01-01
116,24,0.4181035694324534,1,939,HI.PTO1.--,HI,PTO1,,GR,40.510132,21.681568,603.0,399.0,1.58,topography,B,Not analized,,,geometric_mean_as_recorded,2.0,bindi2014_rhyp,4.5,2015-01-01
117,36,0.26408056161835586,1,939,HI.PYR2.--,HI,PYR2,,GR,37.6671,21.4506,8.0,442.0,2.19,topography,B,Not analized,,,geometric_mean_as_recorded,2.0,bindi2014_rhyp,4.5,2015-01-01
118,70,0.2163146341013527,1,939,HI.RDI1.--,HI,RDI1,,GR,36.4514,28.224,7.0,413.0,1.78,topography,B,Not analized,,,geometric_mean_as_recorded,2.0,bindi2014_rhyp,4.5,2015-01-01
119,46,-0.13474066022724518,1,939,HI.RGE1.--,HI,RGE1,,GR,36.0269,27.9306,3.0,396.0,1.54,topography,B,Not analized,,,geometric_mean_as_recorded,2.0,bindi2014_rhyp,4.5,2015-01-01
120,49,-0.055802404142616946,1,939,HI.RKL1.--,HI,RKL1,,GR,36.336699,28.171224,78.0,533.0,3.81,topography,B,Not analized,,,geometric_mean_as_recorded,2.0,bindi2014_rhyp,4.5,2015-01-01
121,27,-0.19614511857036387,1,939,HI.RKT1.--,HI,RKT1,,GR,35.954336,27.767327,49.0,403.0,1.64,topography,B,Not analized,,,geometric_mean_as_recorded,2.0,bindi2014_rhyp,4.5,2015-01-01
122,34,0.23501922935993047,1,939,HI.RPN1.--,HI,RPN1,,GR,36.448678,28.218047,14.0,581.0,4.86,topography,B,Not analized,,,geometric_mean_as_recorded,2.0,bindi2014_rhyp,4.5,2015-01-01
123,26,0.06373804248666248,1,939,HI.RSO1.--,HI,RSO1,,GR,36.3632,28.0016,8.0,381.0,1.33,topography,B,Not analized,,,geometric_mean_as_recorded,2.0,bindi2014_rhyp,4.5,2015-01-01
124,43,-0.18659038272902495,1,939,HI.RTH1.--,HI,RTH1,,GR,35.365393,24.471773,15.0,424.0,1.93,topography,B,Not analized,,,geometric_mean_as_recorded,2.0,bindi2014_rhyp,4.5,2015-01-01
125,20,-0.5687476880287252,1,939,HI.SEIS.--,HI,SEIS,,GR,40.631849,22.962768,63.0,726.0,7.42,topography,B,Not analized,,,geometric_mean_as_recorded,2.0,bindi2014_rhyp,4.5,2015-01-01
126,28,-0.08202260544958762,1,939,HI.SFL1.--,HI,SFL1,,GR,41.189954,26.304374,6.0,355.0,0.97,topography,C,Not analized,,,geometric_mean_as_recorded,2.0,bindi2014_rhyp,4.5,2015-01-01
127,56,-0.052430810236959724,1,939,HI.SFR2.--,HI,SFR2,,GR,36.399841,25.438209,206.0,485.0,2.79,topography,B,Not analized,,,geometric_mean_as_recorded,2.0,bindi2014_rhyp,4.5,2015-01-01
128,50,-0.2024400989404196,1,939,HI.SGR1.--,HI,SGR1,,GR,39.211392,25.855221,28.0,814.0,10.06,topography,A,Not analized,,,geometric_mean_as_recorded,2.0,bindi2014_rhyp,4.5,2015-01-01
129,25,-0.2219050214259134,1,939,HI.SIA1.--,HI,SIA1,,GR,40.257308,21.553432,918.0,948.0,15.14,topography,A,Not analized,,,geometric_mean_as_recorded,2.0,bindi2014_rhyp,4.5,2015-01-01
130,96,-0.1007584618202455,1,939,HI.SIT2.--,HI,SIT2,,GR,35.2059,26.107,0.0,385.0,1.39,topography,B,Not analized,,,geometric_mean_as_recorded,2.0,bindi2014_rhyp,4.5,2015-01-01
131,81,-0.06099795988117962,1,939,HI.SKY1.--,HI,SKY1,,GR,38.904483,24.564572,75.0,824.0,10.43,topography,A,Not analized,,,geometric_mean_as_recorded,2.0,bindi2014_rhyp,4.5,2015-01-01
132,13,0.38076298325818875,1,939,HI.SPP1.--,HI,SPP1,,GR,41.0225,25.7013,125.0,443.0,2.2,topography,B,Not analized,,,geometric_mean_as_recorded,2.0,bindi2014_rhyp,4.5,2015-01-01
133,18,-0.46696210036178765,1,939,HI.STL1.--,HI,STL1,,GR,40.662419,22.935323,28.0,407.0,1.69,topography,B,Not analized,,,geometric_mean_as_recorded,2.0,bindi2014_rhyp,4.5,2015-01-01
134,29,-0.42019477728779475,1,939,HI.THS1.--,HI,THS1,,GR,40.738476,24.575145,20.0,527.0,3.66,topography,B,Not analized,,,geometric_mean_as_recorded,2.0,bindi2014_rhyp,4.5,2015-01-01
135,50,0.2950451237507173,1,939,HI.THV2.--,HI,THV2,,GR,38.316117,23.319807,215.0,535.0,3.85,topography,B,Not analized,,,geometric_mean_as_recorded,2.0,bindi2014_rhyp,4.5,2015-01-01
136,36,-0.15421834085117603,1,939,HI.TRP1.--,HI,TRP1,,GR,37.511219,22.363399,698.0,504.0,3.17,topography,B,Not analized,,,geometric_mean_as_recorded,2.0,bindi2014_rhyp,4.5,2015-01-01
137,64,-0.16347854835899656,1,939,HI.VOL2.--,HI,VOL2,,GR,39.366,22.9506,26.0,393.0,1.5,topography,B,Not analized,,,geometric_mean_as_recorded,2.0,bindi2014_rhyp,4.5,2015-01-01
138,41,-0.39257546398008913,1,939,HI.VOL3.--,HI,VOL3,,GR,39.373969,22.935352,10.0,332.0,0.72,topography,C,Not analized,,,geometric_mean_as_recorded,2.0,bindi2014_rhyp,4.5,2015-01-01
139,39,-0.07345474073120184,1,939,HI.VSK1.--,HI,VSK1,,GR,38.4091,20.564,302.0,652.0,6.22,topography,B,Not analized,,,geometric_mean_as_recorded,2.0,bindi2014_rhyp,4.5,2015-01-01
140,12,0.12736489242073046,1,939,HI.XAN2.--,HI,XAN2,,GR,41.142046,24.890781,74.0,423.0,1.92,topography,B,Not analized,,,geometric_mean_as_recorded,2.0,bindi2014_rhyp,4.5,2015-01-01
141,37,-0.019905955738499737,1,939,HL.ACHA.00,HL,ACHA,00,GR,38.07458,23.74127,183.0,348.0,0.9,topography,C,Not analized,,,geometric_mean_as_recorded,2.0,bindi2014_rhyp,4.5,2015-01-01
142,32,-0.27729352932596185,1,939,HL.AGNA.00,HL,AGNA,00,GR,35.1895,25.71853,15.0,531.0,3.77,topography,B,Not analized,,,geometric_mean_as_recorded,2.0,bindi2014_rhyp,4.5,2015-01-01
143,26,-0.046553230694184045,1,939,HL.AGXA.00,HL,AGXA,00,GR,39.27649,22.81999,2.0,389.0,1.43,topography,B,Not analized,,,geometric_mean_as_recorded,2.0,bindi2014_rhyp,4.5,2015-01-01
144,46,-0.055450137041760605,1,939,HL.ALNA.00,HL,ALNA,00,GR,39.14804,23.86669,40.0,437.0,2.12,topography,B,Not analized,,,geometric_mean_as_recorded,2.0,bindi2014_rhyp,4.5,2015-01-01
145,3,0.38846438741596556,1,939,HL.ALXA.00,HL,ALXA,00,GR,40.8555,25.90192,12.0,411.0,1.75,topography,B,Not analized,,,geometric_mean_as_recorded,2.0,bindi2014_rhyp,4.5,2015-01-01
146,67,-0.4308997233596821,1,939,HL.AMGA.00,HL,AMGA,00,GR,36.831551,25.893818,307.0,502.0,3.12,topography,B,Not analized,,,geometric_mean_as_recorded,2.0,bindi2014_rhyp,4.5,2015-01-01
147,3,-0.21595890827951925,1,939,HL.AMYA.00,HL,AMYA,00,GR,40.6901,21.67899,595.0,350.0,0.92,topography,C,Not analized,,,geometric_mean_as_recorded,2.0,bindi2014_rhyp,4.5,2015-01-01
148,36,0.12566247945901765,1,939,HL.ANAF.--,HL,ANAF,,GR,36.35675,25.77262,335.0,811.0,9.93,topography,A,Not analized,,,geometric_mean_as_recorded,2.0,bindi2014_rhyp,4.5,2015-01-01
149,28,-0.19121232347046124,1,939,HL.ANKY.00,HL,ANKY,00,GR,35.86704,23.30117,143.0,760.0,7.97,topography,B,Not analized,,,geometric_mean_as_recorded,2.0,bindi2014_rhyp,4.5,2015-01-01
150,20,0.15274907134179672,1,939,HL.ARIA.00,HL,ARIA,00,GR,38.33358,21.76206,1.0,301.0,0.37,topography,C,Not analized,,,geometric_mean_as_recorded,2.0,bindi2014_rhyp,4.5,2015-01-01
151,43,-0.47680326111774907,1,939,HL.ARTB.00,HL,ARTB,00,GR,39.15702,20.9785,29.0,311.0,0.49,topography,C,Not analized,,,geometric_mean_as_recorded,2.0,bindi2014_rhyp,4.5,2015-01-01
152,31,-0.4764193360080615,1,939,HL.ASTA.00,HL,ASTA,00,GR,36.54552,26.35295,64.0,793.0,9.24,topography,B,Not analized,,,geometric_mean_as_recorded,2.0,bindi2014_rhyp,4.5,2015-01-01
153,47,-0.012011074880388328,1,939,HL.ATHP.00,HL,ATHP,00,GR,38.000799,23.773487,187.0,453.0,2.35,topography,B,Not analized,,,geometric_mean_as_recorded,2.0,bindi2014_rhyp,4.5,2015-01-01
154,83,-0.024321488624494902,1,939,HL.CHNB.00,HL,CHNB,00,GR,35.48765,24.06605,5.0,353.0,0.95,topography,C,Not analized,,,geometric_mean_as_recorded,2.0,bindi2014_rhyp,4.5,2015-01-01
155,3,-0.19941161158809462,1,939,HL.DION.--,HL,DION,,GR,38.07794,23.93306,460.0,459.0,2.43,topography,B,Not analized,,,geometric_mean_as_recorded,2.0,bindi2014_rhyp,4.5,2015-01-01
156,93,-0.12231515485164934,1,939,HL.DLFA.00,HL,DLFA,00,GR,38.47836,22.49583,570.0,1666.0,37.55,topography,A,Not analized,,,geometric_mean_as_recorded,2.0,bindi2014_rhyp,4.5,2015-01-01
157,30,0.051833510796251314,1,939,HL.DRPA.00,HL,DRPA,00,GR,37.94738,23.63024,18.0,523.0,3.59,topography,B,Not analized,,,geometric_mean_as_recorded,2.0,bindi2014_rhyp,4.5,2015-01-01
158,60,-0.10914848416266554,1,939,HL.EFSA.00,HL,EFSA,00,GR,39.54015,24.98864,5.0,586.0,4.96,topography,B,Not analized,,,geometric_mean_as_recorded,2.0,bindi2014_rhyp,4.5,2015-01-01
159,32,-0.18154570666517778,1,939,HL.ELFA.00,HL,ELFA,00,GR,38.04472,23.5405,9.0,321.0,0.6,topography,C,Not analized,,,geometric_mean_as_recorded,2.0,bindi2014_rhyp,4.5,2015-01-01
160,6,0.37704656863707003,1,939,HL.ELIN.--,HL,ELIN,,GR,38.099492,22.487383,568.0,924.0,14.23,topography,A,Not analized,,,geometric_mean_as_recorded,2.0,bindi2014_rhyp,4.5,2015-01-01
161,31,0.1916855527534237,1,939,HL.GINA.00,HL,GINA,00,GR,39.66886,22.389,94.0,355.0,0.97,topography,C,Not analized,,,geometric_mean_as_recorded,2.0,bindi2014_rhyp,4.5,2015-01-01
162,84,0.4452594868103906,1,939,HL.HERG.00,HL,HERG,00,GR,35.32622,25.06586,31.0,470.0,2.58,topography,B,Not analized,,,geometric_mean_as_recorded,2.0,bindi2014_rhyp,4.5,2015-01-01
163,135,0.4049880436690259,1,939,HL.IACM.--,HL,IACM,,GR,35.3058,25.0709,45.0,844.0,11.22,topography,A,Not analized,,,geometric_mean_as_recorded,2.0,bindi2014_rhyp,4.5,2015-01-01
164,86,-0.013825548999002235,1,939,HL.IMMV.--,HL,IMMV,,GR,35.4606,23.9811,230.0,1036.0,18.32,topography,A,Not analized,,,geometric_mean_as_recorded,2.0,bindi2014_rhyp,4.5,2015-01-01
165,23,0.12638533592288903,1,939,HL.ITM.00,HL,ITM,00,GR,37.17872,21.92522,423.0,882.0,12.68,topography,A,Not analized,,,geometric_mean_as_recorded,2.0,bindi2014_rhyp,4.5,2015-01-01
166,103,-0.12975778887055933,1,939,HL.JAN.00,HL,JAN,00,GR,39.65616,20.84874,526.0,399.0,1.58,topography,B,Not analized,,,geometric_mean_as_recorded,2.0,bindi2014_rhyp,4.5,2015-01-01
167,49,-0.10833306893480465,1,939,HL.KARA.00,HL,KARA,00,GR,38.01581,24.42014,20.0,497.0,3.03,topography,B,Not analized,,,geometric_mean_as_recorded,2.0,bindi2014_rhyp,4.5,2015-01-01
168,77,-0.19004096284249228,1,939,HL.KARP.--,HL,KARP,,GR,35.5471,27.16106,524.0,835.0,10.88,topography,A,Not analized,,,geometric_mean_as_recorded,2.0,bindi2014_rhyp,4.5,2015-01-01
169,38,-0.14435559452800795,1,939,HL.KASA.00,HL,KASA,00,GR,39.74628,19.93542,65.0,1006.0,17.27,topography,A,Not analized,,,geometric_mean_as_recorded,2.0,bindi2014_rhyp,4.5,2015-01-01
170,149,-0.4101849132848596,1,939,HL.KLNA.00,HL,KLNA,00,GR,36.95708,26.97274,28.0,530.0,3.75,topography,B,Not analized,,,geometric_mean_as_recorded,2.0,bindi2014_rhyp,4.5,2015-01-01
171,7,0.5735296727932188,1,939,HL.KOMA.00,HL,KOMA,00,GR,41.11278,25.39647,37.0,385.0,1.38,topography,B,Not analized,,,geometric_mean_as_recorded,2.0,bindi2014_rhyp,4.5,2015-01-01
172,11,0.26692665555273143,1,939,HL.KRYO.--,HL,KRYO,,GR,37.971151,22.617961,883.0,492.0,2.91,topography,B,Not analized,,,geometric_mean_as_recorded,2.0,bindi2014_rhyp,4.5,2015-01-01
173,18,-0.24086544210920202,1,939,HL.KSL.00,HL,KSL,00,GR,36.15031,29.58561,64.0,781.0,8.79,topography,B,Not analized,,,geometric_mean_as_recorded,2.0,bindi2014_rhyp,4.5,2015-01-01
174,6,-0.14113864695012646,1,939,HL.KSTE.--,HL,KSTE,,GR,35.1801,25.3372,395.0,1052.0,18.91,topography,A,Not analized,,,geometric_mean_as_recorded,2.0,bindi2014_rhyp,4.5,2015-01-01
175,31,0.21518985630880794,1,939,HL.KTHA.--,HL,KTHA,,GR,36.2566,23.0621,360.0,692.0,6.87,topography,B,Not analized,,,geometric_mean_as_recorded,2.0,bindi2014_rhyp,4.5,2015-01-01
176,22,-0.46066123345232546,1,939,HL.KVLA.00,HL,KVLA,00,GR,40.93704,24.38591,122.0,782.0,8.82,topography,B,Not analized,,,geometric_mean_as_recorded,2.0,bindi2014_rhyp,4.5,2015-01-01
177,15,0.5354570345972327,1,939,HL.LARA.00,HL,LARA,00,GR,39.63704,22.42969,75.0,390.0,1.46,topography,B,Not analized,,,geometric_mean_as_recorded,2.0,bindi2014_rhyp,4.5,2015-01-01
178,65,-0.31711685979554405,1,939,HL.LIA.00,HL,LIA,00,GR,39.89725,25.18055,67.0,471.0,2.59,topography,B,Not analized,,,geometric_mean_as_recorded,2.0,bindi2014_rhyp,4.5,2015-01-01
179,35,-0.5136020150547629,1,939,HL.LKR.--,HL,LKR,,GR,38.64957,22.998812,192.0,1074.0,19.67,topography,A,Not analized,,,geometric_mean_as_recorded,2.0,bindi2014_rhyp,4.5,2015-01-01
180,7,-0.17374191947827256,1,939,HL.LVRA.00,HL,LVRA,00,GR,37.71196,24.05518,5.0,376.0,1.25,topography,B,Not analized,,,geometric_mean_as_recorded,2.0,bindi2014_rhyp,4.5,2015-01-01
181,87,0.34227608595127224,1,939,HL.LXRA.00,HL,LXRA,00,GR,38.20006,20.43718,0.0,462.0,2.47,topography,B,Not analized,,,geometric_mean_as_recorded,2.0,bindi2014_rhyp,4.5,2015-01-01
182,72,0.3655381588515733,1,939,HL.MILA.00,HL,MILA,00,GR,36.74288,24.4282,130.0,573.0,4.69,topography,B,Not analized,,,geometric_mean_as_recorded,2.0,bindi2014_rhyp,4.5,2015-01-01
183,21,-0.016595041914461706,1,939,HL.NASA.00,HL,NASA,00,GR,40.63111,22.06706,350.0,446.0,2.24,topography,B,Not analized,,,geometric_mean_as_recorded,2.0,bindi2014_rhyp,4.5,2015-01-01
184,11,-0.07501356536631343,1,939,HL.NGRA.00,HL,NGRA,00,GR,40.90747,23.49933,68.0,321.0,0.6,topography,C,Not analized,,,geometric_mean_as_recorded,2.0,bindi2014_rhyp,4.5,2015-01-01
185,55,-0.0009874149700419554,1,939,HL.NOAC.00,HL,NOAC,00,GR,37.97384,23.71767,93.0,719.0,7.32,topography,B,Not analized,,,geometric_mean_as_recorded,2.0,bindi2014_rhyp,4.5,2015-01-01
186,14,-0.06611582143643935,1,939,HL.NOAC.02,HL,NOAC,02,GR,37.97384,23.71767,93.0,719.0,7.32,topography,B,Not analized,,,geometric_mean_as_recorded,2.0,bindi2014_rhyp,4.5,2015-01-01
187,26,-0.08888164159671508,1,939,HL.NPLA.00,HL,NPLA,00,GR,37.56561,22.79975,10.0,505.0,3.19,topography,B,Not analized,,,geometric_mean_as_recorded,2.0,bindi2014_rhyp,4.5,2015-01-01
188,13,0.2588293622813247,1,939,HL.NVR.00,HL,NVR,00,GR,41.34846,23.86517,627.0,955.0,15.37,topography,A,Not analized,,,geometric_mean_as_recorded,2.0,bindi2014_rhyp,4.5,2015-01-01
189,11,-0.37691807689678725,1,939,HL.OREA.00,HL,OREA,00,GR,40.72705,22.91452,257.0,458.0,2.42,topography,B,Not analized,,,geometric_mean_as_recorded,2.0,bindi2014_rhyp,4.5,2015-01-01
190,147,0.45096668608556545,1,939,HL.PATC.00,HL,PATC,00,GR,38.26933,21.76001,47.0,444.0,2.21,topography,B,Not analized,,,geometric_mean_as_recorded,2.0,bindi2014_rhyp,4.5,2015-01-01
191,105,0.35646190446702414,1,939,HL.PATG.00,HL,PATG,00,GR,38.23865,21.72657,1.0,315.0,0.53,topography,C,Not analized,,,geometric_mean_as_recorded,2.0,bindi2014_rhyp,4.5,2015-01-01
192,3,-0.4907287361257757,1,939,HL.PLG.--,HL,PLG,,GR,40.37328,23.44443,566.0,608.0,5.44,topography,B,Not analized,,,geometric_mean_as_recorded,2.0,bindi2014_rhyp,4.5,2015-01-01
193,26,0.011272832467671412,1,939,HL.PRGA.00,HL,PRGA,00,GR,39.28557,20.40157,15.0,728.0,7.46,topography,B,Not analized,,,geometric_mean_as_recorded,2.0,bindi2014_rhyp,4.5,2015-01-01
194,116,-0.03680483846967164,1,939,HL.PRK.--,HL,PRK,,GR,39.24565,26.26499,130.0,604.0,5.35,topography,B,Not analized,,,geometric_mean_as_recorded,2.0,bindi2014_rhyp,4.5,2015-01-01
195,91,-0.1985880021861801,1,939,HL.PSRA.00,HL,PSRA,00,GR,38.53978,25.56202,13.0,412.0,1.77,topography,B,Not analized,,,geometric_mean_as_recorded,2.0,bindi2014_rhyp,4.5,2015-01-01
196,100,0.16620442192824159,1,939,HL.RIOA.00,HL,RIOA,00,GR,38.29585,21.79118,46.0,496.0,3.0,topography,B,Not analized,,,geometric_mean_as_recorded,2.0,bindi2014_rhyp,4.5,2015-01-01
197,66,0.20918820107655606,1,939,HL.RODB.00,HL,RODB,00,GR,36.4471,28.22116,26.0,509.0,3.28,topography,B,Not analized,,,geometric_mean_as_recorded,2.0,bindi2014_rhyp,4.5,2015-01-01
198,52,0.5880582963600348,1,939,HL.SAP3.--,HL,SAP3,,GR,36.4356,25.345419,173.0,1117.0,21.2,topography,A,Not analized,,,geometric_mean_as_recorded,2.0,bindi2014_rhyp,4.5,2015-01-01
199,92,-0.05428018552533265,1,939,HL.SIVA.00,HL,SIVA,00,GR,35.01777,24.81204,96.0,706.0,7.11,topography,B,Not analized,,,geometric_mean_as_recorded,2.0,bindi2014_rhyp,4.5,2015-01-01
200,79,-0.31721906449921544,1,939,HL.SMG.00,HL,SMG,00,GR,37.70425,26.83772,348.0,451.0,2.32,topography,B,Not analized,,,geometric_mean_as_recorded,2.0,bindi2014_rhyp,4.5,2015-01-01
201,39,-0.1179994999874655,1,939,HL.SMHA.00,HL,SMHA,00,GR,38.25123,20.6477,5.0,342.0,0.82,topography,C,Not analized,,,geometric_mean_as_recorded,2.0,bindi2014_rhyp,4.5,2015-01-01
202,34,-0.43476360561614436,1,939,HL.SMTH.00,HL,SMTH,00,GR,40.47094,25.53045,365.0,1167.0,22.91,topography,A,Not analized,,,geometric_mean_as_recorded,2.0,bindi2014_rhyp,4.5,2015-01-01
203,14,0.26933223053841443,1,939,HL.SOFA.00,HL,SOFA,00,GR,39.33773,22.09691,110.0,358.0,1.01,topography,C,Not analized,,,geometric_mean_as_recorded,2.0,bindi2014_rhyp,4.5,2015-01-01
204,50,-0.6085161922529085,1,939,HL.THERA.00,HL,THERA,00,GR,36.366992,25.475263,288.0,795.0,9.35,topography,B,Not analized,,,geometric_mean_as_recorded,2.0,bindi2014_rhyp,4.5,2015-01-01
205,114,0.13978812766829818,1,939,HL.THRA.00,HL,THRA,00,GR,36.41502,25.43244,220.0,509.0,3.28,topography,B,Not analized,,,geometric_mean_as_recorded,2.0,bindi2014_rhyp,4.5,2015-01-01
206,3,0.21500246650362959,1,939,HL.THVC.--,HL,THVC,,GR,38.3191,23.3177,217.0,494.0,2.95,topography,B,Not analized,,,geometric_mean_as_recorded,2.0,bindi2014_rhyp,4.5,2015-01-01
207,107,-0.28623221122270903,1,939,HL.TNSA.00,HL,TNSA,00,GR,37.53942,25.1631,21.0,401.0,1.6,topography,B,Not analized,,,geometric_mean_as_recorded,2.0,bindi2014_rhyp,4.5,2015-01-01
208,26,-0.043673627676715565,1,939,HL.TRKA.00,HL,TRKA,00,GR,39.55381,21.76624,87.0,321.0,0.6,topography,C,Not analized,,,geometric_mean_as_recorded,2.0,bindi2014_rhyp,4.5,2015-01-01
209,14,0.5684772415598625,1,939,HL.VELA.00,HL,VELA,00,GR,37.974944,22.766063,17.0,387.0,1.41,topography,B,Not analized,,,geometric_mean_as_recorded,2.0,bindi2014_rhyp,4.5,2015-01-01
210,11,0.1737409325183067,1,939,HL.VERA.00,HL,VERA,00,GR,40.48601,22.32151,117.0,490.0,2.87,topography,B,Not analized,,,geometric_mean_as_recorded,2.0,bindi2014_rhyp,4.5,2015-01-01
211,6,-0.3423154323433246,1,939,HL.VLMS.--,HL,VLMS,,GR,37.876701,20.66293,431.0,527.0,3.68,topography,B,Not analized,,,geometric_mean_as_recorded,2.0,bindi2014_rhyp,4.5,2015-01-01
212,65,-0.03726855020714548,1,939,HL.YDRA.00,HL,YDRA,00,GR,37.34923,23.46525,33.0,544.0,4.06,topography,B,Not analized,,,geometric_mean_as_recorded,2.0,bindi2014_rhyp,4.5,2015-01-01
213,48,0.09703524791096119,1,939,HL.ZARA.00,HL,ZARA,00,GR,37.4865,21.6491,30.0,372.0,1.2,topography,B,Not analized,,,geometric_mean_as_recorded,2.0,bindi2014_rhyp,4.5,2015-01-01
214,44,-0.27875326327296035,1,939,HL.ZKR.00,HL,ZKR,00,GR,35.1147,26.21691,254.0,522.0,3.56,topography,B,Not analized,,,geometric_mean_as_recorded,2.0,bindi2014_rhyp,4.5,2015-01-01
215,22,0.2012429156846911,1,939,HP.AMT.--,HP,AMT,,GR,37.5324,21.7089,482.0,1088.0,20.18,topography,A,Not analized,,,geometric_mean_as_recorded,2.0,bindi2014_rhyp,4.5,2015-01-01
216,84,-0.17837468158691405,1,939,HP.ANX.--,HP,ANX,,GR,38.5933,21.9209,1020.0,311.0,0.49,topography,C,Not analized,,,geometric_mean_as_recorded,2.0,bindi2014_rhyp,4.5,2015-01-01
217,32,0.033473856432339355,1,939,HP.EFP.--,HP,EFP,,GR,38.4269,21.9058,107.0,1280.0,26.61,topography,A,Not analized,,,geometric_mean_as_recorded,2.0,bindi2014_rhyp,4.5,2015-01-01
218,48,-0.034791210046208554,1,939,HP.FSK.--,HP,FSK,,GR,38.4593,20.5623,113.0,688.0,6.82,topography,B,Not analized,,,geometric_mean_as_recorded,2.0,bindi2014_rhyp,4.5,2015-01-01
219,55,-0.08769936503602893,1,939,HP.GUR.--,HP,GUR,,GR,37.9363,22.3423,1087.0,1061.0,19.22,topography,A,Not analized,,,geometric_mean_as_recorded,2.0,bindi2014_rhyp,4.5,2015-01-01
220,38,-0.09407807233619814,1,939,HP.LTHK.--,HP,LTHK,,GR,37.7095,20.8367,35.0,523.0,3.59,topography,B,Not analized,,,geometric_mean_as_recorded,2.0,bindi2014_rhyp,4.5,2015-01-01
221,76,-0.14703171791940672,1,939,HP.LTK.--,HP,LTK,,GR,38.0228,22.9673,408.0,664.0,6.42,topography,B,Not analized,,,geometric_mean_as_recorded,2.0,bindi2014_rhyp,4.5,2015-01-01
222,54,-0.1260334051014732,1,939,HP.PDO.--,HP,PDO,,GR,38.5986,21.1833,227.0,492.0,2.91,topography,B,Not analized,,,geometric_mean_as_recorded,2.0,bindi2014_rhyp,4.5,2015-01-01
223,75,0.05123527214890378,1,939,HP.PVO.--,HP,PVO,,GR,38.616,21.525,184.0,1018.0,17.69,topography,A,Not analized,,,geometric_mean_as_recorded,2.0,bindi2014_rhyp,4.5,2015-01-01
224,31,-0.15376173734104592,1,939,HP.PYL.--,HP,PYL,,GR,36.8955,21.742,226.0,774.0,8.52,topography,B,Not analized,,,geometric_mean_as_recorded,2.0,bindi2014_rhyp,4.5,2015-01-01
225,78,-0.045505466999086086,1,939,HP.SERG.--,HP,SERG,,GR,38.4133,22.0566,480.0,1296.0,27.11,topography,A,Not analized,,,geometric_mean_as_recorded,2.0,bindi2014_rhyp,4.5,2015-01-01
226,51,0.36312350848138025,1,939,HP.UPR.--,HP,UPR,,GR,38.2836,21.7864,138.0,547.0,4.11,topography,B,Not analized,,,geometric_mean_as_recorded,2.0,bindi2014_rhyp,4.5,2015-01-01
227,38,-0.11407079926768027,1,939,HP.VALY.--,HP,VALY,,GR,37.1641,21.9836,24.0,465.0,2.52,topography,B,Not analized,,,geometric_mean_as_recorded,2.0,bindi2014_rhyp,4.5,2015-01-01
228,39,-0.013275157312525043,1,939,HP.VVK.--,HP,VVK,,GR,38.4222,21.8116,650.0,956.0,15.44,topography,A,Not analized,,,geometric_mean_as_recorded,2.0,bindi2014_rhyp,4.5,2015-01-01
229,4,-0.44902072799854453,1,939,HT.HMT1.00,HT,HMT1,00,GR,40.2581,24.247619,351.0,762.0,8.06,topography,B,Not analized,,,geometric_mean_as_recorded,2.0,bindi2014_rhyp,4.5,2015-01-01
230,5,-0.1342135208862414,1,939,HT.LES3.--,HT,LES3,,GR,39.303248,26.180664,218.0,538.0,3.93,topography,B,Not analized,,,geometric_mean_as_recorded,2.0,bindi2014_rhyp,4.5,2015-01-01
338,4,-0.25267642551125236,1,939,IU.ANTO.20,IU,ANTO,20,TR,39.8681,32.79356,1080.0,467.0,4.42,topography,B,Not analized,,,geometric_mean_as_recorded,2.0,bindi2014_rhyp,4.5,2015-01-01
379,12,-0.04934697959468759,1,939,KF.CKWP.00,KF,CKWP,00,GR,38.166171,20.510214,71.0,861.0,11.87,topography,A,Not analized,,,geometric_mean_as_recorded,2.0,bindi2014_rhyp,4.5,2015-01-01
380,68,-0.14496973224408038,1,939,KO.AKS.--,KO,AKS,,TR,38.8785,27.8129,385.0,534.0,6.7,topography,B,Not analized,,,geometric_mean_as_recorded,2.0,bindi2014_rhyp,4.5,2015-01-01
381,4,-0.33397019666903716,1,939,KO.ALAN.--,KO,ALAN,,TR,36.557,32.0327,215.0,688.0,11.94,topography,B,Not analized,,,geometric_mean_as_recorded,2.0,bindi2014_rhyp,4.5,2015-01-01
382,28,-0.2878900357459909,1,939,KO.ALT.--,KO,ALT,,TR,39.0541,30.1104,1060.0,448.0,3.96,topography,B,Not analized,,,geometric_mean_as_recorded,2.0,bindi2014_rhyp,4.5,2015-01-01
383,17,-0.026053963209651254,1,939,KO.ARMT.--,KO,ARMT,,TR,40.5683,28.866,320.0,620.0,9.98,topography,B,Not analized,,,geometric_mean_as_recorded,2.0,bindi2014_rhyp,4.5,2015-01-01
384,3,-0.2772381602023315,1,939,KO.ARMU.--,KO,ARMU,,TR,40.5088,28.838,1.0,397.0,2.71,topography,B,Not analized,,,geometric_mean_as_recorded,2.0,bindi2014_rhyp,4.5,2015-01-01
385,23,0.3792140623679607,1,939,KO.ARPRA.--,KO,ARPRA,,TR,39.0929,38.3356,1522.0,784.0,15.64,topography,B,Not analized,,,geometric_mean_as_recorded,2.0,bindi2014_rhyp,4.5,2015-01-01
386,16,0.44951817929199833,1,939,KO.AVCI.--,KO,AVCI,,TR,40.9958,28.7225,90.0,409.0,3.02,topography,B,Not analized,,,geometric_mean_as_recorded,2.0,bindi2014_rhyp,4.5,2015-01-01
387,21,-0.06040241965226523,1,939,KO.BALB.--,KO,BALB,,TR,39.6507,27.8642,266.0,710.0,12.57,topography,B,Not analized,,,geometric_mean_as_recorded,2.0,bindi2014_rhyp,4.5,2015-01-01
388,40,0.14189168358502735,1,939,KO.BASM.--,KO,BASM,,TR,37.9194,30.035,897.0,428.0,3.46,topography,B,Not analized,,,geometric_mean_as_recorded,2.0,bindi2014_rhyp,4.5,2015-01-01
389,47,0.15636125343753482,1,939,KO.BIGA.--,KO,BIGA,,TR,40.28134,27.15048,60.0,397.0,2.72,topography,B,Not analized,,,geometric_mean_as_recorded,2.0,bindi2014_rhyp,4.5,2015-01-01
390,35,0.036023376294393006,1,939,KO.BMYO.--,KO,BMYO,,TR,39.8098,26.6009,121.0,334.0,1.29,topography,C,Not analized,,,geometric_mean_as_recorded,2.0,bindi2014_rhyp,4.5,2015-01-01
391,19,-0.6667008175716289,1,939,KO.BODA.--,KO,BODA,,TR,37.0348,27.4304,11.0,322.0,1.07,topography,C,Not analized,,,geometric_mean_as_recorded,2.0,bindi2014_rhyp,4.5,2015-01-01
392,24,0.09305043034250693,1,939,KO.BOTS.--,KO,BOTS,,TR,40.9902,27.981,30.0,503.0,5.52,topography,B,Not analized,,,geometric_mean_as_recorded,2.0,bindi2014_rhyp,4.5,2015-01-01
393,7,-0.2698637817746744,1,939,KO.BOZY.--,KO,BOZY,,TR,36.1069,32.9763,9.0,304.0,0.7,topography,C,Not analized,,,geometric_mean_as_recorded,2.0,bindi2014_rhyp,4.5,2015-01-01
394,20,0.013443354027906862,1,939,KO.BRGA.--,KO,BRGA,,TR,40.8846,29.065,67.0,640.0,10.58,topography,B,Not analized,,,geometric_mean_as_recorded,2.0,bindi2014_rhyp,4.5,2015-01-01
395,6,0.002483603484285113,1,939,KO.BUYA.--,KO,BUYA,,TR,40.8694,29.1278,40.0,513.0,5.89,topography,B,Not analized,,,geometric_mean_as_recorded,2.0,bindi2014_rhyp,4.5,2015-01-01
396,58,-0.10328184304416166,1,939,KO.CAME.--,KO,CAME,,TR,36.9435,29.3023,1391.0,506.0,5.6,topography,B,Not analized,,,geometric_mean_as_recorded,2.0,bindi2014_rhyp,4.5,2015-01-01
397,54,0.1652363075255605,1,939,KO.CANM.--,KO,CANM,,TR,40.0113,27.0529,180.0,555.0,7.52,topography,B,Not analized,,,geometric_mean_as_recorded,2.0,bindi2014_rhyp,4.5,2015-01-01
398,17,-0.19913890544297197,1,939,KO.CESE.--,KO,CESE,,TR,38.3306,26.2997,95.0,384.0,2.39,topography,B,Not analized,,,geometric_mean_as_recorded,2.0,bindi2014_rhyp,4.5,2015-01-01
399,25,-0.10858874590210454,1,939,KO.CMRD.--,KO,CMRD,,TR,37.6623,34.9902,1234.0,476.0,4.66,topography,B,Not analized,,,geometric_mean_as_recorded,2.0,bindi2014_rhyp,4.5,2015-01-01
400,21,0.6647711841885878,1,939,KO.CRLU.--,KO,CRLU,,TR,41.1428,27.8215,126.0,366.0,1.94,topography,B,Not analized,,,geometric_mean_as_recorded,2.0,bindi2014_rhyp,4.5,2015-01-01
401,11,-0.11184427196208391,1,939,KO.CTYL.--,KO,CTYL,,TR,41.476,28.2897,77.0,580.0,8.45,topography,B,Not analized,,,geometric_mean_as_recorded,2.0,bindi2014_rhyp,4.5,2015-01-01
402,23,0.6137505789138386,1,939,KO.DATC.--,KO,DATC,,TR,36.7584,27.6602,94.0,478.0,4.71,topography,B,Not analized,,,geometric_mean_as_recorded,2.0,bindi2014_rhyp,4.5,2015-01-01
403,4,-0.06183550636941315,1,939,KO.DEMR.--,KO,DEMR,,TR,36.2365,29.9056,168.0,797.0,16.59,topography,B,Not analized,,,geometric_mean_as_recorded,2.0,bindi2014_rhyp,4.5,2015-01-01
404,20,0.2442056793840861,1,939,KO.DIDI.--,KO,DIDI,,TR,37.3767,27.2398,75.0,438.0,3.73,topography,B,Not analized,,,geometric_mean_as_recorded,2.0,bindi2014_rhyp,4.5,2015-01-01
405,7,0.4273858773804937,1,939,KO.DOGC.--,KO,DOGC,,TR,41.3949,26.9852,81.0,460.0,4.26,topography,B,Not analized,,,geometric_mean_as_recorded,2.0,bindi2014_rhyp,4.5,2015-01-01
406,48,-0.08952586560637488,1,939,KO.DST.--,KO,DST,,TR,39.6041,28.6267,693.0,399.0,2.75,topography,B,Not analized,,,geometric_mean_as_recorded,2.0,bindi2014_rhyp,4.5,2015-01-01
407,11,-0.10889949110269692,1,939,KO.EDC.--,KO,EDC,,TR,40.3465,27.8618,257.0,670.0,11.41,topography,B,Not analized,,,geometric_mean_as_recorded,2.0,bindi2014_rhyp,4.5,2015-01-01
408,22,0.40758679801590036,1,939,KO.ENZZ.--,KO,ENZZ,,TR,40.607,26.1406,11.0,280.0,0.49,topography,C,Not analized,,,geometric_mean_as_recorded,2.0,bindi2014_rhyp,4.5,2015-01-01
409,5,0.4930096470880584,1,939,KO.ERBG.--,KO,ERBG,,TR,40.712,36.6768,510.0,755.0,13.85,topography,B,Not analized,,,geometric_mean_as_recorded,2.0,bindi2014_rhyp,4.5,2015-01-01
410,20,0.00596875642022443,1,939,KO.ESKT.--,KO,ESKT,,TR,39.5212,30.8492,1295.0,512.0,5.86,topography,B,Not analized,,,geometric_mean_as_recorded,2.0,bindi2014_rhyp,4.5,2015-01-01
411,66,-0.04387546095244277,1,939,KO.EZNE.--,KO,EZNE,,TR,39.756,26.3655,75.0,404.0,2.89,topography,B,Not analized,,,geometric_mean_as_recorded,2.0,bindi2014_rhyp,4.5,2015-01-01
412,7,0.010833699255310858,1,939,KO.FETI.--,KO,FETI,,TR,36.6903,29.096,24.0,514.0,5.94,topography,B,Not analized,,,geometric_mean_as_recorded,2.0,bindi2014_rhyp,4.5,2015-01-01
413,68,-0.07914302929425487,1,939,KO.FOCM.--,KO,FOCM,,TR,38.7131,26.7309,34.0,461.0,4.28,topography,B,Not analized,,,geometric_mean_as_recorded,2.0,bindi2014_rhyp,4.5,2015-01-01
414,5,-0.08517702483122258,1,939,KO.GEMS.--,KO,GEMS,,TR,40.4231,29.1526,1.0,321.0,1.05,topography,C,Not analized,,,geometric_mean_as_recorded,2.0,bindi2014_rhyp,4.5,2015-01-01
415,90,-0.10885248581331208,1,939,KO.GMLD.--,KO,GMLD,,TR,38.0766,26.9157,10.0,246.0,0.26,topography,C,Not analized,,,geometric_mean_as_recorded,2.0,bindi2014_rhyp,4.5,2015-01-01
416,7,0.15610370763125636,1,939,KO.GOKC.--,KO,GOKC,,TR,40.1998,25.9183,123.0,521.0,6.21,topography,B,Not analized,,,geometric_mean_as_recorded,2.0,bindi2014_rhyp,4.5,2015-01-01
417,92,-0.23050711030210136,1,939,KO.GOMA.--,KO,GOMA,,TR,38.7077,27.9175,110.0,493.0,5.1,topography,B,Not analized,,,geometric_mean_as_recorded,2.0,bindi2014_rhyp,4.5,2015-01-01
418,73,0.24566918016634126,1,939,KO.GONE.--,KO,GONE,,TR,40.0466,27.686,143.0,647.0,10.78,topography,B,Not analized,,,geometric_mean_as_recorded,2.0,bindi2014_rhyp,4.5,2015-01-01
419,58,0.161842201987913,1,939,KO.GORD.--,KO,GORD,,TR,38.9088,28.1769,744.0,681.0,11.76,topography,B,Not analized,,,geometric_mean_as_recorded,2.0,bindi2014_rhyp,4.5,2015-01-01
420,25,0.13150713263541658,1,939,KO.GPA.--,KO,GPA,,TR,40.2911,30.3171,570.0,705.0,12.42,topography,B,Not analized,,,geometric_mean_as_recorded,2.0,bindi2014_rhyp,4.5,2015-01-01
421,30,0.1114716684776923,1,939,KO.GPNR.--,KO,GPNR,,TR,39.456,26.1331,55.0,488.0,4.96,topography,B,Not analized,,,geometric_mean_as_recorded,2.0,bindi2014_rhyp,4.5,2015-01-01
422,7,-0.007717987371059221,1,939,KO.GUMT.--,KO,GUMT,,TR,40.4665,39.478,1326.0,882.0,22.44,topography,A,Not analized,,,geometric_mean_as_recorded,2.0,bindi2014_rhyp,4.5,2015-01-01
423,3,0.1511383570318604,1,939,KO.HPSA.--,KO,HPSA,,TR,41.0109,29.0072,1.0,363.0,1.87,topography,B,Not analized,,,geometric_mean_as_recorded,2.0,bindi2014_rhyp,4.5,2015-01-01
424,3,0.4785302228988445,1,939,KO.HVHR.--,KO,HVHR,,TR,40.9699,28.8445,22.0,413.0,3.11,topography,B,Not analized,,,geometric_mean_as_recorded,2.0,bindi2014_rhyp,4.5,2015-01-01
425,6,-0.16196016530058255,1,939,KO.HYBA.--,KO,HYBA,,TR,40.8748,29.0861,65.0,407.0,2.96,topography,B,Not analized,,,geometric_mean_as_recorded,2.0,bindi2014_rhyp,4.5,2015-01-01
426,4,0.29570983050281907,1,939,KO.IMRL.--,KO,IMRL,,TR,40.5554,28.527,1.0,480.0,4.76,topography,B,Not analized,,,geometric_mean_as_recorded,2.0,bindi2014_rhyp,4.5,2015-01-01
427,28,0.013823088289443564,1,939,KO.IZI.--,KO,IZI,,TR,40.3483,29.4612,910.0,567.0,7.98,topography,B,Not analized,,,geometric_mean_as_recorded,2.0,bindi2014_rhyp,4.5,2015-01-01
428,31,-0.09875070901668703,1,939,KO.KAVV.--,KO,KAVV,,TR,41.0638,29.06,138.0,456.0,4.17,topography,B,Not analized,,,geometric_mean_as_recorded,2.0,bindi2014_rhyp,4.5,2015-01-01
429,27,-0.03241322037897443,1,939,KO.KCTX.--,KO,KCTX,,TR,40.2626,28.3353,445.0,377.0,2.23,topography,B,Not analized,,,geometric_mean_as_recorded,2.0,bindi2014_rhyp,4.5,2015-01-01
430,4,-0.4221627490498483,1,939,KO.KEMT.--,KO,KEMT,,TR,36.6037,30.5558,0.0,305.0,0.73,topography,C,Not analized,,,geometric_mean_as_recorded,2.0,bindi2014_rhyp,4.5,2015-01-01
431,31,-0.4454052592817659,1,939,KO.KHL.--,KO,KHL,,TR,38.3231,29.5286,1003.0,525.0,6.35,topography,B,Not analized,,,geometric_mean_as_recorded,2.0,bindi2014_rhyp,4.5,2015-01-01
432,16,0.10363518508991643,1,939,KO.KHMN.--,KO,KHMN,,TR,37.3916,37.1574,640.0,587.0,8.73,topography,B,Not analized,,,geometric_mean_as_recorded,2.0,bindi2014_rhyp,4.5,2015-01-01
433,9,0.07207565414259565,1,939,KO.KMON.--,KO,KMON,,TR,41.3738,33.7839,936.0,755.0,13.86,topography,B,Not analized,,,geometric_mean_as_recorded,2.0,bindi2014_rhyp,4.5,2015-01-01
434,23,0.3333181488563549,1,939,KO.KOZK.--,KO,KOZK,,TR,39.2101,34.868,1134.0,492.0,5.08,topography,B,Not analized,,,geometric_mean_as_recorded,2.0,bindi2014_rhyp,4.5,2015-01-01
435,28,-0.1347245613162349,1,939,KO.KRBG.--,KO,KRBG,,TR,40.3932,27.2977,79.0,553.0,7.42,topography,B,Not analized,,,geometric_mean_as_recorded,2.0,bindi2014_rhyp,4.5,2015-01-01
436,38,0.33798607880773895,1,939,KO.KRBN.--,KO,KRBN,,TR,38.5936,26.5537,135.0,467.0,4.44,topography,B,Not analized,,,geometric_mean_as_recorded,2.0,bindi2014_rhyp,4.5,2015-01-01
437,10,0.00021285207505694625,1,939,KO.KRMN.--,KO,KRMN,,TR,37.174,33.2636,1068.0,447.0,3.95,topography,B,Not analized,,,geometric_mean_as_recorded,2.0,bindi2014_rhyp,4.5,2015-01-01
438,17,-0.5137453649033836,1,939,KO.KRTL.--,KO,KRTL,,TR,40.9089,29.1987,83.0,345.0,1.5,topography,C,Not analized,,,geometric_mean_as_recorded,2.0,bindi2014_rhyp,4.5,2015-01-01
439,8,0.16580535421866216,1,939,KO.KRTS.--,KO,KRTS,,TR,36.573,35.375,53.0,411.0,3.05,topography,B,Not analized,,,geometric_mean_as_recorded,2.0,bindi2014_rhyp,4.5,2015-01-01
440,14,0.0719307110026689,1,939,KO.KUMB.--,KO,KUMB,,TR,40.8626,27.4592,25.0,599.0,9.18,topography,B,Not analized,,,geometric_mean_as_recorded,2.0,bindi2014_rhyp,4.5,2015-01-01
441,48,-0.13453139900664923,1,939,KO.KUSD.--,KO,KUSD,,TR,37.8606,27.2868,323.0,477.0,4.68,topography,B,Not analized,,,geometric_mean_as_recorded,2.0,bindi2014_rhyp,4.5,2015-01-01
442,16,0.2258088998786818,1,939,KO.KYHL.--,KO,KYHL,,TR,40.3244,37.8955,1568.0,693.0,12.09,topography,B,Not analized,,,geometric_mean_as_recorded,2.0,bindi2014_rhyp,4.5,2015-01-01
443,29,0.22047938463125266,1,939,KO.LAPK.--,KO,LAPK,,TR,40.3151,26.6425,2.0,345.0,1.51,topography,C,Not analized,,,geometric_mean_as_recorded,2.0,bindi2014_rhyp,4.5,2015-01-01
444,22,-0.14358773286461235,1,939,KO.MAEG.--,KO,MAEG,,TR,40.9653,27.9448,2.0,332.0,1.25,topography,C,Not analized,,,geometric_mean_as_recorded,2.0,bindi2014_rhyp,4.5,2015-01-01
445,24,0.12958258389774702,1,939,KO.MDNY.--,KO,MDNY,,TR,40.3709,28.8846,116.0,769.0,14.64,topography,B,Not analized,,,geometric_mean_as_recorded,2.0,bindi2014_rhyp,4.5,2015-01-01
446,5,0.16400526870169363,1,939,KO.MNVG.--,KO,MNVG,,TR,36.7935,31.4161,24.0,426.0,3.43,topography,B,Not analized,,,geometric_mean_as_recorded,2.0,bindi2014_rhyp,4.5,2015-01-01
447,7,0.40241582226560024,1,939,KO.MRSB.--,KO,MRSB,,TR,36.7161,28.1969,402.0,848.0,20.09,topography,A,Not analized,,,geometric_mean_as_recorded,2.0,bindi2014_rhyp,4.5,2015-01-01
448,73,0.03170922173112445,1,939,KO.NAZL.--,KO,NAZL,,TR,37.9641,28.2922,510.0,633.0,10.36,topography,B,Not analized,,,geometric_mean_as_recorded,2.0,bindi2014_rhyp,4.5,2015-01-01
449,42,0.06065082501496111,1,939,KO.ODEM.--,KO,ODEM,,TR,38.2762,28.0747,797.0,817.0,17.95,topography,A,Not analized,,,geometric_mean_as_recorded,2.0,bindi2014_rhyp,4.5,2015-01-01
450,54,0.21147236497496252,1,939,KO.ORLT.--,KO,ORLT,,TR,40.0452,28.8914,650.0,753.0,13.79,topography,B,Not analized,,,geometric_mean_as_recorded,2.0,bindi2014_rhyp,4.5,2015-01-01
451,23,-0.030988903733994655,1,939,KO.OSMT.--,KO,OSMT,,TR,40.6009,29.7,798.0,558.0,7.62,topography,B,Not analized,,,geometric_mean_as_recorded,2.0,bindi2014_rhyp,4.5,2015-01-01
452,5,-0.02163185858935035,1,939,KO.RFHY.--,KO,RFHY,,TR,39.927,38.833,1851.0,537.0,6.8,topography,B,Not analized,,,geometric_mean_as_recorded,2.0,bindi2014_rhyp,4.5,2015-01-01
453,5,-0.04764906043984629,1,939,KO.SAFT.--,KO,SAFT,,TR,41.2398,32.6871,406.0,580.0,8.45,topography,B,Not analized,,,geometric_mean_as_recorded,2.0,bindi2014_rhyp,4.5,2015-01-01
454,11,0.25537100396335083,1,939,KO.SAUV.--,KO,SAUV,,TR,40.7401,30.3271,170.0,549.0,7.28,topography,B,Not analized,,,geometric_mean_as_recorded,2.0,bindi2014_rhyp,4.5,2015-01-01
455,13,-0.07461516135537305,1,939,KO.SEYD.--,KO,SEYD,,TR,37.4056,31.8379,1160.0,492.0,5.07,topography,B,Not analized,,,geometric_mean_as_recorded,2.0,bindi2014_rhyp,4.5,2015-01-01
456,49,-0.10707609528078044,1,939,KO.SHAP.--,KO,SHAP,,TR,39.0231,29.222,1050.0,710.0,12.58,topography,B,Not analized,,,geometric_mean_as_recorded,2.0,bindi2014_rhyp,4.5,2015-01-01
457,15,0.3760482450835293,1,939,KO.SINB.--,KO,SINB,,TR,40.9998,28.5392,59.0,383.0,2.36,topography,B,Not analized,,,geometric_mean_as_recorded,2.0,bindi2014_rhyp,4.5,2015-01-01
458,6,-0.004370363982114656,1,939,KO.SLFK.--,KO,SLFK,,TR,36.3925,33.9464,54.0,522.0,6.23,topography,B,Not analized,,,geometric_mean_as_recorded,2.0,bindi2014_rhyp,4.5,2015-01-01
459,14,0.28612191893415995,1,939,KO.SLVT.--,KO,SLVT,,TR,41.2288,28.2098,180.0,507.0,5.66,topography,B,Not analized,,,geometric_mean_as_recorded,2.0,bindi2014_rhyp,4.5,2015-01-01
460,66,0.3839920817863249,1,939,KO.SMAA.--,KO,SMAA,,TR,39.1005,28.9805,804.0,293.0,0.58,topography,C,Not analized,,,geometric_mean_as_recorded,2.0,bindi2014_rhyp,4.5,2015-01-01
461,68,0.04284924717148342,1,939,KO.SOMA.--,KO,SOMA,,TR,39.1564,27.5341,243.0,714.0,12.69,topography,B,Not analized,,,geometric_mean_as_recorded,2.0,bindi2014_rhyp,4.5,2015-01-01
462,49,-0.19850422950934277,1,939,KO.SUSR.--,KO,SUSR,,TR,39.9627,28.0835,359.0,578.0,8.38,topography,B,Not analized,,,geometric_mean_as_recorded,2.0,bindi2014_rhyp,4.5,2015-01-01
463,18,0.33638378799672314,1,939,KO.TEKI.--,KO,TEKI,,TR,40.9862,27.5374,126.0,441.0,3.8,topography,B,Not analized,,,geometric_mean_as_recorded,2.0,bindi2014_rhyp,4.5,2015-01-01
464,13,0.38553207767466385,1,939,KO.TKR.--,KO,TKR,,TR,40.9893,27.5351,140.0,407.0,2.95,topography,B,Not analized,,,geometric_mean_as_recorded,2.0,bindi2014_rhyp,4.5,2015-01-01
465,10,-0.06959644261464515,1,939,KO.TOS.--,KO,TOS,,TR,41.0362,34.0226,1046.0,543.0,7.03,topography,B,Not analized,,,geometric_mean_as_recorded,2.0,bindi2014_rhyp,4.5,2015-01-01
466,24,0.154714529889304,1,939,KO.TUNC.--,KO,TUNC,,TR,39.6942,37.5388,1489.0,331.0,1.23,topography,C,Not analized,,,geometric_mean_as_recorded,2.0,bindi2014_rhyp,4.5,2015-01-01
467,10,-0.536200861018683,1,939,KO.TUZL.--,KO,TUZL,,TR,40.8128,29.2657,12.0,278.0,0.48,topography,C,Not analized,,,geometric_mean_as_recorded,2.0,bindi2014_rhyp,4.5,2015-01-01
468,43,0.5606332391242217,1,939,KO.UKOP.--,KO,UKOP,,TR,41.1288,26.6323,70.0,380.0,2.28,topography,B,Not analized,,,geometric_mean_as_recorded,2.0,bindi2014_rhyp,4.5,2015-01-01
469,51,0.1222836739033688,1,939,KO.YENI.--,KO,YENI,,TR,39.9364,27.24216,278.0,362.0,1.85,topography,B,Not analized,,,geometric_mean_as_recorded,2.0,bindi2014_rhyp,4.5,2015-01-01
470,82,-0.13868511050664978,1,939,KO.YKAV.--,KO,YKAV,,TR,37.1246,27.2801,115.0,652.0,10.91,topography,B,Not analized,,,geometric_mean_as_recorded,2.0,bindi2014_rhyp,4.5,2015-01-01
471,13,0.45471658932461967,1,939,KO.YKBL.--,KO,YKBL,,TR,40.9908,28.6678,139.0,413.0,3.11,topography,B,Not analized,,,geometric_mean_as_recorded,2.0,bindi2014_rhyp,4.5,2015-01-01
472,14,0.38592899227092986,1,939,KO.YUVA.--,KO,YUVA,,TR,40.391,31.6872,1163.0,430.0,3.52,topography,B,Not analized,,,geometric_mean_as_recorded,2.0,bindi2014_rhyp,4.5,2015-01-01
473,6,-0.3516329317178326,1,939,ME.CEVME.00,ME,CEVME,00,ME,42.546741,18.917674,768.0,597.0,5.21,topography,B,Not analized,,,geometric_mean_as_recorded,2.0,bindi2014_rhyp,4.5,2015-01-01
474,5,-0.08586872562501247,1,939,ME.DAGME.00,ME,DAGME,00,ME,42.5684,19.0677,272.0,684.0,6.75,topography,B,Not analized,,,geometric_mean_as_recorded,2.0,bindi2014_rhyp,4.5,2015-01-01
475,8,-0.1783068565168624,1,939,ME.KOLME.00,ME,KOLME,00,ME,42.8505,19.5152,952.0,965.0,15.75,topography,A,Not analized,,,geometric_mean_as_recorded,2.0,bindi2014_rhyp,4.5,2015-01-01
476,4,-0.06507104230208283,1,939,ME.PLAV0.00,ME,PLAV0,00,ME,42.594478,19.958714,1274.0,1048.0,18.76,topography,A,Not analized,,,geometric_mean_as_recorded,2.0,bindi2014_rhyp,4.5,2015-01-01
477,3,-0.6941936545530956,1,939,RO.ARR.--,RO,ARR,,RO,45.3657,24.6332,924.0,780.0,8.75,topography,B,Not analized,,,geometric_mean_as_recorded,2.0,bindi2014_rhyp,4.5,2015-01-01
478,3,0.7329091659669008,1,939,RO.BAIL.--,RO,BAIL,,RO,44.0201,23.345,100.0,358.0,1.01,topography,C,Not analized,,,geometric_mean_as_recorded,2.0,bindi2014_rhyp,4.5,2015-01-01
479,3,0.1690443530165222,1,939,RO.BMR.--,RO,BMR,,RO,47.6728,23.4969,227.0,770.0,8.38,topography,B,Not analized,,,geometric_mean_as_recorded,2.0,bindi2014_rhyp,4.5,2015-01-01
480,4,-0.028343265477043245,1,939,RO.BORR.--,RO,BORR,,RO,47.0902,21.7856,190.0,299.0,0.36,topography,C,Not analized,,,geometric_mean_as_recorded,2.0,bindi2014_rhyp,4.5,2015-01-01
481,4,-0.48249114452488384,1,939,RO.BZS.--,RO,BZS,,RO,45.6188,21.6401,260.0,778.0,8.68,topography,B,Not analized,,,geometric_mean_as_recorded,2.0,bindi2014_rhyp,4.5,2015-01-01
482,3,-0.04807984552968625,1,939,RO.CBBR.--,RO,CBBR,,RO,46.7683,23.5501,336.0,363.0,1.07,topography,B,Not analized,,,geometric_mean_as_recorded,2.0,bindi2014_rhyp,4.5,2015-01-01
483,4,0.25796278571801057,1,939,RO.CJR.--,RO,CJR,,RO,46.7133,23.5981,750.0,656.0,6.3,topography,B,Not analized,,,geometric_mean_as_recorded,2.0,bindi2014_rhyp,4.5,2015-01-01
484,4,0.07856962260525446,1,939,RO.COPA.--,RO,COPA,,RO,44.1343,25.2172,114.0,364.0,1.08,topography,B,Not analized,,,geometric_mean_as_recorded,2.0,bindi2014_rhyp,4.5,2015-01-01
485,3,0.17352834185924226,1,939,RO.CRBR.--,RO,CRBR,,RO,45.4108,22.2383,284.0,364.0,1.08,topography,B,Not analized,,,geometric_mean_as_recorded,2.0,bindi2014_rhyp,4.5,2015-01-01
486,4,-0.33117534827950657,1,939,RO.DEV.--,RO,DEV,,RO,45.887,22.898,249.0,1041.0,18.53,topography,A,Not analized,,,geometric_mean_as_recorded,2.0,bindi2014_rhyp,4.5,2015-01-01
487,4,-0.660032323554312,1,939,RO.DRGR.--,RO,DRGR,,RO,46.7917,22.7111,923.0,1091.0,20.28,topography,A,Not analized,,,geometric_mean_as_recorded,2.0,bindi2014_rhyp,4.5,2015-01-01
488,4,-0.13338962313421743,1,939,RO.GZR.--,RO,GZR,,RO,45.3933,22.7767,850.0,1481.0,32.61,topography,A,Not analized,,,geometric_mean_as_recorded,2.0,bindi2014_rhyp,4.5,2015-01-01
489,4,-0.09374437673529268,1,939,RO.HERR.--,RO,HERR,,RO,44.881,22.416,246.0,975.0,16.14,topography,A,Not analized,,,geometric_mean_as_recorded,2.0,bindi2014_rhyp,4.5,2015-01-01
490,3,-0.2815546731262357,1,939,RO.HUMR.--,RO,HUMR,,RO,44.5281,24.9804,247.0,340.0,0.8,topography,C,Not analized,,,geometric_mean_as_recorded,2.0,bindi2014_rhyp,4.5,2015-01-01
491,4,-0.4856726754492531,1,939,RO.LOT.--,RO,LOT,,RO,45.446,23.7698,1361.0,1275.0,26.44,topography,A,Not analized,,,geometric_mean_as_recorded,2.0,bindi2014_rhyp,4.5,2015-01-01
492,4,-0.22953652934138546,1,939,RO.MARR.--,RO,MARR,,RO,46.676,23.1189,1135.0,555.0,4.28,topography,B,Not analized,,,geometric_mean_as_recorded,2.0,bindi2014_rhyp,4.5,2015-01-01
493,3,-0.0645065114783333,1,939,RO.MDB.--,RO,MDB,,RO,46.1497,24.3765,423.0,828.0,10.62,topography,A,Not analized,,,geometric_mean_as_recorded,2.0,bindi2014_rhyp,4.5,2015-01-01
494,4,-0.45042324885446616,1,939,RO.MDVR.--,RO,MDVR,,RO,44.7815,21.7128,720.0,539.0,3.94,topography,B,Not analized,,,geometric_mean_as_recorded,2.0,bindi2014_rhyp,4.5,2015-01-01
495,4,0.1340436701374338,1,939,RO.MESR.--,RO,MESR,,RO,47.1499,22.9494,306.0,325.0,0.64,topography,C,Not analized,,,geometric_mean_as_recorded,2.0,bindi2014_rhyp,4.5,2015-01-01
496,4,0.29124434944214633,1,939,RO.MHISU.--,RO,MHISU,,RO,44.6227,22.6535,102.0,688.0,6.82,topography,B,Not analized,,,geometric_mean_as_recorded,2.0,bindi2014_rhyp,4.5,2015-01-01
497,3,-0.21597540591178688,1,939,RO.MLR.--,RO,MLR,,RO,45.4909,25.945,1392.0,1360.0,29.09,topography,A,Not analized,,,geometric_mean_as_recorded,2.0,bindi2014_rhyp,4.5,2015-01-01
498,3,0.05296007131517533,1,939,RO.MTUR.--,RO,MTUR,,RO,45.2349,25.0739,1083.0,379.0,1.29,topography,B,Not analized,,,geometric_mean_as_recorded,2.0,bindi2014_rhyp,4.5,2015-01-01
499,3,-0.3313847201151039,1,939,RO.OTISU.--,RO,OTISU,,RO,44.4278,24.3755,210.0,349.0,0.91,topography,C,Not analized,,,geometric_mean_as_recorded,2.0,bindi2014_rhyp,4.5,2015-01-01
500,3,-0.41017804618910536,1,939,RO.PLOR.--,RO,PLOR,,RO,45.8512,26.6498,680.0,608.0,5.44,topography,B,Not analized,,,geometric_mean_as_recorded,2.0,bindi2014_rhyp,4.5,2015-01-01
501,3,-0.40543436997581983,1,939,RO.PLOR4.--,RO,PLOR4,,RO,45.8512,26.6498,680.0,608.0,5.44,topography,B,Not analized,,,geometric_mean_as_recorded,2.0,bindi2014_rhyp,4.5,2015-01-01
502,4,0.24680872884844612,1,939,RO.RMGR.--,RO,RMGR,,RO,44.6627,22.6922,119.0,371.0,1.19,topography,B,Not analized,,,geometric_mean_as_recorded,2.0,bindi2014_rhyp,4.5,2015-01-01
503,3,0.25348495832929935,1,939,RO.SRE.--,RO,SRE,,RO,44.6609,23.2038,386.0,407.0,1.69,topography,B,Not analized,,,geometric_mean_as_recorded,2.0,bindi2014_rhyp,4.5,2015-01-01
504,3,0.02097342832732807,1,939,RO.SULR.--,RO,SULR,,RO,44.6777,26.2526,129.0,369.0,1.16,topography,B,Not analized,,,geometric_mean_as_recorded,2.0,bindi2014_rhyp,4.5,2015-01-01
505,4,-0.4604549969348892,1,939,RO.SURR.--,RO,SURR,,RO,45.754,22.1246,239.0,937.0,14.73,topography,A,Not analized,,,geometric_mean_as_recorded,2.0,bindi2014_rhyp,4.5,2015-01-01
506,3,0.10436243958307634,1,939,RO.TRISU.--,RO,TRISU,,RO,43.9719,25.3296,870.0,375.0,1.24,topography,B,Not analized,,,geometric_mean_as_recorded,2.0,bindi2014_rhyp,4.5,2015-01-01
507,3,0.22357491790168887,1,939,RO.VLAD.--,RO,VLAD,,RO,43.9986,24.4038,138.0,503.0,3.15,topography,B,Not analized,,,geometric_mean_as_recorded,2.0,bindi2014_rhyp,4.5,2015-01-01
1,4,0.14820823030845326,0,234,3A.MZ01.--,3A,MZ01,,IT,42.671575,13.270813,859.0,432.0,2.99,vs_profile,B,NO,,,geometric_mean_as_recorded,3.0,bindi2014_rhyp,4.5,2015-01-01
2,4,0.04547269856185156,0,234,3A.MZ04.--,3A,MZ04,,IT,42.673895,13.29381,978.0,355.0,7.13,vs_profile,C,NO,,,geometric_mean_as_recorded,3.0,bindi2014_rhyp,4.5,2015-01-01
3,5,0.014507430511723596,0,234,3A.MZ08.--,3A,MZ08,,IT,42.63254,13.286562,897.0,670.0,2.62,vs_profile,B,NO,,,geometric_mean_as_recorded,3.0,bindi2014_rhyp,4.5,2015-01-01
4,4,0.1317439950854933,0,234,3A.MZ10.--,3A,MZ10,,IT,42.625117,13.29985,979.0,590.0,3.62,vs_profile,B,NO,,,geometric_mean_as_recorded,3.0,bindi2014_rhyp,4.5,2015-01-01
5,4,0.23683787368834858,0,234,3A.MZ12.--,3A,MZ12,,IT,42.628018,13.29179,958.0,500.0,2.08,vs_profile,B,NO,,,geometric_mean_as_recorded,3.0,bindi2014_rhyp,4.5,2015-01-01
6,4,0.05422236435234863,0,234,3A.MZ21.--,3A,MZ21,,IT,42.651632,13.267547,1046.0,541.0,16.03,vs_profile,B,NO,,,geometric_mean_as_recorded,3.0,bindi2014_rhyp,4.5,2015-01-01
7,6,-0.04566997649957061,0,234,3A.MZ24.--,3A,MZ24,,IT,42.655239,13.288519,912.0,348.0,2.67,vs_profile,C,NO,,,geometric_mean_as_recorded,3.0,bindi2014_rhyp,4.5,2015-01-01
8,5,-0.030790473954453113,0,234,3A.MZ26.--,3A,MZ26,,IT,42.623556,13.3164,983.0,516.0,14.79,vs_profile,B,NO,,,geometric_mean_as_recorded,3.0,bindi2014_rhyp,4.5,2015-01-01
9,6,0.13976158786621184,0,234,3A.MZ27.--,3A,MZ27,,IT,42.612412,13.296578,1007.0,422.0,12.2,vs_profile,B,NO,,,geometric_mean_as_recorded,3.0,bindi2014_rhyp,4.5,2015-01-01
10,3,0.10370895368297808,0,234,3A.MZ30.--,3A,MZ30,,IT,42.626432,13.29058,951.0,452.0,5.68,vs_profile,B,NO,,,geometric_mean_as_recorded,3.0,bindi2014_rhyp,4.5,2015-01-01
11,6,0.1735439639579089,0,234,3A.MZ51.--,3A,MZ51,,IT,42.637948,13.285578,902.0,638.0,6.42,vs_profile,E,NO,,,geometric_mean_as_recorded,3.0,bindi2014_rhyp,4.5,2015-01-01
12,5,-0.006446400740452524,0,234,3A.MZ63.--,3A,MZ63,,IT,42.629805,13.323448,1071.0,562.0,6.22,vs_profile,B,NO,,,geometric_mean_as_recorded,3.0,bindi2014_rhyp,4.5,2015-01-01
231,14,0.03461484559024945,0,234,IT.AMT.--,IT,AMT,,IT,42.6325,13.2866,933.0,670.0,2.62,vs_profile,B,YES,Fiberglass box,Pillar,geometric_mean_as_recorded,3.0,bindi2014_rhyp,4.5,2015-01-01
232,13,-0.22556734192010514,0,234,IT.AQA.--,IT,AQA,,IT,42.3755,13.3393,693.0,549.0,0.53,vs_profile,B,NO,Fiberglass box,Pillar,geometric_mean_as_recorded,3.0,bindi2014_rhyp,4.5,2015-01-01
233,17,-0.1306825268715734,0,234,IT.AQG.--,IT,AQG,,IT,42.3737,13.337,743.0,696.0,12.98,vs_profile,B,NO,Fiberglass box,Pillar,geometric_mean_as_recorded,3.0,bindi2014_rhyp,4.5,2015-01-01
234,4,0.2717745582653141,0,234,IT.AQP.--,IT,AQP,,IT,42.3837,13.3686,1192.0,836.0,2.05,vs_profile,A,NO,Fiberglass box,Pillar,geometric_mean_as_recorded,3.0,bindi2014_rhyp,4.5,2015-01-01
235,4,-0.035333793822401566,0,234,IT.ARMO.--,IT,ARMO,,IT,38.076099395752,15.7124996185303,364.0,590.0,5.06,topography,B,Not analized,,,geometric_mean_as_recorded,3.0,bindi2014_rhyp,4.5,2015-01-01
236,17,0.04972633618094521,0,234,IT.ASP.--,IT,ASP,,IT,42.848,13.6479,89.0,599.0,2.03,vs_profile,B,NO,ENEL Box,Pillar,geometric_mean_as_recorded,3.0,bindi2014_rhyp,4.5,2015-01-01
237,4,0.09761334951406428,0,234,IT.ASR.--,IT,ASR,,IT,41.199,15.563,487.0,276.0,4.9,vs_profile,C,NO,Fiberglass box,Pillar,geometric_mean_as_recorded,3.0,bindi2014_rhyp,4.5,2015-01-01
238,3,-0.109065769393829,0,234,IT.ATI.--,IT,ATI,,IT,41.6219,13.7948,439.0,454.0,15.26,vs_profile,B,NO,Fiberglass box,Pillar,geometric_mean_as_recorded,3.0,bindi2014_rhyp,4.5,2015-01-01
239,4,0.38089105325852146,0,234,IT.BCL.--,IT,BCL,,IT,38.1827011108398,15.2315998077393,38.0,269.0,0.46,vs_profile,C,NO,ENEL Box,Pillar,geometric_mean_as_recorded,3.0,bindi2014_rhyp,4.5,2015-01-01
240,3,-0.3006641135347674,0,234,IT.BCN.--,IT,BCN,,IT,40.6343,15.3823,661.0,668.0,10.82,vs_profile,B,YES,Fiberglass box,Pillar,geometric_mean_as_recorded,3.0,bindi2014_rhyp,4.5,2015-01-01
241,17,0.3243220082338347,0,234,IT.BGR.--,IT,BGR,,IT,43.8895,11.9912,557.0,829.0,11.6,vs_profile,A,YES,Fiberglass box,Pillar,geometric_mean_as_recorded,3.0,bindi2014_rhyp,4.5,2015-01-01
242,3,-1.1640724812189196,0,234,IT.BNPI.--,IT,BNPI,,IT,41.1173,14.7652,227.0,663.0,6.4,topography,B,Not analized,,,geometric_mean_as_recorded,3.0,bindi2014_rhyp,4.5,2015-01-01
243,3,0.13110602922901052,0,234,IT.BNV.--,IT,BNV,,IT,41.1177,14.7973,234.0,744.0,4.33,vs_profile,B,NO,Small masonry building,Pillar,geometric_mean_as_recorded,3.0,bindi2014_rhyp,4.5,2015-01-01
244,18,-0.2246393984196346,0,234,IT.BRS.--,IT,BRS,,IT,42.3243,13.5902,977.0,444.0,7.03,vs_profile,E,NO,ENEL Box,Pillar,geometric_mean_as_recorded,3.0,bindi2014_rhyp,4.5,2015-01-01
245,8,0.6346859712631918,0,234,IT.BTT2.--,IT,BTT2,,IT,41.9983,13.5431,663.0,90.0,0.14,vs_profile,D,NO,ENEL Box,Pillar,geometric_mean_as_recorded,3.0,bindi2014_rhyp,4.5,2015-01-01
246,17,0.36019082648835243,0,234,IT.BVG.--,IT,BVG,,IT,42.9323,12.611,216.0,211.0,1.12,vs_profile,C,NO,ENEL Box,Pillar,geometric_mean_as_recorded,3.0,bindi2014_rhyp,4.5,2015-01-01
247,3,-0.12689418861694413,0,234,IT.BVM.--,IT,BVM,,IT,37.9309997558594,15.9359998703003,187.0,544.0,1.38,vs_profile,B,Not analized,Fiberglass box,Pillar,geometric_mean_as_recorded,3.0,bindi2014_rhyp,4.5,2015-01-01
248,3,-0.3118675771861586,0,234,IT.BVN.--,IT,BVN,,IT,41.249,15.3422,608.0,356.0,12.48,vs_profile,C,NO,ENEL Box,Pillar,geometric_mean_as_recorded,3.0,bindi2014_rhyp,4.5,2015-01-01
249,9,-0.1315403812032832,0,234,IT.BZZ.--,IT,BZZ,,IT,42.337,13.4685,640.0,679.0,0.87,vs_profile,B,YES,Small masonry building,Pillar,geometric_mean_as_recorded,3.0,bindi2014_rhyp,4.5,2015-01-01
250,3,0.19446310265215408,0,234,IT.CBAG.--,IT,CBAG,,IT,41.5952,14.6697,761.0,531.0,3.76,topography,B,Not analized,,,geometric_mean_as_recorded,3.0,bindi2014_rhyp,4.5,2015-01-01
251,3,0.26717165669656573,0,234,IT.CDCT.--,IT,CDCT,,IT,43.366,12.2363,309.0,372.6,1.21,topography,B,Not analized,Fiberglass box,Pillar,geometric_mean_as_recorded,3.0,bindi2014_rhyp,4.5,2015-01-01
252,4,0.1770606563937472,0,234,IT.CDI1.--,IT,CDI1,,IT,37.5032005310059,14.6472997665405,716.0,469.0,9.5,vs_profile,E,Not analized,Fiberglass box,Pillar,geometric_mean_as_recorded,3.0,bindi2014_rhyp,4.5,2015-01-01
253,4,0.3271023131317058,0,234,IT.CER.--,IT,CER,,IT,41.2595,15.9101,172.0,396.0,0.57,vs_profile,B,NO,Fiberglass box,Pillar,geometric_mean_as_recorded,3.0,bindi2014_rhyp,4.5,2015-01-01
254,18,-0.37508272198411113,0,234,IT.CLF.--,IT,CLF,,IT,43.0367,12.9204,701.0,145.0,1.4,vs_profile,D,NO,ENEL Box,Pillar,geometric_mean_as_recorded,3.0,bindi2014_rhyp,4.5,2015-01-01
255,3,0.09340302905813486,0,234,IT.CLG1.--,IT,CLG1,,IT,37.2214012145996,14.5181999206543,546.0,345.0,1.23,vs_profile,C,Not analized,Small masonry building,Building basement,geometric_mean_as_recorded,3.0,bindi2014_rhyp,4.5,2015-01-01
256,4,0.37332597703079395,0,234,IT.CLT.--,IT,CLT,,IT,40.8988,15.4388,611.0,557.0,6.07,vs_profile,B,NO,ENEL Box,Pillar,geometric_mean_as_recorded,3.0,bindi2014_rhyp,4.5,2015-01-01
257,3,0.07158851698454298,0,234,IT.CNM.--,IT,CNM,,IT,41.6182,15.1045,462.0,434.0,4.43,vs_profile,B,NO,Fiberglass box,Pillar,geometric_mean_as_recorded,3.0,bindi2014_rhyp,4.5,2015-01-01
258,11,-0.11999300397326673,0,234,IT.CPS.--,IT,CPS,,IT,42.2716,13.7583,580.0,732.0,5.1,vs_profile,B,NO,Fiberglass box,Pillar,geometric_mean_as_recorded,3.0,bindi2014_rhyp,4.5,2015-01-01
259,16,0.5615133949343434,0,234,IT.CSA.--,IT,CSA,,IT,43.008,12.5906,196.0,200.0,0.16,vs_profile,C,NO,Small masonry building,Pillar,geometric_mean_as_recorded,3.0,bindi2014_rhyp,4.5,2015-01-01
260,9,0.016106374531466128,0,234,IT.CSD.--,IT,CSD,,IT,42.754,12.0035,494.0,466.0,10.18,vs_profile,B,NO,ENEL Box,Pillar,geometric_mean_as_recorded,3.0,bindi2014_rhyp,4.5,2015-01-01
261,3,0.24181327577952882,0,234,IT.CSLA.--,IT,CSLA,,IT,37.789,14.0412,762.0,730.0,7.49,topography,B,Not analized,,,geometric_mean_as_recorded,3.0,bindi2014_rhyp,4.5,2015-01-01
262,11,-0.06061134824200476,0,234,IT.CSS.--,IT,CSS,,IT,41.4858,13.8231,175.0,648.0,17.2,vs_profile,B,NO,Small masonry building,Pillar,geometric_mean_as_recorded,3.0,bindi2014_rhyp,4.5,2015-01-01
263,17,-0.16286094138557278,0,234,IT.CTD.--,IT,CTD,,IT,42.3884,12.9477,484.0,407.0,12.11,vs_profile,B,NO,ENEL Box,Pillar,geometric_mean_as_recorded,3.0,bindi2014_rhyp,4.5,2015-01-01
264,3,0.2375606594569089,0,234,IT.DNMI.--,IT,DNMI,,IT,38.5315,16.1448,280.0,835.0,10.86,topography,A,Not analized,,,geometric_mean_as_recorded,3.0,bindi2014_rhyp,4.5,2015-01-01
265,8,0.30470234504818067,0,234,IT.FAZ.--,IT,FAZ,,IT,44.298,11.8907,72.0,292.0,0.24,vs_profile,C,NO,Fiberglass box,Pillar,geometric_mean_as_recorded,3.0,bindi2014_rhyp,4.5,2015-01-01
266,4,-0.4772085120934085,0,234,IT.FDF.--,IT,FDF,,IT,38.7891,16.3,653.0,333.0,3.19,vs_profile,C,NO,Fiberglass box,Pillar,geometric_mean_as_recorded,3.0,bindi2014_rhyp,4.5,2015-01-01
267,5,0.18186074802589397,0,234,IT.FOCC.--,IT,FOCC,,IT,42.9574,12.7079,283.0,593.0,1.62,vs_profile,B,NO,,,geometric_mean_as_recorded,3.0,bindi2014_rhyp,4.5,2015-01-01
268,3,0.18752206287122153,0,234,IT.FOGG.--,IT,FOGG,,IT,41.4589,15.5562,63.0,281.7,0.29,topography,C,Not analized,Unknown,Building floor,geometric_mean_as_recorded,3.0,bindi2014_rhyp,4.5,2015-01-01
269,18,-0.17648405143572715,0,234,IT.FOS.--,IT,FOS,,IT,43.0146,12.8351,965.0,565.0,1.85,vs_profile,B,NO,Fiberglass box,Pillar,geometric_mean_as_recorded,3.0,bindi2014_rhyp,4.5,2015-01-01
270,13,0.4899030622485975,0,234,IT.GBP.--,IT,GBP,,IT,43.3138,12.5894,426.0,224.0,0.66,vs_profile,C,NO,ENEL Box,Pillar,geometric_mean_as_recorded,3.0,bindi2014_rhyp,4.5,2015-01-01
271,3,-0.23591065383445398,0,234,IT.GLD.--,IT,GLD,,IT,41.509,14.7566,772.0,472.0,7.89,vs_profile,B,NO,ENEL Box,Pillar,geometric_mean_as_recorded,3.0,bindi2014_rhyp,4.5,2015-01-01
272,3,0.14824815545491876,0,234,IT.GNGI.--,IT,GNGI,,IT,37.7949,14.2003,810.0,749.0,7.8,topography,B,Not analized,,,geometric_mean_as_recorded,3.0,bindi2014_rhyp,4.5,2015-01-01
273,17,-0.26150351268692656,0,234,IT.GSA.--,IT,GSA,,IT,42.4207,13.5194,1063.0,492.0,8.01,vs_profile,B,NO,Fiberglass box,Pillar,geometric_mean_as_recorded,3.0,bindi2014_rhyp,4.5,2015-01-01
274,3,-0.35766331871764984,0,234,IT.GSM.--,IT,GSM,,IT,38.1720008850098,14.8985004425049,147.0,1500.0,10.31,vs_profile,A,Not analized,Fiberglass box,Pillar,geometric_mean_as_recorded,3.0,bindi2014_rhyp,4.5,2015-01-01
275,3,0.45168497149886405,0,234,IT.GSS.--,IT,GSS,,IT,40.6316,16.2791,512.0,467.0,10.58,vs_profile,B,Not analized,ENEL Box,Pillar,geometric_mean_as_recorded,3.0,bindi2014_rhyp,4.5,2015-01-01
276,3,0.15352667735191902,0,234,IT.ISI.--,IT,ISI,,IT,36.7977,14.8923,277.0,1449.0,1.51,vs_profile,A,Not analized,Fiberglass box,Pillar,geometric_mean_as_recorded,3.0,bindi2014_rhyp,4.5,2015-01-01
277,4,-0.3248471384149567,0,234,IT.ISNL.--,IT,ISNL,,IT,37.9442,14.0061,593.0,603.0,5.34,topography,B,Not analized,,,geometric_mean_as_recorded,3.0,bindi2014_rhyp,4.5,2015-01-01
278,3,0.19649751323897946,0,234,IT.LAZR.--,IT,LAZR,,IT,37.9777984619141,15.6659002304077,82.0,834.0,10.85,topography,A,Not analized,,,geometric_mean_as_recorded,3.0,bindi2014_rhyp,4.5,2015-01-01
279,5,-0.2628774166930577,0,234,IT.LDP.--,IT,LDP,,IT,42.0392,14.1826,766.0,328.0,11.25,vs_profile,C,NO,Fiberglass box,Pillar,geometric_mean_as_recorded,3.0,bindi2014_rhyp,4.5,2015-01-01
280,3,-0.23988316344180155,0,234,IT.LRG.--,IT,LRG,,IT,40.0218,15.8908,756.0,603.0,12.29,vs_profile,B,NO,ENEL Box,Pillar,geometric_mean_as_recorded,3.0,bindi2014_rhyp,4.5,2015-01-01
281,5,-0.05258197683040619,0,234,IT.LSN.--,IT,LSN,,IT,41.8526,15.3601,18.0,385.0,0.8,vs_profile,B,NO,Building,Pillar,geometric_mean_as_recorded,3.0,bindi2014_rhyp,4.5,2015-01-01
282,20,-0.043633553506814055,0,234,IT.LSS.--,IT,LSS,,IT,42.5582,12.9689,1067.0,1091.0,26.5,vs_profile,A,YES,Fiberglass box,Pillar,geometric_mean_as_recorded,3.0,bindi2014_rhyp,4.5,2015-01-01
283,13,0.043915895378292255,0,234,IT.MCS.--,IT,MCS,,IT,43.9937,12.1067,249.0,568.0,8.64,vs_profile,B,NO,Fiberglass box,Pillar,geometric_mean_as_recorded,3.0,bindi2014_rhyp,4.5,2015-01-01
284,20,-0.003419394981528434,0,234,IT.MMP1.--,IT,MMP1,,IT,42.2492,12.7483,471.0,800.0,12.54,vs_profile,A,YES,Fiberglass box,Pillar,geometric_mean_as_recorded,3.0,bindi2014_rhyp,4.5,2015-01-01
285,17,-0.14970219108109506,0,234,IT.MNF.--,IT,MNF,,IT,43.0596,13.1844,644.0,1062.0,24.51,vs_profile,A,YES,Small masonry building,Pillar,geometric_mean_as_recorded,3.0,bindi2014_rhyp,4.5,2015-01-01
286,3,0.03355205940753084,0,234,IT.MNN.--,IT,MNN,,IT,41.6342,15.9113,83.0,815.0,1.11,vs_profile,A,YES,Fiberglass box,Pillar,geometric_mean_as_recorded,3.0,bindi2014_rhyp,4.5,2015-01-01
287,4,0.13108533366028485,0,234,IT.MRH.--,IT,MRH,,IT,41.3424,16.1938,14.0,443.0,0.11,vs_profile,B,NO,Small masonry building,Pillar,geometric_mean_as_recorded,3.0,bindi2014_rhyp,4.5,2015-01-01
288,11,0.0027187638415612503,0,234,IT.MSC.--,IT,MSC,,IT,42.5268,13.3508,1335.0,652.0,6.39,vs_profile,B,NO,Fiberglass box,Pillar,geometric_mean_as_recorded,3.0,bindi2014_rhyp,4.5,2015-01-01
289,14,-0.023384555604409246,0,234,IT.MSCT.--,IT,MSCT,,IT,42.526699,13.3509,1382.0,652.0,6.39,vs_profile,B,NO,Fiberglass box,Pillar,geometric_mean_as_recorded,3.0,bindi2014_rhyp,4.5,2015-01-01
290,17,0.05785070029619617,0,234,IT.MTL.--,IT,MTL,,IT,43.2494,13.0083,376.0,579.0,0.62,vs_profile,B,NO,ENEL Box,Pillar,geometric_mean_as_recorded,3.0,bindi2014_rhyp,4.5,2015-01-01
291,10,-0.23505641853806858,0,234,IT.MVB.--,IT,MVB,,IT,42.9619,12.257,363.0,1046.0,7.23,vs_profile,A,YES,Fiberglass box,Pillar,geometric_mean_as_recorded,3.0,bindi2014_rhyp,4.5,2015-01-01
292,3,-0.3702591344668323,0,234,IT.NAS.--,IT,NAS,,IT,38.1183013916016,14.7862997055054,514.0,291.0,1.79,vs_profile,C,NO,ENEL Box,Pillar,geometric_mean_as_recorded,3.0,bindi2014_rhyp,4.5,2015-01-01
293,4,0.45852137996433223,0,234,IT.NCS.--,IT,NCS,,IT,37.7491989135742,14.4013004302979,793.0,360.0,12.99,vs_profile,B,NO,ENEL Box,Pillar,geometric_mean_as_recorded,3.0,bindi2014_rhyp,4.5,2015-01-01
294,17,0.09330092147393204,0,234,IT.NRC.--,IT,NRC,,IT,42.7925,13.0964,616.0,498.0,3.89,vs_profile,B,NO,Vault,Pillar,geometric_mean_as_recorded,3.0,bindi2014_rhyp,4.5,2015-01-01
295,11,-0.007822039348302223,0,234,IT.NRN.--,IT,NRN,,IT,42.5155,12.5194,306.0,811.0,16.9,vs_profile,A,YES,ENEL Box,Pillar,geometric_mean_as_recorded,3.0,bindi2014_rhyp,4.5,2015-01-01
296,3,0.263631235462643,0,234,IT.NSA.--,IT,NSA,,IT,37.7667007446289,14.41100025177,875.0,465.0,9.66,vs_profile,B,Not analized,Fiberglass box,Pillar,geometric_mean_as_recorded,3.0,bindi2014_rhyp,4.5,2015-01-01
297,3,0.2912670773549332,0,234,IT.NTE.--,IT,NTE,,IT,36.9095001220703,15.0691995620728,211.0,659.0,5.94,vs_profile,B,YES,Small masonry building,Pillar,geometric_mean_as_recorded,3.0,bindi2014_rhyp,4.5,2015-01-01
298,4,-0.1741519074939455,0,234,IT.NVR1.--,IT,NVR1,,IT,38.0124015808105,15.1288003921509,754.0,476.0,18.64,vs_profile,B,NO,Fiberglass box,Pillar,geometric_mean_as_recorded,3.0,bindi2014_rhyp,4.5,2015-01-01
299,14,-0.019217543225863665,0,234,IT.PAN.--,IT,PAN,,IT,43.0058,12.1436,334.0,980.0,13.61,vs_profile,A,YES,Fiberglass box,Pillar,geometric_mean_as_recorded,3.0,bindi2014_rhyp,4.5,2015-01-01
300,4,0.2954800883026314,0,234,IT.PGN.--,IT,PGN,,IT,41.4524,13.7916,74.0,257.0,1.85,vs_profile,C,NO,ENEL Box,Pillar,geometric_mean_as_recorded,3.0,bindi2014_rhyp,4.5,2015-01-01
301,5,0.11500813140790293,0,234,IT.PNN.--,IT,PNN,,IT,43.8181,12.2628,525.0,335.0,12.55,vs_profile,C,NO,ENEL Box,Pillar,geometric_mean_as_recorded,3.0,bindi2014_rhyp,4.5,2015-01-01
302,4,0.04957137731050214,0,234,IT.PPL1.--,IT,PPL1,,IT,36.6857,15.1328,83.0,775.0,2.78,vs_profile,B,YES,Fiberglass box,Pillar,geometric_mean_as_recorded,3.0,bindi2014_rhyp,4.5,2015-01-01
303,15,0.20039162619432518,0,234,IT.PSC.--,IT,PSC,,IT,41.812,13.7892,1241.0,1000.0,23.1,vs_profile,A,YES,Fiberglass box,Pillar,geometric_mean_as_recorded,3.0,bindi2014_rhyp,4.5,2015-01-01
304,5,0.07280378141497862,0,234,IT.PTT.--,IT,PTT,,IT,38.1343002319336,14.9750995635986,135.0,245.0,5.61,vs_profile,C,NO,Small masonry building,Pillar,geometric_mean_as_recorded,3.0,bindi2014_rhyp,4.5,2015-01-01
305,3,-0.11305269862595663,0,234,IT.PVF.--,IT,PVF,,IT,44.333,10.8252,743.0,453.0,3.78,vs_profile,B,NO,Fiberglass box,Pillar,geometric_mean_as_recorded,3.0,bindi2014_rhyp,4.5,2015-01-01
306,15,-0.06050281991014675,0,234,IT.PZI1.--,IT,PZI1,,IT,42.4356,13.3262,908.0,705.0,7.68,vs_profile,B,NO,Small masonry building,Building basement,geometric_mean_as_recorded,3.0,bindi2014_rhyp,4.5,2015-01-01
307,3,0.2638412378805667,0,234,IT.RCC.--,IT,RCC,,IT,41.2886,13.9803,636.0,375.0,11.57,vs_profile,B,NO,Small masonry building,Pillar,geometric_mean_as_recorded,3.0,bindi2014_rhyp,4.5,2015-01-01
308,3,0.21360251668627472,0,234,IT.RCPC.--,IT,RCPC,,IT,38.0929985046387,15.6564998626709,98.0,513.0,3.37,topography,B,Not analized,,,geometric_mean_as_recorded,3.0,bindi2014_rhyp,4.5,2015-01-01
309,3,0.05152351405483209,0,234,IT.RGS.--,IT,RGS,,IT,36.9248,14.7032,676.0,1071.0,0.3,vs_profile,A,YES,Fiberglass box,Pillar,geometric_mean_as_recorded,3.0,bindi2014_rhyp,4.5,2015-01-01
310,14,0.11000764717115612,0,234,IT.RQT.--,IT,RQT,,IT,42.813,13.311,1188.0,805.0,4.42,vs_profile,A,NO,ENEL Box,Building basement,geometric_mean_as_recorded,3.0,bindi2014_rhyp,4.5,2015-01-01
311,16,-0.13635728548087012,0,234,IT.RTI.--,IT,RTI,,IT,42.4302,12.829,393.0,170.0,0.53,vs_profile,D,NO,ENEL Box,Pillar,geometric_mean_as_recorded,3.0,bindi2014_rhyp,4.5,2015-01-01
312,4,-0.13126816539986602,0,234,IT.SAAM.--,IT,SAAM,,IT,38.1733,15.7583,586.0,851.0,11.47,topography,A,Not analized,,,geometric_mean_as_recorded,3.0,bindi2014_rhyp,4.5,2015-01-01
313,3,-0.30960359697701273,0,234,IT.SAR.--,IT,SAR,,IT,40.0746,15.652,196.0,896.0,8.44,vs_profile,A,NO,Fiberglass box,Pillar,geometric_mean_as_recorded,3.0,bindi2014_rhyp,4.5,2015-01-01
314,3,-0.020863607802687145,0,234,IT.SBC.--,IT,SBC,,IT,41.9132,13.1055,673.0,1298.0,17.31,vs_profile,A,YES,Fiberglass box,Pillar,geometric_mean_as_recorded,3.0,bindi2014_rhyp,4.5,2015-01-01
315,5,-0.17402923688815253,0,234,IT.SCN.--,IT,SCN,,IT,41.9187,13.8724,984.0,839.0,17.18,vs_profile,A,YES,Fiberglass box,Pillar,geometric_mean_as_recorded,3.0,bindi2014_rhyp,4.5,2015-01-01
316,3,-0.11933999774713738,0,234,IT.SCZA.--,IT,SCZA,,IT,38.0421981811523,15.4561004638672,103.0,1155.0,22.47,topography,A,Not analized,,,geometric_mean_as_recorded,3.0,bindi2014_rhyp,4.5,2015-01-01
317,9,-0.016571737510875068,0,234,IT.SDM.--,IT,SDM,,IT,42.2897,13.5577,666.0,752.0,7.17,vs_profile,B,YES,ENEL Box,Pillar,geometric_mean_as_recorded,3.0,bindi2014_rhyp,4.5,2015-01-01
318,3,0.01907906251676153,0,234,IT.SMA.--,IT,SMA,,IT,39.5564,16.125,457.0,360.0,11.06,vs_profile,B,NO,Fiberglass box,Pillar,geometric_mean_as_recorded,3.0,bindi2014_rhyp,4.5,2015-01-01
319,4,0.21980749736145472,0,234,IT.SMR.--,IT,SMR,,IT,40.4871,16.2459,584.0,828.0,8.2,vs_profile,A,NO,Fiberglass box,Pillar,geometric_mean_as_recorded,3.0,bindi2014_rhyp,4.5,2015-01-01
320,11,0.2517980120013198,0,234,IT.SNG.--,IT,SNG,,IT,43.6855,13.2261,85.0,258.0,2.56,vs_profile,C,NO,ENEL Box,Pillar,geometric_mean_as_recorded,3.0,bindi2014_rhyp,4.5,2015-01-01
321,3,-0.13955549347341012,0,234,IT.SSC.--,IT,SSC,,IT,42.8746,11.8768,645.0,498.0,6.47,vs_profile,E,Not analized,Fiberglass box,Pillar,geometric_mean_as_recorded,3.0,bindi2014_rhyp,4.5,2015-01-01
322,3,-0.1030380333854713,0,234,IT.STB.--,IT,STB,,IT,38.804,15.2336,112.0,404.0,4.79,vs_profile,B,NO,Fiberglass box,Pillar,geometric_mean_as_recorded,3.0,bindi2014_rhyp,4.5,2015-01-01
323,3,-0.23361261436502212,0,234,IT.STC.--,IT,STC,,IT,38.0063018798828,14.3529996871948,257.0,450.0,15.19,vs_profile,B,Not analized,Fiberglass box,Pillar,geometric_mean_as_recorded,3.0,bindi2014_rhyp,4.5,2015-01-01
324,4,-0.1751495426805143,0,234,IT.STG.--,IT,STG,,IT,41.5656,14.2311,421.0,376.0,2.07,vs_profile,B,NO,ENEL Box,Pillar,geometric_mean_as_recorded,3.0,bindi2014_rhyp,4.5,2015-01-01
325,4,-0.004661504370832681,0,234,IT.STR.--,IT,STR,,IT,41.0212,15.1163,586.0,382.0,7.71,vs_profile,B,NO,Small masonry building,Pillar,geometric_mean_as_recorded,3.0,bindi2014_rhyp,4.5,2015-01-01
326,3,0.07588810284463154,0,234,IT.STRV.--,IT,STRV,,IT,37.9490013122559,15.3649997711182,74.0,746.0,7.74,topography,B,Not analized,,,geometric_mean_as_recorded,3.0,bindi2014_rhyp,4.5,2015-01-01
327,19,0.4308459784604639,0,234,IT.SULA.--,IT,SULA,,IT,42.0734,13.9166,412.0,297.0,0.63,vs_profile,C,NO,Small masonry building,Building basement,geometric_mean_as_recorded,3.0,bindi2014_rhyp,4.5,2015-01-01
328,21,0.09088997199234936,0,234,IT.SULP.--,IT,SULP,,IT,42.085,13.9274,405.0,275.0,1.99,vs_profile,C,NO,Small masonry building,Building basement,geometric_mean_as_recorded,3.0,bindi2014_rhyp,4.5,2015-01-01
329,17,-0.050808352244631566,0,234,IT.TER.--,IT,TER,,IT,42.6565,13.6895,317.0,649.0,11.37,vs_profile,B,NO,Fiberglass box,Pillar,geometric_mean_as_recorded,3.0,bindi2014_rhyp,4.5,2015-01-01
330,4,-0.21868609908727138,0,234,IT.TLS.--,IT,TLS,,IT,41.2224,14.53,163.0,401.0,12.73,vs_profile,B,NO,Fiberglass box,Pillar,geometric_mean_as_recorded,3.0,bindi2014_rhyp,4.5,2015-01-01
331,5,-0.253985583689199,0,234,IT.TOR.--,IT,TOR,,IT,38.0443000793457,14.8145999908447,604.0,455.0,24.99,vs_profile,B,NO,Fiberglass box,Pillar,geometric_mean_as_recorded,3.0,bindi2014_rhyp,4.5,2015-01-01
332,5,-0.16417704526768995,0,234,IT.TPA.--,IT,TPA,,IT,38.6736,15.8891,92.0,411.0,5.42,vs_profile,B,NO,Fiberglass box,Pillar,geometric_mean_as_recorded,3.0,bindi2014_rhyp,4.5,2015-01-01
333,4,0.11623339343275296,0,234,IT.TRF.--,IT,TRF,,IT,38.2643013000488,15.6340999603271,12.0,239.0,1.9,vs_profile,C,NO,Small masonry building,Pillar,geometric_mean_as_recorded,3.0,bindi2014_rhyp,4.5,2015-01-01
334,18,0.058348030470525086,0,234,IT.TRL.--,IT,TRL,,IT,42.4613,12.9323,1226.0,380.0,11.41,vs_profile,B,NO,Small masonry building,Pillar,geometric_mean_as_recorded,3.0,bindi2014_rhyp,4.5,2015-01-01
335,3,-0.14316059694178856,0,234,IT.TRM.--,IT,TRM,,IT,37.9902,13.7003,14.0,453.0,8.11,vs_profile,B,Not analized,ENEL Box,Pillar,geometric_mean_as_recorded,3.0,bindi2014_rhyp,4.5,2015-01-01
336,7,0.10134961217565311,0,234,IT.TVL.--,IT,TVL,,IT,41.893,12.7732,118.0,314.0,2.35,vs_profile,C,NO,ENEL Box,Pillar,geometric_mean_as_recorded,3.0,bindi2014_rhyp,4.5,2015-01-01
337,3,-0.27610089960133044,0,234,IT.VULS.--,IT,VULS,,IT,38.3823013305664,14.9829998016357,403.0,515.0,3.41,topography,B,Not analized,,,geometric_mean_as_recorded,3.0,bindi2014_rhyp,4.5,2015-01-01
339,3,0.12858317990405815,0,234,IV.ACATE.--,IV,ACATE,,IT,37.02398,14.50064,210.0,277.5,0.27,topography,C,Not analized,,,geometric_mean_as_recorded,3.0,bindi2014_rhyp,4.5,2015-01-01
340,3,0.061078451288827995,0,234,IV.BASIC.--,IV,BASIC,,IT,38.06703,15.068847,536.0,1640.0,36.88,topography,A,Not analized,,,geometric_mean_as_recorded,3.0,bindi2014_rhyp,4.5,2015-01-01
341,13,0.15633315343378776,0,234,IV.CAFE.--,IV,CAFE,,IT,41.028,15.2366,1070.0,622.0,10.33,vs_profile,B,NO,Vault,Pillar,geometric_mean_as_recorded,3.0,bindi2014_rhyp,4.5,2015-01-01
342,3,0.46257230891901474,0,234,IV.CAVT.--,IV,CAVT,,IT,37.67883,12.7556,158.0,599.9,5.27,topography,B,Not analized,,,geometric_mean_as_recorded,3.0,bindi2014_rhyp,4.5,2015-01-01
343,5,-0.11727459455738115,0,234,IV.CDCA.--,IV,CDCA,,IT,43.4584,12.2336,50.0,277.0,0.62,vs_profile,C,NO,Box,Pillar,geometric_mean_as_recorded,3.0,bindi2014_rhyp,4.5,2015-01-01
344,20,0.5470098921114332,0,234,IV.CIMA.--,IV,CIMA,,IT,43.305297,13.670091,163.0,443.0,8.93,vs_profile,B,NO,Fiberglass box,Directly on the ground,geometric_mean_as_recorded,3.0,bindi2014_rhyp,4.5,2015-01-01
345,3,0.16600803882962062,0,234,IV.CMPO.--,IV,CMPO,,IT,44.5808,11.8056,2.0,116.0,0.02,vs_profile,D,NO,Vault,Pillar,geometric_mean_as_recorded,3.0,bindi2014_rhyp,4.5,2015-01-01
346,3,0.27311143759147133,0,234,IV.CRJA.--,IV,CRJA,,IT,37.80162,13.00433,560.0,1122.0,21.36,topography,A,Not analized,,,geometric_mean_as_recorded,3.0,bindi2014_rhyp,4.5,2015-01-01
347,3,0.5044936865610762,0,234,IV.EFIU.--,IV,EFIU,,IT,37.7896,15.2103,97.0,403.5,1.64,topography,B,Not analized,,,geometric_mean_as_recorded,3.0,bindi2014_rhyp,4.5,2015-01-01
348,4,0.31611192979197333,0,234,IV.EPOZ.--,IV,EPOZ,,IT,37.6719,15.1885,124.0,394.0,1.23,vs_profile,B,NO,,,geometric_mean_as_recorded,3.0,bindi2014_rhyp,4.5,2015-01-01
349,4,0.35527086115406403,0,234,IV.ESML.--,IV,ESML,,IT,37.6181,14.8794,417.0,505.0,5.74,vs_profile,B,NO,,,geometric_mean_as_recorded,3.0,bindi2014_rhyp,4.5,2015-01-01
350,5,-0.07486023282643314,0,234,IV.EVRN.--,IV,EVRN,,IT,37.6892,15.1356,421.0,300.0,4.27,vs_profile,C,NO,Vault,Pillar,geometric_mean_as_recorded,3.0,bindi2014_rhyp,4.5,2015-01-01
351,3,0.009029986588439148,0,234,IV.FCOR.--,IV,FCOR,,IT,43.76911,12.81459,555.0,370.4,1.18,topography,B,Not analized,,,geometric_mean_as_recorded,3.0,bindi2014_rhyp,4.5,2015-01-01
352,8,-0.21949722866445098,0,234,IV.FERS.--,IV,FERS,,IT,44.9035,11.5406,3.0,184.0,0.11,vs_profile,C,NO,,,geometric_mean_as_recorded,3.0,bindi2014_rhyp,4.5,2015-01-01
353,18,-0.07573714145472993,0,234,IV.FIAM.--,IV,FIAM,,IT,42.26802,13.11718,1070.0,790.0,25.39,vs_profile,B,YES,Vault,Pillar,geometric_mean_as_recorded,3.0,bindi2014_rhyp,4.5,2015-01-01
354,3,-0.26003512890622626,0,234,IV.GMB1.--,IV,GMB1,,IT,38.1723,15.8179,1198.0,489.0,2.86,topography,B,Not analized,,,geometric_mean_as_recorded,3.0,bindi2014_rhyp,4.5,2015-01-01
355,19,0.13501023691256392,0,234,IV.GUMA.--,IV,GUMA,,IT,43.0627,13.3352,574.0,488.0,6.9,vs_profile,B,NO,Vault,Pillar,geometric_mean_as_recorded,3.0,bindi2014_rhyp,4.5,2015-01-01
356,3,0.16290034562691752,0,234,IV.ILOS.--,IV,ILOS,,IT,38.4457,14.9483,283.0,353.0,0.95,topography,C,Not analized,,,geometric_mean_as_recorded,3.0,bindi2014_rhyp,4.5,2015-01-01
357,11,0.06333653710300732,0,234,IV.INTR.--,IV,INTR,,IT,42.01154,13.9046,924.0,685.0,8.98,vs_profile,B,NO,Vault,Pillar,geometric_mean_as_recorded,3.0,bindi2014_rhyp,4.5,2015-01-01
358,3,0.03259251779190098,0,234,IV.LNSS.--,IV,LNSS,,IT,42.60286,13.04032,1155.0,788.0,12.53,vs_profile,B,NO,Box,Pillar,geometric_mean_as_recorded,3.0,bindi2014_rhyp,4.5,2015-01-01
359,3,0.31707923054644965,0,234,IV.MARS.--,IV,MARS,,IT,37.7532,12.5647,65.0,524.6,3.62,topography,B,Not analized,,,geometric_mean_as_recorded,3.0,bindi2014_rhyp,4.5,2015-01-01
360,14,0.19952285743444803,0,234,IV.MRB1.--,IV,MRB1,,IT,41.1227,14.96815,688.0,448.0,17.16,vs_profile,B,NO,Vault,Pillar,geometric_mean_as_recorded,3.0,bindi2014_rhyp,4.5,2015-01-01
361,10,-0.14757757332766536,0,234,IV.MRLC.--,IV,MRLC,,IT,40.7564,15.48892,605.0,861.0,29.37,vs_profile,A,YES,,,geometric_mean_as_recorded,3.0,bindi2014_rhyp,4.5,2015-01-01
362,5,-0.14679966471675804,0,234,IV.NDIM.--,IV,NDIM,,IT,44.8873,10.8987,19.0,208.0,0.05,vs_profile,C,NO,,,geometric_mean_as_recorded,3.0,bindi2014_rhyp,4.5,2015-01-01
363,3,0.30404779130086057,0,234,IV.NEVI.--,IV,NEVI,,IT,44.5834,10.3163,480.0,367.0,5.09,vs_profile,B,NO,,Directly on the ground,geometric_mean_as_recorded,3.0,bindi2014_rhyp,4.5,2015-01-01
364,12,-0.19219663221862104,0,234,IV.NRCA.--,IV,NRCA,,IT,42.83355,13.11427,927.0,591.0,19.29,vs_profile,B,NO,Box,Building floor,geometric_mean_as_recorded,3.0,bindi2014_rhyp,4.5,2015-01-01
365,20,0.04887328380385224,0,234,IV.POFI.--,IV,POFI,,IT,41.71743,13.71202,878.0,1280.0,2.2,vs_profile,A,YES,Vault,Pillar,geometric_mean_as_recorded,3.0,bindi2014_rhyp,4.5,2015-01-01
366,3,0.2545080175010876,0,234,IV.ROM9.--,IV,ROM9,,IT,41.82842,12.51553,110.0,605.0,1.53,vs_profile,B,NO,Box,Pillar,geometric_mean_as_recorded,3.0,bindi2014_rhyp,4.5,2015-01-01
367,18,0.14065383763801317,0,234,IV.SACS.--,IV,SACS,,IT,42.84906,11.90967,845.0,692.0,1.59,vs_profile,B,YES,Vault,Pillar,geometric_mean_as_recorded,3.0,bindi2014_rhyp,4.5,2015-01-01
368,3,0.17878095381798703,0,234,IV.SANR.--,IV,SANR,,IT,45.64,11.6099,51.0,321.0,0.34,vs_profile,C,NO,Fiberglass box,Building floor,geometric_mean_as_recorded,3.0,bindi2014_rhyp,4.5,2015-01-01
369,3,0.061023121600228505,0,234,IV.SCIAC.--,IV,SCIAC,,IT,37.516469,13.101908,181.0,833.0,10.79,topography,A,Not analized,,,geometric_mean_as_recorded,3.0,bindi2014_rhyp,4.5,2015-01-01
370,15,-0.2787019790437254,0,234,IV.SEF1.--,IV,SEF1,,IT,43.14683,12.94762,518.0,485.0,15.69,vs_profile,E,NO,Fiberglass box,Directly on the ground,geometric_mean_as_recorded,3.0,bindi2014_rhyp,4.5,2015-01-01
371,11,0.2590852899305792,0,234,IV.SENI.--,IV,SENI,,IT,43.7052,13.2331,10.0,242.0,0.27,vs_profile,C,NO,Borehole,,geometric_mean_as_recorded,3.0,bindi2014_rhyp,4.5,2015-01-01
372,10,-0.0493683339127598,0,234,IV.SGTA.--,IV,SGTA,,IT,41.135,15.365,890.0,400.0,3.28,vs_profile,B,YES,,,geometric_mean_as_recorded,3.0,bindi2014_rhyp,4.5,2015-01-01
373,13,0.3091018569701577,0,234,IV.SNAL.--,IV,SNAL,,IT,40.92542,15.20908,874.0,728.0,12.1,vs_profile,B,NO,,,geometric_mean_as_recorded,3.0,bindi2014_rhyp,4.5,2015-01-01
374,3,-0.13958720682916526,0,234,IV.SORR.--,IV,SORR,,IT,40.58256,14.335709,537.0,1213.0,24.42,topography,A,Not analized,,,geometric_mean_as_recorded,3.0,bindi2014_rhyp,4.5,2015-01-01
375,20,-0.12118593220532137,0,234,IV.TERO.--,IV,TERO,,IT,42.62279,13.60393,673.0,912.0,19.67,vs_profile,A,YES,Vault,Pillar,geometric_mean_as_recorded,3.0,bindi2014_rhyp,4.5,2015-01-01
376,3,0.21203821937175343,0,234,IV.VBKE.--,IV,VBKE,,IT,40.818549,14.438636,913.0,824.0,10.44,topography,A,Not analized,,,geometric_mean_as_recorded,3.0,bindi2014_rhyp,4.5,2015-01-01
377,5,0.09385697261874892,0,234,IV.VENL.--,IV,VENL,,IT,45.4167,12.3765,4.0,245.0,0.48,vs_profile,C,NO,Unknown,,geometric_mean_as_recorded,3.0,bindi2014_rhyp,4.5,2015-01-01
378,5,0.01136505890712286,0,234,IX.AND3.01,IX,AND3,01,IT,40.9298,15.3331,905.0,296.0,5.01,vs_profile,C,Not analized,,,geometric_mean_as_recorded,3.0,bindi2014_rhyp,4.5,2015-01-01
508,11,-0.6055521944001365,0,234,SL.BOJS.--,SL,BOJS,,SI,45.5043,15.2518,252.0,578.0,4.79,topography,B,Not analized,,,geometric_mean_as_recorded,3.0,bindi2014_rhyp,4.5,2015-01-01
509,3,-0.22112385320330885,0,234,SL.BZKE.--,SL,BZKE,,SI,46.038,14.5645,288.0,532.0,3.78,topography,B,Not analized,,,geometric_mean_as_recorded,3.0,bindi2014_rhyp,4.5,2015-01-01
510,8,-0.12004145537797367,0,234,SL.CADS.--,SL,CADS,,SI,46.2281,13.7368,751.0,920.0,14.1,topography,A,Not analized,,,geometric_mean_as_recorded,3.0,bindi2014_rhyp,4.5,2015-01-01
511,4,-0.0787596518837799,0,234,SL.CENE.--,SL,CENE,,SI,45.5097,13.77,160.0,842.0,11.13,topography,A,Not analized,,,geometric_mean_as_recorded,3.0,bindi2014_rhyp,4.5,2015-01-01
512,12,-0.3372024066986042,0,234,SL.CEY.--,SL,CEY,,SI,45.7381,14.4221,579.0,778.0,8.66,topography,B,Not analized,,,geometric_mean_as_recorded,3.0,bindi2014_rhyp,4.5,2015-01-01
513,10,-0.40283312085342055,0,234,SL.CRES.--,SL,CRES,,SI,45.826,15.4569,431.0,980.0,16.31,topography,A,Not analized,,,geometric_mean_as_recorded,3.0,bindi2014_rhyp,4.5,2015-01-01
514,10,-0.09484074142412349,0,234,SL.CRNS.--,SL,CRNS,,SI,46.0807,14.2613,712.0,960.0,15.58,topography,A,Not analized,,,geometric_mean_as_recorded,3.0,bindi2014_rhyp,4.5,2015-01-01
515,6,-0.16874362647935987,0,234,SL.DOBS.--,SL,DOBS,,SI,46.1495,15.4695,465.0,673.0,24.64,vs_profile,B,Not analized,,,geometric_mean_as_recorded,3.0,bindi2014_rhyp,4.5,2015-01-01
516,3,-0.2846286235369541,0,234,SL.DOLA.--,SL,DOLA,,SI,46.0938,14.6781,265.0,320.0,0.58,topography,C,Not analized,,,geometric_mean_as_recorded,3.0,bindi2014_rhyp,4.5,2015-01-01
517,3,-0.17964731991603888,0,234,SL.DTSE.--,SL,DTSE,,SI,46.0251,14.8395,279.0,955.0,15.39,topography,A,Not analized,,,geometric_mean_as_recorded,3.0,bindi2014_rhyp,4.5,2015-01-01
518,3,-0.3551990606021406,0,234,SL.FAGG.--,SL,FAGG,,SI,46.0459,14.4944,295.0,342.0,0.83,topography,C,Not analized,,,geometric_mean_as_recorded,3.0,bindi2014_rhyp,4.5,2015-01-01
519,7,-0.28012393548440423,0,234,SL.GBAS.--,SL,GBAS,,SI,45.9348,14.4434,524.0,1182.0,23.4,topography,A,Not analized,,,geometric_mean_as_recorded,3.0,bindi2014_rhyp,4.5,2015-01-01
520,6,-0.6586985797518321,0,234,SL.GBRS.--,SL,GBRS,,SI,45.5311,14.8101,610.0,635.0,5.96,topography,B,Not analized,,,geometric_mean_as_recorded,3.0,bindi2014_rhyp,4.5,2015-01-01
521,5,-0.5057148349989278,0,234,SL.GCIS.--,SL,GCIS,,SI,45.8672,15.6275,385.0,777.0,8.64,topography,B,Not analized,,,geometric_mean_as_recorded,3.0,bindi2014_rhyp,4.5,2015-01-01
522,5,-0.30377247569005317,0,234,SL.GOLS.--,SL,GOLS,,SI,46.0108,15.6245,559.0,779.0,7.73,vs_profile,B,Not analized,,,geometric_mean_as_recorded,3.0,bindi2014_rhyp,4.5,2015-01-01
523,9,-0.16661265367706712,0,234,SL.GORS.--,SL,GORS,,SI,46.3174,13.9999,1048.0,1670.0,16.57,vs_profile,A,Not analized,,,geometric_mean_as_recorded,3.0,bindi2014_rhyp,4.5,2015-01-01
524,4,-0.26444012124317556,0,234,SL.GROS.--,SL,GROS,,SI,46.461,15.5018,930.0,1085.0,13.46,vs_profile,A,Not analized,,,geometric_mean_as_recorded,3.0,bindi2014_rhyp,4.5,2015-01-01
525,6,-0.1349819945556655,0,234,SL.JAVS.--,SL,JAVS,,SI,45.8934,14.0643,1100.0,927.0,14.37,topography,A,Not analized,,,geometric_mean_as_recorded,3.0,bindi2014_rhyp,4.5,2015-01-01
526,6,-0.1775633556151865,0,234,SL.KNDS.--,SL,KNDS,,SI,45.5278,14.3807,1035.0,573.0,4.68,topography,B,Not analized,,,geometric_mean_as_recorded,3.0,bindi2014_rhyp,4.5,2015-01-01
527,9,-0.0976392495469817,0,234,SL.KOGS.--,SL,KOGS,,SI,46.4481,16.2504,245.0,761.0,7.25,vs_profile,B,Not analized,,,geometric_mean_as_recorded,3.0,bindi2014_rhyp,4.5,2015-01-01
528,3,-0.3246623279743835,0,234,SL.LEGS.--,SL,LEGS,,SI,45.9488,15.3177,390.0,708.0,7.13,topography,B,Not analized,,,geometric_mean_as_recorded,3.0,bindi2014_rhyp,4.5,2015-01-01
529,10,0.003528922107031651,0,234,SL.LJU.--,SL,LJU,,SI,46.0438,14.5278,396.0,846.0,11.28,topography,A,Not analized,,,geometric_mean_as_recorded,3.0,bindi2014_rhyp,4.5,2015-01-01
530,9,0.15869194388273686,0,234,SL.MOZS.--,SL,MOZS,,SI,46.2941,14.4433,660.0,871.0,12.23,topography,A,Not analized,,,geometric_mean_as_recorded,3.0,bindi2014_rhyp,4.5,2015-01-01
531,5,-0.08139135422678068,0,234,SL.PDKS.--,SL,PDKS,,SI,46.0612,14.9977,679.0,2660.0,12.72,vs_profile,A,Not analized,,,geometric_mean_as_recorded,3.0,bindi2014_rhyp,4.5,2015-01-01
532,7,-0.2825930581051917,0,234,SL.PERS.--,SL,PERS,,SI,46.6365,15.1139,795.0,649.0,14.01,vs_profile,E,Not analized,,,geometric_mean_as_recorded,3.0,bindi2014_rhyp,4.5,2015-01-01
533,10,-0.4127623790624319,0,234,SL.SKDS.--,SL,SKDS,,SI,45.5464,14.0143,552.0,661.0,6.37,topography,B,Not analized,,,geometric_mean_as_recorded,3.0,bindi2014_rhyp,4.5,2015-01-01
534,11,-0.4508527083798864,0,234,SL.VISS.--,SL,VISS,,SI,45.8033,14.8393,399.0,792.0,9.22,topography,B,Not analized,,,geometric_mean_as_recorded,3.0,bindi2014_rhyp,4.5,2015-01-01
535,11,-0.06342757698554513,0,234,SL.VNDS.--,SL,VNDS,,SI,46.1016,14.7014,531.0,805.0,9.72,topography,A,Not analized,,,geometric_mean_as_recorded,3.0,bindi2014_rhyp,4.5,2015-01-01
536,8,-0.029714786310500063,0,234,SL.VOJS.--,SL,VOJS,,SI,46.0322,13.8877,1072.0,801.0,9.56,topography,A,Not analized,,,geometric_mean_as_recorded,3.0,bindi2014_rhyp,4.5,2015-01-01
537,4,-0.273511814371298,0,234,SL.ZAVS.--,SL,ZAVS,,SI,46.4342,15.0246,741.0,696.0,0.99,vs_profile,B,Not analized,,,geometric_mean_as_recorded,3.0,bindi2014_rhyp,4.5,2015-01-01
538,3,0.3286286380163495,0,234,VM.MRSC.--,VM,MRSC,,IT,43.08574,13.7318,395.0,771.0,8.41,topography,B,Not analized,,,geometric_mean_as_recorded,3.0,bindi2014_rhyp,4.5,2015-01-01
539,3,0.4501489036639268,0,234,XE.TNOVA.--,XE,TNOVA,,IT,39.9747,16.2611,1127.0,860.0,11.84,topography,A,Not analized,,,geometric_mean_as_recorded,3.0,bindi2014_rhyp,4.5,2015-01-01
13,12,0.5933338948231114,1,939,AC.DURR.00,AC,DURR,00,AL,41.3199,19.4573,,301.0,0.37,topography,C,Not analized,Fiberglass box,Pillar,geometric_mean_as_recorded,3.0,bindi2014_rhyp,4.5,2015-01-01
14,9,-0.009916658145028623,1,939,AC.HIMA.00,AC,HIMA,00,AL,40.089,19.7582,,987.0,16.58,topography,A,Not analized,Small masonry building,Building floor,geometric_mean_as_recorded,3.0,bindi2014_rhyp,4.5,2015-01-01
15,3,-0.0720465274939136,1,939,AC.PHP.01,AC,PHP,01,AL,41.6847,20.4408,670.0,532.0,3.77,topography,B,Not analized,,,geometric_mean_as_recorded,3.0,bindi2014_rhyp,4.5,2015-01-01
16,5,0.6026173040688987,1,939,AC.SRN.01,AC,SRN,01,AL,39.880001,20.0005,20.0,814.0,10.07,topography,A,Not analized,,,geometric_mean_as_recorded,3.0,bindi2014_rhyp,4.5,2015-01-01
17,5,-0.2527937430807393,1,939,BS.BLKB.--,BS,BLKB,,BG,43.6227,22.675,650.0,516.1,3.44,topography,B,Not analized,,,geometric_mean_as_recorded,3.0,bindi2014_rhyp,4.5,2015-01-01
18,5,0.4479333109050205,1,939,BS.KOZAM.--,BS,KOZAM,,BG,43.8274,23.2364,760.0,453.0,2.34,topography,B,Not analized,,,geometric_mean_as_recorded,3.0,bindi2014_rhyp,4.5,2015-01-01
19,3,0.20507097979942884,1,939,BS.MNNAM.--,BS,MNNAM,,BG,43.4111,23.2262,0.0,368.6,1.15,topography,B,Not analized,,,geometric_mean_as_recorded,3.0,bindi2014_rhyp,4.5,2015-01-01
20,3,0.4638950797816417,1,939,BS.PLVAM.--,BS,PLVAM,,BG,43.9523,22.8502,880.0,388.5,1.43,topography,B,Not analized,,,geometric_mean_as_recorded,3.0,bindi2014_rhyp,4.5,2015-01-01
21,4,0.16302170523878962,1,939,BS.PLVB.--,BS,PLVB,,BG,43.387,24.6207,199.0,684.3,6.75,topography,B,Not analized,,,geometric_mean_as_recorded,3.0,bindi2014_rhyp,4.5,2015-01-01
22,3,-0.3677128419992439,1,939,BS.RUSAM.--,BS,RUSAM,,BG,43.8462,25.9612,0.0,322.8,0.62,topography,C,Not analized,,,geometric_mean_as_recorded,3.0,bindi2014_rhyp,4.5,2015-01-01
23,36,-0.12133990161318431,1,939,CL.AGRP.00,CL,AGRP,00,GR,38.3959,21.72277,282.0,556.0,4.32,topography,B,Not analized,,,geometric_mean_as_recorded,3.0,bindi2014_rhyp,4.5,2015-01-01
24,7,0.3725563906173185,1,939,CL.MALA.00,CL,MALA,00,GR,38.39341,21.87263,7.0,363.0,1.07,topography,B,Not analized,,,geometric_mean_as_recorded,3.0,bindi2014_rhyp,4.5,2015-01-01
25,43,0.37457770345939023,1,939,CL.MALA.01,CL,MALA,01,GR,38.39341,21.87263,7.0,363.0,1.07,topography,B,Not analized,,,geometric_mean_as_recorded,3.0,bindi2014_rhyp,4.5,2015-01-01
26,114,0.012039690691008187,1,939,CL.ROD3.00,CL,ROD3,00,GR,38.30811,21.89204,448.0,514.0,3.39,topography,B,Not analized,,,geometric_mean_as_recorded,3.0,bindi2014_rhyp,4.5,2015-01-01
27,48,-0.027710673466623037,1,939,CL.TRIZ.00,CL,TRIZ,00,GR,38.36543,22.07272,59.0,729.0,7.48,topography,B,Not analized,,,geometric_mean_as_recorded,3.0,bindi2014_rhyp,4.5,2015-01-01
28,48,-0.0014592605631355005,1,939,GE.IMMV.--,GE,IMMV,,GR,35.4606,23.9811,230.0,1121.0,21.31,topography,A,Not analized,,,geometric_mean_as_recorded,3.0,bindi2014_rhyp,4.5,2015-01-01
29,52,-0.23726538082176518,1,939,GE.KARP.--,GE,KARP,,GR,35.5471,27.16106,524.0,835.0,10.88,topography,A,Not analized,,,geometric_mean_as_recorded,3.0,bindi2014_rhyp,4.5,2015-01-01
30,31,-0.06806102643265588,1,939,GE.KTHA.--,GE,KTHA,,GR,36.2566,23.0621,360.0,692.0,6.87,topography,B,Not analized,,,geometric_mean_as_recorded,3.0,bindi2014_rhyp,4.5,2015-01-01
31,33,0.1489810003321354,1,939,HA.AIGS.--,HA,AIGS,,GR,38.25001,22.0878,99.0,399.0,1.58,topography,B,Not analized,,,geometric_mean_as_recorded,3.0,bindi2014_rhyp,4.5,2015-01-01
32,34,-1.3838443652202428,1,939,HA.ATHU.--,HA,ATHU,,GR,37.9665,23.7845,308.0,648.0,6.16,topography,B,Not analized,,,geometric_mean_as_recorded,3.0,bindi2014_rhyp,4.5,2015-01-01
33,5,0.06580560198468988,1,939,HA.CORS.00,HA,CORS,00,GR,38.2562,22.0748,3.0,429.0,2.01,topography,B,Not analized,,,geometric_mean_as_recorded,3.0,bindi2014_rhyp,4.5,2015-01-01
34,8,-0.09448296119218536,1,939,HA.DRES.--,HA,DRES,,GR,38.319719,21.853176,80.0,527.0,3.68,topography,B,Not analized,,,geometric_mean_as_recorded,3.0,bindi2014_rhyp,4.5,2015-01-01
35,36,0.26026172991712926,1,939,HA.KIAS.--,HA,KIAS,,GR,37.9875,22.7543,100.0,344.0,0.85,topography,C,Not analized,,,geometric_mean_as_recorded,3.0,bindi2014_rhyp,4.5,2015-01-01
36,15,0.1972177832910328,1,939,HA.LTRS.--,HA,LTRS,,GR,37.97528,22.9765,3.0,535.0,3.84,topography,B,Not analized,,,geometric_mean_as_recorded,3.0,bindi2014_rhyp,4.5,2015-01-01
37,15,0.4659805640354313,1,939,HA.XLKS.--,HA,XLKS,,GR,38.0772,22.6361,6.0,379.0,1.3,topography,B,Not analized,,,geometric_mean_as_recorded,3.0,bindi2014_rhyp,4.5,2015-01-01
38,34,-0.17256135423077623,1,939,HC.ABEA.--,HC,ABEA,,GR,35.5163,24.0113,9.0,466.0,2.52,topography,B,Not analized,,,geometric_mean_as_recorded,3.0,bindi2014_rhyp,4.5,2015-01-01
39,79,-0.059458426356029936,1,939,HC.ATEI.--,HC,ATEI,,GR,35.5193,24.0432,59.0,406.0,1.67,topography,B,Not analized,,,geometric_mean_as_recorded,3.0,bindi2014_rhyp,4.5,2015-01-01
40,15,-0.03842357894019388,1,939,HC.DEYA.--,HC,DEYA,,GR,35.4825,24.014,41.0,352.0,0.94,topography,C,Not analized,,,geometric_mean_as_recorded,3.0,bindi2014_rhyp,4.5,2015-01-01
41,16,0.020416894688594533,1,939,HC.G0LD.--,HC,G0LD,,GR,35.4955,24.0306,15.0,342.0,0.83,topography,C,Not analized,,,geometric_mean_as_recorded,3.0,bindi2014_rhyp,4.5,2015-01-01
42,16,-0.12126974718050576,1,939,HC.LENT.--,HC,LENT,,GR,35.5074,24.0402,76.0,436.0,2.1,topography,B,Not analized,,,geometric_mean_as_recorded,3.0,bindi2014_rhyp,4.5,2015-01-01
43,5,0.06632400303723651,1,939,HC.MULT.--,HC,MULT,,GR,35.5091,24.0118,18.0,472.0,2.61,topography,B,Not analized,,,geometric_mean_as_recorded,3.0,bindi2014_rhyp,4.5,2015-01-01
44,19,0.009628424678964631,1,939,HC.NERO.--,HC,NERO,,GR,35.474,24.0423,77.0,927.0,14.34,topography,A,Not analized,,,geometric_mean_as_recorded,3.0,bindi2014_rhyp,4.5,2015-01-01
45,62,0.13579545062552145,1,939,HC.PASK.--,HC,PASK,,GR,35.4996,24.0121,18.0,429.0,2.01,topography,B,Not analized,,,geometric_mean_as_recorded,3.0,bindi2014_rhyp,4.5,2015-01-01
46,29,-0.19511262100116777,1,939,HC.POLY.--,HC,POLY,,GR,35.5226,24.0602,160.0,429.0,2.0,topography,B,Not analized,,,geometric_mean_as_recorded,3.0,bindi2014_rhyp,4.5,2015-01-01
47,38,0.5392278363512674,1,939,HI.AGR3.--,HI,AGR3,,GR,38.5893,21.4162,50.0,474.0,2.63,topography,B,Not analized,,,geometric_mean_as_recorded,3.0,bindi2014_rhyp,4.5,2015-01-01
48,21,-0.1710419050402069,1,939,HI.AIA1.--,HI,AIA1,,GR,40.1641,21.8202,448.0,440.0,2.16,topography,B,Not analized,,,geometric_mean_as_recorded,3.0,bindi2014_rhyp,4.5,2015-01-01
49,23,0.05759801000524056,1,939,HI.AIG2.--,HI,AIG2,,GR,38.2417,22.0726,116.0,454.0,2.36,topography,B,Not analized,,,geometric_mean_as_recorded,3.0,bindi2014_rhyp,4.5,2015-01-01
50,28,0.13538973220957573,1,939,HI.AKR1.--,HI,AKR1,,GR,38.153583,22.31326,124.0,817.0,10.16,topography,A,Not analized,,,geometric_mean_as_recorded,3.0,bindi2014_rhyp,4.5,2015-01-01
51,15,0.325067155569588,1,939,HI.ALX2.--,HI,ALX2,,GR,40.845417,25.873947,0.0,387.0,1.42,topography,B,Not analized,,,geometric_mean_as_recorded,3.0,bindi2014_rhyp,4.5,2015-01-01
52,33,0.34467461168354163,1,939,HI.AOL1.--,HI,AOL1,,GR,37.642378,21.624555,45.0,684.0,6.74,topography,B,Not analized,,,geometric_mean_as_recorded,3.0,bindi2014_rhyp,4.5,2015-01-01
53,12,-0.22701878145168852,1,939,HI.ARE2.--,HI,ARE2,,GR,36.66629,22.382635,255.0,363.0,1.07,topography,B,Not analized,,,geometric_mean_as_recorded,3.0,bindi2014_rhyp,4.5,2015-01-01
54,127,-0.05270973457070871,1,939,HI.ARG2.--,HI,ARG2,,GR,38.1783,20.4878,6.0,417.0,1.83,topography,B,Not analized,,,geometric_mean_as_recorded,3.0,bindi2014_rhyp,4.5,2015-01-01
55,100,0.10809017182645037,1,939,HI.ARK1.--,HI,ARK1,,GR,35.148777,25.264194,390.0,497.0,3.02,topography,B,Not analized,,,geometric_mean_as_recorded,3.0,bindi2014_rhyp,4.5,2015-01-01
56,78,0.08106794039951448,1,939,HI.ARS1.--,HI,ARS1,,GR,37.6349,22.7293,34.0,362.0,1.05,topography,B,Not analized,,,geometric_mean_as_recorded,3.0,bindi2014_rhyp,4.5,2015-01-01
57,79,-0.270118361595731,1,939,HI.ART2.--,HI,ART2,,GR,39.1474,20.9937,191.0,643.0,6.09,topography,B,Not analized,,,geometric_mean_as_recorded,3.0,bindi2014_rhyp,4.5,2015-01-01
58,45,-0.05193368567387935,1,939,HI.AST1.--,HI,AST1,,GR,38.5416,21.0895,4.0,782.0,8.82,topography,B,Not analized,,,geometric_mean_as_recorded,3.0,bindi2014_rhyp,4.5,2015-01-01
59,63,-0.0803134567632715,1,939,HI.ATH5.--,HI,ATH5,,GR,37.975421,23.737098,99.0,576.0,4.74,topography,B,Not analized,,,geometric_mean_as_recorded,3.0,bindi2014_rhyp,4.5,2015-01-01
60,102,-0.10375433309276128,1,939,HI.CH01.--,HI,CH01,,GR,35.517,24.0208,0.0,327.0,0.67,topography,C,Not analized,,,geometric_mean_as_recorded,3.0,bindi2014_rhyp,4.5,2015-01-01
61,79,0.013170750938881315,1,939,HI.CH02.--,HI,CH02,,GR,35.5145,24.0315,8.0,366.0,1.11,topography,B,Not analized,,,geometric_mean_as_recorded,3.0,bindi2014_rhyp,4.5,2015-01-01
62,72,-0.18834476632759511,1,939,HI.CH03.--,HI,CH03,,GR,35.53303,24.0705,127.0,516.0,3.43,topography,B,Not analized,,,geometric_mean_as_recorded,3.0,bindi2014_rhyp,4.5,2015-01-01
63,16,-0.315434085730147,1,939,HI.DRA2.--,HI,DRA2,,GR,41.1593,24.1485,167.0,388.0,1.42,topography,B,Not analized,,,geometric_mean_as_recorded,3.0,bindi2014_rhyp,4.5,2015-01-01
64,16,-0.08292507277868633,1,939,HI.FLO2.--,HI,FLO2,,GR,40.7801,21.4052,664.0,449.0,2.29,topography,B,Not analized,,,geometric_mean_as_recorded,3.0,bindi2014_rhyp,4.5,2015-01-01
65,35,-0.20751547088506783,1,939,HI.FRS1.--,HI,FRS1,,GR,39.2934,22.3844,162.0,732.0,7.52,topography,B,Not analized,,,geometric_mean_as_recorded,3.0,bindi2014_rhyp,4.5,2015-01-01
66,93,0.08417507714951045,1,939,HI.GOR1.--,HI,GOR1,,GR,35.0582,24.9628,159.0,528.0,3.7,topography,B,Not analized,,,geometric_mean_as_recorded,3.0,bindi2014_rhyp,4.5,2015-01-01
67,25,-0.17419887004278067,1,939,HI.GRE3.--,HI,GRE3,,GR,40.08481,21.43829,517.0,335.0,0.75,topography,C,Not analized,,,geometric_mean_as_recorded,3.0,bindi2014_rhyp,4.5,2015-01-01
68,21,0.07778713553115069,1,939,HI.GTH2.--,HI,GTH2,,GR,36.7603,22.5659,0.0,579.0,4.82,topography,B,Not analized,,,geometric_mean_as_recorded,3.0,bindi2014_rhyp,4.5,2015-01-01
69,83,0.2721890554872041,1,939,HI.HER1.--,HI,HER1,,GR,35.317672,25.10217,54.0,433.0,2.06,topography,B,Not analized,,,geometric_mean_as_recorded,3.0,bindi2014_rhyp,4.5,2015-01-01
70,70,0.20607434666331892,1,939,HI.HER3.--,HI,HER3,,GR,35.3296,25.1065,7.0,379.0,1.3,topography,B,Not analized,,,geometric_mean_as_recorded,3.0,bindi2014_rhyp,4.5,2015-01-01
71,19,-0.055087131275836754,1,939,HI.ITC1.--,HI,ITC1,,GR,38.3647,20.7156,0.0,834.0,10.85,topography,A,Not analized,,,geometric_mean_as_recorded,3.0,bindi2014_rhyp,4.5,2015-01-01
72,29,-0.28183417199014216,1,939,HI.ITS1.--,HI,ITS1,,GR,40.605,23.0123,173.0,429.0,2.0,topography,B,Not analized,,,geometric_mean_as_recorded,3.0,bindi2014_rhyp,4.5,2015-01-01
73,33,-0.11697147417532883,1,939,HI.JAN2.--,HI,JAN2,,GR,39.664,20.85222,503.0,562.0,4.45,topography,B,Not analized,,,geometric_mean_as_recorded,3.0,bindi2014_rhyp,4.5,2015-01-01
74,34,-0.11748051005293436,1,939,HI.JAN3.--,HI,JAN3,,GR,39.684,20.8379,481.0,409.0,1.72,topography,B,Not analized,,,geometric_mean_as_recorded,3.0,bindi2014_rhyp,4.5,2015-01-01
75,31,0.2569747936990162,1,939,HI.KAC1.--,HI,KAC1,,GR,38.143412,21.549694,31.0,311.0,0.49,topography,C,Not analized,,,geometric_mean_as_recorded,3.0,bindi2014_rhyp,4.5,2015-01-01
76,34,0.6246500515421967,1,939,HI.KAR2.--,HI,KAR2,,GR,39.365759,21.91933,106.0,482.0,2.75,topography,B,Not analized,,,geometric_mean_as_recorded,3.0,bindi2014_rhyp,4.5,2015-01-01
77,22,-0.15076909427079144,1,939,HI.KAS2.--,HI,KAS2,,GR,40.504878,21.280507,644.0,587.0,4.99,topography,B,Not analized,,,geometric_mean_as_recorded,3.0,bindi2014_rhyp,4.5,2015-01-01
78,36,-0.1662918346772133,1,939,HI.KIF1.--,HI,KIF1,,GR,38.077273,23.814551,310.0,353.0,0.95,topography,C,Not analized,,,geometric_mean_as_recorded,3.0,bindi2014_rhyp,4.5,2015-01-01
79,47,-0.0036188858973774662,1,939,HI.KIS1.--,HI,KIS1,,GR,35.493933,23.658993,24.0,497.0,3.02,topography,B,Not analized,,,geometric_mean_as_recorded,3.0,bindi2014_rhyp,4.5,2015-01-01
80,24,0.18584405496614897,1,939,HI.KLR1.--,HI,KLR1,,GR,40.58251,22.949554,28.0,364.0,1.09,topography,B,Not analized,,,geometric_mean_as_recorded,3.0,bindi2014_rhyp,4.5,2015-01-01
81,144,-0.1118745933041494,1,939,HI.KLV1.--,HI,KLV1,,GR,38.03256,22.10797,717.0,465.0,2.52,topography,B,Not analized,,,geometric_mean_as_recorded,3.0,bindi2014_rhyp,4.5,2015-01-01
82,13,0.32554863067080575,1,939,HI.KMT1.--,HI,KMT1,,GR,41.1159,25.4066,53.0,338.0,0.79,topography,C,Not analized,,,geometric_mean_as_recorded,3.0,bindi2014_rhyp,4.5,2015-01-01
83,21,0.05921526053092385,1,939,HI.KNS1.--,HI,KNS1,,GR,40.048,20.7524,621.0,900.0,13.34,topography,A,Not analized,,,geometric_mean_as_recorded,3.0,bindi2014_rhyp,4.5,2015-01-01
84,42,0.3395501584588156,1,939,HI.KOR2.--,HI,KOR2,,GR,37.9401,22.9495,35.0,508.0,3.25,topography,B,Not analized,,,geometric_mean_as_recorded,3.0,bindi2014_rhyp,4.5,2015-01-01
85,25,0.24675547201762027,1,939,HI.KOS2.--,HI,KOS2,,GR,36.8941,27.2888,10.0,489.0,2.85,topography,B,Not analized,,,geometric_mean_as_recorded,3.0,bindi2014_rhyp,4.5,2015-01-01
86,22,-0.2786762832159737,1,939,HI.KOZ2.--,HI,KOZ2,,GR,40.295728,21.788123,731.0,551.0,4.21,topography,B,Not analized,,,geometric_mean_as_recorded,3.0,bindi2014_rhyp,4.5,2015-01-01
87,73,0.08086159410014515,1,939,HI.KRI1.--,HI,KRI1,,GR,37.6621,20.8172,185.0,882.0,12.65,topography,A,Not analized,,,geometric_mean_as_recorded,3.0,bindi2014_rhyp,4.5,2015-01-01
88,81,-0.07545159771201049,1,939,HI.KRK1.--,HI,KRK1,,GR,39.618861,19.9202,10.0,421.0,1.89,topography,B,Not analized,,,geometric_mean_as_recorded,3.0,bindi2014_rhyp,4.5,2015-01-01
89,148,-0.054553515882633796,1,939,HI.KRL1.--,HI,KRL1,,GR,37.7951,26.7065,14.0,644.0,6.1,topography,B,Not analized,,,geometric_mean_as_recorded,3.0,bindi2014_rhyp,4.5,2015-01-01
90,77,-0.4020470024977578,1,939,HI.KSS1.--,HI,KSS1,,GR,35.4189,26.9207,0.0,767.0,8.25,topography,B,Not analized,,,geometric_mean_as_recorded,3.0,bindi2014_rhyp,4.5,2015-01-01
91,62,-0.29185727686610785,1,939,HI.KTL1.--,HI,KTL1,,GR,35.20778,25.34272,390.0,327.0,0.67,topography,C,Not analized,,,geometric_mean_as_recorded,3.0,bindi2014_rhyp,4.5,2015-01-01
92,19,-0.13739536654213802,1,939,HI.KYP2.--,HI,KYP2,,GR,37.2497,21.667,34.0,417.0,1.84,topography,B,Not analized,,,geometric_mean_as_recorded,3.0,bindi2014_rhyp,4.5,2015-01-01
93,68,-0.032260373338481196,1,939,HI.LAM2.--,HI,LAM2,,GR,38.90203,22.431301,112.0,767.0,8.23,topography,B,Not analized,,,geometric_mean_as_recorded,3.0,bindi2014_rhyp,4.5,2015-01-01
94,37,0.6089129629704422,1,939,HI.LAR4.--,HI,LAR4,,GR,39.6422,22.4219,84.0,407.0,1.69,topography,B,Not analized,,,geometric_mean_as_recorded,3.0,bindi2014_rhyp,4.5,2015-01-01
95,46,0.321580889248302,1,939,HI.LEF2.--,HI,LEF2,,GR,38.830093,20.708346,5.0,311.0,0.49,topography,C,Not analized,,,geometric_mean_as_recorded,3.0,bindi2014_rhyp,4.5,2015-01-01
96,18,0.02109294176346943,1,939,HI.LEO1.--,HI,LEO1,,GR,37.1689,22.8637,57.0,863.0,11.94,topography,A,Not analized,,,geometric_mean_as_recorded,3.0,bindi2014_rhyp,4.5,2015-01-01
97,35,-0.25161485733155076,1,939,HI.LMN1.--,HI,LMN1,,GR,39.875,25.0588,2.0,603.0,5.34,topography,B,Not analized,,,geometric_mean_as_recorded,3.0,bindi2014_rhyp,4.5,2015-01-01
98,64,-0.22949659244780674,1,939,HI.LMS2.--,HI,LMS2,,GR,40.834985,21.141815,923.0,446.0,2.25,topography,B,Not analized,,,geometric_mean_as_recorded,3.0,bindi2014_rhyp,4.5,2015-01-01
99,16,0.3318461536945539,1,939,HI.LXR2.--,HI,LXR2,,GR,38.206718,20.436386,7.0,449.0,2.29,topography,B,Not analized,,,geometric_mean_as_recorded,3.0,bindi2014_rhyp,4.5,2015-01-01
100,22,0.4687061700449177,1,939,HI.MGP1.--,HI,MGP1,,GR,37.403248,22.140703,433.0,298.0,0.35,topography,C,Not analized,,,geometric_mean_as_recorded,3.0,bindi2014_rhyp,4.5,2015-01-01
101,6,-0.003583812072238124,1,939,HI.MOS1.--,HI,MOS1,,GR,37.953107,23.681947,9.0,306.0,0.42,topography,C,Not analized,,,geometric_mean_as_recorded,3.0,bindi2014_rhyp,4.5,2015-01-01
102,143,0.22299669966889735,1,939,HI.MSL1.--,HI,MSL1,,GR,38.3727,21.4243,1.0,344.0,0.85,topography,C,Not analized,,,geometric_mean_as_recorded,3.0,bindi2014_rhyp,4.5,2015-01-01
103,101,0.18148066221525272,1,939,HI.MYT1.--,HI,MYT1,,GR,39.085,26.5694,34.0,809.0,9.86,topography,A,Not analized,,,geometric_mean_as_recorded,3.0,bindi2014_rhyp,4.5,2015-01-01
104,118,-0.35347276383512405,1,939,HI.NAX1.--,HI,NAX1,,GR,37.101394,25.374103,7.0,407.0,1.69,topography,B,Not analized,,,geometric_mean_as_recorded,3.0,bindi2014_rhyp,4.5,2015-01-01
105,47,0.06903957286521323,1,939,HI.NMA1.--,HI,NMA1,,GR,37.81873,22.662702,290.0,561.0,4.42,topography,B,Not analized,,,geometric_mean_as_recorded,3.0,bindi2014_rhyp,4.5,2015-01-01
106,45,-0.16048128065914014,1,939,HI.NPS1.--,HI,NPS1,,GR,36.51263,23.06248,48.0,407.0,1.69,topography,B,Not analized,,,geometric_mean_as_recorded,3.0,bindi2014_rhyp,4.5,2015-01-01
107,20,0.39966318542482626,1,939,HI.PAT4.--,HI,PAT4,,GR,38.2338,21.74795,44.0,376.0,1.25,topography,B,Not analized,,,geometric_mean_as_recorded,3.0,bindi2014_rhyp,4.5,2015-01-01
108,23,0.12533375708454297,1,939,HI.PAT5.--,HI,PAT5,,GR,38.29595,21.795083,49.0,545.0,4.08,topography,B,Not analized,,,geometric_mean_as_recorded,3.0,bindi2014_rhyp,4.5,2015-01-01
109,37,-0.05122630306960452,1,939,HI.PER1.--,HI,PER1,,GR,38.0119,23.7027,66.0,425.0,1.94,topography,B,Not analized,,,geometric_mean_as_recorded,3.0,bindi2014_rhyp,4.5,2015-01-01
110,31,0.07988638328858988,1,939,HI.PET1.--,HI,PET1,,GR,36.963862,21.92538,6.0,403.0,1.64,topography,B,Not analized,,,geometric_mean_as_recorded,3.0,bindi2014_rhyp,4.5,2015-01-01
111,12,-0.12353834030563515,1,939,HI.PIR1.--,HI,PIR1,,GR,37.93723,23.642595,87.0,275.0,0.26,topography,C,Not analized,,,geometric_mean_as_recorded,3.0,bindi2014_rhyp,4.5,2015-01-01
112,26,0.1874734619792609,1,939,HI.PIR2.--,HI,PIR2,,GR,37.9458,23.6709,10.0,502.0,3.13,topography,B,Not analized,,,geometric_mean_as_recorded,3.0,bindi2014_rhyp,4.5,2015-01-01
113,26,-0.24445972065116173,1,939,HI.PIR3.--,HI,PIR3,,GR,37.9573,23.6519,10.0,338.0,0.79,topography,C,Not analized,,,geometric_mean_as_recorded,3.0,bindi2014_rhyp,4.5,2015-01-01
114,24,0.2562628125653452,1,939,HI.PLA1.--,HI,PLA1,,GR,40.555907,22.988593,13.0,405.0,1.67,topography,B,Not analized,,,geometric_mean_as_recorded,3.0,bindi2014_rhyp,4.5,2015-01-01
115,45,0.1422124199902005,1,939,HI.PLN1.--,HI,PLN1,,GR,39.998,23.575,29.0,443.0,2.2,topography,B,Not analized,,,geometric_mean_as_recorded,3.0,bindi2014_rhyp,4.5,2015-01-01
116,24,0.4235940706533091,1,939,HI.PTO1.--,HI,PTO1,,GR,40.510132,21.681568,603.0,399.0,1.58,topography,B,Not analized,,,geometric_mean_as_recorded,3.0,bindi2014_rhyp,4.5,2015-01-01
117,36,0.3203179422458889,1,939,HI.PYR2.--,HI,PYR2,,GR,37.6671,21.4506,8.0,442.0,2.19,topography,B,Not analized,,,geometric_mean_as_recorded,3.0,bindi2014_rhyp,4.5,2015-01-01
118,70,0.3477428378185201,1,939,HI.RDI1.--,HI,RDI1,,GR,36.4514,28.224,7.0,413.0,1.78,topography,B,Not analized,,,geometric_mean_as_recorded,3.0,bindi2014_rhyp,4.5,2015-01-01
119,46,-0.1959105908497164,1,939,HI.RGE1.--,HI,RGE1,,GR,36.0269,27.9306,3.0,396.0,1.54,topography,B,Not analized,,,geometric_mean_as_recorded,3.0,bindi2014_rhyp,4.5,2015-01-01
120,49,-0.04380158906756959,1,939,HI.RKL1.--,HI,RKL1,,GR,36.336699,28.171224,78.0,533.0,3.81,topography,B,Not analized,,,geometric_mean_as_recorded,3.0,bindi2014_rhyp,4.5,2015-01-01
121,27,-0.23841719299180486,1,939,HI.RKT1.--,HI,RKT1,,GR,35.954336,27.767327,49.0,403.0,1.64,topography,B,Not analized,,,geometric_mean_as_recorded,3.0,bindi2014_rhyp,4.5,2015-01-01
122,34,0.39505772848368115,1,939,HI.RPN1.--,HI,RPN1,,GR,36.448678,28.218047,14.0,581.0,4.86,topography,B,Not analized,,,geometric_mean_as_recorded,3.0,bindi2014_rhyp,4.5,2015-01-01
123,26,0.08375095020435053,1,939,HI.RSO1.--,HI,RSO1,,GR,36.3632,28.0016,8.0,381.0,1.33,topography,B,Not analized,,,geometric_mean_as_recorded,3.0,bindi2014_rhyp,4.5,2015-01-01
124,43,-0.10488237311351256,1,939,HI.RTH1.--,HI,RTH1,,GR,35.365393,24.471773,15.0,424.0,1.93,topography,B,Not analized,,,geometric_mean_as_recorded,3.0,bindi2014_rhyp,4.5,2015-01-01
125,20,-0.4924480635501204,1,939,HI.SEIS.--,HI,SEIS,,GR,40.631849,22.962768,63.0,726.0,7.42,topography,B,Not analized,,,geometric_mean_as_recorded,3.0,bindi2014_rhyp,4.5,2015-01-01
126,28,-0.0261446538182194,1,939,HI.SFL1.--,HI,SFL1,,GR,41.189954,26.304374,6.0,355.0,0.97,topography,C,Not analized,,,geometric_mean_as_recorded,3.0,bindi2014_rhyp,4.5,2015-01-01
127,56,-0.12997305690602456,1,939,HI.SFR2.--,HI,SFR2,,GR,36.399841,25.438209,206.0,485.0,2.79,topography,B,Not analized,,,geometric_mean_as_recorded,3.0,bindi2014_rhyp,4.5,2015-01-01
128,50,-0.11299653521033592,1,939,HI.SGR1.--,HI,SGR1,,GR,39.211392,25.855221,28.0,814.0,10.06,topography,A,Not analized,,,geometric_mean_as_recorded,3.0,bindi2014_rhyp,4.5,2015-01-01
129,25,-0.11805464487463468,1,939,HI.SIA1.--,HI,SIA1,,GR,40.257308,21.553432,918.0,948.0,15.14,topography,A,Not analized,,,geometric_mean_as_recorded,3.0,bindi2014_rhyp,4.5,2015-01-01
130,96,-0.10480830043147649,1,939,HI.SIT2.--,HI,SIT2,,GR,35.2059,26.107,0.0,385.0,1.39,topography,B,Not analized,,,geometric_mean_as_recorded,3.0,bindi2014_rhyp,4.5,2015-01-01
131,81,-0.10689865548613686,1,939,HI.SKY1.--,HI,SKY1,,GR,38.904483,24.564572,75.0,824.0,10.43,topography,A,Not analized,,,geometric_mean_as_recorded,3.0,bindi2014_rhyp,4.5,2015-01-01
132,13,0.34730221796185334,1,939,HI.SPP1.--,HI,SPP1,,GR,41.0225,25.7013,125.0,443.0,2.2,topography,B,Not analized,,,geometric_mean_as_recorded,3.0,bindi2014_rhyp,4.5,2015-01-01
133,18,-0.374482502796847,1,939,HI.STL1.--,HI,STL1,,GR,40.662419,22.935323,28.0,407.0,1.69,topography,B,Not analized,,,geometric_mean_as_recorded,3.0,bindi2014_rhyp,4.5,2015-01-01
134,29,-0.38895546807375336,1,939,HI.THS1.--,HI,THS1,,GR,40.738476,24.575145,20.0,527.0,3.66,topography,B,Not analized,,,geometric_mean_as_recorded,3.0,bindi2014_rhyp,4.5,2015-01-01
135,50,0.2220851145722571,1,939,HI.THV2.--,HI,THV2,,GR,38.316117,23.319807,215.0,535.0,3.85,topography,B,Not analized,,,geometric_mean_as_recorded,3.0,bindi2014_rhyp,4.5,2015-01-01
136,36,-0.12525578817264182,1,939,HI.TRP1.--,HI,TRP1,,GR,37.511219,22.363399,698.0,504.0,3.17,topography,B,Not analized,,,geometric_mean_as_recorded,3.0,bindi2014_rhyp,4.5,2015-01-01
137,64,-0.1298297122004698,1,939,HI.VOL2.--,HI,VOL2,,GR,39.366,22.9506,26.0,393.0,1.5,topography,B,Not analized,,,geometric_mean_as_recorded,3.0,bindi2014_rhyp,4.5,2015-01-01
138,41,-0.31762837254342136,1,939,HI.VOL3.--,HI,VOL3,,GR,39.373969,22.935352,10.0,332.0,0.72,topography,C,Not analized,,,geometric_mean_as_recorded,3.0,bindi2014_rhyp,4.5,2015-01-01
139,39,-0.04550002048071344,1,939,HI.VSK1.--,HI,VSK1,,GR,38.4091,20.564,302.0,652.0,6.22,topography,B,Not analized,,,geometric_mean_as_recorded,3.0,bindi2014_rhyp,4.5,2015-01-01
140,12,0.0010156360037594236,1,939,HI.XAN2.--,HI,XAN2,,GR,41.142046,24.890781,74.0,423.0,1.92,topography,B,Not analized,,,geometric_mean_as_recorded,3.0,bindi2014_rhyp,4.5,2015-01-01
141,37,-0.04403801143112496,1,939,HL.ACHA.00,HL,ACHA,00,GR,38.07458,23.74127,183.0,348.0,0.9,topography,C,Not analized,,,geometric_mean_as_recorded,3.0,bindi2014_rhyp,4.5,2015-01-01
142,32,-0.26562456961418146,1,939,HL.AGNA.00,HL,AGNA,00,GR,35.1895,25.71853,15.0,531.0,3.77,topography,B,Not analized,,,geometric_mean_as_recorded,3.0,bindi2014_rhyp,4.5,2015-01-01
143,26,-0.042108659397062986,1,939,HL.AGXA.00,HL,AGXA,00,GR,39.27649,22.81999,2.0,389.0,1.43,topography,B,Not analized,,,geometric_mean_as_recorded,3.0,bindi2014_rhyp,4.5,2015-01-01
144,46,-0.1285347871538992,1,939,HL.ALNA.00,HL,ALNA,00,GR,39.14804,23.86669,40.0,437.0,2.12,topography,B,Not analized,,,geometric_mean_as_recorded,3.0,bindi2014_rhyp,4.5,2015-01-01
145,3,0.44220640674675016,1,939,HL.ALXA.00,HL,ALXA,00,GR,40.8555,25.90192,12.0,411.0,1.75,topography,B,Not analized,,,geometric_mean_as_recorded,3.0,bindi2014_rhyp,4.5,2015-01-01
146,67,-0.38803046174104827,1,939,HL.AMGA.00,HL,AMGA,00,GR,36.831551,25.893818,307.0,502.0,3.12,topography,B,Not analized,,,geometric_mean_as_recorded,3.0,bindi2014_rhyp,4.5,2015-01-01
147,3,-0.24299531329187185,1,939,HL.AMYA.00,HL,AMYA,00,GR,40.6901,21.67899,595.0,350.0,0.92,topography,C,Not analized,,,geometric_mean_as_recorded,3.0,bindi2014_rhyp,4.5,2015-01-01
148,36,0.13516978151413334,1,939,HL.ANAF.--,HL,ANAF,,GR,36.35675,25.77262,335.0,811.0,9.93,topography,A,Not analized,,,geometric_mean_as_recorded,3.0,bindi2014_rhyp,4.5,2015-01-01
149,28,-0.1547896870388754,1,939,HL.ANKY.00,HL,ANKY,00,GR,35.86704,23.30117,143.0,760.0,7.97,topography,B,Not analized,,,geometric_mean_as_recorded,3.0,bindi2014_rhyp,4.5,2015-01-01
150,20,0.17162300190354401,1,939,HL.ARIA.00,HL,ARIA,00,GR,38.33358,21.76206,1.0,301.0,0.37,topography,C,Not analized,,,geometric_mean_as_recorded,3.0,bindi2014_rhyp,4.5,2015-01-01
151,43,-0.3948620704072595,1,939,HL.ARTB.00,HL,ARTB,00,GR,39.15702,20.9785,29.0,311.0,0.49,topography,C,Not analized,,,geometric_mean_as_recorded,3.0,bindi2014_rhyp,4.5,2015-01-01
152,31,-0.5018717317749469,1,939,HL.ASTA.00,HL,ASTA,00,GR,36.54552,26.35295,64.0,793.0,9.24,topography,B,Not analized,,,geometric_mean_as_recorded,3.0,bindi2014_rhyp,4.5,2015-01-01
153,47,-0.052000642289415144,1,939,HL.ATHP.00,HL,ATHP,00,GR,38.000799,23.773487,187.0,453.0,2.35,topography,B,Not analized,,,geometric_mean_as_recorded,3.0,bindi2014_rhyp,4.5,2015-01-01
154,83,-0.09681683855144296,1,939,HL.CHNB.00,HL,CHNB,00,GR,35.48765,24.06605,5.0,353.0,0.95,topography,C,Not analized,,,geometric_mean_as_recorded,3.0,bindi2014_rhyp,4.5,2015-01-01
155,3,-0.2009502953839687,1,939,HL.DION.--,HL,DION,,GR,38.07794,23.93306,460.0,459.0,2.43,topography,B,Not analized,,,geometric_mean_as_recorded,3.0,bindi2014_rhyp,4.5,2015-01-01
156,93,-0.09802961525785214,1,939,HL.DLFA.00,HL,DLFA,00,GR,38.47836,22.49583,570.0,1666.0,37.55,topography,A,Not analized,,,geometric_mean_as_recorded,3.0,bindi2014_rhyp,4.5,2015-01-01
157,30,0.0006907677141357871,1,939,HL.DRPA.00,HL,DRPA,00,GR,37.94738,23.63024,18.0,523.0,3.59,topography,B,Not analized,,,geometric_mean_as_recorded,3.0,bindi2014_rhyp,4.5,2015-01-01
158,60,-0.10405564190829741,1,939,HL.EFSA.00,HL,EFSA,00,GR,39.54015,24.98864,5.0,586.0,4.96,topography,B,Not analized,,,geometric_mean_as_recorded,3.0,bindi2014_rhyp,4.5,2015-01-01
159,32,-0.20709577773591814,1,939,HL.ELFA.00,HL,ELFA,00,GR,38.04472,23.5405,9.0,321.0,0.6,topography,C,Not analized,,,geometric_mean_as_recorded,3.0,bindi2014_rhyp,4.5,2015-01-01
160,6,0.4625731037571375,1,939,HL.ELIN.--,HL,ELIN,,GR,38.099492,22.487383,568.0,924.0,14.23,topography,A,Not analized,,,geometric_mean_as_recorded,3.0,bindi2014_rhyp,4.5,2015-01-01
161,31,0.0997939449567955,1,939,HL.GINA.00,HL,GINA,00,GR,39.66886,22.389,94.0,355.0,0.97,topography,C,Not analized,,,geometric_mean_as_recorded,3.0,bindi2014_rhyp,4.5,2015-01-01
162,84,0.2222310969509121,1,939,HL.HERG.00,HL,HERG,00,GR,35.32622,25.06586,31.0,470.0,2.58,topography,B,Not analized,,,geometric_mean_as_recorded,3.0,bindi2014_rhyp,4.5,2015-01-01
163,135,0.34258488568667156,1,939,HL.IACM.--,HL,IACM,,GR,35.3058,25.0709,45.0,844.0,11.22,topography,A,Not analized,,,geometric_mean_as_recorded,3.0,bindi2014_rhyp,4.5,2015-01-01
164,86,-0.011795086701615776,1,939,HL.IMMV.--,HL,IMMV,,GR,35.4606,23.9811,230.0,1036.0,18.32,topography,A,Not analized,,,geometric_mean_as_recorded,3.0,bindi2014_rhyp,4.5,2015-01-01
165,23,0.0795999627969034,1,939,HL.ITM.00,HL,ITM,00,GR,37.17872,21.92522,423.0,882.0,12.68,topography,A,Not analized,,,geometric_mean_as_recorded,3.0,bindi2014_rhyp,4.5,2015-01-01
166,103,-0.14233109123958987,1,939,HL.JAN.00,HL,JAN,00,GR,39.65616,20.84874,526.0,399.0,1.58,topography,B,Not analized,,,geometric_mean_as_recorded,3.0,bindi2014_rhyp,4.5,2015-01-01
167,49,-0.14375991805885158,1,939,HL.KARA.00,HL,KARA,00,GR,38.01581,24.42014,20.0,497.0,3.03,topography,B,Not analized,,,geometric_mean_as_recorded,3.0,bindi2014_rhyp,4.5,2015-01-01
168,77,-0.20671804973318542,1,939,HL.KARP.--,HL,KARP,,GR,35.5471,27.16106,524.0,835.0,10.88,topography,A,Not analized,,,geometric_mean_as_recorded,3.0,bindi2014_rhyp,4.5,2015-01-01
169,38,-0.06512907302596305,1,939,HL.KASA.00,HL,KASA,00,GR,39.74628,19.93542,65.0,1006.0,17.27,topography,A,Not analized,,,geometric_mean_as_recorded,3.0,bindi2014_rhyp,4.5,2015-01-01
170,149,-0.38578372143798834,1,939,HL.KLNA.00,HL,KLNA,00,GR,36.95708,26.97274,28.0,530.0,3.75,topography,B,Not analized,,,geometric_mean_as_recorded,3.0,bindi2014_rhyp,4.5,2015-01-01
171,7,0.4948468317548264,1,939,HL.KOMA.00,HL,KOMA,00,GR,41.11278,25.39647,37.0,385.0,1.38,topography,B,Not analized,,,geometric_mean_as_recorded,3.0,bindi2014_rhyp,4.5,2015-01-01
172,11,0.2556032049975028,1,939,HL.KRYO.--,HL,KRYO,,GR,37.971151,22.617961,883.0,492.0,2.91,topography,B,Not analized,,,geometric_mean_as_recorded,3.0,bindi2014_rhyp,4.5,2015-01-01
173,18,-0.20954137799971662,1,939,HL.KSL.00,HL,KSL,00,GR,36.15031,29.58561,64.0,781.0,8.79,topography,B,Not analized,,,geometric_mean_as_recorded,3.0,bindi2014_rhyp,4.5,2015-01-01
174,6,-0.10422728310532081,1,939,HL.KSTE.--,HL,KSTE,,GR,35.1801,25.3372,395.0,1052.0,18.91,topography,A,Not analized,,,geometric_mean_as_recorded,3.0,bindi2014_rhyp,4.5,2015-01-01
175,31,0.18488004011124104,1,939,HL.KTHA.--,HL,KTHA,,GR,36.2566,23.0621,360.0,692.0,6.87,topography,B,Not analized,,,geometric_mean_as_recorded,3.0,bindi2014_rhyp,4.5,2015-01-01
176,22,-0.345057473667406,1,939,HL.KVLA.00,HL,KVLA,00,GR,40.93704,24.38591,122.0,782.0,8.82,topography,B,Not analized,,,geometric_mean_as_recorded,3.0,bindi2014_rhyp,4.5,2015-01-01
177,15,0.6781560892886009,1,939,HL.LARA.00,HL,LARA,00,GR,39.63704,22.42969,75.0,390.0,1.46,topography,B,Not analized,,,geometric_mean_as_recorded,3.0,bindi2014_rhyp,4.5,2015-01-01
178,65,-0.325646692908219,1,939,HL.LIA.00,HL,LIA,00,GR,39.89725,25.18055,67.0,471.0,2.59,topography,B,Not analized,,,geometric_mean_as_recorded,3.0,bindi2014_rhyp,4.5,2015-01-01
179,35,-0.42208454130814965,1,939,HL.LKR.--,HL,LKR,,GR,38.64957,22.998812,192.0,1074.0,19.67,topography,A,Not analized,,,geometric_mean_as_recorded,3.0,bindi2014_rhyp,4.5,2015-01-01
180,7,-0.1323724119308477,1,939,HL.LVRA.00,HL,LVRA,00,GR,37.71196,24.05518,5.0,376.0,1.25,topography,B,Not analized,,,geometric_mean_as_recorded,3.0,bindi2014_rhyp,4.5,2015-01-01
181,87,0.3744140087278584,1,939,HL.LXRA.00,HL,LXRA,00,GR,38.20006,20.43718,0.0,462.0,2.47,topography,B,Not analized,,,geometric_mean_as_recorded,3.0,bindi2014_rhyp,4.5,2015-01-01
182,72,0.20521644750567353,1,939,HL.MILA.00,HL,MILA,00,GR,36.74288,24.4282,130.0,573.0,4.69,topography,B,Not analized,,,geometric_mean_as_recorded,3.0,bindi2014_rhyp,4.5,2015-01-01
183,21,-0.07576134305735382,1,939,HL.NASA.00,HL,NASA,00,GR,40.63111,22.06706,350.0,446.0,2.24,topography,B,Not analized,,,geometric_mean_as_recorded,3.0,bindi2014_rhyp,4.5,2015-01-01
184,11,-0.1445104893881719,1,939,HL.NGRA.00,HL,NGRA,00,GR,40.90747,23.49933,68.0,321.0,0.6,topography,C,Not analized,,,geometric_mean_as_recorded,3.0,bindi2014_rhyp,4.5,2015-01-01
185,55,-0.020718131212432267,1,939,HL.NOAC.00,HL,NOAC,00,GR,37.97384,23.71767,93.0,719.0,7.32,topography,B,Not analized,,,geometric_mean_as_recorded,3.0,bindi2014_rhyp,4.5,2015-01-01
186,14,-0.07930618955394053,1,939,HL.NOAC.02,HL,NOAC,02,GR,37.97384,23.71767,93.0,719.0,7.32,topography,B,Not analized,,,geometric_mean_as_recorded,3.0,bindi2014_rhyp,4.5,2015-01-01
187,26,-0.06286576071529415,1,939,HL.NPLA.00,HL,NPLA,00,GR,37.56561,22.79975,10.0,505.0,3.19,topography,B,Not analized,,,geometric_mean_as_recorded,3.0,bindi2014_rhyp,4.5,2015-01-01
188,13,0.2492665267738477,1,939,HL.NVR.00,HL,NVR,00,GR,41.34846,23.86517,627.0,955.0,15.37,topography,A,Not analized,,,geometric_mean_as_recorded,3.0,bindi2014_rhyp,4.5,2015-01-01
189,11,-0.2381329244698117,1,939,HL.OREA.00,HL,OREA,00,GR,40.72705,22.91452,257.0,458.0,2.42,topography,B,Not analized,,,geometric_mean_as_recorded,3.0,bindi2014_rhyp,4.5,2015-01-01
190,147,0.47312340877191544,1,939,HL.PATC.00,HL,PATC,00,GR,38.26933,21.76001,47.0,444.0,2.21,topography,B,Not analized,,,geometric_mean_as_recorded,3.0,bindi2014_rhyp,4.5,2015-01-01
191,105,0.41329402285237093,1,939,HL.PATG.00,HL,PATG,00,GR,38.23865,21.72657,1.0,315.0,0.53,topography,C,Not analized,,,geometric_mean_as_recorded,3.0,bindi2014_rhyp,4.5,2015-01-01
192,3,-0.31034347914113136,1,939,HL.PLG.--,HL,PLG,,GR,40.37328,23.44443,566.0,608.0,5.44,topography,B,Not analized,,,geometric_mean_as_recorded,3.0,bindi2014_rhyp,4.5,2015-01-01
193,26,0.026008754632325215,1,939,HL.PRGA.00,HL,PRGA,00,GR,39.28557,20.40157,15.0,728.0,7.46,topography,B,Not analized,,,geometric_mean_as_recorded,3.0,bindi2014_rhyp,4.5,2015-01-01
194,116,-0.07168273912724588,1,939,HL.PRK.--,HL,PRK,,GR,39.24565,26.26499,130.0,604.0,5.35,topography,B,Not analized,,,geometric_mean_as_recorded,3.0,bindi2014_rhyp,4.5,2015-01-01
195,91,-0.1792477367334151,1,939,HL.PSRA.00,HL,PSRA,00,GR,38.53978,25.56202,13.0,412.0,1.77,topography,B,Not analized,,,geometric_mean_as_recorded,3.0,bindi2014_rhyp,4.5,2015-01-01
196,100,0.2529108428870003,1,939,HL.RIOA.00,HL,RIOA,00,GR,38.29585,21.79118,46.0,496.0,3.0,topography,B,Not analized,,,geometric_mean_as_recorded,3.0,bindi2014_rhyp,4.5,2015-01-01
197,66,0.29158018948907843,1,939,HL.RODB.00,HL,RODB,00,GR,36.4471,28.22116,26.0,509.0,3.28,topography,B,Not analized,,,geometric_mean_as_recorded,3.0,bindi2014_rhyp,4.5,2015-01-01
198,52,0.8139874857003754,1,939,HL.SAP3.--,HL,SAP3,,GR,36.4356,25.345419,173.0,1117.0,21.2,topography,A,Not analized,,,geometric_mean_as_recorded,3.0,bindi2014_rhyp,4.5,2015-01-01
199,92,-0.12135062841550259,1,939,HL.SIVA.00,HL,SIVA,00,GR,35.01777,24.81204,96.0,706.0,7.11,topography,B,Not analized,,,geometric_mean_as_recorded,3.0,bindi2014_rhyp,4.5,2015-01-01
200,79,-0.25691949599705954,1,939,HL.SMG.00,HL,SMG,00,GR,37.70425,26.83772,348.0,451.0,2.32,topography,B,Not analized,,,geometric_mean_as_recorded,3.0,bindi2014_rhyp,4.5,2015-01-01
201,39,-0.14568164920536109,1,939,HL.SMHA.00,HL,SMHA,00,GR,38.25123,20.6477,5.0,342.0,0.82,topography,C,Not analized,,,geometric_mean_as_recorded,3.0,bindi2014_rhyp,4.5,2015-01-01
202,34,-0.32350779483425207,1,939,HL.SMTH.00,HL,SMTH,00,GR,40.47094,25.53045,365.0,1167.0,22.91,topography,A,Not analized,,,geometric_mean_as_recorded,3.0,bindi2014_rhyp,4.5,2015-01-01
203,14,0.2097768083317022,1,939,HL.SOFA.00,HL,SOFA,00,GR,39.33773,22.09691,110.0,358.0,1.01,topography,C,Not analized,,,geometric_mean_as_recorded,3.0,bindi2014_rhyp,4.5,2015-01-01
204,50,-0.5862748445193963,1,939,HL.THERA.00,HL,THERA,00,GR,36.366992,25.475263,288.0,795.0,9.35,topography,B,Not analized,,,geometric_mean_as_recorded,3.0,bindi2014_rhyp,4.5,2015-01-01
205,114,0.1562313582465658,1,939,HL.THRA.00,HL,THRA,00,GR,36.41502,25.43244,220.0,509.0,3.28,topography,B,Not analized,,,geometric_mean_as_recorded,3.0,bindi2014_rhyp,4.5,2015-01-01
206,3,0.008905733274140681,1,939,HL.THVC.--,HL,THVC,,GR,38.3191,23.3177,217.0,494.0,2.95,topography,B,Not analized,,,geometric_mean_as_recorded,3.0,bindi2014_rhyp,4.5,2015-01-01
207,107,-0.22503813321132593,1,939,HL.TNSA.00,HL,TNSA,00,GR,37.53942,25.1631,21.0,401.0,1.6,topography,B,Not analized,,,geometric_mean_as_recorded,3.0,bindi2014_rhyp,4.5,2015-01-01
208,26,-0.04750563167053434,1,939,HL.TRKA.00,HL,TRKA,00,GR,39.55381,21.76624,87.0,321.0,0.6,topography,C,Not analized,,,geometric_mean_as_recorded,3.0,bindi2014_rhyp,4.5,2015-01-01
209,14,0.5858921163412322,1,939,HL.VELA.00,HL,VELA,00,GR,37.974944,22.766063,17.0,387.0,1.41,topography,B,Not analized,,,geometric_mean_as_recorded,3.0,bindi2014_rhyp,4.5,2015-01-01
210,11,0.2433276622874242,1,939,HL.VERA.00,HL,VERA,00,GR,40.48601,22.32151,117.0,490.0,2.87,topography,B,Not analized,,,geometric_mean_as_recorded,3.0,bindi2014_rhyp,4.5,2015-01-01
211,6,-0.312392552453426,1,939,HL.VLMS.--,HL,VLMS,,GR,37.876701,20.66293,431.0,527.0,3.68,topography,B,Not analized,,,geometric_mean_as_recorded,3.0,bindi2014_rhyp,4.5,2015-01-01
212,65,0.011039638686364595,1,939,HL.YDRA.00,HL,YDRA,00,GR,37.34923,23.46525,33.0,544.0,4.06,topography,B,Not analized,,,geometric_mean_as_recorded,3.0,bindi2014_rhyp,4.5,2015-01-01
213,48,0.14822194632394814,1,939,HL.ZARA.00,HL,ZARA,00,GR,37.4865,21.6491,30.0,372.0,1.2,topography,B,Not analized,,,geometric_mean_as_recorded,3.0,bindi2014_rhyp,4.5,2015-01-01
214,44,-0.28719203623229894,1,939,HL.ZKR.00,HL,ZKR,00,GR,35.1147,26.21691,254.0,522.0,3.56,topography,B,Not analized,,,geometric_mean_as_recorded,3.0,bindi2014_rhyp,4.5,2015-01-01
215,22,0.21901787816853374,1,939,HP.AMT.--,HP,AMT,,GR,37.5324,21.7089,482.0,1088.0,20.18,topography,A,Not analized,,,geometric_mean_as_recorded,3.0,bindi2014_rhyp,4.5,2015-01-01
216,84,-0.1379752597711098,1,939,HP.ANX.--,HP,ANX,,GR,38.5933,21.9209,1020.0,311.0,0.49,topography,C,Not analized,,,geometric_mean_as_recorded,3.0,bindi2014_rhyp,4.5,2015-01-01
217,32,0.0819217566481385,1,939,HP.EFP.--,HP,EFP,,GR,38.4269,21.9058,107.0,1280.0,26.61,topography,A,Not analized,,,geometric_mean_as_recorded,3.0,bindi2014_rhyp,4.5,2015-01-01
218,48,-0.0034434672284194834,1,939,HP.FSK.--,HP,FSK,,GR,38.4593,20.5623,113.0,688.0,6.82,topography,B,Not analized,,,geometric_mean_as_recorded,3.0,bindi2014_rhyp,4.5,2015-01-01
219,55,-0.031216196079373315,1,939,HP.GUR.--,HP,GUR,,GR,37.9363,22.3423,1087.0,1061.0,19.22,topography,A,Not analized,,,geometric_mean_as_recorded,3.0,bindi2014_rhyp,4.5,2015-01-01
220,38,-0.0863076653319853,1,939,HP.LTHK.--,HP,LTHK,,GR,37.7095,20.8367,35.0,523.0,3.59,topography,B,Not analized,,,geometric_mean_as_recorded,3.0,bindi2014_rhyp,4.5,2015-01-01
221,76,-0.1555454504133792,1,939,HP.LTK.--,HP,LTK,,GR,38.0228,22.9673,408.0,664.0,6.42,topography,B,Not analized,,,geometric_mean_as_recorded,3.0,bindi2014_rhyp,4.5,2015-01-01
222,54,-0.11455227479164021,1,939,HP.PDO.--,HP,PDO,,GR,38.5986,21.1833,227.0,492.0,2.91,topography,B,Not analized,,,geometric_mean_as_recorded,3.0,bindi2014_rhyp,4.5,2015-01-01
223,75,0.11302519846137743,1,939,HP.PVO.--,HP,PVO,,GR,38.616,21.525,184.0,1018.0,17.69,topography,A,Not analized,,,geometric_mean_as_recorded,3.0,bindi2014_rhyp,4.5,2015-01-01
224,31,-0.11584736080629798,1,939,HP.PYL.--,HP,PYL,,GR,36.8955,21.742,226.0,774.0,8.52,topography,B,Not analized,,,geometric_mean_as_recorded,3.0,bindi2014_rhyp,4.5,2015-01-01
225,78,0.02122681021902373,1,939,HP.SERG.--,HP,SERG,,GR,38.4133,22.0566,480.0,1296.0,27.11,topography,A,Not analized,,,geometric_mean_as_recorded,3.0,bindi2014_rhyp,4.5,2015-01-01
226,51,0.28432028907872586,1,939,HP.UPR.--,HP,UPR,,GR,38.2836,21.7864,138.0,547.0,4.11,topography,B,Not analized,,,geometric_mean_as_recorded,3.0,bindi2014_rhyp,4.5,2015-01-01
227,38,-0.14551727766059108,1,939,HP.VALY.--,HP,VALY,,GR,37.1641,21.9836,24.0,465.0,2.52,topography,B,Not analized,,,geometric_mean_as_recorded,3.0,bindi2014_rhyp,4.5,2015-01-01
228,39,0.09516627639789205,1,939,HP.VVK.--,HP,VVK,,GR,38.4222,21.8116,650.0,956.0,15.44,topography,A,Not analized,,,geometric_mean_as_recorded,3.0,bindi2014_rhyp,4.5,2015-01-01
229,4,-0.3332965447927614,1,939,HT.HMT1.00,HT,HMT1,00,GR,40.2581,24.247619,351.0,762.0,8.06,topography,B,Not analized,,,geometric_mean_as_recorded,3.0,bindi2014_rhyp,4.5,2015-01-01
230,5,-0.09926653294782573,1,939,HT.LES3.--,HT,LES3,,GR,39.303248,26.180664,218.0,538.0,3.93,topography,B,Not analized,,,geometric_mean_as_recorded,3.0,bindi2014_rhyp,4.5,2015-01-01
338,4,-0.31124107317947236,1,939,IU.ANTO.20,IU,ANTO,20,TR,39.8681,32.79356,1080.0,467.0,4.42,topography,B,Not analized,,,geometric_mean_as_recorded,3.0,bindi2014_rhyp,4.5,2015-01-01
379,12,-0.03883682079691797,1,939,KF.CKWP.00,KF,CKWP,00,GR,38.166171,20.510214,71.0,861.0,11.87,topography,A,Not analized,,,geometric_mean_as_recorded,3.0,bindi2014_rhyp,4.5,2015-01-01
380,68,-0.1213278135065391,1,939,KO.AKS.--,KO,AKS,,TR,38.8785,27.8129,385.0,534.0,6.7,topography,B,Not analized,,,geometric_mean_as_recorded,3.0,bindi2014_rhyp,4.5,2015-01-01
381,4,-0.2494183359589467,1,939,KO.ALAN.--,KO,ALAN,,TR,36.557,32.0327,215.0,688.0,11.94,topography,B,Not analized,,,geometric_mean_as_recorded,3.0,bindi2014_rhyp,4.5,2015-01-01
382,28,-0.20762740397519563,1,939,KO.ALT.--,KO,ALT,,TR,39.0541,30.1104,1060.0,448.0,3.96,topography,B,Not analized,,,geometric_mean_as_recorded,3.0,bindi2014_rhyp,4.5,2015-01-01
383,17,-0.07160148353807871,1,939,KO.ARMT.--,KO,ARMT,,TR,40.5683,28.866,320.0,620.0,9.98,topography,B,Not analized,,,geometric_mean_as_recorded,3.0,bindi2014_rhyp,4.5,2015-01-01
384,3,-0.16986473614430342,1,939,KO.ARMU.--,KO,ARMU,,TR,40.5088,28.838,1.0,397.0,2.71,topography,B,Not analized,,,geometric_mean_as_recorded,3.0,bindi2014_rhyp,4.5,2015-01-01
385,23,0.33171491260843416,1,939,KO.ARPRA.--,KO,ARPRA,,TR,39.0929,38.3356,1522.0,784.0,15.64,topography,B,Not analized,,,geometric_mean_as_recorded,3.0,bindi2014_rhyp,4.5,2015-01-01
386,16,0.5479410820274778,1,939,KO.AVCI.--,KO,AVCI,,TR,40.9958,28.7225,90.0,409.0,3.02,topography,B,Not analized,,,geometric_mean_as_recorded,3.0,bindi2014_rhyp,4.5,2015-01-01
387,21,-0.10983424574807388,1,939,KO.BALB.--,KO,BALB,,TR,39.6507,27.8642,266.0,710.0,12.57,topography,B,Not analized,,,geometric_mean_as_recorded,3.0,bindi2014_rhyp,4.5,2015-01-01
388,40,0.036214978645349616,1,939,KO.BASM.--,KO,BASM,,TR,37.9194,30.035,897.0,428.0,3.46,topography,B,Not analized,,,geometric_mean_as_recorded,3.0,bindi2014_rhyp,4.5,2015-01-01
389,47,0.06404992979357493,1,939,KO.BIGA.--,KO,BIGA,,TR,40.28134,27.15048,60.0,397.0,2.72,topography,B,Not analized,,,geometric_mean_as_recorded,3.0,bindi2014_rhyp,4.5,2015-01-01
390,35,0.06959220586137849,1,939,KO.BMYO.--,KO,BMYO,,TR,39.8098,26.6009,121.0,334.0,1.29,topography,C,Not analized,,,geometric_mean_as_recorded,3.0,bindi2014_rhyp,4.5,2015-01-01
391,19,-0.6759605555068805,1,939,KO.BODA.--,KO,BODA,,TR,37.0348,27.4304,11.0,322.0,1.07,topography,C,Not analized,,,geometric_mean_as_recorded,3.0,bindi2014_rhyp,4.5,2015-01-01
392,24,0.05013339479089329,1,939,KO.BOTS.--,KO,BOTS,,TR,40.9902,27.981,30.0,503.0,5.52,topography,B,Not analized,,,geometric_mean_as_recorded,3.0,bindi2014_rhyp,4.5,2015-01-01
393,7,-0.26812324156005074,1,939,KO.BOZY.--,KO,BOZY,,TR,36.1069,32.9763,9.0,304.0,0.7,topography,C,Not analized,,,geometric_mean_as_recorded,3.0,bindi2014_rhyp,4.5,2015-01-01
394,20,-0.011052798079223103,1,939,KO.BRGA.--,KO,BRGA,,TR,40.8846,29.065,67.0,640.0,10.58,topography,B,Not analized,,,geometric_mean_as_recorded,3.0,bindi2014_rhyp,4.5,2015-01-01
395,6,0.03252716494486707,1,939,KO.BUYA.--,KO,BUYA,,TR,40.8694,29.1278,40.0,513.0,5.89,topography,B,Not analized,,,geometric_mean_as_recorded,3.0,bindi2014_rhyp,4.5,2015-01-01
396,58,-0.03700327433989514,1,939,KO.CAME.--,KO,CAME,,TR,36.9435,29.3023,1391.0,506.0,5.6,topography,B,Not analized,,,geometric_mean_as_recorded,3.0,bindi2014_rhyp,4.5,2015-01-01
397,54,0.10869162883006456,1,939,KO.CANM.--,KO,CANM,,TR,40.0113,27.0529,180.0,555.0,7.52,topography,B,Not analized,,,geometric_mean_as_recorded,3.0,bindi2014_rhyp,4.5,2015-01-01
398,17,-0.2886162343703902,1,939,KO.CESE.--,KO,CESE,,TR,38.3306,26.2997,95.0,384.0,2.39,topography,B,Not analized,,,geometric_mean_as_recorded,3.0,bindi2014_rhyp,4.5,2015-01-01
399,25,-0.16600265991750063,1,939,KO.CMRD.--,KO,CMRD,,TR,37.6623,34.9902,1234.0,476.0,4.66,topography,B,Not analized,,,geometric_mean_as_recorded,3.0,bindi2014_rhyp,4.5,2015-01-01
400,21,0.7464581444916789,1,939,KO.CRLU.--,KO,CRLU,,TR,41.1428,27.8215,126.0,366.0,1.94,topography,B,Not analized,,,geometric_mean_as_recorded,3.0,bindi2014_rhyp,4.5,2015-01-01
401,11,-0.1263030485529424,1,939,KO.CTYL.--,KO,CTYL,,TR,41.476,28.2897,77.0,580.0,8.45,topography,B,Not analized,,,geometric_mean_as_recorded,3.0,bindi2014_rhyp,4.5,2015-01-01
402,23,0.5457774941854338,1,939,KO.DATC.--,KO,DATC,,TR,36.7584,27.6602,94.0,478.0,4.71,topography,B,Not analized,,,geometric_mean_as_recorded,3.0,bindi2014_rhyp,4.5,2015-01-01
403,4,-0.13145895840297095,1,939,KO.DEMR.--,KO,DEMR,,TR,36.2365,29.9056,168.0,797.0,16.59,topography,B,Not analized,,,geometric_mean_as_recorded,3.0,bindi2014_rhyp,4.5,2015-01-01
404,20,0.3465284196885655,1,939,KO.DIDI.--,KO,DIDI,,TR,37.3767,27.2398,75.0,438.0,3.73,topography,B,Not analized,,,geometric_mean_as_recorded,3.0,bindi2014_rhyp,4.5,2015-01-01
405,7,0.4684613053818024,1,939,KO.DOGC.--,KO,DOGC,,TR,41.3949,26.9852,81.0,460.0,4.26,topography,B,Not analized,,,geometric_mean_as_recorded,3.0,bindi2014_rhyp,4.5,2015-01-01
406,48,-0.11459976049859855,1,939,KO.DST.--,KO,DST,,TR,39.6041,28.6267,693.0,399.0,2.75,topography,B,Not analized,,,geometric_mean_as_recorded,3.0,bindi2014_rhyp,4.5,2015-01-01
407,11,-0.0905747847785493,1,939,KO.EDC.--,KO,EDC,,TR,40.3465,27.8618,257.0,670.0,11.41,topography,B,Not analized,,,geometric_mean_as_recorded,3.0,bindi2014_rhyp,4.5,2015-01-01
408,22,0.4902502419110659,1,939,KO.ENZZ.--,KO,ENZZ,,TR,40.607,26.1406,11.0,280.0,0.49,topography,C,Not analized,,,geometric_mean_as_recorded,3.0,bindi2014_rhyp,4.5,2015-01-01
409,5,0.45104833797633587,1,939,KO.ERBG.--,KO,ERBG,,TR,40.712,36.6768,510.0,755.0,13.85,topography,B,Not analized,,,geometric_mean_as_recorded,3.0,bindi2014_rhyp,4.5,2015-01-01
410,20,-0.0008607816795835888,1,939,KO.ESKT.--,KO,ESKT,,TR,39.5212,30.8492,1295.0,512.0,5.86,topography,B,Not analized,,,geometric_mean_as_recorded,3.0,bindi2014_rhyp,4.5,2015-01-01
411,66,-0.028698318244152587,1,939,KO.EZNE.--,KO,EZNE,,TR,39.756,26.3655,75.0,404.0,2.89,topography,B,Not analized,,,geometric_mean_as_recorded,3.0,bindi2014_rhyp,4.5,2015-01-01
412,7,0.036006334097426484,1,939,KO.FETI.--,KO,FETI,,TR,36.6903,29.096,24.0,514.0,5.94,topography,B,Not analized,,,geometric_mean_as_recorded,3.0,bindi2014_rhyp,4.5,2015-01-01
413,68,-0.06217702293083238,1,939,KO.FOCM.--,KO,FOCM,,TR,38.7131,26.7309,34.0,461.0,4.28,topography,B,Not analized,,,geometric_mean_as_recorded,3.0,bindi2014_rhyp,4.5,2015-01-01
414,5,-0.010596350553947365,1,939,KO.GEMS.--,KO,GEMS,,TR,40.4231,29.1526,1.0,321.0,1.05,topography,C,Not analized,,,geometric_mean_as_recorded,3.0,bindi2014_rhyp,4.5,2015-01-01
415,90,-0.15681887315688248,1,939,KO.GMLD.--,KO,GMLD,,TR,38.0766,26.9157,10.0,246.0,0.26,topography,C,Not analized,,,geometric_mean_as_recorded,3.0,bindi2014_rhyp,4.5,2015-01-01
416,7,0.11093828965947627,1,939,KO.GOKC.--,KO,GOKC,,TR,40.1998,25.9183,123.0,521.0,6.21,topography,B,Not analized,,,geometric_mean_as_recorded,3.0,bindi2014_rhyp,4.5,2015-01-01
417,92,-0.2576632659289603,1,939,KO.GOMA.--,KO,GOMA,,TR,38.7077,27.9175,110.0,493.0,5.1,topography,B,Not analized,,,geometric_mean_as_recorded,3.0,bindi2014_rhyp,4.5,2015-01-01
418,73,0.13889247309961644,1,939,KO.GONE.--,KO,GONE,,TR,40.0466,27.686,143.0,647.0,10.78,topography,B,Not analized,,,geometric_mean_as_recorded,3.0,bindi2014_rhyp,4.5,2015-01-01
419,58,0.08548821438867982,1,939,KO.GORD.--,KO,GORD,,TR,38.9088,28.1769,744.0,681.0,11.76,topography,B,Not analized,,,geometric_mean_as_recorded,3.0,bindi2014_rhyp,4.5,2015-01-01
420,25,0.09015021332885376,1,939,KO.GPA.--,KO,GPA,,TR,40.2911,30.3171,570.0,705.0,12.42,topography,B,Not analized,,,geometric_mean_as_recorded,3.0,bindi2014_rhyp,4.5,2015-01-01
421,30,0.032438048475623815,1,939,KO.GPNR.--,KO,GPNR,,TR,39.456,26.1331,55.0,488.0,4.96,topography,B,Not analized,,,geometric_mean_as_recorded,3.0,bindi2014_rhyp,4.5,2015-01-01
422,7,0.12799181146194055,1,939,KO.GUMT.--,KO,GUMT,,TR,40.4665,39.478,1326.0,882.0,22.44,topography,A,Not analized,,,geometric_mean_as_recorded,3.0,bindi2014_rhyp,4.5,2015-01-01
423,3,0.17679090100136702,1,939,KO.HPSA.--,KO,HPSA,,TR,41.0109,29.0072,1.0,363.0,1.87,topography,B,Not analized,,,geometric_mean_as_recorded,3.0,bindi2014_rhyp,4.5,2015-01-01
424,3,0.4362984311662254,1,939,KO.HVHR.--,KO,HVHR,,TR,40.9699,28.8445,22.0,413.0,3.11,topography,B,Not analized,,,geometric_mean_as_recorded,3.0,bindi2014_rhyp,4.5,2015-01-01
425,6,-0.12953868797748513,1,939,KO.HYBA.--,KO,HYBA,,TR,40.8748,29.0861,65.0,407.0,2.96,topography,B,Not analized,,,geometric_mean_as_recorded,3.0,bindi2014_rhyp,4.5,2015-01-01
426,4,0.25070915859766607,1,939,KO.IMRL.--,KO,IMRL,,TR,40.5554,28.527,1.0,480.0,4.76,topography,B,Not analized,,,geometric_mean_as_recorded,3.0,bindi2014_rhyp,4.5,2015-01-01
427,28,0.004678899253577007,1,939,KO.IZI.--,KO,IZI,,TR,40.3483,29.4612,910.0,567.0,7.98,topography,B,Not analized,,,geometric_mean_as_recorded,3.0,bindi2014_rhyp,4.5,2015-01-01
428,31,-0.09206425414393282,1,939,KO.KAVV.--,KO,KAVV,,TR,41.0638,29.06,138.0,456.0,4.17,topography,B,Not analized,,,geometric_mean_as_recorded,3.0,bindi2014_rhyp,4.5,2015-01-01
429,27,-0.05722738531974636,1,939,KO.KCTX.--,KO,KCTX,,TR,40.2626,28.3353,445.0,377.0,2.23,topography,B,Not analized,,,geometric_mean_as_recorded,3.0,bindi2014_rhyp,4.5,2015-01-01
430,4,-0.24903751042483424,1,939,KO.KEMT.--,KO,KEMT,,TR,36.6037,30.5558,0.0,305.0,0.73,topography,C,Not analized,,,geometric_mean_as_recorded,3.0,bindi2014_rhyp,4.5,2015-01-01
431,31,-0.3106944737976134,1,939,KO.KHL.--,KO,KHL,,TR,38.3231,29.5286,1003.0,525.0,6.35,topography,B,Not analized,,,geometric_mean_as_recorded,3.0,bindi2014_rhyp,4.5,2015-01-01
432,16,0.2211624140614047,1,939,KO.KHMN.--,KO,KHMN,,TR,37.3916,37.1574,640.0,587.0,8.73,topography,B,Not analized,,,geometric_mean_as_recorded,3.0,bindi2014_rhyp,4.5,2015-01-01
433,9,0.03532697413547248,1,939,KO.KMON.--,KO,KMON,,TR,41.3738,33.7839,936.0,755.0,13.86,topography,B,Not analized,,,geometric_mean_as_recorded,3.0,bindi2014_rhyp,4.5,2015-01-01
434,23,0.24497542784841936,1,939,KO.KOZK.--,KO,KOZK,,TR,39.2101,34.868,1134.0,492.0,5.08,topography,B,Not analized,,,geometric_mean_as_recorded,3.0,bindi2014_rhyp,4.5,2015-01-01
435,28,-0.14712299599712642,1,939,KO.KRBG.--,KO,KRBG,,TR,40.3932,27.2977,79.0,553.0,7.42,topography,B,Not analized,,,geometric_mean_as_recorded,3.0,bindi2014_rhyp,4.5,2015-01-01
436,38,0.21508788582624094,1,939,KO.KRBN.--,KO,KRBN,,TR,38.5936,26.5537,135.0,467.0,4.44,topography,B,Not analized,,,geometric_mean_as_recorded,3.0,bindi2014_rhyp,4.5,2015-01-01
437,10,-0.06462254876921203,1,939,KO.KRMN.--,KO,KRMN,,TR,37.174,33.2636,1068.0,447.0,3.95,topography,B,Not analized,,,geometric_mean_as_recorded,3.0,bindi2014_rhyp,4.5,2015-01-01
438,17,-0.4504805288816781,1,939,KO.KRTL.--,KO,KRTL,,TR,40.9089,29.1987,83.0,345.0,1.5,topography,C,Not analized,,,geometric_mean_as_recorded,3.0,bindi2014_rhyp,4.5,2015-01-01
439,8,0.14060356143617975,1,939,KO.KRTS.--,KO,KRTS,,TR,36.573,35.375,53.0,411.0,3.05,topography,B,Not analized,,,geometric_mean_as_recorded,3.0,bindi2014_rhyp,4.5,2015-01-01
440,14,0.23225260312101076,1,939,KO.KUMB.--,KO,KUMB,,TR,40.8626,27.4592,25.0,599.0,9.18,topography,B,Not analized,,,geometric_mean_as_recorded,3.0,bindi2014_rhyp,4.5,2015-01-01
441,48,-0.10828402261546932,1,939,KO.KUSD.--,KO,KUSD,,TR,37.8606,27.2868,323.0,477.0,4.68,topography,B,Not analized,,,geometric_mean_as_recorded,3.0,bindi2014_rhyp,4.5,2015-01-01
442,16,0.16788415723576877,1,939,KO.KYHL.--,KO,KYHL,,TR,40.3244,37.8955,1568.0,693.0,12.09,topography,B,Not analized,,,geometric_mean_as_recorded,3.0,bindi2014_rhyp,4.5,2015-01-01
443,29,0.1970410275725989,1,939,KO.LAPK.--,KO,LAPK,,TR,40.3151,26.6425,2.0,345.0,1.51,topography,C,Not analized,,,geometric_mean_as_recorded,3.0,bindi2014_rhyp,4.5,2015-01-01
444,22,-0.10310134281594008,1,939,KO.MAEG.--,KO,MAEG,,TR,40.9653,27.9448,2.0,332.0,1.25,topography,C,Not analized,,,geometric_mean_as_recorded,3.0,bindi2014_rhyp,4.5,2015-01-01
445,24,0.08862983749725906,1,939,KO.MDNY.--,KO,MDNY,,TR,40.3709,28.8846,116.0,769.0,14.64,topography,B,Not analized,,,geometric_mean_as_recorded,3.0,bindi2014_rhyp,4.5,2015-01-01
446,5,0.25006340542078254,1,939,KO.MNVG.--,KO,MNVG,,TR,36.7935,31.4161,24.0,426.0,3.43,topography,B,Not analized,,,geometric_mean_as_recorded,3.0,bindi2014_rhyp,4.5,2015-01-01
447,7,0.4144912713673599,1,939,KO.MRSB.--,KO,MRSB,,TR,36.7161,28.1969,402.0,848.0,20.09,topography,A,Not analized,,,geometric_mean_as_recorded,3.0,bindi2014_rhyp,4.5,2015-01-01
448,73,-0.00691247774754189,1,939,KO.NAZL.--,KO,NAZL,,TR,37.9641,28.2922,510.0,633.0,10.36,topography,B,Not analized,,,geometric_mean_as_recorded,3.0,bindi2014_rhyp,4.5,2015-01-01
449,42,0.11489071004610396,1,939,KO.ODEM.--,KO,ODEM,,TR,38.2762,28.0747,797.0,817.0,17.95,topography,A,Not analized,,,geometric_mean_as_recorded,3.0,bindi2014_rhyp,4.5,2015-01-01
450,54,0.11865732151957037,1,939,KO.ORLT.--,KO,ORLT,,TR,40.0452,28.8914,650.0,753.0,13.79,topography,B,Not analized,,,geometric_mean_as_recorded,3.0,bindi2014_rhyp,4.5,2015-01-01
451,23,0.01816236928960857,1,939,KO.OSMT.--,KO,OSMT,,TR,40.6009,29.7,798.0,558.0,7.62,topography,B,Not analized,,,geometric_mean_as_recorded,3.0,bindi2014_rhyp,4.5,2015-01-01
452,5,0.045032462326642264,1,939,KO.RFHY.--,KO,RFHY,,TR,39.927,38.833,1851.0,537.0,6.8,topography,B,Not analized,,,geometric_mean_as_recorded,3.0,bindi2014_rhyp,4.5,2015-01-01
453,5,-0.12166120688128745,1,939,KO.SAFT.--,KO,SAFT,,TR,41.2398,32.6871,406.0,580.0,8.45,topography,B,Not analized,,,geometric_mean_as_recorded,3.0,bindi2014_rhyp,4.5,2015-01-01
454,11,0.22065468003508631,1,939,KO.SAUV.--,KO,SAUV,,TR,40.7401,30.3271,170.0,549.0,7.28,topography,B,Not analized,,,geometric_mean_as_recorded,3.0,bindi2014_rhyp,4.5,2015-01-01
455,13,-0.06853414904303345,1,939,KO.SEYD.--,KO,SEYD,,TR,37.4056,31.8379,1160.0,492.0,5.07,topography,B,Not analized,,,geometric_mean_as_recorded,3.0,bindi2014_rhyp,4.5,2015-01-01
456,49,-0.09471162529239585,1,939,KO.SHAP.--,KO,SHAP,,TR,39.0231,29.222,1050.0,710.0,12.58,topography,B,Not analized,,,geometric_mean_as_recorded,3.0,bindi2014_rhyp,4.5,2015-01-01
457,15,0.27179080686724166,1,939,KO.SINB.--,KO,SINB,,TR,40.9998,28.5392,59.0,383.0,2.36,topography,B,Not analized,,,geometric_mean_as_recorded,3.0,bindi2014_rhyp,4.5,2015-01-01
458,6,0.01539047163552365,1,939,KO.SLFK.--,KO,SLFK,,TR,36.3925,33.9464,54.0,522.0,6.23,topography,B,Not analized,,,geometric_mean_as_recorded,3.0,bindi2014_rhyp,4.5,2015-01-01
459,14,0.362673402151421,1,939,KO.SLVT.--,KO,SLVT,,TR,41.2288,28.2098,180.0,507.0,5.66,topography,B,Not analized,,,geometric_mean_as_recorded,3.0,bindi2014_rhyp,4.5,2015-01-01
460,66,0.2452953864683341,1,939,KO.SMAA.--,KO,SMAA,,TR,39.1005,28.9805,804.0,293.0,0.58,topography,C,Not analized,,,geometric_mean_as_recorded,3.0,bindi2014_rhyp,4.5,2015-01-01
461,68,0.0034234433751454407,1,939,KO.SOMA.--,KO,SOMA,,TR,39.1564,27.5341,243.0,714.0,12.69,topography,B,Not analized,,,geometric_mean_as_recorded,3.0,bindi2014_rhyp,4.5,2015-01-01
462,49,-0.1857959725441688,1,939,KO.SUSR.--,KO,SUSR,,TR,39.9627,28.0835,359.0,578.0,8.38,topography,B,Not analized,,,geometric_mean_as_recorded,3.0,bindi2014_rhyp,4.5,2015-01-01
463,18,0.3723952661611982,1,939,KO.TEKI.--,KO,TEKI,,TR,40.9862,27.5374,126.0,441.0,3.8,topography,B,Not analized,,,geometric_mean_as_recorded,3.0,bindi2014_rhyp,4.5,2015-01-01
464,13,0.3459601942287456,1,939,KO.TKR.--,KO,TKR,,TR,40.9893,27.5351,140.0,407.0,2.95,topography,B,Not analized,,,geometric_mean_as_recorded,3.0,bindi2014_rhyp,4.5,2015-01-01
465,10,-0.06655118608610644,1,939,KO.TOS.--,KO,TOS,,TR,41.0362,34.0226,1046.0,543.0,7.03,topography,B,Not analized,,,geometric_mean_as_recorded,3.0,bindi2014_rhyp,4.5,2015-01-01
466,24,0.23309629396630877,1,939,KO.TUNC.--,KO,TUNC,,TR,39.6942,37.5388,1489.0,331.0,1.23,topography,C,Not analized,,,geometric_mean_as_recorded,3.0,bindi2014_rhyp,4.5,2015-01-01
467,10,-0.49170102870245824,1,939,KO.TUZL.--,KO,TUZL,,TR,40.8128,29.2657,12.0,278.0,0.48,topography,C,Not analized,,,geometric_mean_as_recorded,3.0,bindi2014_rhyp,4.5,2015-01-01
468,43,0.4305356422481976,1,939,KO.UKOP.--,KO,UKOP,,TR,41.1288,26.6323,70.0,380.0,2.28,topography,B,Not analized,,,geometric_mean_as_recorded,3.0,bindi2014_rhyp,4.5,2015-01-01
469,51,0.08362301356507218,1,939,KO.YENI.--,KO,YENI,,TR,39.9364,27.24216,278.0,362.0,1.85,topography,B,Not analized,,,geometric_mean_as_recorded,3.0,bindi2014_rhyp,4.5,2015-01-01
470,82,-0.1680026352899281,1,939,KO.YKAV.--,KO,YKAV,,TR,37.1246,27.2801,115.0,652.0,10.91,topography,B,Not analized,,,geometric_mean_as_recorded,3.0,bindi2014_rhyp,4.5,2015-01-01
471,13,0.4762894766722129,1,939,KO.YKBL.--,KO,YKBL,,TR,40.9908,28.6678,139.0,413.0,3.11,topography,B,Not analized,,,geometric_mean_as_recorded,3.0,bindi2014_rhyp,4.5,2015-01-01
472,14,0.4299595624757876,1,939,KO.YUVA.--,KO,YUVA,,TR,40.391,31.6872,1163.0,430.0,3.52,topography,B,Not analized,,,geometric_mean_as_recorded,3.0,bindi2014_rhyp,4.5,2015-01-01
473,6,-0.3514608481346233,1,939,ME.CEVME.00,ME,CEVME,00,ME,42.546741,18.917674,768.0,597.0,5.21,topography,B,Not analized,,,geometric_mean_as_recorded,3.0,bindi2014_rhyp,4.5,2015-01-01
474,5,-0.04680809205278447,1,939,ME.DAGME.00,ME,DAGME,00,ME,42.5684,19.0677,272.0,684.0,6.75,topography,B,Not analized,,,geometric_mean_as_recorded,3.0,bindi2014_rhyp,4.5,2015-01-01
475,8,-0.10783375797615569,1,939,ME.KOLME.00,ME,KOLME,00,ME,42.8505,19.5152,952.0,965.0,15.75,topography,A,Not analized,,,geometric_mean_as_recorded,3.0,bindi2014_rhyp,4.5,2015-01-01
476,4,-0.06001387847975537,1,939,ME.PLAV0.00,ME,PLAV0,00,ME,42.594478,19.958714,1274.0,1048.0,18.76,topography,A,Not analized,,,geometric_mean_as_recorded,3.0,bindi2014_rhyp,4.5,2015-01-01
477,3,-0.6717757388385327,1,939,RO.ARR.--,RO,ARR,,RO,45.3657,24.6332,924.0,780.0,8.75,topography,B,Not analized,,,geometric_mean_as_recorded,3.0,bindi2014_rhyp,4.5,2015-01-01
478,3,0.8575436407865726,1,939,RO.BAIL.--,RO,BAIL,,RO,44.0201,23.345,100.0,358.0,1.01,topography,C,Not analized,,,geometric_mean_as_recorded,3.0,bindi2014_rhyp,4.5,2015-01-01
479,3,0.10991551629582125,1,939,RO.BMR.--,RO,BMR,,RO,47.6728,23.4969,227.0,770.0,8.38,topography,B,Not analized,,,geometric_mean_as_recorded,3.0,bindi2014_rhyp,4.5,2015-01-01
480,4,0.08163897484498295,1,939,RO.BORR.--,RO,BORR,,RO,47.0902,21.7856,190.0,299.0,0.36,topography,C,Not analized,,,geometric_mean_as_recorded,3.0,bindi2014_rhyp,4.5,2015-01-01
481,4,-0.4336318021080844,1,939,RO.BZS.--,RO,BZS,,RO,45.6188,21.6401,260.0,778.0,8.68,topography,B,Not analized,,,geometric_mean_as_recorded,3.0,bindi2014_rhyp,4.5,2015-01-01
482,3,-0.16106536968452756,1,939,RO.CBBR.--,RO,CBBR,,RO,46.7683,23.5501,336.0,363.0,1.07,topography,B,Not analized,,,geometric_mean_as_recorded,3.0,bindi2014_rhyp,4.5,2015-01-01
483,4,0.3007100411943123,1,939,RO.CJR.--,RO,CJR,,RO,46.7133,23.5981,750.0,656.0,6.3,topography,B,Not analized,,,geometric_mean_as_recorded,3.0,bindi2014_rhyp,4.5,2015-01-01
484,4,0.2902142368961553,1,939,RO.COPA.--,RO,COPA,,RO,44.1343,25.2172,114.0,364.0,1.08,topography,B,Not analized,,,geometric_mean_as_recorded,3.0,bindi2014_rhyp,4.5,2015-01-01
485,3,0.09063263127600352,1,939,RO.CRBR.--,RO,CRBR,,RO,45.4108,22.2383,284.0,364.0,1.08,topography,B,Not analized,,,geometric_mean_as_recorded,3.0,bindi2014_rhyp,4.5,2015-01-01
486,4,-0.3110717042972536,1,939,RO.DEV.--,RO,DEV,,RO,45.887,22.898,249.0,1041.0,18.53,topography,A,Not analized,,,geometric_mean_as_recorded,3.0,bindi2014_rhyp,4.5,2015-01-01
487,4,-0.527249140715374,1,939,RO.DRGR.--,RO,DRGR,,RO,46.7917,22.7111,923.0,1091.0,20.28,topography,A,Not analized,,,geometric_mean_as_recorded,3.0,bindi2014_rhyp,4.5,2015-01-01
488,4,0.009726332615683342,1,939,RO.GZR.--,RO,GZR,,RO,45.3933,22.7767,850.0,1481.0,32.61,topography,A,Not analized,,,geometric_mean_as_recorded,3.0,bindi2014_rhyp,4.5,2015-01-01
489,4,0.05619681378179853,1,939,RO.HERR.--,RO,HERR,,RO,44.881,22.416,246.0,975.0,16.14,topography,A,Not analized,,,geometric_mean_as_recorded,3.0,bindi2014_rhyp,4.5,2015-01-01
490,3,-0.04459532977809344,1,939,RO.HUMR.--,RO,HUMR,,RO,44.5281,24.9804,247.0,340.0,0.8,topography,C,Not analized,,,geometric_mean_as_recorded,3.0,bindi2014_rhyp,4.5,2015-01-01
491,4,-0.3901610982513598,1,939,RO.LOT.--,RO,LOT,,RO,45.446,23.7698,1361.0,1275.0,26.44,topography,A,Not analized,,,geometric_mean_as_recorded,3.0,bindi2014_rhyp,4.5,2015-01-01
492,4,-0.13922666235188064,1,939,RO.MARR.--,RO,MARR,,RO,46.676,23.1189,1135.0,555.0,4.28,topography,B,Not analized,,,geometric_mean_as_recorded,3.0,bindi2014_rhyp,4.5,2015-01-01
493,3,0.1789860527274107,1,939,RO.MDB.--,RO,MDB,,RO,46.1497,24.3765,423.0,828.0,10.62,topography,A,Not analized,,,geometric_mean_as_recorded,3.0,bindi2014_rhyp,4.5,2015-01-01
494,4,-0.4182377033890302,1,939,RO.MDVR.--,RO,MDVR,,RO,44.7815,21.7128,720.0,539.0,3.94,topography,B,Not analized,,,geometric_mean_as_recorded,3.0,bindi2014_rhyp,4.5,2015-01-01
495,4,0.22813598717943134,1,939,RO.MESR.--,RO,MESR,,RO,47.1499,22.9494,306.0,325.0,0.64,topography,C,Not analized,,,geometric_mean_as_recorded,3.0,bindi2014_rhyp,4.5,2015-01-01
496,4,0.3269498293682113,1,939,RO.MHISU.--,RO,MHISU,,RO,44.6227,22.6535,102.0,688.0,6.82,topography,B,Not analized,,,geometric_mean_as_recorded,3.0,bindi2014_rhyp,4.5,2015-01-01
497,3,-0.1641435384002642,1,939,RO.MLR.--,RO,MLR,,RO,45.4909,25.945,1392.0,1360.0,29.09,topography,A,Not analized,,,geometric_mean_as_recorded,3.0,bindi2014_rhyp,4.5,2015-01-01
498,3,0.0338604016101669,1,939,RO.MTUR.--,RO,MTUR,,RO,45.2349,25.0739,1083.0,379.0,1.29,topography,B,Not analized,,,geometric_mean_as_recorded,3.0,bindi2014_rhyp,4.5,2015-01-01
499,3,-0.08776202267382638,1,939,RO.OTISU.--,RO,OTISU,,RO,44.4278,24.3755,210.0,349.0,0.91,topography,C,Not analized,,,geometric_mean_as_recorded,3.0,bindi2014_rhyp,4.5,2015-01-01
500,3,-0.21617203249698624,1,939,RO.PLOR.--,RO,PLOR,,RO,45.8512,26.6498,680.0,608.0,5.44,topography,B,Not analized,,,geometric_mean_as_recorded,3.0,bindi2014_rhyp,4.5,2015-01-01
501,3,-0.20028642540981045,1,939,RO.PLOR4.--,RO,PLOR4,,RO,45.8512,26.6498,680.0,608.0,5.44,topography,B,Not analized,,,geometric_mean_as_recorded,3.0,bindi2014_rhyp,4.5,2015-01-01
502,4,0.2794373443731513,1,939,RO.RMGR.--,RO,RMGR,,RO,44.6627,22.6922,119.0,371.0,1.19,topography,B,Not analized,,,geometric_mean_as_recorded,3.0,bindi2014_rhyp,4.5,2015-01-01
503,3,0.3041634702303184,1,939,RO.SRE.--,RO,SRE,,RO,44.6609,23.2038,386.0,407.0,1.69,topography,B,Not analized,,,geometric_mean_as_recorded,3.0,bindi2014_rhyp,4.5,2015-01-01
504,3,0.26763666958961235,1,939,RO.SULR.--,RO,SULR,,RO,44.6777,26.2526,129.0,369.0,1.16,topography,B,Not analized,,,geometric_mean_as_recorded,3.0,bindi2014_rhyp,4.5,2015-01-01
505,4,-0.41412143974726845,1,939,RO.SURR.--,RO,SURR,,RO,45.754,22.1246,239.0,937.0,14.73,topography,A,Not analized,,,geometric_mean_as_recorded,3.0,bindi2014_rhyp,4.5,2015-01-01
506,3,0.20867194890162194,1,939,RO.TRISU.--,RO,TRISU,,RO,43.9719,25.3296,870.0,375.0,1.24,topography,B,Not analized,,,geometric_mean_as_recorded,3.0,bindi2014_rhyp,4.5,2015-01-01
507,3,0.2645758180356591,1,939,RO.VLAD.--,RO,VLAD,,RO,43.9986,24.4038,138.0,503.0,3.15,topography,B,Not analized,,,geometric_mean_as_recorded,3.0,bindi2014_rhyp,4.5,2015-01-01
1,3,0.4007967070901975,0,99,3A.MZ04.--,3A,MZ04,,IT,42.673895,13.29381,978.0,355.0,7.13,vs_profile,C,NO,,,geometric_mean_as_recorded,1.0,bindi2014_rhyp,5.0,2015-01-01
2,3,0.08913596136961921,0,99,3A.MZ08.--,3A,MZ08,,IT,42.63254,13.286562,897.0,670.0,2.62,vs_profile,B,NO,,,geometric_mean_as_recorded,1.0,bindi2014_rhyp,5.0,2015-01-01
3,3,0.20253181053190805,0,99,3A.MZ10.--,3A,MZ10,,IT,42.625117,13.29985,979.0,590.0,3.62,vs_profile,B,NO,,,geometric_mean_as_recorded,1.0,bindi2014_rhyp,5.0,2015-01-01
4,3,0.6753942904288939,0,99,3A.MZ12.--,3A,MZ12,,IT,42.628018,13.29179,958.0,500.0,2.08,vs_profile,B,NO,,,geometric_mean_as_recorded,1.0,bindi2014_rhyp,5.0,2015-01-01
5,3,0.24401974641351135,0,99,3A.MZ24.--,3A,MZ24,,IT,42.655239,13.288519,912.0,348.0,2.67,vs_profile,C,NO,,,geometric_mean_as_recorded,1.0,bindi2014_rhyp,5.0,2015-01-01
6,3,0.3321531671775826,0,99,3A.MZ27.--,3A,MZ27,,IT,42.612412,13.296578,1007.0,422.0,12.2,vs_profile,B,NO,,,geometric_mean_as_recorded,1.0,bindi2014_rhyp,5.0,2015-01-01
7,3,0.3406878666231033,0,99,3A.MZ51.--,3A,MZ51,,IT,42.637948,13.285578,902.0,638.0,6.42,vs_profile,E,NO,,,geometric_mean_as_recorded,1.0,bindi2014_rhyp,5.0,2015-01-01
8,3,0.049342732766823216,0,99,3A.MZ63.--,3A,MZ63,,IT,42.629805,13.323448,1071.0,562.0,6.22,vs_profile,B,NO,,,geometric_mean_as_recorded,1.0,bindi2014_rhyp,5.0,2015-01-01
208,5,0.10349484706848178,0,99,IT.AMT.--,IT,AMT,,IT,42.6325,13.2866,933.0,670.0,2.62,vs_profile,B,YES,Fiberglass box,Pillar,geometric_mean_as_recorded,1.0,bindi2014_rhyp,5.0,2015-01-01
209,8,-0.1441938756094862,0,99,IT.AQA.--,IT,AQA,,IT,42.3755,13.3393,693.0,549.0,0.53,vs_profile,B,NO,Fiberglass box,Pillar,geometric_mean_as_recorded,1.0,bindi2014_rhyp,5.0,2015-01-01
210,9,-0.020765901521186403,0,99,IT.AQG.--,IT,AQG,,IT,42.3737,13.337,743.0,696.0,12.98,vs_profile,B,NO,Fiberglass box,Pillar,geometric_mean_as_recorded,1.0,bindi2014_rhyp,5.0,2015-01-01
211,8,0.02765281185550872,0,99,IT.ASP.--,IT,ASP,,IT,42.848,13.6479,89.0,599.0,2.03,vs_profile,B,NO,ENEL Box,Pillar,geometric_mean_as_recorded,1.0,bindi2014_rhyp,5.0,2015-01-01
212,9,0.11097091229206346,0,99,IT.BGR.--,IT,BGR,,IT,43.8895,11.9912,557.0,829.0,11.6,vs_profile,A,YES,Fiberglass box,Pillar,geometric_mean_as_recorded,1.0,bindi2014_rhyp,5.0,2015-01-01
213,10,-0.28233877211099284,0,99,IT.BRS.--,IT,BRS,,IT,42.3243,13.5902,977.0,444.0,7.03,vs_profile,E,NO,ENEL Box,Pillar,geometric_mean_as_recorded,1.0,bindi2014_rhyp,5.0,2015-01-01
214,7,0.19103012233613825,0,99,IT.BTT2.--,IT,BTT2,,IT,41.9983,13.5431,663.0,90.0,0.14,vs_profile,D,NO,ENEL Box,Pillar,geometric_mean_as_recorded,1.0,bindi2014_rhyp,5.0,2015-01-01
215,9,0.3281880692199973,0,99,IT.BVG.--,IT,BVG,,IT,42.9323,12.611,216.0,211.0,1.12,vs_profile,C,NO,ENEL Box,Pillar,geometric_mean_as_recorded,1.0,bindi2014_rhyp,5.0,2015-01-01
216,8,-0.09744705926939745,0,99,IT.BZZ.--,IT,BZZ,,IT,42.337,13.4685,640.0,679.0,0.87,vs_profile,B,YES,Small masonry building,Pillar,geometric_mean_as_recorded,1.0,bindi2014_rhyp,5.0,2015-01-01
217,9,0.20099734446501513,0,99,IT.CLF.--,IT,CLF,,IT,43.0367,12.9204,701.0,145.0,1.4,vs_profile,D,NO,ENEL Box,Pillar,geometric_mean_as_recorded,1.0,bindi2014_rhyp,5.0,2015-01-01
218,9,-0.1235016383374748,0,99,IT.CPS.--,IT,CPS,,IT,42.2716,13.7583,580.0,732.0,5.1,vs_profile,B,NO,Fiberglass box,Pillar,geometric_mean_as_recorded,1.0,bindi2014_rhyp,5.0,2015-01-01
219,7,0.3987295653070233,0,99,IT.CSA.--,IT,CSA,,IT,43.008,12.5906,196.0,200.0,0.16,vs_profile,C,NO,Small masonry building,Pillar,geometric_mean_as_recorded,1.0,bindi2014_rhyp,5.0,2015-01-01
220,6,0.02214749573915037,0,99,IT.CSD.--,IT,CSD,,IT,42.754,12.0035,494.0,466.0,10.18,vs_profile,B,NO,ENEL Box,Pillar,geometric_mean_as_recorded,1.0,bindi2014_rhyp,5.0,2015-01-01
221,8,-0.17920721021714198,0,99,IT.CSS.--,IT,CSS,,IT,41.4858,13.8231,175.0,648.0,17.2,vs_profile,B,NO,Small masonry building,Pillar,geometric_mean_as_recorded,1.0,bindi2014_rhyp,5.0,2015-01-01
222,9,-0.05720000305390538,0,99,IT.CTD.--,IT,CTD,,IT,42.3884,12.9477,484.0,407.0,12.11,vs_profile,B,NO,ENEL Box,Pillar,geometric_mean_as_recorded,1.0,bindi2014_rhyp,5.0,2015-01-01
223,4,-0.012436458500447445,0,99,IT.FAZ.--,IT,FAZ,,IT,44.298,11.8907,72.0,292.0,0.24,vs_profile,C,NO,Fiberglass box,Pillar,geometric_mean_as_recorded,1.0,bindi2014_rhyp,5.0,2015-01-01
224,3,0.031944035086722944,0,99,IT.FOCC.--,IT,FOCC,,IT,42.9574,12.7079,283.0,593.0,1.62,vs_profile,B,NO,,,geometric_mean_as_recorded,1.0,bindi2014_rhyp,5.0,2015-01-01
225,9,-0.12724744841337615,0,99,IT.FOS.--,IT,FOS,,IT,43.0146,12.8351,965.0,565.0,1.85,vs_profile,B,NO,Fiberglass box,Pillar,geometric_mean_as_recorded,1.0,bindi2014_rhyp,5.0,2015-01-01
226,6,0.28522975701046427,0,99,IT.GBP.--,IT,GBP,,IT,43.3138,12.5894,426.0,224.0,0.66,vs_profile,C,NO,ENEL Box,Pillar,geometric_mean_as_recorded,1.0,bindi2014_rhyp,5.0,2015-01-01
227,9,-0.15218977047504262,0,99,IT.GSA.--,IT,GSA,,IT,42.4207,13.5194,1063.0,492.0,8.01,vs_profile,B,NO,Fiberglass box,Pillar,geometric_mean_as_recorded,1.0,bindi2014_rhyp,5.0,2015-01-01
228,10,-0.18687517121405556,0,99,IT.LSS.--,IT,LSS,,IT,42.5582,12.9689,1067.0,1091.0,26.5,vs_profile,A,YES,Fiberglass box,Pillar,geometric_mean_as_recorded,1.0,bindi2014_rhyp,5.0,2015-01-01
229,8,0.005154416369363035,0,99,IT.MCS.--,IT,MCS,,IT,43.9937,12.1067,249.0,568.0,8.64,vs_profile,B,NO,Fiberglass box,Pillar,geometric_mean_as_recorded,1.0,bindi2014_rhyp,5.0,2015-01-01
230,10,-0.08233781562130937,0,99,IT.MMP1.--,IT,MMP1,,IT,42.2492,12.7483,471.0,800.0,12.54,vs_profile,A,YES,Fiberglass box,Pillar,geometric_mean_as_recorded,1.0,bindi2014_rhyp,5.0,2015-01-01
231,7,-0.15795199812805577,0,99,IT.MNF.--,IT,MNF,,IT,43.0596,13.1844,644.0,1062.0,24.51,vs_profile,A,YES,Small masonry building,Pillar,geometric_mean_as_recorded,1.0,bindi2014_rhyp,5.0,2015-01-01
232,8,0.172957696402387,0,99,IT.MSC.--,IT,MSC,,IT,42.5268,13.3508,1335.0,652.0,6.39,vs_profile,B,NO,Fiberglass box,Pillar,geometric_mean_as_recorded,1.0,bindi2014_rhyp,5.0,2015-01-01
233,7,0.11857657283591,0,99,IT.MSCT.--,IT,MSCT,,IT,42.526699,13.3509,1382.0,652.0,6.39,vs_profile,B,NO,Fiberglass box,Pillar,geometric_mean_as_recorded,1.0,bindi2014_rhyp,5.0,2015-01-01
234,10,0.2831367597715701,0,99,IT.MTL.--,IT,MTL,,IT,43.2494,13.0083,376.0,579.0,0.62,vs_profile,B,NO,ENEL Box,Pillar,geometric_mean_as_recorded,1.0,bindi2014_rhyp,5.0,2015-01-01
235,5,-0.37813008846242196,0,99,IT.MVB.--,IT,MVB,,IT,42.9619,12.257,363.0,1046.0,7.23,vs_profile,A,YES,Fiberglass box,Pillar,geometric_mean_as_recorded,1.0,bindi2014_rhyp,5.0,2015-01-01
236,8,0.3543267714022738,0,99,IT.NRC.--,IT,NRC,,IT,42.7925,13.0964,616.0,498.0,3.89,vs_profile,B,NO,Vault,Pillar,geometric_mean_as_recorded,1.0,bindi2014_rhyp,5.0,2015-01-01
237,8,-0.14204369474177542,0,99,IT.NRN.--,IT,NRN,,IT,42.5155,12.5194,306.0,811.0,16.9,vs_profile,A,YES,ENEL Box,Pillar,geometric_mean_as_recorded,1.0,bindi2014_rhyp,5.0,2015-01-01
238,8,-0.11130412069884338,0,99,IT.PAN.--,IT,PAN,,IT,43.0058,12.1436,334.0,980.0,13.61,vs_profile,A,YES,Fiberglass box,Pillar,geometric_mean_as_recorded,1.0,bindi2014_rhyp,5.0,2015-01-01
239,7,0.14420720020680378,0,99,IT.PSC.--,IT,PSC,,IT,41.812,13.7892,1241.0,1000.0,23.1,vs_profile,A,YES,Fiberglass box,Pillar,geometric_mean_as_recorded,1.0,bindi2014_rhyp,5.0,2015-01-01
240,7,0.021456162424539238,0,99,IT.PZI1.--,IT,PZI1,,IT,42.4356,13.3262,908.0,705.0,7.68,vs_profile,B,NO,Small masonry building,Building basement,geometric_mean_as_recorded,1.0,bindi2014_rhyp,5.0,2015-01-01
241,5,0.0511251208023093,0,99,IT.RQT.--,IT,RQT,,IT,42.813,13.311,1188.0,805.0,4.42,vs_profile,A,NO,ENEL Box,Building basement,geometric_mean_as_recorded,1.0,bindi2014_rhyp,5.0,2015-01-01
242,8,0.06822461148212688,0,99,IT.RTI.--,IT,RTI,,IT,42.4302,12.829,393.0,170.0,0.53,vs_profile,D,NO,ENEL Box,Pillar,geometric_mean_as_recorded,1.0,bindi2014_rhyp,5.0,2015-01-01
243,3,-0.0798584094011241,0,99,IT.SBC.--,IT,SBC,,IT,41.9132,13.1055,673.0,1298.0,17.31,vs_profile,A,YES,Fiberglass box,Pillar,geometric_mean_as_recorded,1.0,bindi2014_rhyp,5.0,2015-01-01
244,7,-0.03578259506963427,0,99,IT.SDM.--,IT,SDM,,IT,42.2897,13.5577,666.0,752.0,7.17,vs_profile,B,YES,ENEL Box,Pillar,geometric_mean_as_recorded,1.0,bindi2014_rhyp,5.0,2015-01-01
245,7,0.29672283249190984,0,99,IT.SNG.--,IT,SNG,,IT,43.6855,13.2261,85.0,258.0,2.56,vs_profile,C,NO,ENEL Box,Pillar,geometric_mean_as_recorded,1.0,bindi2014_rhyp,5.0,2015-01-01
246,9,0.37828348651432847,0,99,IT.SULA.--,IT,SULA,,IT,42.0734,13.9166,412.0,297.0,0.63,vs_profile,C,NO,Small masonry building,Building basement,geometric_mean_as_recorded,1.0,bindi2014_rhyp,5.0,2015-01-01
247,10,0.35029860371671895,0,99,IT.SULP.--,IT,SULP,,IT,42.085,13.9274,405.0,275.0,1.99,vs_profile,C,NO,Small masonry building,Building basement,geometric_mean_as_recorded,1.0,bindi2014_rhyp,5.0,2015-01-01
248,9,0.05408259677274441,0,99,IT.TER.--,IT,TER,,IT,42.6565,13.6895,317.0,649.0,11.37,vs_profile,B,NO,Fiberglass box,Pillar,geometric_mean_as_recorded,1.0,bindi2014_rhyp,5.0,2015-01-01
249,9,0.21177616832496074,0,99,IT.TRL.--,IT,TRL,,IT,42.4613,12.9323,1226.0,380.0,11.41,vs_profile,B,NO,Small masonry building,Pillar,geometric_mean_as_recorded,1.0,bindi2014_rhyp,5.0,2015-01-01
250,7,-0.1342252476804025,0,99,IT.TVL.--,IT,TVL,,IT,41.893,12.7732,118.0,314.0,2.35,vs_profile,C,NO,ENEL Box,Pillar,geometric_mean_as_recorded,1.0,bindi2014_rhyp,5.0,2015-01-01
251,10,-0.3437534724791625,0,99,IV.CAFE.--,IV,CAFE,,IT,41.028,15.2366,1070.0,622.0,10.33,vs_profile,B,NO,Vault,Pillar,geometric_mean_as_recorded,1.0,bindi2014_rhyp,5.0,2015-01-01
252,4,0.10996137498432346,0,99,IV.CDCA.--,IV,CDCA,,IT,43.4584,12.2336,50.0,277.0,0.62,vs_profile,C,NO,Box,Pillar,geometric_mean_as_recorded,1.0,bindi2014_rhyp,5.0,2015-01-01
253,9,0.34056066235773963,0,99,IV.CIMA.--,IV,CIMA,,IT,43.305297,13.670091,163.0,443.0,8.93,vs_profile,B,NO,Fiberglass box,Directly on the ground,geometric_mean_as_recorded,1.0,bindi2014_rhyp,5.0,2015-01-01
254,6,-0.25158285691058363,0,99,IV.FERS.--,IV,FERS,,IT,44.9035,11.5406,3.0,184.0,0.11,vs_profile,C,NO,,,geometric_mean_as_recorded,1.0,bindi2014_rhyp,5.0,2015-01-01
255,10,-0.09572550021255188,0,99,IV.FIAM.--,IV,FIAM,,IT,42.26802,13.11718,1070.0,790.0,25.39,vs_profile,B,YES,Vault,Pillar,geometric_mean_as_recorded,1.0,bindi2014_rhyp,5.0,2015-01-01
256,6,0.32069341622340863,0,99,IV.GUMA.--,IV,GUMA,,IT,43.0627,13.3352,574.0,488.0,6.9,vs_profile,B,NO,Vault,Pillar,geometric_mean_as_recorded,1.0,bindi2014_rhyp,5.0,2015-01-01
257,6,0.11427643600477377,0,99,IV.INTR.--,IV,INTR,,IT,42.01154,13.9046,924.0,685.0,8.98,vs_profile,B,NO,Vault,Pillar,geometric_mean_as_recorded,1.0,bindi2014_rhyp,5.0,2015-01-01
258,11,-0.07639819614579735,0,99,IV.MRB1.--,IV,MRB1,,IT,41.1227,14.96815,688.0,448.0,17.16,vs_profile,B,NO,Vault,Pillar,geometric_mean_as_recorded,1.0,bindi2014_rhyp,5.0,2015-01-01
259,7,-0.6199197339369136,0,99,IV.MRLC.--,IV,MRLC,,IT,40.7564,15.48892,605.0,861.0,29.37,vs_profile,A,YES,,,geometric_mean_as_recorded,1.0,bindi2014_rhyp,5.0,2015-01-01
260,4,-0.35939508052725105,0,99,IV.NDIM.--,IV,NDIM,,IT,44.8873,10.8987,19.0,208.0,0.05,vs_profile,C,NO,,,geometric_mean_as_recorded,1.0,bindi2014_rhyp,5.0,2015-01-01
261,3,-0.07457797229282748,0,99,IV.NEVI.--,IV,NEVI,,IT,44.5834,10.3163,480.0,367.0,5.09,vs_profile,B,NO,,Directly on the ground,geometric_mean_as_recorded,1.0,bindi2014_rhyp,5.0,2015-01-01
262,3,-0.1306081454158921,0,99,IV.NRCA.--,IV,NRCA,,IT,42.83355,13.11427,927.0,591.0,19.29,vs_profile,B,NO,Box,Building floor,geometric_mean_as_recorded,1.0,bindi2014_rhyp,5.0,2015-01-01
263,11,-0.16194789199914122,0,99,IV.POFI.--,IV,POFI,,IT,41.71743,13.71202,878.0,1280.0,2.2,vs_profile,A,YES,Vault,Pillar,geometric_mean_as_recorded,1.0,bindi2014_rhyp,5.0,2015-01-01
264,3,0.13016569692428692,0,99,IV.ROM9.--,IV,ROM9,,IT,41.82842,12.51553,110.0,605.0,1.53,vs_profile,B,NO,Box,Pillar,geometric_mean_as_recorded,1.0,bindi2014_rhyp,5.0,2015-01-01
265,10,-0.013361725543762581,0,99,IV.SACS.--,IV,SACS,,IT,42.84906,11.90967,845.0,692.0,1.59,vs_profile,B,YES,Vault,Pillar,geometric_mean_as_recorded,1.0,bindi2014_rhyp,5.0,2015-01-01
266,8,-0.1781461751617726,0,99,IV.SEF1.--,IV,SEF1,,IT,43.14683,12.94762,518.0,485.0,15.69,vs_profile,E,NO,Fiberglass box,Directly on the ground,geometric_mean_as_recorded,1.0,bindi2014_rhyp,5.0,2015-01-01
267,6,0.2870237238202876,0,99,IV.SENI.--,IV,SENI,,IT,43.7052,13.2331,10.0,242.0,0.27,vs_profile,C,NO,Borehole,,geometric_mean_as_recorded,1.0,bindi2014_rhyp,5.0,2015-01-01
268,7,-0.3450356283381693,0,99,IV.SGTA.--,IV,SGTA,,IT,41.135,15.365,890.0,400.0,3.28,vs_profile,B,YES,,,geometric_mean_as_recorded,1.0,bindi2014_rhyp,5.0,2015-01-01
269,10,-0.17104930495665943,0,99,IV.SNAL.--,IV,SNAL,,IT,40.92542,15.20908,874.0,728.0,12.1,vs_profile,B,NO,,,geometric_mean_as_recorded,1.0,bindi2014_rhyp,5.0,2015-01-01
270,8,-0.07216034622885015,0,99,IV.TERO.--,IV,TERO,,IT,42.62279,13.60393,673.0,912.0,19.67,vs_profile,A,YES,Vault,Pillar,geometric_mean_as_recorded,1.0,bindi2014_rhyp,5.0,2015-01-01
271,5,0.07898292627578846,0,99,IV.VENL.--,IV,VENL,,IT,45.4167,12.3765,4.0,245.0,0.48,vs_profile,C,NO,Unknown,,geometric_mean_as_recorded,1.0,bindi2014_rhyp,5.0,2015-01-01
272,3,-0.3023417142543073,0,99,IX.AND3.01,IX,AND3,01,IT,40.9298,15.3331,905.0,296.0,5.01,vs_profile,C,Not analized,,,geometric_mean_as_recorded,1.0,bindi2014_rhyp,5.0,2015-01-01
361,3,-0.5592202663889114,0,99,SL.BOJS.--,SL,BOJS,,SI,45.5043,15.2518,252.0,578.0,4.79,topography,B,Not analized,,,geometric_mean_as_recorded,1.0,bindi2014_rhyp,5.0,2015-01-01
362,3,-0.2044864911660395,0,99,SL.CADS.--,SL,CADS,,SI,46.2281,13.7368,751.0,920.0,14.1,topography,A,Not analized,,,geometric_mean_as_recorded,1.0,bindi2014_rhyp,5.0,2015-01-01
363,3,-0.29552223835477326,0,99,SL.CEY.--,SL,CEY,,SI,45.7381,14.4221,579.0,778.0,8.66,topography,B,Not analized,,,geometric_mean_as_recorded,1.0,bindi2014_rhyp,5.0,2015-01-01
364,3,-0.4026676641931494,0,99,SL.CRES.--,SL,CRES,,SI,45.826,15.4569,431.0,980.0,16.31,topography,A,Not analized,,,geometric_mean_as_recorded,1.0,bindi2014_rhyp,5.0,2015-01-01
365,3,-0.13287360691867506,0,99,SL.CRNS.--,SL,CRNS,,SI,46.0807,14.2613,712.0,960.0,15.58,topography,A,Not analized,,,geometric_mean_as_recorded,1.0,bindi2014_rhyp,5.0,2015-01-01
366,3,-0.30988378999668326,0,99,SL.GORS.--,SL,GORS,,SI,46.3174,13.9999,1048.0,1670.0,16.57,vs_profile,A,Not analized,,,geometric_mean_as_recorded,1.0,bindi2014_rhyp,5.0,2015-01-01
367,3,0.10356613860578484,0,99,SL.LJU.--,SL,LJU,,SI,46.0438,14.5278,396.0,846.0,11.28,topography,A,Not analized,,,geometric_mean_as_recorded,1.0,bindi2014_rhyp,5.0,2015-01-01
368,3,0.05757649034508855,0,99,SL.MOZS.--,SL,MOZS,,SI,46.2941,14.4433,660.0,871.0,12.23,topography,A,Not analized,,,geometric_mean_as_recorded,1.0,bindi2014_rhyp,5.0,2015-01-01
369,3,-0.4128809562865681,0,99,SL.SKDS.--,SL,SKDS,,SI,45.5464,14.0143,552.0,661.0,6.37,topography,B,Not analized,,,geometric_mean_as_recorded,1.0,bindi2014_rhyp,5.0,2015-01-01
370,3,-0.3838442939903531,0,99,SL.VISS.--,SL,VISS,,SI,45.8033,14.8393,399.0,792.0,9.22,topography,B,Not analized,,,geometric_mean_as_recorded,1.0,bindi2014_rhyp,5.0,2015-01-01
371,3,-0.010379735573501692,0,99,SL.VNDS.--,SL,VNDS,,SI,46.1016,14.7014,531.0,805.0,9.72,topography,A,Not analized,,,geometric_mean_as_recorded,1.0,bindi2014_rhyp,5.0,2015-01-01
9,4,0.5606324848397994,1,485,AC.DURR.00,AC,DURR,00,AL,41.3199,19.4573,,301.0,0.37,topography,C,Not analized,Fiberglass box,Pillar,geometric_mean_as_recorded,1.0,bindi2014_rhyp,5.0,2015-01-01
10,3,0.05118852050303657,1,485,AC.HIMA.00,AC,HIMA,00,AL,40.089,19.7582,,987.0,16.58,topography,A,Not analized,Small masonry building,Building floor,geometric_mean_as_recorded,1.0,bindi2014_rhyp,5.0,2015-01-01
11,15,-0.09435756427756814,1,485,CL.AGRP.00,CL,AGRP,00,GR,38.3959,21.72277,282.0,556.0,4.32,topography,B,Not analized,,,geometric_mean_as_recorded,1.0,bindi2014_rhyp,5.0,2015-01-01
12,18,0.5573912654158305,1,485,CL.MALA.01,CL,MALA,01,GR,38.39341,21.87263,7.0,363.0,1.07,topography,B,Not analized,,,geometric_mean_as_recorded,1.0,bindi2014_rhyp,5.0,2015-01-01
13,39,0.03948900055987947,1,485,CL.ROD3.00,CL,ROD3,00,GR,38.30811,21.89204,448.0,514.0,3.39,topography,B,Not analized,,,geometric_mean_as_recorded,1.0,bindi2014_rhyp,5.0,2015-01-01
14,20,-0.13817760653094702,1,485,CL.TRIZ.00,CL,TRIZ,00,GR,38.36543,22.07272,59.0,729.0,7.48,topography,B,Not analized,,,geometric_mean_as_recorded,1.0,bindi2014_rhyp,5.0,2015-01-01
15,17,0.07716156052193357,1,485,GE.IMMV.--,GE,IMMV,,GR,35.4606,23.9811,230.0,1121.0,21.31,topography,A,Not analized,,,geometric_mean_as_recorded,1.0,bindi2014_rhyp,5.0,2015-01-01
16,23,-0.02741215647577755,1,485,GE.KARP.--,GE,KARP,,GR,35.5471,27.16106,524.0,835.0,10.88,topography,A,Not analized,,,geometric_mean_as_recorded,1.0,bindi2014_rhyp,5.0,2015-01-01
17,20,-0.1483893454218227,1,485,GE.KTHA.--,GE,KTHA,,GR,36.2566,23.0621,360.0,692.0,6.87,topography,B,Not analized,,,geometric_mean_as_recorded,1.0,bindi2014_rhyp,5.0,2015-01-01
18,17,-0.09768955639546839,1,485,HA.AIGS.--,HA,AIGS,,GR,38.25001,22.0878,99.0,399.0,1.58,topography,B,Not analized,,,geometric_mean_as_recorded,1.0,bindi2014_rhyp,5.0,2015-01-01
19,15,-1.60254388117785,1,485,HA.ATHU.--,HA,ATHU,,GR,37.9665,23.7845,308.0,648.0,6.16,topography,B,Not analized,,,geometric_mean_as_recorded,1.0,bindi2014_rhyp,5.0,2015-01-01
20,5,-0.026014793808863734,1,485,HA.DRES.--,HA,DRES,,GR,38.319719,21.853176,80.0,527.0,3.68,topography,B,Not analized,,,geometric_mean_as_recorded,1.0,bindi2014_rhyp,5.0,2015-01-01
21,16,0.052053383707771905,1,485,HA.KIAS.--,HA,KIAS,,GR,37.9875,22.7543,100.0,344.0,0.85,topography,C,Not analized,,,geometric_mean_as_recorded,1.0,bindi2014_rhyp,5.0,2015-01-01
22,8,0.3157200466256368,1,485,HA.LTRS.--,HA,LTRS,,GR,37.97528,22.9765,3.0,535.0,3.84,topography,B,Not analized,,,geometric_mean_as_recorded,1.0,bindi2014_rhyp,5.0,2015-01-01
23,9,0.40799376954804645,1,485,HA.XLKS.--,HA,XLKS,,GR,38.0772,22.6361,6.0,379.0,1.3,topography,B,Not analized,,,geometric_mean_as_recorded,1.0,bindi2014_rhyp,5.0,2015-01-01
24,19,-0.40084955783062726,1,485,HC.ABEA.--,HC,ABEA,,GR,35.5163,24.0113,9.0,466.0,2.52,topography,B,Not analized,,,geometric_mean_as_recorded,1.0,bindi2014_rhyp,5.0,2015-01-01
25,30,-0.05923860683834836,1,485,HC.ATEI.--,HC,ATEI,,GR,35.5193,24.0432,59.0,406.0,1.67,topography,B,Not analized,,,geometric_mean_as_recorded,1.0,bindi2014_rhyp,5.0,2015-01-01
26,8,0.09733822442955453,1,485,HC.DEYA.--,HC,DEYA,,GR,35.4825,24.014,41.0,352.0,0.94,topography,C,Not analized,,,geometric_mean_as_recorded,1.0,bindi2014_rhyp,5.0,2015-01-01
27,8,0.07801366279045946,1,485,HC.G0LD.--,HC,G0LD,,GR,35.4955,24.0306,15.0,342.0,0.83,topography,C,Not analized,,,geometric_mean_as_recorded,1.0,bindi2014_rhyp,5.0,2015-01-01
28,9,-0.12980848418382618,1,485,HC.LENT.--,HC,LENT,,GR,35.5074,24.0402,76.0,436.0,2.1,topography,B,Not analized,,,geometric_mean_as_recorded,1.0,bindi2014_rhyp,5.0,2015-01-01
29,4,0.07754609259077844,1,485,HC.MULT.--,HC,MULT,,GR,35.5091,24.0118,18.0,472.0,2.61,topography,B,Not analized,,,geometric_mean_as_recorded,1.0,bindi2014_rhyp,5.0,2015-01-01
30,10,-0.05399043046203522,1,485,HC.NERO.--,HC,NERO,,GR,35.474,24.0423,77.0,927.0,14.34,topography,A,Not analized,,,geometric_mean_as_recorded,1.0,bindi2014_rhyp,5.0,2015-01-01
31,24,0.19827045481613748,1,485,HC.PASK.--,HC,PASK,,GR,35.4996,24.0121,18.0,429.0,2.01,topography,B,Not analized,,,geometric_mean_as_recorded,1.0,bindi2014_rhyp,5.0,2015-01-01
32,13,-0.38396329047589584,1,485,HC.POLY.--,HC,POLY,,GR,35.5226,24.0602,160.0,429.0,2.0,topography,B,Not analized,,,geometric_mean_as_recorded,1.0,bindi2014_rhyp,5.0,2015-01-01
33,13,0.4168992636411815,1,485,HI.AGR3.--,HI,AGR3,,GR,38.5893,21.4162,50.0,474.0,2.63,topography,B,Not analized,,,geometric_mean_as_recorded,1.0,bindi2014_rhyp,5.0,2015-01-01
34,7,-0.4839202406494634,1,485,HI.AIA1.--,HI,AIA1,,GR,40.1641,21.8202,448.0,440.0,2.16,topography,B,Not analized,,,geometric_mean_as_recorded,1.0,bindi2014_rhyp,5.0,2015-01-01
35,9,-0.08837980792737266,1,485,HI.AIG2.--,HI,AIG2,,GR,38.2417,22.0726,116.0,454.0,2.36,topography,B,Not analized,,,geometric_mean_as_recorded,1.0,bindi2014_rhyp,5.0,2015-01-01
36,9,0.19245358211254954,1,485,HI.AKR1.--,HI,AKR1,,GR,38.153583,22.31326,124.0,817.0,10.16,topography,A,Not analized,,,geometric_mean_as_recorded,1.0,bindi2014_rhyp,5.0,2015-01-01
37,8,0.11677413068573633,1,485,HI.ALX2.--,HI,ALX2,,GR,40.845417,25.873947,0.0,387.0,1.42,topography,B,Not analized,,,geometric_mean_as_recorded,1.0,bindi2014_rhyp,5.0,2015-01-01
38,12,0.2579775707377048,1,485,HI.AOL1.--,HI,AOL1,,GR,37.642378,21.624555,45.0,684.0,6.74,topography,B,Not analized,,,geometric_mean_as_recorded,1.0,bindi2014_rhyp,5.0,2015-01-01
39,4,-0.2347872392144127,1,485,HI.ARE2.--,HI,ARE2,,GR,36.66629,22.382635,255.0,363.0,1.07,topography,B,Not analized,,,geometric_mean_as_recorded,1.0,bindi2014_rhyp,5.0,2015-01-01
40,37,0.03979630827671188,1,485,HI.ARG2.--,HI,ARG2,,GR,38.1783,20.4878,6.0,417.0,1.83,topography,B,Not analized,,,geometric_mean_as_recorded,1.0,bindi2014_rhyp,5.0,2015-01-01
41,31,0.10955666022236776,1,485,HI.ARK1.--,HI,ARK1,,GR,35.148777,25.264194,390.0,497.0,3.02,topography,B,Not analized,,,geometric_mean_as_recorded,1.0,bindi2014_rhyp,5.0,2015-01-01
42,37,0.1621837248917012,1,485,HI.ARS1.--,HI,ARS1,,GR,37.6349,22.7293,34.0,362.0,1.05,topography,B,Not analized,,,geometric_mean_as_recorded,1.0,bindi2014_rhyp,5.0,2015-01-01
43,35,-0.3520671090436027,1,485,HI.ART2.--,HI,ART2,,GR,39.1474,20.9937,191.0,643.0,6.09,topography,B,Not analized,,,geometric_mean_as_recorded,1.0,bindi2014_rhyp,5.0,2015-01-01
44,16,0.022294905471498594,1,485,HI.AST1.--,HI,AST1,,GR,38.5416,21.0895,4.0,782.0,8.82,topography,B,Not analized,,,geometric_mean_as_recorded,1.0,bindi2014_rhyp,5.0,2015-01-01
45,35,-0.09284240581032244,1,485,HI.ATH5.--,HI,ATH5,,GR,37.975421,23.737098,99.0,576.0,4.74,topography,B,Not analized,,,geometric_mean_as_recorded,1.0,bindi2014_rhyp,5.0,2015-01-01
46,35,-0.1698513796058123,1,485,HI.CH01.--,HI,CH01,,GR,35.517,24.0208,0.0,327.0,0.67,topography,C,Not analized,,,geometric_mean_as_recorded,1.0,bindi2014_rhyp,5.0,2015-01-01
47,25,0.05336283204304204,1,485,HI.CH02.--,HI,CH02,,GR,35.5145,24.0315,8.0,366.0,1.11,topography,B,Not analized,,,geometric_mean_as_recorded,1.0,bindi2014_rhyp,5.0,2015-01-01
48,25,-0.06792647914588157,1,485,HI.CH03.--,HI,CH03,,GR,35.53303,24.0705,127.0,516.0,3.43,topography,B,Not analized,,,geometric_mean_as_recorded,1.0,bindi2014_rhyp,5.0,2015-01-01
49,7,-0.1375864828430624,1,485,HI.DRA2.--,HI,DRA2,,GR,41.1593,24.1485,167.0,388.0,1.42,topography,B,Not analized,,,geometric_mean_as_recorded,1.0,bindi2014_rhyp,5.0,2015-01-01
50,9,-0.08318283965873874,1,485,HI.FLO2.--,HI,FLO2,,GR,40.7801,21.4052,664.0,449.0,2.29,topography,B,Not analized,,,geometric_mean_as_recorded,1.0,bindi2014_rhyp,5.0,2015-01-01
51,15,-0.46168353821733343,1,485,HI.FRS1.--,HI,FRS1,,GR,39.2934,22.3844,162.0,732.0,7.52,topography,B,Not analized,,,geometric_mean_as_recorded,1.0,bindi2014_rhyp,5.0,2015-01-01
52,30,0.0854297122084674,1,485,HI.GOR1.--,HI,GOR1,,GR,35.0582,24.9628,159.0,528.0,3.7,topography,B,Not analized,,,geometric_mean_as_recorded,1.0,bindi2014_rhyp,5.0,2015-01-01
53,13,-0.389394445563216,1,485,HI.GRE3.--,HI,GRE3,,GR,40.08481,21.43829,517.0,335.0,0.75,topography,C,Not analized,,,geometric_mean_as_recorded,1.0,bindi2014_rhyp,5.0,2015-01-01
54,10,0.12370808137186395,1,485,HI.GTH2.--,HI,GTH2,,GR,36.7603,22.5659,0.0,579.0,4.82,topography,B,Not analized,,,geometric_mean_as_recorded,1.0,bindi2014_rhyp,5.0,2015-01-01
55,27,0.6625131288743489,1,485,HI.HER1.--,HI,HER1,,GR,35.317672,25.10217,54.0,433.0,2.06,topography,B,Not analized,,,geometric_mean_as_recorded,1.0,bindi2014_rhyp,5.0,2015-01-01
56,22,0.6279740249432887,1,485,HI.HER3.--,HI,HER3,,GR,35.3296,25.1065,7.0,379.0,1.3,topography,B,Not analized,,,geometric_mean_as_recorded,1.0,bindi2014_rhyp,5.0,2015-01-01
57,13,-0.13800775249598007,1,485,HI.ITC1.--,HI,ITC1,,GR,38.3647,20.7156,0.0,834.0,10.85,topography,A,Not analized,,,geometric_mean_as_recorded,1.0,bindi2014_rhyp,5.0,2015-01-01
58,14,-0.2229013348006118,1,485,HI.ITS1.--,HI,ITS1,,GR,40.605,23.0123,173.0,429.0,2.0,topography,B,Not analized,,,geometric_mean_as_recorded,1.0,bindi2014_rhyp,5.0,2015-01-01
59,15,-0.1921362716715801,1,485,HI.JAN2.--,HI,JAN2,,GR,39.664,20.85222,503.0,562.0,4.45,topography,B,Not analized,,,geometric_mean_as_recorded,1.0,bindi2014_rhyp,5.0,2015-01-01
60,17,-0.2402001514166242,1,485,HI.JAN3.--,HI,JAN3,,GR,39.684,20.8379,481.0,409.0,1.72,topography,B,Not analized,,,geometric_mean_as_recorded,1.0,bindi2014_rhyp,5.0,2015-01-01
61,12,0.11092146585093215,1,485,HI.KAC1.--,HI,KAC1,,GR,38.143412,21.549694,31.0,311.0,0.49,topography,C,Not analized,,,geometric_mean_as_recorded,1.0,bindi2014_rhyp,5.0,2015-01-01
62,14,0.34002903965515663,1,485,HI.KAR2.--,HI,KAR2,,GR,39.365759,21.91933,106.0,482.0,2.75,topography,B,Not analized,,,geometric_mean_as_recorded,1.0,bindi2014_rhyp,5.0,2015-01-01
63,12,-0.24213949318725436,1,485,HI.KAS2.--,HI,KAS2,,GR,40.504878,21.280507,644.0,587.0,4.99,topography,B,Not analized,,,geometric_mean_as_recorded,1.0,bindi2014_rhyp,5.0,2015-01-01
64,17,-0.24119880525597714,1,485,HI.KIF1.--,HI,KIF1,,GR,38.077273,23.814551,310.0,353.0,0.95,topography,C,Not analized,,,geometric_mean_as_recorded,1.0,bindi2014_rhyp,5.0,2015-01-01
65,19,0.1379519460315219,1,485,HI.KIS1.--,HI,KIS1,,GR,35.493933,23.658993,24.0,497.0,3.02,topography,B,Not analized,,,geometric_mean_as_recorded,1.0,bindi2014_rhyp,5.0,2015-01-01
66,12,0.08500194597462352,1,485,HI.KLR1.--,HI,KLR1,,GR,40.58251,22.949554,28.0,364.0,1.09,topography,B,Not analized,,,geometric_mean_as_recorded,1.0,bindi2014_rhyp,5.0,2015-01-01
67,47,0.022496310695197974,1,485,HI.KLV1.--,HI,KLV1,,GR,38.03256,22.10797,717.0,465.0,2.52,topography,B,Not analized,,,geometric_mean_as_recorded,1.0,bindi2014_rhyp,5.0,2015-01-01
68,6,0.19581243196338277,1,485,HI.KMT1.--,HI,KMT1,,GR,41.1159,25.4066,53.0,338.0,0.79,topography,C,Not analized,,,geometric_mean_as_recorded,1.0,bindi2014_rhyp,5.0,2015-01-01
69,12,-0.11051156579110066,1,485,HI.KNS1.--,HI,KNS1,,GR,40.048,20.7524,621.0,900.0,13.34,topography,A,Not analized,,,geometric_mean_as_recorded,1.0,bindi2014_rhyp,5.0,2015-01-01
70,19,0.26978679326499383,1,485,HI.KOR2.--,HI,KOR2,,GR,37.9401,22.9495,35.0,508.0,3.25,topography,B,Not analized,,,geometric_mean_as_recorded,1.0,bindi2014_rhyp,5.0,2015-01-01
71,7,0.1241794679587443,1,485,HI.KOS2.--,HI,KOS2,,GR,36.8941,27.2888,10.0,489.0,2.85,topography,B,Not analized,,,geometric_mean_as_recorded,1.0,bindi2014_rhyp,5.0,2015-01-01
72,10,-0.25412197711495954,1,485,HI.KOZ2.--,HI,KOZ2,,GR,40.295728,21.788123,731.0,551.0,4.21,topography,B,Not analized,,,geometric_mean_as_recorded,1.0,bindi2014_rhyp,5.0,2015-01-01
73,21,0.14098703478287256,1,485,HI.KRI1.--,HI,KRI1,,GR,37.6621,20.8172,185.0,882.0,12.65,topography,A,Not analized,,,geometric_mean_as_recorded,1.0,bindi2014_rhyp,5.0,2015-01-01
74,35,0.021848692947940673,1,485,HI.KRK1.--,HI,KRK1,,GR,39.618861,19.9202,10.0,421.0,1.89,topography,B,Not analized,,,geometric_mean_as_recorded,1.0,bindi2014_rhyp,5.0,2015-01-01
75,55,0.08648576809701802,1,485,HI.KRL1.--,HI,KRL1,,GR,37.7951,26.7065,14.0,644.0,6.1,topography,B,Not analized,,,geometric_mean_as_recorded,1.0,bindi2014_rhyp,5.0,2015-01-01
76,32,-0.4546802302809707,1,485,HI.KSS1.--,HI,KSS1,,GR,35.4189,26.9207,0.0,767.0,8.25,topography,B,Not analized,,,geometric_mean_as_recorded,1.0,bindi2014_rhyp,5.0,2015-01-01
77,19,-0.2576231946323915,1,485,HI.KTL1.--,HI,KTL1,,GR,35.20778,25.34272,390.0,327.0,0.67,topography,C,Not analized,,,geometric_mean_as_recorded,1.0,bindi2014_rhyp,5.0,2015-01-01
78,7,0.07607640499761154,1,485,HI.KYP2.--,HI,KYP2,,GR,37.2497,21.667,34.0,417.0,1.84,topography,B,Not analized,,,geometric_mean_as_recorded,1.0,bindi2014_rhyp,5.0,2015-01-01
79,34,-0.12298230431968427,1,485,HI.LAM2.--,HI,LAM2,,GR,38.90203,22.431301,112.0,767.0,8.23,topography,B,Not analized,,,geometric_mean_as_recorded,1.0,bindi2014_rhyp,5.0,2015-01-01
80,15,0.36375062670706254,1,485,HI.LAR4.--,HI,LAR4,,GR,39.6422,22.4219,84.0,407.0,1.69,topography,B,Not analized,,,geometric_mean_as_recorded,1.0,bindi2014_rhyp,5.0,2015-01-01
81,19,0.3485752610355892,1,485,HI.LEF2.--,HI,LEF2,,GR,38.830093,20.708346,5.0,311.0,0.49,topography,C,Not analized,,,geometric_mean_as_recorded,1.0,bindi2014_rhyp,5.0,2015-01-01
82,6,-0.1707104597860527,1,485,HI.LEO1.--,HI,LEO1,,GR,37.1689,22.8637,57.0,863.0,11.94,topography,A,Not analized,,,geometric_mean_as_recorded,1.0,bindi2014_rhyp,5.0,2015-01-01
83,18,-0.3141613567708573,1,485,HI.LMN1.--,HI,LMN1,,GR,39.875,25.0588,2.0,603.0,5.34,topography,B,Not analized,,,geometric_mean_as_recorded,1.0,bindi2014_rhyp,5.0,2015-01-01
84,28,-0.16568643547950712,1,485,HI.LMS2.--,HI,LMS2,,GR,40.834985,21.141815,923.0,446.0,2.25,topography,B,Not analized,,,geometric_mean_as_recorded,1.0,bindi2014_rhyp,5.0,2015-01-01
85,5,0.4055111567445804,1,485,HI.LXR2.--,HI,LXR2,,GR,38.206718,20.436386,7.0,449.0,2.29,topography,B,Not analized,,,geometric_mean_as_recorded,1.0,bindi2014_rhyp,5.0,2015-01-01
86,9,0.18092510695907443,1,485,HI.MGP1.--,HI,MGP1,,GR,37.403248,22.140703,433.0,298.0,0.35,topography,C,Not analized,,,geometric_mean_as_recorded,1.0,bindi2014_rhyp,5.0,2015-01-01
87,46,0.3507314396497282,1,485,HI.MSL1.--,HI,MSL1,,GR,38.3727,21.4243,1.0,344.0,0.85,topography,C,Not analized,,,geometric_mean_as_recorded,1.0,bindi2014_rhyp,5.0,2015-01-01
88,50,0.17409162200173445,1,485,HI.MYT1.--,HI,MYT1,,GR,39.085,26.5694,34.0,809.0,9.86,topography,A,Not analized,,,geometric_mean_as_recorded,1.0,bindi2014_rhyp,5.0,2015-01-01
89,48,-0.44912461072822785,1,485,HI.NAX1.--,HI,NAX1,,GR,37.101394,25.374103,7.0,407.0,1.69,topography,B,Not analized,,,geometric_mean_as_recorded,1.0,bindi2014_rhyp,5.0,2015-01-01
90,20,0.017988056125654905,1,485,HI.NMA1.--,HI,NMA1,,GR,37.81873,22.662702,290.0,561.0,4.42,topography,B,Not analized,,,geometric_mean_as_recorded,1.0,bindi2014_rhyp,5.0,2015-01-01
91,24,-0.09932434842280569,1,485,HI.NPS1.--,HI,NPS1,,GR,36.51263,23.06248,48.0,407.0,1.69,topography,B,Not analized,,,geometric_mean_as_recorded,1.0,bindi2014_rhyp,5.0,2015-01-01
92,11,0.4028421279633396,1,485,HI.PAT4.--,HI,PAT4,,GR,38.2338,21.74795,44.0,376.0,1.25,topography,B,Not analized,,,geometric_mean_as_recorded,1.0,bindi2014_rhyp,5.0,2015-01-01
93,14,0.027932481357422656,1,485,HI.PAT5.--,HI,PAT5,,GR,38.29595,21.795083,49.0,545.0,4.08,topography,B,Not analized,,,geometric_mean_as_recorded,1.0,bindi2014_rhyp,5.0,2015-01-01
94,19,-0.004553668929600185,1,485,HI.PER1.--,HI,PER1,,GR,38.0119,23.7027,66.0,425.0,1.94,topography,B,Not analized,,,geometric_mean_as_recorded,1.0,bindi2014_rhyp,5.0,2015-01-01
95,11,0.4005888605615152,1,485,HI.PET1.--,HI,PET1,,GR,36.963862,21.92538,6.0,403.0,1.64,topography,B,Not analized,,,geometric_mean_as_recorded,1.0,bindi2014_rhyp,5.0,2015-01-01
96,6,-0.15096863500201907,1,485,HI.PIR1.--,HI,PIR1,,GR,37.93723,23.642595,87.0,275.0,0.26,topography,C,Not analized,,,geometric_mean_as_recorded,1.0,bindi2014_rhyp,5.0,2015-01-01
97,13,0.29733820131694727,1,485,HI.PIR2.--,HI,PIR2,,GR,37.9458,23.6709,10.0,502.0,3.13,topography,B,Not analized,,,geometric_mean_as_recorded,1.0,bindi2014_rhyp,5.0,2015-01-01
98,15,-0.31816162894820244,1,485,HI.PIR3.--,HI,PIR3,,GR,37.9573,23.6519,10.0,338.0,0.79,topography,C,Not analized,,,geometric_mean_as_recorded,1.0,bindi2014_rhyp,5.0,2015-01-01
99,13,0.04503841953656862,1,485,HI.PLA1.--,HI,PLA1,,GR,40.555907,22.988593,13.0,405.0,1.67,topography,B,Not analized,,,geometric_mean_as_recorded,1.0,bindi2014_rhyp,5.0,2015-01-01
100,23,0.025650423256450727,1,485,HI.PLN1.--,HI,PLN1,,GR,39.998,23.575,29.0,443.0,2.2,topography,B,Not analized,,,geometric_mean_as_recorded,1.0,bindi2014_rhyp,5.0,2015-01-01
101,15,0.4234624868435776,1,485,HI.PTO1.--,HI,PTO1,,GR,40.510132,21.681568,603.0,399.0,1.58,topography,B,Not analized,,,geometric_mean_as_recorded,1.0,bindi2014_rhyp,5.0,2015-01-01
102,15,0.22679370032077711,1,485,HI.PYR2.--,HI,PYR2,,GR,37.6671,21.4506,8.0,442.0,2.19,topography,B,Not analized,,,geometric_mean_as_recorded,1.0,bindi2014_rhyp,5.0,2015-01-01
103,34,0.1113965735655445,1,485,HI.RDI1.--,HI,RDI1,,GR,36.4514,28.224,7.0,413.0,1.78,topography,B,Not analized,,,geometric_mean_as_recorded,1.0,bindi2014_rhyp,5.0,2015-01-01
104,16,-0.0937954305292713,1,485,HI.RGE1.--,HI,RGE1,,GR,36.0269,27.9306,3.0,396.0,1.54,topography,B,Not analized,,,geometric_mean_as_recorded,1.0,bindi2014_rhyp,5.0,2015-01-01
105,18,0.1200250598274229,1,485,HI.RKL1.--,HI,RKL1,,GR,36.336699,28.171224,78.0,533.0,3.81,topography,B,Not analized,,,geometric_mean_as_recorded,1.0,bindi2014_rhyp,5.0,2015-01-01
106,10,-0.23971936320613974,1,485,HI.RKT1.--,HI,RKT1,,GR,35.954336,27.767327,49.0,403.0,1.64,topography,B,Not analized,,,geometric_mean_as_recorded,1.0,bindi2014_rhyp,5.0,2015-01-01
107,15,0.03632350337785595,1,485,HI.RPN1.--,HI,RPN1,,GR,36.448678,28.218047,14.0,581.0,4.86,topography,B,Not analized,,,geometric_mean_as_recorded,1.0,bindi2014_rhyp,5.0,2015-01-01
108,10,0.010190047586573492,1,485,HI.RSO1.--,HI,RSO1,,GR,36.3632,28.0016,8.0,381.0,1.33,topography,B,Not analized,,,geometric_mean_as_recorded,1.0,bindi2014_rhyp,5.0,2015-01-01
109,15,-0.24038766359120156,1,485,HI.RTH1.--,HI,RTH1,,GR,35.365393,24.471773,15.0,424.0,1.93,topography,B,Not analized,,,geometric_mean_as_recorded,1.0,bindi2014_rhyp,5.0,2015-01-01
110,11,-0.5051072081769501,1,485,HI.SEIS.--,HI,SEIS,,GR,40.631849,22.962768,63.0,726.0,7.42,topography,B,Not analized,,,geometric_mean_as_recorded,1.0,bindi2014_rhyp,5.0,2015-01-01
111,13,0.020350969943173203,1,485,HI.SFL1.--,HI,SFL1,,GR,41.189954,26.304374,6.0,355.0,0.97,topography,C,Not analized,,,geometric_mean_as_recorded,1.0,bindi2014_rhyp,5.0,2015-01-01
112,13,0.07607145146695249,1,485,HI.SFR2.--,HI,SFR2,,GR,36.399841,25.438209,206.0,485.0,2.79,topography,B,Not analized,,,geometric_mean_as_recorded,1.0,bindi2014_rhyp,5.0,2015-01-01
113,22,-0.1449611624409085,1,485,HI.SGR1.--,HI,SGR1,,GR,39.211392,25.855221,28.0,814.0,10.06,topography,A,Not analized,,,geometric_mean_as_recorded,1.0,bindi2014_rhyp,5.0,2015-01-01
114,12,-0.28014495660481253,1,485,HI.SIA1.--,HI,SIA1,,GR,40.257308,21.553432,918.0,948.0,15.14,topography,A,Not analized,,,geometric_mean_as_recorded,1.0,bindi2014_rhyp,5.0,2015-01-01
115,41,0.15821188124752528,1,485,HI.SIT2.--,HI,SIT2,,GR,35.2059,26.107,0.0,385.0,1.39,topography,B,Not analized,,,geometric_mean_as_recorded,1.0,bindi2014_rhyp,5.0,2015-01-01
116,40,-0.1131262766000466,1,485,HI.SKY1.--,HI,SKY1,,GR,38.904483,24.564572,75.0,824.0,10.43,topography,A,Not analized,,,geometric_mean_as_recorded,1.0,bindi2014_rhyp,5.0,2015-01-01
117,8,0.44457381886952224,1,485,HI.SPP1.--,HI,SPP1,,GR,41.0225,25.7013,125.0,443.0,2.2,topography,B,Not analized,,,geometric_mean_as_recorded,1.0,bindi2014_rhyp,5.0,2015-01-01
118,12,-0.429575654294431,1,485,HI.STL1.--,HI,STL1,,GR,40.662419,22.935323,28.0,407.0,1.69,topography,B,Not analized,,,geometric_mean_as_recorded,1.0,bindi2014_rhyp,5.0,2015-01-01
119,11,-0.4091044140504858,1,485,HI.THS1.--,HI,THS1,,GR,40.738476,24.575145,20.0,527.0,3.66,topography,B,Not analized,,,geometric_mean_as_recorded,1.0,bindi2014_rhyp,5.0,2015-01-01
120,27,0.16160257681296986,1,485,HI.THV2.--,HI,THV2,,GR,38.316117,23.319807,215.0,535.0,3.85,topography,B,Not analized,,,geometric_mean_as_recorded,1.0,bindi2014_rhyp,5.0,2015-01-01
121,13,-0.21077988328129782,1,485,HI.TRP1.--,HI,TRP1,,GR,37.511219,22.363399,698.0,504.0,3.17,topography,B,Not analized,,,geometric_mean_as_recorded,1.0,bindi2014_rhyp,5.0,2015-01-01
122,34,-0.17947149475252144,1,485,HI.VOL2.--,HI,VOL2,,GR,39.366,22.9506,26.0,393.0,1.5,topography,B,Not analized,,,geometric_mean_as_recorded,1.0,bindi2014_rhyp,5.0,2015-01-01
123,17,-0.392147595503201,1,485,HI.VOL3.--,HI,VOL3,,GR,39.373969,22.935352,10.0,332.0,0.72,topography,C,Not analized,,,geometric_mean_as_recorded,1.0,bindi2014_rhyp,5.0,2015-01-01
124,16,-0.04312390081004425,1,485,HI.VSK1.--,HI,VSK1,,GR,38.4091,20.564,302.0,652.0,6.22,topography,B,Not analized,,,geometric_mean_as_recorded,1.0,bindi2014_rhyp,5.0,2015-01-01
125,6,0.015233249262050497,1,485,HI.XAN2.--,HI,XAN2,,GR,41.142046,24.890781,74.0,423.0,1.92,topography,B,Not analized,,,geometric_mean_as_recorded,1.0,bindi2014_rhyp,5.0,2015-01-01
126,16,0.09187142543755977,1,485,HL.ACHA.00,HL,ACHA,00,GR,38.07458,23.74127,183.0,348.0,0.9,topography,C,Not analized,,,geometric_mean_as_recorded,1.0,bindi2014_rhyp,5.0,2015-01-01
127,9,-0.18430189342593528,1,485,HL.AGNA.00,HL,AGNA,00,GR,35.1895,25.71853,15.0,531.0,3.77,topography,B,Not analized,,,geometric_mean_as_recorded,1.0,bindi2014_rhyp,5.0,2015-01-01
128,9,0.13836544343438034,1,485,HL.AGXA.00,HL,AGXA,00,GR,39.27649,22.81999,2.0,389.0,1.43,topography,B,Not analized,,,geometric_mean_as_recorded,1.0,bindi2014_rhyp,5.0,2015-01-01
129,21,0.04046834801229959,1,485,HL.ALNA.00,HL,ALNA,00,GR,39.14804,23.86669,40.0,437.0,2.12,topography,B,Not analized,,,geometric_mean_as_recorded,1.0,bindi2014_rhyp,5.0,2015-01-01
130,21,-0.41387668682871803,1,485,HL.AMGA.00,HL,AMGA,00,GR,36.831551,25.893818,307.0,502.0,3.12,topography,B,Not analized,,,geometric_mean_as_recorded,1.0,bindi2014_rhyp,5.0,2015-01-01
131,11,0.09195456186806722,1,485,HL.ANAF.--,HL,ANAF,,GR,36.35675,25.77262,335.0,811.0,9.93,topography,A,Not analized,,,geometric_mean_as_recorded,1.0,bindi2014_rhyp,5.0,2015-01-01
132,15,-0.0744234928464359,1,485,HL.ANKY.00,HL,ANKY,00,GR,35.86704,23.30117,143.0,760.0,7.97,topography,B,Not analized,,,geometric_mean_as_recorded,1.0,bindi2014_rhyp,5.0,2015-01-01
133,6,0.12023047615667043,1,485,HL.ARIA.00,HL,ARIA,00,GR,38.33358,21.76206,1.0,301.0,0.37,topography,C,Not analized,,,geometric_mean_as_recorded,1.0,bindi2014_rhyp,5.0,2015-01-01
134,10,-0.5892272276847905,1,485,HL.ARTB.00,HL,ARTB,00,GR,39.15702,20.9785,29.0,311.0,0.49,topography,C,Not analized,,,geometric_mean_as_recorded,1.0,bindi2014_rhyp,5.0,2015-01-01
135,11,-0.5103452371507091,1,485,HL.ASTA.00,HL,ASTA,00,GR,36.54552,26.35295,64.0,793.0,9.24,topography,B,Not analized,,,geometric_mean_as_recorded,1.0,bindi2014_rhyp,5.0,2015-01-01
136,23,-0.03826566747622706,1,485,HL.ATHP.00,HL,ATHP,00,GR,38.000799,23.773487,187.0,453.0,2.35,topography,B,Not analized,,,geometric_mean_as_recorded,1.0,bindi2014_rhyp,5.0,2015-01-01
137,21,0.1773031654361999,1,485,HL.CHNB.00,HL,CHNB,00,GR,35.48765,24.06605,5.0,353.0,0.95,topography,C,Not analized,,,geometric_mean_as_recorded,1.0,bindi2014_rhyp,5.0,2015-01-01
138,40,-0.05501976399360731,1,485,HL.DLFA.00,HL,DLFA,00,GR,38.47836,22.49583,570.0,1666.0,37.55,topography,A,Not analized,,,geometric_mean_as_recorded,1.0,bindi2014_rhyp,5.0,2015-01-01
139,14,0.026885996549464886,1,485,HL.DRPA.00,HL,DRPA,00,GR,37.94738,23.63024,18.0,523.0,3.59,topography,B,Not analized,,,geometric_mean_as_recorded,1.0,bindi2014_rhyp,5.0,2015-01-01
140,27,-0.23778085917321046,1,485,HL.EFSA.00,HL,EFSA,00,GR,39.54015,24.98864,5.0,586.0,4.96,topography,B,Not analized,,,geometric_mean_as_recorded,1.0,bindi2014_rhyp,5.0,2015-01-01
141,15,-0.12007304861047696,1,485,HL.ELFA.00,HL,ELFA,00,GR,38.04472,23.5405,9.0,321.0,0.6,topography,C,Not analized,,,geometric_mean_as_recorded,1.0,bindi2014_rhyp,5.0,2015-01-01
142,12,-0.18726485089599754,1,485,HL.GINA.00,HL,GINA,00,GR,39.66886,22.389,94.0,355.0,0.97,topography,C,Not analized,,,geometric_mean_as_recorded,1.0,bindi2014_rhyp,5.0,2015-01-01
143,20,0.35445186050220656,1,485,HL.HERG.00,HL,HERG,00,GR,35.32622,25.06586,31.0,470.0,2.58,topography,B,Not analized,,,geometric_mean_as_recorded,1.0,bindi2014_rhyp,5.0,2015-01-01
144,45,0.6406402934180152,1,485,HL.IACM.--,HL,IACM,,GR,35.3058,25.0709,45.0,844.0,11.22,topography,A,Not analized,,,geometric_mean_as_recorded,1.0,bindi2014_rhyp,5.0,2015-01-01
145,29,0.05671273001957111,1,485,HL.IMMV.--,HL,IMMV,,GR,35.4606,23.9811,230.0,1036.0,18.32,topography,A,Not analized,,,geometric_mean_as_recorded,1.0,bindi2014_rhyp,5.0,2015-01-01
146,6,-0.1334616643748865,1,485,HL.ITM.00,HL,ITM,00,GR,37.17872,21.92522,423.0,882.0,12.68,topography,A,Not analized,,,geometric_mean_as_recorded,1.0,bindi2014_rhyp,5.0,2015-01-01
147,43,-0.14533757976211736,1,485,HL.JAN.00,HL,JAN,00,GR,39.65616,20.84874,526.0,399.0,1.58,topography,B,Not analized,,,geometric_mean_as_recorded,1.0,bindi2014_rhyp,5.0,2015-01-01
148,15,-0.10385875056649774,1,485,HL.KARA.00,HL,KARA,00,GR,38.01581,24.42014,20.0,497.0,3.03,topography,B,Not analized,,,geometric_mean_as_recorded,1.0,bindi2014_rhyp,5.0,2015-01-01
149,34,0.038161380610150286,1,485,HL.KARP.--,HL,KARP,,GR,35.5471,27.16106,524.0,835.0,10.88,topography,A,Not analized,,,geometric_mean_as_recorded,1.0,bindi2014_rhyp,5.0,2015-01-01
150,12,-0.11132884738336202,1,485,HL.KASA.00,HL,KASA,00,GR,39.74628,19.93542,65.0,1006.0,17.27,topography,A,Not analized,,,geometric_mean_as_recorded,1.0,bindi2014_rhyp,5.0,2015-01-01
151,57,-0.4047638735083573,1,485,HL.KLNA.00,HL,KLNA,00,GR,36.95708,26.97274,28.0,530.0,3.75,topography,B,Not analized,,,geometric_mean_as_recorded,1.0,bindi2014_rhyp,5.0,2015-01-01
152,4,0.6393887485905406,1,485,HL.KOMA.00,HL,KOMA,00,GR,41.11278,25.39647,37.0,385.0,1.38,topography,B,Not analized,,,geometric_mean_as_recorded,1.0,bindi2014_rhyp,5.0,2015-01-01
153,4,0.2652092310096942,1,485,HL.KRYO.--,HL,KRYO,,GR,37.971151,22.617961,883.0,492.0,2.91,topography,B,Not analized,,,geometric_mean_as_recorded,1.0,bindi2014_rhyp,5.0,2015-01-01
154,11,-0.5082960323921109,1,485,HL.KSL.00,HL,KSL,00,GR,36.15031,29.58561,64.0,781.0,8.79,topography,B,Not analized,,,geometric_mean_as_recorded,1.0,bindi2014_rhyp,5.0,2015-01-01
155,4,-0.2963374213561153,1,485,HL.KSTE.--,HL,KSTE,,GR,35.1801,25.3372,395.0,1052.0,18.91,topography,A,Not analized,,,geometric_mean_as_recorded,1.0,bindi2014_rhyp,5.0,2015-01-01
156,20,0.2913541493600983,1,485,HL.KTHA.--,HL,KTHA,,GR,36.2566,23.0621,360.0,692.0,6.87,topography,B,Not analized,,,geometric_mean_as_recorded,1.0,bindi2014_rhyp,5.0,2015-01-01
157,12,-0.5296888537200595,1,485,HL.KVLA.00,HL,KVLA,00,GR,40.93704,24.38591,122.0,782.0,8.82,topography,B,Not analized,,,geometric_mean_as_recorded,1.0,bindi2014_rhyp,5.0,2015-01-01
158,4,0.37288201059797266,1,485,HL.LARA.00,HL,LARA,00,GR,39.63704,22.42969,75.0,390.0,1.46,topography,B,Not analized,,,geometric_mean_as_recorded,1.0,bindi2014_rhyp,5.0,2015-01-01
159,33,-0.3612062591596963,1,485,HL.LIA.00,HL,LIA,00,GR,39.89725,25.18055,67.0,471.0,2.59,topography,B,Not analized,,,geometric_mean_as_recorded,1.0,bindi2014_rhyp,5.0,2015-01-01
160,13,-0.6373557966305383,1,485,HL.LKR.--,HL,LKR,,GR,38.64957,22.998812,192.0,1074.0,19.67,topography,A,Not analized,,,geometric_mean_as_recorded,1.0,bindi2014_rhyp,5.0,2015-01-01
161,25,0.37741039504650165,1,485,HL.LXRA.00,HL,LXRA,00,GR,38.20006,20.43718,0.0,462.0,2.47,topography,B,Not analized,,,geometric_mean_as_recorded,1.0,bindi2014_rhyp,5.0,2015-01-01
162,26,0.2832189338332269,1,485,HL.MILA.00,HL,MILA,00,GR,36.74288,24.4282,130.0,573.0,4.69,topography,B,Not analized,,,geometric_mean_as_recorded,1.0,bindi2014_rhyp,5.0,2015-01-01
163,7,0.06238749399531751,1,485,HL.NASA.00,HL,NASA,00,GR,40.63111,22.06706,350.0,446.0,2.24,topography,B,Not analized,,,geometric_mean_as_recorded,1.0,bindi2014_rhyp,5.0,2015-01-01
164,5,-0.034622322825851426,1,485,HL.NGRA.00,HL,NGRA,00,GR,40.90747,23.49933,68.0,321.0,0.6,topography,C,Not analized,,,geometric_mean_as_recorded,1.0,bindi2014_rhyp,5.0,2015-01-01
165,30,0.020024415496637804,1,485,HL.NOAC.00,HL,NOAC,00,GR,37.97384,23.71767,93.0,719.0,7.32,topography,B,Not analized,,,geometric_mean_as_recorded,1.0,bindi2014_rhyp,5.0,2015-01-01
166,10,-0.21868682900129532,1,485,HL.NOAC.02,HL,NOAC,02,GR,37.97384,23.71767,93.0,719.0,7.32,topography,B,Not analized,,,geometric_mean_as_recorded,1.0,bindi2014_rhyp,5.0,2015-01-01
167,9,-0.17935728612471435,1,485,HL.NPLA.00,HL,NPLA,00,GR,37.56561,22.79975,10.0,505.0,3.19,topography,B,Not analized,,,geometric_mean_as_recorded,1.0,bindi2014_rhyp,5.0,2015-01-01
168,6,0.3689231994080727,1,485,HL.NVR.00,HL,NVR,00,GR,41.34846,23.86517,627.0,955.0,15.37,topography,A,Not analized,,,geometric_mean_as_recorded,1.0,bindi2014_rhyp,5.0,2015-01-01
169,4,-0.1878248567420462,1,485,HL.OREA.00,HL,OREA,00,GR,40.72705,22.91452,257.0,458.0,2.42,topography,B,Not analized,,,geometric_mean_as_recorded,1.0,bindi2014_rhyp,5.0,2015-01-01
170,45,0.3747949358248535,1,485,HL.PATC.00,HL,PATC,00,GR,38.26933,21.76001,47.0,444.0,2.21,topography,B,Not analized,,,geometric_mean_as_recorded,1.0,bindi2014_rhyp,5.0,2015-01-01
171,35,0.17902712127246556,1,485,HL.PATG.00,HL,PATG,00,GR,38.23865,21.72657,1.0,315.0,0.53,topography,C,Not analized,,,geometric_mean_as_recorded,1.0,bindi2014_rhyp,5.0,2015-01-01
172,3,-0.5700300580884485,1,485,HL.PLG.--,HL,PLG,,GR,40.37328,23.44443,566.0,608.0,5.44,topography,B,Not analized,,,geometric_mean_as_recorded,1.0,bindi2014_rhyp,5.0,2015-01-01
173,5,-0.04695344932651524,1,485,HL.PRGA.00,HL,PRGA,00,GR,39.28557,20.40157,15.0,728.0,7.46,topography,B,Not analized,,,geometric_mean_as_recorded,1.0,bindi2014_rhyp,5.0,2015-01-01
174,50,0.12956086811908352,1,485,HL.PRK.--,HL,PRK,,GR,39.24565,26.26499,130.0,604.0,5.35,topography,B,Not analized,,,geometric_mean_as_recorded,1.0,bindi2014_rhyp,5.0,2015-01-01
175,35,-0.23464765667764886,1,485,HL.PSRA.00,HL,PSRA,00,GR,38.53978,25.56202,13.0,412.0,1.77,topography,B,Not analized,,,geometric_mean_as_recorded,1.0,bindi2014_rhyp,5.0,2015-01-01
176,38,0.12392216116585475,1,485,HL.RIOA.00,HL,RIOA,00,GR,38.29585,21.79118,46.0,496.0,3.0,topography,B,Not analized,,,geometric_mean_as_recorded,1.0,bindi2014_rhyp,5.0,2015-01-01
177,33,0.04514044458775612,1,485,HL.RODB.00,HL,RODB,00,GR,36.4471,28.22116,26.0,509.0,3.28,topography,B,Not analized,,,geometric_mean_as_recorded,1.0,bindi2014_rhyp,5.0,2015-01-01
178,15,0.666150330541913,1,485,HL.SAP3.--,HL,SAP3,,GR,36.4356,25.345419,173.0,1117.0,21.2,topography,A,Not analized,,,geometric_mean_as_recorded,1.0,bindi2014_rhyp,5.0,2015-01-01
179,29,0.13372766887495519,1,485,HL.SIVA.00,HL,SIVA,00,GR,35.01777,24.81204,96.0,706.0,7.11,topography,B,Not analized,,,geometric_mean_as_recorded,1.0,bindi2014_rhyp,5.0,2015-01-01
180,25,-0.20100385729200165,1,485,HL.SMG.00,HL,SMG,00,GR,37.70425,26.83772,348.0,451.0,2.32,topography,B,Not analized,,,geometric_mean_as_recorded,1.0,bindi2014_rhyp,5.0,2015-01-01
181,6,0.05821532759622605,1,485,HL.SMHA.00,HL,SMHA,00,GR,38.25123,20.6477,5.0,342.0,0.82,topography,C,Not analized,,,geometric_mean_as_recorded,1.0,bindi2014_rhyp,5.0,2015-01-01
182,17,-0.5718684812396702,1,485,HL.SMTH.00,HL,SMTH,00,GR,40.47094,25.53045,365.0,1167.0,22.91,topography,A,Not analized,,,geometric_mean_as_recorded,1.0,bindi2014_rhyp,5.0,2015-01-01
183,6,-0.010842458213146111,1,485,HL.SOFA.00,HL,SOFA,00,GR,39.33773,22.09691,110.0,358.0,1.01,topography,C,Not analized,,,geometric_mean_as_recorded,1.0,bindi2014_rhyp,5.0,2015-01-01
184,12,-0.47131007376023715,1,485,HL.THERA.00,HL,THERA,00,GR,36.366992,25.475263,288.0,795.0,9.35,topography,B,Not analized,,,geometric_mean_as_recorded,1.0,bindi2014_rhyp,5.0,2015-01-01
185,37,0.37426440620973306,1,485,HL.THRA.00,HL,THRA,00,GR,36.41502,25.43244,220.0,509.0,3.28,topography,B,Not analized,,,geometric_mean_as_recorded,1.0,bindi2014_rhyp,5.0,2015-01-01
186,40,-0.33888283333962443,1,485,HL.TNSA.00,HL,TNSA,00,GR,37.53942,25.1631,21.0,401.0,1.6,topography,B,Not analized,,,geometric_mean_as_recorded,1.0,bindi2014_rhyp,5.0,2015-01-01
187,11,0.019406479080326,1,485,HL.TRKA.00,HL,TRKA,00,GR,39.55381,21.76624,87.0,321.0,0.6,topography,C,Not analized,,,geometric_mean_as_recorded,1.0,bindi2014_rhyp,5.0,2015-01-01
188,5,0.41510088276075596,1,485,HL.VELA.00,HL,VELA,00,GR,37.974944,22.766063,17.0,387.0,1.41,topography,B,Not analized,,,geometric_mean_as_recorded,1.0,bindi2014_rhyp,5.0,2015-01-01
189,4,0.06867473718483313,1,485,HL.VERA.00,HL,VERA,00,GR,40.48601,22.32151,117.0,490.0,2.87,topography,B,Not analized,,,geometric_mean_as_recorded,1.0,bindi2014_rhyp,5.0,2015-01-01
190,30,0.016784063077903588,1,485,HL.YDRA.00,HL,YDRA,00,GR,37.34923,23.46525,33.0,544.0,4.06,topography,B,Not analized,,,geometric_mean_as_recorded,1.0,bindi2014_rhyp,5.0,2015-01-01
191,9,0.36158138762796144,1,485,HL.ZARA.00,HL,ZARA,00,GR,37.4865,21.6491,30.0,372.0,1.2,topography,B,Not analized,,,geometric_mean_as_recorded,1.0,bindi2014_rhyp,5.0,2015-01-01
192,15,-0.1635686744259197,1,485,HL.ZKR.00,HL,ZKR,00,GR,35.1147,26.21691,254.0,522.0,3.56,topography,B,Not analized,,,geometric_mean_as_recorded,1.0,bindi2014_rhyp,5.0,2015-01-01
193,6,0.3324048173417755,1,485,HP.AMT.--,HP,AMT,,GR,37.5324,21.7089,482.0,1088.0,20.18,topography,A,Not analized,,,geometric_mean_as_recorded,1.0,bindi2014_rhyp,5.0,2015-01-01
194,22,-0.04146141476849163,1,485,HP.ANX.--,HP,ANX,,GR,38.5933,21.9209,1020.0,311.0,0.49,topography,C,Not analized,,,geometric_mean_as_recorded,1.0,bindi2014_rhyp,5.0,2015-01-01
195,10,-0.0016362827926946766,1,485,HP.EFP.--,HP,EFP,,GR,38.4269,21.9058,107.0,1280.0,26.61,topography,A,Not analized,,,geometric_mean_as_recorded,1.0,bindi2014_rhyp,5.0,2015-01-01
196,14,-0.1472447263928992,1,485,HP.FSK.--,HP,FSK,,GR,38.4593,20.5623,113.0,688.0,6.82,topography,B,Not analized,,,geometric_mean_as_recorded,1.0,bindi2014_rhyp,5.0,2015-01-01
197,24,-0.018766247150998283,1,485,HP.GUR.--,HP,GUR,,GR,37.9363,22.3423,1087.0,1061.0,19.22,topography,A,Not analized,,,geometric_mean_as_recorded,1.0,bindi2014_rhyp,5.0,2015-01-01
198,13,-0.0497626889657895,1,485,HP.LTHK.--,HP,LTHK,,GR,37.7095,20.8367,35.0,523.0,3.59,topography,B,Not analized,,,geometric_mean_as_recorded,1.0,bindi2014_rhyp,5.0,2015-01-01
199,37,-0.24591192480199153,1,485,HP.LTK.--,HP,LTK,,GR,38.0228,22.9673,408.0,664.0,6.42,topography,B,Not analized,,,geometric_mean_as_recorded,1.0,bindi2014_rhyp,5.0,2015-01-01
200,20,-0.015611884608076276,1,485,HP.PDO.--,HP,PDO,,GR,38.5986,21.1833,227.0,492.0,2.91,topography,B,Not analized,,,geometric_mean_as_recorded,1.0,bindi2014_rhyp,5.0,2015-01-01
201,28,-0.07809385488077558,1,485,HP.PVO.--,HP,PVO,,GR,38.616,21.525,184.0,1018.0,17.69,topography,A,Not analized,,,geometric_mean_as_recorded,1.0,bindi2014_rhyp,5.0,2015-01-01
202,12,-0.1533723095133882,1,485,HP.PYL.--,HP,PYL,,GR,36.8955,21.742,226.0,774.0,8.52,topography,B,Not analized,,,geometric_mean_as_recorded,1.0,bindi2014_rhyp,5.0,2015-01-01
203,28,-0.022875663014568448,1,485,HP.SERG.--,HP,SERG,,GR,38.4133,22.0566,480.0,1296.0,27.11,topography,A,Not analized,,,geometric_mean_as_recorded,1.0,bindi2014_rhyp,5.0,2015-01-01
204,22,0.26957311694224,1,485,HP.UPR.--,HP,UPR,,GR,38.2836,21.7864,138.0,547.0,4.11,topography,B,Not analized,,,geometric_mean_as_recorded,1.0,bindi2014_rhyp,5.0,2015-01-01
205,18,-0.23317055532747166,1,485,HP.VALY.--,HP,VALY,,GR,37.1641,21.9836,24.0,465.0,2.52,topography,B,Not analized,,,geometric_mean_as_recorded,1.0,bindi2014_rhyp,5.0,2015-01-01
206,14,-0.1643069053130296,1,485,HP.VVK.--,HP,VVK,,GR,38.4222,21.8116,650.0,956.0,15.44,topography,A,Not analized,,,geometric_mean_as_recorded,1.0,bindi2014_rhyp,5.0,2015-01-01
207,3,-0.11521768605047777,1,485,HT.LES3.--,HT,LES3,,GR,39.303248,26.180664,218.0,538.0,3.93,topography,B,Not analized,,,geometric_mean_as_recorded,1.0,bindi2014_rhyp,5.0,2015-01-01
273,4,0.053423798091564945,1,485,KF.CKWP.00,KF,CKWP,00,GR,38.166171,20.510214,71.0,861.0,11.87,topography,A,Not analized,,,geometric_mean_as_recorded,1.0,bindi2014_rhyp,5.0,2015-01-01
274,33,-0.09912944210058172,1,485,KO.AKS.--,KO,AKS,,TR,38.8785,27.8129,385.0,534.0,6.7,topography,B,Not analized,,,geometric_mean_as_recorded,1.0,bindi2014_rhyp,5.0,2015-01-01
275,14,-0.4628865182028532,1,485,KO.ALT.--,KO,ALT,,TR,39.0541,30.1104,1060.0,448.0,3.96,topography,B,Not analized,,,geometric_mean_as_recorded,1.0,bindi2014_rhyp,5.0,2015-01-01
276,6,-0.0698636221583615,1,485,KO.ARMT.--,KO,ARMT,,TR,40.5683,28.866,320.0,620.0,9.98,topography,B,Not analized,,,geometric_mean_as_recorded,1.0,bindi2014_rhyp,5.0,2015-01-01
277,3,-0.2281628053228456,1,485,KO.ARMU.--,KO,ARMU,,TR,40.5088,28.838,1.0,397.0,2.71,topography,B,Not analized,,,geometric_mean_as_recorded,1.0,bindi2014_rhyp,5.0,2015-01-01
278,16,0.37763339219099745,1,485,KO.ARPRA.--,KO,ARPRA,,TR,39.0929,38.3356,1522.0,784.0,15.64,topography,B,Not analized,,,geometric_mean_as_recorded,1.0,bindi2014_rhyp,5.0,2015-01-01
279,7,0.37381302586869947,1,485,KO.AVCI.--,KO,AVCI,,TR,40.9958,28.7225,90.0,409.0,3.02,topography,B,Not analized,,,geometric_mean_as_recorded,1.0,bindi2014_rhyp,5.0,2015-01-01
280,8,0.0716417360266009,1,485,KO.BALB.--,KO,BALB,,TR,39.6507,27.8642,266.0,710.0,12.57,topography,B,Not analized,,,geometric_mean_as_recorded,1.0,bindi2014_rhyp,5.0,2015-01-01
281,20,0.07344491340375991,1,485,KO.BASM.--,KO,BASM,,TR,37.9194,30.035,897.0,428.0,3.46,topography,B,Not analized,,,geometric_mean_as_recorded,1.0,bindi2014_rhyp,5.0,2015-01-01
282,20,0.10619983548932094,1,485,KO.BIGA.--,KO,BIGA,,TR,40.28134,27.15048,60.0,397.0,2.72,topography,B,Not analized,,,geometric_mean_as_recorded,1.0,bindi2014_rhyp,5.0,2015-01-01
283,15,-0.060718202860842174,1,485,KO.BMYO.--,KO,BMYO,,TR,39.8098,26.6009,121.0,334.0,1.29,topography,C,Not analized,,,geometric_mean_as_recorded,1.0,bindi2014_rhyp,5.0,2015-01-01
284,10,-0.6399308575556168,1,485,KO.BODA.--,KO,BODA,,TR,37.0348,27.4304,11.0,322.0,1.07,topography,C,Not analized,,,geometric_mean_as_recorded,1.0,bindi2014_rhyp,5.0,2015-01-01
285,12,-0.013191263946805254,1,485,KO.BOTS.--,KO,BOTS,,TR,40.9902,27.981,30.0,503.0,5.52,topography,B,Not analized,,,geometric_mean_as_recorded,1.0,bindi2014_rhyp,5.0,2015-01-01
286,4,-0.09081144197157631,1,485,KO.BOZY.--,KO,BOZY,,TR,36.1069,32.9763,9.0,304.0,0.7,topography,C,Not analized,,,geometric_mean_as_recorded,1.0,bindi2014_rhyp,5.0,2015-01-01
287,9,-0.06541399263387815,1,485,KO.BRGA.--,KO,BRGA,,TR,40.8846,29.065,67.0,640.0,10.58,topography,B,Not analized,,,geometric_mean_as_recorded,1.0,bindi2014_rhyp,5.0,2015-01-01
288,30,-0.32563631863158704,1,485,KO.CAME.--,KO,CAME,,TR,36.9435,29.3023,1391.0,506.0,5.6,topography,B,Not analized,,,geometric_mean_as_recorded,1.0,bindi2014_rhyp,5.0,2015-01-01
289,23,0.21215166578847106,1,485,KO.CANM.--,KO,CANM,,TR,40.0113,27.0529,180.0,555.0,7.52,topography,B,Not analized,,,geometric_mean_as_recorded,1.0,bindi2014_rhyp,5.0,2015-01-01
290,10,-0.21312981999417013,1,485,KO.CESE.--,KO,CESE,,TR,38.3306,26.2997,95.0,384.0,2.39,topography,B,Not analized,,,geometric_mean_as_recorded,1.0,bindi2014_rhyp,5.0,2015-01-01
291,19,-0.18355828423860998,1,485,KO.CMRD.--,KO,CMRD,,TR,37.6623,34.9902,1234.0,476.0,4.66,topography,B,Not analized,,,geometric_mean_as_recorded,1.0,bindi2014_rhyp,5.0,2015-01-01
292,10,0.5544882630280015,1,485,KO.CRLU.--,KO,CRLU,,TR,41.1428,27.8215,126.0,366.0,1.94,topography,B,Not analized,,,geometric_mean_as_recorded,1.0,bindi2014_rhyp,5.0,2015-01-01
293,9,-0.012794705737272483,1,485,KO.CTYL.--,KO,CTYL,,TR,41.476,28.2897,77.0,580.0,8.45,topography,B,Not analized,,,geometric_mean_as_recorded,1.0,bindi2014_rhyp,5.0,2015-01-01
294,9,0.6220983367964792,1,485,KO.DATC.--,KO,DATC,,TR,36.7584,27.6602,94.0,478.0,4.71,topography,B,Not analized,,,geometric_mean_as_recorded,1.0,bindi2014_rhyp,5.0,2015-01-01
295,13,0.310942269177073,1,485,KO.DIDI.--,KO,DIDI,,TR,37.3767,27.2398,75.0,438.0,3.73,topography,B,Not analized,,,geometric_mean_as_recorded,1.0,bindi2014_rhyp,5.0,2015-01-01
296,5,0.30479533805196785,1,485,KO.DOGC.--,KO,DOGC,,TR,41.3949,26.9852,81.0,460.0,4.26,topography,B,Not analized,,,geometric_mean_as_recorded,1.0,bindi2014_rhyp,5.0,2015-01-01
297,25,0.03714623061361222,1,485,KO.DST.--,KO,DST,,TR,39.6041,28.6267,693.0,399.0,2.75,topography,B,Not analized,,,geometric_mean_as_recorded,1.0,bindi2014_rhyp,5.0,2015-01-01
298,7,-0.11375121376196085,1,485,KO.EDC.--,KO,EDC,,TR,40.3465,27.8618,257.0,670.0,11.41,topography,B,Not analized,,,geometric_mean_as_recorded,1.0,bindi2014_rhyp,5.0,2015-01-01
299,12,0.4002359842156378,1,485,KO.ENZZ.--,KO,ENZZ,,TR,40.607,26.1406,11.0,280.0,0.49,topography,C,Not analized,,,geometric_mean_as_recorded,1.0,bindi2014_rhyp,5.0,2015-01-01
300,4,0.40924418324675005,1,485,KO.ERBG.--,KO,ERBG,,TR,40.712,36.6768,510.0,755.0,13.85,topography,B,Not analized,,,geometric_mean_as_recorded,1.0,bindi2014_rhyp,5.0,2015-01-01
301,14,-0.1025261926935066,1,485,KO.ESKT.--,KO,ESKT,,TR,39.5212,30.8492,1295.0,512.0,5.86,topography,B,Not analized,,,geometric_mean_as_recorded,1.0,bindi2014_rhyp,5.0,2015-01-01
302,29,-0.018709801233346757,1,485,KO.EZNE.--,KO,EZNE,,TR,39.756,26.3655,75.0,404.0,2.89,topography,B,Not analized,,,geometric_mean_as_recorded,1.0,bindi2014_rhyp,5.0,2015-01-01
303,3,-0.0012313652610084214,1,485,KO.FETI.--,KO,FETI,,TR,36.6903,29.096,24.0,514.0,5.94,topography,B,Not analized,,,geometric_mean_as_recorded,1.0,bindi2014_rhyp,5.0,2015-01-01
304,29,-0.08927613771772336,1,485,KO.FOCM.--,KO,FOCM,,TR,38.7131,26.7309,34.0,461.0,4.28,topography,B,Not analized,,,geometric_mean_as_recorded,1.0,bindi2014_rhyp,5.0,2015-01-01
305,3,-0.17785145302248084,1,485,KO.GEMS.--,KO,GEMS,,TR,40.4231,29.1526,1.0,321.0,1.05,topography,C,Not analized,,,geometric_mean_as_recorded,1.0,bindi2014_rhyp,5.0,2015-01-01
306,34,0.035051960116496694,1,485,KO.GMLD.--,KO,GMLD,,TR,38.0766,26.9157,10.0,246.0,0.26,topography,C,Not analized,,,geometric_mean_as_recorded,1.0,bindi2014_rhyp,5.0,2015-01-01
307,4,0.08894641281002374,1,485,KO.GOKC.--,KO,GOKC,,TR,40.1998,25.9183,123.0,521.0,6.21,topography,B,Not analized,,,geometric_mean_as_recorded,1.0,bindi2014_rhyp,5.0,2015-01-01
308,38,-0.1659894131025197,1,485,KO.GOMA.--,KO,GOMA,,TR,38.7077,27.9175,110.0,493.0,5.1,topography,B,Not analized,,,geometric_mean_as_recorded,1.0,bindi2014_rhyp,5.0,2015-01-01
309,32,0.1556755215218975,1,485,KO.GONE.--,KO,GONE,,TR,40.0466,27.686,143.0,647.0,10.78,topography,B,Not analized,,,geometric_mean_as_recorded,1.0,bindi2014_rhyp,5.0,2015-01-01
310,23,0.16927102610197986,1,485,KO.GORD.--,KO,GORD,,TR,38.9088,28.1769,744.0,681.0,11.76,topography,B,Not analized,,,geometric_mean_as_recorded,1.0,bindi2014_rhyp,5.0,2015-01-01
311,11,0.06230730503648024,1,485,KO.GPA.--,KO,GPA,,TR,40.2911,30.3171,570.0,705.0,12.42,topography,B,Not analized,,,geometric_mean_as_recorded,1.0,bindi2014_rhyp,5.0,2015-01-01
312,14,0.13030448315975807,1,485,KO.GPNR.--,KO,GPNR,,TR,39.456,26.1331,55.0,488.0,4.96,topography,B,Not analized,,,geometric_mean_as_recorded,1.0,bindi2014_rhyp,5.0,2015-01-01
313,6,-0.12274222257214451,1,485,KO.GUMT.--,KO,GUMT,,TR,40.4665,39.478,1326.0,882.0,22.44,topography,A,Not analized,,,geometric_mean_as_recorded,1.0,bindi2014_rhyp,5.0,2015-01-01
314,3,0.2151024265278922,1,485,KO.HPSA.--,KO,HPSA,,TR,41.0109,29.0072,1.0,363.0,1.87,topography,B,Not analized,,,geometric_mean_as_recorded,1.0,bindi2014_rhyp,5.0,2015-01-01
315,10,0.01982561562560059,1,485,KO.IZI.--,KO,IZI,,TR,40.3483,29.4612,910.0,567.0,7.98,topography,B,Not analized,,,geometric_mean_as_recorded,1.0,bindi2014_rhyp,5.0,2015-01-01
316,18,-0.08121858733243248,1,485,KO.KAVV.--,KO,KAVV,,TR,41.0638,29.06,138.0,456.0,4.17,topography,B,Not analized,,,geometric_mean_as_recorded,1.0,bindi2014_rhyp,5.0,2015-01-01
317,13,-0.07710577321418977,1,485,KO.KCTX.--,KO,KCTX,,TR,40.2626,28.3353,445.0,377.0,2.23,topography,B,Not analized,,,geometric_mean_as_recorded,1.0,bindi2014_rhyp,5.0,2015-01-01
318,18,-0.5446408586029179,1,485,KO.KHL.--,KO,KHL,,TR,38.3231,29.5286,1003.0,525.0,6.35,topography,B,Not analized,,,geometric_mean_as_recorded,1.0,bindi2014_rhyp,5.0,2015-01-01
319,11,0.025117125420764497,1,485,KO.KHMN.--,KO,KHMN,,TR,37.3916,37.1574,640.0,587.0,8.73,topography,B,Not analized,,,geometric_mean_as_recorded,1.0,bindi2014_rhyp,5.0,2015-01-01
320,4,0.05460273170486063,1,485,KO.KMON.--,KO,KMON,,TR,41.3738,33.7839,936.0,755.0,13.86,topography,B,Not analized,,,geometric_mean_as_recorded,1.0,bindi2014_rhyp,5.0,2015-01-01
321,15,0.4321205480567241,1,485,KO.KOZK.--,KO,KOZK,,TR,39.2101,34.868,1134.0,492.0,5.08,topography,B,Not analized,,,geometric_mean_as_recorded,1.0,bindi2014_rhyp,5.0,2015-01-01
322,12,-0.15351392524496,1,485,KO.KRBG.--,KO,KRBG,,TR,40.3932,27.2977,79.0,553.0,7.42,topography,B,Not analized,,,geometric_mean_as_recorded,1.0,bindi2014_rhyp,5.0,2015-01-01
323,19,0.4292805709425154,1,485,KO.KRBN.--,KO,KRBN,,TR,38.5936,26.5537,135.0,467.0,4.44,topography,B,Not analized,,,geometric_mean_as_recorded,1.0,bindi2014_rhyp,5.0,2015-01-01
324,7,0.1816996298265432,1,485,KO.KRMN.--,KO,KRMN,,TR,37.174,33.2636,1068.0,447.0,3.95,topography,B,Not analized,,,geometric_mean_as_recorded,1.0,bindi2014_rhyp,5.0,2015-01-01
325,9,-0.6347207583049588,1,485,KO.KRTL.--,KO,KRTL,,TR,40.9089,29.1987,83.0,345.0,1.5,topography,C,Not analized,,,geometric_mean_as_recorded,1.0,bindi2014_rhyp,5.0,2015-01-01
326,6,0.0553967901368162,1,485,KO.KRTS.--,KO,KRTS,,TR,36.573,35.375,53.0,411.0,3.05,topography,B,Not analized,,,geometric_mean_as_recorded,1.0,bindi2014_rhyp,5.0,2015-01-01
327,7,-0.058424287556184895,1,485,KO.KUMB.--,KO,KUMB,,TR,40.8626,27.4592,25.0,599.0,9.18,topography,B,Not analized,,,geometric_mean_as_recorded,1.0,bindi2014_rhyp,5.0,2015-01-01
328,22,-0.018743205099640448,1,485,KO.KUSD.--,KO,KUSD,,TR,37.8606,27.2868,323.0,477.0,4.68,topography,B,Not analized,,,geometric_mean_as_recorded,1.0,bindi2014_rhyp,5.0,2015-01-01
329,12,0.19833911230225254,1,485,KO.KYHL.--,KO,KYHL,,TR,40.3244,37.8955,1568.0,693.0,12.09,topography,B,Not analized,,,geometric_mean_as_recorded,1.0,bindi2014_rhyp,5.0,2015-01-01
330,12,0.29504442040893963,1,485,KO.LAPK.--,KO,LAPK,,TR,40.3151,26.6425,2.0,345.0,1.51,topography,C,Not analized,,,geometric_mean_as_recorded,1.0,bindi2014_rhyp,5.0,2015-01-01
331,10,-0.26737566683811587,1,485,KO.MAEG.--,KO,MAEG,,TR,40.9653,27.9448,2.0,332.0,1.25,topography,C,Not analized,,,geometric_mean_as_recorded,1.0,bindi2014_rhyp,5.0,2015-01-01
332,10,0.021604944880064814,1,485,KO.MDNY.--,KO,MDNY,,TR,40.3709,28.8846,116.0,769.0,14.64,topography,B,Not analized,,,geometric_mean_as_recorded,1.0,bindi2014_rhyp,5.0,2015-01-01
333,29,0.04646657040244384,1,485,KO.NAZL.--,KO,NAZL,,TR,37.9641,28.2922,510.0,633.0,10.36,topography,B,Not analized,,,geometric_mean_as_recorded,1.0,bindi2014_rhyp,5.0,2015-01-01
334,15,0.09083410080198606,1,485,KO.ODEM.--,KO,ODEM,,TR,38.2762,28.0747,797.0,817.0,17.95,topography,A,Not analized,,,geometric_mean_as_recorded,1.0,bindi2014_rhyp,5.0,2015-01-01
335,28,0.28605017719231635,1,485,KO.ORLT.--,KO,ORLT,,TR,40.0452,28.8914,650.0,753.0,13.79,topography,B,Not analized,,,geometric_mean_as_recorded,1.0,bindi2014_rhyp,5.0,2015-01-01
336,13,0.05728790373407244,1,485,KO.OSMT.--,KO,OSMT,,TR,40.6009,29.7,798.0,558.0,7.62,topography,B,Not analized,,,geometric_mean_as_recorded,1.0,bindi2014_rhyp,5.0,2015-01-01
337,4,0.027788398650981816,1,485,KO.RFHY.--,KO,RFHY,,TR,39.927,38.833,1851.0,537.0,6.8,topography,B,Not analized,,,geometric_mean_as_recorded,1.0,bindi2014_rhyp,5.0,2015-01-01
338,9,0.18751531652625875,1,485,KO.SAUV.--,KO,SAUV,,TR,40.7401,30.3271,170.0,549.0,7.28,topography,B,Not analized,,,geometric_mean_as_recorded,1.0,bindi2014_rhyp,5.0,2015-01-01
339,7,-0.4522163984882235,1,485,KO.SEYD.--,KO,SEYD,,TR,37.4056,31.8379,1160.0,492.0,5.07,topography,B,Not analized,,,geometric_mean_as_recorded,1.0,bindi2014_rhyp,5.0,2015-01-01
340,23,-0.0687641043035786,1,485,KO.SHAP.--,KO,SHAP,,TR,39.0231,29.222,1050.0,710.0,12.58,topography,B,Not analized,,,geometric_mean_as_recorded,1.0,bindi2014_rhyp,5.0,2015-01-01
341,6,0.20328436325515925,1,485,KO.SINB.--,KO,SINB,,TR,40.9998,28.5392,59.0,383.0,2.36,topography,B,Not analized,,,geometric_mean_as_recorded,1.0,bindi2014_rhyp,5.0,2015-01-01
342,4,0.24303602074863645,1,485,KO.SLFK.--,KO,SLFK,,TR,36.3925,33.9464,54.0,522.0,6.23,topography,B,Not analized,,,geometric_mean_as_recorded,1.0,bindi2014_rhyp,5.0,2015-01-01
343,10,0.12449042008561007,1,485,KO.SLVT.--,KO,SLVT,,TR,41.2288,28.2098,180.0,507.0,5.66,topography,B,Not analized,,,geometric_mean_as_recorded,1.0,bindi2014_rhyp,5.0,2015-01-01
344,34,0.39892843036494785,1,485,KO.SMAA.--,KO,SMAA,,TR,39.1005,28.9805,804.0,293.0,0.58,topography,C,Not analized,,,geometric_mean_as_recorded,1.0,bindi2014_rhyp,5.0,2015-01-01
345,26,0.11084021438373437,1,485,KO.SOMA.--,KO,SOMA,,TR,39.1564,27.5341,243.0,714.0,12.69,topography,B,Not analized,,,geometric_mean_as_recorded,1.0,bindi2014_rhyp,5.0,2015-01-01
346,22,-0.14019296237228274,1,485,KO.SUSR.--,KO,SUSR,,TR,39.9627,28.0835,359.0,578.0,8.38,topography,B,Not analized,,,geometric_mean_as_recorded,1.0,bindi2014_rhyp,5.0,2015-01-01
347,10,0.15268201951634452,1,485,KO.TEKI.--,KO,TEKI,,TR,40.9862,27.5374,126.0,441.0,3.8,topography,B,Not analized,,,geometric_mean_as_recorded,1.0,bindi2014_rhyp,5.0,2015-01-01
348,7,0.3491312119566918,1,485,KO.TKR.--,KO,TKR,,TR,40.9893,27.5351,140.0,407.0,2.95,topography,B,Not analized,,,geometric_mean_as_recorded,1.0,bindi2014_rhyp,5.0,2015-01-01
349,5,-0.12790449013228622,1,485,KO.TOS.--,KO,TOS,,TR,41.0362,34.0226,1046.0,543.0,7.03,topography,B,Not analized,,,geometric_mean_as_recorded,1.0,bindi2014_rhyp,5.0,2015-01-01
350,16,0.0765798836899283,1,485,KO.TUNC.--,KO,TUNC,,TR,39.6942,37.5388,1489.0,331.0,1.23,topography,C,Not analized,,,geometric_mean_as_recorded,1.0,bindi2014_rhyp,5.0,2015-01-01
351,3,-0.5347749936303128,1,485,KO.TUZL.--,KO,TUZL,,TR,40.8128,29.2657,12.0,278.0,0.48,topography,C,Not analized,,,geometric_mean_as_recorded,1.0,bindi2014_rhyp,5.0,2015-01-01
352,26,0.42227448159554415,1,485,KO.UKOP.--,KO,UKOP,,TR,41.1288,26.6323,70.0,380.0,2.28,topography,B,Not analized,,,geometric_mean_as_recorded,1.0,bindi2014_rhyp,5.0,2015-01-01
353,21,0.22394689780683047,1,485,KO.YENI.--,KO,YENI,,TR,39.9364,27.24216,278.0,362.0,1.85,topography,B,Not analized,,,geometric_mean_as_recorded,1.0,bindi2014_rhyp,5.0,2015-01-01
354,37,-0.07598281906644211,1,485,KO.YKAV.--,KO,YKAV,,TR,37.1246,27.2801,115.0,652.0,10.91,topography,B,Not analized,,,geometric_mean_as_recorded,1.0,bindi2014_rhyp,5.0,2015-01-01
355,4,0.10771847142127566,1,485,KO.YKBL.--,KO,YKBL,,TR,40.9908,28.6678,139.0,413.0,3.11,topography,B,Not analized,,,geometric_mean_as_recorded,1.0,bindi2014_rhyp,5.0,2015-01-01
356,8,0.027283742960824142,1,485,KO.YUVA.--,KO,YUVA,,TR,40.391,31.6872,1163.0,430.0,3.52,topography,B,Not analized,,,geometric_mean_as_recorded,1.0,bindi2014_rhyp,5.0,2015-01-01
357,4,-0.2861161522439849,1,485,ME.CEVME.00,ME,CEVME,00,ME,42.546741,18.917674,768.0,597.0,5.21,topography,B,Not analized,,,geometric_mean_as_recorded,1.0,bindi2014_rhyp,5.0,2015-01-01
358,3,0.3321493748117068,1,485,ME.DAGME.00,ME,DAGME,00,ME,42.5684,19.0677,272.0,684.0,6.75,topography,B,Not analized,,,geometric_mean_as_recorded,1.0,bindi2014_rhyp,5.0,2015-01-01
359,6,-0.1549376257058076,1,485,ME.KOLME.00,ME,KOLME,00,ME,42.8505,19.5152,952.0,965.0,15.75,topography,A,Not analized,,,geometric_mean_as_recorded,1.0,bindi2014_rhyp,5.0,2015-01-01
360,4,0.09689301276885393,1,485,ME.PLAV0.00,ME,PLAV0,00,ME,42.594478,19.958714,1274.0,1048.0,18.76,topography,A,Not analized,,,geometric_mean_as_recorded,1.0,bindi2014_rhyp,5.0,2015-01-01
1,3,0.07021176532893185,0,99,3A.MZ04.--,3A,MZ04,,IT,42.673895,13.29381,978.0,355.0,7.13,vs_profile,C,NO,,,geometric_mean_as_recorded,2.0,bindi2014_rhyp,5.0,2015-01-01
2,3,0.04840517577122798,0,99,3A.MZ08.--,3A,MZ08,,IT,42.63254,13.286562,897.0,670.0,2.62,vs_profile,B,NO,,,geometric_mean_as_recorded,2.0,bindi2014_rhyp,5.0,2015-01-01
3,3,0.02551784736112183,0,99,3A.MZ10.--,3A,MZ10,,IT,42.625117,13.29985,979.0,590.0,3.62,vs_profile,B,NO,,,geometric_mean_as_recorded,2.0,bindi2014_rhyp,5.0,2015-01-01
4,3,0.29122058503256304,0,99,3A.MZ12.--,3A,MZ12,,IT,42.628018,13.29179,958.0,500.0,2.08,vs_profile,B,NO,,,geometric_mean_as_recorded,2.0,bindi2014_rhyp,5.0,2015-01-01
5,3,0.008734792000427004,0,99,3A.MZ24.--,3A,MZ24,,IT,42.655239,13.288519,912.0,348.0,2.67,vs_profile,C,NO,,,geometric_mean_as_recorded,2.0,bindi2014_rhyp,5.0,2015-01-01
6,3,0.1295178029905861,0,99,3A.MZ27.--,3A,MZ27,,IT,42.612412,13.296578,1007.0,422.0,12.2,vs_profile,B,NO,,,geometric_mean_as_recorded,2.0,bindi2014_rhyp,5.0,2015-01-01
7,3,0.2603697610118961,0,99,3A.MZ51.--,3A,MZ51,,IT,42.637948,13.285578,902.0,638.0,6.42,vs_profile,E,NO,,,geometric_mean_as_recorded,2.0,bindi2014_rhyp,5.0,2015-01-01
8,3,-0.023348553631416788,0,99,3A.MZ63.--,3A,MZ63,,IT,42.629805,13.323448,1071.0,562.0,6.22,vs_profile,B,NO,,,geometric_mean_as_recorded,2.0,bindi2014_rhyp,5.0,2015-01-01
208,5,0.14006613336225388,0,99,IT.AMT.--,IT,AMT,,IT,42.6325,13.2866,933.0,670.0,2.62,vs_profile,B,YES,Fiberglass box,Pillar,geometric_mean_as_recorded,2.0,bindi2014_rhyp,5.0,2015-01-01
209,8,-0.21119002032356926,0,99,IT.AQA.--,IT,AQA,,IT,42.3755,13.3393,693.0,549.0,0.53,vs_profile,B,NO,Fiberglass box,Pillar,geometric_mean_as_recorded,2.0,bindi2014_rhyp,5.0,2015-01-01
210,9,-0.11295569816200353,0,99,IT.AQG.--,IT,AQG,,IT,42.3737,13.337,743.0,696.0,12.98,vs_profile,B,NO,Fiberglass box,Pillar,geometric_mean_as_recorded,2.0,bindi2014_rhyp,5.0,2015-01-01
211,8,0.046103230875117945,0,99,IT.ASP.--,IT,ASP,,IT,42.848,13.6479,89.0,599.0,2.03,vs_profile,B,NO,ENEL Box,Pillar,geometric_mean_as_recorded,2.0,bindi2014_rhyp,5.0,2015-01-01
212,9,0.27464282196052114,0,99,IT.BGR.--,IT,BGR,,IT,43.8895,11.9912,557.0,829.0,11.6,vs_profile,A,YES,Fiberglass box,Pillar,geometric_mean_as_recorded,2.0,bindi2014_rhyp,5.0,2015-01-01
213,10,-0.28968036060146685,0,99,IT.BRS.--,IT,BRS,,IT,42.3243,13.5902,977.0,444.0,7.03,vs_profile,E,NO,ENEL Box,Pillar,geometric_mean_as_recorded,2.0,bindi2014_rhyp,5.0,2015-01-01
214,7,0.5135730003466964,0,99,IT.BTT2.--,IT,BTT2,,IT,41.9983,13.5431,663.0,90.0,0.14,vs_profile,D,NO,ENEL Box,Pillar,geometric_mean_as_recorded,2.0,bindi2014_rhyp,5.0,2015-01-01
215,9,0.3754620808356071,0,99,IT.BVG.--,IT,BVG,,IT,42.9323,12.611,216.0,211.0,1.12,vs_profile,C,NO,ENEL Box,Pillar,geometric_mean_as_recorded,2.0,bindi2014_rhyp,5.0,2015-01-01
216,8,-0.1644201090589737,0,99,IT.BZZ.--,IT,BZZ,,IT,42.337,13.4685,640.0,679.0,0.87,vs_profile,B,YES,Small masonry building,Pillar,geometric_mean_as_recorded,2.0,bindi2014_rhyp,5.0,2015-01-01
217,9,-0.32722439029132844,0,99,IT.CLF.--,IT,CLF,,IT,43.0367,12.9204,701.0,145.0,1.4,vs_profile,D,NO,ENEL Box,Pillar,geometric_mean_as_recorded,2.0,bindi2014_rhyp,5.0,2015-01-01
218,9,-0.261390657551814,0,99,IT.CPS.--,IT,CPS,,IT,42.2716,13.7583,580.0,732.0,5.1,vs_profile,B,NO,Fiberglass box,Pillar,geometric_mean_as_recorded,2.0,bindi2014_rhyp,5.0,2015-01-01
219,7,0.4850521707661505,0,99,IT.CSA.--,IT,CSA,,IT,43.008,12.5906,196.0,200.0,0.16,vs_profile,C,NO,Small masonry building,Pillar,geometric_mean_as_recorded,2.0,bindi2014_rhyp,5.0,2015-01-01
220,6,0.08695892982942476,0,99,IT.CSD.--,IT,CSD,,IT,42.754,12.0035,494.0,466.0,10.18,vs_profile,B,NO,ENEL Box,Pillar,geometric_mean_as_recorded,2.0,bindi2014_rhyp,5.0,2015-01-01
221,8,-0.08179100383254624,0,99,IT.CSS.--,IT,CSS,,IT,41.4858,13.8231,175.0,648.0,17.2,vs_profile,B,NO,Small masonry building,Pillar,geometric_mean_as_recorded,2.0,bindi2014_rhyp,5.0,2015-01-01
222,9,-0.19564234744671577,0,99,IT.CTD.--,IT,CTD,,IT,42.3884,12.9477,484.0,407.0,12.11,vs_profile,B,NO,ENEL Box,Pillar,geometric_mean_as_recorded,2.0,bindi2014_rhyp,5.0,2015-01-01
223,4,0.17134955594295967,0,99,IT.FAZ.--,IT,FAZ,,IT,44.298,11.8907,72.0,292.0,0.24,vs_profile,C,NO,Fiberglass box,Pillar,geometric_mean_as_recorded,2.0,bindi2014_rhyp,5.0,2015-01-01
224,3,0.024982027379921647,0,99,IT.FOCC.--,IT,FOCC,,IT,42.9574,12.7079,283.0,593.0,1.62,vs_profile,B,NO,,,geometric_mean_as_recorded,2.0,bindi2014_rhyp,5.0,2015-01-01
225,9,-0.0908392386453682,0,99,IT.FOS.--,IT,FOS,,IT,43.0146,12.8351,965.0,565.0,1.85,vs_profile,B,NO,Fiberglass box,Pillar,geometric_mean_as_recorded,2.0,bindi2014_rhyp,5.0,2015-01-01
226,6,0.3303903063501161,0,99,IT.GBP.--,IT,GBP,,IT,43.3138,12.5894,426.0,224.0,0.66,vs_profile,C,NO,ENEL Box,Pillar,geometric_mean_as_recorded,2.0,bindi2014_rhyp,5.0,2015-01-01
227,9,-0.2459024798929323,0,99,IT.GSA.--,IT,GSA,,IT,42.4207,13.5194,1063.0,492.0,8.01,vs_profile,B,NO,Fiberglass box,Pillar,geometric_mean_as_recorded,2.0,bindi2014_rhyp,5.0,2015-01-01
228,10,-0.12324806143278884,0,99,IT.LSS.--,IT,LSS,,IT,42.5582,12.9689,1067.0,1091.0,26.5,vs_profile,A,YES,Fiberglass box,Pillar,geometric_mean_as_recorded,2.0,bindi2014_rhyp,5.0,2015-01-01
229,8,0.1325734384850884,0,99,IT.MCS.--,IT,MCS,,IT,43.9937,12.1067,249.0,568.0,8.64,vs_profile,B,NO,Fiberglass box,Pillar,geometric_mean_as_recorded,2.0,bindi2014_rhyp,5.0,2015-01-01
230,10,-0.1954026766966106,0,99,IT.MMP1.--,IT,MMP1,,IT,42.2492,12.7483,471.0,800.0,12.54,vs_profile,A,YES,Fiberglass box,Pillar,geometric_mean_as_recorded,2.0,bindi2014_rhyp,5.0,2015-01-01
231,7,-0.1965928829282068,0,99,IT.MNF.--,IT,MNF,,IT,43.0596,13.1844,644.0,1062.0,24.51,vs_profile,A,YES,Small masonry building,Pillar,geometric_mean_as_recorded,2.0,bindi2014_rhyp,5.0,2015-01-01
232,8,0.07676763147166392,0,99,IT.MSC.--,IT,MSC,,IT,42.5268,13.3508,1335.0,652.0,6.39,vs_profile,B,NO,Fiberglass box,Pillar,geometric_mean_as_recorded,2.0,bindi2014_rhyp,5.0,2015-01-01
233,7,0.0213001260037639,0,99,IT.MSCT.--,IT,MSCT,,IT,42.526699,13.3509,1382.0,652.0,6.39,vs_profile,B,NO,Fiberglass box,Pillar,geometric_mean_as_recorded,2.0,bindi2014_rhyp,5.0,2015-01-01
234,10,0.12456917634554325,0,99,IT.MTL.--,IT,MTL,,IT,43.2494,13.0083,376.0,579.0,0.62,vs_profile,B,NO,ENEL Box,Pillar,geometric_mean_as_recorded,2.0,bindi2014_rhyp,5.0,2015-01-01
235,5,-0.374716658856483,0,99,IT.MVB.--,IT,MVB,,IT,42.9619,12.257,363.0,1046.0,7.23,vs_profile,A,YES,Fiberglass box,Pillar,geometric_mean_as_recorded,2.0,bindi2014_rhyp,5.0,2015-01-01
236,8,0.25523999390328644,0,99,IT.NRC.--,IT,NRC,,IT,42.7925,13.0964,616.0,498.0,3.89,vs_profile,B,NO,Vault,Pillar,geometric_mean_as_recorded,2.0,bindi2014_rhyp,5.0,2015-01-01
237,8,-0.1254836797456953,0,99,IT.NRN.--,IT,NRN,,IT,42.5155,12.5194,306.0,811.0,16.9,vs_profile,A,YES,ENEL Box,Pillar,geometric_mean_as_recorded,2.0,bindi2014_rhyp,5.0,2015-01-01
238,8,-0.07782734604719725,0,99,IT.PAN.--,IT,PAN,,IT,43.0058,12.1436,334.0,980.0,13.61,vs_profile,A,YES,Fiberglass box,Pillar,geometric_mean_as_recorded,2.0,bindi2014_rhyp,5.0,2015-01-01
239,7,0.21970256211859945,0,99,IT.PSC.--,IT,PSC,,IT,41.812,13.7892,1241.0,1000.0,23.1,vs_profile,A,YES,Fiberglass box,Pillar,geometric_mean_as_recorded,2.0,bindi2014_rhyp,5.0,2015-01-01
240,7,-0.02663621595071808,0,99,IT.PZI1.--,IT,PZI1,,IT,42.4356,13.3262,908.0,705.0,7.68,vs_profile,B,NO,Small masonry building,Building basement,geometric_mean_as_recorded,2.0,bindi2014_rhyp,5.0,2015-01-01
241,5,0.07893280124282602,0,99,IT.RQT.--,IT,RQT,,IT,42.813,13.311,1188.0,805.0,4.42,vs_profile,A,NO,ENEL Box,Building basement,geometric_mean_as_recorded,2.0,bindi2014_rhyp,5.0,2015-01-01
242,8,-0.02876784081256932,0,99,IT.RTI.--,IT,RTI,,IT,42.4302,12.829,393.0,170.0,0.53,vs_profile,D,NO,ENEL Box,Pillar,geometric_mean_as_recorded,2.0,bindi2014_rhyp,5.0,2015-01-01
243,3,-0.10872465260151347,0,99,IT.SBC.--,IT,SBC,,IT,41.9132,13.1055,673.0,1298.0,17.31,vs_profile,A,YES,Fiberglass box,Pillar,geometric_mean_as_recorded,2.0,bindi2014_rhyp,5.0,2015-01-01
244,7,0.029748690174475186,0,99,IT.SDM.--,IT,SDM,,IT,42.2897,13.5577,666.0,752.0,7.17,vs_profile,B,YES,ENEL Box,Pillar,geometric_mean_as_recorded,2.0,bindi2014_rhyp,5.0,2015-01-01
245,7,0.1790526672566078,0,99,IT.SNG.--,IT,SNG,,IT,43.6855,13.2261,85.0,258.0,2.56,vs_profile,C,NO,ENEL Box,Pillar,geometric_mean_as_recorded,2.0,bindi2014_rhyp,5.0,2015-01-01
246,9,0.3796116358839632,0,99,IT.SULA.--,IT,SULA,,IT,42.0734,13.9166,412.0,297.0,0.63,vs_profile,C,NO,Small masonry building,Building basement,geometric_mean_as_recorded,2.0,bindi2014_rhyp,5.0,2015-01-01
247,10,0.05987347659126722,0,99,IT.SULP.--,IT,SULP,,IT,42.085,13.9274,405.0,275.0,1.99,vs_profile,C,NO,Small masonry building,Building basement,geometric_mean_as_recorded,2.0,bindi2014_rhyp,5.0,2015-01-01
248,9,0.01834676371668871,0,99,IT.TER.--,IT,TER,,IT,42.6565,13.6895,317.0,649.0,11.37,vs_profile,B,NO,Fiberglass box,Pillar,geometric_mean_as_recorded,2.0,bindi2014_rhyp,5.0,2015-01-01
249,9,-0.01328317966149091,0,99,IT.TRL.--,IT,TRL,,IT,42.4613,12.9323,1226.0,380.0,11.41,vs_profile,B,NO,Small masonry building,Pillar,geometric_mean_as_recorded,2.0,bindi2014_rhyp,5.0,2015-01-01
250,7,0.0036449340521855084,0,99,IT.TVL.--,IT,TVL,,IT,41.893,12.7732,118.0,314.0,2.35,vs_profile,C,NO,ENEL Box,Pillar,geometric_mean_as_recorded,2.0,bindi2014_rhyp,5.0,2015-01-01
251,10,-0.018757907795608028,0,99,IV.CAFE.--,IV,CAFE,,IT,41.028,15.2366,1070.0,622.0,10.33,vs_profile,B,NO,Vault,Pillar,geometric_mean_as_recorded,2.0,bindi2014_rhyp,5.0,2015-01-01
252,4,0.08554740654764115,0,99,IV.CDCA.--,IV,CDCA,,IT,43.4584,12.2336,50.0,277.0,0.62,vs_profile,C,NO,Box,Pillar,geometric_mean_as_recorded,2.0,bindi2014_rhyp,5.0,2015-01-01
253,9,0.5956700819124436,0,99,IV.CIMA.--,IV,CIMA,,IT,43.305297,13.670091,163.0,443.0,8.93,vs_profile,B,NO,Fiberglass box,Directly on the ground,geometric_mean_as_recorded,2.0,bindi2014_rhyp,5.0,2015-01-01
254,6,-0.2048991850205033,0,99,IV.FERS.--,IV,FERS,,IT,44.9035,11.5406,3.0,184.0,0.11,vs_profile,C,NO,,,geometric_mean_as_recorded,2.0,bindi2014_rhyp,5.0,2015-01-01
255,10,-0.18871496526760156,0,99,IV.FIAM.--,IV,FIAM,,IT,42.26802,13.11718,1070.0,790.0,25.39,vs_profile,B,YES,Vault,Pillar,geometric_mean_as_recorded,2.0,bindi2014_rhyp,5.0,2015-01-01
256,6,0.16378060053976168,0,99,IV.GUMA.--,IV,GUMA,,IT,43.0627,13.3352,574.0,488.0,6.9,vs_profile,B,NO,Vault,Pillar,geometric_mean_as_recorded,2.0,bindi2014_rhyp,5.0,2015-01-01
257,6,0.051938694815124795,0,99,IV.INTR.--,IV,INTR,,IT,42.01154,13.9046,924.0,685.0,8.98,vs_profile,B,NO,Vault,Pillar,geometric_mean_as_recorded,2.0,bindi2014_rhyp,5.0,2015-01-01
258,11,0.04188419661739446,0,99,IV.MRB1.--,IV,MRB1,,IT,41.1227,14.96815,688.0,448.0,17.16,vs_profile,B,NO,Vault,Pillar,geometric_mean_as_recorded,2.0,bindi2014_rhyp,5.0,2015-01-01
259,7,-0.3171373537090004,0,99,IV.MRLC.--,IV,MRLC,,IT,40.7564,15.48892,605.0,861.0,29.37,vs_profile,A,YES,,,geometric_mean_as_recorded,2.0,bindi2014_rhyp,5.0,2015-01-01
260,4,-0.18734621003874719,0,99,IV.NDIM.--,IV,NDIM,,IT,44.8873,10.8987,19.0,208.0,0.05,vs_profile,C,NO,,,geometric_mean_as_recorded,2.0,bindi2014_rhyp,5.0,2015-01-01
261,3,0.1428289507225065,0,99,IV.NEVI.--,IV,NEVI,,IT,44.5834,10.3163,480.0,367.0,5.09,vs_profile,B,NO,,Directly on the ground,geometric_mean_as_recorded,2.0,bindi2014_rhyp,5.0,2015-01-01
262,3,-0.08527201229432584,0,99,IV.NRCA.--,IV,NRCA,,IT,42.83355,13.11427,927.0,591.0,19.29,vs_profile,B,NO,Box,Building floor,geometric_mean_as_recorded,2.0,bindi2014_rhyp,5.0,2015-01-01
263,11,-0.006142580979432197,0,99,IV.POFI.--,IV,POFI,,IT,41.71743,13.71202,878.0,1280.0,2.2,vs_profile,A,YES,Vault,Pillar,geometric_mean_as_recorded,2.0,bindi2014_rhyp,5.0,2015-01-01
264,3,0.25664845888905224,0,99,IV.ROM9.--,IV,ROM9,,IT,41.82842,12.51553,110.0,605.0,1.53,vs_profile,B,NO,Box,Pillar,geometric_mean_as_recorded,2.0,bindi2014_rhyp,5.0,2015-01-01
265,10,0.05197964873259018,0,99,IV.SACS.--,IV,SACS,,IT,42.84906,11.90967,845.0,692.0,1.59,vs_profile,B,YES,Vault,Pillar,geometric_mean_as_recorded,2.0,bindi2014_rhyp,5.0,2015-01-01
266,8,-0.28201644103543766,0,99,IV.SEF1.--,IV,SEF1,,IT,43.14683,12.94762,518.0,485.0,15.69,vs_profile,E,NO,Fiberglass box,Directly on the ground,geometric_mean_as_recorded,2.0,bindi2014_rhyp,5.0,2015-01-01
267,6,0.3015669163172032,0,99,IV.SENI.--,IV,SENI,,IT,43.7052,13.2331,10.0,242.0,0.27,vs_profile,C,NO,Borehole,,geometric_mean_as_recorded,2.0,bindi2014_rhyp,5.0,2015-01-01
268,7,-0.24753509289536074,0,99,IV.SGTA.--,IV,SGTA,,IT,41.135,15.365,890.0,400.0,3.28,vs_profile,B,YES,,,geometric_mean_as_recorded,2.0,bindi2014_rhyp,5.0,2015-01-01
269,10,0.16656265313746046,0,99,IV.SNAL.--,IV,SNAL,,IT,40.92542,15.20908,874.0,728.0,12.1,vs_profile,B,NO,,,geometric_mean_as_recorded,2.0,bindi2014_rhyp,5.0,2015-01-01
270,8,-0.11791700952733826,0,99,IV.TERO.--,IV,TERO,,IT,42.62279,13.60393,673.0,912.0,19.67,vs_profile,A,YES,Vault,Pillar,geometric_mean_as_recorded,2.0,bindi2014_rhyp,5.0,2015-01-01
271,5,0.11667201122215733,0,99,IV.VENL.--,IV,VENL,,IT,45.4167,12.3765,4.0,245.0,0.48,vs_profile,C,NO,Unknown,,geometric_mean_as_recorded,2.0,bindi2014_rhyp,5.0,2015-01-01
272,3,-0.23337680538072675,0,99,IX.AND3.01,IX,AND3,01,IT,40.9298,15.3331,905.0,296.0,5.01,vs_profile,C,Not analized,,,geometric_mean_as_recorded,2.0,bindi2014_rhyp,5.0,2015-01-01
361,3,-0.6043300043831018,0,99,SL.BOJS.--,SL,BOJS,,SI,45.5043,15.2518,252.0,578.0,4.79,topography,B,Not analized,,,geometric_mean_as_recorded,2.0,bindi2014_rhyp,5.0,2015-01-01
362,3,-0.08003546643863742,0,99,SL.CADS.--,SL,CADS,,SI,46.2281,13.7368,751.0,920.0,14.1,topography,A,Not analized,,,geometric_mean_as_recorded,2.0,bindi2014_rhyp,5.0,2015-01-01
363,3,-0.32578856206567,0,99,SL.CEY.--,SL,CEY,,SI,45.7381,14.4221,579.0,778.0,8.66,topography,B,Not analized,,,geometric_mean_as_recorded,2.0,bindi2014_rhyp,5.0,2015-01-01
364,3,-0.4363878884106768,0,99,SL.CRES.--,SL,CRES,,SI,45.826,15.4569,431.0,980.0,16.31,topography,A,Not analized,,,geometric_mean_as_recorded,2.0,bindi2014_rhyp,5.0,2015-01-01
365,3,-0.10608704450734509,0,99,SL.CRNS.--,SL,CRNS,,SI,46.0807,14.2613,712.0,960.0,15.58,topography,A,Not analized,,,geometric_mean_as_recorded,2.0,bindi2014_rhyp,5.0,2015-01-01
366,3,-0.10981688664412621,0,99,SL.GORS.--,SL,GORS,,SI,46.3174,13.9999,1048.0,1670.0,16.57,vs_profile,A,Not analized,,,geometric_mean_as_recorded,2.0,bindi2014_rhyp,5.0,2015-01-01
367,3,0.08714337351510443,0,99,SL.LJU.--,SL,LJU,,SI,46.0438,14.5278,396.0,846.0,11.28,topography,A,Not analized,,,geometric_mean_as_recorded,2.0,bindi2014_rhyp,5.0,2015-01-01
368,3,0.28661669006071416,0,99,SL.MOZS.--,SL,MOZS,,SI,46.2941,14.4433,660.0,871.0,12.23,topography,A,Not analized,,,geometric_mean_as_recorded,2.0,bindi2014_rhyp,5.0,2015-01-01
369,3,-0.40294123850075375,0,99,SL.SKDS.--,SL,SKDS,,SI,45.5464,14.0143,552.0,661.0,6.37,topography,B,Not analized,,,geometric_mean_as_recorded,2.0,bindi2014_rhyp,5.0,2015-01-01
370,3,-0.5151965172521596,0,99,SL.VISS.--,SL,VISS,,SI,45.8033,14.8393,399.0,792.0,9.22,topography,B,Not analized,,,geometric_mean_as_recorded,2.0,bindi2014_rhyp,5.0,2015-01-01
371,3,-0.038955981011101454,0,99,SL.VNDS.--,SL,VNDS,,SI,46.1016,14.7014,531.0,805.0,9.72,topography,A,Not analized,,,geometric_mean_as_recorded,2.0,bindi2014_rhyp,5.0,2015-01-01
9,4,0.638731728262767,1,485,AC.DURR.00,AC,DURR,00,AL,41.3199,19.4573,,301.0,0.37,topography,C,Not analized,Fiberglass box,Pillar,geometric_mean_as_recorded,2.0,bindi2014_rhyp,5.0,2015-01-01
10,3,0.12005138325017806,1,485,AC.HIMA.00,AC,HIMA,00,AL,40.089,19.7582,,987.0,16.58,topography,A,Not analized,Small masonry building,Building floor,geometric_mean_as_recorded,2.0,bindi2014_rhyp,5.0,2015-01-01
11,15,-0.14061466325177652,1,485,CL.AGRP.00,CL,AGRP,00,GR,38.3959,21.72277,282.0,556.0,4.32,topography,B,Not analized,,,geometric_mean_as_recorded,2.0,bindi2014_rhyp,5.0,2015-01-01
12,18,0.5117401718639822,1,485,CL.MALA.01,CL,MALA,01,GR,38.39341,21.87263,7.0,363.0,1.07,topography,B,Not analized,,,geometric_mean_as_recorded,2.0,bindi2014_rhyp,5.0,2015-01-01
13,39,0.05942760051364315,1,485,CL.ROD3.00,CL,ROD3,00,GR,38.30811,21.89204,448.0,514.0,3.39,topography,B,Not analized,,,geometric_mean_as_recorded,2.0,bindi2014_rhyp,5.0,2015-01-01
14,20,-0.0404590814483492,1,485,CL.TRIZ.00,CL,TRIZ,00,GR,38.36543,22.07272,59.0,729.0,7.48,topography,B,Not analized,,,geometric_mean_as_recorded,2.0,bindi2014_rhyp,5.0,2015-01-01
15,17,-0.004258466546543382,1,485,GE.IMMV.--,GE,IMMV,,GR,35.4606,23.9811,230.0,1121.0,21.31,topography,A,Not analized,,,geometric_mean_as_recorded,2.0,bindi2014_rhyp,5.0,2015-01-01
16,23,-0.24565191999230884,1,485,GE.KARP.--,GE,KARP,,GR,35.5471,27.16106,524.0,835.0,10.88,topography,A,Not analized,,,geometric_mean_as_recorded,2.0,bindi2014_rhyp,5.0,2015-01-01
17,20,-0.08180555785598398,1,485,GE.KTHA.--,GE,KTHA,,GR,36.2566,23.0621,360.0,692.0,6.87,topography,B,Not analized,,,geometric_mean_as_recorded,2.0,bindi2014_rhyp,5.0,2015-01-01
18,17,0.14193084479386292,1,485,HA.AIGS.--,HA,AIGS,,GR,38.25001,22.0878,99.0,399.0,1.58,topography,B,Not analized,,,geometric_mean_as_recorded,2.0,bindi2014_rhyp,5.0,2015-01-01
19,15,-1.4385106282042859,1,485,HA.ATHU.--,HA,ATHU,,GR,37.9665,23.7845,308.0,648.0,6.16,topography,B,Not analized,,,geometric_mean_as_recorded,2.0,bindi2014_rhyp,5.0,2015-01-01
20,5,-0.10531975715655884,1,485,HA.DRES.--,HA,DRES,,GR,38.319719,21.853176,80.0,527.0,3.68,topography,B,Not analized,,,geometric_mean_as_recorded,2.0,bindi2014_rhyp,5.0,2015-01-01
21,16,0.24151327647614929,1,485,HA.KIAS.--,HA,KIAS,,GR,37.9875,22.7543,100.0,344.0,0.85,topography,C,Not analized,,,geometric_mean_as_recorded,2.0,bindi2014_rhyp,5.0,2015-01-01
22,8,0.2116137024270393,1,485,HA.LTRS.--,HA,LTRS,,GR,37.97528,22.9765,3.0,535.0,3.84,topography,B,Not analized,,,geometric_mean_as_recorded,2.0,bindi2014_rhyp,5.0,2015-01-01
23,9,0.473346983469792,1,485,HA.XLKS.--,HA,XLKS,,GR,38.0772,22.6361,6.0,379.0,1.3,topography,B,Not analized,,,geometric_mean_as_recorded,2.0,bindi2014_rhyp,5.0,2015-01-01
24,19,-0.2776596852374842,1,485,HC.ABEA.--,HC,ABEA,,GR,35.5163,24.0113,9.0,466.0,2.52,topography,B,Not analized,,,geometric_mean_as_recorded,2.0,bindi2014_rhyp,5.0,2015-01-01
25,30,-0.08652765502717163,1,485,HC.ATEI.--,HC,ATEI,,GR,35.5193,24.0432,59.0,406.0,1.67,topography,B,Not analized,,,geometric_mean_as_recorded,2.0,bindi2014_rhyp,5.0,2015-01-01
26,8,-0.03139824419633064,1,485,HC.DEYA.--,HC,DEYA,,GR,35.4825,24.014,41.0,352.0,0.94,topography,C,Not analized,,,geometric_mean_as_recorded,2.0,bindi2014_rhyp,5.0,2015-01-01
27,8,0.0824954723839827,1,485,HC.G0LD.--,HC,G0LD,,GR,35.4955,24.0306,15.0,342.0,0.83,topography,C,Not analized,,,geometric_mean_as_recorded,2.0,bindi2014_rhyp,5.0,2015-01-01
28,9,-0.1436999408255316,1,485,HC.LENT.--,HC,LENT,,GR,35.5074,24.0402,76.0,436.0,2.1,topography,B,Not analized,,,geometric_mean_as_recorded,2.0,bindi2014_rhyp,5.0,2015-01-01
29,4,0.017013621048657668,1,485,HC.MULT.--,HC,MULT,,GR,35.5091,24.0118,18.0,472.0,2.61,topography,B,Not analized,,,geometric_mean_as_recorded,2.0,bindi2014_rhyp,5.0,2015-01-01
30,10,-0.05342561928899381,1,485,HC.NERO.--,HC,NERO,,GR,35.474,24.0423,77.0,927.0,14.34,topography,A,Not analized,,,geometric_mean_as_recorded,2.0,bindi2014_rhyp,5.0,2015-01-01
31,24,0.1099210896895424,1,485,HC.PASK.--,HC,PASK,,GR,35.4996,24.0121,18.0,429.0,2.01,topography,B,Not analized,,,geometric_mean_as_recorded,2.0,bindi2014_rhyp,5.0,2015-01-01
32,13,-0.31712322004521987,1,485,HC.POLY.--,HC,POLY,,GR,35.5226,24.0602,160.0,429.0,2.0,topography,B,Not analized,,,geometric_mean_as_recorded,2.0,bindi2014_rhyp,5.0,2015-01-01
33,13,0.5881967743160906,1,485,HI.AGR3.--,HI,AGR3,,GR,38.5893,21.4162,50.0,474.0,2.63,topography,B,Not analized,,,geometric_mean_as_recorded,2.0,bindi2014_rhyp,5.0,2015-01-01
34,7,-0.275396261898301,1,485,HI.AIA1.--,HI,AIA1,,GR,40.1641,21.8202,448.0,440.0,2.16,topography,B,Not analized,,,geometric_mean_as_recorded,2.0,bindi2014_rhyp,5.0,2015-01-01
35,9,0.05778383811226018,1,485,HI.AIG2.--,HI,AIG2,,GR,38.2417,22.0726,116.0,454.0,2.36,topography,B,Not analized,,,geometric_mean_as_recorded,2.0,bindi2014_rhyp,5.0,2015-01-01
36,9,0.09653816265938664,1,485,HI.AKR1.--,HI,AKR1,,GR,38.153583,22.31326,124.0,817.0,10.16,topography,A,Not analized,,,geometric_mean_as_recorded,2.0,bindi2014_rhyp,5.0,2015-01-01
37,8,0.19703308396025493,1,485,HI.ALX2.--,HI,ALX2,,GR,40.845417,25.873947,0.0,387.0,1.42,topography,B,Not analized,,,geometric_mean_as_recorded,2.0,bindi2014_rhyp,5.0,2015-01-01
38,12,0.3499351063163141,1,485,HI.AOL1.--,HI,AOL1,,GR,37.642378,21.624555,45.0,684.0,6.74,topography,B,Not analized,,,geometric_mean_as_recorded,2.0,bindi2014_rhyp,5.0,2015-01-01
39,4,-0.2725793185999841,1,485,HI.ARE2.--,HI,ARE2,,GR,36.66629,22.382635,255.0,363.0,1.07,topography,B,Not analized,,,geometric_mean_as_recorded,2.0,bindi2014_rhyp,5.0,2015-01-01
40,37,-0.10866933777153709,1,485,HI.ARG2.--,HI,ARG2,,GR,38.1783,20.4878,6.0,417.0,1.83,topography,B,Not analized,,,geometric_mean_as_recorded,2.0,bindi2014_rhyp,5.0,2015-01-01
41,31,0.19463848709550946,1,485,HI.ARK1.--,HI,ARK1,,GR,35.148777,25.264194,390.0,497.0,3.02,topography,B,Not analized,,,geometric_mean_as_recorded,2.0,bindi2014_rhyp,5.0,2015-01-01
42,37,0.09753080746208231,1,485,HI.ARS1.--,HI,ARS1,,GR,37.6349,22.7293,34.0,362.0,1.05,topography,B,Not analized,,,geometric_mean_as_recorded,2.0,bindi2014_rhyp,5.0,2015-01-01
43,35,-0.297169635419156,1,485,HI.ART2.--,HI,ART2,,GR,39.1474,20.9937,191.0,643.0,6.09,topography,B,Not analized,,,geometric_mean_as_recorded,2.0,bindi2014_rhyp,5.0,2015-01-01
44,16,0.029060954995334454,1,485,HI.AST1.--,HI,AST1,,GR,38.5416,21.0895,4.0,782.0,8.82,topography,B,Not analized,,,geometric_mean_as_recorded,2.0,bindi2014_rhyp,5.0,2015-01-01
45,35,-0.06684852602163394,1,485,HI.ATH5.--,HI,ATH5,,GR,37.975421,23.737098,99.0,576.0,4.74,topography,B,Not analized,,,geometric_mean_as_recorded,2.0,bindi2014_rhyp,5.0,2015-01-01
46,35,-0.07252586970969155,1,485,HI.CH01.--,HI,CH01,,GR,35.517,24.0208,0.0,327.0,0.67,topography,C,Not analized,,,geometric_mean_as_recorded,2.0,bindi2014_rhyp,5.0,2015-01-01
47,25,0.06014573611312446,1,485,HI.CH02.--,HI,CH02,,GR,35.5145,24.0315,8.0,366.0,1.11,topography,B,Not analized,,,geometric_mean_as_recorded,2.0,bindi2014_rhyp,5.0,2015-01-01
48,25,-0.13590756375149804,1,485,HI.CH03.--,HI,CH03,,GR,35.53303,24.0705,127.0,516.0,3.43,topography,B,Not analized,,,geometric_mean_as_recorded,2.0,bindi2014_rhyp,5.0,2015-01-01
49,7,-0.2882207899920083,1,485,HI.DRA2.--,HI,DRA2,,GR,41.1593,24.1485,167.0,388.0,1.42,topography,B,Not analized,,,geometric_mean_as_recorded,2.0,bindi2014_rhyp,5.0,2015-01-01
50,9,-0.07116567405384355,1,485,HI.FLO2.--,HI,FLO2,,GR,40.7801,21.4052,664.0,449.0,2.29,topography,B,Not analized,,,geometric_mean_as_recorded,2.0,bindi2014_rhyp,5.0,2015-01-01
51,15,-0.3240690101524176,1,485,HI.FRS1.--,HI,FRS1,,GR,39.2934,22.3844,162.0,732.0,7.52,topography,B,Not analized,,,geometric_mean_as_recorded,2.0,bindi2014_rhyp,5.0,2015-01-01
52,30,0.11893910418160702,1,485,HI.GOR1.--,HI,GOR1,,GR,35.0582,24.9628,159.0,528.0,3.7,topography,B,Not analized,,,geometric_mean_as_recorded,2.0,bindi2014_rhyp,5.0,2015-01-01
53,13,-0.2517716712032857,1,485,HI.GRE3.--,HI,GRE3,,GR,40.08481,21.43829,517.0,335.0,0.75,topography,C,Not analized,,,geometric_mean_as_recorded,2.0,bindi2014_rhyp,5.0,2015-01-01
54,10,0.03417390157268607,1,485,HI.GTH2.--,HI,GTH2,,GR,36.7603,22.5659,0.0,579.0,4.82,topography,B,Not analized,,,geometric_mean_as_recorded,2.0,bindi2014_rhyp,5.0,2015-01-01
55,27,0.43457169166295206,1,485,HI.HER1.--,HI,HER1,,GR,35.317672,25.10217,54.0,433.0,2.06,topography,B,Not analized,,,geometric_mean_as_recorded,2.0,bindi2014_rhyp,5.0,2015-01-01
56,22,0.3055730641875642,1,485,HI.HER3.--,HI,HER3,,GR,35.3296,25.1065,7.0,379.0,1.3,topography,B,Not analized,,,geometric_mean_as_recorded,2.0,bindi2014_rhyp,5.0,2015-01-01
57,13,-0.08991883237335352,1,485,HI.ITC1.--,HI,ITC1,,GR,38.3647,20.7156,0.0,834.0,10.85,topography,A,Not analized,,,geometric_mean_as_recorded,2.0,bindi2014_rhyp,5.0,2015-01-01
58,14,-0.3274990964399296,1,485,HI.ITS1.--,HI,ITS1,,GR,40.605,23.0123,173.0,429.0,2.0,topography,B,Not analized,,,geometric_mean_as_recorded,2.0,bindi2014_rhyp,5.0,2015-01-01
59,15,-0.16024289202335795,1,485,HI.JAN2.--,HI,JAN2,,GR,39.664,20.85222,503.0,562.0,4.45,topography,B,Not analized,,,geometric_mean_as_recorded,2.0,bindi2014_rhyp,5.0,2015-01-01
60,17,-0.2039636758548352,1,485,HI.JAN3.--,HI,JAN3,,GR,39.684,20.8379,481.0,409.0,1.72,topography,B,Not analized,,,geometric_mean_as_recorded,2.0,bindi2014_rhyp,5.0,2015-01-01
61,12,0.26689589828618165,1,485,HI.KAC1.--,HI,KAC1,,GR,38.143412,21.549694,31.0,311.0,0.49,topography,C,Not analized,,,geometric_mean_as_recorded,2.0,bindi2014_rhyp,5.0,2015-01-01
62,14,0.4828306651298453,1,485,HI.KAR2.--,HI,KAR2,,GR,39.365759,21.91933,106.0,482.0,2.75,topography,B,Not analized,,,geometric_mean_as_recorded,2.0,bindi2014_rhyp,5.0,2015-01-01
63,12,-0.2002396771649162,1,485,HI.KAS2.--,HI,KAS2,,GR,40.504878,21.280507,644.0,587.0,4.99,topography,B,Not analized,,,geometric_mean_as_recorded,2.0,bindi2014_rhyp,5.0,2015-01-01
64,17,-0.14480360467182662,1,485,HI.KIF1.--,HI,KIF1,,GR,38.077273,23.814551,310.0,353.0,0.95,topography,C,Not analized,,,geometric_mean_as_recorded,2.0,bindi2014_rhyp,5.0,2015-01-01
65,19,0.1795155560040071,1,485,HI.KIS1.--,HI,KIS1,,GR,35.493933,23.658993,24.0,497.0,3.02,topography,B,Not analized,,,geometric_mean_as_recorded,2.0,bindi2014_rhyp,5.0,2015-01-01
66,12,-0.0006284297230975122,1,485,HI.KLR1.--,HI,KLR1,,GR,40.58251,22.949554,28.0,364.0,1.09,topography,B,Not analized,,,geometric_mean_as_recorded,2.0,bindi2014_rhyp,5.0,2015-01-01
67,47,-0.050059889084462905,1,485,HI.KLV1.--,HI,KLV1,,GR,38.03256,22.10797,717.0,465.0,2.52,topography,B,Not analized,,,geometric_mean_as_recorded,2.0,bindi2014_rhyp,5.0,2015-01-01
68,6,0.2513447377510404,1,485,HI.KMT1.--,HI,KMT1,,GR,41.1159,25.4066,53.0,338.0,0.79,topography,C,Not analized,,,geometric_mean_as_recorded,2.0,bindi2014_rhyp,5.0,2015-01-01
69,12,-0.07404219007332069,1,485,HI.KNS1.--,HI,KNS1,,GR,40.048,20.7524,621.0,900.0,13.34,topography,A,Not analized,,,geometric_mean_as_recorded,2.0,bindi2014_rhyp,5.0,2015-01-01
70,19,0.46992933507288326,1,485,HI.KOR2.--,HI,KOR2,,GR,37.9401,22.9495,35.0,508.0,3.25,topography,B,Not analized,,,geometric_mean_as_recorded,2.0,bindi2014_rhyp,5.0,2015-01-01
71,7,0.1857045274773924,1,485,HI.KOS2.--,HI,KOS2,,GR,36.8941,27.2888,10.0,489.0,2.85,topography,B,Not analized,,,geometric_mean_as_recorded,2.0,bindi2014_rhyp,5.0,2015-01-01
72,10,-0.35140585795668267,1,485,HI.KOZ2.--,HI,KOZ2,,GR,40.295728,21.788123,731.0,551.0,4.21,topography,B,Not analized,,,geometric_mean_as_recorded,2.0,bindi2014_rhyp,5.0,2015-01-01
73,21,0.030010917444620255,1,485,HI.KRI1.--,HI,KRI1,,GR,37.6621,20.8172,185.0,882.0,12.65,topography,A,Not analized,,,geometric_mean_as_recorded,2.0,bindi2014_rhyp,5.0,2015-01-01
74,35,-0.08612820425023526,1,485,HI.KRK1.--,HI,KRK1,,GR,39.618861,19.9202,10.0,421.0,1.89,topography,B,Not analized,,,geometric_mean_as_recorded,2.0,bindi2014_rhyp,5.0,2015-01-01
75,55,0.06315622131564391,1,485,HI.KRL1.--,HI,KRL1,,GR,37.7951,26.7065,14.0,644.0,6.1,topography,B,Not analized,,,geometric_mean_as_recorded,2.0,bindi2014_rhyp,5.0,2015-01-01
76,32,-0.4601961972518035,1,485,HI.KSS1.--,HI,KSS1,,GR,35.4189,26.9207,0.0,767.0,8.25,topography,B,Not analized,,,geometric_mean_as_recorded,2.0,bindi2014_rhyp,5.0,2015-01-01
77,19,-0.28709961235026416,1,485,HI.KTL1.--,HI,KTL1,,GR,35.20778,25.34272,390.0,327.0,0.67,topography,C,Not analized,,,geometric_mean_as_recorded,2.0,bindi2014_rhyp,5.0,2015-01-01
78,7,-0.05658932752989321,1,485,HI.KYP2.--,HI,KYP2,,GR,37.2497,21.667,34.0,417.0,1.84,topography,B,Not analized,,,geometric_mean_as_recorded,2.0,bindi2014_rhyp,5.0,2015-01-01
79,34,-0.10883385133402623,1,485,HI.LAM2.--,HI,LAM2,,GR,38.90203,22.431301,112.0,767.0,8.23,topography,B,Not analized,,,geometric_mean_as_recorded,2.0,bindi2014_rhyp,5.0,2015-01-01
80,15,0.4270689124197904,1,485,HI.LAR4.--,HI,LAR4,,GR,39.6422,22.4219,84.0,407.0,1.69,topography,B,Not analized,,,geometric_mean_as_recorded,2.0,bindi2014_rhyp,5.0,2015-01-01
81,19,0.43232598845472886,1,485,HI.LEF2.--,HI,LEF2,,GR,38.830093,20.708346,5.0,311.0,0.49,topography,C,Not analized,,,geometric_mean_as_recorded,2.0,bindi2014_rhyp,5.0,2015-01-01
82,6,-0.09332986391786102,1,485,HI.LEO1.--,HI,LEO1,,GR,37.1689,22.8637,57.0,863.0,11.94,topography,A,Not analized,,,geometric_mean_as_recorded,2.0,bindi2014_rhyp,5.0,2015-01-01
83,18,-0.20431628386146994,1,485,HI.LMN1.--,HI,LMN1,,GR,39.875,25.0588,2.0,603.0,5.34,topography,B,Not analized,,,geometric_mean_as_recorded,2.0,bindi2014_rhyp,5.0,2015-01-01
84,28,-0.22813179883469092,1,485,HI.LMS2.--,HI,LMS2,,GR,40.834985,21.141815,923.0,446.0,2.25,topography,B,Not analized,,,geometric_mean_as_recorded,2.0,bindi2014_rhyp,5.0,2015-01-01
85,5,0.415424210427312,1,485,HI.LXR2.--,HI,LXR2,,GR,38.206718,20.436386,7.0,449.0,2.29,topography,B,Not analized,,,geometric_mean_as_recorded,2.0,bindi2014_rhyp,5.0,2015-01-01
86,9,0.32146115552809296,1,485,HI.MGP1.--,HI,MGP1,,GR,37.403248,22.140703,433.0,298.0,0.35,topography,C,Not analized,,,geometric_mean_as_recorded,2.0,bindi2014_rhyp,5.0,2015-01-01
87,46,0.4217620334519835,1,485,HI.MSL1.--,HI,MSL1,,GR,38.3727,21.4243,1.0,344.0,0.85,topography,C,Not analized,,,geometric_mean_as_recorded,2.0,bindi2014_rhyp,5.0,2015-01-01
88,50,0.1159269844534041,1,485,HI.MYT1.--,HI,MYT1,,GR,39.085,26.5694,34.0,809.0,9.86,topography,A,Not analized,,,geometric_mean_as_recorded,2.0,bindi2014_rhyp,5.0,2015-01-01
89,48,-0.36242843033385397,1,485,HI.NAX1.--,HI,NAX1,,GR,37.101394,25.374103,7.0,407.0,1.69,topography,B,Not analized,,,geometric_mean_as_recorded,2.0,bindi2014_rhyp,5.0,2015-01-01
90,20,0.10185818003467406,1,485,HI.NMA1.--,HI,NMA1,,GR,37.81873,22.662702,290.0,561.0,4.42,topography,B,Not analized,,,geometric_mean_as_recorded,2.0,bindi2014_rhyp,5.0,2015-01-01
91,24,-0.148976366858122,1,485,HI.NPS1.--,HI,NPS1,,GR,36.51263,23.06248,48.0,407.0,1.69,topography,B,Not analized,,,geometric_mean_as_recorded,2.0,bindi2014_rhyp,5.0,2015-01-01
92,11,0.4421059497743143,1,485,HI.PAT4.--,HI,PAT4,,GR,38.2338,21.74795,44.0,376.0,1.25,topography,B,Not analized,,,geometric_mean_as_recorded,2.0,bindi2014_rhyp,5.0,2015-01-01
93,14,0.17950888530642534,1,485,HI.PAT5.--,HI,PAT5,,GR,38.29595,21.795083,49.0,545.0,4.08,topography,B,Not analized,,,geometric_mean_as_recorded,2.0,bindi2014_rhyp,5.0,2015-01-01
94,19,-0.03517372352491932,1,485,HI.PER1.--,HI,PER1,,GR,38.0119,23.7027,66.0,425.0,1.94,topography,B,Not analized,,,geometric_mean_as_recorded,2.0,bindi2014_rhyp,5.0,2015-01-01
95,11,0.18574240748237375,1,485,HI.PET1.--,HI,PET1,,GR,36.963862,21.92538,6.0,403.0,1.64,topography,B,Not analized,,,geometric_mean_as_recorded,2.0,bindi2014_rhyp,5.0,2015-01-01
96,6,-0.10487283875035736,1,485,HI.PIR1.--,HI,PIR1,,GR,37.93723,23.642595,87.0,275.0,0.26,topography,C,Not analized,,,geometric_mean_as_recorded,2.0,bindi2014_rhyp,5.0,2015-01-01
97,13,0.1951946995941677,1,485,HI.PIR2.--,HI,PIR2,,GR,37.9458,23.6709,10.0,502.0,3.13,topography,B,Not analized,,,geometric_mean_as_recorded,2.0,bindi2014_rhyp,5.0,2015-01-01
98,15,-0.3070901741483085,1,485,HI.PIR3.--,HI,PIR3,,GR,37.9573,23.6519,10.0,338.0,0.79,topography,C,Not analized,,,geometric_mean_as_recorded,2.0,bindi2014_rhyp,5.0,2015-01-01
99,13,0.035417279596434925,1,485,HI.PLA1.--,HI,PLA1,,GR,40.555907,22.988593,13.0,405.0,1.67,topography,B,Not analized,,,geometric_mean_as_recorded,2.0,bindi2014_rhyp,5.0,2015-01-01
100,23,0.018760025340138098,1,485,HI.PLN1.--,HI,PLN1,,GR,39.998,23.575,29.0,443.0,2.2,topography,B,Not analized,,,geometric_mean_as_recorded,2.0,bindi2014_rhyp,5.0,2015-01-01
101,15,0.44257431903695593,1,485,HI.PTO1.--,HI,PTO1,,GR,40.510132,21.681568,603.0,399.0,1.58,topography,B,Not analized,,,geometric_mean_as_recorded,2.0,bindi2014_rhyp,5.0,2015-01-01
102,15,0.3057495468398073,1,485,HI.PYR2.--,HI,PYR2,,GR,37.6671,21.4506,8.0,442.0,2.19,topography,B,Not analized,,,geometric_mean_as_recorded,2.0,bindi2014_rhyp,5.0,2015-01-01
103,34,0.27801383147148634,1,485,HI.RDI1.--,HI,RDI1,,GR,36.4514,28.224,7.0,413.0,1.78,topography,B,Not analized,,,geometric_mean_as_recorded,2.0,bindi2014_rhyp,5.0,2015-01-01
104,16,-0.1233512904738282,1,485,HI.RGE1.--,HI,RGE1,,GR,36.0269,27.9306,3.0,396.0,1.54,topography,B,Not analized,,,geometric_mean_as_recorded,2.0,bindi2014_rhyp,5.0,2015-01-01
105,18,-0.06934384922380132,1,485,HI.RKL1.--,HI,RKL1,,GR,36.336699,28.171224,78.0,533.0,3.81,topography,B,Not analized,,,geometric_mean_as_recorded,2.0,bindi2014_rhyp,5.0,2015-01-01
106,10,-0.20110156006093116,1,485,HI.RKT1.--,HI,RKT1,,GR,35.954336,27.767327,49.0,403.0,1.64,topography,B,Not analized,,,geometric_mean_as_recorded,2.0,bindi2014_rhyp,5.0,2015-01-01
107,15,0.23662914004343832,1,485,HI.RPN1.--,HI,RPN1,,GR,36.448678,28.218047,14.0,581.0,4.86,topography,B,Not analized,,,geometric_mean_as_recorded,2.0,bindi2014_rhyp,5.0,2015-01-01
108,10,0.14391416327614404,1,485,HI.RSO1.--,HI,RSO1,,GR,36.3632,28.0016,8.0,381.0,1.33,topography,B,Not analized,,,geometric_mean_as_recorded,2.0,bindi2014_rhyp,5.0,2015-01-01
109,15,-0.1689279564152295,1,485,HI.RTH1.--,HI,RTH1,,GR,35.365393,24.471773,15.0,424.0,1.93,topography,B,Not analized,,,geometric_mean_as_recorded,2.0,bindi2014_rhyp,5.0,2015-01-01
110,11,-0.565220420575434,1,485,HI.SEIS.--,HI,SEIS,,GR,40.631849,22.962768,63.0,726.0,7.42,topography,B,Not analized,,,geometric_mean_as_recorded,2.0,bindi2014_rhyp,5.0,2015-01-01
111,13,-0.14001737407447423,1,485,HI.SFL1.--,HI,SFL1,,GR,41.189954,26.304374,6.0,355.0,0.97,topography,C,Not analized,,,geometric_mean_as_recorded,2.0,bindi2014_rhyp,5.0,2015-01-01
112,13,-0.0388165552077363,1,485,HI.SFR2.--,HI,SFR2,,GR,36.399841,25.438209,206.0,485.0,2.79,topography,B,Not analized,,,geometric_mean_as_recorded,2.0,bindi2014_rhyp,5.0,2015-01-01
113,22,-0.18874901128201915,1,485,HI.SGR1.--,HI,SGR1,,GR,39.211392,25.855221,28.0,814.0,10.06,topography,A,Not analized,,,geometric_mean_as_recorded,2.0,bindi2014_rhyp,5.0,2015-01-01
114,12,-0.20993470137501336,1,485,HI.SIA1.--,HI,SIA1,,GR,40.257308,21.553432,918.0,948.0,15.14,topography,A,Not analized,,,geometric_mean_as_recorded,2.0,bindi2014_rhyp,5.0,2015-01-01
115,41,-0.140767792057242,1,485,HI.SIT2.--,HI,SIT2,,GR,35.2059,26.107,0.0,385.0,1.39,topography,B,Not analized,,,geometric_mean_as_recorded,2.0,bindi2014_rhyp,5.0,2015-01-01
116,40,-0.05568388255535306,1,485,HI.SKY1.--,HI,SKY1,,GR,38.904483,24.564572,75.0,824.0,10.43,topography,A,Not analized,,,geometric_mean_as_recorded,2.0,bindi2014_rhyp,5.0,2015-01-01
117,8,0.2947081841958321,1,485,HI.SPP1.--,HI,SPP1,,GR,41.0225,25.7013,125.0,443.0,2.2,topography,B,Not analized,,,geometric_mean_as_recorded,2.0,bindi2014_rhyp,5.0,2015-01-01
118,12,-0.46854209439488137,1,485,HI.STL1.--,HI,STL1,,GR,40.662419,22.935323,28.0,407.0,1.69,topography,B,Not analized,,,geometric_mean_as_recorded,2.0,bindi2014_rhyp,5.0,2015-01-01
119,11,-0.5190778571813731,1,485,HI.THS1.--,HI,THS1,,GR,40.738476,24.575145,20.0,527.0,3.66,topography,B,Not analized,,,geometric_mean_as_recorded,2.0,bindi2014_rhyp,5.0,2015-01-01
120,27,0.3283367161574282,1,485,HI.THV2.--,HI,THV2,,GR,38.316117,23.319807,215.0,535.0,3.85,topography,B,Not analized,,,geometric_mean_as_recorded,2.0,bindi2014_rhyp,5.0,2015-01-01
121,13,-0.12854101491307235,1,485,HI.TRP1.--,HI,TRP1,,GR,37.511219,22.363399,698.0,504.0,3.17,topography,B,Not analized,,,geometric_mean_as_recorded,2.0,bindi2014_rhyp,5.0,2015-01-01
122,34,-0.1729045038187863,1,485,HI.VOL2.--,HI,VOL2,,GR,39.366,22.9506,26.0,393.0,1.5,topography,B,Not analized,,,geometric_mean_as_recorded,2.0,bindi2014_rhyp,5.0,2015-01-01
123,17,-0.41839731861438956,1,485,HI.VOL3.--,HI,VOL3,,GR,39.373969,22.935352,10.0,332.0,0.72,topography,C,Not analized,,,geometric_mean_as_recorded,2.0,bindi2014_rhyp,5.0,2015-01-01
124,16,-0.023872466129772896,1,485,HI.VSK1.--,HI,VSK1,,GR,38.4091,20.564,302.0,652.0,6.22,topography,B,Not analized,,,geometric_mean_as_recorded,2.0,bindi2014_rhyp,5.0,2015-01-01
125,6,0.03539267618600406,1,485,HI.XAN2.--,HI,XAN2,,GR,41.142046,24.890781,74.0,423.0,1.92,topography,B,Not analized,,,geometric_mean_as_recorded,2.0,bindi2014_rhyp,5.0,2015-01-01
126,16,0.024329214391644483,1,485,HL.ACHA.00,HL,ACHA,00,GR,38.07458,23.74127,183.0,348.0,0.9,topography,C,Not analized,,,geometric_mean_as_recorded,2.0,bindi2014_rhyp,5.0,2015-01-01
127,9,-0.2154974369616216,1,485,HL.AGNA.00,HL,AGNA,00,GR,35.1895,25.71853,15.0,531.0,3.77,topography,B,Not analized,,,geometric_mean_as_recorded,2.0,bindi2014_rhyp,5.0,2015-01-01
128,9,-0.04596334490504328,1,485,HL.AGXA.00,HL,AGXA,00,GR,39.27649,22.81999,2.0,389.0,1.43,topography,B,Not analized,,,geometric_mean_as_recorded,2.0,bindi2014_rhyp,5.0,2015-01-01
129,21,-0.05684048962546995,1,485,HL.ALNA.00,HL,ALNA,00,GR,39.14804,23.86669,40.0,437.0,2.12,topography,B,Not analized,,,geometric_mean_as_recorded,2.0,bindi2014_rhyp,5.0,2015-01-01
130,21,-0.385316178652534,1,485,HL.AMGA.00,HL,AMGA,00,GR,36.831551,25.893818,307.0,502.0,3.12,topography,B,Not analized,,,geometric_mean_as_recorded,2.0,bindi2014_rhyp,5.0,2015-01-01
131,11,0.0852194921740741,1,485,HL.ANAF.--,HL,ANAF,,GR,36.35675,25.77262,335.0,811.0,9.93,topography,A,Not analized,,,geometric_mean_as_recorded,2.0,bindi2014_rhyp,5.0,2015-01-01
132,15,-0.11001788281715374,1,485,HL.ANKY.00,HL,ANKY,00,GR,35.86704,23.30117,143.0,760.0,7.97,topography,B,Not analized,,,geometric_mean_as_recorded,2.0,bindi2014_rhyp,5.0,2015-01-01
133,6,0.2100082036303385,1,485,HL.ARIA.00,HL,ARIA,00,GR,38.33358,21.76206,1.0,301.0,0.37,topography,C,Not analized,,,geometric_mean_as_recorded,2.0,bindi2014_rhyp,5.0,2015-01-01
134,10,-0.4773303797987475,1,485,HL.ARTB.00,HL,ARTB,00,GR,39.15702,20.9785,29.0,311.0,0.49,topography,C,Not analized,,,geometric_mean_as_recorded,2.0,bindi2014_rhyp,5.0,2015-01-01
135,11,-0.4771726178220307,1,485,HL.ASTA.00,HL,ASTA,00,GR,36.54552,26.35295,64.0,793.0,9.24,topography,B,Not analized,,,geometric_mean_as_recorded,2.0,bindi2014_rhyp,5.0,2015-01-01
136,23,-0.012061490176975886,1,485,HL.ATHP.00,HL,ATHP,00,GR,38.000799,23.773487,187.0,453.0,2.35,topography,B,Not analized,,,geometric_mean_as_recorded,2.0,bindi2014_rhyp,5.0,2015-01-01
137,21,-0.04630289842123603,1,485,HL.CHNB.00,HL,CHNB,00,GR,35.48765,24.06605,5.0,353.0,0.95,topography,C,Not analized,,,geometric_mean_as_recorded,2.0,bindi2014_rhyp,5.0,2015-01-01
138,40,-0.09630042754246781,1,485,HL.DLFA.00,HL,DLFA,00,GR,38.47836,22.49583,570.0,1666.0,37.55,topography,A,Not analized,,,geometric_mean_as_recorded,2.0,bindi2014_rhyp,5.0,2015-01-01
139,14,0.06452179060766361,1,485,HL.DRPA.00,HL,DRPA,00,GR,37.94738,23.63024,18.0,523.0,3.59,topography,B,Not analized,,,geometric_mean_as_recorded,2.0,bindi2014_rhyp,5.0,2015-01-01
140,27,-0.15515419280919363,1,485,HL.EFSA.00,HL,EFSA,00,GR,39.54015,24.98864,5.0,586.0,4.96,topography,B,Not analized,,,geometric_mean_as_recorded,2.0,bindi2014_rhyp,5.0,2015-01-01
141,15,-0.19020692497654634,1,485,HL.ELFA.00,HL,ELFA,00,GR,38.04472,23.5405,9.0,321.0,0.6,topography,C,Not analized,,,geometric_mean_as_recorded,2.0,bindi2014_rhyp,5.0,2015-01-01
142,12,0.1417684889912399,1,485,HL.GINA.00,HL,GINA,00,GR,39.66886,22.389,94.0,355.0,0.97,topography,C,Not analized,,,geometric_mean_as_recorded,2.0,bindi2014_rhyp,5.0,2015-01-01
143,20,0.3980775699905684,1,485,HL.HERG.00,HL,HERG,00,GR,35.32622,25.06586,31.0,470.0,2.58,topography,B,Not analized,,,geometric_mean_as_recorded,2.0,bindi2014_rhyp,5.0,2015-01-01
144,45,0.38025955637330217,1,485,HL.IACM.--,HL,IACM,,GR,35.3058,25.0709,45.0,844.0,11.22,topography,A,Not analized,,,geometric_mean_as_recorded,2.0,bindi2014_rhyp,5.0,2015-01-01
145,29,-0.03545384888704173,1,485,HL.IMMV.--,HL,IMMV,,GR,35.4606,23.9811,230.0,1036.0,18.32,topography,A,Not analized,,,geometric_mean_as_recorded,2.0,bindi2014_rhyp,5.0,2015-01-01
146,6,0.1251432027259023,1,485,HL.ITM.00,HL,ITM,00,GR,37.17872,21.92522,423.0,882.0,12.68,topography,A,Not analized,,,geometric_mean_as_recorded,2.0,bindi2014_rhyp,5.0,2015-01-01
147,43,-0.09459089174816848,1,485,HL.JAN.00,HL,JAN,00,GR,39.65616,20.84874,526.0,399.0,1.58,topography,B,Not analized,,,geometric_mean_as_recorded,2.0,bindi2014_rhyp,5.0,2015-01-01
148,15,-0.08766091910845997,1,485,HL.KARA.00,HL,KARA,00,GR,38.01581,24.42014,20.0,497.0,3.03,topography,B,Not analized,,,geometric_mean_as_recorded,2.0,bindi2014_rhyp,5.0,2015-01-01
149,34,-0.17587018986246716,1,485,HL.KARP.--,HL,KARP,,GR,35.5471,27.16106,524.0,835.0,10.88,topography,A,Not analized,,,geometric_mean_as_recorded,2.0,bindi2014_rhyp,5.0,2015-01-01
150,12,-0.13968251131497622,1,485,HL.KASA.00,HL,KASA,00,GR,39.74628,19.93542,65.0,1006.0,17.27,topography,A,Not analized,,,geometric_mean_as_recorded,2.0,bindi2014_rhyp,5.0,2015-01-01
151,57,-0.40206743251915966,1,485,HL.KLNA.00,HL,KLNA,00,GR,36.95708,26.97274,28.0,530.0,3.75,topography,B,Not analized,,,geometric_mean_as_recorded,2.0,bindi2014_rhyp,5.0,2015-01-01
152,4,0.5994086326684683,1,485,HL.KOMA.00,HL,KOMA,00,GR,41.11278,25.39647,37.0,385.0,1.38,topography,B,Not analized,,,geometric_mean_as_recorded,2.0,bindi2014_rhyp,5.0,2015-01-01
153,4,0.21864792389625282,1,485,HL.KRYO.--,HL,KRYO,,GR,37.971151,22.617961,883.0,492.0,2.91,topography,B,Not analized,,,geometric_mean_as_recorded,2.0,bindi2014_rhyp,5.0,2015-01-01
154,11,-0.27140191582265116,1,485,HL.KSL.00,HL,KSL,00,GR,36.15031,29.58561,64.0,781.0,8.79,topography,B,Not analized,,,geometric_mean_as_recorded,2.0,bindi2014_rhyp,5.0,2015-01-01
155,4,-0.2188595984593572,1,485,HL.KSTE.--,HL,KSTE,,GR,35.1801,25.3372,395.0,1052.0,18.91,topography,A,Not analized,,,geometric_mean_as_recorded,2.0,bindi2014_rhyp,5.0,2015-01-01
156,20,0.17080357082914005,1,485,HL.KTHA.--,HL,KTHA,,GR,36.2566,23.0621,360.0,692.0,6.87,topography,B,Not analized,,,geometric_mean_as_recorded,2.0,bindi2014_rhyp,5.0,2015-01-01
157,12,-0.4847579285138056,1,485,HL.KVLA.00,HL,KVLA,00,GR,40.93704,24.38591,122.0,782.0,8.82,topography,B,Not analized,,,geometric_mean_as_recorded,2.0,bindi2014_rhyp,5.0,2015-01-01
158,4,0.5263373441393945,1,485,HL.LARA.00,HL,LARA,00,GR,39.63704,22.42969,75.0,390.0,1.46,topography,B,Not analized,,,geometric_mean_as_recorded,2.0,bindi2014_rhyp,5.0,2015-01-01
159,33,-0.3524479610294836,1,485,HL.LIA.00,HL,LIA,00,GR,39.89725,25.18055,67.0,471.0,2.59,topography,B,Not analized,,,geometric_mean_as_recorded,2.0,bindi2014_rhyp,5.0,2015-01-01
160,13,-0.48851420371330756,1,485,HL.LKR.--,HL,LKR,,GR,38.64957,22.998812,192.0,1074.0,19.67,topography,A,Not analized,,,geometric_mean_as_recorded,2.0,bindi2014_rhyp,5.0,2015-01-01
161,25,0.3581408862062339,1,485,HL.LXRA.00,HL,LXRA,00,GR,38.20006,20.43718,0.0,462.0,2.47,topography,B,Not analized,,,geometric_mean_as_recorded,2.0,bindi2014_rhyp,5.0,2015-01-01
162,26,0.33657636135206426,1,485,HL.MILA.00,HL,MILA,00,GR,36.74288,24.4282,130.0,573.0,4.69,topography,B,Not analized,,,geometric_mean_as_recorded,2.0,bindi2014_rhyp,5.0,2015-01-01
163,7,-0.04368728464459348,1,485,HL.NASA.00,HL,NASA,00,GR,40.63111,22.06706,350.0,446.0,2.24,topography,B,Not analized,,,geometric_mean_as_recorded,2.0,bindi2014_rhyp,5.0,2015-01-01
164,5,-0.07243885017838103,1,485,HL.NGRA.00,HL,NGRA,00,GR,40.90747,23.49933,68.0,321.0,0.6,topography,C,Not analized,,,geometric_mean_as_recorded,2.0,bindi2014_rhyp,5.0,2015-01-01
165,30,0.009555448021464574,1,485,HL.NOAC.00,HL,NOAC,00,GR,37.97384,23.71767,93.0,719.0,7.32,topography,B,Not analized,,,geometric_mean_as_recorded,2.0,bindi2014_rhyp,5.0,2015-01-01
166,10,-0.07518369414967285,1,485,HL.NOAC.02,HL,NOAC,02,GR,37.97384,23.71767,93.0,719.0,7.32,topography,B,Not analized,,,geometric_mean_as_recorded,2.0,bindi2014_rhyp,5.0,2015-01-01
167,9,-0.07444566117598816,1,485,HL.NPLA.00,HL,NPLA,00,GR,37.56561,22.79975,10.0,505.0,3.19,topography,B,Not analized,,,geometric_mean_as_recorded,2.0,bindi2014_rhyp,5.0,2015-01-01
168,6,0.17105599888963818,1,485,HL.NVR.00,HL,NVR,00,GR,41.34846,23.86517,627.0,955.0,15.37,topography,A,Not analized,,,geometric_mean_as_recorded,2.0,bindi2014_rhyp,5.0,2015-01-01
169,4,-0.372405389483791,1,485,HL.OREA.00,HL,OREA,00,GR,40.72705,22.91452,257.0,458.0,2.42,topography,B,Not analized,,,geometric_mean_as_recorded,2.0,bindi2014_rhyp,5.0,2015-01-01
170,45,0.4813363161560901,1,485,HL.PATC.00,HL,PATC,00,GR,38.26933,21.76001,47.0,444.0,2.21,topography,B,Not analized,,,geometric_mean_as_recorded,2.0,bindi2014_rhyp,5.0,2015-01-01
171,35,0.3888866983239885,1,485,HL.PATG.00,HL,PATG,00,GR,38.23865,21.72657,1.0,315.0,0.53,topography,C,Not analized,,,geometric_mean_as_recorded,2.0,bindi2014_rhyp,5.0,2015-01-01
172,3,-0.5020895675519036,1,485,HL.PLG.--,HL,PLG,,GR,40.37328,23.44443,566.0,608.0,5.44,topography,B,Not analized,,,geometric_mean_as_recorded,2.0,bindi2014_rhyp,5.0,2015-01-01
173,5,-0.006533788378836669,1,485,HL.PRGA.00,HL,PRGA,00,GR,39.28557,20.40157,15.0,728.0,7.46,topography,B,Not analized,,,geometric_mean_as_recorded,2.0,bindi2014_rhyp,5.0,2015-01-01
174,50,-0.04118549126910942,1,485,HL.PRK.--,HL,PRK,,GR,39.24565,26.26499,130.0,604.0,5.35,topography,B,Not analized,,,geometric_mean_as_recorded,2.0,bindi2014_rhyp,5.0,2015-01-01
175,35,-0.18296571052911914,1,485,HL.PSRA.00,HL,PSRA,00,GR,38.53978,25.56202,13.0,412.0,1.77,topography,B,Not analized,,,geometric_mean_as_recorded,2.0,bindi2014_rhyp,5.0,2015-01-01
176,38,0.18838077043665824,1,485,HL.RIOA.00,HL,RIOA,00,GR,38.29585,21.79118,46.0,496.0,3.0,topography,B,Not analized,,,geometric_mean_as_recorded,2.0,bindi2014_rhyp,5.0,2015-01-01
177,33,0.2632469994677334,1,485,HL.RODB.00,HL,RODB,00,GR,36.4471,28.22116,26.0,509.0,3.28,topography,B,Not analized,,,geometric_mean_as_recorded,2.0,bindi2014_rhyp,5.0,2015-01-01
178,15,0.6026860707240039,1,485,HL.SAP3.--,HL,SAP3,,GR,36.4356,25.345419,173.0,1117.0,21.2,topography,A,Not analized,,,geometric_mean_as_recorded,2.0,bindi2014_rhyp,5.0,2015-01-01
179,29,-0.122456285740981,1,485,HL.SIVA.00,HL,SIVA,00,GR,35.01777,24.81204,96.0,706.0,7.11,topography,B,Not analized,,,geometric_mean_as_recorded,2.0,bindi2014_rhyp,5.0,2015-01-01
180,25,-0.3079332263584197,1,485,HL.SMG.00,HL,SMG,00,GR,37.70425,26.83772,348.0,451.0,2.32,topography,B,Not analized,,,geometric_mean_as_recorded,2.0,bindi2014_rhyp,5.0,2015-01-01
181,6,-0.028106087388456102,1,485,HL.SMHA.00,HL,SMHA,00,GR,38.25123,20.6477,5.0,342.0,0.82,topography,C,Not analized,,,geometric_mean_as_recorded,2.0,bindi2014_rhyp,5.0,2015-01-01
182,17,-0.48016602306572553,1,485,HL.SMTH.00,HL,SMTH,00,GR,40.47094,25.53045,365.0,1167.0,22.91,topography,A,Not analized,,,geometric_mean_as_recorded,2.0,bindi2014_rhyp,5.0,2015-01-01
183,6,0.2001173814677985,1,485,HL.SOFA.00,HL,SOFA,00,GR,39.33773,22.09691,110.0,358.0,1.01,topography,C,Not analized,,,geometric_mean_as_recorded,2.0,bindi2014_rhyp,5.0,2015-01-01
184,12,-0.4803990084298607,1,485,HL.THERA.00,HL,THERA,00,GR,36.366992,25.475263,288.0,795.0,9.35,topography,B,Not analized,,,geometric_mean_as_recorded,2.0,bindi2014_rhyp,5.0,2015-01-01
185,37,0.2070086749247499,1,485,HL.THRA.00,HL,THRA,00,GR,36.41502,25.43244,220.0,509.0,3.28,topography,B,Not analized,,,geometric_mean_as_recorded,2.0,bindi2014_rhyp,5.0,2015-01-01
186,40,-0.31666867532593335,1,485,HL.TNSA.00,HL,TNSA,00,GR,37.53942,25.1631,21.0,401.0,1.6,topography,B,Not analized,,,geometric_mean_as_recorded,2.0,bindi2014_rhyp,5.0,2015-01-01
187,11,0.015953650240252637,1,485,HL.TRKA.00,HL,TRKA,00,GR,39.55381,21.76624,87.0,321.0,0.6,topography,C,Not analized,,,geometric_mean_as_recorded,2.0,bindi2014_rhyp,5.0,2015-01-01
188,5,0.5917583039768943,1,485,HL.VELA.00,HL,VELA,00,GR,37.974944,22.766063,17.0,387.0,1.41,topography,B,Not analized,,,geometric_mean_as_recorded,2.0,bindi2014_rhyp,5.0,2015-01-01
189,4,0.057494038933970315,1,485,HL.VERA.00,HL,VERA,00,GR,40.48601,22.32151,117.0,490.0,2.87,topography,B,Not analized,,,geometric_mean_as_recorded,2.0,bindi2014_rhyp,5.0,2015-01-01
190,30,-0.02118025130768353,1,485,HL.YDRA.00,HL,YDRA,00,GR,37.34923,23.46525,33.0,544.0,4.06,topography,B,Not analized,,,geometric_mean_as_recorded,2.0,bindi2014_rhyp,5.0,2015-01-01
191,9,0.3033534610371702,1,485,HL.ZARA.00,HL,ZARA,00,GR,37.4865,21.6491,30.0,372.0,1.2,topography,B,Not analized,,,geometric_mean_as_recorded,2.0,bindi2014_rhyp,5.0,2015-01-01
192,15,-0.26029753352954,1,485,HL.ZKR.00,HL,ZKR,00,GR,35.1147,26.21691,254.0,522.0,3.56,topography,B,Not analized,,,geometric_mean_as_recorded,2.0,bindi2014_rhyp,5.0,2015-01-01
193,6,0.2933838012979464,1,485,HP.AMT.--,HP,AMT,,GR,37.5324,21.7089,482.0,1088.0,20.18,topography,A,Not analized,,,geometric_mean_as_recorded,2.0,bindi2014_rhyp,5.0,2015-01-01
194,22,-0.18370475439690515,1,485,HP.ANX.--,HP,ANX,,GR,38.5933,21.9209,1020.0,311.0,0.49,topography,C,Not analized,,,geometric_mean_as_recorded,2.0,bindi2014_rhyp,5.0,2015-01-01
195,10,0.04609463364539046,1,485,HP.EFP.--,HP,EFP,,GR,38.4269,21.9058,107.0,1280.0,26.61,topography,A,Not analized,,,geometric_mean_as_recorded,2.0,bindi2014_rhyp,5.0,2015-01-01
196,14,-0.039088615103066715,1,485,HP.FSK.--,HP,FSK,,GR,38.4593,20.5623,113.0,688.0,6.82,topography,B,Not analized,,,geometric_mean_as_recorded,2.0,bindi2014_rhyp,5.0,2015-01-01
197,24,-0.12356891707059803,1,485,HP.GUR.--,HP,GUR,,GR,37.9363,22.3423,1087.0,1061.0,19.22,topography,A,Not analized,,,geometric_mean_as_recorded,2.0,bindi2014_rhyp,5.0,2015-01-01
198,13,-0.07750881695774237,1,485,HP.LTHK.--,HP,LTHK,,GR,37.7095,20.8367,35.0,523.0,3.59,topography,B,Not analized,,,geometric_mean_as_recorded,2.0,bindi2014_rhyp,5.0,2015-01-01
199,37,-0.1488472784476742,1,485,HP.LTK.--,HP,LTK,,GR,38.0228,22.9673,408.0,664.0,6.42,topography,B,Not analized,,,geometric_mean_as_recorded,2.0,bindi2014_rhyp,5.0,2015-01-01
200,20,-0.1143036364942025,1,485,HP.PDO.--,HP,PDO,,GR,38.5986,21.1833,227.0,492.0,2.91,topography,B,Not analized,,,geometric_mean_as_recorded,2.0,bindi2014_rhyp,5.0,2015-01-01
201,28,0.08109252482591012,1,485,HP.PVO.--,HP,PVO,,GR,38.616,21.525,184.0,1018.0,17.69,topography,A,Not analized,,,geometric_mean_as_recorded,2.0,bindi2014_rhyp,5.0,2015-01-01
202,12,-0.09117352947455615,1,485,HP.PYL.--,HP,PYL,,GR,36.8955,21.742,226.0,774.0,8.52,topography,B,Not analized,,,geometric_mean_as_recorded,2.0,bindi2014_rhyp,5.0,2015-01-01
203,28,-0.02159617262851421,1,485,HP.SERG.--,HP,SERG,,GR,38.4133,22.0566,480.0,1296.0,27.11,topography,A,Not analized,,,geometric_mean_as_recorded,2.0,bindi2014_rhyp,5.0,2015-01-01
204,22,0.36066985575158483,1,485,HP.UPR.--,HP,UPR,,GR,38.2836,21.7864,138.0,547.0,4.11,topography,B,Not analized,,,geometric_mean_as_recorded,2.0,bindi2014_rhyp,5.0,2015-01-01
205,18,-0.08795099117869531,1,485,HP.VALY.--,HP,VALY,,GR,37.1641,21.9836,24.0,465.0,2.52,topography,B,Not analized,,,geometric_mean_as_recorded,2.0,bindi2014_rhyp,5.0,2015-01-01
206,14,0.010886409134121755,1,485,HP.VVK.--,HP,VVK,,GR,38.4222,21.8116,650.0,956.0,15.44,topography,A,Not analized,,,geometric_mean_as_recorded,2.0,bindi2014_rhyp,5.0,2015-01-01
207,3,-0.19418634407558377,1,485,HT.LES3.--,HT,LES3,,GR,39.303248,26.180664,218.0,538.0,3.93,topography,B,Not analized,,,geometric_mean_as_recorded,2.0,bindi2014_rhyp,5.0,2015-01-01
273,4,-0.03769860112753309,1,485,KF.CKWP.00,KF,CKWP,00,GR,38.166171,20.510214,71.0,861.0,11.87,topography,A,Not analized,,,geometric_mean_as_recorded,2.0,bindi2014_rhyp,5.0,2015-01-01
274,33,-0.10178844999684877,1,485,KO.AKS.--,KO,AKS,,TR,38.8785,27.8129,385.0,534.0,6.7,topography,B,Not analized,,,geometric_mean_as_recorded,2.0,bindi2014_rhyp,5.0,2015-01-01
275,14,-0.2327145976753595,1,485,KO.ALT.--,KO,ALT,,TR,39.0541,30.1104,1060.0,448.0,3.96,topography,B,Not analized,,,geometric_mean_as_recorded,2.0,bindi2014_rhyp,5.0,2015-01-01
276,6,-0.17039079533874912,1,485,KO.ARMT.--,KO,ARMT,,TR,40.5683,28.866,320.0,620.0,9.98,topography,B,Not analized,,,geometric_mean_as_recorded,2.0,bindi2014_rhyp,5.0,2015-01-01
277,3,-0.3153868178771895,1,485,KO.ARMU.--,KO,ARMU,,TR,40.5088,28.838,1.0,397.0,2.71,topography,B,Not analized,,,geometric_mean_as_recorded,2.0,bindi2014_rhyp,5.0,2015-01-01
278,16,0.4685070906735065,1,485,KO.ARPRA.--,KO,ARPRA,,TR,39.0929,38.3356,1522.0,784.0,15.64,topography,B,Not analized,,,geometric_mean_as_recorded,2.0,bindi2014_rhyp,5.0,2015-01-01
279,7,0.38134204424996604,1,485,KO.AVCI.--,KO,AVCI,,TR,40.9958,28.7225,90.0,409.0,3.02,topography,B,Not analized,,,geometric_mean_as_recorded,2.0,bindi2014_rhyp,5.0,2015-01-01
280,8,-0.0015054243177743398,1,485,KO.BALB.--,KO,BALB,,TR,39.6507,27.8642,266.0,710.0,12.57,topography,B,Not analized,,,geometric_mean_as_recorded,2.0,bindi2014_rhyp,5.0,2015-01-01
281,20,0.06631851046567483,1,485,KO.BASM.--,KO,BASM,,TR,37.9194,30.035,897.0,428.0,3.46,topography,B,Not analized,,,geometric_mean_as_recorded,2.0,bindi2014_rhyp,5.0,2015-01-01
282,20,0.10053854798093387,1,485,KO.BIGA.--,KO,BIGA,,TR,40.28134,27.15048,60.0,397.0,2.72,topography,B,Not analized,,,geometric_mean_as_recorded,2.0,bindi2014_rhyp,5.0,2015-01-01
283,15,0.03377154684022543,1,485,KO.BMYO.--,KO,BMYO,,TR,39.8098,26.6009,121.0,334.0,1.29,topography,C,Not analized,,,geometric_mean_as_recorded,2.0,bindi2014_rhyp,5.0,2015-01-01
284,10,-0.6599736646352506,1,485,KO.BODA.--,KO,BODA,,TR,37.0348,27.4304,11.0,322.0,1.07,topography,C,Not analized,,,geometric_mean_as_recorded,2.0,bindi2014_rhyp,5.0,2015-01-01
285,12,-0.04360374155353308,1,485,KO.BOTS.--,KO,BOTS,,TR,40.9902,27.981,30.0,503.0,5.52,topography,B,Not analized,,,geometric_mean_as_recorded,2.0,bindi2014_rhyp,5.0,2015-01-01
286,4,-0.0644120745837643,1,485,KO.BOZY.--,KO,BOZY,,TR,36.1069,32.9763,9.0,304.0,0.7,topography,C,Not analized,,,geometric_mean_as_recorded,2.0,bindi2014_rhyp,5.0,2015-01-01
287,9,-0.04727424755737741,1,485,KO.BRGA.--,KO,BRGA,,TR,40.8846,29.065,67.0,640.0,10.58,topography,B,Not analized,,,geometric_mean_as_recorded,2.0,bindi2014_rhyp,5.0,2015-01-01
288,30,-0.15621262914564682,1,485,KO.CAME.--,KO,CAME,,TR,36.9435,29.3023,1391.0,506.0,5.6,topography,B,Not analized,,,geometric_mean_as_recorded,2.0,bindi2014_rhyp,5.0,2015-01-01
289,23,0.11674581276532503,1,485,KO.CANM.--,KO,CANM,,TR,40.0113,27.0529,180.0,555.0,7.52,topography,B,Not analized,,,geometric_mean_as_recorded,2.0,bindi2014_rhyp,5.0,2015-01-01
290,10,-0.20603633685327438,1,485,KO.CESE.--,KO,CESE,,TR,38.3306,26.2997,95.0,384.0,2.39,topography,B,Not analized,,,geometric_mean_as_recorded,2.0,bindi2014_rhyp,5.0,2015-01-01
291,19,-0.06049527130991428,1,485,KO.CMRD.--,KO,CMRD,,TR,37.6623,34.9902,1234.0,476.0,4.66,topography,B,Not analized,,,geometric_mean_as_recorded,2.0,bindi2014_rhyp,5.0,2015-01-01
292,10,0.5188726066359084,1,485,KO.CRLU.--,KO,CRLU,,TR,41.1428,27.8215,126.0,366.0,1.94,topography,B,Not analized,,,geometric_mean_as_recorded,2.0,bindi2014_rhyp,5.0,2015-01-01
293,9,-0.13929764766587804,1,485,KO.CTYL.--,KO,CTYL,,TR,41.476,28.2897,77.0,580.0,8.45,topography,B,Not analized,,,geometric_mean_as_recorded,2.0,bindi2014_rhyp,5.0,2015-01-01
294,9,0.6132531456782417,1,485,KO.DATC.--,KO,DATC,,TR,36.7584,27.6602,94.0,478.0,4.71,topography,B,Not analized,,,geometric_mean_as_recorded,2.0,bindi2014_rhyp,5.0,2015-01-01
295,13,0.31309030439510493,1,485,KO.DIDI.--,KO,DIDI,,TR,37.3767,27.2398,75.0,438.0,3.73,topography,B,Not analized,,,geometric_mean_as_recorded,2.0,bindi2014_rhyp,5.0,2015-01-01
296,5,0.3914863064161068,1,485,KO.DOGC.--,KO,DOGC,,TR,41.3949,26.9852,81.0,460.0,4.26,topography,B,Not analized,,,geometric_mean_as_recorded,2.0,bindi2014_rhyp,5.0,2015-01-01
297,25,-0.020061349043770216,1,485,KO.DST.--,KO,DST,,TR,39.6041,28.6267,693.0,399.0,2.75,topography,B,Not analized,,,geometric_mean_as_recorded,2.0,bindi2014_rhyp,5.0,2015-01-01
298,7,-0.21974731957411964,1,485,KO.EDC.--,KO,EDC,,TR,40.3465,27.8618,257.0,670.0,11.41,topography,B,Not analized,,,geometric_mean_as_recorded,2.0,bindi2014_rhyp,5.0,2015-01-01
299,12,0.3198318111594964,1,485,KO.ENZZ.--,KO,ENZZ,,TR,40.607,26.1406,11.0,280.0,0.49,topography,C,Not analized,,,geometric_mean_as_recorded,2.0,bindi2014_rhyp,5.0,2015-01-01
300,4,0.7066019750236398,1,485,KO.ERBG.--,KO,ERBG,,TR,40.712,36.6768,510.0,755.0,13.85,topography,B,Not analized,,,geometric_mean_as_recorded,2.0,bindi2014_rhyp,5.0,2015-01-01
301,14,0.019239089765263118,1,485,KO.ESKT.--,KO,ESKT,,TR,39.5212,30.8492,1295.0,512.0,5.86,topography,B,Not analized,,,geometric_mean_as_recorded,2.0,bindi2014_rhyp,5.0,2015-01-01
302,29,-0.06990460754856986,1,485,KO.EZNE.--,KO,EZNE,,TR,39.756,26.3655,75.0,404.0,2.89,topography,B,Not analized,,,geometric_mean_as_recorded,2.0,bindi2014_rhyp,5.0,2015-01-01
303,3,-0.07605190712084453,1,485,KO.FETI.--,KO,FETI,,TR,36.6903,29.096,24.0,514.0,5.94,topography,B,Not analized,,,geometric_mean_as_recorded,2.0,bindi2014_rhyp,5.0,2015-01-01
304,29,-0.062302374310880704,1,485,KO.FOCM.--,KO,FOCM,,TR,38.7131,26.7309,34.0,461.0,4.28,topography,B,Not analized,,,geometric_mean_as_recorded,2.0,bindi2014_rhyp,5.0,2015-01-01
305,3,-0.29716448266436646,1,485,KO.GEMS.--,KO,GEMS,,TR,40.4231,29.1526,1.0,321.0,1.05,topography,C,Not analized,,,geometric_mean_as_recorded,2.0,bindi2014_rhyp,5.0,2015-01-01
306,34,-0.14025419657285843,1,485,KO.GMLD.--,KO,GMLD,,TR,38.0766,26.9157,10.0,246.0,0.26,topography,C,Not analized,,,geometric_mean_as_recorded,2.0,bindi2014_rhyp,5.0,2015-01-01
307,4,-0.0003450788130441307,1,485,KO.GOKC.--,KO,GOKC,,TR,40.1998,25.9183,123.0,521.0,6.21,topography,B,Not analized,,,geometric_mean_as_recorded,2.0,bindi2014_rhyp,5.0,2015-01-01
308,38,-0.23668260986784295,1,485,KO.GOMA.--,KO,GOMA,,TR,38.7077,27.9175,110.0,493.0,5.1,topography,B,Not analized,,,geometric_mean_as_recorded,2.0,bindi2014_rhyp,5.0,2015-01-01
309,32,0.23222873845315906,1,485,KO.GONE.--,KO,GONE,,TR,40.0466,27.686,143.0,647.0,10.78,topography,B,Not analized,,,geometric_mean_as_recorded,2.0,bindi2014_rhyp,5.0,2015-01-01
310,23,0.19234515047937234,1,485,KO.GORD.--,KO,GORD,,TR,38.9088,28.1769,744.0,681.0,11.76,topography,B,Not analized,,,geometric_mean_as_recorded,2.0,bindi2014_rhyp,5.0,2015-01-01
311,11,0.10742144643789253,1,485,KO.GPA.--,KO,GPA,,TR,40.2911,30.3171,570.0,705.0,12.42,topography,B,Not analized,,,geometric_mean_as_recorded,2.0,bindi2014_rhyp,5.0,2015-01-01
312,14,0.14044099054879533,1,485,KO.GPNR.--,KO,GPNR,,TR,39.456,26.1331,55.0,488.0,4.96,topography,B,Not analized,,,geometric_mean_as_recorded,2.0,bindi2014_rhyp,5.0,2015-01-01
313,6,0.11809686200635872,1,485,KO.GUMT.--,KO,GUMT,,TR,40.4665,39.478,1326.0,882.0,22.44,topography,A,Not analized,,,geometric_mean_as_recorded,2.0,bindi2014_rhyp,5.0,2015-01-01
314,3,0.11298969879595666,1,485,KO.HPSA.--,KO,HPSA,,TR,41.0109,29.0072,1.0,363.0,1.87,topography,B,Not analized,,,geometric_mean_as_recorded,2.0,bindi2014_rhyp,5.0,2015-01-01
315,10,-0.05585738161653442,1,485,KO.IZI.--,KO,IZI,,TR,40.3483,29.4612,910.0,567.0,7.98,topography,B,Not analized,,,geometric_mean_as_recorded,2.0,bindi2014_rhyp,5.0,2015-01-01
316,18,-0.07182553826324445,1,485,KO.KAVV.--,KO,KAVV,,TR,41.0638,29.06,138.0,456.0,4.17,topography,B,Not analized,,,geometric_mean_as_recorded,2.0,bindi2014_rhyp,5.0,2015-01-01
317,13,-0.10303913691505928,1,485,KO.KCTX.--,KO,KCTX,,TR,40.2626,28.3353,445.0,377.0,2.23,topography,B,Not analized,,,geometric_mean_as_recorded,2.0,bindi2014_rhyp,5.0,2015-01-01
318,18,-0.48818308445818925,1,485,KO.KHL.--,KO,KHL,,TR,38.3231,29.5286,1003.0,525.0,6.35,topography,B,Not analized,,,geometric_mean_as_recorded,2.0,bindi2014_rhyp,5.0,2015-01-01
319,11,0.24396695921201023,1,485,KO.KHMN.--,KO,KHMN,,TR,37.3916,37.1574,640.0,587.0,8.73,topography,B,Not analized,,,geometric_mean_as_recorded,2.0,bindi2014_rhyp,5.0,2015-01-01
320,4,0.27021668171573127,1,485,KO.KMON.--,KO,KMON,,TR,41.3738,33.7839,936.0,755.0,13.86,topography,B,Not analized,,,geometric_mean_as_recorded,2.0,bindi2014_rhyp,5.0,2015-01-01
321,15,0.37738785607703196,1,485,KO.KOZK.--,KO,KOZK,,TR,39.2101,34.868,1134.0,492.0,5.08,topography,B,Not analized,,,geometric_mean_as_recorded,2.0,bindi2014_rhyp,5.0,2015-01-01
322,12,-0.19207998089795608,1,485,KO.KRBG.--,KO,KRBG,,TR,40.3932,27.2977,79.0,553.0,7.42,topography,B,Not analized,,,geometric_mean_as_recorded,2.0,bindi2014_rhyp,5.0,2015-01-01
323,19,0.35808328263481154,1,485,KO.KRBN.--,KO,KRBN,,TR,38.5936,26.5537,135.0,467.0,4.44,topography,B,Not analized,,,geometric_mean_as_recorded,2.0,bindi2014_rhyp,5.0,2015-01-01
324,7,0.1398334179592688,1,485,KO.KRMN.--,KO,KRMN,,TR,37.174,33.2636,1068.0,447.0,3.95,topography,B,Not analized,,,geometric_mean_as_recorded,2.0,bindi2014_rhyp,5.0,2015-01-01
325,9,-0.5388313039048941,1,485,KO.KRTL.--,KO,KRTL,,TR,40.9089,29.1987,83.0,345.0,1.5,topography,C,Not analized,,,geometric_mean_as_recorded,2.0,bindi2014_rhyp,5.0,2015-01-01
326,6,0.26358040899729696,1,485,KO.KRTS.--,KO,KRTS,,TR,36.573,35.375,53.0,411.0,3.05,topography,B,Not analized,,,geometric_mean_as_recorded,2.0,bindi2014_rhyp,5.0,2015-01-01
327,7,0.0005188590340247101,1,485,KO.KUMB.--,KO,KUMB,,TR,40.8626,27.4592,25.0,599.0,9.18,topography,B,Not analized,,,geometric_mean_as_recorded,2.0,bindi2014_rhyp,5.0,2015-01-01
328,22,-0.061053963279677825,1,485,KO.KUSD.--,KO,KUSD,,TR,37.8606,27.2868,323.0,477.0,4.68,topography,B,Not analized,,,geometric_mean_as_recorded,2.0,bindi2014_rhyp,5.0,2015-01-01
329,12,0.29799960349241805,1,485,KO.KYHL.--,KO,KYHL,,TR,40.3244,37.8955,1568.0,693.0,12.09,topography,B,Not analized,,,geometric_mean_as_recorded,2.0,bindi2014_rhyp,5.0,2015-01-01
330,12,0.21462616818705688,1,485,KO.LAPK.--,KO,LAPK,,TR,40.3151,26.6425,2.0,345.0,1.51,topography,C,Not analized,,,geometric_mean_as_recorded,2.0,bindi2014_rhyp,5.0,2015-01-01
331,10,-0.2942956170915382,1,485,KO.MAEG.--,KO,MAEG,,TR,40.9653,27.9448,2.0,332.0,1.25,topography,C,Not analized,,,geometric_mean_as_recorded,2.0,bindi2014_rhyp,5.0,2015-01-01
332,10,-0.025656541093026508,1,485,KO.MDNY.--,KO,MDNY,,TR,40.3709,28.8846,116.0,769.0,14.64,topography,B,Not analized,,,geometric_mean_as_recorded,2.0,bindi2014_rhyp,5.0,2015-01-01
333,29,-0.03754772540968587,1,485,KO.NAZL.--,KO,NAZL,,TR,37.9641,28.2922,510.0,633.0,10.36,topography,B,Not analized,,,geometric_mean_as_recorded,2.0,bindi2014_rhyp,5.0,2015-01-01
334,15,0.11462151895557504,1,485,KO.ODEM.--,KO,ODEM,,TR,38.2762,28.0747,797.0,817.0,17.95,topography,A,Not analized,,,geometric_mean_as_recorded,2.0,bindi2014_rhyp,5.0,2015-01-01
335,28,0.15039249131915833,1,485,KO.ORLT.--,KO,ORLT,,TR,40.0452,28.8914,650.0,753.0,13.79,topography,B,Not analized,,,geometric_mean_as_recorded,2.0,bindi2014_rhyp,5.0,2015-01-01
336,13,-0.03634165142732504,1,485,KO.OSMT.--,KO,OSMT,,TR,40.6009,29.7,798.0,558.0,7.62,topography,B,Not analized,,,geometric_mean_as_recorded,2.0,bindi2014_rhyp,5.0,2015-01-01
337,4,0.19570693330466854,1,485,KO.RFHY.--,KO,RFHY,,TR,39.927,38.833,1851.0,537.0,6.8,topography,B,Not analized,,,geometric_mean_as_recorded,2.0,bindi2014_rhyp,5.0,2015-01-01
338,9,0.2889952591445425,1,485,KO.SAUV.--,KO,SAUV,,TR,40.7401,30.3271,170.0,549.0,7.28,topography,B,Not analized,,,geometric_mean_as_recorded,2.0,bindi2014_rhyp,5.0,2015-01-01
339,7,-0.22048925471298775,1,485,KO.SEYD.--,KO,SEYD,,TR,37.4056,31.8379,1160.0,492.0,5.07,topography,B,Not analized,,,geometric_mean_as_recorded,2.0,bindi2014_rhyp,5.0,2015-01-01
340,23,-0.05816364227908832,1,485,KO.SHAP.--,KO,SHAP,,TR,39.0231,29.222,1050.0,710.0,12.58,topography,B,Not analized,,,geometric_mean_as_recorded,2.0,bindi2014_rhyp,5.0,2015-01-01
341,6,0.30024093031199034,1,485,KO.SINB.--,KO,SINB,,TR,40.9998,28.5392,59.0,383.0,2.36,topography,B,Not analized,,,geometric_mean_as_recorded,2.0,bindi2014_rhyp,5.0,2015-01-01
342,4,0.10822163029672727,1,485,KO.SLFK.--,KO,SLFK,,TR,36.3925,33.9464,54.0,522.0,6.23,topography,B,Not analized,,,geometric_mean_as_recorded,2.0,bindi2014_rhyp,5.0,2015-01-01
343,10,0.263714174352518,1,485,KO.SLVT.--,KO,SLVT,,TR,41.2288,28.2098,180.0,507.0,5.66,topography,B,Not analized,,,geometric_mean_as_recorded,2.0,bindi2014_rhyp,5.0,2015-01-01
344,34,0.4235616512345737,1,485,KO.SMAA.--,KO,SMAA,,TR,39.1005,28.9805,804.0,293.0,0.58,topography,C,Not analized,,,geometric_mean_as_recorded,2.0,bindi2014_rhyp,5.0,2015-01-01
345,26,0.035301780884029466,1,485,KO.SOMA.--,KO,SOMA,,TR,39.1564,27.5341,243.0,714.0,12.69,topography,B,Not analized,,,geometric_mean_as_recorded,2.0,bindi2014_rhyp,5.0,2015-01-01
346,22,-0.14659344449550094,1,485,KO.SUSR.--,KO,SUSR,,TR,39.9627,28.0835,359.0,578.0,8.38,topography,B,Not analized,,,geometric_mean_as_recorded,2.0,bindi2014_rhyp,5.0,2015-01-01
347,10,0.2234642379966113,1,485,KO.TEKI.--,KO,TEKI,,TR,40.9862,27.5374,126.0,441.0,3.8,topography,B,Not analized,,,geometric_mean_as_recorded,2.0,bindi2014_rhyp,5.0,2015-01-01
348,7,0.4379159634255586,1,485,KO.TKR.--,KO,TKR,,TR,40.9893,27.5351,140.0,407.0,2.95,topography,B,Not analized,,,geometric_mean_as_recorded,2.0,bindi2014_rhyp,5.0,2015-01-01
349,5,0.04455883175426367,1,485,KO.TOS.--,KO,TOS,,TR,41.0362,34.0226,1046.0,543.0,7.03,topography,B,Not analized,,,geometric_mean_as_recorded,2.0,bindi2014_rhyp,5.0,2015-01-01
350,16,0.20882454813886725,1,485,KO.TUNC.--,KO,TUNC,,TR,39.6942,37.5388,1489.0,331.0,1.23,topography,C,Not analized,,,geometric_mean_as_recorded,2.0,bindi2014_rhyp,5.0,2015-01-01
351,3,-0.5466524419198225,1,485,KO.TUZL.--,KO,TUZL,,TR,40.8128,29.2657,12.0,278.0,0.48,topography,C,Not analized,,,geometric_mean_as_recorded,2.0,bindi2014_rhyp,5.0,2015-01-01
352,26,0.5333644628701804,1,485,KO.UKOP.--,KO,UKOP,,TR,41.1288,26.6323,70.0,380.0,2.28,topography,B,Not analized,,,geometric_mean_as_recorded,2.0,bindi2014_rhyp,5.0,2015-01-01
353,21,0.07172884882560371,1,485,KO.YENI.--,KO,YENI,,TR,39.9364,27.24216,278.0,362.0,1.85,topography,B,Not analized,,,geometric_mean_as_recorded,2.0,bindi2014_rhyp,5.0,2015-01-01
354,37,-0.09086453866650934,1,485,KO.YKAV.--,KO,YKAV,,TR,37.1246,27.2801,115.0,652.0,10.91,topography,B,Not analized,,,geometric_mean_as_recorded,2.0,bindi2014_rhyp,5.0,2015-01-01
355,4,0.2760060622003598,1,485,KO.YKBL.--,KO,YKBL,,TR,40.9908,28.6678,139.0,413.0,3.11,topography,B,Not analized,,,geometric_mean_as_recorded,2.0,bindi2014_rhyp,5.0,2015-01-01
356,8,0.2815225674871252,1,485,KO.YUVA.--,KO,YUVA,,TR,40.391,31.6872,1163.0,430.0,3.52,topography,B,Not analized,,,geometric_mean_as_recorded,2.0,bindi2014_rhyp,5.0,2015-01-01
357,4,-0.3079326222721094,1,485,ME.CEVME.00,ME,CEVME,00,ME,42.546741,18.917674,768.0,597.0,5.21,topography,B,Not analized,,,geometric_mean_as_recorded,2.0,bindi2014_rhyp,5.0,2015-01-01
358,3,-0.03186222406952688,1,485,ME.DAGME.00,ME,DAGME,00,ME,42.5684,19.0677,272.0,684.0,6.75,topography,B,Not analized,,,geometric_mean_as_recorded,2.0,bindi2014_rhyp,5.0,2015-01-01
359,6,-0.1156129852130725,1,485,ME.KOLME.00,ME,KOLME,00,ME,42.8505,19.5152,952.0,965.0,15.75,topography,A,Not analized,,,geometric_mean_as_recorded,2.0,bindi2014_rhyp,5.0,2015-01-01
360,4,-0.03687623386427519,1,485,ME.PLAV0.00,ME,PLAV0,00,ME,42.594478,19.958714,1274.0,1048.0,18.76,topography,A,Not analized,,,geometric_mean_as_recorded,2.0,bindi2014_rhyp,5.0,2015-01-01
1,3,0.05731715750436266,0,99,3A.MZ04.--,3A,MZ04,,IT,42.673895,13.29381,978.0,355.0,7.13,vs_profile,C,NO,,,geometric_mean_as_recorded,3.0,bindi2014_rhyp,5.0,2015-01-01
2,3,0.039083761210233964,0,99,3A.MZ08.--,3A,MZ08,,IT,42.63254,13.286562,897.0,670.0,2.62,vs_profile,B,NO,,,geometric_mean_as_recorded,3.0,bindi2014_rhyp,5.0,2015-01-01
3,3,0.11336844780387445,0,99,3A.MZ10.--,3A,MZ10,,IT,42.625117,13.29985,979.0,590.0,3.62,vs_profile,B,NO,,,geometric_mean_as_recorded,3.0,bindi2014_rhyp,5.0,2015-01-01
4,3,0.23968648532933645,0,99,3A.MZ12.--,3A,MZ12,,IT,42.628018,13.29179,958.0,500.0,2.08,vs_profile,B,NO,,,geometric_mean_as_recorded,3.0,bindi2014_rhyp,5.0,2015-01-01
5,3,-0.07086615827289613,0,99,3A.MZ24.--,3A,MZ24,,IT,42.655239,13.288519,912.0,348.0,2.67,vs_profile,C,NO,,,geometric_mean_as_recorded,3.0,bindi2014_rhyp,5.0,2015-01-01
6,3,0.14856829073997702,0,99,3A.MZ27.--,3A,MZ27,,IT,42.612412,13.296578,1007.0,422.0,12.2,vs_profile,B,NO,,,geometric_mean_as_recorded,3.0,bindi2014_rhyp,5.0,2015-01-01
7,3,0.2199761041691606,0,99,3A.MZ51.--,3A,MZ51,,IT,42.637948,13.285578,902.0,638.0,6.42,vs_profile,E,NO,,,geometric_mean_as_recorded,3.0,bindi2014_rhyp,5.0,2015-01-01
8,3,-0.01036780319450372,0,99,3A.MZ63.--,3A,MZ63,,IT,42.629805,13.323448,1071.0,562.0,6.22,vs_profile,B,NO,,,geometric_mean_as_recorded,3.0,bindi2014_rhyp,5.0,2015-01-01
208,5,0.071582161256466,0,99,IT.AMT.--,IT,AMT,,IT,42.6325,13.2866,933.0,670.0,2.62,vs_profile,B,YES,Fiberglass box,Pillar,geometric_mean_as_recorded,3.0,bindi2014_rhyp,5.0,2015-01-01
209,8,-0.26340332164385927,0,99,IT.AQA.--,IT,AQA,,IT,42.3755,13.3393,693.0,549.0,0.53,vs_profile,B,NO,Fiberglass box,Pillar,geometric_mean_as_recorded,3.0,bindi2014_rhyp,5.0,2015-01-01
210,9,-0.18636019890005423,0,99,IT.AQG.--,IT,AQG,,IT,42.3737,13.337,743.0,696.0,12.98,vs_profile,B,NO,Fiberglass box,Pillar,geometric_mean_as_recorded,3.0,bindi2014_rhyp,5.0,2015-01-01
211,8,0.07432389931067215,0,99,IT.ASP.--,IT,ASP,,IT,42.848,13.6479,89.0,599.0,2.03,vs_profile,B,NO,ENEL Box,Pillar,geometric_mean_as_recorded,3.0,bindi2014_rhyp,5.0,2015-01-01
212,9,0.37636682145877864,0,99,IT.BGR.--,IT,BGR,,IT,43.8895,11.9912,557.0,829.0,11.6,vs_profile,A,YES,Fiberglass box,Pillar,geometric_mean_as_recorded,3.0,bindi2014_rhyp,5.0,2015-01-01
213,10,-0.23361975463925527,0,99,IT.BRS.--,IT,BRS,,IT,42.3243,13.5902,977.0,444.0,7.03,vs_profile,E,NO,ENEL Box,Pillar,geometric_mean_as_recorded,3.0,bindi2014_rhyp,5.0,2015-01-01
214,7,0.6144763308096151,0,99,IT.BTT2.--,IT,BTT2,,IT,41.9983,13.5431,663.0,90.0,0.14,vs_profile,D,NO,ENEL Box,Pillar,geometric_mean_as_recorded,3.0,bindi2014_rhyp,5.0,2015-01-01
215,9,0.33329815455528206,0,99,IT.BVG.--,IT,BVG,,IT,42.9323,12.611,216.0,211.0,1.12,vs_profile,C,NO,ENEL Box,Pillar,geometric_mean_as_recorded,3.0,bindi2014_rhyp,5.0,2015-01-01
216,8,-0.17915112882398943,0,99,IT.BZZ.--,IT,BZZ,,IT,42.337,13.4685,640.0,679.0,0.87,vs_profile,B,YES,Small masonry building,Pillar,geometric_mean_as_recorded,3.0,bindi2014_rhyp,5.0,2015-01-01
217,9,-0.38352712317754994,0,99,IT.CLF.--,IT,CLF,,IT,43.0367,12.9204,701.0,145.0,1.4,vs_profile,D,NO,ENEL Box,Pillar,geometric_mean_as_recorded,3.0,bindi2014_rhyp,5.0,2015-01-01
218,9,-0.1860023716229582,0,99,IT.CPS.--,IT,CPS,,IT,42.2716,13.7583,580.0,732.0,5.1,vs_profile,B,NO,Fiberglass box,Pillar,geometric_mean_as_recorded,3.0,bindi2014_rhyp,5.0,2015-01-01
219,7,0.5589013093476014,0,99,IT.CSA.--,IT,CSA,,IT,43.008,12.5906,196.0,200.0,0.16,vs_profile,C,NO,Small masonry building,Pillar,geometric_mean_as_recorded,3.0,bindi2014_rhyp,5.0,2015-01-01
220,6,-0.0458599990081353,0,99,IT.CSD.--,IT,CSD,,IT,42.754,12.0035,494.0,466.0,10.18,vs_profile,B,NO,ENEL Box,Pillar,geometric_mean_as_recorded,3.0,bindi2014_rhyp,5.0,2015-01-01
221,8,-0.05917784249259001,0,99,IT.CSS.--,IT,CSS,,IT,41.4858,13.8231,175.0,648.0,17.2,vs_profile,B,NO,Small masonry building,Pillar,geometric_mean_as_recorded,3.0,bindi2014_rhyp,5.0,2015-01-01
222,9,-0.25589298902016716,0,99,IT.CTD.--,IT,CTD,,IT,42.3884,12.9477,484.0,407.0,12.11,vs_profile,B,NO,ENEL Box,Pillar,geometric_mean_as_recorded,3.0,bindi2014_rhyp,5.0,2015-01-01
223,4,0.25489419972362554,0,99,IT.FAZ.--,IT,FAZ,,IT,44.298,11.8907,72.0,292.0,0.24,vs_profile,C,NO,Fiberglass box,Pillar,geometric_mean_as_recorded,3.0,bindi2014_rhyp,5.0,2015-01-01
224,3,0.12174943000571764,0,99,IT.FOCC.--,IT,FOCC,,IT,42.9574,12.7079,283.0,593.0,1.62,vs_profile,B,NO,,,geometric_mean_as_recorded,3.0,bindi2014_rhyp,5.0,2015-01-01
225,9,-0.1654489231814116,0,99,IT.FOS.--,IT,FOS,,IT,43.0146,12.8351,965.0,565.0,1.85,vs_profile,B,NO,Fiberglass box,Pillar,geometric_mean_as_recorded,3.0,bindi2014_rhyp,5.0,2015-01-01
226,6,0.5428899449240739,0,99,IT.GBP.--,IT,GBP,,IT,43.3138,12.5894,426.0,224.0,0.66,vs_profile,C,NO,ENEL Box,Pillar,geometric_mean_as_recorded,3.0,bindi2014_rhyp,5.0,2015-01-01
227,9,-0.2501709550974182,0,99,IT.GSA.--,IT,GSA,,IT,42.4207,13.5194,1063.0,492.0,8.01,vs_profile,B,NO,Fiberglass box,Pillar,geometric_mean_as_recorded,3.0,bindi2014_rhyp,5.0,2015-01-01
228,10,-0.13619744897369526,0,99,IT.LSS.--,IT,LSS,,IT,42.5582,12.9689,1067.0,1091.0,26.5,vs_profile,A,YES,Fiberglass box,Pillar,geometric_mean_as_recorded,3.0,bindi2014_rhyp,5.0,2015-01-01
229,8,0.13453516425005668,0,99,IT.MCS.--,IT,MCS,,IT,43.9937,12.1067,249.0,568.0,8.64,vs_profile,B,NO,Fiberglass box,Pillar,geometric_mean_as_recorded,3.0,bindi2014_rhyp,5.0,2015-01-01
230,10,-0.1167886355144569,0,99,IT.MMP1.--,IT,MMP1,,IT,42.2492,12.7483,471.0,800.0,12.54,vs_profile,A,YES,Fiberglass box,Pillar,geometric_mean_as_recorded,3.0,bindi2014_rhyp,5.0,2015-01-01
231,7,-0.15944808761981888,0,99,IT.MNF.--,IT,MNF,,IT,43.0596,13.1844,644.0,1062.0,24.51,vs_profile,A,YES,Small masonry building,Pillar,geometric_mean_as_recorded,3.0,bindi2014_rhyp,5.0,2015-01-01
232,8,0.0330552508414446,0,99,IT.MSC.--,IT,MSC,,IT,42.5268,13.3508,1335.0,652.0,6.39,vs_profile,B,NO,Fiberglass box,Pillar,geometric_mean_as_recorded,3.0,bindi2014_rhyp,5.0,2015-01-01
233,7,-0.019318555338649755,0,99,IT.MSCT.--,IT,MSCT,,IT,42.526699,13.3509,1382.0,652.0,6.39,vs_profile,B,NO,Fiberglass box,Pillar,geometric_mean_as_recorded,3.0,bindi2014_rhyp,5.0,2015-01-01
234,10,0.11673646734113144,0,99,IT.MTL.--,IT,MTL,,IT,43.2494,13.0083,376.0,579.0,0.62,vs_profile,B,NO,ENEL Box,Pillar,geometric_mean_as_recorded,3.0,bindi2014_rhyp,5.0,2015-01-01
235,5,-0.2882843209827512,0,99,IT.MVB.--,IT,MVB,,IT,42.9619,12.257,363.0,1046.0,7.23,vs_profile,A,YES,Fiberglass box,Pillar,geometric_mean_as_recorded,3.0,bindi2014_rhyp,5.0,2015-01-01
236,8,0.08446007841114016,0,99,IT.NRC.--,IT,NRC,,IT,42.7925,13.0964,616.0,498.0,3.89,vs_profile,B,NO,Vault,Pillar,geometric_mean_as_recorded,3.0,bindi2014_rhyp,5.0,2015-01-01
237,8,-0.049863039961061124,0,99,IT.NRN.--,IT,NRN,,IT,42.5155,12.5194,306.0,811.0,16.9,vs_profile,A,YES,ENEL Box,Pillar,geometric_mean_as_recorded,3.0,bindi2014_rhyp,5.0,2015-01-01
238,8,-0.041900250708696914,0,99,IT.PAN.--,IT,PAN,,IT,43.0058,12.1436,334.0,980.0,13.61,vs_profile,A,YES,Fiberglass box,Pillar,geometric_mean_as_recorded,3.0,bindi2014_rhyp,5.0,2015-01-01
239,7,0.1963596637479688,0,99,IT.PSC.--,IT,PSC,,IT,41.812,13.7892,1241.0,1000.0,23.1,vs_profile,A,YES,Fiberglass box,Pillar,geometric_mean_as_recorded,3.0,bindi2014_rhyp,5.0,2015-01-01
240,7,-0.06479285452894448,0,99,IT.PZI1.--,IT,PZI1,,IT,42.4356,13.3262,908.0,705.0,7.68,vs_profile,B,NO,Small masonry building,Building basement,geometric_mean_as_recorded,3.0,bindi2014_rhyp,5.0,2015-01-01
241,5,0.0982084425848084,0,99,IT.RQT.--,IT,RQT,,IT,42.813,13.311,1188.0,805.0,4.42,vs_profile,A,NO,ENEL Box,Building basement,geometric_mean_as_recorded,3.0,bindi2014_rhyp,5.0,2015-01-01
242,8,-0.2528157517185213,0,99,IT.RTI.--,IT,RTI,,IT,42.4302,12.829,393.0,170.0,0.53,vs_profile,D,NO,ENEL Box,Pillar,geometric_mean_as_recorded,3.0,bindi2014_rhyp,5.0,2015-01-01
243,3,-0.03788060235718898,0,99,IT.SBC.--,IT,SBC,,IT,41.9132,13.1055,673.0,1298.0,17.31,vs_profile,A,YES,Fiberglass box,Pillar,geometric_mean_as_recorded,3.0,bindi2014_rhyp,5.0,2015-01-01
244,7,-0.05167596485462072,0,99,IT.SDM.--,IT,SDM,,IT,42.2897,13.5577,666.0,752.0,7.17,vs_profile,B,YES,ENEL Box,Pillar,geometric_mean_as_recorded,3.0,bindi2014_rhyp,5.0,2015-01-01
245,7,0.2603650973892642,0,99,IT.SNG.--,IT,SNG,,IT,43.6855,13.2261,85.0,258.0,2.56,vs_profile,C,NO,ENEL Box,Pillar,geometric_mean_as_recorded,3.0,bindi2014_rhyp,5.0,2015-01-01
246,9,0.38642470098815873,0,99,IT.SULA.--,IT,SULA,,IT,42.0734,13.9166,412.0,297.0,0.63,vs_profile,C,NO,Small masonry building,Building basement,geometric_mean_as_recorded,3.0,bindi2014_rhyp,5.0,2015-01-01
247,10,0.030936438545540325,0,99,IT.SULP.--,IT,SULP,,IT,42.085,13.9274,405.0,275.0,1.99,vs_profile,C,NO,Small masonry building,Building basement,geometric_mean_as_recorded,3.0,bindi2014_rhyp,5.0,2015-01-01
248,9,-0.010822068668979896,0,99,IT.TER.--,IT,TER,,IT,42.6565,13.6895,317.0,649.0,11.37,vs_profile,B,NO,Fiberglass box,Pillar,geometric_mean_as_recorded,3.0,bindi2014_rhyp,5.0,2015-01-01
249,9,-0.07065234345836521,0,99,IT.TRL.--,IT,TRL,,IT,42.4613,12.9323,1226.0,380.0,11.41,vs_profile,B,NO,Small masonry building,Pillar,geometric_mean_as_recorded,3.0,bindi2014_rhyp,5.0,2015-01-01
250,7,0.08358633166246712,0,99,IT.TVL.--,IT,TVL,,IT,41.893,12.7732,118.0,314.0,2.35,vs_profile,C,NO,ENEL Box,Pillar,geometric_mean_as_recorded,3.0,bindi2014_rhyp,5.0,2015-01-01
251,10,0.16095660953972038,0,99,IV.CAFE.--,IV,CAFE,,IT,41.028,15.2366,1070.0,622.0,10.33,vs_profile,B,NO,Vault,Pillar,geometric_mean_as_recorded,3.0,bindi2014_rhyp,5.0,2015-01-01
252,4,-0.0792660390020638,0,99,IV.CDCA.--,IV,CDCA,,IT,43.4584,12.2336,50.0,277.0,0.62,vs_profile,C,NO,Box,Pillar,geometric_mean_as_recorded,3.0,bindi2014_rhyp,5.0,2015-01-01
253,9,0.574895079501827,0,99,IV.CIMA.--,IV,CIMA,,IT,43.305297,13.670091,163.0,443.0,8.93,vs_profile,B,NO,Fiberglass box,Directly on the ground,geometric_mean_as_recorded,3.0,bindi2014_rhyp,5.0,2015-01-01
254,6,-0.3045445927695939,0,99,IV.FERS.--,IV,FERS,,IT,44.9035,11.5406,3.0,184.0,0.11,vs_profile,C,NO,,,geometric_mean_as_recorded,3.0,bindi2014_rhyp,5.0,2015-01-01
255,10,-0.10448152574413236,0,99,IV.FIAM.--,IV,FIAM,,IT,42.26802,13.11718,1070.0,790.0,25.39,vs_profile,B,YES,Vault,Pillar,geometric_mean_as_recorded,3.0,bindi2014_rhyp,5.0,2015-01-01
256,6,0.11039206627432463,0,99,IV.GUMA.--,IV,GUMA,,IT,43.0627,13.3352,574.0,488.0,6.9,vs_profile,B,NO,Vault,Pillar,geometric_mean_as_recorded,3.0,bindi2014_rhyp,5.0,2015-01-01
257,6,0.03193180648992641,0,99,IV.INTR.--,IV,INTR,,IT,42.01154,13.9046,924.0,685.0,8.98,vs_profile,B,NO,Vault,Pillar,geometric_mean_as_recorded,3.0,bindi2014_rhyp,5.0,2015-01-01
258,11,0.22068153537528126,0,99,IV.MRB1.--,IV,MRB1,,IT,41.1227,14.96815,688.0,448.0,17.16,vs_profile,B,NO,Vault,Pillar,geometric_mean_as_recorded,3.0,bindi2014_rhyp,5.0,2015-01-01
259,7,-0.17220909817073377,0,99,IV.MRLC.--,IV,MRLC,,IT,40.7564,15.48892,605.0,861.0,29.37,vs_profile,A,YES,,,geometric_mean_as_recorded,3.0,bindi2014_rhyp,5.0,2015-01-01
260,4,-0.24370979448031266,0,99,IV.NDIM.--,IV,NDIM,,IT,44.8873,10.8987,19.0,208.0,0.05,vs_profile,C,NO,,,geometric_mean_as_recorded,3.0,bindi2014_rhyp,5.0,2015-01-01
261,3,0.2877928993240736,0,99,IV.NEVI.--,IV,NEVI,,IT,44.5834,10.3163,480.0,367.0,5.09,vs_profile,B,NO,,Directly on the ground,geometric_mean_as_recorded,3.0,bindi2014_rhyp,5.0,2015-01-01
262,3,-0.13280484096844028,0,99,IV.NRCA.--,IV,NRCA,,IT,42.83355,13.11427,927.0,591.0,19.29,vs_profile,B,NO,Box,Building floor,geometric_mean_as_recorded,3.0,bindi2014_rhyp,5.0,2015-01-01
263,11,-0.011517698427378521,0,99,IV.POFI.--,IV,POFI,,IT,41.71743,13.71202,878.0,1280.0,2.2,vs_profile,A,YES,Vault,Pillar,geometric_mean_as_recorded,3.0,bindi2014_rhyp,5.0,2015-01-01
264,3,0.23684840463483176,0,99,IV.ROM9.--,IV,ROM9,,IT,41.82842,12.51553,110.0,605.0,1.53,vs_profile,B,NO,Box,Pillar,geometric_mean_as_recorded,3.0,bindi2014_rhyp,5.0,2015-01-01
265,10,0.06954149037027801,0,99,IV.SACS.--,IV,SACS,,IT,42.84906,11.90967,845.0,692.0,1.59,vs_profile,B,YES,Vault,Pillar,geometric_mean_as_recorded,3.0,bindi2014_rhyp,5.0,2015-01-01
266,8,-0.298482574746959,0,99,IV.SEF1.--,IV,SEF1,,IT,43.14683,12.94762,518.0,485.0,15.69,vs_profile,E,NO,Fiberglass box,Directly on the ground,geometric_mean_as_recorded,3.0,bindi2014_rhyp,5.0,2015-01-01
267,6,0.3384861605662903,0,99,IV.SENI.--,IV,SENI,,IT,43.7052,13.2331,10.0,242.0,0.27,vs_profile,C,NO,Borehole,,geometric_mean_as_recorded,3.0,bindi2014_rhyp,5.0,2015-01-01
268,7,-0.044921451882728246,0,99,IV.SGTA.--,IV,SGTA,,IT,41.135,15.365,890.0,400.0,3.28,vs_profile,B,YES,,,geometric_mean_as_recorded,3.0,bindi2014_rhyp,5.0,2015-01-01
269,10,0.3247281330366795,0,99,IV.SNAL.--,IV,SNAL,,IT,40.92542,15.20908,874.0,728.0,12.1,vs_profile,B,NO,,,geometric_mean_as_recorded,3.0,bindi2014_rhyp,5.0,2015-01-01
270,8,-0.1038769369900227,0,99,IV.TERO.--,IV,TERO,,IT,42.62279,13.60393,673.0,912.0,19.67,vs_profile,A,YES,Vault,Pillar,geometric_mean_as_recorded,3.0,bindi2014_rhyp,5.0,2015-01-01
271,5,0.06574085640970827,0,99,IV.VENL.--,IV,VENL,,IT,45.4167,12.3765,4.0,245.0,0.48,vs_profile,C,NO,Unknown,,geometric_mean_as_recorded,3.0,bindi2014_rhyp,5.0,2015-01-01
272,3,0.012935492152964266,0,99,IX.AND3.01,IX,AND3,01,IT,40.9298,15.3331,905.0,296.0,5.01,vs_profile,C,Not analized,,,geometric_mean_as_recorded,3.0,bindi2014_rhyp,5.0,2015-01-01
361,3,-0.7979420309945306,0,99,SL.BOJS.--,SL,BOJS,,SI,45.5043,15.2518,252.0,578.0,4.79,topography,B,Not analized,,,geometric_mean_as_recorded,3.0,bindi2014_rhyp,5.0,2015-01-01
362,3,-0.36280584471802063,0,99,SL.CADS.--,SL,CADS,,SI,46.2281,13.7368,751.0,920.0,14.1,topography,A,Not analized,,,geometric_mean_as_recorded,3.0,bindi2014_rhyp,5.0,2015-01-01
363,3,-0.44506564227479667,0,99,SL.CEY.--,SL,CEY,,SI,45.7381,14.4221,579.0,778.0,8.66,topography,B,Not analized,,,geometric_mean_as_recorded,3.0,bindi2014_rhyp,5.0,2015-01-01
364,3,-0.6164772443634042,0,99,SL.CRES.--,SL,CRES,,SI,45.826,15.4569,431.0,980.0,16.31,topography,A,Not analized,,,geometric_mean_as_recorded,3.0,bindi2014_rhyp,5.0,2015-01-01
365,3,-0.3004579987987902,0,99,SL.CRNS.--,SL,CRNS,,SI,46.0807,14.2613,712.0,960.0,15.58,topography,A,Not analized,,,geometric_mean_as_recorded,3.0,bindi2014_rhyp,5.0,2015-01-01
366,3,-0.29826702618400563,0,99,SL.GORS.--,SL,GORS,,SI,46.3174,13.9999,1048.0,1670.0,16.57,vs_profile,A,Not analized,,,geometric_mean_as_recorded,3.0,bindi2014_rhyp,5.0,2015-01-01
367,3,-0.16478300068096063,0,99,SL.LJU.--,SL,LJU,,SI,46.0438,14.5278,396.0,846.0,11.28,topography,A,Not analized,,,geometric_mean_as_recorded,3.0,bindi2014_rhyp,5.0,2015-01-01
368,3,0.05300699350457791,0,99,SL.MOZS.--,SL,MOZS,,SI,46.2941,14.4433,660.0,871.0,12.23,topography,A,Not analized,,,geometric_mean_as_recorded,3.0,bindi2014_rhyp,5.0,2015-01-01
369,3,-0.5389131656642964,0,99,SL.SKDS.--,SL,SKDS,,SI,45.5464,14.0143,552.0,661.0,6.37,topography,B,Not analized,,,geometric_mean_as_recorded,3.0,bindi2014_rhyp,5.0,2015-01-01
370,3,-0.6860818864471634,0,99,SL.VISS.--,SL,VISS,,SI,45.8033,14.8393,399.0,792.0,9.22,topography,B,Not analized,,,geometric_mean_as_recorded,3.0,bindi2014_rhyp,5.0,2015-01-01
371,3,-0.2051065169126579,0,99,SL.VNDS.--,SL,VNDS,,SI,46.1016,14.7014,531.0,805.0,9.72,topography,A,Not analized,,,geometric_mean_as_recorded,3.0,bindi2014_rhyp,5.0,2015-01-01
9,4,0.5135396939211626,1,485,AC.DURR.00,AC,DURR,00,AL,41.3199,19.4573,,301.0,0.37,topography,C,Not analized,Fiberglass box,Pillar,geometric_mean_as_recorded,3.0,bindi2014_rhyp,5.0,2015-01-01
10,3,0.06268543834269907,1,485,AC.HIMA.00,AC,HIMA,00,AL,40.089,19.7582,,987.0,16.58,topography,A,Not analized,Small masonry building,Building floor,geometric_mean_as_recorded,3.0,bindi2014_rhyp,5.0,2015-01-01
11,15,-0.13563493696020834,1,485,CL.AGRP.00,CL,AGRP,00,GR,38.3959,21.72277,282.0,556.0,4.32,topography,B,Not analized,,,geometric_mean_as_recorded,3.0,bindi2014_rhyp,5.0,2015-01-01
12,18,0.43865912226583953,1,485,CL.MALA.01,CL,MALA,01,GR,38.39341,21.87263,7.0,363.0,1.07,topography,B,Not analized,,,geometric_mean_as_recorded,3.0,bindi2014_rhyp,5.0,2015-01-01
13,39,0.04392844303895066,1,485,CL.ROD3.00,CL,ROD3,00,GR,38.30811,21.89204,448.0,514.0,3.39,topography,B,Not analized,,,geometric_mean_as_recorded,3.0,bindi2014_rhyp,5.0,2015-01-01
14,20,0.027887269940422454,1,485,CL.TRIZ.00,CL,TRIZ,00,GR,38.36543,22.07272,59.0,729.0,7.48,topography,B,Not analized,,,geometric_mean_as_recorded,3.0,bindi2014_rhyp,5.0,2015-01-01
15,17,-0.010947004291665396,1,485,GE.IMMV.--,GE,IMMV,,GR,35.4606,23.9811,230.0,1121.0,21.31,topography,A,Not analized,,,geometric_mean_as_recorded,3.0,bindi2014_rhyp,5.0,2015-01-01
16,23,-0.2563816716800996,1,485,GE.KARP.--,GE,KARP,,GR,35.5471,27.16106,524.0,835.0,10.88,topography,A,Not analized,,,geometric_mean_as_recorded,3.0,bindi2014_rhyp,5.0,2015-01-01
17,20,-0.06067597401702152,1,485,GE.KTHA.--,GE,KTHA,,GR,36.2566,23.0621,360.0,692.0,6.87,topography,B,Not analized,,,geometric_mean_as_recorded,3.0,bindi2014_rhyp,5.0,2015-01-01
18,17,0.16277608447609154,1,485,HA.AIGS.--,HA,AIGS,,GR,38.25001,22.0878,99.0,399.0,1.58,topography,B,Not analized,,,geometric_mean_as_recorded,3.0,bindi2014_rhyp,5.0,2015-01-01
19,15,-1.38789824608161,1,485,HA.ATHU.--,HA,ATHU,,GR,37.9665,23.7845,308.0,648.0,6.16,topography,B,Not analized,,,geometric_mean_as_recorded,3.0,bindi2014_rhyp,5.0,2015-01-01
20,5,-0.09885178870480693,1,485,HA.DRES.--,HA,DRES,,GR,38.319719,21.853176,80.0,527.0,3.68,topography,B,Not analized,,,geometric_mean_as_recorded,3.0,bindi2014_rhyp,5.0,2015-01-01
21,16,0.2450015237230343,1,485,HA.KIAS.--,HA,KIAS,,GR,37.9875,22.7543,100.0,344.0,0.85,topography,C,Not analized,,,geometric_mean_as_recorded,3.0,bindi2014_rhyp,5.0,2015-01-01
22,8,0.15076007375028833,1,485,HA.LTRS.--,HA,LTRS,,GR,37.97528,22.9765,3.0,535.0,3.84,topography,B,Not analized,,,geometric_mean_as_recorded,3.0,bindi2014_rhyp,5.0,2015-01-01
23,9,0.4737968814300148,1,485,HA.XLKS.--,HA,XLKS,,GR,38.0772,22.6361,6.0,379.0,1.3,topography,B,Not analized,,,geometric_mean_as_recorded,3.0,bindi2014_rhyp,5.0,2015-01-01
24,19,-0.2573887176435803,1,485,HC.ABEA.--,HC,ABEA,,GR,35.5163,24.0113,9.0,466.0,2.52,topography,B,Not analized,,,geometric_mean_as_recorded,3.0,bindi2014_rhyp,5.0,2015-01-01
25,30,-0.11108283248067163,1,485,HC.ATEI.--,HC,ATEI,,GR,35.5193,24.0432,59.0,406.0,1.67,topography,B,Not analized,,,geometric_mean_as_recorded,3.0,bindi2014_rhyp,5.0,2015-01-01
26,8,-0.08101638203609451,1,485,HC.DEYA.--,HC,DEYA,,GR,35.4825,24.014,41.0,352.0,0.94,topography,C,Not analized,,,geometric_mean_as_recorded,3.0,bindi2014_rhyp,5.0,2015-01-01
27,8,0.007949432772833998,1,485,HC.G0LD.--,HC,G0LD,,GR,35.4955,24.0306,15.0,342.0,0.83,topography,C,Not analized,,,geometric_mean_as_recorded,3.0,bindi2014_rhyp,5.0,2015-01-01
28,9,-0.11220717279320636,1,485,HC.LENT.--,HC,LENT,,GR,35.5074,24.0402,76.0,436.0,2.1,topography,B,Not analized,,,geometric_mean_as_recorded,3.0,bindi2014_rhyp,5.0,2015-01-01
29,4,0.04328524340457851,1,485,HC.MULT.--,HC,MULT,,GR,35.5091,24.0118,18.0,472.0,2.61,topography,B,Not analized,,,geometric_mean_as_recorded,3.0,bindi2014_rhyp,5.0,2015-01-01
30,10,-0.020061578286592052,1,485,HC.NERO.--,HC,NERO,,GR,35.474,24.0423,77.0,927.0,14.34,topography,A,Not analized,,,geometric_mean_as_recorded,3.0,bindi2014_rhyp,5.0,2015-01-01
31,24,0.08890148808614784,1,485,HC.PASK.--,HC,PASK,,GR,35.4996,24.0121,18.0,429.0,2.01,topography,B,Not analized,,,geometric_mean_as_recorded,3.0,bindi2014_rhyp,5.0,2015-01-01
32,13,-0.2804619141185054,1,485,HC.POLY.--,HC,POLY,,GR,35.5226,24.0602,160.0,429.0,2.0,topography,B,Not analized,,,geometric_mean_as_recorded,3.0,bindi2014_rhyp,5.0,2015-01-01
33,13,0.5577068056029109,1,485,HI.AGR3.--,HI,AGR3,,GR,38.5893,21.4162,50.0,474.0,2.63,topography,B,Not analized,,,geometric_mean_as_recorded,3.0,bindi2014_rhyp,5.0,2015-01-01
34,7,-0.1421903445165471,1,485,HI.AIA1.--,HI,AIA1,,GR,40.1641,21.8202,448.0,440.0,2.16,topography,B,Not analized,,,geometric_mean_as_recorded,3.0,bindi2014_rhyp,5.0,2015-01-01
35,9,0.08868142150894703,1,485,HI.AIG2.--,HI,AIG2,,GR,38.2417,22.0726,116.0,454.0,2.36,topography,B,Not analized,,,geometric_mean_as_recorded,3.0,bindi2014_rhyp,5.0,2015-01-01
36,9,0.15485108965507866,1,485,HI.AKR1.--,HI,AKR1,,GR,38.153583,22.31326,124.0,817.0,10.16,topography,A,Not analized,,,geometric_mean_as_recorded,3.0,bindi2014_rhyp,5.0,2015-01-01
37,8,0.23920433835401506,1,485,HI.ALX2.--,HI,ALX2,,GR,40.845417,25.873947,0.0,387.0,1.42,topography,B,Not analized,,,geometric_mean_as_recorded,3.0,bindi2014_rhyp,5.0,2015-01-01
38,12,0.37321648258820855,1,485,HI.AOL1.--,HI,AOL1,,GR,37.642378,21.624555,45.0,684.0,6.74,topography,B,Not analized,,,geometric_mean_as_recorded,3.0,bindi2014_rhyp,5.0,2015-01-01
39,4,-0.2581146875485636,1,485,HI.ARE2.--,HI,ARE2,,GR,36.66629,22.382635,255.0,363.0,1.07,topography,B,Not analized,,,geometric_mean_as_recorded,3.0,bindi2014_rhyp,5.0,2015-01-01
40,37,-0.04560725128061949,1,485,HI.ARG2.--,HI,ARG2,,GR,38.1783,20.4878,6.0,417.0,1.83,topography,B,Not analized,,,geometric_mean_as_recorded,3.0,bindi2014_rhyp,5.0,2015-01-01
41,31,0.0906844331297782,1,485,HI.ARK1.--,HI,ARK1,,GR,35.148777,25.264194,390.0,497.0,3.02,topography,B,Not analized,,,geometric_mean_as_recorded,3.0,bindi2014_rhyp,5.0,2015-01-01
42,37,0.07522840381013496,1,485,HI.ARS1.--,HI,ARS1,,GR,37.6349,22.7293,34.0,362.0,1.05,topography,B,Not analized,,,geometric_mean_as_recorded,3.0,bindi2014_rhyp,5.0,2015-01-01
43,35,-0.22153666623153212,1,485,HI.ART2.--,HI,ART2,,GR,39.1474,20.9937,191.0,643.0,6.09,topography,B,Not analized,,,geometric_mean_as_recorded,3.0,bindi2014_rhyp,5.0,2015-01-01
44,16,-0.020556906747805415,1,485,HI.AST1.--,HI,AST1,,GR,38.5416,21.0895,4.0,782.0,8.82,topography,B,Not analized,,,geometric_mean_as_recorded,3.0,bindi2014_rhyp,5.0,2015-01-01
45,35,-0.0828047090307078,1,485,HI.ATH5.--,HI,ATH5,,GR,37.975421,23.737098,99.0,576.0,4.74,topography,B,Not analized,,,geometric_mean_as_recorded,3.0,bindi2014_rhyp,5.0,2015-01-01
46,35,-0.10304488646649124,1,485,HI.CH01.--,HI,CH01,,GR,35.517,24.0208,0.0,327.0,0.67,topography,C,Not analized,,,geometric_mean_as_recorded,3.0,bindi2014_rhyp,5.0,2015-01-01
47,25,-0.02004918628313357,1,485,HI.CH02.--,HI,CH02,,GR,35.5145,24.0315,8.0,366.0,1.11,topography,B,Not analized,,,geometric_mean_as_recorded,3.0,bindi2014_rhyp,5.0,2015-01-01
48,25,-0.21283737320781315,1,485,HI.CH03.--,HI,CH03,,GR,35.53303,24.0705,127.0,516.0,3.43,topography,B,Not analized,,,geometric_mean_as_recorded,3.0,bindi2014_rhyp,5.0,2015-01-01
49,7,-0.26907769331550724,1,485,HI.DRA2.--,HI,DRA2,,GR,41.1593,24.1485,167.0,388.0,1.42,topography,B,Not analized,,,geometric_mean_as_recorded,3.0,bindi2014_rhyp,5.0,2015-01-01
50,9,-0.10915042902285876,1,485,HI.FLO2.--,HI,FLO2,,GR,40.7801,21.4052,664.0,449.0,2.29,topography,B,Not analized,,,geometric_mean_as_recorded,3.0,bindi2014_rhyp,5.0,2015-01-01
51,15,-0.24665721800808615,1,485,HI.FRS1.--,HI,FRS1,,GR,39.2934,22.3844,162.0,732.0,7.52,topography,B,Not analized,,,geometric_mean_as_recorded,3.0,bindi2014_rhyp,5.0,2015-01-01
52,30,0.0761204753022861,1,485,HI.GOR1.--,HI,GOR1,,GR,35.0582,24.9628,159.0,528.0,3.7,topography,B,Not analized,,,geometric_mean_as_recorded,3.0,bindi2014_rhyp,5.0,2015-01-01
53,13,-0.2195161026406205,1,485,HI.GRE3.--,HI,GRE3,,GR,40.08481,21.43829,517.0,335.0,0.75,topography,C,Not analized,,,geometric_mean_as_recorded,3.0,bindi2014_rhyp,5.0,2015-01-01
54,10,0.056433476020002316,1,485,HI.GTH2.--,HI,GTH2,,GR,36.7603,22.5659,0.0,579.0,4.82,topography,B,Not analized,,,geometric_mean_as_recorded,3.0,bindi2014_rhyp,5.0,2015-01-01
55,27,0.23838667805260222,1,485,HI.HER1.--,HI,HER1,,GR,35.317672,25.10217,54.0,433.0,2.06,topography,B,Not analized,,,geometric_mean_as_recorded,3.0,bindi2014_rhyp,5.0,2015-01-01
56,22,0.16152145839525084,1,485,HI.HER3.--,HI,HER3,,GR,35.3296,25.1065,7.0,379.0,1.3,topography,B,Not analized,,,geometric_mean_as_recorded,3.0,bindi2014_rhyp,5.0,2015-01-01
57,13,0.005446853973878563,1,485,HI.ITC1.--,HI,ITC1,,GR,38.3647,20.7156,0.0,834.0,10.85,topography,A,Not analized,,,geometric_mean_as_recorded,3.0,bindi2014_rhyp,5.0,2015-01-01
58,14,-0.2916498613948968,1,485,HI.ITS1.--,HI,ITS1,,GR,40.605,23.0123,173.0,429.0,2.0,topography,B,Not analized,,,geometric_mean_as_recorded,3.0,bindi2014_rhyp,5.0,2015-01-01
59,15,-0.1681364352930378,1,485,HI.JAN2.--,HI,JAN2,,GR,39.664,20.85222,503.0,562.0,4.45,topography,B,Not analized,,,geometric_mean_as_recorded,3.0,bindi2014_rhyp,5.0,2015-01-01
60,17,-0.16503332077346788,1,485,HI.JAN3.--,HI,JAN3,,GR,39.684,20.8379,481.0,409.0,1.72,topography,B,Not analized,,,geometric_mean_as_recorded,3.0,bindi2014_rhyp,5.0,2015-01-01
61,12,0.31784031964839876,1,485,HI.KAC1.--,HI,KAC1,,GR,38.143412,21.549694,31.0,311.0,0.49,topography,C,Not analized,,,geometric_mean_as_recorded,3.0,bindi2014_rhyp,5.0,2015-01-01
62,14,0.6162979870471479,1,485,HI.KAR2.--,HI,KAR2,,GR,39.365759,21.91933,106.0,482.0,2.75,topography,B,Not analized,,,geometric_mean_as_recorded,3.0,bindi2014_rhyp,5.0,2015-01-01
63,12,-0.15138939366563742,1,485,HI.KAS2.--,HI,KAS2,,GR,40.504878,21.280507,644.0,587.0,4.99,topography,B,Not analized,,,geometric_mean_as_recorded,3.0,bindi2014_rhyp,5.0,2015-01-01
64,17,-0.18933487621303768,1,485,HI.KIF1.--,HI,KIF1,,GR,38.077273,23.814551,310.0,353.0,0.95,topography,C,Not analized,,,geometric_mean_as_recorded,3.0,bindi2014_rhyp,5.0,2015-01-01
65,19,-0.008137547649376131,1,485,HI.KIS1.--,HI,KIS1,,GR,35.493933,23.658993,24.0,497.0,3.02,topography,B,Not analized,,,geometric_mean_as_recorded,3.0,bindi2014_rhyp,5.0,2015-01-01
66,12,0.20976451330862772,1,485,HI.KLR1.--,HI,KLR1,,GR,40.58251,22.949554,28.0,364.0,1.09,topography,B,Not analized,,,geometric_mean_as_recorded,3.0,bindi2014_rhyp,5.0,2015-01-01
67,47,-0.09195801009278426,1,485,HI.KLV1.--,HI,KLV1,,GR,38.03256,22.10797,717.0,465.0,2.52,topography,B,Not analized,,,geometric_mean_as_recorded,3.0,bindi2014_rhyp,5.0,2015-01-01
68,6,0.3004029701073482,1,485,HI.KMT1.--,HI,KMT1,,GR,41.1159,25.4066,53.0,338.0,0.79,topography,C,Not analized,,,geometric_mean_as_recorded,3.0,bindi2014_rhyp,5.0,2015-01-01
69,12,0.036096248636040995,1,485,HI.KNS1.--,HI,KNS1,,GR,40.048,20.7524,621.0,900.0,13.34,topography,A,Not analized,,,geometric_mean_as_recorded,3.0,bindi2014_rhyp,5.0,2015-01-01
70,19,0.3637130020687423,1,485,HI.KOR2.--,HI,KOR2,,GR,37.9401,22.9495,35.0,508.0,3.25,topography,B,Not analized,,,geometric_mean_as_recorded,3.0,bindi2014_rhyp,5.0,2015-01-01
71,7,0.19806882425179445,1,485,HI.KOS2.--,HI,KOS2,,GR,36.8941,27.2888,10.0,489.0,2.85,topography,B,Not analized,,,geometric_mean_as_recorded,3.0,bindi2014_rhyp,5.0,2015-01-01
72,10,-0.29241182060452997,1,485,HI.KOZ2.--,HI,KOZ2,,GR,40.295728,21.788123,731.0,551.0,4.21,topography,B,Not analized,,,geometric_mean_as_recorded,3.0,bindi2014_rhyp,5.0,2015-01-01
73,21,0.09566838060319632,1,485,HI.KRI1.--,HI,KRI1,,GR,37.6621,20.8172,185.0,882.0,12.65,topography,A,Not analized,,,geometric_mean_as_recorded,3.0,bindi2014_rhyp,5.0,2015-01-01
74,35,-0.045794381218609126,1,485,HI.KRK1.--,HI,KRK1,,GR,39.618861,19.9202,10.0,421.0,1.89,topography,B,Not analized,,,geometric_mean_as_recorded,3.0,bindi2014_rhyp,5.0,2015-01-01
75,55,-0.022686362029849083,1,485,HI.KRL1.--,HI,KRL1,,GR,37.7951,26.7065,14.0,644.0,6.1,topography,B,Not analized,,,geometric_mean_as_recorded,3.0,bindi2014_rhyp,5.0,2015-01-01
76,32,-0.3741305072645219,1,485,HI.KSS1.--,HI,KSS1,,GR,35.4189,26.9207,0.0,767.0,8.25,topography,B,Not analized,,,geometric_mean_as_recorded,3.0,bindi2014_rhyp,5.0,2015-01-01
77,19,-0.35262475990889486,1,485,HI.KTL1.--,HI,KTL1,,GR,35.20778,25.34272,390.0,327.0,0.67,topography,C,Not analized,,,geometric_mean_as_recorded,3.0,bindi2014_rhyp,5.0,2015-01-01
78,7,-0.004587994222459146,1,485,HI.KYP2.--,HI,KYP2,,GR,37.2497,21.667,34.0,417.0,1.84,topography,B,Not analized,,,geometric_mean_as_recorded,3.0,bindi2014_rhyp,5.0,2015-01-01
79,34,-0.021338014681083872,1,485,HI.LAM2.--,HI,LAM2,,GR,38.90203,22.431301,112.0,767.0,8.23,topography,B,Not analized,,,geometric_mean_as_recorded,3.0,bindi2014_rhyp,5.0,2015-01-01
80,15,0.5734514241796256,1,485,HI.LAR4.--,HI,LAR4,,GR,39.6422,22.4219,84.0,407.0,1.69,topography,B,Not analized,,,geometric_mean_as_recorded,3.0,bindi2014_rhyp,5.0,2015-01-01
81,19,0.3682845771728961,1,485,HI.LEF2.--,HI,LEF2,,GR,38.830093,20.708346,5.0,311.0,0.49,topography,C,Not analized,,,geometric_mean_as_recorded,3.0,bindi2014_rhyp,5.0,2015-01-01
82,6,0.013737817690063214,1,485,HI.LEO1.--,HI,LEO1,,GR,37.1689,22.8637,57.0,863.0,11.94,topography,A,Not analized,,,geometric_mean_as_recorded,3.0,bindi2014_rhyp,5.0,2015-01-01
83,18,-0.24719942287191354,1,485,HI.LMN1.--,HI,LMN1,,GR,39.875,25.0588,2.0,603.0,5.34,topography,B,Not analized,,,geometric_mean_as_recorded,3.0,bindi2014_rhyp,5.0,2015-01-01
84,28,-0.19368777490349198,1,485,HI.LMS2.--,HI,LMS2,,GR,40.834985,21.141815,923.0,446.0,2.25,topography,B,Not analized,,,geometric_mean_as_recorded,3.0,bindi2014_rhyp,5.0,2015-01-01
85,5,0.4051434422804256,1,485,HI.LXR2.--,HI,LXR2,,GR,38.206718,20.436386,7.0,449.0,2.29,topography,B,Not analized,,,geometric_mean_as_recorded,3.0,bindi2014_rhyp,5.0,2015-01-01
86,9,0.41134686928248,1,485,HI.MGP1.--,HI,MGP1,,GR,37.403248,22.140703,433.0,298.0,0.35,topography,C,Not analized,,,geometric_mean_as_recorded,3.0,bindi2014_rhyp,5.0,2015-01-01
87,46,0.23676088214147806,1,485,HI.MSL1.--,HI,MSL1,,GR,38.3727,21.4243,1.0,344.0,0.85,topography,C,Not analized,,,geometric_mean_as_recorded,3.0,bindi2014_rhyp,5.0,2015-01-01
88,50,0.16162216849058592,1,485,HI.MYT1.--,HI,MYT1,,GR,39.085,26.5694,34.0,809.0,9.86,topography,A,Not analized,,,geometric_mean_as_recorded,3.0,bindi2014_rhyp,5.0,2015-01-01
89,48,-0.3065706923659237,1,485,HI.NAX1.--,HI,NAX1,,GR,37.101394,25.374103,7.0,407.0,1.69,topography,B,Not analized,,,geometric_mean_as_recorded,3.0,bindi2014_rhyp,5.0,2015-01-01
90,20,0.05667068907540068,1,485,HI.NMA1.--,HI,NMA1,,GR,37.81873,22.662702,290.0,561.0,4.42,topography,B,Not analized,,,geometric_mean_as_recorded,3.0,bindi2014_rhyp,5.0,2015-01-01
91,24,-0.19398516580195346,1,485,HI.NPS1.--,HI,NPS1,,GR,36.51263,23.06248,48.0,407.0,1.69,topography,B,Not analized,,,geometric_mean_as_recorded,3.0,bindi2014_rhyp,5.0,2015-01-01
92,11,0.41448540955453067,1,485,HI.PAT4.--,HI,PAT4,,GR,38.2338,21.74795,44.0,376.0,1.25,topography,B,Not analized,,,geometric_mean_as_recorded,3.0,bindi2014_rhyp,5.0,2015-01-01
93,14,0.21106690867976918,1,485,HI.PAT5.--,HI,PAT5,,GR,38.29595,21.795083,49.0,545.0,4.08,topography,B,Not analized,,,geometric_mean_as_recorded,3.0,bindi2014_rhyp,5.0,2015-01-01
94,19,-0.0196468789990899,1,485,HI.PER1.--,HI,PER1,,GR,38.0119,23.7027,66.0,425.0,1.94,topography,B,Not analized,,,geometric_mean_as_recorded,3.0,bindi2014_rhyp,5.0,2015-01-01
95,11,0.15357122376463578,1,485,HI.PET1.--,HI,PET1,,GR,36.963862,21.92538,6.0,403.0,1.64,topography,B,Not analized,,,geometric_mean_as_recorded,3.0,bindi2014_rhyp,5.0,2015-01-01
96,6,-0.07363615324991968,1,485,HI.PIR1.--,HI,PIR1,,GR,37.93723,23.642595,87.0,275.0,0.26,topography,C,Not analized,,,geometric_mean_as_recorded,3.0,bindi2014_rhyp,5.0,2015-01-01
97,13,0.16946557455647043,1,485,HI.PIR2.--,HI,PIR2,,GR,37.9458,23.6709,10.0,502.0,3.13,topography,B,Not analized,,,geometric_mean_as_recorded,3.0,bindi2014_rhyp,5.0,2015-01-01
98,15,-0.1961838968695001,1,485,HI.PIR3.--,HI,PIR3,,GR,37.9573,23.6519,10.0,338.0,0.79,topography,C,Not analized,,,geometric_mean_as_recorded,3.0,bindi2014_rhyp,5.0,2015-01-01
99,13,0.2685751210081174,1,485,HI.PLA1.--,HI,PLA1,,GR,40.555907,22.988593,13.0,405.0,1.67,topography,B,Not analized,,,geometric_mean_as_recorded,3.0,bindi2014_rhyp,5.0,2015-01-01
100,23,0.0806063305298984,1,485,HI.PLN1.--,HI,PLN1,,GR,39.998,23.575,29.0,443.0,2.2,topography,B,Not analized,,,geometric_mean_as_recorded,3.0,bindi2014_rhyp,5.0,2015-01-01
101,15,0.43745803594673993,1,485,HI.PTO1.--,HI,PTO1,,GR,40.510132,21.681568,603.0,399.0,1.58,topography,B,Not analized,,,geometric_mean_as_recorded,3.0,bindi2014_rhyp,5.0,2015-01-01
102,15,0.3677449700410283,1,485,HI.PYR2.--,HI,PYR2,,GR,37.6671,21.4506,8.0,442.0,2.19,topography,B,Not analized,,,geometric_mean_as_recorded,3.0,bindi2014_rhyp,5.0,2015-01-01
103,34,0.4246743875583938,1,485,HI.RDI1.--,HI,RDI1,,GR,36.4514,28.224,7.0,413.0,1.78,topography,B,Not analized,,,geometric_mean_as_recorded,3.0,bindi2014_rhyp,5.0,2015-01-01
104,16,-0.2181412366021518,1,485,HI.RGE1.--,HI,RGE1,,GR,36.0269,27.9306,3.0,396.0,1.54,topography,B,Not analized,,,geometric_mean_as_recorded,3.0,bindi2014_rhyp,5.0,2015-01-01
105,18,-0.06273126190689082,1,485,HI.RKL1.--,HI,RKL1,,GR,36.336699,28.171224,78.0,533.0,3.81,topography,B,Not analized,,,geometric_mean_as_recorded,3.0,bindi2014_rhyp,5.0,2015-01-01
106,10,-0.22382723761825885,1,485,HI.RKT1.--,HI,RKT1,,GR,35.954336,27.767327,49.0,403.0,1.64,topography,B,Not analized,,,geometric_mean_as_recorded,3.0,bindi2014_rhyp,5.0,2015-01-01
107,15,0.42157120587451336,1,485,HI.RPN1.--,HI,RPN1,,GR,36.448678,28.218047,14.0,581.0,4.86,topography,B,Not analized,,,geometric_mean_as_recorded,3.0,bindi2014_rhyp,5.0,2015-01-01
108,10,0.13906253181247313,1,485,HI.RSO1.--,HI,RSO1,,GR,36.3632,28.0016,8.0,381.0,1.33,topography,B,Not analized,,,geometric_mean_as_recorded,3.0,bindi2014_rhyp,5.0,2015-01-01
109,15,-0.10976442524415486,1,485,HI.RTH1.--,HI,RTH1,,GR,35.365393,24.471773,15.0,424.0,1.93,topography,B,Not analized,,,geometric_mean_as_recorded,3.0,bindi2014_rhyp,5.0,2015-01-01
110,11,-0.49482363694930365,1,485,HI.SEIS.--,HI,SEIS,,GR,40.631849,22.962768,63.0,726.0,7.42,topography,B,Not analized,,,geometric_mean_as_recorded,3.0,bindi2014_rhyp,5.0,2015-01-01
111,13,-0.08843471261225477,1,485,HI.SFL1.--,HI,SFL1,,GR,41.189954,26.304374,6.0,355.0,0.97,topography,C,Not analized,,,geometric_mean_as_recorded,3.0,bindi2014_rhyp,5.0,2015-01-01
112,13,-0.12926442486243883,1,485,HI.SFR2.--,HI,SFR2,,GR,36.399841,25.438209,206.0,485.0,2.79,topography,B,Not analized,,,geometric_mean_as_recorded,3.0,bindi2014_rhyp,5.0,2015-01-01
113,22,-0.1079514621385892,1,485,HI.SGR1.--,HI,SGR1,,GR,39.211392,25.855221,28.0,814.0,10.06,topography,A,Not analized,,,geometric_mean_as_recorded,3.0,bindi2014_rhyp,5.0,2015-01-01
114,12,-0.1004736330357674,1,485,HI.SIA1.--,HI,SIA1,,GR,40.257308,21.553432,918.0,948.0,15.14,topography,A,Not analized,,,geometric_mean_as_recorded,3.0,bindi2014_rhyp,5.0,2015-01-01
115,41,-0.14043092288396175,1,485,HI.SIT2.--,HI,SIT2,,GR,35.2059,26.107,0.0,385.0,1.39,topography,B,Not analized,,,geometric_mean_as_recorded,3.0,bindi2014_rhyp,5.0,2015-01-01
116,40,-0.12805889904009649,1,485,HI.SKY1.--,HI,SKY1,,GR,38.904483,24.564572,75.0,824.0,10.43,topography,A,Not analized,,,geometric_mean_as_recorded,3.0,bindi2014_rhyp,5.0,2015-01-01
117,8,0.2539891955086507,1,485,HI.SPP1.--,HI,SPP1,,GR,41.0225,25.7013,125.0,443.0,2.2,topography,B,Not analized,,,geometric_mean_as_recorded,3.0,bindi2014_rhyp,5.0,2015-01-01
118,12,-0.37384756071168157,1,485,HI.STL1.--,HI,STL1,,GR,40.662419,22.935323,28.0,407.0,1.69,topography,B,Not analized,,,geometric_mean_as_recorded,3.0,bindi2014_rhyp,5.0,2015-01-01
119,11,-0.46739466262189966,1,485,HI.THS1.--,HI,THS1,,GR,40.738476,24.575145,20.0,527.0,3.66,topography,B,Not analized,,,geometric_mean_as_recorded,3.0,bindi2014_rhyp,5.0,2015-01-01
120,27,0.24735149951610846,1,485,HI.THV2.--,HI,THV2,,GR,38.316117,23.319807,215.0,535.0,3.85,topography,B,Not analized,,,geometric_mean_as_recorded,3.0,bindi2014_rhyp,5.0,2015-01-01
121,13,-0.105028176331453,1,485,HI.TRP1.--,HI,TRP1,,GR,37.511219,22.363399,698.0,504.0,3.17,topography,B,Not analized,,,geometric_mean_as_recorded,3.0,bindi2014_rhyp,5.0,2015-01-01
122,34,-0.14549959706035842,1,485,HI.VOL2.--,HI,VOL2,,GR,39.366,22.9506,26.0,393.0,1.5,topography,B,Not analized,,,geometric_mean_as_recorded,3.0,bindi2014_rhyp,5.0,2015-01-01
123,17,-0.3493531192674595,1,485,HI.VOL3.--,HI,VOL3,,GR,39.373969,22.935352,10.0,332.0,0.72,topography,C,Not analized,,,geometric_mean_as_recorded,3.0,bindi2014_rhyp,5.0,2015-01-01
124,16,0.031459698682870296,1,485,HI.VSK1.--,HI,VSK1,,GR,38.4091,20.564,302.0,652.0,6.22,topography,B,Not analized,,,geometric_mean_as_recorded,3.0,bindi2014_rhyp,5.0,2015-01-01
125,6,-0.09850660515333864,1,485,HI.XAN2.--,HI,XAN2,,GR,41.142046,24.890781,74.0,423.0,1.92,topography,B,Not analized,,,geometric_mean_as_recorded,3.0,bindi2014_rhyp,5.0,2015-01-01
126,16,-0.007635722664104727,1,485,HL.ACHA.00,HL,ACHA,00,GR,38.07458,23.74127,183.0,348.0,0.9,topography,C,Not analized,,,geometric_mean_as_recorded,3.0,bindi2014_rhyp,5.0,2015-01-01
127,9,-0.17500281701331677,1,485,HL.AGNA.00,HL,AGNA,00,GR,35.1895,25.71853,15.0,531.0,3.77,topography,B,Not analized,,,geometric_mean_as_recorded,3.0,bindi2014_rhyp,5.0,2015-01-01
128,9,-0.038844121322681,1,485,HL.AGXA.00,HL,AGXA,00,GR,39.27649,22.81999,2.0,389.0,1.43,topography,B,Not analized,,,geometric_mean_as_recorded,3.0,bindi2014_rhyp,5.0,2015-01-01
129,21,-0.1439715179945259,1,485,HL.ALNA.00,HL,ALNA,00,GR,39.14804,23.86669,40.0,437.0,2.12,topography,B,Not analized,,,geometric_mean_as_recorded,3.0,bindi2014_rhyp,5.0,2015-01-01
130,21,-0.3357179043512053,1,485,HL.AMGA.00,HL,AMGA,00,GR,36.831551,25.893818,307.0,502.0,3.12,topography,B,Not analized,,,geometric_mean_as_recorded,3.0,bindi2014_rhyp,5.0,2015-01-01
131,11,0.09177061436655315,1,485,HL.ANAF.--,HL,ANAF,,GR,36.35675,25.77262,335.0,811.0,9.93,topography,A,Not analized,,,geometric_mean_as_recorded,3.0,bindi2014_rhyp,5.0,2015-01-01
132,15,-0.06766190587933285,1,485,HL.ANKY.00,HL,ANKY,00,GR,35.86704,23.30117,143.0,760.0,7.97,topography,B,Not analized,,,geometric_mean_as_recorded,3.0,bindi2014_rhyp,5.0,2015-01-01
133,6,0.26049159329157373,1,485,HL.ARIA.00,HL,ARIA,00,GR,38.33358,21.76206,1.0,301.0,0.37,topography,C,Not analized,,,geometric_mean_as_recorded,3.0,bindi2014_rhyp,5.0,2015-01-01
134,10,-0.35150571421193744,1,485,HL.ARTB.00,HL,ARTB,00,GR,39.15702,20.9785,29.0,311.0,0.49,topography,C,Not analized,,,geometric_mean_as_recorded,3.0,bindi2014_rhyp,5.0,2015-01-01
135,11,-0.483386923009951,1,485,HL.ASTA.00,HL,ASTA,00,GR,36.54552,26.35295,64.0,793.0,9.24,topography,B,Not analized,,,geometric_mean_as_recorded,3.0,bindi2014_rhyp,5.0,2015-01-01
136,23,-0.04408929009419793,1,485,HL.ATHP.00,HL,ATHP,00,GR,38.000799,23.773487,187.0,453.0,2.35,topography,B,Not analized,,,geometric_mean_as_recorded,3.0,bindi2014_rhyp,5.0,2015-01-01
137,21,-0.14636370226382245,1,485,HL.CHNB.00,HL,CHNB,00,GR,35.48765,24.06605,5.0,353.0,0.95,topography,C,Not analized,,,geometric_mean_as_recorded,3.0,bindi2014_rhyp,5.0,2015-01-01
138,40,-0.06839218472530195,1,485,HL.DLFA.00,HL,DLFA,00,GR,38.47836,22.49583,570.0,1666.0,37.55,topography,A,Not analized,,,geometric_mean_as_recorded,3.0,bindi2014_rhyp,5.0,2015-01-01
139,14,-0.0028509129160125823,1,485,HL.DRPA.00,HL,DRPA,00,GR,37.94738,23.63024,18.0,523.0,3.59,topography,B,Not analized,,,geometric_mean_as_recorded,3.0,bindi2014_rhyp,5.0,2015-01-01
140,27,-0.13372927951002977,1,485,HL.EFSA.00,HL,EFSA,00,GR,39.54015,24.98864,5.0,586.0,4.96,topography,B,Not analized,,,geometric_mean_as_recorded,3.0,bindi2014_rhyp,5.0,2015-01-01
141,15,-0.20563028188321375,1,485,HL.ELFA.00,HL,ELFA,00,GR,38.04472,23.5405,9.0,321.0,0.6,topography,C,Not analized,,,geometric_mean_as_recorded,3.0,bindi2014_rhyp,5.0,2015-01-01
142,12,0.07031525810990474,1,485,HL.GINA.00,HL,GINA,00,GR,39.66886,22.389,94.0,355.0,0.97,topography,C,Not analized,,,geometric_mean_as_recorded,3.0,bindi2014_rhyp,5.0,2015-01-01
143,20,0.1648044133658617,1,485,HL.HERG.00,HL,HERG,00,GR,35.32622,25.06586,31.0,470.0,2.58,topography,B,Not analized,,,geometric_mean_as_recorded,3.0,bindi2014_rhyp,5.0,2015-01-01
144,45,0.305594362955422,1,485,HL.IACM.--,HL,IACM,,GR,35.3058,25.0709,45.0,844.0,11.22,topography,A,Not analized,,,geometric_mean_as_recorded,3.0,bindi2014_rhyp,5.0,2015-01-01
145,29,-0.03628164141302326,1,485,HL.IMMV.--,HL,IMMV,,GR,35.4606,23.9811,230.0,1036.0,18.32,topography,A,Not analized,,,geometric_mean_as_recorded,3.0,bindi2014_rhyp,5.0,2015-01-01
146,6,0.07695814674042789,1,485,HL.ITM.00,HL,ITM,00,GR,37.17872,21.92522,423.0,882.0,12.68,topography,A,Not analized,,,geometric_mean_as_recorded,3.0,bindi2014_rhyp,5.0,2015-01-01
147,43,-0.09149475318235678,1,485,HL.JAN.00,HL,JAN,00,GR,39.65616,20.84874,526.0,399.0,1.58,topography,B,Not analized,,,geometric_mean_as_recorded,3.0,bindi2014_rhyp,5.0,2015-01-01
148,15,-0.12531806702916448,1,485,HL.KARA.00,HL,KARA,00,GR,38.01581,24.42014,20.0,497.0,3.03,topography,B,Not analized,,,geometric_mean_as_recorded,3.0,bindi2014_rhyp,5.0,2015-01-01
149,34,-0.21247945868475093,1,485,HL.KARP.--,HL,KARP,,GR,35.5471,27.16106,524.0,835.0,10.88,topography,A,Not analized,,,geometric_mean_as_recorded,3.0,bindi2014_rhyp,5.0,2015-01-01
150,12,-0.05081558102516137,1,485,HL.KASA.00,HL,KASA,00,GR,39.74628,19.93542,65.0,1006.0,17.27,topography,A,Not analized,,,geometric_mean_as_recorded,3.0,bindi2014_rhyp,5.0,2015-01-01
151,57,-0.37169883419395067,1,485,HL.KLNA.00,HL,KLNA,00,GR,36.95708,26.97274,28.0,530.0,3.75,topography,B,Not analized,,,geometric_mean_as_recorded,3.0,bindi2014_rhyp,5.0,2015-01-01
152,4,0.5139020223191543,1,485,HL.KOMA.00,HL,KOMA,00,GR,41.11278,25.39647,37.0,385.0,1.38,topography,B,Not analized,,,geometric_mean_as_recorded,3.0,bindi2014_rhyp,5.0,2015-01-01
153,4,0.29377775668254597,1,485,HL.KRYO.--,HL,KRYO,,GR,37.971151,22.617961,883.0,492.0,2.91,topography,B,Not analized,,,geometric_mean_as_recorded,3.0,bindi2014_rhyp,5.0,2015-01-01
154,11,-0.2440288918617306,1,485,HL.KSL.00,HL,KSL,00,GR,36.15031,29.58561,64.0,781.0,8.79,topography,B,Not analized,,,geometric_mean_as_recorded,3.0,bindi2014_rhyp,5.0,2015-01-01
155,4,-0.1376443211543562,1,485,HL.KSTE.--,HL,KSTE,,GR,35.1801,25.3372,395.0,1052.0,18.91,topography,A,Not analized,,,geometric_mean_as_recorded,3.0,bindi2014_rhyp,5.0,2015-01-01
156,20,0.12334497579454434,1,485,HL.KTHA.--,HL,KTHA,,GR,36.2566,23.0621,360.0,692.0,6.87,topography,B,Not analized,,,geometric_mean_as_recorded,3.0,bindi2014_rhyp,5.0,2015-01-01
157,12,-0.324860311587145,1,485,HL.KVLA.00,HL,KVLA,00,GR,40.93704,24.38591,122.0,782.0,8.82,topography,B,Not analized,,,geometric_mean_as_recorded,3.0,bindi2014_rhyp,5.0,2015-01-01
158,4,0.7584801067252626,1,485,HL.LARA.00,HL,LARA,00,GR,39.63704,22.42969,75.0,390.0,1.46,topography,B,Not analized,,,geometric_mean_as_recorded,3.0,bindi2014_rhyp,5.0,2015-01-01
159,33,-0.37169041292051574,1,485,HL.LIA.00,HL,LIA,00,GR,39.89725,25.18055,67.0,471.0,2.59,topography,B,Not analized,,,geometric_mean_as_recorded,3.0,bindi2014_rhyp,5.0,2015-01-01
160,13,-0.4142296843859523,1,485,HL.LKR.--,HL,LKR,,GR,38.64957,22.998812,192.0,1074.0,19.67,topography,A,Not analized,,,geometric_mean_as_recorded,3.0,bindi2014_rhyp,5.0,2015-01-01
161,25,0.40090026826669384,1,485,HL.LXRA.00,HL,LXRA,00,GR,38.20006,20.43718,0.0,462.0,2.47,topography,B,Not analized,,,geometric_mean_as_recorded,3.0,bindi2014_rhyp,5.0,2015-01-01
162,26,0.1803227444115933,1,485,HL.MILA.00,HL,MILA,00,GR,36.74288,24.4282,130.0,573.0,4.69,topography,B,Not analized,,,geometric_mean_as_recorded,3.0,bindi2014_rhyp,5.0,2015-01-01
163,7,-0.04687447447343185,1,485,HL.NASA.00,HL,NASA,00,GR,40.63111,22.06706,350.0,446.0,2.24,topography,B,Not analized,,,geometric_mean_as_recorded,3.0,bindi2014_rhyp,5.0,2015-01-01
164,5,-0.12300322083578485,1,485,HL.NGRA.00,HL,NGRA,00,GR,40.90747,23.49933,68.0,321.0,0.6,topography,C,Not analized,,,geometric_mean_as_recorded,3.0,bindi2014_rhyp,5.0,2015-01-01
165,30,-0.007689749703654436,1,485,HL.NOAC.00,HL,NOAC,00,GR,37.97384,23.71767,93.0,719.0,7.32,topography,B,Not analized,,,geometric_mean_as_recorded,3.0,bindi2014_rhyp,5.0,2015-01-01
166,10,-0.09468919244660234,1,485,HL.NOAC.02,HL,NOAC,02,GR,37.97384,23.71767,93.0,719.0,7.32,topography,B,Not analized,,,geometric_mean_as_recorded,3.0,bindi2014_rhyp,5.0,2015-01-01
167,9,-0.045603415034848105,1,485,HL.NPLA.00,HL,NPLA,00,GR,37.56561,22.79975,10.0,505.0,3.19,topography,B,Not analized,,,geometric_mean_as_recorded,3.0,bindi2014_rhyp,5.0,2015-01-01
168,6,0.18990271719478719,1,485,HL.NVR.00,HL,NVR,00,GR,41.34846,23.86517,627.0,955.0,15.37,topography,A,Not analized,,,geometric_mean_as_recorded,3.0,bindi2014_rhyp,5.0,2015-01-01
169,4,-0.22569574336968434,1,485,HL.OREA.00,HL,OREA,00,GR,40.72705,22.91452,257.0,458.0,2.42,topography,B,Not analized,,,geometric_mean_as_recorded,3.0,bindi2014_rhyp,5.0,2015-01-01
170,45,0.49995815196723187,1,485,HL.PATC.00,HL,PATC,00,GR,38.26933,21.76001,47.0,444.0,2.21,topography,B,Not analized,,,geometric_mean_as_recorded,3.0,bindi2014_rhyp,5.0,2015-01-01
171,35,0.4369614752278846,1,485,HL.PATG.00,HL,PATG,00,GR,38.23865,21.72657,1.0,315.0,0.53,topography,C,Not analized,,,geometric_mean_as_recorded,3.0,bindi2014_rhyp,5.0,2015-01-01
172,3,-0.3297834071004838,1,485,HL.PLG.--,HL,PLG,,GR,40.37328,23.44443,566.0,608.0,5.44,topography,B,Not analized,,,geometric_mean_as_recorded,3.0,bindi2014_rhyp,5.0,2015-01-01
173,5,0.010355239961690965,1,485,HL.PRGA.00,HL,PRGA,00,GR,39.28557,20.40157,15.0,728.0,7.46,topography,B,Not analized,,,geometric_mean_as_recorded,3.0,bindi2014_rhyp,5.0,2015-01-01
174,50,-0.08420264109742692,1,485,HL.PRK.--,HL,PRK,,GR,39.24565,26.26499,130.0,604.0,5.35,topography,B,Not analized,,,geometric_mean_as_recorded,3.0,bindi2014_rhyp,5.0,2015-01-01
175,35,-0.18256395879512177,1,485,HL.PSRA.00,HL,PSRA,00,GR,38.53978,25.56202,13.0,412.0,1.77,topography,B,Not analized,,,geometric_mean_as_recorded,3.0,bindi2014_rhyp,5.0,2015-01-01
176,38,0.262883955094237,1,485,HL.RIOA.00,HL,RIOA,00,GR,38.29585,21.79118,46.0,496.0,3.0,topography,B,Not analized,,,geometric_mean_as_recorded,3.0,bindi2014_rhyp,5.0,2015-01-01
177,33,0.3567427834491217,1,485,HL.RODB.00,HL,RODB,00,GR,36.4471,28.22116,26.0,509.0,3.28,topography,B,Not analized,,,geometric_mean_as_recorded,3.0,bindi2014_rhyp,5.0,2015-01-01
178,15,0.8409132321176689,1,485,HL.SAP3.--,HL,SAP3,,GR,36.4356,25.345419,173.0,1117.0,21.2,topography,A,Not analized,,,geometric_mean_as_recorded,3.0,bindi2014_rhyp,5.0,2015-01-01
179,29,-0.17564358365014066,1,485,HL.SIVA.00,HL,SIVA,00,GR,35.01777,24.81204,96.0,706.0,7.11,topography,B,Not analized,,,geometric_mean_as_recorded,3.0,bindi2014_rhyp,5.0,2015-01-01
180,25,-0.2670212804174795,1,485,HL.SMG.00,HL,SMG,00,GR,37.70425,26.83772,348.0,451.0,2.32,topography,B,Not analized,,,geometric_mean_as_recorded,3.0,bindi2014_rhyp,5.0,2015-01-01
181,6,-0.10321958048892432,1,485,HL.SMHA.00,HL,SMHA,00,GR,38.25123,20.6477,5.0,342.0,0.82,topography,C,Not analized,,,geometric_mean_as_recorded,3.0,bindi2014_rhyp,5.0,2015-01-01
182,17,-0.36440037479639664,1,485,HL.SMTH.00,HL,SMTH,00,GR,40.47094,25.53045,365.0,1167.0,22.91,topography,A,Not analized,,,geometric_mean_as_recorded,3.0,bindi2014_rhyp,5.0,2015-01-01
183,6,0.1591709616898908,1,485,HL.SOFA.00,HL,SOFA,00,GR,39.33773,22.09691,110.0,358.0,1.01,topography,C,Not analized,,,geometric_mean_as_recorded,3.0,bindi2014_rhyp,5.0,2015-01-01
184,12,-0.47189628793496874,1,485,HL.THERA.00,HL,THERA,00,GR,36.366992,25.475263,288.0,795.0,9.35,topography,B,Not analized,,,geometric_mean_as_recorded,3.0,bindi2014_rhyp,5.0,2015-01-01
185,37,0.21831757639024651,1,485,HL.THRA.00,HL,THRA,00,GR,36.41502,25.43244,220.0,509.0,3.28,topography,B,Not analized,,,geometric_mean_as_recorded,3.0,bindi2014_rhyp,5.0,2015-01-01
186,40,-0.23579991400434253,1,485,HL.TNSA.00,HL,TNSA,00,GR,37.53942,25.1631,21.0,401.0,1.6,topography,B,Not analized,,,geometric_mean_as_recorded,3.0,bindi2014_rhyp,5.0,2015-01-01
187,11,0.02130987612699231,1,485,HL.TRKA.00,HL,TRKA,00,GR,39.55381,21.76624,87.0,321.0,0.6,topography,C,Not analized,,,geometric_mean_as_recorded,3.0,bindi2014_rhyp,5.0,2015-01-01
188,5,0.577042443195878,1,485,HL.VELA.00,HL,VELA,00,GR,37.974944,22.766063,17.0,387.0,1.41,topography,B,Not analized,,,geometric_mean_as_recorded,3.0,bindi2014_rhyp,5.0,2015-01-01
189,4,0.18538358537893124,1,485,HL.VERA.00,HL,VERA,00,GR,40.48601,22.32151,117.0,490.0,2.87,topography,B,Not analized,,,geometric_mean_as_recorded,3.0,bindi2014_rhyp,5.0,2015-01-01
190,30,0.029999251451932107,1,485,HL.YDRA.00,HL,YDRA,00,GR,37.34923,23.46525,33.0,544.0,4.06,topography,B,Not analized,,,geometric_mean_as_recorded,3.0,bindi2014_rhyp,5.0,2015-01-01
191,9,0.2997528706786756,1,485,HL.ZARA.00,HL,ZARA,00,GR,37.4865,21.6491,30.0,372.0,1.2,topography,B,Not analized,,,geometric_mean_as_recorded,3.0,bindi2014_rhyp,5.0,2015-01-01
192,15,-0.2650702272846054,1,485,HL.ZKR.00,HL,ZKR,00,GR,35.1147,26.21691,254.0,522.0,3.56,topography,B,Not analized,,,geometric_mean_as_recorded,3.0,bindi2014_rhyp,5.0,2015-01-01
193,6,0.2806592942139668,1,485,HP.AMT.--,HP,AMT,,GR,37.5324,21.7089,482.0,1088.0,20.18,topography,A,Not analized,,,geometric_mean_as_recorded,3.0,bindi2014_rhyp,5.0,2015-01-01
194,22,-0.1544521416861223,1,485,HP.ANX.--,HP,ANX,,GR,38.5933,21.9209,1020.0,311.0,0.49,topography,C,Not analized,,,geometric_mean_as_recorded,3.0,bindi2014_rhyp,5.0,2015-01-01
195,10,0.05997157073749604,1,485,HP.EFP.--,HP,EFP,,GR,38.4269,21.9058,107.0,1280.0,26.61,topography,A,Not analized,,,geometric_mean_as_recorded,3.0,bindi2014_rhyp,5.0,2015-01-01
196,14,0.028201280085606795,1,485,HP.FSK.--,HP,FSK,,GR,38.4593,20.5623,113.0,688.0,6.82,topography,B,Not analized,,,geometric_mean_as_recorded,3.0,bindi2014_rhyp,5.0,2015-01-01
197,24,-0.05793075224537636,1,485,HP.GUR.--,HP,GUR,,GR,37.9363,22.3423,1087.0,1061.0,19.22,topography,A,Not analized,,,geometric_mean_as_recorded,3.0,bindi2014_rhyp,5.0,2015-01-01
198,13,-0.09105603052129518,1,485,HP.LTHK.--,HP,LTHK,,GR,37.7095,20.8367,35.0,523.0,3.59,topography,B,Not analized,,,geometric_mean_as_recorded,3.0,bindi2014_rhyp,5.0,2015-01-01
199,37,-0.14946430812026634,1,485,HP.LTK.--,HP,LTK,,GR,38.0228,22.9673,408.0,664.0,6.42,topography,B,Not analized,,,geometric_mean_as_recorded,3.0,bindi2014_rhyp,5.0,2015-01-01
200,20,-0.1197283601426844,1,485,HP.PDO.--,HP,PDO,,GR,38.5986,21.1833,227.0,492.0,2.91,topography,B,Not analized,,,geometric_mean_as_recorded,3.0,bindi2014_rhyp,5.0,2015-01-01
201,28,0.14695675683105025,1,485,HP.PVO.--,HP,PVO,,GR,38.616,21.525,184.0,1018.0,17.69,topography,A,Not analized,,,geometric_mean_as_recorded,3.0,bindi2014_rhyp,5.0,2015-01-01
202,12,-0.030127625761897092,1,485,HP.PYL.--,HP,PYL,,GR,36.8955,21.742,226.0,774.0,8.52,topography,B,Not analized,,,geometric_mean_as_recorded,3.0,bindi2014_rhyp,5.0,2015-01-01
203,28,0.06266897691747492,1,485,HP.SERG.--,HP,SERG,,GR,38.4133,22.0566,480.0,1296.0,27.11,topography,A,Not analized,,,geometric_mean_as_recorded,3.0,bindi2014_rhyp,5.0,2015-01-01
204,22,0.3011468006249537,1,485,HP.UPR.--,HP,UPR,,GR,38.2836,21.7864,138.0,547.0,4.11,topography,B,Not analized,,,geometric_mean_as_recorded,3.0,bindi2014_rhyp,5.0,2015-01-01
205,18,-0.09802434909015001,1,485,HP.VALY.--,HP,VALY,,GR,37.1641,21.9836,24.0,465.0,2.52,topography,B,Not analized,,,geometric_mean_as_recorded,3.0,bindi2014_rhyp,5.0,2015-01-01
206,14,0.07310901110683465,1,485,HP.VVK.--,HP,VVK,,GR,38.4222,21.8116,650.0,956.0,15.44,topography,A,Not analized,,,geometric_mean_as_recorded,3.0,bindi2014_rhyp,5.0,2015-01-01
207,3,-0.1774595210371741,1,485,HT.LES3.--,HT,LES3,,GR,39.303248,26.180664,218.0,538.0,3.93,topography,B,Not analized,,,geometric_mean_as_recorded,3.0,bindi2014_rhyp,5.0,2015-01-01
273,4,0.012290615492590029,1,485,KF.CKWP.00,KF,CKWP,00,GR,38.166171,20.510214,71.0,861.0,11.87,topography,A,Not analized,,,geometric_mean_as_recorded,3.0,bindi2014_rhyp,5.0,2015-01-01
274,33,-0.0716730580849575,1,485,KO.AKS.--,KO,AKS,,TR,38.8785,27.8129,385.0,534.0,6.7,topography,B,Not analized,,,geometric_mean_as_recorded,3.0,bindi2014_rhyp,5.0,2015-01-01
275,14,-0.19879593126869477,1,485,KO.ALT.--,KO,ALT,,TR,39.0541,30.1104,1060.0,448.0,3.96,topography,B,Not analized,,,geometric_mean_as_recorded,3.0,bindi2014_rhyp,5.0,2015-01-01
276,6,-0.2041593370216671,1,485,KO.ARMT.--,KO,ARMT,,TR,40.5683,28.866,320.0,620.0,9.98,topography,B,Not analized,,,geometric_mean_as_recorded,3.0,bindi2014_rhyp,5.0,2015-01-01
277,3,-0.2167151800380902,1,485,KO.ARMU.--,KO,ARMU,,TR,40.5088,28.838,1.0,397.0,2.71,topography,B,Not analized,,,geometric_mean_as_recorded,3.0,bindi2014_rhyp,5.0,2015-01-01
278,16,0.4755124245839666,1,485,KO.ARPRA.--,KO,ARPRA,,TR,39.0929,38.3356,1522.0,784.0,15.64,topography,B,Not analized,,,geometric_mean_as_recorded,3.0,bindi2014_rhyp,5.0,2015-01-01
279,7,0.4915470575457408,1,485,KO.AVCI.--,KO,AVCI,,TR,40.9958,28.7225,90.0,409.0,3.02,topography,B,Not analized,,,geometric_mean_as_recorded,3.0,bindi2014_rhyp,5.0,2015-01-01
280,8,-0.027203603432260914,1,485,KO.BALB.--,KO,BALB,,TR,39.6507,27.8642,266.0,710.0,12.57,topography,B,Not analized,,,geometric_mean_as_recorded,3.0,bindi2014_rhyp,5.0,2015-01-01
281,20,-0.07685070577778008,1,485,KO.BASM.--,KO,BASM,,TR,37.9194,30.035,897.0,428.0,3.46,topography,B,Not analized,,,geometric_mean_as_recorded,3.0,bindi2014_rhyp,5.0,2015-01-01
282,20,-0.017563158960290925,1,485,KO.BIGA.--,KO,BIGA,,TR,40.28134,27.15048,60.0,397.0,2.72,topography,B,Not analized,,,geometric_mean_as_recorded,3.0,bindi2014_rhyp,5.0,2015-01-01
283,15,0.051606466813825025,1,485,KO.BMYO.--,KO,BMYO,,TR,39.8098,26.6009,121.0,334.0,1.29,topography,C,Not analized,,,geometric_mean_as_recorded,3.0,bindi2014_rhyp,5.0,2015-01-01
284,10,-0.6500192359114049,1,485,KO.BODA.--,KO,BODA,,TR,37.0348,27.4304,11.0,322.0,1.07,topography,C,Not analized,,,geometric_mean_as_recorded,3.0,bindi2014_rhyp,5.0,2015-01-01
285,12,-0.06348064662739372,1,485,KO.BOTS.--,KO,BOTS,,TR,40.9902,27.981,30.0,503.0,5.52,topography,B,Not analized,,,geometric_mean_as_recorded,3.0,bindi2014_rhyp,5.0,2015-01-01
286,4,-0.009958743137776005,1,485,KO.BOZY.--,KO,BOZY,,TR,36.1069,32.9763,9.0,304.0,0.7,topography,C,Not analized,,,geometric_mean_as_recorded,3.0,bindi2014_rhyp,5.0,2015-01-01
287,9,-0.07840666959531228,1,485,KO.BRGA.--,KO,BRGA,,TR,40.8846,29.065,67.0,640.0,10.58,topography,B,Not analized,,,geometric_mean_as_recorded,3.0,bindi2014_rhyp,5.0,2015-01-01
288,30,-0.07671864020508412,1,485,KO.CAME.--,KO,CAME,,TR,36.9435,29.3023,1391.0,506.0,5.6,topography,B,Not analized,,,geometric_mean_as_recorded,3.0,bindi2014_rhyp,5.0,2015-01-01
289,23,0.04114960582356447,1,485,KO.CANM.--,KO,CANM,,TR,40.0113,27.0529,180.0,555.0,7.52,topography,B,Not analized,,,geometric_mean_as_recorded,3.0,bindi2014_rhyp,5.0,2015-01-01
290,10,-0.30935000327387985,1,485,KO.CESE.--,KO,CESE,,TR,38.3306,26.2997,95.0,384.0,2.39,topography,B,Not analized,,,geometric_mean_as_recorded,3.0,bindi2014_rhyp,5.0,2015-01-01
291,19,-0.05004695876777088,1,485,KO.CMRD.--,KO,CMRD,,TR,37.6623,34.9902,1234.0,476.0,4.66,topography,B,Not analized,,,geometric_mean_as_recorded,3.0,bindi2014_rhyp,5.0,2015-01-01
292,10,0.5640642153246541,1,485,KO.CRLU.--,KO,CRLU,,TR,41.1428,27.8215,126.0,366.0,1.94,topography,B,Not analized,,,geometric_mean_as_recorded,3.0,bindi2014_rhyp,5.0,2015-01-01
293,9,-0.18349998475566698,1,485,KO.CTYL.--,KO,CTYL,,TR,41.476,28.2897,77.0,580.0,8.45,topography,B,Not analized,,,geometric_mean_as_recorded,3.0,bindi2014_rhyp,5.0,2015-01-01
294,9,0.6066586996686166,1,485,KO.DATC.--,KO,DATC,,TR,36.7584,27.6602,94.0,478.0,4.71,topography,B,Not analized,,,geometric_mean_as_recorded,3.0,bindi2014_rhyp,5.0,2015-01-01
295,13,0.4152696971451485,1,485,KO.DIDI.--,KO,DIDI,,TR,37.3767,27.2398,75.0,438.0,3.73,topography,B,Not analized,,,geometric_mean_as_recorded,3.0,bindi2014_rhyp,5.0,2015-01-01
296,5,0.46111522183490533,1,485,KO.DOGC.--,KO,DOGC,,TR,41.3949,26.9852,81.0,460.0,4.26,topography,B,Not analized,,,geometric_mean_as_recorded,3.0,bindi2014_rhyp,5.0,2015-01-01
297,25,-0.07204806137620967,1,485,KO.DST.--,KO,DST,,TR,39.6041,28.6267,693.0,399.0,2.75,topography,B,Not analized,,,geometric_mean_as_recorded,3.0,bindi2014_rhyp,5.0,2015-01-01
298,7,-0.16214709527005067,1,485,KO.EDC.--,KO,EDC,,TR,40.3465,27.8618,257.0,670.0,11.41,topography,B,Not analized,,,geometric_mean_as_recorded,3.0,bindi2014_rhyp,5.0,2015-01-01
299,12,0.3770878327023431,1,485,KO.ENZZ.--,KO,ENZZ,,TR,40.607,26.1406,11.0,280.0,0.49,topography,C,Not analized,,,geometric_mean_as_recorded,3.0,bindi2014_rhyp,5.0,2015-01-01
300,4,0.7095628675902161,1,485,KO.ERBG.--,KO,ERBG,,TR,40.712,36.6768,510.0,755.0,13.85,topography,B,Not analized,,,geometric_mean_as_recorded,3.0,bindi2014_rhyp,5.0,2015-01-01
301,14,0.03359467760257334,1,485,KO.ESKT.--,KO,ESKT,,TR,39.5212,30.8492,1295.0,512.0,5.86,topography,B,Not analized,,,geometric_mean_as_recorded,3.0,bindi2014_rhyp,5.0,2015-01-01
302,29,-0.06188174985739836,1,485,KO.EZNE.--,KO,EZNE,,TR,39.756,26.3655,75.0,404.0,2.89,topography,B,Not analized,,,geometric_mean_as_recorded,3.0,bindi2014_rhyp,5.0,2015-01-01
303,3,-0.09406331325597583,1,485,KO.FETI.--,KO,FETI,,TR,36.6903,29.096,24.0,514.0,5.94,topography,B,Not analized,,,geometric_mean_as_recorded,3.0,bindi2014_rhyp,5.0,2015-01-01
304,29,-0.009032916771583133,1,485,KO.FOCM.--,KO,FOCM,,TR,38.7131,26.7309,34.0,461.0,4.28,topography,B,Not analized,,,geometric_mean_as_recorded,3.0,bindi2014_rhyp,5.0,2015-01-01
305,3,-0.12384933524864672,1,485,KO.GEMS.--,KO,GEMS,,TR,40.4231,29.1526,1.0,321.0,1.05,topography,C,Not analized,,,geometric_mean_as_recorded,3.0,bindi2014_rhyp,5.0,2015-01-01
306,34,-0.21372839366740692,1,485,KO.GMLD.--,KO,GMLD,,TR,38.0766,26.9157,10.0,246.0,0.26,topography,C,Not analized,,,geometric_mean_as_recorded,3.0,bindi2014_rhyp,5.0,2015-01-01
307,4,-0.1426580628835834,1,485,KO.GOKC.--,KO,GOKC,,TR,40.1998,25.9183,123.0,521.0,6.21,topography,B,Not analized,,,geometric_mean_as_recorded,3.0,bindi2014_rhyp,5.0,2015-01-01
308,38,-0.25312426417724143,1,485,KO.GOMA.--,KO,GOMA,,TR,38.7077,27.9175,110.0,493.0,5.1,topography,B,Not analized,,,geometric_mean_as_recorded,3.0,bindi2014_rhyp,5.0,2015-01-01
309,32,0.08493071166051186,1,485,KO.GONE.--,KO,GONE,,TR,40.0466,27.686,143.0,647.0,10.78,topography,B,Not analized,,,geometric_mean_as_recorded,3.0,bindi2014_rhyp,5.0,2015-01-01
310,23,0.09889066846847916,1,485,KO.GORD.--,KO,GORD,,TR,38.9088,28.1769,744.0,681.0,11.76,topography,B,Not analized,,,geometric_mean_as_recorded,3.0,bindi2014_rhyp,5.0,2015-01-01
311,11,0.10229898956233796,1,485,KO.GPA.--,KO,GPA,,TR,40.2911,30.3171,570.0,705.0,12.42,topography,B,Not analized,,,geometric_mean_as_recorded,3.0,bindi2014_rhyp,5.0,2015-01-01
312,14,0.03276670036676532,1,485,KO.GPNR.--,KO,GPNR,,TR,39.456,26.1331,55.0,488.0,4.96,topography,B,Not analized,,,geometric_mean_as_recorded,3.0,bindi2014_rhyp,5.0,2015-01-01
313,6,0.32433961242357623,1,485,KO.GUMT.--,KO,GUMT,,TR,40.4665,39.478,1326.0,882.0,22.44,topography,A,Not analized,,,geometric_mean_as_recorded,3.0,bindi2014_rhyp,5.0,2015-01-01
314,3,0.1299404565255471,1,485,KO.HPSA.--,KO,HPSA,,TR,41.0109,29.0072,1.0,363.0,1.87,topography,B,Not analized,,,geometric_mean_as_recorded,3.0,bindi2014_rhyp,5.0,2015-01-01
315,10,-0.06785857154572494,1,485,KO.IZI.--,KO,IZI,,TR,40.3483,29.4612,910.0,567.0,7.98,topography,B,Not analized,,,geometric_mean_as_recorded,3.0,bindi2014_rhyp,5.0,2015-01-01
316,18,-0.07508478571128874,1,485,KO.KAVV.--,KO,KAVV,,TR,41.0638,29.06,138.0,456.0,4.17,topography,B,Not analized,,,geometric_mean_as_recorded,3.0,bindi2014_rhyp,5.0,2015-01-01
317,13,-0.15704626791307308,1,485,KO.KCTX.--,KO,KCTX,,TR,40.2626,28.3353,445.0,377.0,2.23,topography,B,Not analized,,,geometric_mean_as_recorded,3.0,bindi2014_rhyp,5.0,2015-01-01
318,18,-0.34272805814942253,1,485,KO.KHL.--,KO,KHL,,TR,38.3231,29.5286,1003.0,525.0,6.35,topography,B,Not analized,,,geometric_mean_as_recorded,3.0,bindi2014_rhyp,5.0,2015-01-01
319,11,0.43599894808803874,1,485,KO.KHMN.--,KO,KHMN,,TR,37.3916,37.1574,640.0,587.0,8.73,topography,B,Not analized,,,geometric_mean_as_recorded,3.0,bindi2014_rhyp,5.0,2015-01-01
320,4,0.2594953360788587,1,485,KO.KMON.--,KO,KMON,,TR,41.3738,33.7839,936.0,755.0,13.86,topography,B,Not analized,,,geometric_mean_as_recorded,3.0,bindi2014_rhyp,5.0,2015-01-01
321,15,0.35130395887296006,1,485,KO.KOZK.--,KO,KOZK,,TR,39.2101,34.868,1134.0,492.0,5.08,topography,B,Not analized,,,geometric_mean_as_recorded,3.0,bindi2014_rhyp,5.0,2015-01-01
322,12,-0.24264405834642122,1,485,KO.KRBG.--,KO,KRBG,,TR,40.3932,27.2977,79.0,553.0,7.42,topography,B,Not analized,,,geometric_mean_as_recorded,3.0,bindi2014_rhyp,5.0,2015-01-01
323,19,0.24790224446569226,1,485,KO.KRBN.--,KO,KRBN,,TR,38.5936,26.5537,135.0,467.0,4.44,topography,B,Not analized,,,geometric_mean_as_recorded,3.0,bindi2014_rhyp,5.0,2015-01-01
324,7,0.14746742004479707,1,485,KO.KRMN.--,KO,KRMN,,TR,37.174,33.2636,1068.0,447.0,3.95,topography,B,Not analized,,,geometric_mean_as_recorded,3.0,bindi2014_rhyp,5.0,2015-01-01
325,9,-0.4789265135746109,1,485,KO.KRTL.--,KO,KRTL,,TR,40.9089,29.1987,83.0,345.0,1.5,topography,C,Not analized,,,geometric_mean_as_recorded,3.0,bindi2014_rhyp,5.0,2015-01-01
326,6,0.3234452488494643,1,485,KO.KRTS.--,KO,KRTS,,TR,36.573,35.375,53.0,411.0,3.05,topography,B,Not analized,,,geometric_mean_as_recorded,3.0,bindi2014_rhyp,5.0,2015-01-01
327,7,0.09980849819974691,1,485,KO.KUMB.--,KO,KUMB,,TR,40.8626,27.4592,25.0,599.0,9.18,topography,B,Not analized,,,geometric_mean_as_recorded,3.0,bindi2014_rhyp,5.0,2015-01-01
328,22,-0.052877946483039784,1,485,KO.KUSD.--,KO,KUSD,,TR,37.8606,27.2868,323.0,477.0,4.68,topography,B,Not analized,,,geometric_mean_as_recorded,3.0,bindi2014_rhyp,5.0,2015-01-01
329,12,0.28451705989652676,1,485,KO.KYHL.--,KO,KYHL,,TR,40.3244,37.8955,1568.0,693.0,12.09,topography,B,Not analized,,,geometric_mean_as_recorded,3.0,bindi2014_rhyp,5.0,2015-01-01
330,12,0.13203061387751186,1,485,KO.LAPK.--,KO,LAPK,,TR,40.3151,26.6425,2.0,345.0,1.51,topography,C,Not analized,,,geometric_mean_as_recorded,3.0,bindi2014_rhyp,5.0,2015-01-01
331,10,-0.25762308648452503,1,485,KO.MAEG.--,KO,MAEG,,TR,40.9653,27.9448,2.0,332.0,1.25,topography,C,Not analized,,,geometric_mean_as_recorded,3.0,bindi2014_rhyp,5.0,2015-01-01
332,10,-0.05455142935032875,1,485,KO.MDNY.--,KO,MDNY,,TR,40.3709,28.8846,116.0,769.0,14.64,topography,B,Not analized,,,geometric_mean_as_recorded,3.0,bindi2014_rhyp,5.0,2015-01-01
333,29,-0.07364910129078484,1,485,KO.NAZL.--,KO,NAZL,,TR,37.9641,28.2922,510.0,633.0,10.36,topography,B,Not analized,,,geometric_mean_as_recorded,3.0,bindi2014_rhyp,5.0,2015-01-01
334,15,0.14102276306641526,1,485,KO.ODEM.--,KO,ODEM,,TR,38.2762,28.0747,797.0,817.0,17.95,topography,A,Not analized,,,geometric_mean_as_recorded,3.0,bindi2014_rhyp,5.0,2015-01-01
335,28,0.05651527998658218,1,485,KO.ORLT.--,KO,ORLT,,TR,40.0452,28.8914,650.0,753.0,13.79,topography,B,Not analized,,,geometric_mean_as_recorded,3.0,bindi2014_rhyp,5.0,2015-01-01
336,13,0.02323024924232009,1,485,KO.OSMT.--,KO,OSMT,,TR,40.6009,29.7,798.0,558.0,7.62,topography,B,Not analized,,,geometric_mean_as_recorded,3.0,bindi2014_rhyp,5.0,2015-01-01
337,4,0.3383751836661577,1,485,KO.RFHY.--,KO,RFHY,,TR,39.927,38.833,1851.0,537.0,6.8,topography,B,Not analized,,,geometric_mean_as_recorded,3.0,bindi2014_rhyp,5.0,2015-01-01
338,9,0.22642005039862878,1,485,KO.SAUV.--,KO,SAUV,,TR,40.7401,30.3271,170.0,549.0,7.28,topography,B,Not analized,,,geometric_mean_as_recorded,3.0,bindi2014_rhyp,5.0,2015-01-01
339,7,-0.17557978153909304,1,485,KO.SEYD.--,KO,SEYD,,TR,37.4056,31.8379,1160.0,492.0,5.07,topography,B,Not analized,,,geometric_mean_as_recorded,3.0,bindi2014_rhyp,5.0,2015-01-01
340,23,-0.05653643524769225,1,485,KO.SHAP.--,KO,SHAP,,TR,39.0231,29.222,1050.0,710.0,12.58,topography,B,Not analized,,,geometric_mean_as_recorded,3.0,bindi2014_rhyp,5.0,2015-01-01
341,6,0.17254821963778294,1,485,KO.SINB.--,KO,SINB,,TR,40.9998,28.5392,59.0,383.0,2.36,topography,B,Not analized,,,geometric_mean_as_recorded,3.0,bindi2014_rhyp,5.0,2015-01-01
342,4,0.22460671867371446,1,485,KO.SLFK.--,KO,SLFK,,TR,36.3925,33.9464,54.0,522.0,6.23,topography,B,Not analized,,,geometric_mean_as_recorded,3.0,bindi2014_rhyp,5.0,2015-01-01
343,10,0.3243714833168745,1,485,KO.SLVT.--,KO,SLVT,,TR,41.2288,28.2098,180.0,507.0,5.66,topography,B,Not analized,,,geometric_mean_as_recorded,3.0,bindi2014_rhyp,5.0,2015-01-01
344,34,0.26686992694480866,1,485,KO.SMAA.--,KO,SMAA,,TR,39.1005,28.9805,804.0,293.0,0.58,topography,C,Not analized,,,geometric_mean_as_recorded,3.0,bindi2014_rhyp,5.0,2015-01-01
345,26,0.01695729626326309,1,485,KO.SOMA.--,KO,SOMA,,TR,39.1564,27.5341,243.0,714.0,12.69,topography,B,Not analized,,,geometric_mean_as_recorded,3.0,bindi2014_rhyp,5.0,2015-01-01
346,22,-0.16168602778411956,1,485,KO.SUSR.--,KO,SUSR,,TR,39.9627,28.0835,359.0,578.0,8.38,topography,B,Not analized,,,geometric_mean_as_recorded,3.0,bindi2014_rhyp,5.0,2015-01-01
347,10,0.19500208950271386,1,485,KO.TEKI.--,KO,TEKI,,TR,40.9862,27.5374,126.0,441.0,3.8,topography,B,Not analized,,,geometric_mean_as_recorded,3.0,bindi2014_rhyp,5.0,2015-01-01
348,7,0.3779014206639956,1,485,KO.TKR.--,KO,TKR,,TR,40.9893,27.5351,140.0,407.0,2.95,topography,B,Not analized,,,geometric_mean_as_recorded,3.0,bindi2014_rhyp,5.0,2015-01-01
349,5,0.048811831400544736,1,485,KO.TOS.--,KO,TOS,,TR,41.0362,34.0226,1046.0,543.0,7.03,topography,B,Not analized,,,geometric_mean_as_recorded,3.0,bindi2014_rhyp,5.0,2015-01-01
350,16,0.3536801213752307,1,485,KO.TUNC.--,KO,TUNC,,TR,39.6942,37.5388,1489.0,331.0,1.23,topography,C,Not analized,,,geometric_mean_as_recorded,3.0,bindi2014_rhyp,5.0,2015-01-01
351,3,-0.5611515039400957,1,485,KO.TUZL.--,KO,TUZL,,TR,40.8128,29.2657,12.0,278.0,0.48,topography,C,Not analized,,,geometric_mean_as_recorded,3.0,bindi2014_rhyp,5.0,2015-01-01
352,26,0.35889519239207224,1,485,KO.UKOP.--,KO,UKOP,,TR,41.1288,26.6323,70.0,380.0,2.28,topography,B,Not analized,,,geometric_mean_as_recorded,3.0,bindi2014_rhyp,5.0,2015-01-01
353,21,0.01896214934330792,1,485,KO.YENI.--,KO,YENI,,TR,39.9364,27.24216,278.0,362.0,1.85,topography,B,Not analized,,,geometric_mean_as_recorded,3.0,bindi2014_rhyp,5.0,2015-01-01
354,37,-0.1171364772781095,1,485,KO.YKAV.--,KO,YKAV,,TR,37.1246,27.2801,115.0,652.0,10.91,topography,B,Not analized,,,geometric_mean_as_recorded,3.0,bindi2014_rhyp,5.0,2015-01-01
355,4,0.29419528918299964,1,485,KO.YKBL.--,KO,YKBL,,TR,40.9908,28.6678,139.0,413.0,3.11,topography,B,Not analized,,,geometric_mean_as_recorded,3.0,bindi2014_rhyp,5.0,2015-01-01
356,8,0.3077647163174622,1,485,KO.YUVA.--,KO,YUVA,,TR,40.391,31.6872,1163.0,430.0,3.52,topography,B,Not analized,,,geometric_mean_as_recorded,3.0,bindi2014_rhyp,5.0,2015-01-01
357,4,-0.2937429858097408,1,485,ME.CEVME.00,ME,CEVME,00,ME,42.546741,18.917674,768.0,597.0,5.21,topography,B,Not analized,,,geometric_mean_as_recorded,3.0,bindi2014_rhyp,5.0,2015-01-01
358,3,0.04795563044837847,1,485,ME.DAGME.00,ME,DAGME,00,ME,42.5684,19.0677,272.0,684.0,6.75,topography,B,Not analized,,,geometric_mean_as_recorded,3.0,bindi2014_rhyp,5.0,2015-01-01
359,6,-0.03143829063325265,1,485,ME.KOLME.00,ME,KOLME,00,ME,42.8505,19.5152,952.0,965.0,15.75,topography,A,Not analized,,,geometric_mean_as_recorded,3.0,bindi2014_rhyp,5.0,2015-01-01
360,4,-0.01987878571367374,1,485,ME.PLAV0.00,ME,PLAV0,00,ME,42.594478,19.958714,1274.0,1048.0,18.76,topography,A,Not analized,,,geometric_mean_as_recorded,3.0,bindi2014_rhyp,5.0,2015-01-01
1,4,0.27115259279301984,0,175,3A.MZ01.--,3A,MZ01,,IT,42.671575,13.270813,859.0,432.0,2.99,vs_profile,B,NO,,,RotD50,1.0,kotha2020_rjb,4.5,all
2,4,0.3360326350038134,0,175,3A.MZ04.--,3A,MZ04,,IT,42.673895,13.29381,978.0,355.0,7.13,vs_profile,C,NO,,,RotD50,1.0,kotha2020_rjb,4.5,all
3,5,-0.015582615959573609,0,175,3A.MZ08.--,3A,MZ08,,IT,42.63254,13.286562,897.0,670.0,2.62,vs_profile,B,NO,,,RotD50,1.0,kotha2020_rjb,4.5,all
4,4,0.08330476819614699,0,175,3A.MZ10.--,3A,MZ10,,IT,42.625117,13.29985,979.0,590.0,3.62,vs_profile,B,NO,,,RotD50,1.0,kotha2020_rjb,4.5,all
5,4,0.4231383487208026,0,175,3A.MZ12.--,3A,MZ12,,IT,42.628018,13.29179,958.0,500.0,2.08,vs_profile,B,NO,,,RotD50,1.0,kotha2020_rjb,4.5,all
6,4,0.30469976880967775,0,175,3A.MZ21.--,3A,MZ21,,IT,42.651632,13.267547,1046.0,541.0,16.03,vs_profile,B,NO,,,RotD50,1.0,kotha2020_rjb,4.5,all
7,6,0.1511057618837787,0,175,3A.MZ24.--,3A,MZ24,,IT,42.655239,13.288519,912.0,348.0,2.67,vs_profile,C,NO,,,RotD50,1.0,kotha2020_rjb,4.5,all
8,5,0.0647738888782349,0,175,3A.MZ26.--,3A,MZ26,,IT,42.623556,13.3164,983.0,516.0,14.79,vs_profile,B,NO,,,RotD50,1.0,kotha2020_rjb,4.5,all
9,6,0.05821827456839962,0,175,3A.MZ27.--,3A,MZ27,,IT,42.612412,13.296578,1007.0,422.0,12.2,vs_profile,B,NO,,,RotD50,1.0,kotha2020_rjb,4.5,all
10,3,0.15637660089709135,0,175,3A.MZ30.--,3A,MZ30,,IT,42.626432,13.29058,951.0,452.0,5.68,vs_profile,B,NO,,,RotD50,1.0,kotha2020_rjb,4.5,all
11,6,0.24373653208165671,0,175,3A.MZ51.--,3A,MZ51,,IT,42.637948,13.285578,902.0,638.0,6.42,vs_profile,E,NO,,,RotD50,1.0,kotha2020_rjb,4.5,all
12,5,-0.0751444741384471,0,175,3A.MZ63.--,3A,MZ63,,IT,42.629805,13.323448,1071.0,562.0,6.22,vs_profile,B,NO,,,RotD50,1.0,kotha2020_rjb,4.5,all
13,4,-0.09331904977891992,0,175,4A.MI03.--,4A,MI03,,IT,42.327415,13.475692,581.0,378.0,1.01,vs_profile,B,NO,,Directly on the ground,RotD50,1.0,kotha2020_rjb,4.5,all
14,4,0.010982555876174693,0,175,CH.BIBA.--,CH,BIBA,,CH,46.30255,7.93038,660.0,1276.0,26.47,topography,A,NO,,,RotD50,1.0,kotha2020_rjb,4.5,all
15,4,0.05072400124630255,0,175,CH.BNALP.--,CH,BNALP,,CH,46.87034,8.4249,1549.0,1601.0,10.09,vs_profile,A,NO,,,RotD50,1.0,kotha2020_rjb,4.5,all
16,3,-0.04755863100876645,0,175,CH.DIX.--,CH,DIX,,CH,46.081053,7.408391,2370.0,1282.0,26.65,topography,A,NO,,,RotD50,1.0,kotha2020_rjb,4.5,all
17,8,0.027007156249226172,0,175,CH.FUSIO.--,CH,FUSIO,,CH,46.45481,8.6629,1460.0,1631.0,36.65,topography,A,NO,,,RotD50,1.0,kotha2020_rjb,4.5,all
18,5,-0.08851992400704967,0,175,CH.GRIMS.--,CH,GRIMS,,CH,46.578146,8.318864,1746.0,1107.0,20.85,topography,A,NO,,,RotD50,1.0,kotha2020_rjb,4.5,all
19,5,0.048550988400752615,0,175,CH.LIENZ.--,CH,LIENZ,,CH,47.294601,9.4927,1720.0,914.0,13.85,topography,A,NO,,,RotD50,1.0,kotha2020_rjb,4.5,all
20,5,-0.22037008604356417,0,175,CH.LLS.--,CH,LLS,,CH,46.84676,9.00825,1860.0,2925.0,11.85,vs_profile,A,NO,,,RotD50,1.0,kotha2020_rjb,4.5,all
21,8,-0.0589482797891841,0,175,CH.MMK.--,CH,MMK,,CH,46.0507,7.96409,2200.0,1404.0,30.39,topography,A,NO,,,RotD50,1.0,kotha2020_rjb,4.5,all
22,3,0.3879979188667054,0,175,CH.SCAS.--,CH,SCAS,,CH,46.1554,8.616,567.0,999.0,17.01,topography,A,Not analized,,,RotD50,1.0,kotha2020_rjb,4.5,all
23,5,0.0570098305551226,0,175,CH.SCUC.--,CH,SCUC,,CH,46.798,10.3038,1230.0,751.0,7.82,topography,B,NO,,,RotD50,1.0,kotha2020_rjb,4.5,all
24,7,-0.338789416770648,0,175,CH.SVAM.--,CH,SVAM,,CH,46.693377,9.526099,1227.0,486.0,18.11,vs_profile,B,NO,,,RotD50,1.0,kotha2020_rjb,4.5,all
25,4,-0.026399806613587373,0,175,CH.SVIO.--,CH,SVIO,,CH,46.2908,7.88033,650.0,1124.0,1.87,vs_profile,A,NO,,,RotD50,1.0,kotha2020_rjb,4.5,all
76,5,0.23259679272313338,0,175,IT.ALF.--,IT,ALF,,IT,44.5022,12.0334,6.0,243.0,0.08,vs_profile,C,NO,ENEL Box,Pillar,RotD50,1.0,kotha2020_rjb,4.5,all
77,12,-0.026175020967719898,0,175,IT.AMT.--,IT,AMT,,IT,42.6325,13.2866,933.0,670.0,2.62,vs_profile,B,YES,Fiberglass box,Pillar,RotD50,1.0,kotha2020_rjb,4.5,all
78,15,-0.17208950924104027,0,175,IT.AQA.--,IT,AQA,,IT,42.3755,13.3393,693.0,549.0,0.53,vs_profile,B,NO,Fiberglass box,Pillar,RotD50,1.0,kotha2020_rjb,4.5,all
79,22,0.010192775016066524,0,175,IT.AQG.--,IT,AQG,,IT,42.3737,13.337,743.0,696.0,12.98,vs_profile,B,NO,Fiberglass box,Pillar,RotD50,1.0,kotha2020_rjb,4.5,all
80,8,0.10465448209780348,0,175,IT.AQP.--,IT,AQP,,IT,42.3837,13.3686,1192.0,836.0,2.05,vs_profile,A,NO,Fiberglass box,Pillar,RotD50,1.0,kotha2020_rjb,4.5,all
81,4,-0.375487250664742,0,175,IT.ARG.--,IT,ARG,,IT,44.6306,11.8251,45.0,170.0,0.17,vs_profile,D,NO,Fiberglass box,Pillar,RotD50,1.0,kotha2020_rjb,4.5,all
82,14,0.034105990119849106,0,175,IT.ASP.--,IT,ASP,,IT,42.848,13.6479,89.0,599.0,2.03,vs_profile,B,NO,ENEL Box,Pillar,RotD50,1.0,kotha2020_rjb,4.5,all
83,3,-0.21301048321306054,0,175,IT.BGN.--,IT,BGN,,IT,44.3224,9.9917,304.0,640.0,21.89,vs_profile,B,NO,Small masonry building,Pillar,RotD50,1.0,kotha2020_rjb,4.5,all
84,18,0.03409091962406638,0,175,IT.BGR.--,IT,BGR,,IT,43.8895,11.9912,557.0,829.0,11.6,vs_profile,A,YES,Fiberglass box,Pillar,RotD50,1.0,kotha2020_rjb,4.5,all
85,7,-0.040125055617834526,0,175,IT.BRH.--,IT,BRH,,IT,44.2076,11.7639,149.0,395.0,5.09,vs_profile,B,NO,ENEL Box,Pillar,RotD50,1.0,kotha2020_rjb,4.5,all
86,4,-0.5458096370640355,0,175,IT.BRM.--,IT,BRM,,IT,44.1293,11.1176,851.0,410.0,10.67,vs_profile,B,NO,ENEL Box,Pillar,RotD50,1.0,kotha2020_rjb,4.5,all
87,18,-0.4212524279949168,0,175,IT.BRS.--,IT,BRS,,IT,42.3243,13.5902,977.0,444.0,7.03,vs_profile,E,NO,ENEL Box,Pillar,RotD50,1.0,kotha2020_rjb,4.5,all
88,8,-0.13627959028335496,0,175,IT.BTT2.--,IT,BTT2,,IT,41.9983,13.5431,663.0,90.0,0.14,vs_profile,D,NO,ENEL Box,Pillar,RotD50,1.0,kotha2020_rjb,4.5,all
89,16,0.23083027405374254,0,175,IT.BVG.--,IT,BVG,,IT,42.9323,12.611,216.0,211.0,1.12,vs_profile,C,NO,ENEL Box,Pillar,RotD50,1.0,kotha2020_rjb,4.5,all
90,3,0.2228929839240472,0,175,IT.BVT.--,IT,BVT,,IT,44.5304,9.7428,840.0,596.0,9.12,vs_profile,B,NO,Fiberglass box,Pillar,RotD50,1.0,kotha2020_rjb,4.5,all
91,14,-0.1366597000426849,0,175,IT.BZZ.--,IT,BZZ,,IT,42.337,13.4685,640.0,679.0,0.87,vs_profile,B,YES,Small masonry building,Pillar,RotD50,1.0,kotha2020_rjb,4.5,all
92,18,0.1062176395889359,0,175,IT.CLF.--,IT,CLF,,IT,43.0367,12.9204,701.0,145.0,1.4,vs_profile,D,NO,ENEL Box,Pillar,RotD50,1.0,kotha2020_rjb,4.5,all
93,4,-0.005840778552046788,0,175,IT.CNT.--,IT,CNT,,IT,44.7234,11.2866,71.0,174.0,0.06,vs_profile,D,NO,Fiberglass box,Pillar,RotD50,1.0,kotha2020_rjb,4.5,all
94,7,-0.08985261077258222,0,175,IT.CPC.--,IT,CPC,,IT,44.9214,11.8756,8.0,174.0,0.03,vs_profile,D,NO,ENEL Box,Pillar,RotD50,1.0,kotha2020_rjb,4.5,all
95,10,-0.1277975615774845,0,175,IT.CPS.--,IT,CPS,,IT,42.2716,13.7583,580.0,732.0,5.1,vs_profile,B,NO,Fiberglass box,Pillar,RotD50,1.0,kotha2020_rjb,4.5,all
96,14,0.2035844030802541,0,175,IT.CSA.--,IT,CSA,,IT,43.008,12.5906,196.0,200.0,0.16,vs_profile,C,NO,Small masonry building,Pillar,RotD50,1.0,kotha2020_rjb,4.5,all
97,9,-0.043950637169258566,0,175,IT.CSD.--,IT,CSD,,IT,42.754,12.0035,494.0,466.0,10.18,vs_profile,B,NO,ENEL Box,Pillar,RotD50,1.0,kotha2020_rjb,4.5,all
98,5,0.11427041662875767,0,175,IT.CSP.--,IT,CSP,,IT,44.3784,11.5801,88.0,237.0,2.95,vs_profile,C,NO,ENEL Box,Pillar,RotD50,1.0,kotha2020_rjb,4.5,all
99,11,-0.14050907024747172,0,175,IT.CSS.--,IT,CSS,,IT,41.4858,13.8231,175.0,648.0,17.2,vs_profile,B,NO,Small masonry building,Pillar,RotD50,1.0,kotha2020_rjb,4.5,all
100,5,0.3406133839208014,0,175,IT.CST.--,IT,CST,,IT,45.6595,11.9023,487.0,541.0,0.56,vs_profile,B,NO,ENEL Box,Pillar,RotD50,1.0,kotha2020_rjb,4.5,all
101,16,-0.1403784044065403,0,175,IT.CTD.--,IT,CTD,,IT,42.3884,12.9477,484.0,407.0,12.11,vs_profile,B,NO,ENEL Box,Pillar,RotD50,1.0,kotha2020_rjb,4.5,all
102,3,0.12712885016064035,0,175,IT.DCM.--,IT,DCM,,IT,43.8912,11.518,200.0,1000.0,1.35,vs_profile,A,YES,Fiberglass box,Pillar,RotD50,1.0,kotha2020_rjb,4.5,all
103,8,-0.005080618418667471,0,175,IT.FAZ.--,IT,FAZ,,IT,44.298,11.8907,72.0,292.0,0.24,vs_profile,C,NO,Fiberglass box,Pillar,RotD50,1.0,kotha2020_rjb,4.5,all
104,4,0.03325076432146512,0,175,IT.FOCC.--,IT,FOCC,,IT,42.9574,12.7079,283.0,593.0,1.62,vs_profile,B,NO,,,RotD50,1.0,kotha2020_rjb,4.5,all
105,3,0.022309457802432126,0,175,IT.FOR.--,IT,FOR,,IT,44.1994,12.0419,77.0,296.0,0.16,vs_profile,C,NO,Fiberglass box,Pillar,RotD50,1.0,kotha2020_rjb,4.5,all
106,18,-0.15120985973661766,0,175,IT.FOS.--,IT,FOS,,IT,43.0146,12.8351,965.0,565.0,1.85,vs_profile,B,NO,Fiberglass box,Pillar,RotD50,1.0,kotha2020_rjb,4.5,all
107,6,-0.08308120458893126,0,175,IT.FVZ.--,IT,FVZ,,IT,44.2382,10.1311,428.0,509.0,14.16,vs_profile,E,NO,Fiberglass box,Pillar,RotD50,1.0,kotha2020_rjb,4.5,all
108,14,0.15035948982180355,0,175,IT.GBP.--,IT,GBP,,IT,43.3138,12.5894,426.0,224.0,0.66,vs_profile,C,NO,ENEL Box,Pillar,RotD50,1.0,kotha2020_rjb,4.5,all
109,4,0.34209512689103355,0,175,IT.GNV.--,IT,GNV,,IT,44.4317,8.932,419.0,1152.0,2.3,vs_profile,A,YES,Fiberglass box,Pillar,RotD50,1.0,kotha2020_rjb,4.5,all
110,21,-0.22317704157645785,0,175,IT.GSA.--,IT,GSA,,IT,42.4207,13.5194,1063.0,492.0,8.01,vs_profile,B,NO,Fiberglass box,Pillar,RotD50,1.0,kotha2020_rjb,4.5,all
111,6,0.07949295194059763,0,175,IT.ISD.--,IT,ISD,,IT,45.2733,10.9602,40.0,252.0,0.05,vs_profile,C,NO,ENEL Box,Pillar,RotD50,1.0,kotha2020_rjb,4.5,all
112,4,-0.1557149033658849,0,175,IT.LDP.--,IT,LDP,,IT,42.0392,14.1826,766.0,328.0,11.25,vs_profile,C,NO,Fiberglass box,Pillar,RotD50,1.0,kotha2020_rjb,4.5,all
113,3,0.12249038859371372,0,175,IT.LNG.--,IT,LNG,,IT,44.6553,10.3133,203.0,428.0,0.95,vs_profile,B,NO,Small masonry building,Pillar,RotD50,1.0,kotha2020_rjb,4.5,all
114,24,-0.1750431896484716,0,175,IT.LSS.--,IT,LSS,,IT,42.5582,12.9689,1067.0,1091.0,26.5,vs_profile,A,YES,Fiberglass box,Pillar,RotD50,1.0,kotha2020_rjb,4.5,all
115,13,-0.08388705559134207,0,175,IT.MCS.--,IT,MCS,,IT,43.9937,12.1067,249.0,568.0,8.64,vs_profile,B,NO,Fiberglass box,Pillar,RotD50,1.0,kotha2020_rjb,4.5,all
116,7,0.01105198909488836,0,175,IT.MDN.--,IT,MDN,,IT,44.646,10.8899,80.0,213.0,0.09,vs_profile,C,NO,Fiberglass box,Pillar,RotD50,1.0,kotha2020_rjb,4.5,all
117,7,0.11194258170008181,0,175,IT.MLC.--,IT,MLC,,IT,45.8079,10.8485,98.0,430.0,16.05,vs_profile,B,NO,ENEL Box,Pillar,RotD50,1.0,kotha2020_rjb,4.5,all
118,4,0.07993553635266817,0,175,IT.MLD.--,IT,MLD,,IT,44.1184,12.071,116.0,214.0,7.99,vs_profile,C,NO,ENEL Box,Pillar,RotD50,1.0,kotha2020_rjb,4.5,all
119,17,-0.07274340528669687,0,175,IT.MMP1.--,IT,MMP1,,IT,42.2492,12.7483,471.0,800.0,12.54,vs_profile,A,YES,Fiberglass box,Pillar,RotD50,1.0,kotha2020_rjb,4.5,all
120,15,-0.18490885608586,0,175,IT.MNF.--,IT,MNF,,IT,43.0596,13.1844,644.0,1062.0,24.51,vs_profile,A,YES,Small masonry building,Pillar,RotD50,1.0,kotha2020_rjb,4.5,all
121,4,-0.7193021300962085,0,175,IT.MNS.--,IT,MNS,,IT,45.2517,11.7221,14.0,227.0,1.85,vs_profile,C,NO,ENEL Box,Pillar,RotD50,1.0,kotha2020_rjb,4.5,all
122,5,0.02890941776681555,0,175,IT.MRN.--,IT,MRN,,IT,44.8782,11.0617,15.0,208.0,0.05,vs_profile,C,NO,ENEL Box,Pillar,RotD50,1.0,kotha2020_rjb,4.5,all
123,9,0.17704421671606357,0,175,IT.MSC.--,IT,MSC,,IT,42.5268,13.3508,1335.0,652.0,6.39,vs_profile,B,NO,Fiberglass box,Pillar,RotD50,1.0,kotha2020_rjb,4.5,all
124,12,0.06995076383094923,0,175,IT.MSCT.--,IT,MSCT,,IT,42.526699,13.3509,1382.0,652.0,6.39,vs_profile,B,NO,Fiberglass box,Pillar,RotD50,1.0,kotha2020_rjb,4.5,all
125,17,0.2154122594480118,0,175,IT.MTL.--,IT,MTL,,IT,43.2494,13.0083,376.0,579.0,0.62,vs_profile,B,NO,ENEL Box,Pillar,RotD50,1.0,kotha2020_rjb,4.5,all
126,10,-0.37863686607960145,0,175,IT.MVB.--,IT,MVB,,IT,42.9619,12.257,363.0,1046.0,7.23,vs_profile,A,YES,Fiberglass box,Pillar,RotD50,1.0,kotha2020_rjb,4.5,all
127,14,0.3110122378368382,0,175,IT.NRC.--,IT,NRC,,IT,42.7925,13.0964,616.0,498.0,3.89,vs_profile,B,NO,Vault,Pillar,RotD50,1.0,kotha2020_rjb,4.5,all
128,11,-0.08019321861272821,0,175,IT.NRN.--,IT,NRN,,IT,42.5155,12.5194,306.0,811.0,16.9,vs_profile,A,YES,ENEL Box,Pillar,RotD50,1.0,kotha2020_rjb,4.5,all
129,4,-0.2529299980172861,0,175,IT.NVL.--,IT,NVL,,IT,44.843,10.7315,22.0,190.0,0.05,vs_profile,C,NO,Small masonry building,Pillar,RotD50,1.0,kotha2020_rjb,4.5,all
130,14,-0.16760034470341206,0,175,IT.PAN.--,IT,PAN,,IT,43.0058,12.1436,334.0,980.0,13.61,vs_profile,A,YES,Fiberglass box,Pillar,RotD50,1.0,kotha2020_rjb,4.5,all
131,5,0.06454153376888894,0,175,IT.PAR.--,IT,PAR,,IT,44.8289,10.2793,91.0,335.0,0.26,vs_profile,C,NO,Fiberglass box,Pillar,RotD50,1.0,kotha2020_rjb,4.5,all
132,6,-0.0753678595295908,0,175,IT.PNN.--,IT,PNN,,IT,43.8181,12.2628,525.0,335.0,12.55,vs_profile,C,NO,ENEL Box,Pillar,RotD50,1.0,kotha2020_rjb,4.5,all
133,14,0.11056126035043318,0,175,IT.PSC.--,IT,PSC,,IT,41.812,13.7892,1241.0,1000.0,23.1,vs_profile,A,YES,Fiberglass box,Pillar,RotD50,1.0,kotha2020_rjb,4.5,all
134,6,0.19568605571284653,0,175,IT.PTV.--,IT,PTV,,IT,45.2741,10.0879,55.0,245.0,0.42,vs_profile,C,NO,ENEL Box,Pillar,RotD50,1.0,kotha2020_rjb,4.5,all
135,6,-0.17200142662309098,0,175,IT.PVF.--,IT,PVF,,IT,44.333,10.8252,743.0,453.0,3.78,vs_profile,B,NO,Fiberglass box,Pillar,RotD50,1.0,kotha2020_rjb,4.5,all
136,12,-0.025295954541144305,0,175,IT.PZI1.--,IT,PZI1,,IT,42.4356,13.3262,908.0,705.0,7.68,vs_profile,B,NO,Small masonry building,Building basement,RotD50,1.0,kotha2020_rjb,4.5,all
137,6,0.05823820879586794,0,175,IT.PZS.--,IT,PZS,,IT,44.1885,10.2886,659.0,453.0,10.98,vs_profile,B,NO,Fiberglass box,Pillar,RotD50,1.0,kotha2020_rjb,4.5,all
138,4,0.037529238380041935,0,175,IT.RNC.--,IT,RNC,,IT,43.870472,11.606806,534.0,859.0,16.04,vs_profile,A,YES,ENEL Box,Pillar,RotD50,1.0,kotha2020_rjb,4.5,all
139,14,0.03084127197872047,0,175,IT.RQT.--,IT,RQT,,IT,42.813,13.311,1188.0,805.0,4.42,vs_profile,A,NO,ENEL Box,Building basement,RotD50,1.0,kotha2020_rjb,4.5,all
140,13,0.12203675373599249,0,175,IT.RTI.--,IT,RTI,,IT,42.4302,12.829,393.0,170.0,0.53,vs_profile,D,NO,ENEL Box,Pillar,RotD50,1.0,kotha2020_rjb,4.5,all
141,6,-0.12460696106869185,0,175,IT.SBC.--,IT,SBC,,IT,41.9132,13.1055,673.0,1298.0,17.31,vs_profile,A,YES,Fiberglass box,Pillar,RotD50,1.0,kotha2020_rjb,4.5,all
142,7,-0.13669504566590818,0,175,IT.SCN.--,IT,SCN,,IT,41.9187,13.8724,984.0,839.0,17.18,vs_profile,A,YES,Fiberglass box,Pillar,RotD50,1.0,kotha2020_rjb,4.5,all
143,8,0.0009107933814734848,0,175,IT.SDM.--,IT,SDM,,IT,42.2897,13.5577,666.0,752.0,7.17,vs_profile,B,YES,ENEL Box,Pillar,RotD50,1.0,kotha2020_rjb,4.5,all
144,12,0.10663514337465205,0,175,IT.SNG.--,IT,SNG,,IT,43.6855,13.2261,85.0,258.0,2.56,vs_profile,C,NO,ENEL Box,Pillar,RotD50,1.0,kotha2020_rjb,4.5,all
145,5,0.09946524140778837,0,175,IT.SNZ1.--,IT,SNZ1,,IT,45.0742,9.8944,42.0,222.0,0.16,vs_profile,C,NO,ENEL Box,Pillar,RotD50,1.0,kotha2020_rjb,4.5,all
146,3,-0.4261619465443357,0,175,IT.SSC.--,IT,SSC,,IT,42.8746,11.8768,645.0,498.0,6.47,vs_profile,E,Not analized,Fiberglass box,Pillar,RotD50,1.0,kotha2020_rjb,4.5,all
147,8,0.15999652128856562,0,175,IT.SSU.--,IT,SSU,,IT,44.507,10.7848,448.0,489.0,9.74,vs_profile,E,NO,Fiberglass box,Pillar,RotD50,1.0,kotha2020_rjb,4.5,all
148,16,0.3760024762242393,0,175,IT.SULA.--,IT,SULA,,IT,42.0734,13.9166,412.0,297.0,0.63,vs_profile,C,NO,Small masonry building,Building basement,RotD50,1.0,kotha2020_rjb,4.5,all
149,17,0.35518867844488333,0,175,IT.SULP.--,IT,SULP,,IT,42.085,13.9274,405.0,275.0,1.99,vs_profile,C,NO,Small masonry building,Building basement,RotD50,1.0,kotha2020_rjb,4.5,all
150,15,0.06331748475368573,0,175,IT.TER.--,IT,TER,,IT,42.6565,13.6895,317.0,649.0,11.37,vs_profile,B,NO,Fiberglass box,Pillar,RotD50,1.0,kotha2020_rjb,4.5,all
151,3,0.10450215009042299,0,175,IT.TLM2.--,IT,TLM2,,IT,46.3814,12.9839,519.0,458.0,3.01,vs_profile,B,NO,Dam,Pillar,RotD50,1.0,kotha2020_rjb,4.5,all
152,15,0.12004514269302011,0,175,IT.TRL.--,IT,TRL,,IT,42.4613,12.9323,1226.0,380.0,11.41,vs_profile,B,NO,Small masonry building,Pillar,RotD50,1.0,kotha2020_rjb,4.5,all
153,7,-0.10508743967097872,0,175,IT.TVL.--,IT,TVL,,IT,41.893,12.7732,118.0,314.0,2.35,vs_profile,C,NO,ENEL Box,Pillar,RotD50,1.0,kotha2020_rjb,4.5,all
154,5,-0.03633101210926892,0,175,IT.VRL.--,IT,VRL,,IT,44.3927,9.6334,803.0,855.0,16.31,vs_profile,A,YES,Fiberglass box,Pillar,RotD50,1.0,kotha2020_rjb,4.5,all
155,8,-0.23252820868061008,0,175,IV.CAFE.--,IV,CAFE,,IT,41.028,15.2366,1070.0,622.0,10.33,vs_profile,B,NO,Vault,Pillar,RotD50,1.0,kotha2020_rjb,4.5,all
156,17,0.20696541772911609,0,175,IV.CDCA.--,IV,CDCA,,IT,43.4584,12.2336,50.0,277.0,0.62,vs_profile,C,NO,Box,Pillar,RotD50,1.0,kotha2020_rjb,4.5,all
157,19,0.28139879512120214,0,175,IV.CIMA.--,IV,CIMA,,IT,43.305297,13.670091,163.0,443.0,8.93,vs_profile,B,NO,Fiberglass box,Directly on the ground,RotD50,1.0,kotha2020_rjb,4.5,all
158,4,-0.014049900482075828,0,175,IV.CMPO.--,IV,CMPO,,IT,44.5808,11.8056,2.0,116.0,0.02,vs_profile,D,NO,Vault,Pillar,RotD50,1.0,kotha2020_rjb,4.5,all
159,9,-0.0065096652631518315,0,175,IV.CRND.--,IV,CRND,,IT,45.8361,12.0131,159.0,423.0,0.34,vs_profile,B,NO,Box,Directly on the ground,RotD50,1.0,kotha2020_rjb,4.5,all
160,7,-0.3276015722595119,0,175,IV.FERS.--,IV,FERS,,IT,44.9035,11.5406,3.0,184.0,0.11,vs_profile,C,NO,,,RotD50,1.0,kotha2020_rjb,4.5,all
161,17,-0.07820535327551154,0,175,IV.FIAM.--,IV,FIAM,,IT,42.26802,13.11718,1070.0,790.0,25.39,vs_profile,B,YES,Vault,Pillar,RotD50,1.0,kotha2020_rjb,4.5,all
162,27,0.2050030169969555,0,175,IV.GUMA.--,IV,GUMA,,IT,43.0627,13.3352,574.0,488.0,6.9,vs_profile,B,NO,Vault,Pillar,RotD50,1.0,kotha2020_rjb,4.5,all
163,7,0.23057238184269724,0,175,IV.INTR.--,IV,INTR,,IT,42.01154,13.9046,924.0,685.0,8.98,vs_profile,B,NO,Vault,Pillar,RotD50,1.0,kotha2020_rjb,4.5,all
164,11,-0.07610687086518786,0,175,IV.MRB1.--,IV,MRB1,,IT,41.1227,14.96815,688.0,448.0,17.16,vs_profile,B,NO,Vault,Pillar,RotD50,1.0,kotha2020_rjb,4.5,all
165,6,-0.5338410721589694,0,175,IV.MRLC.--,IV,MRLC,,IT,40.7564,15.48892,605.0,861.0,29.37,vs_profile,A,YES,,,RotD50,1.0,kotha2020_rjb,4.5,all
166,6,-0.2978941359124866,0,175,IV.NDIM.--,IV,NDIM,,IT,44.8873,10.8987,19.0,208.0,0.05,vs_profile,C,NO,,,RotD50,1.0,kotha2020_rjb,4.5,all
167,7,0.020239141605452426,0,175,IV.NEVI.--,IV,NEVI,,IT,44.5834,10.3163,480.0,367.0,5.09,vs_profile,B,NO,,Directly on the ground,RotD50,1.0,kotha2020_rjb,4.5,all
168,9,-0.18054123835868002,0,175,IV.NRCA.--,IV,NRCA,,IT,42.83355,13.11427,927.0,591.0,19.29,vs_profile,B,NO,Box,Building floor,RotD50,1.0,kotha2020_rjb,4.5,all
169,12,0.10670481496617137,0,175,IV.OPPE.--,IV,OPPE,,IT,45.3082,11.1724,20.0,264.0,1.04,vs_profile,C,NO,Box,Directly on the ground,RotD50,1.0,kotha2020_rjb,4.5,all
170,17,-0.01414998597806244,0,175,IV.POFI.--,IV,POFI,,IT,41.71743,13.71202,878.0,1280.0,2.2,vs_profile,A,YES,Vault,Pillar,RotD50,1.0,kotha2020_rjb,4.5,all
171,3,0.11367842571895392,0,175,IV.ROM9.--,IV,ROM9,,IT,41.82842,12.51553,110.0,605.0,1.53,vs_profile,B,NO,Box,Pillar,RotD50,1.0,kotha2020_rjb,4.5,all
172,25,-0.10879926887243768,0,175,IV.SACS.--,IV,SACS,,IT,42.84906,11.90967,845.0,692.0,1.59,vs_profile,B,YES,Vault,Pillar,RotD50,1.0,kotha2020_rjb,4.5,all
173,13,0.3169996748032644,0,175,IV.SANR.--,IV,SANR,,IT,45.64,11.6099,51.0,321.0,0.34,vs_profile,C,NO,Fiberglass box,Building floor,RotD50,1.0,kotha2020_rjb,4.5,all
174,14,-0.28247503182011957,0,175,IV.SEF1.--,IV,SEF1,,IT,43.14683,12.94762,518.0,485.0,15.69,vs_profile,E,NO,Fiberglass box,Directly on the ground,RotD50,1.0,kotha2020_rjb,4.5,all
175,23,0.07734972436774609,0,175,IV.SENI.--,IV,SENI,,IT,43.7052,13.2331,10.0,242.0,0.27,vs_profile,C,NO,Borehole,,RotD50,1.0,kotha2020_rjb,4.5,all
176,5,-0.2874460482204855,0,175,IV.SGTA.--,IV,SGTA,,IT,41.135,15.365,890.0,400.0,3.28,vs_profile,B,YES,,,RotD50,1.0,kotha2020_rjb,4.5,all
177,9,-0.019754180698415502,0,175,IV.SNAL.--,IV,SNAL,,IT,40.92542,15.20908,874.0,728.0,12.1,vs_profile,B,NO,,,RotD50,1.0,kotha2020_rjb,4.5,all
178,15,-0.055350168587173953,0,175,IV.TERO.--,IV,TERO,,IT,42.62279,13.60393,673.0,912.0,19.67,vs_profile,A,YES,Vault,Pillar,RotD50,1.0,kotha2020_rjb,4.5,all
179,8,-0.5096752231364593,0,175,IV.TREG.--,IV,TREG,,IT,45.523,11.1606,342.0,391.0,1.39,vs_profile,B,NO,Box,Directly on the ground,RotD50,1.0,kotha2020_rjb,4.5,all
180,5,0.08108136474536634,0,175,IV.VENL.--,IV,VENL,,IT,45.4167,12.3765,4.0,245.0,0.48,vs_profile,C,NO,Unknown,,RotD50,1.0,kotha2020_rjb,4.5,all
181,10,-0.01756449385939185,0,175,IV.VOBA.--,IV,VOBA,,IT,45.6429,10.504,292.0,450.0,1.79,vs_profile,B,NO,Box,Pillar,RotD50,1.0,kotha2020_rjb,4.5,all
182,13,0.018483110740705577,0,175,IV.ZOVE.--,IV,ZOVE,,IT,45.4536,11.4876,376.0,1013.0,16.69,vs_profile,A,NO,Box,Pillar,RotD50,1.0,kotha2020_rjb,4.5,all
26,4,-0.04409147260742197,1,90,CL.AGRP.00,CL,AGRP,00,GR,38.3959,21.72277,282.0,556.0,4.32,topography,B,Not analized,,,RotD50,1.0,kotha2020_rjb,4.5,all
27,6,0.11835218749332171,1,90,CL.ROD3.00,CL,ROD3,00,GR,38.30811,21.89204,448.0,514.0,3.39,topography,B,Not analized,,,RotD50,1.0,kotha2020_rjb,4.5,all
28,3,-0.16340967285652572,1,90,CL.TRIZ.00,CL,TRIZ,00,GR,38.36543,22.07272,59.0,729.0,7.48,topography,B,Not analized,,,RotD50,1.0,kotha2020_rjb,4.5,all
29,16,-0.021011441394199915,1,90,HI.ARG2.--,HI,ARG2,,GR,38.1783,20.4878,6.0,417.0,1.83,topography,B,Not analized,,,RotD50,1.0,kotha2020_rjb,4.5,all
30,3,0.07445967661975064,1,90,HI.ARS1.--,HI,ARS1,,GR,37.6349,22.7293,34.0,362.0,1.05,topography,B,Not analized,,,RotD50,1.0,kotha2020_rjb,4.5,all
31,10,-0.10741993699879873,1,90,HI.ART2.--,HI,ART2,,GR,39.1474,20.9937,191.0,643.0,6.09,topography,B,Not analized,,,RotD50,1.0,kotha2020_rjb,4.5,all
32,17,0.006256162036120297,1,90,HI.KLV1.--,HI,KLV1,,GR,38.03256,22.10797,717.0,465.0,2.52,topography,B,Not analized,,,RotD50,1.0,kotha2020_rjb,4.5,all
33,9,0.22944110292242265,1,90,HI.KRI1.--,HI,KRI1,,GR,37.6621,20.8172,185.0,882.0,12.65,topography,A,Not analized,,,RotD50,1.0,kotha2020_rjb,4.5,all
34,11,-0.09819155158345533,1,90,HI.KRK1.--,HI,KRK1,,GR,39.618861,19.9202,10.0,421.0,1.89,topography,B,Not analized,,,RotD50,1.0,kotha2020_rjb,4.5,all
35,3,0.3157336287580766,1,90,HI.KRL1.--,HI,KRL1,,GR,37.7951,26.7065,14.0,644.0,6.1,topography,B,Not analized,,,RotD50,1.0,kotha2020_rjb,4.5,all
36,4,-0.20973565946322917,1,90,HI.LMN1.--,HI,LMN1,,GR,39.875,25.0588,2.0,603.0,5.34,topography,B,Not analized,,,RotD50,1.0,kotha2020_rjb,4.5,all
37,4,-0.11940326090894263,1,90,HI.LMS2.--,HI,LMS2,,GR,40.834985,21.141815,923.0,446.0,2.25,topography,B,Not analized,,,RotD50,1.0,kotha2020_rjb,4.5,all
38,15,0.49641409057814234,1,90,HI.MSL1.--,HI,MSL1,,GR,38.3727,21.4243,1.0,344.0,0.85,topography,C,Not analized,,,RotD50,1.0,kotha2020_rjb,4.5,all
39,4,0.08718119326340235,1,90,HI.MYT1.--,HI,MYT1,,GR,39.085,26.5694,34.0,809.0,9.86,topography,A,Not analized,,,RotD50,1.0,kotha2020_rjb,4.5,all
40,3,-0.30176450085224266,1,90,HI.NAX1.--,HI,NAX1,,GR,37.101394,25.374103,7.0,407.0,1.69,topography,B,Not analized,,,RotD50,1.0,kotha2020_rjb,4.5,all
41,5,-0.10042595547382735,1,90,HI.NPS1.--,HI,NPS1,,GR,36.51263,23.06248,48.0,407.0,1.69,topography,B,Not analized,,,RotD50,1.0,kotha2020_rjb,4.5,all
42,3,0.0342564873968634,1,90,HI.PLN1.--,HI,PLN1,,GR,39.998,23.575,29.0,443.0,2.2,topography,B,Not analized,,,RotD50,1.0,kotha2020_rjb,4.5,all
43,7,0.20485658841047036,1,90,HI.SFL1.--,HI,SFL1,,GR,41.189954,26.304374,6.0,355.0,0.97,topography,C,Not analized,,,RotD50,1.0,kotha2020_rjb,4.5,all
44,4,-0.0390848012690134,1,90,HI.SKY1.--,HI,SKY1,,GR,38.904483,24.564572,75.0,824.0,10.43,topography,A,Not analized,,,RotD50,1.0,kotha2020_rjb,4.5,all
45,4,-0.3358788180323569,1,90,HI.THS1.--,HI,THS1,,GR,40.738476,24.575145,20.0,527.0,3.66,topography,B,Not analized,,,RotD50,1.0,kotha2020_rjb,4.5,all
46,4,-0.37308241775054063,1,90,HI.VOL2.--,HI,VOL2,,GR,39.366,22.9506,26.0,393.0,1.5,topography,B,Not analized,,,RotD50,1.0,kotha2020_rjb,4.5,all
47,6,0.0951565159503821,1,90,HL.ALNA.00,HL,ALNA,00,GR,39.14804,23.86669,40.0,437.0,2.12,topography,B,Not analized,,,RotD50,1.0,kotha2020_rjb,4.5,all
48,10,0.20447513194041025,1,90,HL.ARIA.00,HL,ARIA,00,GR,38.33358,21.76206,1.0,301.0,0.37,topography,C,Not analized,,,RotD50,1.0,kotha2020_rjb,4.5,all
49,3,-0.29593585223797464,1,90,HL.ARTB.00,HL,ARTB,00,GR,39.15702,20.9785,29.0,311.0,0.49,topography,C,Not analized,,,RotD50,1.0,kotha2020_rjb,4.5,all
50,3,-0.3818775202167618,1,90,HL.DION.--,HL,DION,,GR,38.07794,23.93306,460.0,459.0,2.43,topography,B,Not analized,,,RotD50,1.0,kotha2020_rjb,4.5,all
51,12,-0.043330315170209,1,90,HL.DLFA.00,HL,DLFA,00,GR,38.47836,22.49583,570.0,1666.0,37.55,topography,A,Not analized,,,RotD50,1.0,kotha2020_rjb,4.5,all
52,6,-0.3221394730760355,1,90,HL.EFSA.00,HL,EFSA,00,GR,39.54015,24.98864,5.0,586.0,4.96,topography,B,Not analized,,,RotD50,1.0,kotha2020_rjb,4.5,all
53,14,-0.13306797595851788,1,90,HL.ITM.00,HL,ITM,00,GR,37.17872,21.92522,423.0,882.0,12.68,topography,A,Not analized,,,RotD50,1.0,kotha2020_rjb,4.5,all
54,17,-0.14755306851458946,1,90,HL.JAN.00,HL,JAN,00,GR,39.65616,20.84874,526.0,399.0,1.58,topography,B,Not analized,,,RotD50,1.0,kotha2020_rjb,4.5,all
55,14,-0.12479124836222019,1,90,HL.KASA.00,HL,KASA,00,GR,39.74628,19.93542,65.0,1006.0,17.27,topography,A,Not analized,,,RotD50,1.0,kotha2020_rjb,4.5,all
56,3,-0.39712542267053275,1,90,HL.KLNA.00,HL,KLNA,00,GR,36.95708,26.97274,28.0,530.0,3.75,topography,B,Not analized,,,RotD50,1.0,kotha2020_rjb,4.5,all
57,8,-0.40810683614769405,1,90,HL.LIA.00,HL,LIA,00,GR,39.89725,25.18055,67.0,471.0,2.59,topography,B,Not analized,,,RotD50,1.0,kotha2020_rjb,4.5,all
58,8,0.09010393493959626,1,90,HL.LXRA.00,HL,LXRA,00,GR,38.20006,20.43718,0.0,462.0,2.47,topography,B,Not analized,,,RotD50,1.0,kotha2020_rjb,4.5,all
59,10,-0.1555739088265982,1,90,HL.MGNA.00,HL,MGNA,00,GR,38.65606,20.79116,58.0,595.0,5.15,topography,B,Not analized,,,RotD50,1.0,kotha2020_rjb,4.5,all
60,8,-0.09560268043866088,1,90,HL.NOAC.00,HL,NOAC,00,GR,37.97384,23.71767,93.0,719.0,7.32,topography,B,Not analized,,,RotD50,1.0,kotha2020_rjb,4.5,all
61,4,-0.15646594188232185,1,90,HL.NOAC.02,HL,NOAC,02,GR,37.97384,23.71767,93.0,719.0,7.32,topography,B,Not analized,,,RotD50,1.0,kotha2020_rjb,4.5,all
62,6,0.26880755043314364,1,90,HL.NVR.00,HL,NVR,00,GR,41.34846,23.86517,627.0,955.0,15.37,topography,A,Not analized,,,RotD50,1.0,kotha2020_rjb,4.5,all
63,8,0.3823420586625611,1,90,HL.PATC.00,HL,PATC,00,GR,38.26933,21.76001,47.0,444.0,2.21,topography,B,Not analized,,,RotD50,1.0,kotha2020_rjb,4.5,all
64,3,0.23376893128491516,1,90,HL.PATG.00,HL,PATG,00,GR,38.23865,21.72657,1.0,315.0,0.53,topography,C,Not analized,,,RotD50,1.0,kotha2020_rjb,4.5,all
65,5,-0.4537541331728886,1,90,HL.PLG.--,HL,PLG,,GR,40.37328,23.44443,566.0,608.0,5.44,topography,B,Not analized,,,RotD50,1.0,kotha2020_rjb,4.5,all
66,6,0.15179441089611714,1,90,HL.PRK.--,HL,PRK,,GR,39.24565,26.26499,130.0,604.0,5.35,topography,B,Not analized,,,RotD50,1.0,kotha2020_rjb,4.5,all
67,6,-0.24561405208936207,1,90,HL.PSRA.00,HL,PSRA,00,GR,38.53978,25.56202,13.0,412.0,1.77,topography,B,Not analized,,,RotD50,1.0,kotha2020_rjb,4.5,all
68,16,0.21426088021294953,1,90,HL.RIOA.00,HL,RIOA,00,GR,38.29585,21.79118,46.0,496.0,3.0,topography,B,Not analized,,,RotD50,1.0,kotha2020_rjb,4.5,all
69,3,0.12082330133107816,1,90,HL.SMHA.00,HL,SMHA,00,GR,38.25123,20.6477,5.0,342.0,0.82,topography,C,Not analized,,,RotD50,1.0,kotha2020_rjb,4.5,all
70,9,-0.4540834995726802,1,90,HL.SMTH.00,HL,SMTH,00,GR,40.47094,25.53045,365.0,1167.0,22.91,topography,A,Not analized,,,RotD50,1.0,kotha2020_rjb,4.5,all
71,3,0.1834100671115977,1,90,HL.SOFA.00,HL,SOFA,00,GR,39.33773,22.09691,110.0,358.0,1.01,topography,C,Not analized,,,RotD50,1.0,kotha2020_rjb,4.5,all
72,5,-0.48465244266276064,1,90,HL.TNSA.00,HL,TNSA,00,GR,37.53942,25.1631,21.0,401.0,1.6,topography,B,Not analized,,,RotD50,1.0,kotha2020_rjb,4.5,all
73,7,-0.02793334480420965,1,90,HL.VLMS.--,HL,VLMS,,GR,37.876701,20.66293,431.0,527.0,3.68,topography,B,Not analized,,,RotD50,1.0,kotha2020_rjb,4.5,all
74,5,0.02528658272964341,1,90,HL.YDRA.00,HL,YDRA,00,GR,37.34923,23.46525,33.0,544.0,4.06,topography,B,Not analized,,,RotD50,1.0,kotha2020_rjb,4.5,all
75,3,0.10771656695701495,1,90,HL.ZARA.00,HL,ZARA,00,GR,37.4865,21.6491,30.0,372.0,1.2,topography,B,Not analized,,,RotD50,1.0,kotha2020_rjb,4.5,all
183,6,-0.0796280219204936,1,90,KO.AKS.--,KO,AKS,,TR,38.8785,27.8129,385.0,534.0,6.7,topography,B,Not analized,,,RotD50,1.0,kotha2020_rjb,4.5,all
184,4,0.24065941374294508,1,90,KO.FOCM.--,KO,FOCM,,TR,38.7131,26.7309,34.0,461.0,4.28,topography,B,Not analized,,,RotD50,1.0,kotha2020_rjb,4.5,all
185,6,-0.023771821816874313,1,90,KO.GOMA.--,KO,GOMA,,TR,38.7077,27.9175,110.0,493.0,5.1,topography,B,Not analized,,,RotD50,1.0,kotha2020_rjb,4.5,all
186,7,0.260939350273423,1,90,KO.GONE.--,KO,GONE,,TR,40.0466,27.686,143.0,647.0,10.78,topography,B,Not analized,,,RotD50,1.0,kotha2020_rjb,4.5,all
187,5,0.17195146187789837,1,90,KO.GPNR.--,KO,GPNR,,TR,39.456,26.1331,55.0,488.0,4.96,topography,B,Not analized,,,RotD50,1.0,kotha2020_rjb,4.5,all
188,4,0.4923951846265351,1,90,KO.ORLT.--,KO,ORLT,,TR,40.0452,28.8914,650.0,753.0,13.79,topography,B,Not analized,,,RotD50,1.0,kotha2020_rjb,4.5,all
189,3,0.0390717804547703,1,90,KO.SHAP.--,KO,SHAP,,TR,39.0231,29.222,1050.0,710.0,12.58,topography,B,Not analized,,,RotD50,1.0,kotha2020_rjb,4.5,all
190,7,0.45087922778365247,1,90,KO.SMAA.--,KO,SMAA,,TR,39.1005,28.9805,804.0,293.0,0.58,topography,C,Not analized,,,RotD50,1.0,kotha2020_rjb,4.5,all
191,4,0.4771686907702919,1,90,KO.UKOP.--,KO,UKOP,,TR,41.1288,26.6323,70.0,380.0,2.28,topography,B,Not analized,,,RotD50,1.0,kotha2020_rjb,4.5,all
192,6,-0.03171347029772167,1,90,YP.AC01.00,YP,AC01,00,GR,38.1662,20.5104,46.0,861.0,11.87,topography,A,Not analized,,,RotD50,1.0,kotha2020_rjb,4.5,all
193,3,-0.15189740462585355,1,90,YP.AC11.00,YP,AC11,00,GR,38.1581,20.4904,150.0,513.0,3.37,topography,B,Not analized,,,RotD50,1.0,kotha2020_rjb,4.5,all
1,4,0.13307585638065503,0,175,3A.MZ01.--,3A,MZ01,,IT,42.671575,13.270813,859.0,432.0,2.99,vs_profile,B,NO,,,RotD50,2.0,kotha2020_rjb,4.5,all
2,4,0.016021817734811122,0,175,3A.MZ04.--,3A,MZ04,,IT,42.673895,13.29381,978.0,355.0,7.13,vs_profile,C,NO,,,RotD50,2.0,kotha2020_rjb,4.5,all
3,5,-0.017600552202477582,0,175,3A.MZ08.--,3A,MZ08,,IT,42.63254,13.286562,897.0,670.0,2.62,vs_profile,B,NO,,,RotD50,2.0,kotha2020_rjb,4.5,all
4,4,-0.027484762056362855,0,175,3A.MZ10.--,3A,MZ10,,IT,42.625117,13.29985,979.0,590.0,3.62,vs_profile,B,NO,,,RotD50,2.0,kotha2020_rjb,4.5,all
5,4,0.19016839969405291,0,175,3A.MZ12.--,3A,MZ12,,IT,42.628018,13.29179,958.0,500.0,2.08,vs_profile,B,NO,,,RotD50,2.0,kotha2020_rjb,4.5,all
6,4,0.13562747373765877,0,175,3A.MZ21.--,3A,MZ21,,IT,42.651632,13.267547,1046.0,541.0,16.03,vs_profile,B,NO,,,RotD50,2.0,kotha2020_rjb,4.5,all
7,6,-0.001742016449181566,0,175,3A.MZ24.--,3A,MZ24,,IT,42.655239,13.288519,912.0,348.0,2.67,vs_profile,C,NO,,,RotD50,2.0,kotha2020_rjb,4.5,all
8,5,-0.06327554940813698,0,175,3A.MZ26.--,3A,MZ26,,IT,42.623556,13.3164,983.0,516.0,14.79,vs_profile,B,NO,,,RotD50,2.0,kotha2020_rjb,4.5,all
9,6,-0.0024903546340579175,0,175,3A.MZ27.--,3A,MZ27,,IT,42.612412,13.296578,1007.0,422.0,12.2,vs_profile,B,NO,,,RotD50,2.0,kotha2020_rjb,4.5,all
10,3,-0.006933151601035775,0,175,3A.MZ30.--,3A,MZ30,,IT,42.626432,13.29058,951.0,452.0,5.68,vs_profile,B,NO,,,RotD50,2.0,kotha2020_rjb,4.5,all
11,6,0.17311499561850852,0,175,3A.MZ51.--,3A,MZ51,,IT,42.637948,13.285578,902.0,638.0,6.42,vs_profile,E,NO,,,RotD50,2.0,kotha2020_rjb,4.5,all
12,5,-0.09946848246424381,0,175,3A.MZ63.--,3A,MZ63,,IT,42.629805,13.323448,1071.0,562.0,6.22,vs_profile,B,NO,,,RotD50,2.0,kotha2020_rjb,4.5,all
13,4,-0.19568703935302004,0,175,4A.MI03.--,4A,MI03,,IT,42.327415,13.475692,581.0,378.0,1.01,vs_profile,B,NO,,Directly on the ground,RotD50,2.0,kotha2020_rjb,4.5,all
14,4,-0.25907177574601326,0,175,CH.BIBA.--,CH,BIBA,,CH,46.30255,7.93038,660.0,1276.0,26.47,topography,A,NO,,,RotD50,2.0,kotha2020_rjb,4.5,all
15,4,-0.006496155142209553,0,175,CH.BNALP.--,CH,BNALP,,CH,46.87034,8.4249,1549.0,1601.0,10.09,vs_profile,A,NO,,,RotD50,2.0,kotha2020_rjb,4.5,all
16,3,-0.15973530807084438,0,175,CH.DIX.--,CH,DIX,,CH,46.081053,7.408391,2370.0,1282.0,26.65,topography,A,NO,,,RotD50,2.0,kotha2020_rjb,4.5,all
17,8,-0.04015974503969402,0,175,CH.FUSIO.--,CH,FUSIO,,CH,46.45481,8.6629,1460.0,1631.0,36.65,topography,A,NO,,,RotD50,2.0,kotha2020_rjb,4.5,all
18,5,-0.04904744019178814,0,175,CH.GRIMS.--,CH,GRIMS,,CH,46.578146,8.318864,1746.0,1107.0,20.85,topography,A,NO,,,RotD50,2.0,kotha2020_rjb,4.5,all
19,5,0.17794779386422296,0,175,CH.LIENZ.--,CH,LIENZ,,CH,47.294601,9.4927,1720.0,914.0,13.85,topography,A,NO,,,RotD50,2.0,kotha2020_rjb,4.5,all
20,5,-0.25445347552556274,0,175,CH.LLS.--,CH,LLS,,CH,46.84676,9.00825,1860.0,2925.0,11.85,vs_profile,A,NO,,,RotD50,2.0,kotha2020_rjb,4.5,all
21,8,-0.08832208534599098,0,175,CH.MMK.--,CH,MMK,,CH,46.0507,7.96409,2200.0,1404.0,30.39,topography,A,NO,,,RotD50,2.0,kotha2020_rjb,4.5,all
22,3,0.06169444321797607,0,175,CH.SCAS.--,CH,SCAS,,CH,46.1554,8.616,567.0,999.0,17.01,topography,A,Not analized,,,RotD50,2.0,kotha2020_rjb,4.5,all
23,5,-0.13210225733243727,0,175,CH.SCUC.--,CH,SCUC,,CH,46.798,10.3038,1230.0,751.0,7.82,topography,B,NO,,,RotD50,2.0,kotha2020_rjb,4.5,all
24,7,-0.3790557706389539,0,175,CH.SVAM.--,CH,SVAM,,CH,46.693377,9.526099,1227.0,486.0,18.11,vs_profile,B,NO,,,RotD50,2.0,kotha2020_rjb,4.5,all
25,4,-0.23902272474684785,0,175,CH.SVIO.--,CH,SVIO,,CH,46.2908,7.88033,650.0,1124.0,1.87,vs_profile,A,NO,,,RotD50,2.0,kotha2020_rjb,4.5,all
76,5,0.14832757972923657,0,175,IT.ALF.--,IT,ALF,,IT,44.5022,12.0334,6.0,243.0,0.08,vs_profile,C,NO,ENEL Box,Pillar,RotD50,2.0,kotha2020_rjb,4.5,all
77,12,0.03402618000523755,0,175,IT.AMT.--,IT,AMT,,IT,42.6325,13.2866,933.0,670.0,2.62,vs_profile,B,YES,Fiberglass box,Pillar,RotD50,2.0,kotha2020_rjb,4.5,all
78,15,-0.15845874783561878,0,175,IT.AQA.--,IT,AQA,,IT,42.3755,13.3393,693.0,549.0,0.53,vs_profile,B,NO,Fiberglass box,Pillar,RotD50,2.0,kotha2020_rjb,4.5,all
79,22,-0.04112105815777889,0,175,IT.AQG.--,IT,AQG,,IT,42.3737,13.337,743.0,696.0,12.98,vs_profile,B,NO,Fiberglass box,Pillar,RotD50,2.0,kotha2020_rjb,4.5,all
80,8,0.051454440896052445,0,175,IT.AQP.--,IT,AQP,,IT,42.3837,13.3686,1192.0,836.0,2.05,vs_profile,A,NO,Fiberglass box,Pillar,RotD50,2.0,kotha2020_rjb,4.5,all
81,4,-0.2597849370236113,0,175,IT.ARG.--,IT,ARG,,IT,44.6306,11.8251,45.0,170.0,0.17,vs_profile,D,NO,Fiberglass box,Pillar,RotD50,2.0,kotha2020_rjb,4.5,all
82,14,0.07138135568895107,0,175,IT.ASP.--,IT,ASP,,IT,42.848,13.6479,89.0,599.0,2.03,vs_profile,B,NO,ENEL Box,Pillar,RotD50,2.0,kotha2020_rjb,4.5,all
83,3,-0.07390697375008218,0,175,IT.BGN.--,IT,BGN,,IT,44.3224,9.9917,304.0,640.0,21.89,vs_profile,B,NO,Small masonry building,Pillar,RotD50,2.0,kotha2020_rjb,4.5,all
84,18,0.15779893338115164,0,175,IT.BGR.--,IT,BGR,,IT,43.8895,11.9912,557.0,829.0,11.6,vs_profile,A,YES,Fiberglass box,Pillar,RotD50,2.0,kotha2020_rjb,4.5,all
85,7,0.07537982548222014,0,175,IT.BRH.--,IT,BRH,,IT,44.2076,11.7639,149.0,395.0,5.09,vs_profile,B,NO,ENEL Box,Pillar,RotD50,2.0,kotha2020_rjb,4.5,all
86,4,-0.45377483022572995,0,175,IT.BRM.--,IT,BRM,,IT,44.1293,11.1176,851.0,410.0,10.67,vs_profile,B,NO,ENEL Box,Pillar,RotD50,2.0,kotha2020_rjb,4.5,all
87,18,-0.3710268507939556,0,175,IT.BRS.--,IT,BRS,,IT,42.3243,13.5902,977.0,444.0,7.03,vs_profile,E,NO,ENEL Box,Pillar,RotD50,2.0,kotha2020_rjb,4.5,all
88,8,0.20968672792499943,0,175,IT.BTT2.--,IT,BTT2,,IT,41.9983,13.5431,663.0,90.0,0.14,vs_profile,D,NO,ENEL Box,Pillar,RotD50,2.0,kotha2020_rjb,4.5,all
89,16,0.24550359392782806,0,175,IT.BVG.--,IT,BVG,,IT,42.9323,12.611,216.0,211.0,1.12,vs_profile,C,NO,ENEL Box,Pillar,RotD50,2.0,kotha2020_rjb,4.5,all
90,3,0.1275282934559832,0,175,IT.BVT.--,IT,BVT,,IT,44.5304,9.7428,840.0,596.0,9.12,vs_profile,B,NO,Fiberglass box,Pillar,RotD50,2.0,kotha2020_rjb,4.5,all
91,14,-0.1455023517476486,0,175,IT.BZZ.--,IT,BZZ,,IT,42.337,13.4685,640.0,679.0,0.87,vs_profile,B,YES,Small masonry building,Pillar,RotD50,2.0,kotha2020_rjb,4.5,all
92,18,-0.35560846408976143,0,175,IT.CLF.--,IT,CLF,,IT,43.0367,12.9204,701.0,145.0,1.4,vs_profile,D,NO,ENEL Box,Pillar,RotD50,2.0,kotha2020_rjb,4.5,all
93,4,-0.1751724834332963,0,175,IT.CNT.--,IT,CNT,,IT,44.7234,11.2866,71.0,174.0,0.06,vs_profile,D,NO,Fiberglass box,Pillar,RotD50,2.0,kotha2020_rjb,4.5,all
94,7,-0.09564473769975451,0,175,IT.CPC.--,IT,CPC,,IT,44.9214,11.8756,8.0,174.0,0.03,vs_profile,D,NO,ENEL Box,Pillar,RotD50,2.0,kotha2020_rjb,4.5,all
95,10,-0.18981517633160913,0,175,IT.CPS.--,IT,CPS,,IT,42.2716,13.7583,580.0,732.0,5.1,vs_profile,B,NO,Fiberglass box,Pillar,RotD50,2.0,kotha2020_rjb,4.5,all
96,14,0.33988549817258573,0,175,IT.CSA.--,IT,CSA,,IT,43.008,12.5906,196.0,200.0,0.16,vs_profile,C,NO,Small masonry building,Pillar,RotD50,2.0,kotha2020_rjb,4.5,all
97,9,0.05877739636199761,0,175,IT.CSD.--,IT,CSD,,IT,42.754,12.0035,494.0,466.0,10.18,vs_profile,B,NO,ENEL Box,Pillar,RotD50,2.0,kotha2020_rjb,4.5,all
98,5,0.19669547445683855,0,175,IT.CSP.--,IT,CSP,,IT,44.3784,11.5801,88.0,237.0,2.95,vs_profile,C,NO,ENEL Box,Pillar,RotD50,2.0,kotha2020_rjb,4.5,all
99,11,-0.03162169644560239,0,175,IT.CSS.--,IT,CSS,,IT,41.4858,13.8231,175.0,648.0,17.2,vs_profile,B,NO,Small masonry building,Pillar,RotD50,2.0,kotha2020_rjb,4.5,all
100,5,0.47706227989163186,0,175,IT.CST.--,IT,CST,,IT,45.6595,11.9023,487.0,541.0,0.56,vs_profile,B,NO,ENEL Box,Pillar,RotD50,2.0,kotha2020_rjb,4.5,all
101,16,-0.18026944915299695,0,175,IT.CTD.--,IT,CTD,,IT,42.3884,12.9477,484.0,407.0,12.11,vs_profile,B,NO,ENEL Box,Pillar,RotD50,2.0,kotha2020_rjb,4.5,all
102,3,0.1621074330390469,0,175,IT.DCM.--,IT,DCM,,IT,43.8912,11.518,200.0,1000.0,1.35,vs_profile,A,YES,Fiberglass box,Pillar,RotD50,2.0,kotha2020_rjb,4.5,all
103,8,0.22797633376976745,0,175,IT.FAZ.--,IT,FAZ,,IT,44.298,11.8907,72.0,292.0,0.24,vs_profile,C,NO,Fiberglass box,Pillar,RotD50,2.0,kotha2020_rjb,4.5,all
104,4,0.10375875748964943,0,175,IT.FOCC.--,IT,FOCC,,IT,42.9574,12.7079,283.0,593.0,1.62,vs_profile,B,NO,,,RotD50,2.0,kotha2020_rjb,4.5,all
105,3,0.278793284553939,0,175,IT.FOR.--,IT,FOR,,IT,44.1994,12.0419,77.0,296.0,0.16,vs_profile,C,NO,Fiberglass box,Pillar,RotD50,2.0,kotha2020_rjb,4.5,all
106,18,-0.1112755273019716,0,175,IT.FOS.--,IT,FOS,,IT,43.0146,12.8351,965.0,565.0,1.85,vs_profile,B,NO,Fiberglass box,Pillar,RotD50,2.0,kotha2020_rjb,4.5,all
107,6,-0.18445535942210375,0,175,IT.FVZ.--,IT,FVZ,,IT,44.2382,10.1311,428.0,509.0,14.16,vs_profile,E,NO,Fiberglass box,Pillar,RotD50,2.0,kotha2020_rjb,4.5,all
108,14,0.23967480800325414,0,175,IT.GBP.--,IT,GBP,,IT,43.3138,12.5894,426.0,224.0,0.66,vs_profile,C,NO,ENEL Box,Pillar,RotD50,2.0,kotha2020_rjb,4.5,all
109,4,0.27433006487973044,0,175,IT.GNV.--,IT,GNV,,IT,44.4317,8.932,419.0,1152.0,2.3,vs_profile,A,YES,Fiberglass box,Pillar,RotD50,2.0,kotha2020_rjb,4.5,all
110,21,-0.24687134113966572,0,175,IT.GSA.--,IT,GSA,,IT,42.4207,13.5194,1063.0,492.0,8.01,vs_profile,B,NO,Fiberglass box,Pillar,RotD50,2.0,kotha2020_rjb,4.5,all
111,6,0.32356397110645485,0,175,IT.ISD.--,IT,ISD,,IT,45.2733,10.9602,40.0,252.0,0.05,vs_profile,C,NO,ENEL Box,Pillar,RotD50,2.0,kotha2020_rjb,4.5,all
112,4,-0.15598339792481677,0,175,IT.LDP.--,IT,LDP,,IT,42.0392,14.1826,766.0,328.0,11.25,vs_profile,C,NO,Fiberglass box,Pillar,RotD50,2.0,kotha2020_rjb,4.5,all
113,3,0.28142332794441627,0,175,IT.LNG.--,IT,LNG,,IT,44.6553,10.3133,203.0,428.0,0.95,vs_profile,B,NO,Small masonry building,Pillar,RotD50,2.0,kotha2020_rjb,4.5,all
114,24,-0.14077000860556035,0,175,IT.LSS.--,IT,LSS,,IT,42.5582,12.9689,1067.0,1091.0,26.5,vs_profile,A,YES,Fiberglass box,Pillar,RotD50,2.0,kotha2020_rjb,4.5,all
115,13,0.004868063775278014,0,175,IT.MCS.--,IT,MCS,,IT,43.9937,12.1067,249.0,568.0,8.64,vs_profile,B,NO,Fiberglass box,Pillar,RotD50,2.0,kotha2020_rjb,4.5,all
116,7,0.06007338001467154,0,175,IT.MDN.--,IT,MDN,,IT,44.646,10.8899,80.0,213.0,0.09,vs_profile,C,NO,Fiberglass box,Pillar,RotD50,2.0,kotha2020_rjb,4.5,all
117,7,-0.16931779126259086,0,175,IT.MLC.--,IT,MLC,,IT,45.8079,10.8485,98.0,430.0,16.05,vs_profile,B,NO,ENEL Box,Pillar,RotD50,2.0,kotha2020_rjb,4.5,all
118,4,0.07365821786627177,0,175,IT.MLD.--,IT,MLD,,IT,44.1184,12.071,116.0,214.0,7.99,vs_profile,C,NO,ENEL Box,Pillar,RotD50,2.0,kotha2020_rjb,4.5,all
119,17,-0.12962449436198295,0,175,IT.MMP1.--,IT,MMP1,,IT,42.2492,12.7483,471.0,800.0,12.54,vs_profile,A,YES,Fiberglass box,Pillar,RotD50,2.0,kotha2020_rjb,4.5,all
120,15,-0.17155704079953618,0,175,IT.MNF.--,IT,MNF,,IT,43.0596,13.1844,644.0,1062.0,24.51,vs_profile,A,YES,Small masonry building,Pillar,RotD50,2.0,kotha2020_rjb,4.5,all
121,4,-0.7032026111890898,0,175,IT.MNS.--,IT,MNS,,IT,45.2517,11.7221,14.0,227.0,1.85,vs_profile,C,NO,ENEL Box,Pillar,RotD50,2.0,kotha2020_rjb,4.5,all
122,5,-0.03792872776934458,0,175,IT.MRN.--,IT,MRN,,IT,44.8782,11.0617,15.0,208.0,0.05,vs_profile,C,NO,ENEL Box,Pillar,RotD50,2.0,kotha2020_rjb,4.5,all
123,9,0.09804424664280159,0,175,IT.MSC.--,IT,MSC,,IT,42.5268,13.3508,1335.0,652.0,6.39,vs_profile,B,NO,Fiberglass box,Pillar,RotD50,2.0,kotha2020_rjb,4.5,all
124,12,0.028136700482903912,0,175,IT.MSCT.--,IT,MSCT,,IT,42.526699,13.3509,1382.0,652.0,6.39,vs_profile,B,NO,Fiberglass box,Pillar,RotD50,2.0,kotha2020_rjb,4.5,all
125,17,0.12100799028127326,0,175,IT.MTL.--,IT,MTL,,IT,43.2494,13.0083,376.0,579.0,0.62,vs_profile,B,NO,ENEL Box,Pillar,RotD50,2.0,kotha2020_rjb,4.5,all
126,10,-0.322807259142473,0,175,IT.MVB.--,IT,MVB,,IT,42.9619,12.257,363.0,1046.0,7.23,vs_profile,A,YES,Fiberglass box,Pillar,RotD50,2.0,kotha2020_rjb,4.5,all
127,14,0.20362951880575603,0,175,IT.NRC.--,IT,NRC,,IT,42.7925,13.0964,616.0,498.0,3.89,vs_profile,B,NO,Vault,Pillar,RotD50,2.0,kotha2020_rjb,4.5,all
128,11,-0.07254923133749408,0,175,IT.NRN.--,IT,NRN,,IT,42.5155,12.5194,306.0,811.0,16.9,vs_profile,A,YES,ENEL Box,Pillar,RotD50,2.0,kotha2020_rjb,4.5,all
129,4,-0.329101901213109,0,175,IT.NVL.--,IT,NVL,,IT,44.843,10.7315,22.0,190.0,0.05,vs_profile,C,NO,Small masonry building,Pillar,RotD50,2.0,kotha2020_rjb,4.5,all
130,14,-0.18573129302510125,0,175,IT.PAN.--,IT,PAN,,IT,43.0058,12.1436,334.0,980.0,13.61,vs_profile,A,YES,Fiberglass box,Pillar,RotD50,2.0,kotha2020_rjb,4.5,all
131,5,0.032325267536138694,0,175,IT.PAR.--,IT,PAR,,IT,44.8289,10.2793,91.0,335.0,0.26,vs_profile,C,NO,Fiberglass box,Pillar,RotD50,2.0,kotha2020_rjb,4.5,all
132,6,0.12201490460074639,0,175,IT.PNN.--,IT,PNN,,IT,43.8181,12.2628,525.0,335.0,12.55,vs_profile,C,NO,ENEL Box,Pillar,RotD50,2.0,kotha2020_rjb,4.5,all
133,14,0.17678005186603815,0,175,IT.PSC.--,IT,PSC,,IT,41.812,13.7892,1241.0,1000.0,23.1,vs_profile,A,YES,Fiberglass box,Pillar,RotD50,2.0,kotha2020_rjb,4.5,all
134,6,0.32634938890832604,0,175,IT.PTV.--,IT,PTV,,IT,45.2741,10.0879,55.0,245.0,0.42,vs_profile,C,NO,ENEL Box,Pillar,RotD50,2.0,kotha2020_rjb,4.5,all
135,6,0.09241580710644307,0,175,IT.PVF.--,IT,PVF,,IT,44.333,10.8252,743.0,453.0,3.78,vs_profile,B,NO,Fiberglass box,Pillar,RotD50,2.0,kotha2020_rjb,4.5,all
136,12,-0.010065380047721617,0,175,IT.PZI1.--,IT,PZI1,,IT,42.4356,13.3262,908.0,705.0,7.68,vs_profile,B,NO,Small masonry building,Building basement,RotD50,2.0,kotha2020_rjb,4.5,all
137,6,0.04212700190936798,0,175,IT.PZS.--,IT,PZS,,IT,44.1885,10.2886,659.0,453.0,10.98,vs_profile,B,NO,Fiberglass box,Pillar,RotD50,2.0,kotha2020_rjb,4.5,all
138,4,0.15524820124920968,0,175,IT.RNC.--,IT,RNC,,IT,43.870472,11.606806,534.0,859.0,16.04,vs_profile,A,YES,ENEL Box,Pillar,RotD50,2.0,kotha2020_rjb,4.5,all
139,14,0.07979975448192517,0,175,IT.RQT.--,IT,RQT,,IT,42.813,13.311,1188.0,805.0,4.42,vs_profile,A,NO,ENEL Box,Building basement,RotD50,2.0,kotha2020_rjb,4.5,all
140,13,0.08522737710135855,0,175,IT.RTI.--,IT,RTI,,IT,42.4302,12.829,393.0,170.0,0.53,vs_profile,D,NO,ENEL Box,Pillar,RotD50,2.0,kotha2020_rjb,4.5,all
141,6,-0.19695361394831332,0,175,IT.SBC.--,IT,SBC,,IT,41.9132,13.1055,673.0,1298.0,17.31,vs_profile,A,YES,Fiberglass box,Pillar,RotD50,2.0,kotha2020_rjb,4.5,all
142,7,-0.0725376649730689,0,175,IT.SCN.--,IT,SCN,,IT,41.9187,13.8724,984.0,839.0,17.18,vs_profile,A,YES,Fiberglass box,Pillar,RotD50,2.0,kotha2020_rjb,4.5,all
143,8,0.06521057045237533,0,175,IT.SDM.--,IT,SDM,,IT,42.2897,13.5577,666.0,752.0,7.17,vs_profile,B,YES,ENEL Box,Pillar,RotD50,2.0,kotha2020_rjb,4.5,all
144,12,0.06321446316440761,0,175,IT.SNG.--,IT,SNG,,IT,43.6855,13.2261,85.0,258.0,2.56,vs_profile,C,NO,ENEL Box,Pillar,RotD50,2.0,kotha2020_rjb,4.5,all
145,5,0.08688359128793907,0,175,IT.SNZ1.--,IT,SNZ1,,IT,45.0742,9.8944,42.0,222.0,0.16,vs_profile,C,NO,ENEL Box,Pillar,RotD50,2.0,kotha2020_rjb,4.5,all
146,3,-0.3053987266584238,0,175,IT.SSC.--,IT,SSC,,IT,42.8746,11.8768,645.0,498.0,6.47,vs_profile,E,Not analized,Fiberglass box,Pillar,RotD50,2.0,kotha2020_rjb,4.5,all
147,8,0.09663241632816454,0,175,IT.SSU.--,IT,SSU,,IT,44.507,10.7848,448.0,489.0,9.74,vs_profile,E,NO,Fiberglass box,Pillar,RotD50,2.0,kotha2020_rjb,4.5,all
148,16,0.4357658233380999,0,175,IT.SULA.--,IT,SULA,,IT,42.0734,13.9166,412.0,297.0,0.63,vs_profile,C,NO,Small masonry building,Building basement,RotD50,2.0,kotha2020_rjb,4.5,all
149,17,0.1049214350775186,0,175,IT.SULP.--,IT,SULP,,IT,42.085,13.9274,405.0,275.0,1.99,vs_profile,C,NO,Small masonry building,Building basement,RotD50,2.0,kotha2020_rjb,4.5,all
150,15,0.050834062613954234,0,175,IT.TER.--,IT,TER,,IT,42.6565,13.6895,317.0,649.0,11.37,vs_profile,B,NO,Fiberglass box,Pillar,RotD50,2.0,kotha2020_rjb,4.5,all
151,3,-0.28107227039308147,0,175,IT.TLM2.--,IT,TLM2,,IT,46.3814,12.9839,519.0,458.0,3.01,vs_profile,B,NO,Dam,Pillar,RotD50,2.0,kotha2020_rjb,4.5,all
152,15,-0.04145800276741282,0,175,IT.TRL.--,IT,TRL,,IT,42.4613,12.9323,1226.0,380.0,11.41,vs_profile,B,NO,Small masonry building,Pillar,RotD50,2.0,kotha2020_rjb,4.5,all
153,7,0.031209865437468343,0,175,IT.TVL.--,IT,TVL,,IT,41.893,12.7732,118.0,314.0,2.35,vs_profile,C,NO,ENEL Box,Pillar,RotD50,2.0,kotha2020_rjb,4.5,all
154,5,-0.29619310216271943,0,175,IT.VRL.--,IT,VRL,,IT,44.3927,9.6334,803.0,855.0,16.31,vs_profile,A,YES,Fiberglass box,Pillar,RotD50,2.0,kotha2020_rjb,4.5,all
155,8,0.02545273685987383,0,175,IV.CAFE.--,IV,CAFE,,IT,41.028,15.2366,1070.0,622.0,10.33,vs_profile,B,NO,Vault,Pillar,RotD50,2.0,kotha2020_rjb,4.5,all
156,17,0.24931085372495232,0,175,IV.CDCA.--,IV,CDCA,,IT,43.4584,12.2336,50.0,277.0,0.62,vs_profile,C,NO,Box,Pillar,RotD50,2.0,kotha2020_rjb,4.5,all
157,19,0.5226493736187532,0,175,IV.CIMA.--,IV,CIMA,,IT,43.305297,13.670091,163.0,443.0,8.93,vs_profile,B,NO,Fiberglass box,Directly on the ground,RotD50,2.0,kotha2020_rjb,4.5,all
158,4,-0.020622949668243795,0,175,IV.CMPO.--,IV,CMPO,,IT,44.5808,11.8056,2.0,116.0,0.02,vs_profile,D,NO,Vault,Pillar,RotD50,2.0,kotha2020_rjb,4.5,all
159,9,-0.051796704359014595,0,175,IV.CRND.--,IV,CRND,,IT,45.8361,12.0131,159.0,423.0,0.34,vs_profile,B,NO,Box,Directly on the ground,RotD50,2.0,kotha2020_rjb,4.5,all
160,7,-0.28558947128154555,0,175,IV.FERS.--,IV,FERS,,IT,44.9035,11.5406,3.0,184.0,0.11,vs_profile,C,NO,,,RotD50,2.0,kotha2020_rjb,4.5,all
161,17,-0.13399851040905794,0,175,IV.FIAM.--,IV,FIAM,,IT,42.26802,13.11718,1070.0,790.0,25.39,vs_profile,B,YES,Vault,Pillar,RotD50,2.0,kotha2020_rjb,4.5,all
162,27,0.07279807423150378,0,175,IV.GUMA.--,IV,GUMA,,IT,43.0627,13.3352,574.0,488.0,6.9,vs_profile,B,NO,Vault,Pillar,RotD50,2.0,kotha2020_rjb,4.5,all
163,7,0.11030144160736667,0,175,IV.INTR.--,IV,INTR,,IT,42.01154,13.9046,924.0,685.0,8.98,vs_profile,B,NO,Vault,Pillar,RotD50,2.0,kotha2020_rjb,4.5,all
164,11,0.007050281350625354,0,175,IV.MRB1.--,IV,MRB1,,IT,41.1227,14.96815,688.0,448.0,17.16,vs_profile,B,NO,Vault,Pillar,RotD50,2.0,kotha2020_rjb,4.5,all
165,6,-0.29181203038626324,0,175,IV.MRLC.--,IV,MRLC,,IT,40.7564,15.48892,605.0,861.0,29.37,vs_profile,A,YES,,,RotD50,2.0,kotha2020_rjb,4.5,all
166,6,-0.1985048300141791,0,175,IV.NDIM.--,IV,NDIM,,IT,44.8873,10.8987,19.0,208.0,0.05,vs_profile,C,NO,,,RotD50,2.0,kotha2020_rjb,4.5,all
167,7,0.197429093175101,0,175,IV.NEVI.--,IV,NEVI,,IT,44.5834,10.3163,480.0,367.0,5.09,vs_profile,B,NO,,Directly on the ground,RotD50,2.0,kotha2020_rjb,4.5,all
168,9,-0.2108195192665446,0,175,IV.NRCA.--,IV,NRCA,,IT,42.83355,13.11427,927.0,591.0,19.29,vs_profile,B,NO,Box,Building floor,RotD50,2.0,kotha2020_rjb,4.5,all
169,12,0.2463910982830642,0,175,IV.OPPE.--,IV,OPPE,,IT,45.3082,11.1724,20.0,264.0,1.04,vs_profile,C,NO,Box,Directly on the ground,RotD50,2.0,kotha2020_rjb,4.5,all
170,17,0.05090157990876375,0,175,IV.POFI.--,IV,POFI,,IT,41.71743,13.71202,878.0,1280.0,2.2,vs_profile,A,YES,Vault,Pillar,RotD50,2.0,kotha2020_rjb,4.5,all
171,3,0.2803634057485387,0,175,IV.ROM9.--,IV,ROM9,,IT,41.82842,12.51553,110.0,605.0,1.53,vs_profile,B,NO,Box,Pillar,RotD50,2.0,kotha2020_rjb,4.5,all
172,25,0.04603683940413936,0,175,IV.SACS.--,IV,SACS,,IT,42.84906,11.90967,845.0,692.0,1.59,vs_profile,B,YES,Vault,Pillar,RotD50,2.0,kotha2020_rjb,4.5,all
173,13,0.27156225331855655,0,175,IV.SANR.--,IV,SANR,,IT,45.64,11.6099,51.0,321.0,0.34,vs_profile,C,NO,Fiberglass box,Building floor,RotD50,2.0,kotha2020_rjb,4.5,all
174,14,-0.32618304026603584,0,175,IV.SEF1.--,IV,SEF1,,IT,43.14683,12.94762,518.0,485.0,15.69,vs_profile,E,NO,Fiberglass box,Directly on the ground,RotD50,2.0,kotha2020_rjb,4.5,all
175,23,0.07251941648924634,0,175,IV.SENI.--,IV,SENI,,IT,43.7052,13.2331,10.0,242.0,0.27,vs_profile,C,NO,Borehole,,RotD50,2.0,kotha2020_rjb,4.5,all
176,5,-0.2717566115177763,0,175,IV.SGTA.--,IV,SGTA,,IT,41.135,15.365,890.0,400.0,3.28,vs_profile,B,YES,,,RotD50,2.0,kotha2020_rjb,4.5,all
177,9,0.2323600705131207,0,175,IV.SNAL.--,IV,SNAL,,IT,40.92542,15.20908,874.0,728.0,12.1,vs_profile,B,NO,,,RotD50,2.0,kotha2020_rjb,4.5,all
178,15,-0.1264736313019724,0,175,IV.TERO.--,IV,TERO,,IT,42.62279,13.60393,673.0,912.0,19.67,vs_profile,A,YES,Vault,Pillar,RotD50,2.0,kotha2020_rjb,4.5,all
179,8,-0.4332750865706948,0,175,IV.TREG.--,IV,TREG,,IT,45.523,11.1606,342.0,391.0,1.39,vs_profile,B,NO,Box,Directly on the ground,RotD50,2.0,kotha2020_rjb,4.5,all
180,5,0.06424770688742992,0,175,IV.VENL.--,IV,VENL,,IT,45.4167,12.3765,4.0,245.0,0.48,vs_profile,C,NO,Unknown,,RotD50,2.0,kotha2020_rjb,4.5,all
181,10,-0.10880784399660401,0,175,IV.VOBA.--,IV,VOBA,,IT,45.6429,10.504,292.0,450.0,1.79,vs_profile,B,NO,Box,Pillar,RotD50,2.0,kotha2020_rjb,4.5,all
182,13,-0.03090309617884396,0,175,IV.ZOVE.--,IV,ZOVE,,IT,45.4536,11.4876,376.0,1013.0,16.69,vs_profile,A,NO,Box,Pillar,RotD50,2.0,kotha2020_rjb,4.5,all
26,4,-0.20465355506844662,1,90,CL.AGRP.00,CL,AGRP,00,GR,38.3959,21.72277,282.0,556.0,4.32,topography,B,Not analized,,,RotD50,2.0,kotha2020_rjb,4.5,all
27,6,-0.049169521279420064,1,90,CL.ROD3.00,CL,ROD3,00,GR,38.30811,21.89204,448.0,514.0,3.39,topography,B,Not analized,,,RotD50,2.0,kotha2020_rjb,4.5,all
28,3,-0.15742457091509987,1,90,CL.TRIZ.00,CL,TRIZ,00,GR,38.36543,22.07272,59.0,729.0,7.48,topography,B,Not analized,,,RotD50,2.0,kotha2020_rjb,4.5,all
29,16,-0.0803128498148061,1,90,HI.ARG2.--,HI,ARG2,,GR,38.1783,20.4878,6.0,417.0,1.83,topography,B,Not analized,,,RotD50,2.0,kotha2020_rjb,4.5,all
30,3,0.0515012296201085,1,90,HI.ARS1.--,HI,ARS1,,GR,37.6349,22.7293,34.0,362.0,1.05,topography,B,Not analized,,,RotD50,2.0,kotha2020_rjb,4.5,all
31,10,-0.0987800586420501,1,90,HI.ART2.--,HI,ART2,,GR,39.1474,20.9937,191.0,643.0,6.09,topography,B,Not analized,,,RotD50,2.0,kotha2020_rjb,4.5,all
32,17,-0.06691175355968895,1,90,HI.KLV1.--,HI,KLV1,,GR,38.03256,22.10797,717.0,465.0,2.52,topography,B,Not analized,,,RotD50,2.0,kotha2020_rjb,4.5,all
33,9,0.0940911455791314,1,90,HI.KRI1.--,HI,KRI1,,GR,37.6621,20.8172,185.0,882.0,12.65,topography,A,Not analized,,,RotD50,2.0,kotha2020_rjb,4.5,all
34,11,-0.13438754293212984,1,90,HI.KRK1.--,HI,KRK1,,GR,39.618861,19.9202,10.0,421.0,1.89,topography,B,Not analized,,,RotD50,2.0,kotha2020_rjb,4.5,all
35,3,0.3250344942970679,1,90,HI.KRL1.--,HI,KRL1,,GR,37.7951,26.7065,14.0,644.0,6.1,topography,B,Not analized,,,RotD50,2.0,kotha2020_rjb,4.5,all
36,4,0.012422612228682212,1,90,HI.LMN1.--,HI,LMN1,,GR,39.875,25.0588,2.0,603.0,5.34,topography,B,Not analized,,,RotD50,2.0,kotha2020_rjb,4.5,all
37,4,-0.13426420131207345,1,90,HI.LMS2.--,HI,LMS2,,GR,40.834985,21.141815,923.0,446.0,2.25,topography,B,Not analized,,,RotD50,2.0,kotha2020_rjb,4.5,all
38,15,0.45410464576884524,1,90,HI.MSL1.--,HI,MSL1,,GR,38.3727,21.4243,1.0,344.0,0.85,topography,C,Not analized,,,RotD50,2.0,kotha2020_rjb,4.5,all
39,4,0.03452407596705814,1,90,HI.MYT1.--,HI,MYT1,,GR,39.085,26.5694,34.0,809.0,9.86,topography,A,Not analized,,,RotD50,2.0,kotha2020_rjb,4.5,all
40,3,-0.024498578899152773,1,90,HI.NAX1.--,HI,NAX1,,GR,37.101394,25.374103,7.0,407.0,1.69,topography,B,Not analized,,,RotD50,2.0,kotha2020_rjb,4.5,all
41,5,-0.10883176845901123,1,90,HI.NPS1.--,HI,NPS1,,GR,36.51263,23.06248,48.0,407.0,1.69,topography,B,Not analized,,,RotD50,2.0,kotha2020_rjb,4.5,all
42,3,0.011036799405357484,1,90,HI.PLN1.--,HI,PLN1,,GR,39.998,23.575,29.0,443.0,2.2,topography,B,Not analized,,,RotD50,2.0,kotha2020_rjb,4.5,all
43,7,0.08248556627669362,1,90,HI.SFL1.--,HI,SFL1,,GR,41.189954,26.304374,6.0,355.0,0.97,topography,C,Not analized,,,RotD50,2.0,kotha2020_rjb,4.5,all
44,4,0.006830084325434915,1,90,HI.SKY1.--,HI,SKY1,,GR,38.904483,24.564572,75.0,824.0,10.43,topography,A,Not analized,,,RotD50,2.0,kotha2020_rjb,4.5,all
45,4,-0.46178916561657274,1,90,HI.THS1.--,HI,THS1,,GR,40.738476,24.575145,20.0,527.0,3.66,topography,B,Not analized,,,RotD50,2.0,kotha2020_rjb,4.5,all
46,4,-0.2539766313168849,1,90,HI.VOL2.--,HI,VOL2,,GR,39.366,22.9506,26.0,393.0,1.5,topography,B,Not analized,,,RotD50,2.0,kotha2020_rjb,4.5,all
47,6,-0.011986097483081853,1,90,HL.ALNA.00,HL,ALNA,00,GR,39.14804,23.86669,40.0,437.0,2.12,topography,B,Not analized,,,RotD50,2.0,kotha2020_rjb,4.5,all
48,10,0.2444003724127754,1,90,HL.ARIA.00,HL,ARIA,00,GR,38.33358,21.76206,1.0,301.0,0.37,topography,C,Not analized,,,RotD50,2.0,kotha2020_rjb,4.5,all
49,3,-0.38829222553120646,1,90,HL.ARTB.00,HL,ARTB,00,GR,39.15702,20.9785,29.0,311.0,0.49,topography,C,Not analized,,,RotD50,2.0,kotha2020_rjb,4.5,all
50,3,-0.21905397803182414,1,90,HL.DION.--,HL,DION,,GR,38.07794,23.93306,460.0,459.0,2.43,topography,B,Not analized,,,RotD50,2.0,kotha2020_rjb,4.5,all
51,12,-0.09130042324590608,1,90,HL.DLFA.00,HL,DLFA,00,GR,38.47836,22.49583,570.0,1666.0,37.55,topography,A,Not analized,,,RotD50,2.0,kotha2020_rjb,4.5,all
52,6,-0.20013594882353272,1,90,HL.EFSA.00,HL,EFSA,00,GR,39.54015,24.98864,5.0,586.0,4.96,topography,B,Not analized,,,RotD50,2.0,kotha2020_rjb,4.5,all
53,14,0.11438226914809096,1,90,HL.ITM.00,HL,ITM,00,GR,37.17872,21.92522,423.0,882.0,12.68,topography,A,Not analized,,,RotD50,2.0,kotha2020_rjb,4.5,all
54,17,-0.07432575725781718,1,90,HL.JAN.00,HL,JAN,00,GR,39.65616,20.84874,526.0,399.0,1.58,topography,B,Not analized,,,RotD50,2.0,kotha2020_rjb,4.5,all
55,14,-0.16037545885844923,1,90,HL.KASA.00,HL,KASA,00,GR,39.74628,19.93542,65.0,1006.0,17.27,topography,A,Not analized,,,RotD50,2.0,kotha2020_rjb,4.5,all
56,3,-0.4088540817267018,1,90,HL.KLNA.00,HL,KLNA,00,GR,36.95708,26.97274,28.0,530.0,3.75,topography,B,Not analized,,,RotD50,2.0,kotha2020_rjb,4.5,all
57,8,-0.4375014836166685,1,90,HL.LIA.00,HL,LIA,00,GR,39.89725,25.18055,67.0,471.0,2.59,topography,B,Not analized,,,RotD50,2.0,kotha2020_rjb,4.5,all
58,8,0.22952108055356485,1,90,HL.LXRA.00,HL,LXRA,00,GR,38.20006,20.43718,0.0,462.0,2.47,topography,B,Not analized,,,RotD50,2.0,kotha2020_rjb,4.5,all
59,10,-0.2185441855596229,1,90,HL.MGNA.00,HL,MGNA,00,GR,38.65606,20.79116,58.0,595.0,5.15,topography,B,Not analized,,,RotD50,2.0,kotha2020_rjb,4.5,all
60,8,-0.06658052538992779,1,90,HL.NOAC.00,HL,NOAC,00,GR,37.97384,23.71767,93.0,719.0,7.32,topography,B,Not analized,,,RotD50,2.0,kotha2020_rjb,4.5,all
61,4,-0.024739479489578692,1,90,HL.NOAC.02,HL,NOAC,02,GR,37.97384,23.71767,93.0,719.0,7.32,topography,B,Not analized,,,RotD50,2.0,kotha2020_rjb,4.5,all
62,6,0.09634629336533185,1,90,HL.NVR.00,HL,NVR,00,GR,41.34846,23.86517,627.0,955.0,15.37,topography,A,Not analized,,,RotD50,2.0,kotha2020_rjb,4.5,all
63,8,0.3969796051799953,1,90,HL.PATC.00,HL,PATC,00,GR,38.26933,21.76001,47.0,444.0,2.21,topography,B,Not analized,,,RotD50,2.0,kotha2020_rjb,4.5,all
64,3,0.3496400239503423,1,90,HL.PATG.00,HL,PATG,00,GR,38.23865,21.72657,1.0,315.0,0.53,topography,C,Not analized,,,RotD50,2.0,kotha2020_rjb,4.5,all
65,5,-0.4030733201849808,1,90,HL.PLG.--,HL,PLG,,GR,40.37328,23.44443,566.0,608.0,5.44,topography,B,Not analized,,,RotD50,2.0,kotha2020_rjb,4.5,all
66,6,0.06298483207460498,1,90,HL.PRK.--,HL,PRK,,GR,39.24565,26.26499,130.0,604.0,5.35,topography,B,Not analized,,,RotD50,2.0,kotha2020_rjb,4.5,all
67,6,-0.22736054509819104,1,90,HL.PSRA.00,HL,PSRA,00,GR,38.53978,25.56202,13.0,412.0,1.77,topography,B,Not analized,,,RotD50,2.0,kotha2020_rjb,4.5,all
68,16,0.23969303261282182,1,90,HL.RIOA.00,HL,RIOA,00,GR,38.29585,21.79118,46.0,496.0,3.0,topography,B,Not analized,,,RotD50,2.0,kotha2020_rjb,4.5,all
69,3,0.0950362592512981,1,90,HL.SMHA.00,HL,SMHA,00,GR,38.25123,20.6477,5.0,342.0,0.82,topography,C,Not analized,,,RotD50,2.0,kotha2020_rjb,4.5,all
70,9,-0.33794467300303,1,90,HL.SMTH.00,HL,SMTH,00,GR,40.47094,25.53045,365.0,1167.0,22.91,topography,A,Not analized,,,RotD50,2.0,kotha2020_rjb,4.5,all
71,3,0.3247203927651957,1,90,HL.SOFA.00,HL,SOFA,00,GR,39.33773,22.09691,110.0,358.0,1.01,topography,C,Not analized,,,RotD50,2.0,kotha2020_rjb,4.5,all
72,5,-0.30405844649503905,1,90,HL.TNSA.00,HL,TNSA,00,GR,37.53942,25.1631,21.0,401.0,1.6,topography,B,Not analized,,,RotD50,2.0,kotha2020_rjb,4.5,all
73,7,-0.15922522944673723,1,90,HL.VLMS.--,HL,VLMS,,GR,37.876701,20.66293,431.0,527.0,3.68,topography,B,Not analized,,,RotD50,2.0,kotha2020_rjb,4.5,all
74,5,-0.025954024591693048,1,90,HL.YDRA.00,HL,YDRA,00,GR,37.34923,23.46525,33.0,544.0,4.06,topography,B,Not analized,,,RotD50,2.0,kotha2020_rjb,4.5,all
75,3,0.022533137647586077,1,90,HL.ZARA.00,HL,ZARA,00,GR,37.4865,21.6491,30.0,372.0,1.2,topography,B,Not analized,,,RotD50,2.0,kotha2020_rjb,4.5,all
183,6,7.002114028847872e-06,1,90,KO.AKS.--,KO,AKS,,TR,38.8785,27.8129,385.0,534.0,6.7,topography,B,Not analized,,,RotD50,2.0,kotha2020_rjb,4.5,all
184,4,0.2730616529521545,1,90,KO.FOCM.--,KO,FOCM,,TR,38.7131,26.7309,34.0,461.0,4.28,topography,B,Not analized,,,RotD50,2.0,kotha2020_rjb,4.5,all
185,6,-0.08184953545577008,1,90,KO.GOMA.--,KO,GOMA,,TR,38.7077,27.9175,110.0,493.0,5.1,topography,B,Not analized,,,RotD50,2.0,kotha2020_rjb,4.5,all
186,7,0.22546000990518544,1,90,KO.GONE.--,KO,GONE,,TR,40.0466,27.686,143.0,647.0,10.78,topography,B,Not analized,,,RotD50,2.0,kotha2020_rjb,4.5,all
187,5,0.25008837726198174,1,90,KO.GPNR.--,KO,GPNR,,TR,39.456,26.1331,55.0,488.0,4.96,topography,B,Not analized,,,RotD50,2.0,kotha2020_rjb,4.5,all
188,4,0.4908325067061744,1,90,KO.ORLT.--,KO,ORLT,,TR,40.0452,28.8914,650.0,753.0,13.79,topography,B,Not analized,,,RotD50,2.0,kotha2020_rjb,4.5,all
189,3,0.03326337607491675,1,90,KO.SHAP.--,KO,SHAP,,TR,39.0231,29.222,1050.0,710.0,12.58,topography,B,Not analized,,,RotD50,2.0,kotha2020_rjb,4.5,all
190,7,0.4173349353069499,1,90,KO.SMAA.--,KO,SMAA,,TR,39.1005,28.9805,804.0,293.0,0.58,topography,C,Not analized,,,RotD50,2.0,kotha2020_rjb,4.5,all
191,4,0.4243594041050941,1,90,KO.UKOP.--,KO,UKOP,,TR,41.1288,26.6323,70.0,380.0,2.28,topography,B,Not analized,,,RotD50,2.0,kotha2020_rjb,4.5,all
192,6,-0.10535452736701893,1,90,YP.AC01.00,YP,AC01,00,GR,38.1662,20.5104,46.0,861.0,11.87,topography,A,Not analized,,,RotD50,2.0,kotha2020_rjb,4.5,all
193,3,-0.13225333041537202,1,90,YP.AC11.00,YP,AC11,00,GR,38.1581,20.4904,150.0,513.0,3.37,topography,B,Not analized,,,RotD50,2.0,kotha2020_rjb,4.5,all
1,4,0.1537815822208389,0,175,3A.MZ01.--,3A,MZ01,,IT,42.671575,13.270813,859.0,432.0,2.99,vs_profile,B,NO,,,RotD50,3.0,kotha2020_rjb,4.5,all
2,4,0.035553713586972624,0,175,3A.MZ04.--,3A,MZ04,,IT,42.673895,13.29381,978.0,355.0,7.13,vs_profile,C,NO,,,RotD50,3.0,kotha2020_rjb,4.5,all
3,5,-0.015424519887072885,0,175,3A.MZ08.--,3A,MZ08,,IT,42.63254,13.286562,897.0,670.0,2.62,vs_profile,B,NO,,,RotD50,3.0,kotha2020_rjb,4.5,all
4,4,0.05231200117179198,0,175,3A.MZ10.--,3A,MZ10,,IT,42.625117,13.29985,979.0,590.0,3.62,vs_profile,B,NO,,,RotD50,3.0,kotha2020_rjb,4.5,all
5,4,0.1464606679147006,0,175,3A.MZ12.--,3A,MZ12,,IT,42.628018,13.29179,958.0,500.0,2.08,vs_profile,B,NO,,,RotD50,3.0,kotha2020_rjb,4.5,all
6,4,0.07738106659166531,0,175,3A.MZ21.--,3A,MZ21,,IT,42.651632,13.267547,1046.0,541.0,16.03,vs_profile,B,NO,,,RotD50,3.0,kotha2020_rjb,4.5,all
7,6,-0.038627204755208894,0,175,3A.MZ24.--,3A,MZ24,,IT,42.655239,13.288519,912.0,348.0,2.67,vs_profile,C,NO,,,RotD50,3.0,kotha2020_rjb,4.5,all
8,5,-0.01879570086935478,0,175,3A.MZ26.--,3A,MZ26,,IT,42.623556,13.3164,983.0,516.0,14.79,vs_profile,B,NO,,,RotD50,3.0,kotha2020_rjb,4.5,all
9,6,0.03803588335593905,0,175,3A.MZ27.--,3A,MZ27,,IT,42.612412,13.296578,1007.0,422.0,12.2,vs_profile,B,NO,,,RotD50,3.0,kotha2020_rjb,4.5,all
10,3,-0.07920677472065477,0,175,3A.MZ30.--,3A,MZ30,,IT,42.626432,13.29058,951.0,452.0,5.68,vs_profile,B,NO,,,RotD50,3.0,kotha2020_rjb,4.5,all
11,6,0.1556173849674965,0,175,3A.MZ51.--,3A,MZ51,,IT,42.637948,13.285578,902.0,638.0,6.42,vs_profile,E,NO,,,RotD50,3.0,kotha2020_rjb,4.5,all
12,5,-0.07425586255019179,0,175,3A.MZ63.--,3A,MZ63,,IT,42.629805,13.323448,1071.0,562.0,6.22,vs_profile,B,NO,,,RotD50,3.0,kotha2020_rjb,4.5,all
13,4,-0.20016161391314127,0,175,4A.MI03.--,4A,MI03,,IT,42.327415,13.475692,581.0,378.0,1.01,vs_profile,B,NO,,Directly on the ground,RotD50,3.0,kotha2020_rjb,4.5,all
14,4,-0.27381459492894167,0,175,CH.BIBA.--,CH,BIBA,,CH,46.30255,7.93038,660.0,1276.0,26.47,topography,A,NO,,,RotD50,3.0,kotha2020_rjb,4.5,all
15,4,0.04182660550771816,0,175,CH.BNALP.--,CH,BNALP,,CH,46.87034,8.4249,1549.0,1601.0,10.09,vs_profile,A,NO,,,RotD50,3.0,kotha2020_rjb,4.5,all
16,3,-0.23336811836090812,0,175,CH.DIX.--,CH,DIX,,CH,46.081053,7.408391,2370.0,1282.0,26.65,topography,A,NO,,,RotD50,3.0,kotha2020_rjb,4.5,all
17,8,-0.14865895905064389,0,175,CH.FUSIO.--,CH,FUSIO,,CH,46.45481,8.6629,1460.0,1631.0,36.65,topography,A,NO,,,RotD50,3.0,kotha2020_rjb,4.5,all
18,5,-0.29353738578538935,0,175,CH.GRIMS.--,CH,GRIMS,,CH,46.578146,8.318864,1746.0,1107.0,20.85,topography,A,NO,,,RotD50,3.0,kotha2020_rjb,4.5,all
19,5,0.13561849800634704,0,175,CH.LIENZ.--,CH,LIENZ,,CH,47.294601,9.4927,1720.0,914.0,13.85,topography,A,NO,,,RotD50,3.0,kotha2020_rjb,4.5,all
20,5,-0.2866051115058512,0,175,CH.LLS.--,CH,LLS,,CH,46.84676,9.00825,1860.0,2925.0,11.85,vs_profile,A,NO,,,RotD50,3.0,kotha2020_rjb,4.5,all
21,8,-0.12117108071401164,0,175,CH.MMK.--,CH,MMK,,CH,46.0507,7.96409,2200.0,1404.0,30.39,topography,A,NO,,,RotD50,3.0,kotha2020_rjb,4.5,all
22,3,-0.07538363211744689,0,175,CH.SCAS.--,CH,SCAS,,CH,46.1554,8.616,567.0,999.0,17.01,topography,A,Not analized,,,RotD50,3.0,kotha2020_rjb,4.5,all
23,5,-0.2716451576730219,0,175,CH.SCUC.--,CH,SCUC,,CH,46.798,10.3038,1230.0,751.0,7.82,topography,B,NO,,,RotD50,3.0,kotha2020_rjb,4.5,all
24,7,-0.3601756022738072,0,175,CH.SVAM.--,CH,SVAM,,CH,46.693377,9.526099,1227.0,486.0,18.11,vs_profile,B,NO,,,RotD50,3.0,kotha2020_rjb,4.5,all
25,4,-0.2954994693215315,0,175,CH.SVIO.--,CH,SVIO,,CH,46.2908,7.88033,650.0,1124.0,1.87,vs_profile,A,NO,,,RotD50,3.0,kotha2020_rjb,4.5,all
76,5,0.20284185230230964,0,175,IT.ALF.--,IT,ALF,,IT,44.5022,12.0334,6.0,243.0,0.08,vs_profile,C,NO,ENEL Box,Pillar,RotD50,3.0,kotha2020_rjb,4.5,all
77,12,0.05221769425755042,0,175,IT.AMT.--,IT,AMT,,IT,42.6325,13.2866,933.0,670.0,2.62,vs_profile,B,YES,Fiberglass box,Pillar,RotD50,3.0,kotha2020_rjb,4.5,all
78,15,-0.15527996158658827,0,175,IT.AQA.--,IT,AQA,,IT,42.3755,13.3393,693.0,549.0,0.53,vs_profile,B,NO,Fiberglass box,Pillar,RotD50,3.0,kotha2020_rjb,4.5,all
79,22,-0.07167144104067746,0,175,IT.AQG.--,IT,AQG,,IT,42.3737,13.337,743.0,696.0,12.98,vs_profile,B,NO,Fiberglass box,Pillar,RotD50,3.0,kotha2020_rjb,4.5,all
80,8,0.0897361899640028,0,175,IT.AQP.--,IT,AQP,,IT,42.3837,13.3686,1192.0,836.0,2.05,vs_profile,A,NO,Fiberglass box,Pillar,RotD50,3.0,kotha2020_rjb,4.5,all
81,4,-0.2047148009872364,0,175,IT.ARG.--,IT,ARG,,IT,44.6306,11.8251,45.0,170.0,0.17,vs_profile,D,NO,Fiberglass box,Pillar,RotD50,3.0,kotha2020_rjb,4.5,all
82,14,0.09313606209995282,0,175,IT.ASP.--,IT,ASP,,IT,42.848,13.6479,89.0,599.0,2.03,vs_profile,B,NO,ENEL Box,Pillar,RotD50,3.0,kotha2020_rjb,4.5,all
83,3,-0.20989596600760543,0,175,IT.BGN.--,IT,BGN,,IT,44.3224,9.9917,304.0,640.0,21.89,vs_profile,B,NO,Small masonry building,Pillar,RotD50,3.0,kotha2020_rjb,4.5,all
84,18,0.17994667224178218,0,175,IT.BGR.--,IT,BGR,,IT,43.8895,11.9912,557.0,829.0,11.6,vs_profile,A,YES,Fiberglass box,Pillar,RotD50,3.0,kotha2020_rjb,4.5,all
85,7,0.06710818589582701,0,175,IT.BRH.--,IT,BRH,,IT,44.2076,11.7639,149.0,395.0,5.09,vs_profile,B,NO,ENEL Box,Pillar,RotD50,3.0,kotha2020_rjb,4.5,all
86,4,-0.3031869942652905,0,175,IT.BRM.--,IT,BRM,,IT,44.1293,11.1176,851.0,410.0,10.67,vs_profile,B,NO,ENEL Box,Pillar,RotD50,3.0,kotha2020_rjb,4.5,all
87,18,-0.3038960851539695,0,175,IT.BRS.--,IT,BRS,,IT,42.3243,13.5902,977.0,444.0,7.03,vs_profile,E,NO,ENEL Box,Pillar,RotD50,3.0,kotha2020_rjb,4.5,all
88,8,0.3125872334646035,0,175,IT.BTT2.--,IT,BTT2,,IT,41.9983,13.5431,663.0,90.0,0.14,vs_profile,D,NO,ENEL Box,Pillar,RotD50,3.0,kotha2020_rjb,4.5,all
89,16,0.24154243118678193,0,175,IT.BVG.--,IT,BVG,,IT,42.9323,12.611,216.0,211.0,1.12,vs_profile,C,NO,ENEL Box,Pillar,RotD50,3.0,kotha2020_rjb,4.5,all
90,3,0.1524971918262859,0,175,IT.BVT.--,IT,BVT,,IT,44.5304,9.7428,840.0,596.0,9.12,vs_profile,B,NO,Fiberglass box,Pillar,RotD50,3.0,kotha2020_rjb,4.5,all
91,14,-0.12346273762155383,0,175,IT.BZZ.--,IT,BZZ,,IT,42.337,13.4685,640.0,679.0,0.87,vs_profile,B,YES,Small masonry building,Pillar,RotD50,3.0,kotha2020_rjb,4.5,all
92,18,-0.4202220583362225,0,175,IT.CLF.--,IT,CLF,,IT,43.0367,12.9204,701.0,145.0,1.4,vs_profile,D,NO,ENEL Box,Pillar,RotD50,3.0,kotha2020_rjb,4.5,all
93,4,-0.13577007576435432,0,175,IT.CNT.--,IT,CNT,,IT,44.7234,11.2866,71.0,174.0,0.06,vs_profile,D,NO,Fiberglass box,Pillar,RotD50,3.0,kotha2020_rjb,4.5,all
94,7,-0.07583838567512113,0,175,IT.CPC.--,IT,CPC,,IT,44.9214,11.8756,8.0,174.0,0.03,vs_profile,D,NO,ENEL Box,Pillar,RotD50,3.0,kotha2020_rjb,4.5,all
95,10,-0.10026695970686902,0,175,IT.CPS.--,IT,CPS,,IT,42.2716,13.7583,580.0,732.0,5.1,vs_profile,B,NO,Fiberglass box,Pillar,RotD50,3.0,kotha2020_rjb,4.5,all
96,14,0.4149129838126847,0,175,IT.CSA.--,IT,CSA,,IT,43.008,12.5906,196.0,200.0,0.16,vs_profile,C,NO,Small masonry building,Pillar,RotD50,3.0,kotha2020_rjb,4.5,all
97,9,-0.006084485487991065,0,175,IT.CSD.--,IT,CSD,,IT,42.754,12.0035,494.0,466.0,10.18,vs_profile,B,NO,ENEL Box,Pillar,RotD50,3.0,kotha2020_rjb,4.5,all
98,5,0.32376418621791053,0,175,IT.CSP.--,IT,CSP,,IT,44.3784,11.5801,88.0,237.0,2.95,vs_profile,C,NO,ENEL Box,Pillar,RotD50,3.0,kotha2020_rjb,4.5,all
99,11,-0.04574746956840964,0,175,IT.CSS.--,IT,CSS,,IT,41.4858,13.8231,175.0,648.0,17.2,vs_profile,B,NO,Small masonry building,Pillar,RotD50,3.0,kotha2020_rjb,4.5,all
100,5,0.32893191425367807,0,175,IT.CST.--,IT,CST,,IT,45.6595,11.9023,487.0,541.0,0.56,vs_profile,B,NO,ENEL Box,Pillar,RotD50,3.0,kotha2020_rjb,4.5,all
101,16,-0.19286600223466396,0,175,IT.CTD.--,IT,CTD,,IT,42.3884,12.9477,484.0,407.0,12.11,vs_profile,B,NO,ENEL Box,Pillar,RotD50,3.0,kotha2020_rjb,4.5,all
102,3,0.05219280432145111,0,175,IT.DCM.--,IT,DCM,,IT,43.8912,11.518,200.0,1000.0,1.35,vs_profile,A,YES,Fiberglass box,Pillar,RotD50,3.0,kotha2020_rjb,4.5,all
103,8,0.2815985221066812,0,175,IT.FAZ.--,IT,FAZ,,IT,44.298,11.8907,72.0,292.0,0.24,vs_profile,C,NO,Fiberglass box,Pillar,RotD50,3.0,kotha2020_rjb,4.5,all
104,4,0.16557942863350256,0,175,IT.FOCC.--,IT,FOCC,,IT,42.9574,12.7079,283.0,593.0,1.62,vs_profile,B,NO,,,RotD50,3.0,kotha2020_rjb,4.5,all
105,3,0.4309441205832001,0,175,IT.FOR.--,IT,FOR,,IT,44.1994,12.0419,77.0,296.0,0.16,vs_profile,C,NO,Fiberglass box,Pillar,RotD50,3.0,kotha2020_rjb,4.5,all
106,18,-0.16094756802270013,0,175,IT.FOS.--,IT,FOS,,IT,43.0146,12.8351,965.0,565.0,1.85,vs_profile,B,NO,Fiberglass box,Pillar,RotD50,3.0,kotha2020_rjb,4.5,all
107,6,-0.23958210228509144,0,175,IT.FVZ.--,IT,FVZ,,IT,44.2382,10.1311,428.0,509.0,14.16,vs_profile,E,NO,Fiberglass box,Pillar,RotD50,3.0,kotha2020_rjb,4.5,all
108,14,0.4126452086755653,0,175,IT.GBP.--,IT,GBP,,IT,43.3138,12.5894,426.0,224.0,0.66,vs_profile,C,NO,ENEL Box,Pillar,RotD50,3.0,kotha2020_rjb,4.5,all
109,4,0.11631110130082056,0,175,IT.GNV.--,IT,GNV,,IT,44.4317,8.932,419.0,1152.0,2.3,vs_profile,A,YES,Fiberglass box,Pillar,RotD50,3.0,kotha2020_rjb,4.5,all
110,21,-0.23174872192972493,0,175,IT.GSA.--,IT,GSA,,IT,42.4207,13.5194,1063.0,492.0,8.01,vs_profile,B,NO,Fiberglass box,Pillar,RotD50,3.0,kotha2020_rjb,4.5,all
111,6,0.35220316355037634,0,175,IT.ISD.--,IT,ISD,,IT,45.2733,10.9602,40.0,252.0,0.05,vs_profile,C,NO,ENEL Box,Pillar,RotD50,3.0,kotha2020_rjb,4.5,all
112,4,-0.14539087281029775,0,175,IT.LDP.--,IT,LDP,,IT,42.0392,14.1826,766.0,328.0,11.25,vs_profile,C,NO,Fiberglass box,Pillar,RotD50,3.0,kotha2020_rjb,4.5,all
113,3,0.27685183394552404,0,175,IT.LNG.--,IT,LNG,,IT,44.6553,10.3133,203.0,428.0,0.95,vs_profile,B,NO,Small masonry building,Pillar,RotD50,3.0,kotha2020_rjb,4.5,all
114,24,-0.11997442316922616,0,175,IT.LSS.--,IT,LSS,,IT,42.5582,12.9689,1067.0,1091.0,26.5,vs_profile,A,YES,Fiberglass box,Pillar,RotD50,3.0,kotha2020_rjb,4.5,all
115,13,0.005200280858372569,0,175,IT.MCS.--,IT,MCS,,IT,43.9937,12.1067,249.0,568.0,8.64,vs_profile,B,NO,Fiberglass box,Pillar,RotD50,3.0,kotha2020_rjb,4.5,all
116,7,0.04898889934921846,0,175,IT.MDN.--,IT,MDN,,IT,44.646,10.8899,80.0,213.0,0.09,vs_profile,C,NO,Fiberglass box,Pillar,RotD50,3.0,kotha2020_rjb,4.5,all
117,7,-0.2369442048690126,0,175,IT.MLC.--,IT,MLC,,IT,45.8079,10.8485,98.0,430.0,16.05,vs_profile,B,NO,ENEL Box,Pillar,RotD50,3.0,kotha2020_rjb,4.5,all
118,4,-0.03861551255370238,0,175,IT.MLD.--,IT,MLD,,IT,44.1184,12.071,116.0,214.0,7.99,vs_profile,C,NO,ENEL Box,Pillar,RotD50,3.0,kotha2020_rjb,4.5,all
119,17,-0.10560619438325161,0,175,IT.MMP1.--,IT,MMP1,,IT,42.2492,12.7483,471.0,800.0,12.54,vs_profile,A,YES,Fiberglass box,Pillar,RotD50,3.0,kotha2020_rjb,4.5,all
120,15,-0.19208170461931026,0,175,IT.MNF.--,IT,MNF,,IT,43.0596,13.1844,644.0,1062.0,24.51,vs_profile,A,YES,Small masonry building,Pillar,RotD50,3.0,kotha2020_rjb,4.5,all
121,4,-0.6307883866929238,0,175,IT.MNS.--,IT,MNS,,IT,45.2517,11.7221,14.0,227.0,1.85,vs_profile,C,NO,ENEL Box,Pillar,RotD50,3.0,kotha2020_rjb,4.5,all
122,5,-0.08816649960196404,0,175,IT.MRN.--,IT,MRN,,IT,44.8782,11.0617,15.0,208.0,0.05,vs_profile,C,NO,ENEL Box,Pillar,RotD50,3.0,kotha2020_rjb,4.5,all
123,9,0.07516041969322411,0,175,IT.MSC.--,IT,MSC,,IT,42.5268,13.3508,1335.0,652.0,6.39,vs_profile,B,NO,Fiberglass box,Pillar,RotD50,3.0,kotha2020_rjb,4.5,all
124,12,0.029857848100118017,0,175,IT.MSCT.--,IT,MSCT,,IT,42.526699,13.3509,1382.0,652.0,6.39,vs_profile,B,NO,Fiberglass box,Pillar,RotD50,3.0,kotha2020_rjb,4.5,all
125,17,0.08874610824166679,0,175,IT.MTL.--,IT,MTL,,IT,43.2494,13.0083,376.0,579.0,0.62,vs_profile,B,NO,ENEL Box,Pillar,RotD50,3.0,kotha2020_rjb,4.5,all
126,10,-0.26711570170159604,0,175,IT.MVB.--,IT,MVB,,IT,42.9619,12.257,363.0,1046.0,7.23,vs_profile,A,YES,Fiberglass box,Pillar,RotD50,3.0,kotha2020_rjb,4.5,all
127,14,0.05541023092164657,0,175,IT.NRC.--,IT,NRC,,IT,42.7925,13.0964,616.0,498.0,3.89,vs_profile,B,NO,Vault,Pillar,RotD50,3.0,kotha2020_rjb,4.5,all
128,11,-0.059419609935775775,0,175,IT.NRN.--,IT,NRN,,IT,42.5155,12.5194,306.0,811.0,16.9,vs_profile,A,YES,ENEL Box,Pillar,RotD50,3.0,kotha2020_rjb,4.5,all
129,4,-0.22269332705995828,0,175,IT.NVL.--,IT,NVL,,IT,44.843,10.7315,22.0,190.0,0.05,vs_profile,C,NO,Small masonry building,Pillar,RotD50,3.0,kotha2020_rjb,4.5,all
130,14,-0.14583764104085703,0,175,IT.PAN.--,IT,PAN,,IT,43.0058,12.1436,334.0,980.0,13.61,vs_profile,A,YES,Fiberglass box,Pillar,RotD50,3.0,kotha2020_rjb,4.5,all
131,5,-0.022290741349818288,0,175,IT.PAR.--,IT,PAR,,IT,44.8289,10.2793,91.0,335.0,0.26,vs_profile,C,NO,Fiberglass box,Pillar,RotD50,3.0,kotha2020_rjb,4.5,all
132,6,0.23691797415378085,0,175,IT.PNN.--,IT,PNN,,IT,43.8181,12.2628,525.0,335.0,12.55,vs_profile,C,NO,ENEL Box,Pillar,RotD50,3.0,kotha2020_rjb,4.5,all
133,14,0.10033645053213217,0,175,IT.PSC.--,IT,PSC,,IT,41.812,13.7892,1241.0,1000.0,23.1,vs_profile,A,YES,Fiberglass box,Pillar,RotD50,3.0,kotha2020_rjb,4.5,all
134,6,0.26919621602592114,0,175,IT.PTV.--,IT,PTV,,IT,45.2741,10.0879,55.0,245.0,0.42,vs_profile,C,NO,ENEL Box,Pillar,RotD50,3.0,kotha2020_rjb,4.5,all
135,6,0.06903888956018304,0,175,IT.PVF.--,IT,PVF,,IT,44.333,10.8252,743.0,453.0,3.78,vs_profile,B,NO,Fiberglass box,Pillar,RotD50,3.0,kotha2020_rjb,4.5,all
136,12,0.05408177876557217,0,175,IT.PZI1.--,IT,PZI1,,IT,42.4356,13.3262,908.0,705.0,7.68,vs_profile,B,NO,Small masonry building,Building basement,RotD50,3.0,kotha2020_rjb,4.5,all
137,6,-0.1297182855549641,0,175,IT.PZS.--,IT,PZS,,IT,44.1885,10.2886,659.0,453.0,10.98,vs_profile,B,NO,Fiberglass box,Pillar,RotD50,3.0,kotha2020_rjb,4.5,all
138,4,0.10185949572676667,0,175,IT.RNC.--,IT,RNC,,IT,43.870472,11.606806,534.0,859.0,16.04,vs_profile,A,YES,ENEL Box,Pillar,RotD50,3.0,kotha2020_rjb,4.5,all
139,14,0.032314246755426615,0,175,IT.RQT.--,IT,RQT,,IT,42.813,13.311,1188.0,805.0,4.42,vs_profile,A,NO,ENEL Box,Building basement,RotD50,3.0,kotha2020_rjb,4.5,all
140,13,-0.13004332624573092,0,175,IT.RTI.--,IT,RTI,,IT,42.4302,12.829,393.0,170.0,0.53,vs_profile,D,NO,ENEL Box,Pillar,RotD50,3.0,kotha2020_rjb,4.5,all
141,6,-0.1348613541380447,0,175,IT.SBC.--,IT,SBC,,IT,41.9132,13.1055,673.0,1298.0,17.31,vs_profile,A,YES,Fiberglass box,Pillar,RotD50,3.0,kotha2020_rjb,4.5,all
142,7,-0.08245709262257081,0,175,IT.SCN.--,IT,SCN,,IT,41.9187,13.8724,984.0,839.0,17.18,vs_profile,A,YES,Fiberglass box,Pillar,RotD50,3.0,kotha2020_rjb,4.5,all
143,8,0.01812735351480249,0,175,IT.SDM.--,IT,SDM,,IT,42.2897,13.5577,666.0,752.0,7.17,vs_profile,B,YES,ENEL Box,Pillar,RotD50,3.0,kotha2020_rjb,4.5,all
144,12,0.16656968529012783,0,175,IT.SNG.--,IT,SNG,,IT,43.6855,13.2261,85.0,258.0,2.56,vs_profile,C,NO,ENEL Box,Pillar,RotD50,3.0,kotha2020_rjb,4.5,all
145,5,0.15842974714047672,0,175,IT.SNZ1.--,IT,SNZ1,,IT,45.0742,9.8944,42.0,222.0,0.16,vs_profile,C,NO,ENEL Box,Pillar,RotD50,3.0,kotha2020_rjb,4.5,all
146,3,-0.0866571429003691,0,175,IT.SSC.--,IT,SSC,,IT,42.8746,11.8768,645.0,498.0,6.47,vs_profile,E,Not analized,Fiberglass box,Pillar,RotD50,3.0,kotha2020_rjb,4.5,all
147,8,0.08272056681404925,0,175,IT.SSU.--,IT,SSU,,IT,44.507,10.7848,448.0,489.0,9.74,vs_profile,E,NO,Fiberglass box,Pillar,RotD50,3.0,kotha2020_rjb,4.5,all
148,16,0.3935196624458843,0,175,IT.SULA.--,IT,SULA,,IT,42.0734,13.9166,412.0,297.0,0.63,vs_profile,C,NO,Small masonry building,Building basement,RotD50,3.0,kotha2020_rjb,4.5,all
149,17,0.05895871207934893,0,175,IT.SULP.--,IT,SULP,,IT,42.085,13.9274,405.0,275.0,1.99,vs_profile,C,NO,Small masonry building,Building basement,RotD50,3.0,kotha2020_rjb,4.5,all
150,15,0.04697100129244475,0,175,IT.TER.--,IT,TER,,IT,42.6565,13.6895,317.0,649.0,11.37,vs_profile,B,NO,Fiberglass box,Pillar,RotD50,3.0,kotha2020_rjb,4.5,all
151,3,0.03352998506143674,0,175,IT.TLM2.--,IT,TLM2,,IT,46.3814,12.9839,519.0,458.0,3.01,vs_profile,B,NO,Dam,Pillar,RotD50,3.0,kotha2020_rjb,4.5,all
152,15,-0.036439997320438705,0,175,IT.TRL.--,IT,TRL,,IT,42.4613,12.9323,1226.0,380.0,11.41,vs_profile,B,NO,Small masonry building,Pillar,RotD50,3.0,kotha2020_rjb,4.5,all
153,7,0.10416508247865436,0,175,IT.TVL.--,IT,TVL,,IT,41.893,12.7732,118.0,314.0,2.35,vs_profile,C,NO,ENEL Box,Pillar,RotD50,3.0,kotha2020_rjb,4.5,all
154,5,-0.33352268874032587,0,175,IT.VRL.--,IT,VRL,,IT,44.3927,9.6334,803.0,855.0,16.31,vs_profile,A,YES,Fiberglass box,Pillar,RotD50,3.0,kotha2020_rjb,4.5,all
155,8,0.1851050966135055,0,175,IV.CAFE.--,IV,CAFE,,IT,41.028,15.2366,1070.0,622.0,10.33,vs_profile,B,NO,Vault,Pillar,RotD50,3.0,kotha2020_rjb,4.5,all
156,17,0.09198646870019099,0,175,IV.CDCA.--,IV,CDCA,,IT,43.4584,12.2336,50.0,277.0,0.62,vs_profile,C,NO,Box,Pillar,RotD50,3.0,kotha2020_rjb,4.5,all
157,19,0.5253566255012616,0,175,IV.CIMA.--,IV,CIMA,,IT,43.305297,13.670091,163.0,443.0,8.93,vs_profile,B,NO,Fiberglass box,Directly on the ground,RotD50,3.0,kotha2020_rjb,4.5,all
158,4,-0.013388103425896192,0,175,IV.CMPO.--,IV,CMPO,,IT,44.5808,11.8056,2.0,116.0,0.02,vs_profile,D,NO,Vault,Pillar,RotD50,3.0,kotha2020_rjb,4.5,all
159,9,0.018552207809921534,0,175,IV.CRND.--,IV,CRND,,IT,45.8361,12.0131,159.0,423.0,0.34,vs_profile,B,NO,Box,Directly on the ground,RotD50,3.0,kotha2020_rjb,4.5,all
160,7,-0.4077263568423183,0,175,IV.FERS.--,IV,FERS,,IT,44.9035,11.5406,3.0,184.0,0.11,vs_profile,C,NO,,,RotD50,3.0,kotha2020_rjb,4.5,all
161,17,-0.0020606519580916582,0,175,IV.FIAM.--,IV,FIAM,,IT,42.26802,13.11718,1070.0,790.0,25.39,vs_profile,B,YES,Vault,Pillar,RotD50,3.0,kotha2020_rjb,4.5,all
162,27,0.0920725140015996,0,175,IV.GUMA.--,IV,GUMA,,IT,43.0627,13.3352,574.0,488.0,6.9,vs_profile,B,NO,Vault,Pillar,RotD50,3.0,kotha2020_rjb,4.5,all
163,7,0.08011248798303054,0,175,IV.INTR.--,IV,INTR,,IT,42.01154,13.9046,924.0,685.0,8.98,vs_profile,B,NO,Vault,Pillar,RotD50,3.0,kotha2020_rjb,4.5,all
164,11,0.16970173625231635,0,175,IV.MRB1.--,IV,MRB1,,IT,41.1227,14.96815,688.0,448.0,17.16,vs_profile,B,NO,Vault,Pillar,RotD50,3.0,kotha2020_rjb,4.5,all
165,6,-0.1995395264955618,0,175,IV.MRLC.--,IV,MRLC,,IT,40.7564,15.48892,605.0,861.0,29.37,vs_profile,A,YES,,,RotD50,3.0,kotha2020_rjb,4.5,all
166,6,-0.3603532804209362,0,175,IV.NDIM.--,IV,NDIM,,IT,44.8873,10.8987,19.0,208.0,0.05,vs_profile,C,NO,,,RotD50,3.0,kotha2020_rjb,4.5,all
167,7,0.2917234142215168,0,175,IV.NEVI.--,IV,NEVI,,IT,44.5834,10.3163,480.0,367.0,5.09,vs_profile,B,NO,,Directly on the ground,RotD50,3.0,kotha2020_rjb,4.5,all
168,9,-0.21605034513735225,0,175,IV.NRCA.--,IV,NRCA,,IT,42.83355,13.11427,927.0,591.0,19.29,vs_profile,B,NO,Box,Building floor,RotD50,3.0,kotha2020_rjb,4.5,all
169,12,0.2369310072135089,0,175,IV.OPPE.--,IV,OPPE,,IT,45.3082,11.1724,20.0,264.0,1.04,vs_profile,C,NO,Box,Directly on the ground,RotD50,3.0,kotha2020_rjb,4.5,all
170,17,0.007957691567350988,0,175,IV.POFI.--,IV,POFI,,IT,41.71743,13.71202,878.0,1280.0,2.2,vs_profile,A,YES,Vault,Pillar,RotD50,3.0,kotha2020_rjb,4.5,all
171,3,0.24117530191313513,0,175,IV.ROM9.--,IV,ROM9,,IT,41.82842,12.51553,110.0,605.0,1.53,vs_profile,B,NO,Box,Pillar,RotD50,3.0,kotha2020_rjb,4.5,all
172,25,0.06718427237503188,0,175,IV.SACS.--,IV,SACS,,IT,42.84906,11.90967,845.0,692.0,1.59,vs_profile,B,YES,Vault,Pillar,RotD50,3.0,kotha2020_rjb,4.5,all
173,13,0.11337278747095769,0,175,IV.SANR.--,IV,SANR,,IT,45.64,11.6099,51.0,321.0,0.34,vs_profile,C,NO,Fiberglass box,Building floor,RotD50,3.0,kotha2020_rjb,4.5,all
174,14,-0.2837689424619543,0,175,IV.SEF1.--,IV,SEF1,,IT,43.14683,12.94762,518.0,485.0,15.69,vs_profile,E,NO,Fiberglass box,Directly on the ground,RotD50,3.0,kotha2020_rjb,4.5,all
175,23,0.15517291950856665,0,175,IV.SENI.--,IV,SENI,,IT,43.7052,13.2331,10.0,242.0,0.27,vs_profile,C,NO,Borehole,,RotD50,3.0,kotha2020_rjb,4.5,all
176,5,-0.09324221993464327,0,175,IV.SGTA.--,IV,SGTA,,IT,41.135,15.365,890.0,400.0,3.28,vs_profile,B,YES,,,RotD50,3.0,kotha2020_rjb,4.5,all
177,9,0.35849297067406505,0,175,IV.SNAL.--,IV,SNAL,,IT,40.92542,15.20908,874.0,728.0,12.1,vs_profile,B,NO,,,RotD50,3.0,kotha2020_rjb,4.5,all
178,15,-0.16531937221861312,0,175,IV.TERO.--,IV,TERO,,IT,42.62279,13.60393,673.0,912.0,19.67,vs_profile,A,YES,Vault,Pillar,RotD50,3.0,kotha2020_rjb,4.5,all
179,8,-0.38498324660780203,0,175,IV.TREG.--,IV,TREG,,IT,45.523,11.1606,342.0,391.0,1.39,vs_profile,B,NO,Box,Directly on the ground,RotD50,3.0,kotha2020_rjb,4.5,all
180,5,-0.0464266522654965,0,175,IV.VENL.--,IV,VENL,,IT,45.4167,12.3765,4.0,245.0,0.48,vs_profile,C,NO,Unknown,,RotD50,3.0,kotha2020_rjb,4.5,all
181,10,-0.13249243794271506,0,175,IV.VOBA.--,IV,VOBA,,IT,45.6429,10.504,292.0,450.0,1.79,vs_profile,B,NO,Box,Pillar,RotD50,3.0,kotha2020_rjb,4.5,all
182,13,-0.10690453292829158,0,175,IV.ZOVE.--,IV,ZOVE,,IT,45.4536,11.4876,376.0,1013.0,16.69,vs_profile,A,NO,Box,Pillar,RotD50,3.0,kotha2020_rjb,4.5,all
26,4,-0.0838489434310832,1,90,CL.AGRP.00,CL,AGRP,00,GR,38.3959,21.72277,282.0,556.0,4.32,topography,B,Not analized,,,RotD50,3.0,kotha2020_rjb,4.5,all
27,6,-0.09746933865967418,1,90,CL.ROD3.00,CL,ROD3,00,GR,38.30811,21.89204,448.0,514.0,3.39,topography,B,Not analized,,,RotD50,3.0,kotha2020_rjb,4.5,all
28,3,-0.2306562433359212,1,90,CL.TRIZ.00,CL,TRIZ,00,GR,38.36543,22.07272,59.0,729.0,7.48,topography,B,Not analized,,,RotD50,3.0,kotha2020_rjb,4.5,all
29,16,-0.04714547352484809,1,90,HI.ARG2.--,HI,ARG2,,GR,38.1783,20.4878,6.0,417.0,1.83,topography,B,Not analized,,,RotD50,3.0,kotha2020_rjb,4.5,all
30,3,0.0008322307713936189,1,90,HI.ARS1.--,HI,ARS1,,GR,37.6349,22.7293,34.0,362.0,1.05,topography,B,Not analized,,,RotD50,3.0,kotha2020_rjb,4.5,all
31,10,-0.13166546827746653,1,90,HI.ART2.--,HI,ART2,,GR,39.1474,20.9937,191.0,643.0,6.09,topography,B,Not analized,,,RotD50,3.0,kotha2020_rjb,4.5,all
32,17,-0.1401949406869046,1,90,HI.KLV1.--,HI,KLV1,,GR,38.03256,22.10797,717.0,465.0,2.52,topography,B,Not analized,,,RotD50,3.0,kotha2020_rjb,4.5,all
33,9,0.027560994400187985,1,90,HI.KRI1.--,HI,KRI1,,GR,37.6621,20.8172,185.0,882.0,12.65,topography,A,Not analized,,,RotD50,3.0,kotha2020_rjb,4.5,all
34,11,-0.16545860069723442,1,90,HI.KRK1.--,HI,KRK1,,GR,39.618861,19.9202,10.0,421.0,1.89,topography,B,Not analized,,,RotD50,3.0,kotha2020_rjb,4.5,all
35,3,0.27400284442158296,1,90,HI.KRL1.--,HI,KRL1,,GR,37.7951,26.7065,14.0,644.0,6.1,topography,B,Not analized,,,RotD50,3.0,kotha2020_rjb,4.5,all
36,4,-0.09397980782265157,1,90,HI.LMN1.--,HI,LMN1,,GR,39.875,25.0588,2.0,603.0,5.34,topography,B,Not analized,,,RotD50,3.0,kotha2020_rjb,4.5,all
37,4,-0.12439923145848705,1,90,HI.LMS2.--,HI,LMS2,,GR,40.834985,21.141815,923.0,446.0,2.25,topography,B,Not analized,,,RotD50,3.0,kotha2020_rjb,4.5,all
38,15,0.2969894826001558,1,90,HI.MSL1.--,HI,MSL1,,GR,38.3727,21.4243,1.0,344.0,0.85,topography,C,Not analized,,,RotD50,3.0,kotha2020_rjb,4.5,all
39,4,0.1531633120784664,1,90,HI.MYT1.--,HI,MYT1,,GR,39.085,26.5694,34.0,809.0,9.86,topography,A,Not analized,,,RotD50,3.0,kotha2020_rjb,4.5,all
40,3,-0.0608063163920983,1,90,HI.NAX1.--,HI,NAX1,,GR,37.101394,25.374103,7.0,407.0,1.69,topography,B,Not analized,,,RotD50,3.0,kotha2020_rjb,4.5,all
41,5,-0.20525805193336943,1,90,HI.NPS1.--,HI,NPS1,,GR,36.51263,23.06248,48.0,407.0,1.69,topography,B,Not analized,,,RotD50,3.0,kotha2020_rjb,4.5,all
42,3,0.119780326407539,1,90,HI.PLN1.--,HI,PLN1,,GR,39.998,23.575,29.0,443.0,2.2,topography,B,Not analized,,,RotD50,3.0,kotha2020_rjb,4.5,all
43,7,0.04728455213848082,1,90,HI.SFL1.--,HI,SFL1,,GR,41.189954,26.304374,6.0,355.0,0.97,topography,C,Not analized,,,RotD50,3.0,kotha2020_rjb,4.5,all
44,4,-0.06662107480451711,1,90,HI.SKY1.--,HI,SKY1,,GR,38.904483,24.564572,75.0,824.0,10.43,topography,A,Not analized,,,RotD50,3.0,kotha2020_rjb,4.5,all
45,4,-0.395819027049767,1,90,HI.THS1.--,HI,THS1,,GR,40.738476,24.575145,20.0,527.0,3.66,topography,B,Not analized,,,RotD50,3.0,kotha2020_rjb,4.5,all
46,4,-0.2215620952464024,1,90,HI.VOL2.--,HI,VOL2,,GR,39.366,22.9506,26.0,393.0,1.5,topography,B,Not analized,,,RotD50,3.0,kotha2020_rjb,4.5,all
47,6,-0.11505703456749254,1,90,HL.ALNA.00,HL,ALNA,00,GR,39.14804,23.86669,40.0,437.0,2.12,topography,B,Not analized,,,RotD50,3.0,kotha2020_rjb,4.5,all
48,10,0.20452428799379066,1,90,HL.ARIA.00,HL,ARIA,00,GR,38.33358,21.76206,1.0,301.0,0.37,topography,C,Not analized,,,RotD50,3.0,kotha2020_rjb,4.5,all
49,3,-0.3764865234843151,1,90,HL.ARTB.00,HL,ARTB,00,GR,39.15702,20.9785,29.0,311.0,0.49,topography,C,Not analized,,,RotD50,3.0,kotha2020_rjb,4.5,all
50,3,-0.2822252289635492,1,90,HL.DION.--,HL,DION,,GR,38.07794,23.93306,460.0,459.0,2.43,topography,B,Not analized,,,RotD50,3.0,kotha2020_rjb,4.5,all
51,12,-0.07550270901416668,1,90,HL.DLFA.00,HL,DLFA,00,GR,38.47836,22.49583,570.0,1666.0,37.55,topography,A,Not analized,,,RotD50,3.0,kotha2020_rjb,4.5,all
52,6,-0.15526391707244233,1,90,HL.EFSA.00,HL,EFSA,00,GR,39.54015,24.98864,5.0,586.0,4.96,topography,B,Not analized,,,RotD50,3.0,kotha2020_rjb,4.5,all
53,14,0.029037220156448773,1,90,HL.ITM.00,HL,ITM,00,GR,37.17872,21.92522,423.0,882.0,12.68,topography,A,Not analized,,,RotD50,3.0,kotha2020_rjb,4.5,all
54,17,-0.09004614063706944,1,90,HL.JAN.00,HL,JAN,00,GR,39.65616,20.84874,526.0,399.0,1.58,topography,B,Not analized,,,RotD50,3.0,kotha2020_rjb,4.5,all
55,14,-0.07255294154265297,1,90,HL.KASA.00,HL,KASA,00,GR,39.74628,19.93542,65.0,1006.0,17.27,topography,A,Not analized,,,RotD50,3.0,kotha2020_rjb,4.5,all
56,3,-0.31012133540541653,1,90,HL.KLNA.00,HL,KLNA,00,GR,36.95708,26.97274,28.0,530.0,3.75,topography,B,Not analized,,,RotD50,3.0,kotha2020_rjb,4.5,all
57,8,-0.40450050870433185,1,90,HL.LIA.00,HL,LIA,00,GR,39.89725,25.18055,67.0,471.0,2.59,topography,B,Not analized,,,RotD50,3.0,kotha2020_rjb,4.5,all
58,8,0.3163324640374615,1,90,HL.LXRA.00,HL,LXRA,00,GR,38.20006,20.43718,0.0,462.0,2.47,topography,B,Not analized,,,RotD50,3.0,kotha2020_rjb,4.5,all
59,10,-0.11721439903804166,1,90,HL.MGNA.00,HL,MGNA,00,GR,38.65606,20.79116,58.0,595.0,5.15,topography,B,Not analized,,,RotD50,3.0,kotha2020_rjb,4.5,all
60,8,-0.04133860804754746,1,90,HL.NOAC.00,HL,NOAC,00,GR,37.97384,23.71767,93.0,719.0,7.32,topography,B,Not analized,,,RotD50,3.0,kotha2020_rjb,4.5,all
61,4,-0.03148926067767748,1,90,HL.NOAC.02,HL,NOAC,02,GR,37.97384,23.71767,93.0,719.0,7.32,topography,B,Not analized,,,RotD50,3.0,kotha2020_rjb,4.5,all
62,6,0.13972073482935948,1,90,HL.NVR.00,HL,NVR,00,GR,41.34846,23.86517,627.0,955.0,15.37,topography,A,Not analized,,,RotD50,3.0,kotha2020_rjb,4.5,all
63,8,0.4280913518988404,1,90,HL.PATC.00,HL,PATC,00,GR,38.26933,21.76001,47.0,444.0,2.21,topography,B,Not analized,,,RotD50,3.0,kotha2020_rjb,4.5,all
64,3,0.43637050167026525,1,90,HL.PATG.00,HL,PATG,00,GR,38.23865,21.72657,1.0,315.0,0.53,topography,C,Not analized,,,RotD50,3.0,kotha2020_rjb,4.5,all
65,5,-0.2740864131308082,1,90,HL.PLG.--,HL,PLG,,GR,40.37328,23.44443,566.0,608.0,5.44,topography,B,Not analized,,,RotD50,3.0,kotha2020_rjb,4.5,all
66,6,0.008338819304081757,1,90,HL.PRK.--,HL,PRK,,GR,39.24565,26.26499,130.0,604.0,5.35,topography,B,Not analized,,,RotD50,3.0,kotha2020_rjb,4.5,all
67,6,-0.22575315685318678,1,90,HL.PSRA.00,HL,PSRA,00,GR,38.53978,25.56202,13.0,412.0,1.77,topography,B,Not analized,,,RotD50,3.0,kotha2020_rjb,4.5,all
68,16,0.3262942299733972,1,90,HL.RIOA.00,HL,RIOA,00,GR,38.29585,21.79118,46.0,496.0,3.0,topography,B,Not analized,,,RotD50,3.0,kotha2020_rjb,4.5,all
69,3,0.08763680926661169,1,90,HL.SMHA.00,HL,SMHA,00,GR,38.25123,20.6477,5.0,342.0,0.82,topography,C,Not analized,,,RotD50,3.0,kotha2020_rjb,4.5,all
70,9,-0.26297844960886346,1,90,HL.SMTH.00,HL,SMTH,00,GR,40.47094,25.53045,365.0,1167.0,22.91,topography,A,Not analized,,,RotD50,3.0,kotha2020_rjb,4.5,all
71,3,0.23843240515423672,1,90,HL.SOFA.00,HL,SOFA,00,GR,39.33773,22.09691,110.0,358.0,1.01,topography,C,Not analized,,,RotD50,3.0,kotha2020_rjb,4.5,all
72,5,-0.23243647459467087,1,90,HL.TNSA.00,HL,TNSA,00,GR,37.53942,25.1631,21.0,401.0,1.6,topography,B,Not analized,,,RotD50,3.0,kotha2020_rjb,4.5,all
73,7,-0.09086944846976408,1,90,HL.VLMS.--,HL,VLMS,,GR,37.876701,20.66293,431.0,527.0,3.68,topography,B,Not analized,,,RotD50,3.0,kotha2020_rjb,4.5,all
74,5,-0.05597979106089964,1,90,HL.YDRA.00,HL,YDRA,00,GR,37.34923,23.46525,33.0,544.0,4.06,topography,B,Not analized,,,RotD50,3.0,kotha2020_rjb,4.5,all
75,3,0.10097220507443425,1,90,HL.ZARA.00,HL,ZARA,00,GR,37.4865,21.6491,30.0,372.0,1.2,topography,B,Not analized,,,RotD50,3.0,kotha2020_rjb,4.5,all
183,6,0.007980888520220955,1,90,KO.AKS.--,KO,AKS,,TR,38.8785,27.8129,385.0,534.0,6.7,topography,B,Not analized,,,RotD50,3.0,kotha2020_rjb,4.5,all
184,4,0.37722013036165825,1,90,KO.FOCM.--,KO,FOCM,,TR,38.7131,26.7309,34.0,461.0,4.28,topography,B,Not analized,,,RotD50,3.0,kotha2020_rjb,4.5,all
185,6,-0.06940093467486551,1,90,KO.GOMA.--,KO,GOMA,,TR,38.7077,27.9175,110.0,493.0,5.1,topography,B,Not analized,,,RotD50,3.0,kotha2020_rjb,4.5,all
186,7,0.2797715161229487,1,90,KO.GONE.--,KO,GONE,,TR,40.0466,27.686,143.0,647.0,10.78,topography,B,Not analized,,,RotD50,3.0,kotha2020_rjb,4.5,all
187,5,0.2814881584386104,1,90,KO.GPNR.--,KO,GPNR,,TR,39.456,26.1331,55.0,488.0,4.96,topography,B,Not analized,,,RotD50,3.0,kotha2020_rjb,4.5,all
188,4,0.3109352991519675,1,90,KO.ORLT.--,KO,ORLT,,TR,40.0452,28.8914,650.0,753.0,13.79,topography,B,Not analized,,,RotD50,3.0,kotha2020_rjb,4.5,all
189,3,0.10072823669304551,1,90,KO.SHAP.--,KO,SHAP,,TR,39.0231,29.222,1050.0,710.0,12.58,topography,B,Not analized,,,RotD50,3.0,kotha2020_rjb,4.5,all
190,7,0.3225314455666729,1,90,KO.SMAA.--,KO,SMAA,,TR,39.1005,28.9805,804.0,293.0,0.58,topography,C,Not analized,,,RotD50,3.0,kotha2020_rjb,4.5,all
191,4,0.37900747788052525,1,90,KO.UKOP.--,KO,UKOP,,TR,41.1288,26.6323,70.0,380.0,2.28,topography,B,Not analized,,,RotD50,3.0,kotha2020_rjb,4.5,all
192,6,-0.09563182536619573,1,90,YP.AC01.00,YP,AC01,00,GR,38.1662,20.5104,46.0,861.0,11.87,topography,A,Not analized,,,RotD50,3.0,kotha2020_rjb,4.5,all
193,3,-0.1561491027427675,1,90,YP.AC11.00,YP,AC11,00,GR,38.1581,20.4904,150.0,513.0,3.37,topography,B,Not analized,,,RotD50,3.0,kotha2020_rjb,4.5,all
