surface_siteid2,borehole_siteid2,site_code,lon,lat,borehole_sensor_depth_m,n_paired_records,transfer_log10_median,transfer_log10_q25,transfer_log10_q75,period_s,period_code,n_records,station_effect_log10
1200011,1200021,ABSH01,142.8444,44.5276,100,45,0.15966238782689413,0.10618678862525019,0.341225817484354,0.1,P0010,45.0,-0.8678449124253408
1200031,1200041,ABSH02,143.0264,44.4234,113,51,0.7582448061639827,0.5951642955994518,0.9827719251804145,0.1,P0010,51.0,-0.3634981846965343
1200051,1200061,ABSH03,143.2407,44.3843,100,55,0.5193547100959018,0.3926654689773455,0.7685603567196756,0.1,P0010,55.0,-0.5206162579982947
1200071,1200081,ABSH04,143.0767,44.192,200,33,0.13536312389312066,0.0933442973895495,0.184090818704845,0.1,P0010,33.0,-0.9997049400630617
1200091,1200101,ABSH05,143.0111,44.1146,106,59,0.40262810005061617,0.2766325557433795,0.5315078455922453,0.1,P0010,59.0,-0.506703074036229
1200111,1200121,ABSH06,143.6202,44.2146,100,182,0.436295570768745,0.36142216207276756,0.5181724696389542,0.1,P0010,175.0,-0.2492648989428968
1200131,1200141,ABSH07,143.0861,43.8494,127,161,0.8445622431777758,0.6988130352203962,0.9696299919613772,0.1,P0010,154.0,0.0969324713650149
1200151,1200161,ABSH08,144.9935,44.064,105,103,1.0058285994780862,0.9080200742044671,1.0789046332415686,0.1,P0010,103.0,-0.1702872408720351
1200171,1200181,ABSH09,144.8071,43.9269,157,159,0.8555292564606358,0.7445158111524113,0.9425215651260158,0.1,P0010,158.0,-0.018520020687688
1200191,1200201,ABSH10,143.9455,44.0813,300,83,0.6248095067426369,0.426642665359272,0.7587433419137712,0.1,P0010,83.0,-0.5786032260884048
1200211,1200221,ABSH11,144.1913,43.9144,122,184,0.5804690529210791,0.46906129395247853,0.6694334598804023,0.1,P0010,179.0,-0.2787863040292495
1200231,1200241,ABSH12,144.4574,43.8566,119,207,0.6762167230126525,0.6042374660820338,0.7484492139593462,0.1,P0010,203.0,-0.1480138567494867
1200251,1200261,ABSH13,143.4514,43.7419,105,210,0.29730010744763413,0.2451250022519287,0.3431217773194396,0.1,P0010,201.0,-0.2184566683848034
1200271,1200281,ABSH14,144.1835,43.7228,103,193,0.7838764354833602,0.6254110436172607,0.8934519077236686,0.1,P0010,189.0,-0.2661681722517264
1200291,1200301,ABSH15,143.51,43.6352,100,188,0.4974675367434382,0.42499376570311054,0.5535464072305597,0.1,P0010,180.0,-0.2788749001281089
1200321,1200331,AICH04,137.0568,34.9319,1055,42,0.7858557977073015,0.7469710027229532,0.8394161619971994,0.1,P0010,42.0,0.0267380872816734
1200341,1200351,AICH05,136.8763,34.8886,401,42,0.5843393515250537,0.4924555474058282,0.6509780599252463,0.1,P0010,41.0,0.1713667036854695
1200361,1200371,AICH06,137.0419,34.6158,300,41,0.7492145322829415,0.6608731938449202,0.8007406473097732,0.1,P0010,41.0,-0.2235765019150409
1200381,1200391,AICH07,137.4039,35.2194,201,77,0.6821633321367684,0.5686508146278229,0.7497079530327356,0.1,P0010,76.0,-0.1569761212441879
1200401,1200411,AICH08,137.2993,34.9189,100,46,0.30699307554134914,0.2531623262949938,0.3733812950924801,0.1,P0010,46.0,-0.3198832514261927
1200421,1200431,AICH09,137.3902,34.6643,360,82,0.7358286303238012,0.6773929914679228,0.7844315450800312,0.1,P0010,82.0,-0.1299915201545297
1200441,1200451,AICH10,137.6243,35.0002,100,42,0.8920306875001616,0.6050196571151497,1.1418881132288232,0.1,P0010,41.0,0.0578659340550077
1200461,1200471,AICH11,137.057,35.3059,100,63,0.5348604258040606,0.3682305540486247,0.6608331884097666,0.1,P0010,63.0,-0.1637376687591156
1200481,1200491,AICH12,137.1057,34.7884,401,56,0.903050131603701,0.8389750765703722,0.9732705702450332,0.1,P0010,56.0,0.0180734986914797
1200501,1200511,AICH13,136.8509,35.2177,741,23,0.7923101287338035,0.7281002755674851,0.8386251309569919,0.1,P0010,23.0,-0.0621905669502197
1200521,1200531,AICH14,137.0474,35.1842,207,21,0.785102572950942,0.733385191347097,0.80153025400249,0.1,P0010,20.0,0.1593720439965714
1200541,1200551,AICH15,137.3359,35.1392,120,74,0.834672530252693,0.7191500735875329,0.9107588460552207,0.1,P0010,74.0,0.0120871840265711
1200561,1200571,AICH16,137.535,35.1543,101,94,0.8214496317652149,0.7477411033001187,0.9249542833448646,0.1,P0010,93.0,-0.0066999393594519
1200581,1200591,AICH17,137.7268,35.184,101,68,1.1354229177476562,1.022639545830776,1.2553242574682089,0.1,P0010,67.0,0.3050407724732772
1200601,1200611,AICH18,137.2377,34.9635,100,59,0.8891112874229868,0.7685966705692313,0.9683380324712247,0.1,P0010,58.0,0.2243271300191956
1200621,1200631,AICH19,137.4114,34.9512,100,69,0.8196794420596087,0.6462030479907973,1.009761634036908,0.1,P0010,69.0,-0.0518201562710741
1200641,1200651,AICH20,137.4876,34.8976,100,58,0.8294535776439184,0.6666972922131282,1.000764351502241,0.1,P0010,58.0,-0.1138462912348343
1200661,1200671,AICH21,136.9385,34.7401,100,31,0.5657292692382013,0.5071149445863362,0.6591178613630684,0.1,P0010,30.0,-0.1873226703859205
1200681,1200691,AICH22,137.4393,34.7853,200,49,0.7277613310661882,0.6490807485764376,0.78259181273622,0.1,P0010,49.0,-0.3254149059827154
1200701,1200711,AICH23,136.8316,34.8806,980,3,0.7812798674012527,0.6796346237440727,0.8062209901870891,0.1,P0010,,
1200741,1200751,AKTH01,140.579,39.8147,100,254,0.27678092729326487,0.2337160235867085,0.32471584343057214,0.1,P0010,245.0,-0.3612756113605661
1200761,1200771,AKTH02,140.5721,39.6634,100,397,0.7598097018638653,0.603346179756879,0.852875770534309,0.1,P0010,383.0,0.060598916395283
1200781,1200791,AKTH03,140.1283,39.2223,103,347,0.47497538889836144,0.3938719801711751,0.5466173601877697,0.1,P0010,333.0,-0.308904876498973
1200801,1200811,AKTH04,140.7129,39.174,100,474,0.9493341012327003,0.8666464035553834,1.0177560606533924,0.1,P0010,455.0,0.3572847465418786
1200821,1200831,AKTH05,140.3185,39.0718,200,203,0.9911949678552902,0.824478211136036,1.1076158340320903,0.1,P0010,196.0,-0.2139097249845662
1200841,1200851,AKTH06,140.4952,38.9801,100,452,0.6145864996806706,0.5183313317222098,0.6866317338951681,0.1,P0010,436.0,-0.3126007039144299
1200861,1200871,AKTH07,140.8395,40.4563,105,284,0.47450609971266555,0.4352475515450678,0.5231305552553074,0.1,P0010,281.0,-0.3113098996224575
1200881,1200891,AKTH08,140.2341,40.3188,200,189,0.9091876072685267,0.7267016808527103,1.0264630710190719,0.1,P0010,187.0,0.0678479386789988
1200901,1200911,AKTH09,140.4596,40.2755,101,287,0.47031150177951997,0.4032780151866444,0.5473134242584722,0.1,P0010,281.0,-0.1871945767112772
1200921,1200931,AKTH10,140.5812,40.3002,100,204,0.6836025183253098,0.5078823090620471,0.7766877025332657,0.1,P0010,200.0,-0.2239643298663684
1200941,1200951,AKTH11,139.7623,39.9554,350,26,0.6560872435482603,0.5723984127377818,0.7361753348858731,0.1,P0010,26.0,-0.4193607407257532
1200961,1200971,AKTH12,140.2221,39.9155,100,166,0.6068201702718605,0.500483952210411,0.7014567807933696,0.1,P0010,162.0,-0.1782066374002404
1200981,1200991,AKTH13,140.4072,39.9819,100,236,1.3055522029332,1.0929244404342726,1.4352452474494928,0.1,P0010,231.0,0.3179719113102919
1201001,1201011,AKTH14,140.8084,40.0622,108,343,1.0085717847675242,0.9036598411447232,1.0905888159417574,0.1,P0010,335.0,0.2756873636374671
1201021,1201031,AKTH15,140.4075,39.6884,100,255,0.8895163224612773,0.747160404542714,1.0020828213363395,0.1,P0010,251.0,0.0281967018807542
1201041,1201051,AKTH16,140.3481,39.545,154,442,0.7279426428098252,0.5684989945170019,0.8442817932319852,0.1,P0010,424.0,0.1867345136183495
1201061,1201071,AKTH17,140.6116,39.5575,177,416,0.7107202499991954,0.5914611403378881,0.8298366358006554,0.1,P0010,400.0,0.1918836544286883
1201081,1201091,AKTH18,140.3869,39.3548,100,319,0.38282567465943923,0.3265033208049688,0.42704263390384156,0.1,P0010,306.0,-0.2437802655103611
1201101,1201111,AKTH19,140.471,39.1913,180,432,0.7186297952250338,0.6149750974163208,0.7961290722258966,0.1,P0010,414.0,-0.0302622432342812
1201121,1201131,AOMH01,140.9127,41.5273,100,204,0.6615630465660217,0.5849571707798245,0.7415991911113321,0.1,P0010,200.0,0.1389960343691265
1201141,1201151,AOMH02,140.8567,41.4049,200,21,0.39303396988494704,0.35859675457651036,0.4295017548192831,0.1,P0010,21.0,-0.685926728483034
1201161,1201171,AOMH03,140.9896,41.234,100,288,0.36357127242018383,0.2796899127407836,0.4359003911661866,0.1,P0010,281.0,0.0300766260128332
1201181,1201191,AOMH04,140.6759,40.8524,307,156,0.6614633071287825,0.590675499524391,0.7114659428761078,0.1,P0010,151.0,0.0304560409748319
1201201,1201211,AOMH05,141.1033,40.8564,312,327,0.9376742781200351,0.8675102982636553,1.0018040729176723,0.1,P0010,317.0,0.4978233169474776
1201221,1201231,AOMH06,141.3738,40.9664,100,329,0.9919514282802571,0.8830999766887061,1.0640386138980606,0.1,P0010,320.0,0.3540584860132179
1201241,1201251,AOMH07,140.0233,40.7451,109,156,0.46360764501617346,0.3559533223402315,0.5898092722082292,0.1,P0010,154.0,-0.3552913525095885
1201261,1201271,AOMH08,140.3121,40.7618,160,186,0.5816583389222922,0.46153289946515497,0.6796505660389625,0.1,P0010,185.0,-0.1746780780641473
1201281,1201291,AOMH09,140.3499,40.6199,162,129,0.903384041150542,0.8001358081756049,0.9857731482776442,0.1,P0010,127.0,-0.1494630850883366
1201301,1201311,AOMH10,140.6646,40.6091,105,225,0.30098254421166915,0.23200361445804132,0.36303700847732373,0.1,P0010,222.0,-0.4916209911734229
1201321,1201331,AOMH11,140.995,40.58,100,332,0.95133209559464,0.8523659337666758,1.0320438542440158,0.1,P0010,324.0,0.3379390721257507
1201341,1201351,AOMH12,141.1547,40.5846,100,355,0.8371362066926993,0.7220379440100846,0.9275259997606827,0.1,P0010,348.0,0.330721329206021
1201361,1201371,AOMH13,141.4451,40.5794,150,384,0.5766935090193941,0.5301312534957809,0.6321199379822098,0.1,P0010,375.0,0.1866613260874553
1201381,1201391,AOMH14,140.2726,40.5488,100,158,0.7663681477363689,0.6826974262366691,0.8434412228639185,0.1,P0010,156.0,-0.2264842285488346
1201401,1201411,AOMH15,140.5565,40.4841,100,222,0.5776150024025468,0.45225907645039826,0.662728323543462,0.1,P0010,219.0,-0.3433430298986985
1201421,1201431,AOMH16,141.0923,40.4624,150,377,0.8460921848775644,0.775336356183431,0.9129970394506812,0.1,P0010,368.0,0.4945616485353803
1201441,1201451,AOMH17,141.3374,40.4492,114,366,0.7801063139597433,0.6970657946050361,0.8503747540915265,0.1,P0010,353.0,0.2998986947056435
1201461,1201471,AOMH18,141.0145,40.2962,100,246,1.1920938514305248,1.0823068358727665,1.3058391713790323,0.1,P0010,242.0,0.4495838906924235
1201491,1201501,CHBH04,140.0206,35.7966,2300,348,0.6850025673630459,0.6158805874247247,0.7437295016538841,0.1,P0010,329.0,0.1156062560084013
1201521,1201531,CHBH06,140.5046,35.7215,180,179,0.6540110506983123,0.6086221997971677,0.7034108805228837,0.1,P0010,173.0,0.0784497568999057
1201571,1201581,CHBH10,140.2417,35.5458,2000,409,0.6209353927305173,0.5624331386986263,0.6763234970074763,0.1,P0010,394.0,-0.1043718203921781
1201591,1201601,CHBH11,140.1529,35.2867,2000,286,0.5078524176367243,0.44386064975991474,0.5668165393680052,0.1,P0010,277.0,-0.3918856691301868
1201611,1201621,CHBH12,139.8554,35.3445,2000,198,0.6594643629119221,0.5993246258135514,0.716351464228341,0.1,P0010,192.0,-0.2536040989045864
1201631,1201641,CHBH13,140.298,35.8307,1300,386,0.8832448123233757,0.8180994675979286,0.9584912301190281,0.1,P0010,365.0,0.1788812656796975
1201651,1201661,CHBH14,140.823,35.7342,525,226,0.6751559320495366,0.5972533053945535,0.7541947465337256,0.1,P0010,220.0,-0.4326344802273317
1201671,1201681,CHBH15,139.7885,34.9591,500,95,0.489730842703545,0.4099917290699207,0.5632624397659655,0.1,P0010,93.0,-0.4459396020287274
1201691,1201701,CHBH16,139.9649,35.1384,2002,195,0.7590522957340268,0.6763735334740568,0.8184647105003617,0.1,P0010,193.0,-0.3475496616565437
1201711,1201721,CHBH17,140.3398,35.1714,821,223,0.8410832309820958,0.7153791387728323,0.9322507983598035,0.1,P0010,219.0,-0.2469269091693499
1201741,1201751,CHBH19,140.5107,35.5943,1630,262,0.7689643216439127,0.7079846941003579,0.8165570932395048,0.1,P0010,256.0,-0.1937857637915644
1201761,1201771,CHBH20,140.0997,35.0882,306,183,0.07753674335554082,-0.019619215042100437,0.15635623265117407,0.1,P0010,182.0,-1.077898603410005
1201821,1201831,EHMH01,132.5552,33.0556,100,34,0.7832041376830352,0.6925375872348151,0.8644223921829701,0.1,P0010,34.0,-0.0834169686970369
1201841,1201851,EHMH02,133.184,33.865,110,30,1.0008113556824128,0.8821791543089325,1.0850671045511755,0.1,P0010,30.0,0.1036616385533722
1201861,1201871,EHMH03,133.6497,33.9154,100,43,0.6469600027043366,0.44319895790132824,0.8121671929687817,0.1,P0010,43.0,-0.1320403678513146
1201881,1201891,EHMH04,133.0658,33.9023,200,31,0.40538426303681513,0.3602768684303421,0.4421095840155834,0.1,P0010,31.0,-0.3050287382187145
1201901,1201911,EHMH05,132.8032,33.7112,134,49,0.8510117783879835,0.7543757194853722,0.9228739000408894,0.1,P0010,49.0,-0.1515227571946238
1201921,1201931,EHMH06,132.798,33.3348,200,54,0.8901805575032895,0.7433479048341418,0.982694952662382,0.1,P0010,54.0,-0.1650942429336268
1201941,1201951,EHMH07,132.748,33.5022,200,44,0.5163198626850045,0.3756509301182586,0.6298670761382832,0.1,P0010,44.0,-0.5293419982450347
1201961,1201971,EHMH08,133.0016,33.5388,100,50,0.8691823652871623,0.8127584862432082,0.9790673355361379,0.1,P0010,50.0,-0.1169832110412285
1201981,1201991,EHMH09,132.3072,33.4719,150,24,0.6788800709740641,0.5607000121744943,0.7398415090142123,0.1,P0010,24.0,-0.4239986437671903
1202001,1202011,EHMH10,133.0581,34.1918,100,47,0.9568199650243419,0.8365993533080338,1.039771991014355,0.1,P0010,47.0,0.0219281715040324
1202021,1202031,EHMH11,132.6011,33.5807,100,51,1.0199463184613038,0.8999137189045475,1.1506857763803833,0.1,P0010,51.0,0.0313136457612803
1202041,1202051,EHMH12,132.5055,33.427,150,53,0.674704892866466,0.6040997624399518,0.7487527166646218,0.1,P0010,53.0,-0.3063998199903588
1202061,1202071,EHMH13,132.1157,33.3719,222,49,0.26764715901100206,0.18651988617241025,0.3302203397739197,0.1,P0010,49.0,-0.7593846380049646
1202081,1202091,FKIH01,136.3617,36.0955,100,47,0.6000332040012326,0.497159471341707,0.6955445687078099,0.1,P0010,47.0,-0.3209917820671267
1202101,1202111,FKIH02,136.0556,35.9483,100,23,1.07187037272109,1.0146608989818036,1.1598194661054746,0.1,P0010,23.0,0.1017984466376515
1202121,1202131,FKIH03,136.699,35.9415,200,20,0.4675159566759195,0.3504150282751814,0.5534196891463539,0.1,P0010,,
1202141,1202151,FKIH04,135.8694,35.5587,200,37,0.8546927849851554,0.7689812342301201,0.9131725100178595,0.1,P0010,37.0,-0.1539459531765115
1202161,1202171,FKIH05,136.0303,35.639,122,38,0.7429733894616495,0.5855835805974948,0.8488025246480083,0.1,P0010,38.0,-0.1279239846438182
1202181,1202191,FKIH06,135.4841,35.4907,100,34,0.6974638988590245,0.6409657394588191,0.7485260493013092,0.1,P0010,34.0,0.1151119623455576
1202201,1202211,FKIH07,135.7266,35.4573,104,34,0.938643053138909,0.8878241989495737,1.0192864004288897,0.1,P0010,34.0,0.0631030940966052
1202221,1202231,FKOH01,130.9798,33.8849,200,47,0.8452788664231419,0.7842833638818212,0.9214506115483316,0.1,P0010,45.0,-0.2423394652812583
1202241,1202251,FKOH02,130.5963,33.6963,99,4,0.872004612349645,0.7601557945529128,0.9054831018494467,0.1,P0010,,
1202261,1202271,FKOH03,130.5499,33.5608,100,51,1.028844519623729,0.7613667816848928,1.1325160652849127,0.1,P0010,49.0,-0.1839195373081555
1202281,1202291,FKOH04,130.7451,33.5512,100,20,0.8950406708566571,0.7376111003543624,1.1516951015728893,0.1,P0010,,
1202301,1202311,FKOH05,130.9503,33.5293,100,19,1.0598660081694238,0.8904480831165433,1.1232425562879347,0.1,P0010,,
1202321,1202331,FKOH06,131.1348,33.5925,303,48,0.2592040818903678,0.218725993373874,0.34805882822175027,0.1,P0010,47.0,-0.4017473144247805
1202341,1202351,FKOH07,130.6354,33.3678,437,39,0.7330301614201389,0.6735193851564343,0.7922620279532391,0.1,P0010,38.0,-0.3940041545105252
1202361,1202371,FKOH08,130.8285,33.4654,100,55,0.9619354588078624,0.6410267980355817,1.1459373827609554,0.1,P0010,54.0,-0.1910394393843413
1202381,1202391,FKOH09,130.5432,33.8501,200,30,0.5260161495938955,0.44668438337690486,0.6634161305968007,0.1,P0010,29.0,-0.583273990465363
1202401,1202411,FKOH10,130.817,33.2891,200,55,0.23366946570465175,0.16761208339192166,0.3070852768009626,0.1,P0010,54.0,-0.5943811089188752
1202421,1202431,FKSH01,139.715,37.7565,100,286,0.9540408284962968,0.8243406437315088,1.0540227501773034,0.1,P0010,272.0,-0.3062467228233056
1202441,1202451,FKSH02,139.8821,37.7317,100,227,0.4866814594442067,0.4245535914557529,0.5544851523405611,0.1,P0010,213.0,-0.1066767539576544
1202461,1202471,FKSH03,139.7533,37.6078,127,426,0.5574719026334677,0.5028090880587037,0.6157880295436464,0.1,P0010,410.0,-0.1654215665790067
1202481,1202491,FKSH04,139.8126,37.4508,268,298,0.9932241187367544,0.8867656561333802,1.094576847860794,0.1,P0010,287.0,0.1470251209197242
1202501,1202511,FKSH05,139.8725,37.2544,105,298,0.5456037486347803,0.48576791026317934,0.60660605028742,0.1,P0010,287.0,-0.1515274294066247
1202521,1202531,FKSH06,139.5199,37.1723,100,395,0.8488260857503254,0.7357496183421259,0.9423003370464461,0.1,P0010,380.0,-0.3091360379913906
1202541,1202551,FKSH07,139.3755,37.0103,200,168,0.6993532507086522,0.619830858071899,0.83200789943847,0.1,P0010,159.0,-0.3090173747188087
1202561,1202571,FKSH08,140.2144,37.2822,105,495,0.7844040803302312,0.6977726187545455,0.8553349983075467,0.1,P0010,474.0,0.0766427965888656
1202581,1202591,FKSH09,140.4264,37.353,200,575,0.862335803703127,0.7879881999615925,0.9238124280863484,0.1,P0010,552.0,0.1935982381051395
1202601,1202611,FKSH10,140.093,37.1616,200,568,0.9368004137866297,0.8574576379513494,1.0105918124278164,0.1,P0010,548.0,0.5020255225419422
1202621,1202631,FKSH11,140.3386,37.2006,115,465,0.7683494753637401,0.7020858536406128,0.8379898168395182,0.1,P0010,445.0,0.3342468868070392
1202641,1202651,FKSH12,140.5703,37.2169,105,587,1.0911641741614553,0.9972501082573233,1.1689628024103706,0.1,P0010,564.0,0.2932578635785653
1202661,1202671,FKSH13,140.5853,36.9951,105,103,1.161497095225842,1.0723044923621077,1.2716228649745143,0.1,P0010,99.0,0.2849721577153654
1202681,1202691,FKSH14,140.9702,37.0264,147,596,0.7429449058709658,0.6728098709123946,0.8053735198955225,0.1,P0010,574.0,-0.1943585981617263
1202701,1202711,FKSH15,140.1735,37.6461,100,150,0.5098359147955727,0.44073727112863026,0.5880112413588552,0.1,P0010,144.0,-0.3829853318395343
1202721,1202731,FKSH16,140.3766,37.7643,300,307,0.5806239339581828,0.5153522221394918,0.6732250963375241,0.1,P0010,290.0,0.0016753377685392
1202741,1202751,FKSH17,140.5974,37.6636,100,583,0.8319027233874543,0.7590977544107053,0.9026098019157145,0.1,P0010,560.0,0.0542216052225643
1202761,1202771,FKSH18,140.538,37.4894,100,588,0.9895434136006567,0.8878907267943531,1.0855686286518076,0.1,P0010,564.0,0.3196108725624556
1202781,1202791,FKSH19,140.7227,37.4703,100,594,1.0776312794134801,1.0145700594978488,1.1462096643331225,0.1,P0010,568.0,0.3250824045173839
1202801,1202811,FKSH20,140.9871,37.4911,109,430,0.5264389394060494,0.46613938884186495,0.5904685885815849,0.1,P0010,416.0,-0.0044545094352713
1202821,1202831,FKSH21,139.3147,37.3421,200,270,0.7295222906847254,0.6499138338425298,0.8011863212828517,0.1,P0010,264.0,-0.4219641585460189
1202851,1202861,GIFH03,136.6134,35.6325,100,70,0.662036827790982,0.5641664004315391,0.7813879205551999,0.1,P0010,70.0,0.0524854113662924
1202871,1202881,GIFH04,137.1983,36.2448,100,45,0.5374277869588973,0.3813577031664664,0.6092492694674713,0.1,P0010,45.0,-0.4913989997597657
1202891,1202901,GIFH05,136.9479,36.0654,100,20,0.9187966927407585,0.7988643165322735,0.9723620261024712,0.1,P0010,20.0,-0.0699736489688602
1202911,1202921,GIFH06,136.7939,35.5038,201,44,0.5024779535590399,0.4399346499416317,0.6146055639697592,0.1,P0010,44.0,-0.3462501477035057
1202931,1202941,GIFH07,136.4347,35.4179,100,44,0.9449102560806353,0.8050860454821407,1.040299471707056,0.1,P0010,44.0,0.0348171829397425
1202951,1202961,GIFH08,136.9621,35.8323,100,67,0.5721220843339682,0.3648815643764943,0.6921514649084076,0.1,P0010,67.0,-0.3375885332060153
1202971,1202981,GIFH09,136.7002,35.2768,1508,42,0.6736269747020489,0.562857519574906,0.7610152473289042,0.1,P0010,42.0,-0.1621326831075429
1202991,1203001,GIFH10,137.3716,36.3779,100,54,0.7424319263209957,0.6618208148673786,0.8209605870776311,0.1,P0010,52.0,-0.4838222266359029
1203011,1203021,GIFH11,137.2464,35.4865,100,66,0.8615682853890745,0.6570005786193693,0.9664838317021767,0.1,P0010,65.0,0.0373430585690902
1203031,1203041,GIFH12,136.4134,35.6033,106,46,1.235353670724024,1.0657077535857684,1.3247227500578798,0.1,P0010,46.0,0.5220490861593359
1203051,1203061,GIFH13,136.8979,36.2743,154,45,0.5303580178304197,0.4568860072869724,0.664317050880207,0.1,P0010,43.0,-0.3026239637941266
1203071,1203081,GIFH14,137.5174,36.2493,100,54,0.7827301169366032,0.6604863566735563,0.8484867942082361,0.1,P0010,53.0,-0.3563862586562275
1203091,1203101,GIFH15,137.2208,36.1338,105,63,0.7067384576551055,0.6214514979408119,0.7844258203079955,0.1,P0010,62.0,-0.1406024337310409
1203111,1203121,GIFH16,137.3438,36.094,100,61,0.7700584248058547,0.538461082858992,0.9131601271476073,0.1,P0010,60.0,-0.3421808439971645
1203131,1203141,GIFH17,136.8732,35.9514,100,44,0.9550579547066641,0.807684165412665,1.091867162582726,0.1,P0010,43.0,-0.106848748204129
1203151,1203161,GIFH18,137.1495,35.8991,107,67,0.46439197580359426,0.37822794170841034,0.5316699252377859,0.1,P0010,66.0,-0.3808615925185252
1203171,1203181,GIFH19,137.3906,36.0216,100,80,0.44270259048760907,0.28680931298350604,0.6139612631839348,0.1,P0010,79.0,-0.5472698259893916
1203191,1203201,GIFH20,137.2531,35.7991,128,72,0.47392955099125433,0.4006353583907887,0.532567801790592,0.1,P0010,71.0,-0.2018580612442365
1203211,1203221,GIFH21,136.9618,35.6665,200,42,0.8678075059260486,0.6590490545924669,0.9754592597182914,0.1,P0010,42.0,-0.0490252753465351
1203231,1203241,GIFH22,137.1054,35.6682,100,31,0.909051690300867,0.7719611708722304,0.9866327558667533,0.1,P0010,31.0,-0.1369968011819992
1203251,1203261,GIFH23,136.7847,35.7235,100,48,0.7736671220276545,0.6774389083115212,0.8696041349575059,0.1,P0010,48.0,-0.0908308226078319
1203271,1203281,GIFH24,137.3187,35.6401,107,78,0.36312299499532075,0.24554623151841995,0.455240113583615,0.1,P0010,77.0,-0.565337342501715
1203291,1203301,GIFH25,136.6127,35.5214,102,40,0.7619077428491746,0.6837876300580077,0.8368378713900373,0.1,P0010,40.0,-0.1625420417930445
1203311,1203321,GIFH26,136.8764,35.4121,100,51,0.8553908406733377,0.7201691919806017,0.9231137969292919,0.1,P0010,51.0,-0.1673008603877142
1203331,1203341,GIFH27,137.004,35.4527,200,58,0.44853910145482123,0.3658196529411855,0.5140937939515182,0.1,P0010,58.0,-0.2847718757919769
1203351,1203361,GIFH28,137.4706,35.4571,401,75,0.6431869937462031,0.5770183970680893,0.7228234441265962,0.1,P0010,74.0,-0.0929583409450501
1203371,1203381,GIFH29,136.4732,35.2953,136,17,0.48910826013036574,0.4437002252638523,0.5333523334424991,0.1,P0010,,
1203411,1203421,GNMH05,139.1847,36.3143,2000,298,0.4130346059221259,0.34436004933072334,0.4794633191531653,0.1,P0010,287.0,0.0540652235687686
1203431,1203441,GNMH06,139.5443,36.2441,1203,89,0.8540774506666301,0.757929214978058,0.9246210766505344,0.1,P0010,85.0,0.170424214600682
1203451,1203461,GNMH07,139.2104,36.6998,200,414,0.5018780124583673,0.44643316041545705,0.5656655045789947,0.1,P0010,403.0,-0.0072364776038485
1203471,1203481,GNMH08,138.5244,36.4917,150,304,0.8774513603402301,0.7391688664584589,1.0220929101164828,0.1,P0010,298.0,0.0746898273725611
1203491,1203501,GNMH09,138.9068,36.6212,110,324,0.5348558767172187,0.4384017878986692,0.6261658852533072,0.1,P0010,317.0,-0.3337176168645934
1203511,1203521,GNMH10,138.7291,36.2356,100,90,0.6244566549164872,0.5643293769163868,0.6934921114331989,0.1,P0010,86.0,-0.2541552939893192
1203531,1203541,GNMH11,138.921,36.2862,200,364,0.564909999595149,0.5110763283110675,0.6243984447538937,0.1,P0010,353.0,-0.0561603110372749
1203551,1203561,GNMH12,138.9129,36.144,102,338,0.9798669604957804,0.9057983650063912,1.047057437824801,0.1,P0010,329.0,0.3158329052519651
1203571,1203581,GNMH13,139.0627,36.862,204,216,1.082031463987141,0.9782261745802644,1.1557443267203245,0.1,P0010,211.0,0.0469712667236625
1203591,1203601,GNMH14,139.3219,36.4931,200,328,0.8257631888168945,0.764805162239385,0.8881620372137772,0.1,P0010,317.0,0.0722260307462796
1203611,1203621,HDKH01,142.2296,42.7031,100,219,0.6111575896714153,0.4052498299835472,0.7881551148265629,0.1,P0010,210.0,-0.3140563771112252
1203631,1203641,HDKH02,142.4054,42.7061,110,142,0.492285708858318,0.381192435438933,0.6520412485420333,0.1,P0010,134.0,-0.3341073395110268
1203651,1203661,HDKH03,142.3521,42.5934,106,216,0.874053583538609,0.6286256381645158,1.0418284243311673,0.1,P0010,208.0,-0.1539881565769616
1203671,1203681,HDKH04,142.0381,42.5126,220,233,0.6584663708470277,0.5859762731621976,0.7196174397974697,0.1,P0010,225.0,-0.1753188464997478
1203691,1203701,HDKH05,142.5446,42.5977,100,211,0.633882517433139,0.4367055361026424,0.7575231845971595,0.1,P0010,204.0,-0.4736475040577447
1203711,1203721,HDKH06,142.3572,42.3498,115,236,0.7780190039650171,0.7023365855726913,0.8577937384701388,0.1,P0010,229.0,-0.3164941365265729
1203731,1203741,HDKH07,142.9164,42.133,101,309,0.58687572573383,0.4871908068023439,0.6570248140599472,0.1,P0010,299.0,-0.3534985406779796
1203751,1203761,HRSH01,133.0236,34.3736,205,50,0.9472061250225996,0.7951422347272304,1.1922422324571478,0.1,P0010,50.0,0.3066789563762444
1203771,1203781,HRSH02,132.948,34.5482,100,24,0.7152781332956923,0.6280474340232687,0.8824142494311439,0.1,P0010,24.0,0.1248258157146955
1203791,1203801,HRSH03,133.1375,34.5183,200,44,1.3287836261621706,1.035014339860646,1.4955815670076111,0.1,P0010,44.0,0.494481094997897
1203811,1203821,HRSH04,133.3493,34.3785,200,44,0.42976012152169013,0.35168788338128887,0.5119861178531475,0.1,P0010,44.0,-0.5631031832867953
1203831,1203841,HRSH05,133.4179,34.5566,200,32,0.8016169450995478,0.7560233025669317,0.8920894654056631,0.1,P0010,32.0,-0.114083340301085
1203851,1203861,HRSH06,132.9123,34.9137,100,25,0.9042402725276039,0.8512790419552102,0.937266465522159,0.1,P0010,25.0,0.1029035292332653
1203871,1203881,HRSH07,132.6411,34.2883,102,68,0.6898100767818462,0.6352586745455948,0.7441595858053957,0.1,P0010,68.0,0.0565520123489152
1203891,1203901,HRSH08,132.1611,34.3935,100,30,0.44078726839132404,0.3408969248562441,0.5203607587153865,0.1,P0010,30.0,-0.2469003263439415
1203911,1203921,HRSH09,132.9524,34.7016,115,32,0.5210527832483154,0.34952801604736594,0.574359314397631,0.1,P0010,32.0,-0.1526557457149418
1203931,1203941,HRSH10,132.3794,34.7471,100,43,1.0450548420700727,0.9789361257887723,1.1298996493317583,0.1,P0010,43.0,0.3675469439823245
1203951,1203961,HRSH11,133.1674,34.8225,100,35,0.7577970562951443,0.607267591230719,0.9027998500059377,0.1,P0010,35.0,-0.1691166662600612
1203971,1203981,HRSH12,132.4295,34.581,150,13,0.23254064968088128,0.08682829240465555,0.30509578619120326,0.1,P0010,,
1203991,1204001,HRSH13,132.3907,34.4122,200,18,1.0280511491049635,0.8730871182943366,1.1572010264085082,0.1,P0010,,
1204011,1204021,HRSH14,132.4063,34.209,100,49,0.5400303402023906,0.46274532988300116,0.6059091818134901,0.1,P0010,49.0,-0.4078161719655228
1204031,1204041,HRSH15,132.5053,34.1161,100,51,0.624262781261728,0.5190050384701983,0.7144727689142905,0.1,P0010,51.0,-0.2244480398391059
1204051,1204061,HRSH16,132.6689,34.6629,100,29,0.7787730339501249,0.669007936460988,0.9005553506498488,0.1,P0010,29.0,0.0977828885721928
1204071,1204081,HRSH17,132.2326,34.5716,102,42,0.5085319431416884,0.26995599487714617,0.6500395558809547,0.1,P0010,42.0,-0.3932345687558017
1204091,1204101,HRSH18,132.7923,34.4572,100,41,0.9335164864645233,0.7858681604703507,1.0004536170958862,0.1,P0010,41.0,0.0478404517530345
1204111,1204121,HYGH01,134.7941,34.2937,102,35,0.4059474610813366,0.37193938326959686,0.4617357688632273,0.1,P0010,35.0,-0.3449720393306772
1204131,1204141,HYGH02,134.4234,35.0671,103,37,0.3520992582767468,0.30318261408844177,0.3885423221909568,0.1,P0010,37.0,-0.6237876212502887
1204151,1204161,HYGH03,134.5237,35.2193,100,29,1.0812640556683528,0.947195145058062,1.1375649729964528,0.1,P0010,29.0,0.1165318617901384
1204171,1204181,HYGH04,135.2811,35.0708,100,34,0.819333049479892,0.7406880979646637,0.8948069536046727,0.1,P0010,34.0,-0.1240851080845337
1204191,1204201,HYGH05,134.3284,34.8995,100,11,0.8960940791407205,0.8281285454556232,0.9405054048251579,0.1,P0010,,
1204211,1204221,HYGH06,134.4792,34.7935,200,23,0.9614642835301882,0.8839254487876641,1.0293891464504794,0.1,P0010,23.0,0.0861473099228088
1204231,1204241,HYGH07,134.6701,35.0322,100,28,0.6766910019315286,0.5626319204966499,0.7790166815055772,0.1,P0010,28.0,-0.3260969493090143
1204251,1204261,HYGH08,134.9036,35.101,110,40,0.7428944056867521,0.6848669717136114,0.7938871397335447,0.1,P0010,40.0,-0.1468318922747968
1204271,1204281,HYGH09,135.0844,34.9082,100,40,0.6443027537188686,0.5968922339725589,0.7211234647367484,0.1,P0010,40.0,-0.244641613757636
1204291,1204301,HYGH10,134.8078,34.8164,100,39,0.6621647163925366,0.612814990318086,0.7384624612575834,0.1,P0010,39.0,-0.2063885830674788
1204311,1204321,HYGH11,134.9071,35.2925,200,33,1.0100019695661016,0.8991651225842919,1.107502011365096,0.1,P0010,33.0,-0.0057497955611085
1204331,1204341,HYGH12,134.5423,34.9313,100,34,0.8075643697492803,0.7314418208137461,0.8724613329157999,0.1,P0010,34.0,-0.1507661720158244
1204351,1204361,HYGH13,134.6566,35.6208,101,15,1.0226189343696939,0.9490696990039812,1.0911989167681941,0.1,P0010,,
1204371,1204381,HYGH14,134.8621,35.4574,101,28,0.7422131735175792,0.6651719009454126,0.8251465692455168,0.1,P0010,28.0,-0.047007854124468
1204391,1204401,HYGH15,134.5953,35.4697,100,15,0.9467690358439601,0.9270431643023178,1.0679640093010199,0.1,P0010,,
1204411,1204421,HYMH01,139.9678,42.4851,112,76,0.656765989187446,0.582298523826531,0.7170297840907389,0.1,P0010,75.0,-0.1993419801215109
1204431,1204441,HYMH02,140.3087,41.9856,101,116,0.4512449432699396,0.40661688141926855,0.5036223191173058,0.1,P0010,115.0,-0.355420564500763
1204451,1204461,HYMH03,140.004,42.1344,100,24,0.8298873423590769,0.6762719424351449,0.9819746025421046,0.1,P0010,24.0,-0.3655831987020358
1204481,1204491,IBRH06,140.6545,36.8809,100,205,1.2388065977908473,1.1565327151802391,1.3094228230232294,0.1,P0010,198.0,0.3480290645792228
1204501,1204511,IBRH07,140.3301,35.9521,1200,412,0.5241429115652136,0.2629196091069713,0.6840332965209304,0.1,P0010,394.0,-0.1717203671467518
1204521,1204531,IBRH08,140.5621,36.1188,1200,168,1.031355232461062,0.9550236767163783,1.0938569018492297,0.1,P0010,162.0,0.3662366777405163
1204541,1204551,IBRH09,140.3559,36.439,105,76,1.1773774171893248,1.0981545820312442,1.2693414091626867,0.1,P0010,74.0,0.5404534401345429
1204561,1204571,IBRH10,139.9889,36.1112,900,380,0.5687740798132122,0.4862954107145401,0.6910659150449855,0.1,P0010,364.0,-0.0158782629754542
1204581,1204591,IBRH11,140.1401,36.3701,103,520,1.0666323451928017,0.9825411859381356,1.13514423377208,0.1,P0010,499.0,0.4362570273073437
1204601,1204611,IBRH12,140.3181,36.8369,200,478,0.9908907359814144,0.9251192531652668,1.0432201699370194,0.1,P0010,460.0,0.306843825274787
1204621,1204631,IBRH13,140.575,36.7955,100,523,1.0728624191829774,0.9819875028203401,1.151266201034773,0.1,P0010,503.0,0.1894228949105041
1204641,1204651,IBRH14,140.5484,36.6922,100,511,0.7840422349133906,0.6505282591581311,0.8669674953662373,0.1,P0010,491.0,-0.1367684296302847
1204661,1204671,IBRH15,140.3013,36.5566,107,519,1.2047452640890597,1.1241823310877495,1.284713448886904,0.1,P0010,498.0,0.5224826060305164
1204681,1204691,IBRH16,140.3976,36.6405,300,518,1.0447861865130323,0.9750687957812592,1.1250044079818653,0.1,P0010,498.0,0.3458685830361984
1204701,1204711,IBRH17,140.314,36.0864,510,461,1.251103767376024,1.1570877369000432,1.324357158277464,0.1,P0010,440.0,0.5173888241959139
1204721,1204731,IBRH18,140.6198,36.3631,504,484,0.9089786410778293,0.8300906321067417,0.983086108916173,0.1,P0010,465.0,0.0741404208347245
1204741,1204751,IBRH19,140.0893,36.2137,209,433,0.3495428372787609,0.2894807358016097,0.39625435975179274,0.1,P0010,416.0,-0.2576215347727181
1204761,1204771,IBRH20,140.7323,35.8284,921,301,0.5810635265510334,0.5228064674334394,0.6333896656615073,0.1,P0010,289.0,-0.2276051800562512
1204781,1204791,IBRH21,140.105,35.9814,929,109,0.4637746883170867,0.4068281548775417,0.541005365750994,0.1,P0010,104.0,0.2921191773543571
1204871,1204881,IBUH01,141.8191,42.8739,100,191,0.964263562214386,0.7897556784834688,1.070916169451734,0.1,P0010,186.0,0.2531705184812663
1204891,1204901,IBUH02,142.1285,42.8714,102,152,0.6433599498160021,0.36942419076636057,0.7773899361117319,0.1,P0010,148.0,-0.4301179517750315
1204911,1204921,IBUH03,141.8641,42.6486,153,108,0.8267352813676203,0.6271713928028099,0.9767556514164732,0.1,P0010,102.0,0.1364054015052249
1204931,1204941,IBUH04,140.665,42.6415,103,50,1.1608734761393933,1.0098728200312426,1.2263054885127762,0.1,P0010,49.0,0.2638387051097829
1204951,1204961,IBUH05,141.3497,42.5629,177,197,0.3611486349474781,0.30418599657741807,0.43006123058364004,0.1,P0010,192.0,-0.1085919445832594
1204971,1204981,IBUH06,141.0017,42.4116,562,128,0.9001306771565075,0.8319633689749043,0.9618640725426746,0.1,P0010,125.0,0.4449343796167373
1204991,1205001,IBUH07,141.0643,42.6476,200,122,0.6053418737356102,0.5471594488565377,0.6659032106459161,0.1,P0010,119.0,-0.0910843779307802
1205011,1205021,IKRH01,141.5836,43.4087,200,114,0.48812421721824933,0.4252174627370693,0.5420708558335151,0.1,P0010,111.0,-0.1271325499738288
1205031,1205041,IKRH02,141.6523,43.2204,127,139,0.530358115408313,0.4605214731913534,0.5924034364157342,0.1,P0010,135.0,-0.0371988476374307
1205051,1205061,IKRH03,141.6399,42.888,252,168,0.4057401534310172,0.3272728930218886,0.468344421539131,0.1,P0010,164.0,-0.0945029835339877
1205071,1205081,ISKH01,137.2844,37.5266,200,31,0.5664149191397188,0.4680239266134458,0.5971980141692106,0.1,P0010,31.0,-0.153933033035657
1205091,1205101,ISKH02,137.0413,37.3644,102,50,0.05321115188723165,0.004889435146723809,0.14050507926398226,0.1,P0010,47.0,-0.4155865207276811
1205111,1205121,ISKH03,137.2436,37.3458,207,59,0.7642920837632398,0.6177506869584004,0.8478882037059894,0.1,P0010,56.0,0.1822896462507043
1205131,1205141,ISKH04,136.7176,37.1902,116,39,0.43737441493540874,0.4099914593619812,0.4733330667780671,0.1,P0010,36.0,-0.1989851216559676
1205151,1205161,ISKH05,136.9689,37.2224,105,34,1.4017421078168226,1.2512949773101274,1.4780743614446317,0.1,P0010,32.0,0.3183629732561974
1205171,1205181,ISKH06,136.8206,37.0533,200,47,0.417536604700299,0.35295952721636575,0.4923213673734043,0.1,P0010,44.0,-0.3179951811652425
1205191,1205201,ISKH07,136.6357,36.515,802,42,0.4640147502717675,0.37949308087400957,0.5049864194278638,0.1,P0010,42.0,-0.2753346455509641
1205211,1205221,ISKH08,136.7906,36.738,100,37,0.8094306940290661,0.757541790322562,0.8635948054814899,0.1,P0010,34.0,-0.0992854289352597
1205231,1205241,ISKH09,136.7168,36.2667,106,51,0.9640758807847137,0.6967609021593788,1.1663034716831426,0.1,P0010,51.0,-0.0380063166076515
1205251,1205261,IWTH01,141.3423,40.2383,200,402,1.093219553415274,0.9927301370152534,1.1872975056065076,0.1,P0010,390.0,0.3324622615540464
1205271,1205281,IWTH02,141.3826,39.825,102,460,1.2864319362479946,1.1881421957719103,1.3680401545157743,0.1,P0010,445.0,0.5592520778485967
1205291,1205301,IWTH03,141.652,39.802,101,473,0.9696338984074339,0.881325915683581,1.04546965392046,0.1,P0010,457.0,0.2244896174505141
1205311,1205321,IWTH04,141.3909,39.1809,106,546,0.8985161652190974,0.8386780631259063,0.9542622646726098,0.1,P0010,524.0,0.2539860571407082
1205331,1205341,IWTH05,141.3512,38.8654,101,524,0.9535037675573952,0.8750277635711508,1.023668627534172,0.1,P0010,499.0,0.2772483504916965
1205351,1205361,IWTH06,141.1709,40.2611,100,308,0.9437007346323816,0.7847104411503555,1.0514529125929306,0.1,P0010,299.0,0.4237001580172453
1205371,1205381,IWTH07,141.5709,40.2705,120,406,0.5975383743596869,0.5221163593567851,0.6596444399987768,0.1,P0010,396.0,-0.0948112490701113
1205391,1205401,IWTH08,141.7831,40.2686,100,363,1.2156999913811937,1.095774806291308,1.3251064470765646,0.1,P0010,355.0,0.2212792808647719
1205411,1205421,IWTH09,141.712,40.0861,100,432,0.6129282850982409,0.5263667469118445,0.6832315670434317,0.1,P0010,419.0,-0.1212770802421782
1205431,1205441,IWTH10,140.9529,40.1391,100,386,0.6098527987662302,0.5291398247661131,0.6747920157456653,0.1,P0010,375.0,0.0434746740810455
1205451,1205461,IWTH11,141.1915,40.0811,300,403,0.6555913851698384,0.6080940772107086,0.7096097941083783,0.1,P0010,390.0,0.2097589952154554
1205471,1205481,IWTH12,141.4245,40.1533,100,421,1.080408291302369,1.0016299635923085,1.1513079334158711,0.1,P0010,411.0,0.3890110056043785
1205491,1205501,IWTH13,141.5492,39.9398,117,379,0.37609365031381137,0.32033705059233775,0.43629580153078595,0.1,P0010,369.0,-0.2338108610082656
1205511,1205521,IWTH14,141.9087,39.7435,100,473,1.309788356698621,1.1706871239420484,1.4224729671524465,0.1,P0010,460.0,0.5189407464204646
1205531,1205541,IWTH15,141.0929,39.6148,122,511,0.5486018785723042,0.5031809792389295,0.5953359530605417,0.1,P0010,493.0,0.1775880911257565
1205551,1205561,IWTH16,140.9465,39.6436,150,489,0.4027387609616243,0.35853354776251023,0.44559126307884533,0.1,P0010,474.0,0.0976039212708769
1205571,1205581,IWTH17,141.5977,39.6442,103,507,0.5518865504586055,0.48270096738073454,0.624012744838542,0.1,P0010,491.0,0.0324109828486944
1205591,1205601,IWTH18,141.6775,39.463,100,489,1.018909510811659,0.9088351611008646,1.1165394609690076,0.1,P0010,472.0,0.2564993133769743
1205611,1205621,IWTH19,141.0001,39.4559,100,385,0.7143265388580452,0.6398462281601673,0.7867806797545698,0.1,P0010,376.0,0.3841941542011619
1205631,1205641,IWTH20,141.0473,39.3434,156,451,0.3335391326157084,0.27755550983318594,0.3826998358741341,0.1,P0010,436.0,0.235022522940129
1205651,1205661,IWTH21,141.9336,39.4734,100,497,0.8772318716151986,0.8023204122482736,0.945072864902679,0.1,P0010,480.0,0.0584967046425017
1205671,1205681,IWTH22,141.3015,39.334,100,516,1.004611127360573,0.9072453701369422,1.1069339677272865,0.1,P0010,499.0,0.3890171594338453
1205691,1205701,IWTH23,141.8233,39.2741,103,522,0.5710409620758445,0.500313668194469,0.6678232764407099,0.1,P0010,502.0,-0.0255015131218249
1205711,1205721,IWTH24,141.0118,39.1979,151,485,0.4048465771184557,0.3589282775960187,0.4589648450601972,0.1,P0010,464.0,0.0125374437428398
1205731,1205741,IWTH25,140.8638,39.0092,261,103,0.6256275227609039,0.5851284565470496,0.6863194981656819,0.1,P0010,101.0,0.135519792411582
1205751,1205761,IWTH26,141.0013,38.969,108,568,1.1615659667504539,1.023305295129442,1.2614629654326468,0.1,P0010,546.0,0.660203963216883
1205771,1205781,IWTH27,141.532,39.0307,100,556,1.023730123191829,0.9407381864642586,1.0884912116317258,0.1,P0010,536.0,0.4677670012434918
1205791,1205801,IWTH28,140.864,39.0094,263,359,0.6989189332053608,0.6408698741018968,0.7549120479094383,0.1,P0010,341.0,0.2322098028108762
1205841,1205851,KGSH01,130.1191,32.1554,201,51,0.4199253452516672,0.35188580488774823,0.4965505913478337,0.1,P0010,49.0,-0.591687886573928
1205861,1205871,KGSH02,130.2077,31.994,201,33,0.35925454095082276,0.2663105492880641,0.4649313689774686,0.1,P0010,32.0,-0.6593474570484651
1205881,1205891,KGSH03,130.4438,31.9812,100,68,0.2032836223419922,0.10982820904767829,0.30495123711799255,0.1,P0010,66.0,-0.8851182998506145
1205901,1205911,KGSH04,130.3602,31.8374,99,57,0.5465416028996966,0.46030202940353404,0.595332866805313,0.1,P0010,55.0,-0.4223042867380127
1205921,1205931,KGSH05,130.4958,31.8699,106,72,0.5986980549644507,0.5043130291412419,0.6581384482427266,0.1,P0010,69.0,-0.3877511973325472
1205941,1205951,KGSH06,130.4594,31.6988,202,54,0.7210791451201088,0.6416872358869149,0.822798397978762,0.1,P0010,51.0,-0.3804759135165623
1205961,1205971,KGSH07,130.6149,31.714,301,66,0.7302646956835854,0.6750893488077351,0.7791381881295051,0.1,P0010,63.0,-0.2295325538386803
1205981,1205991,KGSH08,130.9969,31.5618,149,79,0.5091049713435651,0.44673804440688103,0.5870101352446784,0.1,P0010,77.0,-0.5951396838208141
1206001,1206011,KGSH09,130.4333,31.3741,100,68,1.0607807377446998,0.9685332322465713,1.1453574706952514,0.1,P0010,66.0,-0.0159658533630268
1206021,1206031,KGSH10,130.6183,31.2066,202,69,0.7742633698484542,0.6778604994346634,0.8529585171334404,0.1,P0010,68.0,-0.4604019499525879
1206041,1206051,KGSH11,130.699,31.0899,199,53,0.769198336866994,0.6894863647180701,0.8137396912660207,0.1,P0010,51.0,-0.4294174071898781
1206061,1206071,KGSH12,131.0877,31.2583,150,63,0.6167517554085842,0.4866738734380296,0.7546752449200468,0.1,P0010,63.0,-0.4812665199960331
1206081,1206091,KGSH13,130.8541,31.4005,101,19,1.1316046904784829,1.0545605480478515,1.1768037136117395,0.1,P0010,,
1206101,1206111,KGWH01,133.9493,34.2186,117,38,0.9891934977760379,0.8857170926677301,1.0752170382436987,0.1,P0010,38.0,0.2548909454345024
1206121,1206131,KGWH02,133.7081,34.198,200,38,0.8255648298243989,0.7408715715905105,0.8938186570623333,0.1,P0010,38.0,0.1651901400559011
1206141,1206151,KGWH03,134.1482,34.27,100,21,0.29034170362757394,0.2176191665441188,0.33131308484208455,0.1,P0010,21.0,-0.4355705020137189
1206161,1206171,KGWH04,134.3043,34.2264,105,13,0.8055367552269762,0.7690021113863583,0.9066587549713239,0.1,P0010,,
1206181,1206191,KGWH05,134.3241,34.4572,433,20,0.578827992056216,0.5293605437519779,0.6896006900254283,0.1,P0010,20.0,-0.2060710096093695
1206201,1206211,KKWH01,142.3036,44.5973,111,14,0.3884877541295212,0.22192625938732224,0.45521046933510695,0.1,P0010,,
1206221,1206231,KKWH02,142.5736,44.5509,112,40,0.2301208368011436,0.14294207997954667,0.2952159852970866,0.1,P0010,40.0,-0.7911946303505107
1206241,1206251,KKWH03,142.2725,44.4732,100,24,0.1556484568011176,0.11378907712931227,0.3617630837072727,0.1,P0010,24.0,-0.9639127513725408
1206261,1206271,KKWH04,142.4056,44.4376,100,46,0.18686379113968105,0.14099643478318258,0.27370396248948453,0.1,P0010,46.0,-0.7416408910588147
1206281,1206291,KKWH05,142.6303,44.2921,300,51,0.4172311537305849,0.3558886761179906,0.4645992570995685,0.1,P0010,51.0,-0.5658833099512762
1206301,1206311,KKWH06,142.7656,44.3207,100,35,0.1700443943930312,0.10006895236386504,0.265196750316008,0.1,P0010,35.0,-1.0461682513230826
1206321,1206331,KKWH07,142.3409,43.3697,109,82,0.48402209720634803,0.3690595383094284,0.6151422764094178,0.1,P0010,80.0,-0.5871406409877338
1206341,1206351,KKWH08,142.6562,43.0406,100,202,1.0066365526036574,0.8966556749687103,1.0955175173740725,0.1,P0010,194.0,0.1042889028498388
1206361,1206371,KKWH09,142.2542,44.7745,106,12,0.5985572327551991,0.5405533718559461,0.8031513564567555,0.1,P0010,,
1206381,1206391,KKWH10,142.0528,44.6617,105,24,0.32460140700358686,0.2597696638608488,0.435858452949844,0.1,P0010,24.0,-0.7507988490639468
1206401,1206411,KKWH11,142.2834,43.9754,105,40,1.1083650200930437,0.8553241011344832,1.2278753712427053,0.1,P0010,40.0,-0.3062381702970088
1206421,1206431,KKWH12,142.6006,43.5038,207,127,0.30995585857613767,0.2448871527594378,0.38628097471625655,0.1,P0010,125.0,-0.7490668293912529
1206441,1206451,KKWH13,142.3906,43.5113,168,96,0.7596269447714092,0.5965941330222231,0.9226056520773753,0.1,P0010,94.0,-0.4764881768025129
1206461,1206471,KKWH14,142.5245,43.3841,150,154,0.9122045609314792,0.7587966678381728,1.0088253847339652,0.1,P0010,148.0,-0.1019733576125881
1206481,1206491,KKWH15,142.7656,43.8546,148,67,0.6355150507330333,0.4514830969359286,0.7815451061831071,0.1,P0010,67.0,-0.6261589106962875
1206501,1206511,KMMH01,130.6949,33.1089,99,51,0.7940600083139233,0.5295925568037966,1.0012272859313427,0.1,P0010,50.0,-0.3225247754652083
1206521,1206531,KMMH02,131.0629,33.122,124,53,0.6384770971291502,0.5281945256380489,0.6975683628786061,0.1,P0010,52.0,-0.2615792797093616
1206541,1206551,KMMH03,130.8301,32.9984,200,53,0.8594882291504493,0.7403003815877978,0.9763206346982205,0.1,P0010,52.0,-0.2223802503110697
1206561,1206571,KMMH04,131.0199,32.9514,128,23,0.5414979002424736,0.4331512545229937,0.5824555824115611,0.1,P0010,21.0,-0.2435089803594247
1206581,1206591,KMMH05,131.2207,32.9553,100,45,0.8072628721639246,0.7397600609896491,0.9007488341774759,0.1,P0010,44.0,0.1396990455422922
1206601,1206611,KMMH06,131.101,32.8114,111,60,0.5768365640250102,0.41300175112037263,0.7445762644128797,0.1,P0010,59.0,-0.3827498710632189
1206621,1206631,KMMH07,130.5584,32.6234,300,62,0.7954051924945542,0.7109886863569426,0.901800123450228,0.1,P0010,60.0,-0.313589026565008
1206641,1206651,KMMH08,131.0251,32.6501,103,41,0.466581376735864,0.42665706437170164,0.5183741160874683,0.1,P0010,41.0,-0.5468407324801914
1206661,1206671,KMMH09,130.9046,32.4901,100,70,0.9097851825170555,0.8334533211289794,1.0100391940103526,0.1,P0010,69.0,-0.1244141510723758
1206681,1206691,KMMH10,130.1811,32.3151,300,51,0.7307230614100474,0.6125070964992012,0.8381938513220137,0.1,P0010,50.0,-0.3023466976426018
1206701,1206711,KMMH11,130.5777,32.2918,300,58,0.4038506157351756,0.30638317137224913,0.5121059087405674,0.1,P0010,57.0,-0.7787756035594257
1206721,1206731,KMMH12,130.7371,32.2054,123,58,0.6598643684365633,0.5662300029997883,0.7630977467568105,0.1,P0010,57.0,-0.130088328894136
1206741,1206751,KMMH13,130.9096,32.2209,177,47,0.7239850915469688,0.6337722860516959,0.8528060035896539,0.1,P0010,45.0,-0.1292975018360769
1206761,1206771,KMMH14,130.7521,32.6345,110,68,0.6922173269787959,0.6402206688071812,0.7616630692917088,0.1,P0010,67.0,-0.2578443338486322
1206781,1206791,KMMH15,130.3647,32.1704,110,57,0.3588439907846076,0.23601428040467898,0.4168608394332381,0.1,P0010,57.0,-0.6120411032215753
1206801,1206811,KMMH16,130.8199,32.7967,252,57,0.6912403501715959,0.6065335925685937,0.7668969591734219,0.1,P0010,57.0,-0.29852488963425
1206821,1206831,KMMH17,130.5608,32.9873,100,30,0.41966925364532426,0.2444881287104981,0.8019165865164898,0.1,P0010,29.0,-0.7210770724654596
1206841,1206851,KMMH18,131.0071,33.0031,77,10,0.4305006740855222,0.3546036307112992,0.4575085313294152,0.1,P0010,,
1206911,1206921,KNGH10,139.5195,35.4991,2000,328,0.9906900017893567,0.8829767489886169,1.0839218090576848,0.1,P0010,320.0,0.2606250200569441
1206931,1206941,KNGH11,139.3539,35.404,1800,193,0.8098454616433579,0.6740398225812081,0.9373059140874974,0.1,P0010,189.0,-0.241757453863811
1206951,1206961,KNGH18,139.1283,35.6437,100,299,0.8775580645639776,0.7654444633866222,0.9722106172388316,0.1,P0010,289.0,0.0731274197107508
1206971,1206981,KNGH19,139.0436,35.4173,100,200,0.6764057568663927,0.5536262071919651,0.761734465427886,0.1,P0010,199.0,-0.3289112313996645
1206991,1207001,KNGH20,139.126,35.3663,105,260,0.848695798784731,0.6267790795688821,1.007928571314412,0.1,P0010,253.0,-0.05768132555363
1207011,1207021,KNGH21,139.2146,35.4628,210,234,0.7477543371525561,0.6532726862246337,0.8232194479321784,0.1,P0010,231.0,-0.2384179962492671
1207031,1207041,KNGH22,139.091,35.3583,2000,18,0.6248948802273158,0.49353793288329895,0.687259526258999,0.1,P0010,,
1207051,1207061,KNGH23,139.611,35.2624,100,171,0.46237340429436324,0.3813629900539623,0.526868796772743,0.1,P0010,166.0,-0.5189937956611028
1207071,1207081,KOCH01,134.1197,33.5421,200,32,0.6151900900762715,0.5044073554814381,0.723321021031439,0.1,P0010,32.0,-0.3288727941689995
1207091,1207101,KOCH02,133.3641,33.7079,100,48,0.3731582059845441,0.2586840574120117,0.4903201895547582,0.1,P0010,48.0,-0.4452575227941873
1207111,1207121,KOCH03,132.9891,33.2683,100,51,0.3737208748995295,0.3067048528842319,0.49299477344853243,0.1,P0010,51.0,-0.5707981584905615
1207131,1207141,KOCH04,132.7066,32.8414,100,64,0.29186215926356507,0.2188341148303392,0.38057913753505035,0.1,P0010,63.0,-0.6624420941441738
1207151,1207161,KOCH05,133.1444,33.6472,100,55,1.1761281687028844,1.0723265553537602,1.4298365430126154,0.1,P0010,55.0,0.3197084638054724
1207171,1207181,KOCH06,132.9524,33.0754,100,20,0.7447820799897805,0.6038214056988069,0.8653861072925982,0.1,P0010,20.0,-0.1327952776529162
1207191,1207201,KOCH07,133.2866,33.392,104,53,0.7772787184098506,0.6769436225062578,0.8506944378873759,0.1,P0010,53.0,-0.2506414928506945
1207211,1207221,KOCH08,132.9718,32.7797,100,50,0.5676425671701286,0.4944879592385336,0.6443703455092086,0.1,P0010,50.0,-0.3524053422570283
1207231,1207241,KOCH09,133.8243,33.6748,100,24,0.7935673215311432,0.6186992553238536,0.9010292610079322,0.1,P0010,24.0,-0.0090524042472321
1207251,1207261,KOCH10,133.4388,33.5313,101,42,0.2088472834246173,0.15669833119585239,0.25671285494862245,0.1,P0010,42.0,-0.7164203917186971
1207271,1207281,KOCH11,134.1603,33.2866,300,30,0.44374136390273067,0.3404889736275808,0.47432065877267365,0.1,P0010,30.0,-0.5228478234230437
1207291,1207301,KOCH12,133.8192,33.5294,170,32,0.5896753988170103,0.5242306003613404,0.6834051228592031,0.1,P0010,32.0,-0.2771794991562406
1207311,1207321,KOCH13,133.576,33.7543,152,19,0.838602980333998,0.7341625650900636,0.986144050839898,0.1,P0010,,
1207331,1207341,KSRH01,144.0844,43.4361,107,258,0.4539849358769502,0.3802979280179517,0.509434820381371,0.1,P0010,249.0,-0.2231856786717953
1207351,1207361,KSRH02,144.123,43.1142,105,254,0.6468212323422071,0.5672777938707966,0.7119877663084972,0.1,P0010,245.0,0.1676488678571597
1207371,1207381,KSRH03,144.6279,43.3848,107,228,0.8699586907801612,0.7690705314139699,0.9764784373744644,0.1,P0010,220.0,0.4549972296752185
1207391,1207401,KSRH04,144.6804,43.2139,240,228,0.6580145363649585,0.5810083333537454,0.7524578073447039,0.1,P0010,221.0,0.3127173139457266
1207411,1207421,KSRH05,144.2338,43.2556,330,271,1.0031357126657012,0.8815633323394545,1.105198573491375,0.1,P0010,262.0,0.5656761128778528
1207431,1207441,KSRH06,144.4285,43.22,237,268,0.8666147939506053,0.7102929219217694,0.9655077893453786,0.1,P0010,260.0,0.533589970207224
1207451,1207461,KSRH07,144.3274,43.1359,222,272,0.7872954777673942,0.6031996439648056,0.8776519248103974,0.1,P0010,263.0,0.4996566391268158
1207471,1207481,KSRH08,143.8936,43.1603,100,244,0.48008318457595733,0.41673952275764903,0.5450399126662728,0.1,P0010,240.0,-0.2811150804399498
1207491,1207501,KSRH09,143.9841,42.9856,100,271,0.5595223007041145,0.4609845935259256,0.6268188320027096,0.1,P0010,262.0,0.0016296745716093
1207511,1207521,KSRH10,145.1168,43.2084,255,173,0.8641558945734343,0.7606761368196219,0.9467812948515103,0.1,P0010,167.0,0.2808056361906881
1207531,1207541,KYTH01,135.1243,35.5243,155,38,0.7585733134925297,0.7156970593743164,0.8108766830041005,0.1,P0010,38.0,-0.127159294663968
1207551,1207561,KYTH02,135.2496,35.7101,200,27,0.8180081750026721,0.7128564008655343,0.8698777597799083,0.1,P0010,27.0,-0.1227974502118589
1207571,1207581,KYTH03,135.1334,35.313,300,34,0.7839469249911719,0.7484272392817418,0.8570511743678748,0.1,P0010,34.0,-0.2457472956674481
1207591,1207601,KYTH04,135.5508,35.2685,100,42,0.6149869549140852,0.5354219682516305,0.6783364758289417,0.1,P0010,42.0,-0.307521600679069
1207611,1207621,KYTH05,135.0268,35.6814,150,21,0.8978664080371057,0.8502081536130476,1.012323660831555,0.1,P0010,21.0,0.0873470226709467
1207631,1207641,KYTH06,135.4846,35.0469,100,16,0.3777341084272977,0.27024708478418086,0.5539114514339836,0.1,P0010,,
1207651,1207661,KYTH07,135.7461,34.8983,800,33,0.7696747746479999,0.6857996923653785,0.8447577011872698,0.1,P0010,33.0,-0.0392635208113144
1207671,1207681,KYTH08,135.7304,35.0094,703,21,0.8362073308306454,0.7880308454195004,0.8717761615345575,0.1,P0010,21.0,-0.0875054728893196
1207701,1207711,MIEH01,136.4563,34.9849,140,65,0.45910937423907805,0.3888729363091768,0.5179618513753848,0.1,P0010,65.0,-0.1003949121930471
1207721,1207731,MIEH02,136.2835,34.7662,200,47,0.6389940379550233,0.5866845227699637,0.6860796244611043,0.1,P0010,47.0,-0.3270312614912539
1207741,1207751,MIEH03,136.3692,34.547,100,45,1.0748610505503988,1.010616054207696,1.1875600460513824,0.1,P0010,44.0,0.3299008757287068
1207761,1207771,MIEH04,136.5866,34.3532,112,47,0.33559477233697727,0.2595520418418358,0.40518399001322397,0.1,P0010,46.0,-0.5758842686802251
1207781,1207791,MIEH05,136.1689,34.0637,100,38,1.0745795654916297,0.928422350990838,1.1795478124286698,0.1,P0010,37.0,0.2793949561140019
1207801,1207811,MIEH06,136.3293,34.358,100,43,0.5864022140360382,0.46766208740925697,0.6746914790471463,0.1,P0010,42.0,-0.3518831094316068
1207821,1207831,MIEH07,136.8216,34.2544,207,43,0.5566885165763131,0.3875015361488931,0.5994235131565084,0.1,P0010,42.0,-0.4108173854966785
1207841,1207851,MIEH08,136.5033,34.5424,150,44,0.6917030628965505,0.596443755976582,0.7520325478134707,0.1,P0010,43.0,-0.1551865361986623
1207861,1207871,MIEH09,135.9969,33.7644,100,36,0.8432717114205875,0.6552871078974756,0.9848220453826659,0.1,P0010,35.0,-0.1177744615093993
1207881,1207891,MIEH10,136.4245,34.8224,197,53,0.4772548998265955,0.4388277212867347,0.5492813325750042,0.1,P0010,52.0,-0.0178096994651041
1207901,1207911,MYGH01,140.9969,38.24,1206,150,0.871482021475244,0.7885177934717719,0.9454777719994715,0.1,P0010,143.0,0.0925753362468927
1207921,1207931,MYGH02,140.6513,38.8587,203,233,0.7668388357152585,0.6901535692238103,0.8491206715037901,0.1,P0010,225.0,-0.2239201852359605
1207941,1207951,MYGH03,141.6377,38.9207,117,538,0.4075585479388959,0.3530405699467173,0.4620759314604018,0.1,P0010,517.0,-0.1316474197121618
1207961,1207971,MYGH04,141.3254,38.786,100,584,0.6598942533918308,0.5612173624309125,0.7595933756085292,0.1,P0010,557.0,0.1460397204696241
1207981,1207991,MYGH05,140.7804,38.5793,337,355,0.4523984159426174,0.3988571098368817,0.5073291109659601,0.1,P0010,337.0,0.12927999746904
1208001,1208011,MYGH06,141.071,38.5907,100,604,0.25544608554024506,0.2023581938934696,0.3013458952405179,0.1,P0010,578.0,-0.3024859604040067
1208021,1208031,MYGH07,140.6405,38.1802,142,305,0.9431305708606039,0.8653292860369884,1.0068966285730945,0.1,P0010,299.0,0.9536323304801768
1208041,1208051,MYGH08,140.8441,38.1133,100,675,0.28975347726413625,0.24867088597666884,0.3368783768095863,0.1,P0010,647.0,-0.0468279523704028
1208061,1208071,MYGH09,140.6027,38.0091,100,650,0.5104815433174534,0.43015751198014013,0.5788086217892024,0.1,P0010,624.0,0.0318643673663121
1208081,1208091,MYGH10,140.8924,37.9411,205,655,0.7665462319976113,0.7048923992766731,0.8307074318591574,0.1,P0010,632.0,0.5142205280145085
1208101,1208111,MYGH11,141.3421,38.5158,207,377,0.9532105374732871,0.8782031653073697,1.013819996154607,0.1,P0010,364.0,0.3689960753283083
1208121,1208131,MYGH12,141.4428,38.6416,102,169,0.503444699726743,0.4045196223827807,0.5857791696916566,0.1,P0010,159.0,-0.1970847274483136
1208141,1208151,MYGH13,141.4176,38.6993,80,217,1.2733241794402776,1.1205665518519106,1.3562206941542516,0.1,P0010,212.0,0.5336537381460179
1208161,1208171,MYGH14,140.9551,38.34,1034,204,0.7584277273993218,0.6780697166885831,0.8552577777727306,0.1,P0010,198.0,0.1622846984155831
1208191,1208201,MYZH01,131.2257,32.6536,103,29,0.5347001877295298,0.4794151828307284,0.612107777215898,0.1,P0010,28.0,-0.3410896742518789
1208211,1208221,MYZH02,131.6829,32.6972,210,35,0.5457975833872689,0.4738867096888522,0.6976102899358108,0.1,P0010,34.0,-0.325150026180703
1208231,1208241,MYZH03,131.1043,32.4754,200,36,0.6800306142713304,0.5459305583544745,0.7632777962015144,0.1,P0010,36.0,-0.3280378643408049
1208251,1208261,MYZH04,131.3349,32.5181,100,68,0.8570291076028476,0.7504630129682449,0.9700331891311567,0.1,P0010,66.0,-0.1879840712157685
1208271,1208281,MYZH05,131.2668,32.347,100,51,0.917684850789224,0.8232057844294989,0.9617330929113006,0.1,P0010,49.0,-0.072963284575775
1208291,1208301,MYZH06,131.4643,32.3607,100,26,0.9293059829714658,0.7486778649378886,1.1497208559638707,0.1,P0010,25.0,0.0262386278798361
1208311,1208321,MYZH07,131.1946,32.1987,100,29,1.1083059006782088,1.0197988396484396,1.2344720623382295,0.1,P0010,29.0,0.0743674779972612
1208331,1208341,MYZH08,131.5309,32.2132,213,69,1.015687981761248,0.9152801843971922,1.1028202534148879,0.1,P0010,67.0,0.2577980809793334
1208351,1208361,MYZH09,131.0618,32.0421,100,44,0.2840669512744622,0.23704118367981733,0.3420082715472057,0.1,P0010,42.0,-0.8307603548980592
1208371,1208381,MYZH10,131.29,32.0215,100,78,0.7115160103184018,0.5428398121705533,0.8419883976113081,0.1,P0010,76.0,-0.1828167354054161
1208391,1208401,MYZH11,131.47,32.0208,212,37,0.7232714423780326,0.679137431341462,0.7910088806414968,0.1,P0010,36.0,-0.0826649389883182
1208411,1208421,MYZH12,130.9454,31.8643,101,57,1.180791745726576,1.0820452278958967,1.259964155890754,0.1,P0010,55.0,0.006133327942165
1208431,1208441,MYZH13,131.0791,31.7301,117,89,0.549386230134967,0.49669046549826423,0.6137683219527134,0.1,P0010,87.0,-0.2573301269155576
1208451,1208461,MYZH14,131.351,31.5649,201,28,0.8734895045430693,0.7869063352516501,0.9414976593077606,0.1,P0010,27.0,-0.3009974379725965
1208471,1208481,MYZH15,131.5893,32.3654,200,61,1.0392331112444995,0.93782968576814,1.122375715383051,0.1,P0010,60.0,0.1972982494402431
1208491,1208501,MYZH16,131.6958,32.506,100,61,0.5975992538549224,0.5122948117225545,0.6700990155282643,0.1,P0010,60.0,-0.192761100414595
1208511,1208521,NARH01,135.6489,33.9666,99,33,0.9175765275891088,0.8408404241013618,1.0067159101908103,0.1,P0010,32.0,0.1037406190007495
1208531,1208541,NARH02,135.8574,33.9692,100,21,0.6713315562694123,0.5620086454226156,0.7862757889520217,0.1,P0010,21.0,-0.1067602222167739
1208551,1208561,NARH03,136.0022,34.2925,101,36,0.6108500689097649,0.5066620234114663,0.6567040007779787,0.1,P0010,36.0,-0.235494902220596
1208571,1208581,NARH04,135.8369,34.3061,101,35,0.576045980801424,0.4748689586989286,0.6647594087006576,0.1,P0010,34.0,-0.1985704917761271
1208591,1208601,NARH05,136.0294,34.4237,101,43,0.8639930921702069,0.7441029646632871,0.9778126683338382,0.1,P0010,42.0,0.1138322508886748
1208611,1208621,NARH06,136.0512,34.6413,101,39,1.0797608081976187,0.9270355272676152,1.185735885739328,0.1,P0010,39.0,0.3055291838675372
1208631,1208641,NARH07,135.8541,34.5843,100,24,0.8926208976894102,0.763765327402801,0.9634969007789538,0.1,P0010,24.0,-0.109691378644928
1208651,1208661,NGNH03,137.7346,35.4786,165,95,0.8628948592228034,0.7375244021889339,0.9830330173276843,0.1,P0010,95.0,0.2155977776562795
1208671,1208681,NGNH07,138.376,36.7434,200,67,0.36203188127243163,0.2945399874421595,0.43253015510683335,0.1,P0010,65.0,-0.6332805799684434
1208691,1208701,NGNH08,137.8591,36.2541,250,54,0.552080327302995,0.45063733558632735,0.6013763236201359,0.1,P0010,51.0,-0.3883671182621387
1208711,1208721,NGNH09,138.2491,36.2859,100,46,0.6227854728179943,0.5103182186918858,0.6737488430831625,0.1,P0010,43.0,-0.4757844605191466
1208731,1208741,NGNH10,137.7669,35.9632,104,156,0.4231918609042725,0.3054818567702513,0.5215944511764019,0.1,P0010,153.0,-0.2751605287329421
1208751,1208761,NGNH11,138.3052,35.9157,206,158,0.8052974664968244,0.7169207340145529,0.8847087158755357,0.1,P0010,155.0,-0.0491699926336961
1208771,1208781,NGNH12,138.4797,35.9696,206,151,0.5507657932022796,0.49446298695691565,0.6118752828485752,0.1,P0010,147.0,0.0127621332550884
1208791,1208801,NGNH13,137.8767,35.5143,124,106,0.7586577915387183,0.6543808192658521,0.8533854101617018,0.1,P0010,104.0,0.0134947648305813
1208811,1208821,NGNH14,137.6261,35.3095,101,66,1.34672078681146,1.176525679915125,1.4513136919115541,0.1,P0010,65.0,0.6007385647748599
1208831,1208841,NGNH15,137.9305,36.0088,100,69,0.5788032613485001,0.47340480250082084,0.6688406709035679,0.1,P0010,67.0,-0.3912882690626561
1208851,1208861,NGNH16,138.1848,35.9465,247,135,1.085857948344976,0.9942949583798608,1.1895764092760963,0.1,P0010,133.0,0.2165637346291792
1208871,1208881,NGNH17,138.5504,36.1425,100,140,0.988312315408796,0.880895117162414,1.0841637985632435,0.1,P0010,134.0,-0.0337578921871427
1208891,1208901,NGNH18,137.595,35.9324,100,117,1.0261479690258415,0.925367497677204,1.1055417224824535,0.1,P0010,115.0,0.0750517178041186
1208911,1208921,NGNH19,138.5845,35.9735,115,185,0.7798848298034772,0.7125080392129518,0.8377177717895022,0.1,P0010,180.0,-0.1465212397934515
1208931,1208941,NGNH20,137.7173,35.787,100,89,0.7428244790332514,0.5454719491453285,0.8545660889220202,0.1,P0010,86.0,-0.1889332567949916
1208951,1208961,NGNH21,137.9236,35.8315,181,106,0.37619718892985415,0.3218496841307312,0.4278068260040669,0.1,P0010,106.0,-0.2492880822175151
1208971,1208981,NGNH22,138.0824,35.7946,100,106,0.25359027462986977,0.18811519129158696,0.32203855109810514,0.1,P0010,103.0,-0.5588140947167762
1208991,1209001,NGNH23,137.6105,35.6056,102,146,0.9221191429018558,0.7560797834631494,1.0019910524650961,0.1,P0010,145.0,0.2888540056037548
1209011,1209021,NGNH24,137.8797,35.6152,107,189,0.3096970758234881,0.2588311393804228,0.37500592930380444,0.1,P0010,185.0,-0.1761982230347987
1209031,1209041,NGNH25,137.9268,35.2986,102,125,0.6956947812160076,0.5793128820748126,0.833820710983781,0.1,P0010,124.0,-0.1548283609857159
1209051,1209061,NGNH26,138.1474,36.4663,103,59,0.688167207507483,0.6399074420482337,0.762720886714374,0.1,P0010,56.0,-0.2502849816959869
1209071,1209081,NGNH27,138.0479,36.577,102,152,0.3901548096404105,0.2762629898778872,0.4921252041664869,0.1,P0010,150.0,-0.4709505566150072
1209091,1209101,NGNH28,138.0964,36.7075,120,144,0.3196823743208205,0.2501434358118876,0.3671348277457719,0.1,P0010,142.0,-0.6457788076218722
1209111,1209121,NGNH29,138.4408,36.9102,110,152,0.6180422727003985,0.5082306228295921,0.7129052899681764,0.1,P0010,150.0,-0.3161875379192723
1209131,1209141,NGNH30,137.6849,36.064,101,126,0.8482379553511663,0.7278354459227653,0.9826923513569277,0.1,P0010,123.0,-0.0253141139024604
1209151,1209161,NGNH31,137.9389,36.1184,218,129,0.80531139232748,0.7198849136814531,0.9338875879359029,0.1,P0010,126.0,-0.168452836244469
1209171,1209181,NGNH32,137.9898,36.2578,100,80,0.748954985077225,0.6324435712652868,0.8231497697574787,0.1,P0010,77.0,-0.2558135827911
1209191,1209201,NGNH33,137.9637,36.4598,106,90,0.630022060928778,0.45177531713912494,0.7303681958442511,0.1,P0010,87.0,-0.3124215958381355
1209211,1209221,NGNH34,137.8201,36.5327,106,87,0.3994570923576585,0.3238817663995356,0.49265200030347084,0.1,P0010,85.0,-0.7424730189706383
1209231,1209241,NGNH35,137.8201,36.3824,105,66,0.8372756551330146,0.6754073195340692,0.9276707472950769,0.1,P0010,63.0,-0.2352235625732551
1209251,1209261,NGNH36,137.8482,36.6984,629,19,0.6985158921605128,0.6411287387565554,0.7207555494519025,0.1,P0010,,
1209271,1209281,NGNH37,138.4967,36.3308,709,96,0.9576947260274703,0.8646995705318727,1.02368270510754,0.1,P0010,94.0,0.0041865590162009
1209291,1209301,NGNH54,138.0058,35.4489,104,96,0.5014750008487026,0.38809352804166797,0.5983317914975972,0.1,P0010,95.0,-0.4284224373773166
1209311,1209321,NGSH01,129.4353,33.2116,207,40,0.9450849999998855,0.7965280418153302,1.023972236780462,0.1,P0010,38.0,-0.2477554661924439
1209331,1209341,NGSH02,129.7652,33.2122,112,18,0.2604232687561,0.20208188185259418,0.3101439896350826,0.1,P0010,,
1209351,1209361,NGSH03,129.8102,33.1256,200,49,0.5189075554731236,0.35418238189325435,0.7375311771143362,0.1,P0010,47.0,-0.4932969646508059
1209371,1209381,NGSH04,129.8026,32.9553,100,32,0.7993220778223514,0.7059112403462675,0.8613286249420793,0.1,P0010,30.0,-0.4827335711643145
1209391,1209401,NGSH05,130.1408,32.9103,200,18,0.7538195315441596,0.583764048647021,1.0373651848988719,0.1,P0010,,
1209411,1209421,NGSH06,129.8625,32.6999,200,37,0.6087241266690764,0.41988952281223285,0.7301570031761011,0.1,P0010,35.0,-0.6429943225946868
1209431,1209441,NIGH01,138.8876,37.4272,100,215,0.46705050357047845,0.37893703243993593,0.5503610672136157,0.1,P0010,205.0,-0.2204782537167171
1209451,1209461,NIGH02,139.5486,38.2799,104,462,0.292653912901545,0.24664058583489007,0.3491364993263626,0.1,P0010,445.0,-0.2826068911660732
1209471,1209481,NIGH03,139.4289,38.1327,221,251,0.4915946477196573,0.4257671470939212,0.5749255658122754,0.1,P0010,245.0,-0.4299221130041008
1209491,1209501,NIGH04,139.5428,38.1313,100,375,0.7986923689255917,0.6607490768317354,0.9081946070089091,0.1,P0010,361.0,0.0009943927223598
1209511,1209521,NIGH05,139.2788,37.9759,147,292,0.4237724687739305,0.36008527781424315,0.4898981693569095,0.1,P0010,283.0,-0.4489318962615575
1209531,1209541,NIGH06,139.0676,37.6527,100,232,0.7167282832420943,0.6108626907676815,0.8050737090726616,0.1,P0010,220.0,-0.099992837762067
1209551,1209561,NIGH07,139.261,37.6658,106,249,0.6327860231324985,0.5563476696859284,0.6884373747366089,0.1,P0010,241.0,-0.4663296294685162
1209571,1209581,NIGH08,139.4648,37.6708,300,398,0.5694509151000229,0.5066521568507447,0.6582318637742977,0.1,P0010,383.0,-0.3678328279827969
1209591,1209601,NIGH09,139.1279,37.5386,100,230,0.6223951323782344,0.5011735508173876,0.7150173038751907,0.1,P0010,225.0,-0.3198153567838498
1209611,1209621,NIGH10,139.3648,37.5438,100,309,0.5610298321394519,0.484367174066859,0.6186884217667774,0.1,P0010,300.0,-0.2505442577306178
1209631,1209641,NIGH11,138.744,37.1728,205,296,0.3076459817128232,0.24853560012515177,0.3622966624698914,0.1,P0010,288.0,-0.429387093154726
1209651,1209661,NIGH12,138.9821,37.2239,110,202,0.4912006571426465,0.4247346386135191,0.5494251111122225,0.1,P0010,194.0,-0.5247568683357398
1209671,1209681,NIGH13,138.3966,37.0544,100,72,0.5075598793871217,0.37143768234622393,0.5757107199287229,0.1,P0010,71.0,-0.4088949828672122
1209691,1209701,NIGH14,138.8521,37.0303,387,234,0.5922527467856795,0.5185599848966015,0.7113880087579569,0.1,P0010,228.0,-0.2638459275985497
1209711,1209721,NIGH15,138.9951,37.0533,100,240,0.5198507541435959,0.4360871999316797,0.5919996016534674,0.1,P0010,234.0,-0.5346957860833969
1209731,1209741,NIGH16,137.848,36.9378,100,38,0.7831170844645654,0.7413801307363912,0.8500428818837693,0.1,P0010,35.0,-0.0893847057268465
1209751,1209761,NIGH17,138.0966,36.8569,150,138,0.41857168815121093,0.31257820509079653,0.5193634800150438,0.1,P0010,135.0,-0.6339296626349004
1209771,1209781,NIGH18,138.2594,36.9425,110,106,0.6177193664213636,0.46221283000786706,0.6989572136474167,0.1,P0010,103.0,-0.3831224381149589
1209791,1209801,NIGH19,138.7849,36.8114,100,174,0.525377211306699,0.47209355669994146,0.5918196650171363,0.1,P0010,169.0,-0.2851179092396596
1209811,1209821,NMRH01,145.0246,43.785,110,220,0.849369969644612,0.7392995422734243,0.935497698553844,0.1,P0010,212.0,0.2066312002707086
1209831,1209841,NMRH02,144.9618,43.6772,103,221,0.9996456297794669,0.8986699266853271,1.0735434760708849,0.1,P0010,213.0,0.4761905789067119
1209851,1209861,NMRH03,144.9665,43.5508,227,229,0.5669630866700063,0.46656529635588473,0.6543387887184948,0.1,P0010,220.0,0.3276115951118209
1209871,1209881,NMRH04,145.1224,43.3978,216,223,0.6302444455784534,0.5350585035811941,0.7114803495039106,0.1,P0010,214.0,0.2780752461485684
1209891,1209901,NMRH05,144.8021,43.39,220,221,0.6898203452132385,0.5932489867876546,0.7644917154008449,0.1,P0010,213.0,0.421462084077438
1209911,1209921,OITH01,131.0326,33.4122,200,38,0.2435054292241775,0.15958982058105187,0.2844599310922876,0.1,P0010,37.0,-0.8142182978525266
1209931,1209941,OITH02,131.4429,33.4581,100,32,0.8778500227576339,0.7139452517216025,1.0545412395608333,0.1,P0010,31.0,-0.0595241139917865
1209951,1209961,OITH03,131.6856,33.4736,400,46,0.755407748422606,0.6759327477492922,0.8372407426155584,0.1,P0010,46.0,-0.4334559894578292
1209971,1209981,OITH04,131.3473,33.1306,230,37,0.7613382435943009,0.649373123869685,0.9205851392206102,0.1,P0010,37.0,0.050339782944726
1209991,1210001,OITH05,131.542,33.1525,100,37,0.2519158040466333,0.18643599195223312,0.3283358535024923,0.1,P0010,37.0,-0.5624733219320615
1210011,1210021,OITH06,131.3984,32.9726,104,24,0.48257680550908993,0.4025361490984043,0.5312719726872237,0.1,P0010,24.0,-0.3580535789545397
1210031,1210041,OITH07,131.5881,32.987,101,38,1.0281099546076928,0.9366403778337514,1.0780606049440649,0.1,P0010,37.0,0.0578963439537894
1210051,1210061,OITH08,131.5357,32.8392,101,52,0.591766002506203,0.3657158113849107,0.7783053463471532,0.1,P0010,51.0,-0.4065002480398705
1210071,1210081,OITH09,131.6786,32.8486,100,17,0.2522069111354696,0.16649137682098009,0.26597588190191646,0.1,P0010,,
1210091,1210101,OITH10,131.8695,32.9278,100,52,0.7870647408578049,0.6782788926979166,0.8769141409218909,0.1,P0010,51.0,-0.1685876176073507
1210111,1210121,OITH11,131.2118,33.2844,160,45,0.8306741945801323,0.7374892433346688,0.8949349485268674,0.1,P0010,44.0,-0.126540390115578
1210131,1210141,OKYH01,133.8905,34.507,200,23,0.9010908402385118,0.81440271593869,1.0466903782324213,0.1,P0010,23.0,0.2783802753638726
1210151,1210161,OKYH02,134.0702,34.7501,200,24,0.2620442657747626,0.1865463481085034,0.3161101009782376,0.1,P0010,24.0,-0.6091146655404076
1210171,1210181,OKYH03,133.789,34.7783,201,32,0.7215079650862439,0.6628103588134733,0.8377192646563545,0.1,P0010,32.0,0.0460473901557838
1210191,1210201,OKYH04,133.6861,34.6429,100,44,0.418142470659835,0.27058308363547234,0.4991128055010086,0.1,P0010,44.0,-0.4326023219343924
1210211,1210221,OKYH05,133.8527,34.8684,100,40,0.792873617247737,0.7164497558388473,0.8605465248111592,0.1,P0010,40.0,-0.0488666945592053
1210231,1210241,OKYH06,133.5283,34.6756,100,35,0.7893582614714095,0.7435883656692929,1.0403740610149055,0.1,P0010,35.0,-0.0132992682329565
1210251,1210261,OKYH07,133.3169,35.0493,100,27,0.35327510615302005,0.2671464303335398,0.401558233648161,0.1,P0010,27.0,-0.595233670693808
1210271,1210281,OKYH08,133.4055,34.9103,100,41,0.8548646567334824,0.7236707485529563,1.0008493916525185,0.1,P0010,41.0,0.1616006110380078
1210291,1210301,OKYH09,133.6765,35.1809,100,31,1.2307286546681464,1.0190104664900246,1.446007084546053,0.1,P0010,31.0,0.3345684243703203
1210311,1210321,OKYH10,133.9263,35.2826,200,13,1.0346931604881362,1.0197775082758167,1.1200051220994658,0.1,P0010,,
1210331,1210341,OKYH11,134.1162,35.0732,200,31,1.04947077735734,0.9478347186285233,1.1498364675738353,0.1,P0010,31.0,0.0883088082338795
1210351,1210361,OKYH12,134.319,35.0999,200,37,1.0188238519518389,0.8438201937398222,1.0892347217571179,0.1,P0010,37.0,0.1006045194697699
1210371,1210381,OKYH13,134.2744,34.7283,102,18,0.36866622012580275,0.3101194987138076,0.44478579940219143,0.1,P0010,,
1210391,1210401,OKYH14,133.6205,34.9363,100,29,0.8671541186966928,0.8093777269666981,0.9164058091963243,0.1,P0010,29.0,0.0349370534682568
1210411,1210421,OSKH01,135.2836,34.3977,1504,32,0.5924247065920447,0.46391165482358326,0.7173617732504122,0.1,P0010,32.0,-0.3719331834618876
1210431,1210441,OSKH02,135.3896,34.6628,2007,31,0.30239506100318087,0.20086924605671425,0.49182853397479265,0.1,P0010,31.0,-0.4800168004024659
1210451,1210461,OSKH03,135.6608,34.5248,100,17,0.4657481275608536,0.43229855638488646,0.5596829635443186,0.1,P0010,,
1210471,1210481,OSKH04,135.7052,34.763,200,27,0.5854891704404606,0.4781770907394267,0.8902755631412835,0.1,P0010,27.0,-0.2977713306413133
1210491,1210501,OSKH05,135.5199,34.7159,982,12,0.7876026728410928,0.7297232352267493,0.8930386771162846,0.1,P0010,,
1210521,1210531,OSMH01,140.4207,41.5977,150,169,0.48332276411349695,0.3970922023961807,0.551202270676427,0.1,P0010,167.0,-0.2783311244340886
1210541,1210551,OSMH02,140.6331,41.8374,360,169,0.4505717870788585,0.39896941804540953,0.5017337076298292,0.1,P0010,166.0,-0.1398946521295006
1210561,1210571,RMIH01,142.0795,45.0167,100,19,0.3418132231013611,0.21710502909096355,0.5601170503610722,0.1,P0010,,
1210581,1210591,RMIH02,141.9251,44.8948,107,20,0.5100422847349952,0.44427203619834205,0.6148831407027351,0.1,P0010,20.0,-0.3207060691578524
1210601,1210611,RMIH03,141.8187,44.6359,209,11,0.5272618925104322,0.4849714158294226,0.6599799934260628,0.1,P0010,,
1210621,1210631,RMIH04,141.9621,44.0974,100,27,0.23482715600758086,0.16577615658509504,0.34336360336764193,0.1,P0010,27.0,-0.9181676005483712
1210641,1210651,RMIH05,141.7876,44.0254,105,51,0.7134308441579021,0.5860926971359792,0.8425668926016896,0.1,P0010,51.0,-0.433229293797166
1210661,1210671,SAGH01,129.8877,33.508,200,35,1.1158740657694375,0.9762944518884392,1.1840930067138844,0.1,P0010,34.0,-0.0589261791620858
1210681,1210691,SAGH02,129.8798,33.2656,102,31,0.9972621205465886,0.5307635872423764,1.1369784489451789,0.1,P0010,29.0,-0.2645070568133573
1210701,1210711,SAGH03,130.2329,33.4098,103,14,0.9427374314717519,0.7318294076691765,0.9977102671767604,0.1,P0010,,
1210721,1210731,SAGH04,130.4046,33.3654,200,44,0.8954757906440158,0.7580607812095222,1.1300788109502367,0.1,P0010,43.0,-0.2752308698477943
1210741,1210751,SAGH05,130.1046,33.1806,203,52,0.22807581289816564,0.17945153744319658,0.28028600447306645,0.1,P0010,50.0,-0.9025764003865449
1210761,1210771,SBSH01,140.6228,43.2341,100,29,0.36148127329226215,0.2598538795767125,0.49054740528165813,0.1,P0010,29.0,-0.6716152577771857
1210781,1210791,SBSH02,140.5017,43.0527,100,48,0.9692637965752685,0.8430907955746363,1.0873337835034418,0.1,P0010,47.0,-0.2653455347900407
1210801,1210811,SBSH03,140.8199,43.0842,220,67,0.7531252485171206,0.6992635560319205,0.8193465214522607,0.1,P0010,65.0,-0.1530680679310807
1210821,1210831,SBSH04,140.6219,42.9758,200,39,0.6395945921845281,0.5595816212146418,0.6904412813743934,0.1,P0010,38.0,-0.4122891112658298
1210841,1210851,SBSH05,140.8223,42.95,100,40,0.6267569102101849,0.5490149005588728,0.7040124236420586,0.1,P0010,40.0,-0.5376965254963546
1210861,1210871,SBSH06,140.4831,42.8309,130,84,0.40373520916090344,0.3260904299357191,0.47508060549311154,0.1,P0010,82.0,-0.4803368404622506
1210881,1210891,SBSH07,140.8084,42.763,100,108,0.8618512182081367,0.7488910407914288,0.927958283442883,0.1,P0010,105.0,0.0397802845873142
1210901,1210911,SBSH08,140.9766,42.768,100,88,1.2069547151847675,1.0992461042065163,1.2920060126585335,0.1,P0010,87.0,0.1066851393666832
1210921,1210931,SBSH09,140.4841,42.6104,100,53,0.5556118140299616,0.4837172871526221,0.6162539469078587,0.1,P0010,52.0,-0.3507580772259386
1210941,1210951,SBSH10,140.1557,42.7797,100,44,0.9157508737977788,0.8030197273935608,0.9919833492129271,0.1,P0010,43.0,-0.0946290775846204
1210961,1210971,SIGH01,136.3599,35.2383,100,44,0.6163283857270819,0.520212919672599,0.7178028626564211,0.1,P0010,44.0,-0.1348205951415135
1210981,1210991,SIGH02,135.8671,35.2482,100,19,0.6676030090892529,0.5905401982939518,0.6926501955909685,0.1,P0010,,
1211001,1211011,SIGH03,136.0316,34.853,200,37,0.8885924372973149,0.8038583115050346,0.9758123015462165,0.1,P0010,37.0,0.0393026697468644
1211021,1211031,SIGH04,136.261,34.9638,200,37,0.8657950490832864,0.7877152815752594,0.943781373718359,0.1,P0010,37.0,-0.0850023183306212
1211041,1211051,SITH01,139.7349,35.929,3510,207,0.454908579112547,0.3387600794218987,0.5656701991426016,0.1,P0010,201.0,-0.1192619034879593
1211061,1211071,SITH03,139.3843,35.899,1800,226,0.5041062573614131,0.446114336300641,0.5563916902233932,0.1,P0010,218.0,-0.2215604617104324
1211081,1211091,SITH04,139.5353,35.8028,2000,296,0.4585398875498098,0.3891570536339104,0.5401126707860858,0.1,P0010,281.0,-0.2455920441838303
1211101,1211111,SITH05,139.0504,36.1509,100,303,0.8315138507856655,0.7173054965317851,0.8949913848258293,0.1,P0010,292.0,0.2045581825549379
1211121,1211131,SITH06,139.2894,36.1131,200,371,1.0390717537994072,0.8858774675927401,1.1259797915819347,0.1,P0010,357.0,0.4828771500825213
1211141,1211151,SITH07,139.1485,35.9118,102,352,0.8856283511266738,0.7992092787000857,0.9565411766967745,0.1,P0010,339.0,0.130282889551342
1211161,1211171,SITH08,138.9691,36.0274,100,340,0.7917338396510973,0.6969697198008855,0.8667056873726889,0.1,P0010,331.0,0.0005476624615433
1211181,1211191,SITH09,139.0993,36.0715,122,198,0.4489309364710837,0.3883174966734244,0.5169820229664782,0.1,P0010,188.0,-0.1631403549815672
1211201,1211211,SITH10,139.2191,35.9964,102,291,0.9723724360402023,0.8961598056113889,1.033423427252697,0.1,P0010,282.0,0.2580722763059662
1211221,1211231,SITH11,139.2726,35.8637,101,347,1.1316592935933216,1.052112952415098,1.192759093937087,0.1,P0010,334.0,0.3312628844412802
1211241,1211251,SITH12,139.2194,35.9969,100,21,0.9282465646925512,0.8895718284860652,0.9681193616975258,0.1,P0010,,
1211281,1211291,SMNH01,133.2604,35.2963,101,20,1.0956119118955674,0.9392072707045775,1.147414491669607,0.1,P0010,20.0,-0.0039077651609893
1211301,1211311,SMNH02,133.0856,35.2235,101,24,0.6924465122749488,0.5297749000962633,0.8686718945052977,0.1,P0010,24.0,-0.1570573710600281
1211321,1211331,SMNH03,132.7223,35.2243,101,28,0.5448530030359943,0.48794719429274946,0.6313157132183334,0.1,P0010,28.0,-0.1147922859841604
1211341,1211351,SMNH04,132.5308,35.0918,101,30,0.8239618305859542,0.670265485182823,0.9358264470840922,0.1,P0010,30.0,-0.0244994606452951
1211361,1211371,SMNH05,132.6396,34.8697,101,26,0.9182603627329269,0.6081618864468186,1.0005667839583618,0.1,P0010,26.0,-0.000807115243856
1211381,1211391,SMNH06,132.2026,34.8839,201,27,0.8193745225451382,0.7473203100330315,0.8568389156962095,0.1,P0010,27.0,-0.0915933031604288
1211401,1211411,SMNH07,132.0402,34.694,209,37,0.6861703612280102,0.5923123414007875,0.7902247523616432,0.1,P0010,37.0,-0.1082878506300606
1211421,1211431,SMNH08,132.4208,34.8801,100,23,0.7703344031236993,0.5933161812084649,0.8653895868192274,0.1,P0010,23.0,-0.1331368840150427
1211441,1211451,SMNH09,132.0122,34.5725,200,40,0.562920184345973,0.43744796591547386,0.6731909867450765,0.1,P0010,40.0,-0.2971224001368157
1211461,1211471,SMNH10,133.3004,35.5579,200,20,0.42327187284190704,0.3454130469832004,0.48974012622374274,0.1,P0010,20.0,-0.7254873111647612
1211481,1211491,SMNH11,132.8008,35.4259,200,19,0.6250669618950497,0.5091837051008475,0.7565278883404433,0.1,P0010,,
1211501,1211511,SMNH12,132.8558,35.1634,101,22,1.1208188575549745,0.9432326958823473,1.2018530227169826,0.1,P0010,22.0,0.2503762242925437
1211521,1211531,SMNH13,132.3069,35.0087,100,23,0.8005963580480693,0.5679123839074627,0.881604067589008,0.1,P0010,23.0,-0.2200465212720701
1211541,1211551,SMNH14,131.8925,34.3904,100,18,0.5702623145423039,0.51464276676817,0.6060324639651359,0.1,P0010,,
1211561,1211571,SMNH15,133.0226,35.5232,102,12,0.8182956240006328,0.6953485288585189,0.8715101311126632,0.1,P0010,,
1211581,1211591,SMNH16,132.8989,35.3422,99,18,0.9929016587699409,0.8721017749376336,1.0302346957921706,0.1,P0010,,
1211601,1211611,SOYH01,142.1185,45.3346,100,15,0.7961407588923949,0.5091075978197905,0.8409059612657309,0.1,P0010,,
1211621,1211631,SOYH02,142.2254,45.2163,100,12,0.5932170113980185,0.5353749218131693,0.6629547615470663,0.1,P0010,,
1211641,1211651,SOYH03,141.6334,45.2531,137,5,0.6002958559215196,0.5968372315497839,0.6579323476392681,0.1,P0010,,
1211661,1211671,SOYH04,141.8806,45.2303,203,13,0.5600896916991417,0.45291545309557396,0.6414174593074933,0.1,P0010,,
1211681,1211691,SOYH05,141.885,45.4883,202,14,0.5182726468122948,0.45175797321873995,0.6146127328244033,0.1,P0010,,
1211701,1211711,SOYH06,141.7834,45.1019,135,17,0.7282352460761101,0.6278516601519982,0.8505266295928858,0.1,P0010,,
1211721,1211731,SOYH07,142.4307,45.1001,150,11,0.46747882960221265,0.34997123623354404,0.9647209031679143,0.1,P0010,,
1211741,1211751,SOYH08,142.2247,44.9387,100,19,0.4235244590583306,0.20621251691637793,0.6023233051620254,0.1,P0010,,
1211761,1211771,SOYH09,142.4868,44.857,100,24,0.6124184760584939,0.5189629855068946,0.723635096737408,0.1,P0010,24.0,-0.3741235552745525
1211781,1211791,SOYH10,142.6039,44.7433,100,41,0.2501367336291009,0.17093350441363792,0.3377664545962919,0.1,P0010,41.0,-0.5628844176686718
1211801,1211811,SRCH01,142.1594,44.2803,101,6,0.11434891229807134,0.07687280509871744,0.20158754680527582,0.1,P0010,,
1211821,1211831,SRCH02,142.1414,44.116,101,29,0.4871366199517707,0.3439496393759657,0.6970727920651758,0.1,P0010,29.0,-0.6262083985501712
1211841,1211851,SRCH03,142.1258,43.9994,100,26,0.6774288176184499,0.5902814637837668,0.7420948137269687,0.1,P0010,26.0,-0.7468897492983317
1211861,1211871,SRCH04,141.9397,43.8203,105,44,0.3133665839358111,0.21455511851230755,0.5446494905440167,0.1,P0010,42.0,-0.342814409254558
1211881,1211891,SRCH05,142.1594,43.8243,102,36,0.6151109862846738,0.36791771523812233,0.7765963601287416,0.1,P0010,36.0,-0.7274532792990269
1211901,1211911,SRCH06,142.0776,43.6948,147,93,0.3241521638760624,0.1896832333693549,0.42725904027146366,0.1,P0010,91.0,-0.5701049803597775
1211921,1211931,SRCH07,141.8978,43.23,200,117,0.6290998317672677,0.5292604218169183,0.7034772789394405,0.1,P0010,114.0,-0.3849009164861994
1211941,1211951,SRCH08,141.909,43.5138,122,132,0.5767228387626013,0.34049094504540656,0.6665820317418514,0.1,P0010,129.0,-0.3368122644843229
1211961,1211971,SRCH09,141.8063,43.0587,122,162,0.6770532199026476,0.6105787272622659,0.7396087644270622,0.1,P0010,156.0,0.0245366643309856
1211981,1211991,SRCH10,142.0085,42.993,200,148,0.35169728924284893,0.2701259794308518,0.39666478005036965,0.1,P0010,144.0,-0.6941925410294806
1212081,1212091,SZOH24,137.6616,34.8343,299,51,0.29670725795081637,0.23145317038308805,0.39482436709231516,0.1,P0010,51.0,-0.5420669630666431
1212101,1212111,SZOH25,137.5604,34.6913,450,56,0.6478734115014,0.5976764466890793,0.7046347949540451,0.1,P0010,56.0,-0.2261530171684891
1212121,1212131,SZOH26,137.9034,34.7948,449,22,0.7150771495950544,0.659833434705819,0.7611490913001545,0.1,P0010,22.0,-0.2741328759705427
1212141,1212151,SZOH28,137.7441,34.6683,995,43,0.7411352429861542,0.678747846789305,0.7933412859539507,0.1,P0010,43.0,-0.1384825626050183
1212161,1212171,SZOH29,138.1973,35.307,102,33,0.7118739461721904,0.6066761000003968,0.8301778410538836,0.1,P0010,33.0,-0.2480992063961242
1212181,1212191,SZOH30,137.9181,35.2233,102,96,0.6475951714168757,0.5342197979414316,0.7577856410192545,0.1,P0010,96.0,-0.2737034161980775
1212201,1212211,SZOH31,138.0767,34.9398,102,58,0.677167714908663,0.473367378732603,0.8302406468713364,0.1,P0010,58.0,-0.4353687610446365
1212221,1212231,SZOH32,137.8409,35.0086,103,94,0.4083289735529998,0.30608636828813085,0.4758064872921388,0.1,P0010,94.0,-0.428520434189864
1212241,1212251,SZOH33,138.3526,35.0146,102,87,0.5369753097272629,0.3519390811811045,0.6958086285573506,0.1,P0010,87.0,-0.370720403801591
1212261,1212271,SZOH34,138.4243,35.1304,119,183,0.9376567804044718,0.7379857756885088,1.1100219374177902,0.1,P0010,182.0,0.0602076390164173
1212281,1212291,SZOH35,139.0855,34.9467,300,138,0.7150209819078635,0.5946898366029914,0.817326596834109,0.1,P0010,138.0,-0.1743279808931671
1212301,1212311,SZOH36,138.2008,34.9142,100,88,0.5182393056346704,0.2975128557986825,0.6623900146880671,0.1,P0010,88.0,-0.506055626188595
1212321,1212331,SZOH37,138.5659,35.2028,304,126,1.119820922543508,0.9748474240178527,1.2130404476327568,0.1,P0010,126.0,0.045880301523816
1212341,1212351,SZOH38,138.9779,35.0854,200,185,0.6222857033672411,0.5451444162744341,0.6902549220286177,0.1,P0010,184.0,-0.1047306794170702
1212361,1212371,SZOH39,138.7724,34.7988,103,151,0.7111507196635896,0.6036720638806408,0.8114534770049509,0.1,P0010,151.0,-0.0858478681185793
1212381,1212391,SZOH40,138.97,34.7832,207,92,0.5778636062598537,0.5200918005196984,0.6328862029942203,0.1,P0010,92.0,-0.3421361694312884
1212401,1212411,SZOH41,138.834,34.6749,109,95,0.6092930361823297,0.5008176494325639,0.689500807193114,0.1,P0010,95.0,-0.4193759241047371
1212421,1212431,SZOH42,138.9128,34.9756,203,203,0.7086912536086376,0.6211772118393757,0.7754246295983624,0.1,P0010,202.0,0.0178816017494653
1212441,1212451,SZOH43,138.4924,34.9739,239,32,0.4548243372240238,0.3000832924516177,0.6131698522987503,0.1,P0010,32.0,-0.5388282213976053
1212481,1212491,SZOH53,138.0174,34.8768,100,57,0.22887695641776912,0.12345157778605569,0.3828110471202466,0.1,P0010,57.0,-0.6155248864182779
1212501,1212511,SZOH54,139.1685,35.0417,110,109,0.5194764567699331,0.4636404523469344,0.5894071460255709,0.1,P0010,109.0,-0.4081887950480463
1212531,1212541,TCGH06,139.9509,36.4458,1647,466,0.5708351432904539,0.4982825153264798,0.6420756289810802,0.1,P0010,450.0,0.0627423049260697
1212551,1212561,TCGH07,139.4534,36.8817,100,289,0.9963961483520022,0.9352501189568497,1.0642332666964605,0.1,P0010,280.0,0.0497771501782125
1212571,1212581,TCGH08,139.6459,36.8828,203,286,0.7655744827416684,0.7044940338431773,0.8477528560069058,0.1,P0010,280.0,-0.0797428773126913
1212591,1212601,TCGH09,139.8364,36.8625,103,511,0.7343310151971656,0.6537091510508397,0.8058056430029832,0.1,P0010,489.0,0.0136769342401236
1212611,1212621,TCGH10,140.0225,36.8578,132,575,0.8389469833883311,0.7576169286499514,0.924157079232558,0.1,P0010,556.0,0.3765075628114853
1212631,1212641,TCGH11,139.7694,36.7084,200,356,0.9851180905001367,0.918705816425877,1.0662325291223833,0.1,P0010,344.0,0.2551394554137791
1212651,1212661,TCGH12,139.9842,36.6959,120,514,0.8028816832101997,0.7223156049650237,0.8658464700737445,0.1,P0010,497.0,0.4982351165703792
1212671,1212681,TCGH13,140.1781,36.7342,140,496,0.985762389197606,0.9076353118922953,1.0510401577857695,0.1,P0010,478.0,0.3302052143072999
1212691,1212701,TCGH14,139.6154,36.5509,100,472,1.249780107599558,1.1441208783846681,1.3422432215276392,0.1,P0010,453.0,0.500878400804273
1212711,1212721,TCGH15,139.8637,36.5595,300,214,0.8113729600894342,0.7259050574855627,0.8692470382886731,0.1,P0010,203.0,0.1943423082373666
1212731,1212741,TCGH16,140.0751,36.548,112,519,0.6270449809400666,0.500827744203696,0.7156333921749574,0.1,P0010,503.0,0.2580413510734739
1212751,1212761,TCGH17,139.6922,36.9853,104,341,0.4538433136761769,0.2546594646282144,0.5557064303054637,0.1,P0010,330.0,-0.5710424188579506
1212831,1212841,TKCH01,143.683,43.4683,123,225,0.5067875290618095,0.43596781957811986,0.5765932971720397,0.1,P0010,216.0,-0.1145053165814988
1212851,1212861,TKCH02,143.8983,43.3822,103,186,0.5352598692873152,0.4792291767263988,0.58501943116474,0.1,P0010,178.0,-0.244581435832062
1212871,1212881,TKCH03,143.4317,43.2708,200,228,0.4552643003407572,0.3931794067789969,0.524629757594585,0.1,P0010,219.0,-0.0843334143947983
1212891,1212901,TKCH04,142.9176,43.1739,172,216,0.5863987097087381,0.5317534668836893,0.6522441160522922,0.1,P0010,207.0,0.0356704013899481
1212911,1212921,TKCH05,143.6181,43.1211,100,233,0.6984042260272483,0.6211037741938875,0.7486586687416512,0.1,P0010,224.0,0.092803215803279
1212931,1212941,TKCH06,143.0603,42.892,227,162,0.3446903611005469,0.285010277061828,0.40383084146379183,0.1,P0010,156.0,-0.078310413132203
1212951,1212961,TKCH07,143.5203,42.8114,99,190,0.6010833068532473,0.5196386905000203,0.6802275815764844,0.1,P0010,182.0,-0.0812243142802062
1212971,1212981,TKCH08,143.152,42.4865,100,219,0.9646626192975448,0.8798318291989742,1.0645582216776532,0.1,P0010,211.0,0.289023136870032
1212991,1213001,TKCH10,142.9448,43.3337,100,166,0.5841439773626627,0.4705995632717594,0.6683714057982506,0.1,P0010,160.0,-0.349579803447591
1213011,1213021,TKCH11,142.883,42.8742,100,167,0.7208298716616314,0.6542724341831907,0.7843105267895685,0.1,P0010,159.0,0.1131299018315332
1213031,1213041,TKSH01,134.4994,33.7751,100,14,0.2524519140321481,0.23227246689709163,0.28032237545484534,0.1,P0010,,
1213051,1213061,TKSH02,134.0918,34.0112,100,28,1.1692242411745446,1.0589283191467356,1.24285543194739,0.1,P0010,28.0,0.2575742965818016
1213071,1213081,TKSH03,134.1294,33.8778,201,34,0.9588607043587193,0.883651962840474,1.0786501691961794,0.1,P0010,34.0,0.0670968784921012
1213091,1213101,TKSH04,134.5337,33.9902,100,28,0.7639758574838926,0.6883941158086224,0.8149124577119709,0.1,P0010,28.0,-0.3022620498714863
1213111,1213121,TKSH05,134.3156,33.6628,143,31,0.900061912790014,0.7835522347619982,0.9363130867465641,0.1,P0010,31.0,0.1052382735233942
1213131,1213141,TKSH06,133.8933,33.9997,157,27,0.6118948607450739,0.5716414593537923,0.6990523561152244,0.1,P0010,27.0,-0.362681370627275
1213151,1213161,TKYH02,139.4704,35.6539,2753,101,0.7731062125758812,0.7074033920954397,0.858141975474482,0.1,P0010,95.0,-0.0312824497048932
1213201,1213211,TKYH11,139.8125,35.6114,3000,134,0.6301588155768385,0.5186826949734256,0.7483607917495296,0.1,P0010,130.0,-0.1267588386317227
1213221,1213231,TKYH12,139.265,35.6701,147,300,0.7862714447259374,0.7204121177155345,0.8329950049321415,0.1,P0010,292.0,-0.0133067786294367
1213241,1213251,TKYH13,139.1275,35.7017,100,280,1.1888648651640055,1.0888571677192087,1.2987243418127672,0.1,P0010,272.0,0.2947307955081249
1213391,1213401,TTRH01,134.2173,35.2604,200,15,0.6017912946977614,0.462529275564434,0.7223327922554412,0.1,P0010,,
1213411,1213421,TTRH02,133.3909,35.2313,100,33,0.8363933592885175,0.8007943741509002,0.9220681179230374,0.1,P0010,33.0,0.0994963093724631
1213431,1213441,TTRH03,133.4918,35.3553,200,17,0.8455693675661805,0.579324770671949,0.973804156100301,0.1,P0010,,
1213451,1213461,TTRH04,133.6307,35.4668,207,18,0.7646059506456035,0.6664177745391116,0.9043375833169918,0.1,P0010,,
1213471,1213481,TTRH05,134.3426,35.5729,152,5,0.9896089161569724,0.94400088188697,1.0228689301246765,0.1,P0010,,
1213491,1213501,TTRH06,134.1988,35.3946,100,17,0.7991341854259641,0.7114754887849548,0.865935325493568,0.1,P0010,,
1213511,1213521,TTRH07,133.7486,35.3649,100,17,0.6656372773486393,0.6472518956047127,0.719326893459512,0.1,P0010,,
1213551,1213561,TYMH01,136.9276,36.8866,200,33,0.6144035991866017,0.5678286216230665,0.6923889271092172,0.1,P0010,30.0,-0.0297822721110367
1213571,1213581,TYMH02,137.0378,36.7142,212,7,0.48890325098799725,0.41785699901877443,0.5982076146199451,0.1,P0010,,
1213591,1213601,TYMH03,137.2627,36.7294,580,43,0.6592048938377055,0.5486969840441493,0.7157138981847022,0.1,P0010,42.0,-0.2091592772874985
1213611,1213621,TYMH04,137.4689,36.7914,100,68,0.171089343483539,0.10585602970510238,0.21869762597116205,0.1,P0010,68.0,-0.6417066955851342
1213631,1213641,TYMH05,136.9584,36.5736,143,32,0.5001179305655648,0.43044078815629566,0.5616557415012038,0.1,P0010,29.0,-0.333107628598031
1213651,1213661,TYMH06,137.1595,36.5711,200,52,0.4073286086396982,0.35085248947580044,0.4963935719408563,0.1,P0010,50.0,-0.4415606435369757
1213671,1213681,TYMH07,137.0392,36.4406,100,53,0.6765495267523362,0.5594232064086029,0.7585471365233399,0.1,P0010,53.0,-0.4334130087744881
1213691,1213701,WKYH01,135.2122,33.9804,101,22,0.5916030934409605,0.4554382187642148,0.6620151899416093,0.1,P0010,22.0,-0.1527265357073498
1213711,1213721,WKYH02,135.5369,34.1373,100,19,0.7759014424498227,0.7086487289373542,0.8585044310269556,0.1,P0010,,
1213731,1213741,WKYH03,135.3244,34.1314,100,19,0.39730012530990144,0.31867657086783785,0.494149014047251,0.1,P0010,,
1213751,1213761,WKYH04,135.5454,33.5559,100,27,0.36681737406858733,0.3230135878074951,0.4280584026535529,0.1,P0010,26.0,-0.4814193013019572
1213771,1213781,WKYH05,135.8619,33.6072,100,11,0.36428951687720257,0.33756253993728647,0.3800288324593751,0.1,P0010,,
1213791,1213801,WKYH06,135.5953,33.6948,100,20,1.0224998024824576,0.8452320045520987,1.169732912430276,0.1,P0010,,
1213811,1213821,WKYH07,135.4396,33.6894,100,29,0.8253204533312801,0.710671162893864,0.8781486254817892,0.1,P0010,28.0,-0.084746872804966
1213831,1213841,WKYH08,135.4483,34.3228,112,28,0.5419513165698562,0.5052333873603262,0.6175641899295391,0.1,P0010,28.0,-0.3372345075277189
1213851,1213861,WKYH09,135.0714,34.2868,200,30,0.41450390406188764,0.35514273118489575,0.49589043193940713,0.1,P0010,30.0,-0.5266356876394778
1213871,1213881,WKYH10,135.2172,33.8248,100,29,0.680427267921565,0.5143335089327616,0.795090741100742,0.1,P0010,28.0,-0.1378725574319844
1213891,1213901,YMGH01,131.5618,34.0494,200,21,0.3222059798084406,0.21649391858249575,0.3784367377058309,0.1,P0010,21.0,-0.6135568360664478
1213911,1213921,YMGH02,131.1434,34.1111,200,22,0.5520547373964606,0.49882766238248716,0.760156601964269,0.1,P0010,21.0,-0.2552278848570902
1213931,1213941,YMGH03,132.126,34.1891,200,40,0.27563790981837366,0.2315638062334061,0.35577339431214094,0.1,P0010,40.0,-0.5341221260773649
1213951,1213961,YMGH04,132.0626,34.027,100,51,0.29857525137758995,0.24896689912992664,0.37091778941655645,0.1,P0010,51.0,-0.6256788390585096
1213971,1213981,YMGH05,131.9943,34.1974,200,8,0.7783670892665049,0.5303293521457053,0.8411473519464642,0.1,P0010,,
1213991,1214001,YMGH06,131.3012,33.9893,200,28,0.1205760390804694,0.0770421670027873,0.1860891770221387,0.1,P0010,27.0,-0.923995629881425
1214011,1214021,YMGH07,131.0506,34.1149,200,39,0.6150614770613084,0.5208937474656055,0.6906467213054353,0.1,P0010,38.0,-0.3774226393543503
1214031,1214041,YMGH08,130.9323,34.1349,201,40,0.7943613331391923,0.623042710208484,0.9562738900422485,0.1,P0010,39.0,-0.3503323002266671
1214051,1214061,YMGH09,131.6681,34.6257,100,32,0.8406783067064354,0.7333491750346517,0.9666428595409648,0.1,P0010,31.0,0.0443738928744728
1214071,1214081,YMGH10,131.6329,34.4837,200,34,0.8584360370809074,0.6573912269498672,1.0604606549119433,0.1,P0010,34.0,-0.2062363271811767
1214091,1214101,YMGH11,131.6859,34.2091,200,22,1.0486946280524994,0.9553545021945713,1.1429166698570747,0.1,P0010,22.0,0.0716946212171752
1214111,1214121,YMGH12,131.3597,34.2176,102,18,0.4045746228729301,0.36980694819509524,0.5082944361927682,0.1,P0010,,
1214131,1214141,YMGH13,131.177,34.3408,200,20,0.9679543149586116,0.8750124493098503,1.10101891013994,0.1,P0010,,
1214151,1214161,YMGH14,131.3774,34.3979,100,38,1.0226008582980282,0.9446878204865281,1.1074468424653636,0.1,P0010,37.0,-0.1310489164677737
1214171,1214181,YMGH15,131.8149,33.9725,110,51,0.7994229868257505,0.6306611337272314,0.9119918937516025,0.1,P0010,50.0,-0.1448267649741039
1214191,1214201,YMGH16,132.104,33.826,106,50,0.6946425957227117,0.5885215172013447,0.7764043195115806,0.1,P0010,50.0,-0.3491629187322215
1214211,1214221,YMGH17,132.4046,33.9291,100,44,0.8359397428630008,0.7889716930160843,0.9093610442256408,0.1,P0010,44.0,-0.2731706404622022
1214251,1214261,YMNH08,138.734,35.6895,1206,145,0.8312372834145986,0.7709558010194653,0.894850368379648,0.1,P0010,143.0,0.010350449154527
1214271,1214281,YMNH09,138.3325,35.4327,159,107,0.6799787358084142,0.5625016261799128,0.7694537874675658,0.1,P0010,107.0,-0.3797197034237508
1214291,1214301,YMNH10,138.3087,35.5351,107,153,0.7102424338681204,0.6208612802306298,0.7668627464088789,0.1,P0010,152.0,-0.176533757834896
1214311,1214321,YMNH11,138.9777,35.6247,200,260,0.9202412431220471,0.8443977480066608,0.9849748896826632,0.1,P0010,254.0,0.0514081558202601
1214331,1214341,YMNH12,138.449,35.5623,148,193,0.5792280987355217,0.48311570047278524,0.6483347093085241,0.1,P0010,190.0,-0.1995071116225659
1214351,1214361,YMNH13,138.4203,35.3509,204,125,0.3892255716128551,0.29721315788953323,0.47228726999019666,0.1,P0010,124.0,-0.5541187498239523
1214371,1214381,YMNH14,138.9675,35.5115,250,183,1.1558713781007814,1.0110644655995589,1.2163541795354864,0.1,P0010,182.0,0.1750376100512401
1214391,1214401,YMNH15,138.6045,35.5323,115,180,0.788478101682009,0.7079287423787,0.8598440756140243,0.1,P0010,177.0,0.0364819057107677
1214411,1214421,YMNH16,138.5653,35.7421,256,177,0.5088308819659966,0.42483071830026237,0.6017044345954062,0.1,P0010,174.0,-0.2133570277114335
1214431,1214441,YMTH01,140.3805,38.3841,207,324,0.3749223219724878,0.3201052818467608,0.42373005179317913,0.1,P0010,311.0,-0.0351241183132679
1214451,1214461,YMTH02,140.2583,38.2693,150,617,0.5189222638164797,0.4683833985845158,0.56503618662097,0.1,P0010,595.0,0.0822337382933522
1214471,1214481,YMTH03,140.1553,38.1035,114,361,0.522522249155212,0.45254387007138475,0.5813088672835182,0.1,P0010,343.0,-0.4373097290818746
1214491,1214501,YMTH04,140.2978,38.0813,100,472,0.9445447856971342,0.8484756011904617,1.011569137432101,0.1,P0010,452.0,0.2749574017759689
1214511,1214521,YMTH05,139.8017,37.9883,107,239,0.4828425480101143,0.40752030479928436,0.5579740308371698,0.1,P0010,229.0,-0.4702326383345694
1214531,1214541,YMTH06,140.1836,37.9633,145,370,0.5429726269971011,0.4590894301355014,0.6396138378719372,0.1,P0010,356.0,0.0704392551948461
1214551,1214561,YMTH07,140.0278,37.896,200,556,0.3254800605950522,0.24704486969805317,0.41981365184238734,0.1,P0010,535.0,-0.1511081917221062
1214571,1214581,YMTH08,140.0333,38.9701,107,382,0.5203006194438042,0.40147251153960783,0.6280988052071418,0.1,P0010,364.0,-0.1940467474185959
1214591,1214601,YMTH09,140.178,38.7498,200,175,0.7203767607950429,0.6443739072065975,0.7811554720336061,0.1,P0010,170.0,-0.2090461139789041
1214611,1214621,YMTH10,140.3744,38.7107,204,30,0.5783481681793168,0.5227997188281979,0.5887162706958434,0.1,P0010,29.0,-0.2413229321636484
1214631,1214641,YMTH11,140.5544,38.7132,109,281,0.357473065071766,0.3072769863835622,0.4091448510479219,0.1,P0010,274.0,-0.3630458760334482
1214651,1214661,YMTH12,140.0055,38.6357,203,477,0.20918686611899345,0.1473683703466252,0.26951722702515885,0.1,P0010,458.0,-0.4797683204715248
1214671,1214681,YMTH13,139.7606,38.4704,104,363,0.8577589426626855,0.7204636557650972,0.9788191929880246,0.1,P0010,347.0,-0.2088225443578663
1214691,1214701,YMTH14,139.9916,38.386,103,546,0.43275157236829437,0.3656048997360283,0.49270153111809184,0.1,P0010,525.0,-0.1070665127482723
1214711,1214721,YMTH15,140.1249,38.4257,100,466,0.6272285537725757,0.5720700862803876,0.6829300410395238,0.1,P0010,446.0,-0.237866490190911
1200011,1200021,ABSH01,142.8444,44.5276,100,45,0.2594292909298216,0.1774619606774531,0.3282488116158495,0.2,P0020,45.0,-0.8365353618120874
1200031,1200041,ABSH02,143.0264,44.4234,113,51,0.4481630904652947,0.3340184835807788,0.5022941894399939,0.2,P0020,51.0,-0.715225485140388
1200051,1200061,ABSH03,143.2407,44.3843,100,55,0.5536613115291958,0.45765969019925157,0.6414248645486715,0.2,P0020,55.0,-0.5693292570889158
1200071,1200081,ABSH04,143.0767,44.192,200,33,0.220551395448763,0.1873331454545163,0.2806374592688391,0.2,P0020,33.0,-0.945412110436334
1200091,1200101,ABSH05,143.0111,44.1146,106,59,0.46742744397953107,0.385941352945205,0.5762474395996965,0.2,P0020,59.0,-0.4365890492098974
1200111,1200121,ABSH06,143.6202,44.2146,100,182,0.2711946295832749,0.21544134856972175,0.33873696499088235,0.2,P0020,175.0,-0.3622232447352547
1200131,1200141,ABSH07,143.0861,43.8494,127,161,0.7770394916909302,0.7003615387268406,0.8712201163436203,0.2,P0020,154.0,0.1358757580812323
1200151,1200161,ABSH08,144.9935,44.064,105,103,0.6217056587656951,0.5597774334549723,0.6832268349022983,0.2,P0020,103.0,-0.4813206198288248
1200171,1200181,ABSH09,144.8071,43.9269,157,159,0.8243527332290848,0.7582042097074425,0.9056471565358416,0.2,P0020,158.0,-0.0793614879653868
1200191,1200201,ABSH10,143.9455,44.0813,300,83,0.726463450775315,0.537642248227602,0.864915986206712,0.2,P0020,83.0,-0.4098826213096423
1200211,1200221,ABSH11,144.1913,43.9144,122,184,0.5574333524259497,0.4941331866681728,0.6421086960321751,0.2,P0020,179.0,-0.2370438986501638
1200231,1200241,ABSH12,144.4574,43.8566,119,207,0.8538993333630952,0.7869142462016918,0.9191121652343555,0.2,P0020,203.0,-0.0150796089691459
1200251,1200261,ABSH13,143.4514,43.7419,105,210,0.2889442029379522,0.23504034189813144,0.34785309898159145,0.2,P0020,201.0,-0.0893924261085698
1200271,1200281,ABSH14,144.1835,43.7228,103,193,0.6506579880635852,0.5719586121753685,0.7181759612300188,0.2,P0020,189.0,-0.3277624163524661
1200291,1200301,ABSH15,143.51,43.6352,100,188,0.4881640011353223,0.4233583194781307,0.5398057606587462,0.2,P0020,180.0,-0.1931874310233251
1200321,1200331,AICH04,137.0568,34.9319,1055,42,0.869324811158452,0.7838572614649075,0.8936966951951402,0.2,P0020,42.0,-0.0205692580354442
1200341,1200351,AICH05,136.8763,34.8886,401,42,0.578462353537011,0.5177103440262506,0.6412735698840141,0.2,P0020,41.0,0.1945389632621377
1200361,1200371,AICH06,137.0419,34.6158,300,41,0.6900641459875503,0.6299632403959404,0.8098360760364125,0.2,P0020,41.0,-0.2584508847453111
1200381,1200391,AICH07,137.4039,35.2194,201,77,0.5239246037195096,0.46171177223586146,0.6040380745704456,0.2,P0020,76.0,-0.2885273556308829
1200401,1200411,AICH08,137.2993,34.9189,100,46,0.38226569527281656,0.31789662324080825,0.4550393272830604,0.2,P0020,46.0,-0.2398537781671957
1200421,1200431,AICH09,137.3902,34.6643,360,82,0.841303676258357,0.7907461955193497,0.8980666465574914,0.2,P0020,82.0,0.0070643657267428
1200441,1200451,AICH10,137.6243,35.0002,100,42,0.32060873060925826,0.25169013342506996,0.3856492696946941,0.2,P0020,41.0,-0.3703954261000778
1200461,1200471,AICH11,137.057,35.3059,100,63,0.3176475812975054,0.26326830673176627,0.3915914766669603,0.2,P0020,63.0,-0.1950352799990783
1200481,1200491,AICH12,137.1057,34.7884,401,56,0.8705200851391668,0.7797637525914185,0.9308559490040554,0.2,P0020,56.0,0.0036249000009396
1200501,1200511,AICH13,136.8509,35.2177,741,23,0.7595889906100253,0.7183026658809957,0.7995290993866865,0.2,P0020,23.0,-0.1619801041847903
1200521,1200531,AICH14,137.0474,35.1842,207,21,0.7422789349977442,0.6903975117903528,0.8392943191443426,0.2,P0020,20.0,0.1883038356381149
1200541,1200551,AICH15,137.3359,35.1392,120,74,0.9262241323366185,0.8500427116235857,1.032534971755486,0.2,P0020,74.0,0.1430343430861522
1200561,1200571,AICH16,137.535,35.1543,101,94,0.6743535625130683,0.603375008962774,0.7168555095034567,0.2,P0020,93.0,-0.0895246423872856
1200581,1200591,AICH17,137.7268,35.184,101,68,1.4129350279102384,1.237641401806899,1.5452796590161328,0.2,P0020,67.0,0.7148095052625987
1200601,1200611,AICH18,137.2377,34.9635,100,59,0.8959678532836868,0.778568332868703,0.9486185740385911,0.2,P0020,58.0,0.4010940696624534
1200621,1200631,AICH19,137.4114,34.9512,100,69,0.4431997428906855,0.34493862181757495,0.5705934836597711,0.2,P0020,69.0,-0.3402711698046058
1200641,1200651,AICH20,137.4876,34.8976,100,58,0.5954812866240861,0.4842070626099432,0.689061337708553,0.2,P0020,58.0,-0.2556485748575189
1200661,1200671,AICH21,136.9385,34.7401,100,31,0.829680024034824,0.7813139489340457,0.8912482378558418,0.2,P0020,30.0,0.0252385019929652
1200681,1200691,AICH22,137.4393,34.7853,200,49,0.8848320724365304,0.7972168915447732,0.9543224416477999,0.2,P0020,49.0,-0.1875145012449999
1200701,1200711,AICH23,136.8316,34.8806,980,3,0.8505270491563599,0.7852645455326364,0.9220394996332604,0.2,P0020,,
1200741,1200751,AKTH01,140.579,39.8147,100,254,0.292678495192301,0.23330341092961202,0.34879412359460144,0.2,P0020,245.0,-0.1853065727698715
1200761,1200771,AKTH02,140.5721,39.6634,100,397,0.5335212080416856,0.4786040580452868,0.6016886794188309,0.2,P0020,383.0,-0.003747042819178
1200781,1200791,AKTH03,140.1283,39.2223,103,347,0.46320194872973725,0.4014222777455131,0.5142985774727711,0.2,P0020,333.0,-0.2145660347362006
1200801,1200811,AKTH04,140.7129,39.174,100,474,1.1054329912124756,1.034128127118858,1.1815785432866588,0.2,P0020,455.0,0.5830815588110749
1200821,1200831,AKTH05,140.3185,39.0718,200,203,0.52543910037546,0.45594070326879926,0.6046325020631074,0.2,P0020,196.0,-0.4772524404893385
1200841,1200851,AKTH06,140.4952,38.9801,100,452,0.7663836415299354,0.6844963480465563,0.8456711247998148,0.2,P0020,436.0,0.0269458336114266
1200861,1200871,AKTH07,140.8395,40.4563,105,284,0.54261349455506,0.4924463440604374,0.6049892913913603,0.2,P0020,281.0,-0.0725383387906497
1200881,1200891,AKTH08,140.2341,40.3188,200,189,0.6389125310213897,0.5626782617844762,0.7070820058102325,0.2,P0020,187.0,-0.1051629938948832
1200901,1200911,AKTH09,140.4596,40.2755,101,287,0.5572589054081936,0.4943151721767907,0.6306156299295831,0.2,P0020,281.0,-0.0495215897351953
1200921,1200931,AKTH10,140.5812,40.3002,100,204,0.7607108695603423,0.6447275179485328,0.8520281340092857,0.2,P0020,200.0,-0.1108367760095444
1200941,1200951,AKTH11,139.7623,39.9554,350,26,0.6759639167927772,0.6360404736227113,0.7166064656868608,0.2,P0020,26.0,-0.2920198648598754
1200961,1200971,AKTH12,140.2221,39.9155,100,166,0.6069076735567589,0.5347886207847229,0.6877144974631374,0.2,P0020,162.0,-0.0359502960536769
1200981,1200991,AKTH13,140.4072,39.9819,100,236,0.7372032193709588,0.6190370472485285,0.8506455123189685,0.2,P0020,231.0,-0.2484141032451114
1201001,1201011,AKTH14,140.8084,40.0622,108,343,1.3098530692968111,1.2179851763692717,1.3950248372449119,0.2,P0020,335.0,0.7014380506644955
1201021,1201031,AKTH15,140.4075,39.6884,100,255,0.3877331720760776,0.31580230463757186,0.4552958108163654,0.2,P0020,251.0,-0.3710669410878373
1201041,1201051,AKTH16,140.3481,39.545,154,442,0.4739018834340743,0.4184149527371146,0.5263329084565005,0.2,P0020,424.0,0.0547226456995861
1201061,1201071,AKTH17,140.6116,39.5575,177,416,0.6059505130987031,0.5564594053082226,0.6561355227371131,0.2,P0020,400.0,0.1232178879513192
1201081,1201091,AKTH18,140.3869,39.3548,100,319,0.45004173836110406,0.39928210435199857,0.5195479823551707,0.2,P0020,306.0,-0.0822519892376693
1201101,1201111,AKTH19,140.471,39.1913,180,432,0.7640835604814398,0.6933417446140078,0.8238773682302354,0.2,P0020,414.0,0.0304308340524487
1201121,1201131,AOMH01,140.9127,41.5273,100,204,0.7333116739566377,0.6536764841293792,0.8077896371707167,0.2,P0020,200.0,0.1672174049015513
1201141,1201151,AOMH02,140.8567,41.4049,200,21,0.4315217235259728,0.3705479415621902,0.5008749032056212,0.2,P0020,21.0,-0.5949076060847406
1201161,1201171,AOMH03,140.9896,41.234,100,288,0.24891145384079794,0.19217179092663872,0.30393411225181266,0.2,P0020,281.0,-0.0141530209218045
1201181,1201191,AOMH04,140.6759,40.8524,307,156,0.6659265053463397,0.5916183393230654,0.7101229594553434,0.2,P0020,151.0,0.0396825235001627
1201201,1201211,AOMH05,141.1033,40.8564,312,327,1.048698673441656,0.9753466304576588,1.1298433084417034,0.2,P0020,317.0,0.6892869337819547
1201221,1201231,AOMH06,141.3738,40.9664,100,329,0.7133361696378202,0.6480025001159252,0.7803951193611682,0.2,P0020,320.0,0.1775629010677446
1201241,1201251,AOMH07,140.0233,40.7451,109,156,0.45125154992306904,0.36264929498120146,0.5268060614738026,0.2,P0020,154.0,-0.3611957553555681
1201261,1201271,AOMH08,140.3121,40.7618,160,186,0.92019775021768,0.8335104887565467,0.9934733397236832,0.2,P0020,185.0,0.1025028736606189
1201281,1201291,AOMH09,140.3499,40.6199,162,129,0.8695142406951623,0.7813669847924282,0.9353280042279372,0.2,P0020,127.0,-0.1843757714852369
1201301,1201311,AOMH10,140.6646,40.6091,105,225,0.31753041845494817,0.2616048844809428,0.3752273442609169,0.2,P0020,222.0,-0.3568228022110264
1201321,1201331,AOMH11,140.995,40.58,100,332,0.6222989235252159,0.5599626683689745,0.67032543247842,0.2,P0020,324.0,0.1991638769913199
1201341,1201351,AOMH12,141.1547,40.5846,100,355,0.6581549513534792,0.5872054622773637,0.7140558955557577,0.2,P0020,348.0,0.2896413651317684
1201361,1201371,AOMH13,141.4451,40.5794,150,384,0.5713452274388128,0.5271630719063697,0.6233878539716281,0.2,P0020,375.0,0.1693880934812347
1201381,1201391,AOMH14,140.2726,40.5488,100,158,0.8720496561836752,0.8018406182509652,0.9440737821900883,0.2,P0020,156.0,0.044354656220495
1201401,1201411,AOMH15,140.5565,40.4841,100,222,0.29247245850412573,0.24090791588534707,0.3485003553988931,0.2,P0020,219.0,-0.4665401884097166
1201421,1201431,AOMH16,141.0923,40.4624,150,377,1.0221524776841135,0.9541254528610406,1.0945094993794784,0.2,P0020,368.0,0.6800098177896239
1201441,1201451,AOMH17,141.3374,40.4492,114,366,0.7488188790811936,0.6799035153164246,0.8207147956149441,0.2,P0020,353.0,0.4256467696550811
1201461,1201471,AOMH18,141.0145,40.2962,100,246,0.9049131403529739,0.8124305720984002,1.0044659187263858,0.2,P0020,242.0,0.3151048027921929
1201491,1201501,CHBH04,140.0206,35.7966,2300,348,0.837157939115509,0.7721447758462802,0.9179114017406234,0.2,P0020,329.0,0.0660008639089338
1201521,1201531,CHBH06,140.5046,35.7215,180,179,0.7588589565341205,0.7013900952423868,0.8198319081067004,0.2,P0020,173.0,0.1339164804363641
1201571,1201581,CHBH10,140.2417,35.5458,2000,409,0.6957792937953347,0.6388035061365056,0.7445720035043781,0.2,P0020,394.0,-0.1038653527609785
1201591,1201601,CHBH11,140.1529,35.2867,2000,286,0.520913226727005,0.4520093200473273,0.5773394667844143,0.2,P0020,277.0,-0.3450365903713023
1201611,1201621,CHBH12,139.8554,35.3445,2000,198,0.7226454826904247,0.6699193169447019,0.7898471211507768,0.2,P0020,192.0,-0.1727265308365697
1201631,1201641,CHBH13,140.298,35.8307,1300,386,1.0335598284777971,0.9644597418294807,1.1002442219940645,0.2,P0020,365.0,0.1699114730163956
1201651,1201661,CHBH14,140.823,35.7342,525,226,0.720898633977503,0.6729285910539754,0.7836726165985997,0.2,P0020,220.0,-0.3273729028122299
1201671,1201681,CHBH15,139.7885,34.9591,500,95,0.3988572608068016,0.33647289522376067,0.45577066682026635,0.2,P0020,93.0,-0.504164055177245
1201691,1201701,CHBH16,139.9649,35.1384,2002,195,0.9345190007634367,0.8592339655077599,0.99949903367214,0.2,P0020,193.0,-0.0875517330768117
1201711,1201721,CHBH17,140.3398,35.1714,821,223,0.42134588563212644,0.3559075508628251,0.47547344598673125,0.2,P0020,219.0,-0.4979806980776778
1201741,1201751,CHBH19,140.5107,35.5943,1630,262,0.8814166297582818,0.8165777485287972,0.947549516862866,0.2,P0020,256.0,-0.1127272741169188
1201761,1201771,CHBH20,140.0997,35.0882,306,183,-0.16954262939240103,-0.24583894367768128,-0.04746939261375753,0.2,P0020,182.0,-1.136102294673084
1201821,1201831,EHMH01,132.5552,33.0556,100,34,0.3689457054854335,0.28972028008707984,0.45067373743640815,0.2,P0020,34.0,-0.4453444592461176
1201841,1201851,EHMH02,133.184,33.865,110,30,0.4920179269748794,0.41844660597184646,0.5291825466834968,0.2,P0020,30.0,-0.4042899506730155
1201861,1201871,EHMH03,133.6497,33.9154,100,43,0.3606497839542999,0.27994094309389,0.48774531781515357,0.2,P0020,43.0,-0.234893070441157
1201881,1201891,EHMH04,133.0658,33.9023,200,31,0.4262315113241633,0.38282393979736395,0.4942927297932349,0.2,P0020,31.0,-0.182720780178779
1201901,1201911,EHMH05,132.8032,33.7112,134,49,0.6487012334014739,0.5463813661062207,0.7195249273728576,0.2,P0020,49.0,-0.173414980716637
1201921,1201931,EHMH06,132.798,33.3348,200,54,0.3942423817109135,0.3078031952701127,0.4632764602304822,0.2,P0020,54.0,-0.4866345329539017
1201941,1201951,EHMH07,132.748,33.5022,200,44,0.21971327037486865,0.14709938704722428,0.3103608560038838,0.2,P0020,44.0,-0.5387169439683283
1201961,1201971,EHMH08,133.0016,33.5388,100,50,0.9461783379598634,0.8926768460963803,1.04302568213204,0.2,P0020,50.0,0.0584422425029038
1201981,1201991,EHMH09,132.3072,33.4719,150,24,0.7912154285514006,0.7175415746021995,0.9079440535784961,0.2,P0020,24.0,-0.3267126967175651
1202001,1202011,EHMH10,133.0581,34.1918,100,47,0.9403044003163233,0.8532600417572633,0.9806015589537246,0.2,P0020,47.0,0.0382805419277038
1202021,1202031,EHMH11,132.6011,33.5807,100,51,0.5092019034131129,0.4461927176545589,0.5943273079599213,0.2,P0020,51.0,-0.2436378650008033
1202041,1202051,EHMH12,132.5055,33.427,150,53,0.7110031789737957,0.6730999007710718,0.7934258337512446,0.2,P0020,53.0,-0.1407579934962962
1202061,1202071,EHMH13,132.1157,33.3719,222,49,0.33120026976232675,0.26274719029573823,0.3697531332419378,0.2,P0020,49.0,-0.4430021633827408
1202081,1202091,FKIH01,136.3617,36.0955,100,47,0.994267831267808,0.8513988051556858,1.0760180369958867,0.2,P0020,47.0,0.0457991246788504
1202101,1202111,FKIH02,136.0556,35.9483,100,23,0.9124177883636769,0.8172317463710771,0.9295623314031193,0.2,P0020,23.0,0.0587661283600776
1202121,1202131,FKIH03,136.699,35.9415,200,20,0.5325498124266363,0.4610048516029354,0.5864572223716515,0.2,P0020,,
1202141,1202151,FKIH04,135.8694,35.5587,200,37,1.006300242476617,0.9632326934709445,1.0804986476601013,0.2,P0020,37.0,-0.096011386824331
1202161,1202171,FKIH05,136.0303,35.639,122,38,0.813999150516815,0.7076290556890429,0.9111854687831195,0.2,P0020,38.0,-0.0856247931630703
1202181,1202191,FKIH06,135.4841,35.4907,100,34,0.759683090133058,0.6888029543086235,0.8293870437457266,0.2,P0020,34.0,0.2142684390189177
1202201,1202211,FKIH07,135.7266,35.4573,104,34,1.134807119582679,1.0771345172691273,1.2233091960129556,0.2,P0020,34.0,0.2867344577739434
1202221,1202231,FKOH01,130.9798,33.8849,200,47,0.8747243720257342,0.731839235485882,0.9515167612133208,0.2,P0020,45.0,-0.240922691938362
1202241,1202251,FKOH02,130.5963,33.6963,99,4,0.8013477700407541,0.7397874865453715,0.8452991657675376,0.2,P0020,,
1202261,1202271,FKOH03,130.5499,33.5608,100,51,0.40191315748173756,0.31649411903388275,0.488738715846774,0.2,P0020,49.0,-0.5899009274909445
1202281,1202291,FKOH04,130.7451,33.5512,100,20,1.0332360718859475,0.9505085072710777,1.1146944944441803,0.2,P0020,,
1202301,1202311,FKOH05,130.9503,33.5293,100,19,0.35799559847403123,0.2881968469918289,0.44504648942309966,0.2,P0020,,
1202321,1202331,FKOH06,131.1348,33.5925,303,48,0.2613804287640676,0.21126185523853558,0.3201175577107679,0.2,P0020,47.0,-0.4899545534027522
1202341,1202351,FKOH07,130.6354,33.3678,437,39,0.6936403587063558,0.6583824276027186,0.7579740143192124,0.2,P0020,38.0,-0.4176181442611198
1202361,1202371,FKOH08,130.8285,33.4654,100,55,0.7609289192227011,0.5062518015631563,0.8250068088408873,0.2,P0020,54.0,-0.3466199145219277
1202381,1202391,FKOH09,130.5432,33.8501,200,30,0.41099570367624094,0.3479261843249049,0.5521832327696042,0.2,P0020,29.0,-0.4541170748736781
1202401,1202411,FKOH10,130.817,33.2891,200,55,0.25454458671736824,0.20134052497723764,0.32253872900277397,0.2,P0020,54.0,-0.4737668060602755
1202421,1202431,FKSH01,139.715,37.7565,100,286,0.4895128855817964,0.40617225037137983,0.5609244639543941,0.2,P0020,272.0,-0.6748105759613608
1202441,1202451,FKSH02,139.8821,37.7317,100,227,0.4358151309369991,0.376049042497978,0.4926535014423584,0.2,P0020,213.0,-0.250183213137306
1202461,1202471,FKSH03,139.7533,37.6078,127,426,0.595548717727046,0.5445780601368803,0.6566623333987748,0.2,P0020,410.0,0.0339726733107409
1202481,1202491,FKSH04,139.8126,37.4508,268,298,0.7485080728302196,0.6974126892614785,0.8009132997995273,0.2,P0020,287.0,0.0212364635880405
1202501,1202511,FKSH05,139.8725,37.2544,105,298,0.8629160036887578,0.7814486215987684,0.935689071841077,0.2,P0020,287.0,0.2737641635481694
1202521,1202531,FKSH06,139.5199,37.1723,100,395,0.47163912295996924,0.40301109707380445,0.5537152969606227,0.2,P0020,380.0,-0.7297027811642416
1202541,1202551,FKSH07,139.3755,37.0103,200,168,0.5172434961269999,0.4627566328093883,0.5749761116216948,0.2,P0020,159.0,-0.4964284993192233
1202561,1202571,FKSH08,140.2144,37.2822,105,495,0.6388976652746868,0.5917665966373067,0.6854960785608188,0.2,P0020,474.0,0.0183792325090298
1202581,1202591,FKSH09,140.4264,37.353,200,575,0.45460251606421803,0.3928598423161166,0.5177908992580895,0.2,P0020,552.0,-0.1660590749835282
1202601,1202611,FKSH10,140.093,37.1616,200,568,0.8463313617978874,0.7611834639228189,0.9218705369074225,0.2,P0020,548.0,0.4444204247963163
1202621,1202631,FKSH11,140.3386,37.2006,115,465,0.6425184888685855,0.580697416221837,0.6971100102771177,0.2,P0020,445.0,0.1765886119292618
1202641,1202651,FKSH12,140.5703,37.2169,105,587,1.3019271800475245,1.1936768890806968,1.4105719408777186,0.2,P0020,564.0,0.62394692293471
1202661,1202671,FKSH13,140.5853,36.9951,105,103,0.6661720912236756,0.5949581811955734,0.7345942134297707,0.2,P0020,99.0,-0.1471802811448266
1202681,1202691,FKSH14,140.9702,37.0264,147,596,0.7024589328042016,0.6375942372851551,0.77398627016756,0.2,P0020,574.0,-0.110467785655931
1202701,1202711,FKSH15,140.1735,37.6461,100,150,0.39535147454412445,0.3374549988722245,0.4583502237218329,0.2,P0020,144.0,-0.4889333615396608
1202721,1202731,FKSH16,140.3766,37.7643,300,307,0.528788346025387,0.47591012945177114,0.5873614163279937,0.2,P0020,290.0,-0.0711912900211612
1202741,1202751,FKSH17,140.5974,37.6636,100,583,0.9413497173148213,0.8756340416243189,1.0036863704288246,0.2,P0020,560.0,0.2790470267259051
1202761,1202771,FKSH18,140.538,37.4894,100,588,1.0960441654537165,1.034576364557014,1.1641888011655497,0.2,P0020,564.0,0.6221654547604388
1202781,1202791,FKSH19,140.7227,37.4703,100,594,0.9219774617218456,0.8382148570796983,0.9935710127024912,0.2,P0020,568.0,0.2566085492393565
1202801,1202811,FKSH20,140.9871,37.4911,109,430,0.6452312532310742,0.5752195599866705,0.6996878106515962,0.2,P0020,416.0,0.0439790407639181
1202821,1202831,FKSH21,139.3147,37.3421,200,270,0.8110267526641333,0.7304203376499023,0.8790555809383156,0.2,P0020,264.0,-0.3900559748726058
1202851,1202861,GIFH03,136.6134,35.6325,100,70,0.5084510798818562,0.4378175657274338,0.5769534150938185,0.2,P0020,70.0,-0.0618162781331865
1202871,1202881,GIFH04,137.1983,36.2448,100,45,0.603963728086445,0.5343301471545753,0.7104050074452598,0.2,P0020,45.0,-0.3196800499966509
1202891,1202901,GIFH05,136.9479,36.0654,100,20,0.7202225063623475,0.6824475791740496,0.756889602286418,0.2,P0020,20.0,-0.0160038612798962
1202911,1202921,GIFH06,136.7939,35.5038,201,44,0.48174683475329627,0.4280796429235516,0.5454000159881645,0.2,P0020,44.0,-0.1824470778143691
1202931,1202941,GIFH07,136.4347,35.4179,100,44,0.4217243070013741,0.3606938863338691,0.48725785941170446,0.2,P0020,44.0,-0.2948096839191667
1202951,1202961,GIFH08,136.9621,35.8323,100,67,0.46661353172426273,0.38345856081846474,0.5376492127202052,0.2,P0020,67.0,-0.4016053627441523
1202971,1202981,GIFH09,136.7002,35.2768,1508,42,0.7914845902227396,0.7146151040394844,0.8826529473636273,0.2,P0020,42.0,-0.2265710724066978
1202991,1203001,GIFH10,137.3716,36.3779,100,54,0.7161588063343822,0.6474173860905361,0.7575793897285037,0.2,P0020,52.0,-0.3722441475630927
1203011,1203021,GIFH11,137.2464,35.4865,100,66,0.49383218820931163,0.4036758759556503,0.5855730792552922,0.2,P0020,65.0,-0.1300170838311043
1203031,1203041,GIFH12,136.4134,35.6033,106,46,0.5724266853052551,0.5160561699172019,0.6561185852672902,0.2,P0020,46.0,0.1257181383185341
1203051,1203061,GIFH13,136.8979,36.2743,154,45,0.478591245875027,0.4316199082754907,0.5614450147698964,0.2,P0020,43.0,-0.2580877319782105
1203071,1203081,GIFH14,137.5174,36.2493,100,54,0.7909722176311971,0.7351548481523434,0.861183289635168,0.2,P0020,53.0,-0.2657304596789397
1203091,1203101,GIFH15,137.2208,36.1338,105,63,0.7668230368327928,0.645974754895932,0.8205594027608992,0.2,P0020,62.0,-0.0098800103443263
1203111,1203121,GIFH16,137.3438,36.094,100,61,0.532792061763814,0.4742439055070231,0.6026306425952213,0.2,P0020,60.0,-0.3796209998204535
1203131,1203141,GIFH17,136.8732,35.9514,100,44,1.1985060352091605,1.0675340327818383,1.2872195387913008,0.2,P0020,43.0,0.1980697933787338
1203151,1203161,GIFH18,137.1495,35.8991,107,67,0.3304539886755223,0.29371537634819056,0.4104833533743968,0.2,P0020,66.0,-0.396552878112819
1203171,1203181,GIFH19,137.3906,36.0216,100,80,0.38858720835891036,0.2963622256911005,0.47439849224967334,0.2,P0020,79.0,-0.5797340772570251
1203191,1203201,GIFH20,137.2531,35.7991,128,72,0.45990459072511325,0.36481023515974387,0.5196347641626845,0.2,P0020,71.0,-0.1946158923241972
1203211,1203221,GIFH21,136.9618,35.6665,200,42,0.45999769981244626,0.3834569996085391,0.5543149446533591,0.2,P0020,42.0,-0.2502080655262509
1203231,1203241,GIFH22,137.1054,35.6682,100,31,0.582737084296277,0.4573395870574028,0.6841376537118249,0.2,P0020,31.0,-0.4237175789791759
1203251,1203261,GIFH23,136.7847,35.7235,100,48,0.6835294499656315,0.614728767323046,0.7919889959682789,0.2,P0020,48.0,-0.0660755595348933
1203271,1203281,GIFH24,137.3187,35.6401,107,78,0.24482577306463893,0.17981919390961035,0.29432020913418844,0.2,P0020,77.0,-0.6544534357033078
1203291,1203301,GIFH25,136.6127,35.5214,102,40,0.7655095225887028,0.7139818295964679,0.8158116322068331,0.2,P0020,40.0,-0.1230337199167288
1203311,1203321,GIFH26,136.8764,35.4121,100,51,0.9011647048580025,0.817426389421092,0.9632200855748816,0.2,P0020,51.0,-0.1150674991884055
1203331,1203341,GIFH27,137.004,35.4527,200,58,0.4743337432439838,0.3958329625776449,0.5344914484654497,0.2,P0020,58.0,-0.248009059357703
1203351,1203361,GIFH28,137.4706,35.4571,401,75,0.5519350408082673,0.4562497275502777,0.5964993010474848,0.2,P0020,74.0,-0.2284234904485517
1203371,1203381,GIFH29,136.4732,35.2953,136,17,0.5516546291275731,0.46054516928628525,0.613991125676125,0.2,P0020,,
1203411,1203421,GNMH05,139.1847,36.3143,2000,298,0.46743655340805956,0.38297825589287626,0.5397202382165751,0.2,P0020,287.0,0.0131378815096338
1203431,1203441,GNMH06,139.5443,36.2441,1203,89,1.1220778994235383,1.0518185758696572,1.1929113869464008,0.2,P0020,85.0,0.2381479823691729
1203451,1203461,GNMH07,139.2104,36.6998,200,414,0.3703554837026942,0.31124080635463136,0.43294751848168145,0.2,P0020,403.0,-0.1432356838351076
1203471,1203481,GNMH08,138.5244,36.4917,150,304,0.6412755942865715,0.5808587614827339,0.7115272360863593,0.2,P0020,298.0,-0.0177144761775833
1203491,1203501,GNMH09,138.9068,36.6212,110,324,0.38125332978354726,0.31610817464947233,0.4401584914358801,0.2,P0020,317.0,-0.443381451090261
1203511,1203521,GNMH10,138.7291,36.2356,100,90,0.5046505573541373,0.4163190743913916,0.6176065227159956,0.2,P0020,86.0,-0.292884013625721
1203531,1203541,GNMH11,138.921,36.2862,200,364,0.4404761112837056,0.39065327986660586,0.48578901184173406,0.2,P0020,353.0,-0.2116321190867351
1203551,1203561,GNMH12,138.9129,36.144,102,338,1.4416232061937113,1.3530998045198683,1.5187186656178393,0.2,P0020,329.0,0.7217725245106841
1203571,1203581,GNMH13,139.0627,36.862,204,216,1.1762841169622016,1.0996503581898602,1.2485382472189253,0.2,P0020,211.0,0.2030769178953595
1203591,1203601,GNMH14,139.3219,36.4931,200,328,0.2646001044461882,0.21130407443000626,0.31926694176259995,0.2,P0020,317.0,-0.3921859722659866
1203611,1203621,HDKH01,142.2296,42.7031,100,219,0.6610838011972748,0.5598401150880358,0.75081524092143,0.2,P0020,210.0,-0.0492425610813645
1203631,1203641,HDKH02,142.4054,42.7061,110,142,0.6784660050729566,0.5804331420385533,0.7884890980614869,0.2,P0020,134.0,-0.0462911982659966
1203651,1203661,HDKH03,142.3521,42.5934,106,216,1.1143309601852112,0.9732583492420457,1.227920294127332,0.2,P0020,208.0,0.2775093693286218
1203671,1203681,HDKH04,142.0381,42.5126,220,233,0.6019358826331656,0.5644289076548773,0.6490528199387698,0.2,P0020,225.0,-0.2965880629010799
1203691,1203701,HDKH05,142.5446,42.5977,100,211,0.5930489470411504,0.49996569637799526,0.6544091051132945,0.2,P0020,204.0,-0.3634560153446033
1203711,1203721,HDKH06,142.3572,42.3498,115,236,0.7887241492250712,0.7171339524284894,0.8726922997796482,0.2,P0020,229.0,-0.3004174579650457
1203731,1203741,HDKH07,142.9164,42.133,101,309,0.6804466354785034,0.5978267606644528,0.7506750387433686,0.2,P0020,299.0,-0.1257814411891162
1203751,1203761,HRSH01,133.0236,34.3736,205,50,0.6166528361452717,0.5468384277215224,0.7231895821903841,0.2,P0020,50.0,0.0961179702085808
1203771,1203781,HRSH02,132.948,34.5482,100,24,0.5372413395288105,0.39472806226089907,0.650365331125102,0.2,P0020,24.0,-0.0321762548851216
1203791,1203801,HRSH03,133.1375,34.5183,200,44,0.9559845362631595,0.7585124751778438,1.1009275732893529,0.2,P0020,44.0,0.3236094050358506
1203811,1203821,HRSH04,133.3493,34.3785,200,44,0.3654738452049118,0.3013894387661569,0.4208266875394577,0.2,P0020,44.0,-0.6807026833393147
1203831,1203841,HRSH05,133.4179,34.5566,200,32,0.9833275053743171,0.9097916388549523,1.0242847126081864,0.2,P0020,32.0,-0.0022118600471125
1203851,1203861,HRSH06,132.9123,34.9137,100,25,1.0920426905153084,1.0100602247093564,1.1395128590018917,0.2,P0020,25.0,0.3059204351809408
1203871,1203881,HRSH07,132.6411,34.2883,102,68,0.7012808658330378,0.6413487633928603,0.7581371591847648,0.2,P0020,68.0,0.1807288669106464
1203891,1203901,HRSH08,132.1611,34.3935,100,30,0.31287521556608333,0.24757742155379792,0.39983414622670926,0.2,P0020,30.0,-0.1605829467240926
1203911,1203921,HRSH09,132.9524,34.7016,115,32,0.37005669143399833,0.32483025762576584,0.4186873363852996,0.2,P0020,32.0,-0.1238390151482563
1203931,1203941,HRSH10,132.3794,34.7471,100,43,1.0441680073234412,0.9915900200274586,1.1294029886451509,0.2,P0020,43.0,0.5336474983188338
1203951,1203961,HRSH11,133.1674,34.8225,100,35,0.6889191803882276,0.5797614236631459,0.7613549162578177,0.2,P0020,35.0,-0.0999616326643491
1203971,1203981,HRSH12,132.4295,34.581,150,13,0.20623996588378296,0.1977656086517479,0.35744992977370293,0.2,P0020,,
1203991,1204001,HRSH13,132.3907,34.4122,200,18,1.1171087480038129,1.0868411063068502,1.1980421238179526,0.2,P0020,,
1204011,1204021,HRSH14,132.4063,34.209,100,49,0.5488284461317682,0.5031778704949161,0.6150082703063708,0.2,P0020,49.0,-0.2353266757964861
1204031,1204041,HRSH15,132.5053,34.1161,100,51,0.708368368162198,0.6528599879707851,0.8066121232989223,0.2,P0020,51.0,0.0449195443997378
1204051,1204061,HRSH16,132.6689,34.6629,100,29,0.9836067263178654,0.919808194226856,1.1093485533092395,0.2,P0020,29.0,0.4690611595893234
1204071,1204081,HRSH17,132.2326,34.5716,102,42,0.41854418574264163,0.3332796023707349,0.5346587986983269,0.2,P0020,42.0,-0.3870884406612899
1204091,1204101,HRSH18,132.7923,34.4572,100,41,1.019013648430247,0.9440035878651812,1.097831339980223,0.2,P0020,41.0,0.1972111643301888
1204111,1204121,HYGH01,134.7941,34.2937,102,35,0.40739384391586153,0.3331377621799887,0.45740192970300814,0.2,P0020,35.0,-0.2311583559077772
1204131,1204141,HYGH02,134.4234,35.0671,103,37,0.3802969045961262,0.3126038958621315,0.4423836226899151,0.2,P0020,37.0,-0.4828130294632947
1204151,1204161,HYGH03,134.5237,35.2193,100,29,0.38443385799686225,0.32910609449922734,0.437569165117386,0.2,P0020,29.0,-0.3957786147664446
1204171,1204181,HYGH04,135.2811,35.0708,100,34,0.6856533813374066,0.5216003603797443,0.7623888166154962,0.2,P0020,34.0,-0.3301981781566617
1204191,1204201,HYGH05,134.3284,34.8995,100,11,0.4745192754997935,0.40943415311298365,0.5581798173963816,0.2,P0020,,
1204211,1204221,HYGH06,134.4792,34.7935,200,23,0.45317696003226693,0.4006708965606013,0.5303891146723387,0.2,P0020,23.0,-0.4137758175550501
1204231,1204241,HYGH07,134.6701,35.0322,100,28,0.2984021067331519,0.23758368923837442,0.36089769775490455,0.2,P0020,28.0,-0.6213061044215388
1204251,1204261,HYGH08,134.9036,35.101,110,40,0.683190928596338,0.6414835397206088,0.7257695680520568,0.2,P0020,40.0,-0.117952527956373
1204271,1204281,HYGH09,135.0844,34.9082,100,40,0.8930035809845738,0.824857801236669,0.9497837002509593,0.2,P0020,40.0,0.0930031866368169
1204291,1204301,HYGH10,134.8078,34.8164,100,39,0.7484003738591858,0.6753184549493023,0.7979523358373075,0.2,P0020,39.0,-0.0189639715031611
1204311,1204321,HYGH11,134.9071,35.2925,200,33,1.1223006055478713,1.048179626194032,1.2381804979687951,0.2,P0020,33.0,0.0742776811733661
1204331,1204341,HYGH12,134.5423,34.9313,100,34,0.564578568617743,0.47161546780447794,0.6169314375681485,0.2,P0020,34.0,-0.2799072788160091
1204351,1204361,HYGH13,134.6566,35.6208,101,15,1.139750148853645,1.0504403437456986,1.1943904360564495,0.2,P0020,,
1204371,1204381,HYGH14,134.8621,35.4574,101,28,0.5538096498792844,0.48606162154583005,0.62704559680795,0.2,P0020,28.0,-0.0663494628607606
1204391,1204401,HYGH15,134.5953,35.4697,100,15,0.4371899268839412,0.37430894477505855,0.5139939186992613,0.2,P0020,,
1204411,1204421,HYMH01,139.9678,42.4851,112,76,0.4366059201871798,0.39274923093838476,0.4861560861717653,0.2,P0020,75.0,-0.2661327511033255
1204431,1204441,HYMH02,140.3087,41.9856,101,116,0.5244859070338956,0.47985874882756974,0.5785610453121206,0.2,P0020,115.0,-0.271925759213043
1204451,1204461,HYMH03,140.004,42.1344,100,24,0.47550701046456234,0.4274263647302943,0.514248894283776,0.2,P0020,24.0,-0.6559388031944361
1204481,1204491,IBRH06,140.6545,36.8809,100,205,1.1396302933754738,1.0580589767779018,1.231808265248239,0.2,P0020,198.0,0.2596082023262491
1204501,1204511,IBRH07,140.3301,35.9521,1200,412,0.6562840688835213,0.521385786383272,0.787162034144678,0.2,P0020,394.0,-0.2935635529092537
1204521,1204531,IBRH08,140.5621,36.1188,1200,168,0.8919219058490664,0.8367931660065139,0.9560809044856259,0.2,P0020,162.0,0.1687676168589567
1204541,1204551,IBRH09,140.3559,36.439,105,76,0.9592854424586212,0.8616173140773334,1.0298670124702876,0.2,P0020,74.0,0.1376471671616259
1204561,1204571,IBRH10,139.9889,36.1112,900,380,0.8072495298417391,0.7369527612005473,0.8864570351726376,0.2,P0020,364.0,-0.084701663806139
1204581,1204591,IBRH11,140.1401,36.3701,103,520,1.2126996244417967,1.137460546038172,1.2874994963724766,0.2,P0020,499.0,0.636860771674894
1204601,1204611,IBRH12,140.3181,36.8369,200,478,0.8594180088257619,0.7907393904853914,0.9518047873716287,0.2,P0020,460.0,0.3128616192940895
1204621,1204631,IBRH13,140.575,36.7955,100,523,0.8798184546289969,0.8051268218195211,0.9379863404361413,0.2,P0020,503.0,0.1941881257972023
1204641,1204651,IBRH14,140.5484,36.6922,100,511,0.46552840579144567,0.40119244914027136,0.5191410455650904,0.2,P0020,491.0,-0.3946838071139492
1204661,1204671,IBRH15,140.3013,36.5566,107,519,0.5654707727577309,0.4882433295266013,0.6444451000388367,0.2,P0020,498.0,0.0426837864792989
1204681,1204691,IBRH16,140.3976,36.6405,300,518,0.9288246153727215,0.8470707134114639,1.0095797379982696,0.2,P0020,498.0,0.2344873102640214
1204701,1204711,IBRH17,140.314,36.0864,510,461,0.8140321841854674,0.7486242048567274,0.8770900952876386,0.2,P0020,440.0,0.0998442475816815
1204721,1204731,IBRH18,140.6198,36.3631,504,484,1.1621481846459685,1.0772816364510494,1.2644330332680247,0.2,P0020,465.0,0.3285026291441698
1204741,1204751,IBRH19,140.0893,36.2137,209,433,0.5596848715166313,0.5065170559640298,0.6240340547383261,0.2,P0020,416.0,-0.0280549593502477
1204761,1204771,IBRH20,140.7323,35.8284,921,301,0.612574513241445,0.5516586798016003,0.6646047218593898,0.2,P0020,289.0,-0.240238079643129
1204781,1204791,IBRH21,140.105,35.9814,929,109,0.882178814285474,0.8034541204676271,0.9443503792804276,0.2,P0020,104.0,0.2952052531240721
1204871,1204881,IBUH01,141.8191,42.8739,100,191,0.9014822966943591,0.8291435275816676,1.0019885441369931,0.2,P0020,186.0,0.2861064485622404
1204891,1204901,IBUH02,142.1285,42.8714,102,152,0.42746210290173164,0.354082849197528,0.499982838527972,0.2,P0020,148.0,-0.3826354457567131
1204911,1204921,IBUH03,141.8641,42.6486,153,108,0.8139007455421965,0.7410312252439758,0.9223236762059815,0.2,P0020,102.0,0.0694795303962115
1204931,1204941,IBUH04,140.665,42.6415,103,50,1.3707270180747768,1.3208934346686527,1.4743368329512827,0.2,P0020,49.0,0.5451309755762292
1204951,1204961,IBUH05,141.3497,42.5629,177,197,0.3540533760120648,0.29092036760313633,0.39032718411006084,0.2,P0020,192.0,-0.0716830819994024
1204971,1204981,IBUH06,141.0017,42.4116,562,128,1.0834580285745248,1.0203760466760652,1.1496480278168573,0.2,P0020,125.0,0.6338515006188105
1204991,1205001,IBUH07,141.0643,42.6476,200,122,0.7256218933720119,0.6597240524921816,0.7866548348719031,0.2,P0020,119.0,0.0690288760161538
1205011,1205021,IKRH01,141.5836,43.4087,200,114,0.4760757228474747,0.4297789935222018,0.5224758940660154,0.2,P0020,111.0,-0.004212838972352
1205031,1205041,IKRH02,141.6523,43.2204,127,139,0.5190372236029472,0.457619320874014,0.6022433910096316,0.2,P0020,135.0,-0.0544493754591818
1205051,1205061,IKRH03,141.6399,42.888,252,168,0.4320770880914272,0.3951303312536672,0.48196907083570617,0.2,P0020,164.0,-0.1513622482453248
1205071,1205081,ISKH01,137.2844,37.5266,200,31,0.6352603457501516,0.5597307519108972,0.6811965072894408,0.2,P0020,31.0,0.0863955627939615
1205091,1205101,ISKH02,137.0413,37.3644,102,50,0.23160765898204327,0.1762299029253735,0.27472158842114536,0.2,P0020,47.0,-0.2221093804555649
1205111,1205121,ISKH03,137.2436,37.3458,207,59,0.8769905764343972,0.7485512759736972,0.9991424367598174,0.2,P0020,56.0,0.5281993618906596
1205131,1205141,ISKH04,136.7176,37.1902,116,39,0.4934085622768968,0.435289464100869,0.5623710382989068,0.2,P0020,36.0,-0.0819140450487497
1205151,1205161,ISKH05,136.9689,37.2224,105,34,0.9542623626184593,0.8679471992350597,1.0830114498170151,0.2,P0020,32.0,0.0223912619177006
1205171,1205181,ISKH06,136.8206,37.0533,200,47,0.36167105376821007,0.29990068776914747,0.44379623553158276,0.2,P0020,44.0,-0.3159559916730414
1205191,1205201,ISKH07,136.6357,36.515,802,42,0.5893128475321239,0.5156511460033979,0.6742657838007209,0.2,P0020,42.0,-0.1924783010443401
1205211,1205221,ISKH08,136.7906,36.738,100,37,0.8137429299734321,0.7303712932383155,0.8423378993539382,0.2,P0020,34.0,0.0979094881074303
1205231,1205241,ISKH09,136.7168,36.2667,106,51,0.3801688967560002,0.30473990908110254,0.4643212064069826,0.2,P0020,51.0,-0.3761236919512674
1205251,1205261,IWTH01,141.3423,40.2383,200,402,1.3982026861448476,1.2829211541439325,1.4938495869192305,0.2,P0020,390.0,0.8183342665088826
1205271,1205281,IWTH02,141.3826,39.825,102,460,1.4053239841646579,1.3269531467916849,1.4786866929809026,0.2,P0020,445.0,0.8117214780502979
1205291,1205301,IWTH03,141.652,39.802,101,473,0.38213725098240736,0.31534910657077747,0.4360582166383331,0.2,P0020,457.0,-0.2323233012934433
1205311,1205321,IWTH04,141.3909,39.1809,106,546,0.8070767091439075,0.7383533591204571,0.8742031426338556,0.2,P0020,524.0,0.3595781033019991
1205331,1205341,IWTH05,141.3512,38.8654,101,524,0.7184454324990597,0.6685837815381566,0.7723135546086062,0.2,P0020,499.0,0.1637403567129422
1205351,1205361,IWTH06,141.1709,40.2611,100,308,0.717513584157194,0.6401991928277313,0.7987351094084434,0.2,P0020,299.0,0.4112019823685626
1205371,1205381,IWTH07,141.5709,40.2705,120,406,0.6194958123247708,0.5498144300699214,0.6928341675640663,0.2,P0020,396.0,-0.0072946807917707
1205391,1205401,IWTH08,141.7831,40.2686,100,363,0.8935520124482612,0.8233053693093771,0.9435025663129132,0.2,P0020,355.0,0.0495371581999975
1205411,1205421,IWTH09,141.712,40.0861,100,432,0.40129597524535865,0.3426761674232792,0.46496367932978455,0.2,P0020,419.0,-0.18340344868975
1205431,1205441,IWTH10,140.9529,40.1391,100,386,0.4333808564299499,0.36844169016577255,0.47853219683893133,0.2,P0020,375.0,-0.0214287524669173
1205451,1205461,IWTH11,141.1915,40.0811,300,403,0.6054833865241888,0.5504122424649024,0.6689060897458843,0.2,P0020,390.0,0.2271466459030335
1205471,1205481,IWTH12,141.4245,40.1533,100,421,1.0714731564722502,1.000429206959607,1.151664655985896,0.2,P0020,411.0,0.432664293166297
1205491,1205501,IWTH13,141.5492,39.9398,117,379,0.3424742464534682,0.28330790062833217,0.39814069908522726,0.2,P0020,369.0,-0.1831965221234916
1205511,1205521,IWTH14,141.9087,39.7435,100,473,0.4701490889786168,0.3854342627287378,0.5565561635117636,0.2,P0020,460.0,-0.1228769571112974
1205531,1205541,IWTH15,141.0929,39.6148,122,511,0.5450117966326032,0.500202398133946,0.5970479165820927,0.2,P0020,493.0,0.2700237395888044
1205551,1205561,IWTH16,140.9465,39.6436,150,489,0.3540309602295465,0.31008881956819845,0.40143571299337666,0.2,P0020,474.0,0.1834719805006637
1205571,1205581,IWTH17,141.5977,39.6442,103,507,0.22822047890355499,0.17862329194138377,0.28331127037690396,0.2,P0020,491.0,-0.1520562515155444
1205591,1205601,IWTH18,141.6775,39.463,100,489,0.419040306189747,0.355943776829548,0.47570525199530156,0.2,P0020,472.0,-0.1947400411703049
1205611,1205621,IWTH19,141.0001,39.4559,100,385,0.5938379700551686,0.5360451609344873,0.635073104314891,0.2,P0020,376.0,0.4119375400460405
1205631,1205641,IWTH20,141.0473,39.3434,156,451,0.2957055986356463,0.23838971351820054,0.3562701373700979,0.2,P0020,436.0,0.3321515525421407
1205651,1205661,IWTH21,141.9336,39.4734,100,497,0.911962783701009,0.8376781836432121,0.9906343402721542,0.2,P0020,480.0,0.1275524663824738
1205671,1205681,IWTH22,141.3015,39.334,100,516,0.72688326940009,0.653843385584386,0.7921381163084759,0.2,P0020,499.0,0.2737630885352167
1205691,1205701,IWTH23,141.8233,39.2741,103,522,0.3555473807751175,0.28577872503801394,0.4209140676164237,0.2,P0020,502.0,-0.3100086755347941
1205711,1205721,IWTH24,141.0118,39.1979,151,485,0.39775619593941847,0.3444005891574155,0.4558398389841393,0.2,P0020,464.0,0.0579749800009815
1205731,1205741,IWTH25,140.8638,39.0092,261,103,0.65476596556513,0.5997198761362171,0.6955811790122137,0.2,P0020,101.0,0.0867011920294923
1205751,1205761,IWTH26,141.0013,38.969,108,568,0.5680485019139137,0.5121268022657296,0.6323924492446884,0.2,P0020,546.0,0.2194295684799315
1205771,1205781,IWTH27,141.532,39.0307,100,556,0.6618930640821157,0.562880791034011,0.7586011512807977,0.2,P0020,536.0,0.2473088915497091
1205791,1205801,IWTH28,140.864,39.0094,263,359,0.6536384080769995,0.573801748563267,0.7066076080063142,0.2,P0020,341.0,0.1454169855862165
1205841,1205851,KGSH01,130.1191,32.1554,201,51,0.47856907519054065,0.41511801334697884,0.5572040598021122,0.2,P0020,49.0,-0.3341804575595986
1205861,1205871,KGSH02,130.2077,31.994,201,33,0.3436355077475253,0.30763170988120164,0.4515877449249634,0.2,P0020,32.0,-0.4935286776885291
1205881,1205891,KGSH03,130.4438,31.9812,100,68,0.3613620209333237,0.24710485317452563,0.45602387540726297,0.2,P0020,66.0,-0.523028154999198
1205901,1205911,KGSH04,130.3602,31.8374,99,57,0.5105998805919284,0.43452279456582277,0.5485257479762319,0.2,P0020,55.0,-0.3598020053450728
1205921,1205931,KGSH05,130.4958,31.8699,106,72,0.7754987944719574,0.7022941628308738,0.8529704396785549,0.2,P0020,69.0,-0.1056826464381581
1205941,1205951,KGSH06,130.4594,31.6988,202,54,0.49399546818465917,0.3898100669327169,0.5652757566737202,0.2,P0020,51.0,-0.4643452532950624
1205961,1205971,KGSH07,130.6149,31.714,301,66,0.7330524028549503,0.6853805775678025,0.7780478145352057,0.2,P0020,63.0,-0.1600686953896207
1205981,1205991,KGSH08,130.9969,31.5618,149,79,0.4423993968251402,0.39797877106081603,0.5174443933441535,0.2,P0020,77.0,-0.4704755323616484
1206001,1206011,KGSH09,130.4333,31.3741,100,68,0.9686033430533194,0.9016613877179419,1.0285407688718557,0.2,P0020,66.0,-0.0794674269634358
1206021,1206031,KGSH10,130.6183,31.2066,202,69,0.932047930555065,0.8507088916723339,0.9858642621548731,0.2,P0020,68.0,-0.2212782669078724
1206041,1206051,KGSH11,130.699,31.0899,199,53,0.9935085151554714,0.9166834035526911,1.0928543673772135,0.2,P0020,51.0,-0.116415144315878
1206061,1206071,KGSH12,131.0877,31.2583,150,63,0.6645235159736518,0.5498066512085075,0.7208780566251765,0.2,P0020,63.0,-0.3448017780126718
1206081,1206091,KGSH13,130.8541,31.4005,101,19,1.0934967071694126,1.0271316973549052,1.1120727759041176,0.2,P0020,,
1206101,1206111,KGWH01,133.9493,34.2186,117,38,1.08710194835283,0.960917217088895,1.2011018317532458,0.2,P0020,38.0,0.2448206705490641
1206121,1206131,KGWH02,133.7081,34.198,200,38,0.9066768339188197,0.7884855583521218,0.9474065640789953,0.2,P0020,38.0,0.1690003733609505
1206141,1206151,KGWH03,134.1482,34.27,100,21,0.22975696655538388,0.15978369222767988,0.2917879149927464,0.2,P0020,21.0,-0.4227742656112049
1206161,1206171,KGWH04,134.3043,34.2264,105,13,1.0147345091532887,0.9229902814808416,1.168337959805153,0.2,P0020,,
1206181,1206191,KGWH05,134.3241,34.4572,433,20,0.5840497131899052,0.49184605114945673,0.6709229710347651,0.2,P0020,20.0,-0.2711612879587938
1206201,1206211,KKWH01,142.3036,44.5973,111,14,0.40399589712094186,0.3417211899799156,0.6282160390496422,0.2,P0020,,
1206221,1206231,KKWH02,142.5736,44.5509,112,40,0.21967029364132212,0.1784976763055498,0.29562771366745866,0.2,P0020,40.0,-0.7367785744691442
1206241,1206251,KKWH03,142.2725,44.4732,100,24,0.23279918622325235,0.11677613000161276,0.3185037614026638,0.2,P0020,24.0,-0.9961492875997988
1206261,1206271,KKWH04,142.4056,44.4376,100,46,0.27581014804942094,0.17557265770389693,0.3866318081195753,0.2,P0020,46.0,-0.7379512289192384
1206281,1206291,KKWH05,142.6303,44.2921,300,51,0.43536626285667107,0.3755451634310474,0.4840949597962014,0.2,P0020,51.0,-0.5669991475213092
1206301,1206311,KKWH06,142.7656,44.3207,100,35,0.2810030706978333,0.1918175818786031,0.32250495559117565,0.2,P0020,35.0,-0.9455819835369844
1206321,1206331,KKWH07,142.3409,43.3697,109,82,0.6934634153470248,0.5655194470789182,0.8019986964552768,0.2,P0020,80.0,-0.2928443311453672
1206341,1206351,KKWH08,142.6562,43.0406,100,202,0.9144823886402231,0.875835978722158,0.9762530798200414,0.2,P0020,194.0,0.2372673487233242
1206361,1206371,KKWH09,142.2542,44.7745,106,12,1.0284094877450725,0.9264859212257158,1.1159287626341068,0.2,P0020,,
1206381,1206391,KKWH10,142.0528,44.6617,105,24,0.6144172888314121,0.44786245180656,0.7572679377741556,0.2,P0020,24.0,-0.5383972921174546
1206401,1206411,KKWH11,142.2834,43.9754,105,40,1.2166166088400883,1.0837378769244959,1.3284032779613313,0.2,P0020,40.0,-0.1171666566446616
1206421,1206431,KKWH12,142.6006,43.5038,207,127,0.2406388106476294,0.19260188210534995,0.285116958821632,0.2,P0020,125.0,-0.6799354243001023
1206441,1206451,KKWH13,142.3906,43.5113,168,96,1.0304024446273021,0.883513981559237,1.12719249519171,0.2,P0020,94.0,-0.1491151856383973
1206461,1206471,KKWH14,142.5245,43.3841,150,154,0.6828067740410676,0.6195945365160744,0.7646387927826588,0.2,P0020,148.0,-0.2570106595531135
1206481,1206491,KKWH15,142.7656,43.8546,148,67,0.5418854968137967,0.47529607602386637,0.6027150773596841,0.2,P0020,67.0,-0.5713207738831639
1206501,1206511,KMMH01,130.6949,33.1089,99,51,0.5664750244809856,0.443559722240145,0.6464779775829291,0.2,P0020,50.0,-0.452400680384741
1206521,1206531,KMMH02,131.0629,33.122,124,53,0.6540606039863606,0.5746893067803694,0.7452720090048484,0.2,P0020,52.0,-0.1003859337495482
1206541,1206551,KMMH03,130.8301,32.9984,200,53,0.8508411514888118,0.7853453037155379,0.9055917012791216,0.2,P0020,52.0,-0.1079268328295874
1206561,1206571,KMMH04,131.0199,32.9514,128,23,0.48186884371922606,0.42790925185707307,0.5454531152193471,0.2,P0020,21.0,-0.2909141747221195
1206581,1206591,KMMH05,131.2207,32.9553,100,45,1.2176040979079232,1.1426235483209795,1.270779863548783,0.2,P0020,44.0,0.4473700852821198
1206601,1206611,KMMH06,131.101,32.8114,111,60,0.34060560007317897,0.26604297391530973,0.3994647442811329,0.2,P0020,59.0,-0.6145170909920131
1206621,1206631,KMMH07,130.5584,32.6234,300,62,0.7329375972261887,0.6568862817984648,0.7788793735341444,0.2,P0020,60.0,-0.2272476007108941
1206641,1206651,KMMH08,131.0251,32.6501,103,41,0.551821890420779,0.49883908244098113,0.6016359130135301,0.2,P0020,41.0,-0.3214835572261781
1206661,1206671,KMMH09,130.9046,32.4901,100,70,0.884869196730335,0.8102204601084286,0.9474528486290603,0.2,P0020,69.0,-0.0051060835902648
1206681,1206691,KMMH10,130.1811,32.3151,300,51,0.828440010402878,0.712594764868177,0.8701537826239926,0.2,P0020,50.0,-0.0806078478087367
1206701,1206711,KMMH11,130.5777,32.2918,300,58,0.4001304187900354,0.3293275705954356,0.47817310375349314,0.2,P0020,57.0,-0.5425793021165208
1206721,1206731,KMMH12,130.7371,32.2054,123,58,0.6038563025503255,0.5497054768579575,0.6621805723029004,0.2,P0020,57.0,-0.0690681815267671
1206741,1206751,KMMH13,130.9096,32.2209,177,47,0.42903208844381996,0.35985066667924237,0.47569758608066764,0.2,P0020,45.0,-0.2236145880951083
1206761,1206771,KMMH14,130.7521,32.6345,110,68,0.7515327308826918,0.6964820097010145,0.8203946403406073,0.2,P0020,67.0,-0.1076551345169277
1206781,1206791,KMMH15,130.3647,32.1704,110,57,0.4111868096970703,0.29956046444549794,0.4776957564465637,0.2,P0020,57.0,-0.3936693747410561
1206801,1206811,KMMH16,130.8199,32.7967,252,57,0.8969953573859588,0.7896971807863772,0.9912194470423045,0.2,P0020,57.0,-0.0770552562013339
1206821,1206831,KMMH17,130.5608,32.9873,100,30,0.5026650161693467,0.363719341557872,0.6336843792292786,0.2,P0020,29.0,-0.6666924291455385
1206841,1206851,KMMH18,131.0071,33.0031,77,10,0.45988268928982623,0.4252699795405404,0.4928105518743236,0.2,P0020,,
1206911,1206921,KNGH10,139.5195,35.4991,2000,328,1.1514884604093694,1.099795229933144,1.2027225354634068,0.2,P0020,320.0,0.4625822836823635
1206931,1206941,KNGH11,139.3539,35.404,1800,193,0.790140897799096,0.6796622247120475,0.8666408689092795,0.2,P0020,189.0,-0.3239596180924626
1206951,1206961,KNGH18,139.1283,35.6437,100,299,0.8283559304957535,0.766459009141381,0.8887472471451076,0.2,P0020,289.0,0.1842879058042109
1206971,1206981,KNGH19,139.0436,35.4173,100,200,0.7016148632550203,0.5873260091773329,0.7871967225355354,0.2,P0020,199.0,-0.2713494856683
1206991,1207001,KNGH20,139.126,35.3663,105,260,0.8897936283385781,0.7531834539511479,0.9844523800633499,0.2,P0020,253.0,0.0621264230759298
1207011,1207021,KNGH21,139.2146,35.4628,210,234,0.547780263841428,0.4810704288154356,0.6241188390039073,0.2,P0020,231.0,-0.2572911159392668
1207031,1207041,KNGH22,139.091,35.3583,2000,18,0.7528232942911641,0.6699251614681649,0.8345390669537429,0.2,P0020,,
1207051,1207061,KNGH23,139.611,35.2624,100,171,0.4517747635629972,0.3959561731639766,0.5201932900710873,0.2,P0020,166.0,-0.3831548916107058
1207071,1207081,KOCH01,134.1197,33.5421,200,32,0.6380389150456383,0.5716813525298947,0.6916123973187083,0.2,P0020,32.0,-0.2321068787623932
1207091,1207101,KOCH02,133.3641,33.7079,100,48,0.3468778163108438,0.25728847675362093,0.44759463023964946,0.2,P0020,48.0,-0.3531722217304799
1207111,1207121,KOCH03,132.9891,33.2683,100,51,0.3933338888780782,0.3262553948919363,0.4494428736251919,0.2,P0020,51.0,-0.4859978040983134
1207131,1207141,KOCH04,132.7066,32.8414,100,64,0.22160965425965068,0.1640252505867107,0.26432220936625384,0.2,P0020,63.0,-0.6719157429123942
1207151,1207161,KOCH05,133.1444,33.6472,100,55,0.47755384445144844,0.3802327710572286,0.5653989195271332,0.2,P0020,55.0,-0.370950694560348
1207171,1207181,KOCH06,132.9524,33.0754,100,20,0.7458639076225859,0.6821507297481113,0.9377793186776311,0.2,P0020,20.0,0.0470987323232002
1207191,1207201,KOCH07,133.2866,33.392,104,53,0.9698123889961058,0.8704793478256354,1.095830519444168,0.2,P0020,53.0,-0.1706295924346469
1207211,1207221,KOCH08,132.9718,32.7797,100,50,0.41235735587516886,0.33999204535452326,0.45627911892767953,0.2,P0020,50.0,-0.5225411298127551
1207231,1207241,KOCH09,133.8243,33.6748,100,24,0.37994069486702575,0.33635575964891007,0.45066637985200253,0.2,P0020,24.0,-0.207131484804847
1207251,1207261,KOCH10,133.4388,33.5313,101,42,0.30919609234682155,0.23768532543116272,0.39200735753854254,0.2,P0020,42.0,-0.5583486332737764
1207271,1207281,KOCH11,134.1603,33.2866,300,30,0.5201992140159705,0.47276509549689844,0.5989139969064401,0.2,P0020,30.0,-0.326293927410398
1207291,1207301,KOCH12,133.8192,33.5294,170,32,0.589774323940643,0.49159904308219,0.7000894086256555,0.2,P0020,32.0,-0.1591383522169849
1207311,1207321,KOCH13,133.576,33.7543,152,19,0.6668143029806686,0.6134793449365843,0.7266700132494593,0.2,P0020,,
1207331,1207341,KSRH01,144.0844,43.4361,107,258,0.34588429424145073,0.2946624568051124,0.4024845917781624,0.2,P0020,249.0,-0.2794544655766502
1207351,1207361,KSRH02,144.123,43.1142,105,254,0.5654591207608943,0.49431670869222993,0.6341625189782056,0.2,P0020,245.0,0.1427173118307077
1207371,1207381,KSRH03,144.6279,43.3848,107,228,0.7295103876858046,0.6254628341816844,0.8170738347003326,0.2,P0020,220.0,0.296554107404634
1207391,1207401,KSRH04,144.6804,43.2139,240,228,0.49363902125412773,0.43259207011832235,0.5452276011303913,0.2,P0020,221.0,0.119479577664341
1207411,1207421,KSRH05,144.2338,43.2556,330,271,0.4241770957894283,0.36012300914942524,0.4742317325479106,0.2,P0020,262.0,-0.0605891604709451
1207431,1207441,KSRH06,144.4285,43.22,237,268,0.49189098029388784,0.4313072935496153,0.5456477025751373,0.2,P0020,260.0,0.0469538912499011
1207451,1207461,KSRH07,144.3274,43.1359,222,272,0.34840615428455934,0.2929030334557939,0.4222651429238246,0.2,P0020,263.0,-0.0372850063706209
1207471,1207481,KSRH08,143.8936,43.1603,100,244,0.32109738532852206,0.2701014463231483,0.3724973604884621,0.2,P0020,240.0,-0.233353377124915
1207491,1207501,KSRH09,143.9841,42.9856,100,271,0.6751160138400253,0.5757045404030108,0.7607890908443471,0.2,P0020,262.0,0.1845178414067771
1207511,1207521,KSRH10,145.1168,43.2084,255,173,0.9016435506272642,0.8121024894078489,0.9848694413293911,0.2,P0020,167.0,0.2745053779097206
1207531,1207541,KYTH01,135.1243,35.5243,155,38,0.9370897716601401,0.8728705146485968,1.0030730907613148,0.2,P0020,38.0,0.0435572042870421
1207551,1207561,KYTH02,135.2496,35.7101,200,27,0.5954599868829724,0.5018019132698883,0.6761230232260771,0.2,P0020,27.0,-0.0666899804328837
1207571,1207581,KYTH03,135.1334,35.313,300,34,0.6398873001328131,0.5336082985112038,0.7210233491420779,0.2,P0020,34.0,-0.21095188599266
1207591,1207601,KYTH04,135.5508,35.2685,100,42,0.47568467427967076,0.3776552050157826,0.5124068285079922,0.2,P0020,42.0,-0.4020045360917605
1207611,1207621,KYTH05,135.0268,35.6814,150,21,1.0167226158399478,0.9654315416380501,1.0774783563011139,0.2,P0020,21.0,0.1711548340583006
1207631,1207641,KYTH06,135.4846,35.0469,100,16,0.4251327873349714,0.3767920824494293,0.5471239024828409,0.2,P0020,,
1207651,1207661,KYTH07,135.7461,34.8983,800,33,0.8179957967070898,0.7632139613109151,0.926843190446821,0.2,P0020,33.0,-0.0854980885087444
1207671,1207681,KYTH08,135.7304,35.0094,703,21,0.7762698682586033,0.709599428107945,0.8573410453680659,0.2,P0020,21.0,-0.1893488177344857
1207701,1207711,MIEH01,136.4563,34.9849,140,65,0.426374654397374,0.36142344614992233,0.49315939182486007,0.2,P0020,65.0,-0.1013649623676848
1207721,1207731,MIEH02,136.2835,34.7662,200,47,0.4066783195697091,0.36696855357173386,0.5156811525052079,0.2,P0020,47.0,-0.4587437759983336
1207741,1207751,MIEH03,136.3692,34.547,100,45,0.47697805610718913,0.40191640273747314,0.5814816447679232,0.2,P0020,44.0,-0.0960612634435022
1207761,1207771,MIEH04,136.5866,34.3532,112,47,0.37011125105048803,0.271915353109654,0.4051214458325437,0.2,P0020,46.0,-0.6181586999292165
1207781,1207791,MIEH05,136.1689,34.0637,100,38,0.7070365001860676,0.6320739771261915,0.7727581213754728,0.2,P0020,37.0,-0.0185248056444308
1207801,1207811,MIEH06,136.3293,34.358,100,43,0.35676856838230886,0.31704514035382897,0.47245781622691424,0.2,P0020,42.0,-0.5404242103142887
1207821,1207831,MIEH07,136.8216,34.2544,207,43,0.45156113206677345,0.3838238663684612,0.5044250696888628,0.2,P0020,42.0,-0.3107874571415757
1207841,1207851,MIEH08,136.5033,34.5424,150,44,0.5354006619148736,0.4391692337712804,0.5965862787219816,0.2,P0020,43.0,-0.3684465001435984
1207861,1207871,MIEH09,135.9969,33.7644,100,36,0.6666274107127104,0.5680796148812619,0.7779337584490797,0.2,P0020,35.0,-0.2987834900946386
1207881,1207891,MIEH10,136.4245,34.8224,197,53,0.6302317074814202,0.5487232669854972,0.70886209279882,0.2,P0020,52.0,0.1318476651505962
1207901,1207911,MYGH01,140.9969,38.24,1206,150,1.0971487911538276,1.022532713718148,1.1913461850667437,0.2,P0020,143.0,0.1995706038537556
1207921,1207931,MYGH02,140.6513,38.8587,203,233,0.9325808916240348,0.84983287186147,1.0006695593042438,0.2,P0020,225.0,-0.0683588042512181
1207941,1207951,MYGH03,141.6377,38.9207,117,538,0.28432431076370346,0.1963937042004231,0.38112331043131825,0.2,P0020,517.0,-0.3006456526150909
1207961,1207971,MYGH04,141.3254,38.786,100,584,0.36259579347432896,0.28838798306456115,0.44096843578929606,0.2,P0020,557.0,-0.0591901446004244
1207981,1207991,MYGH05,140.7804,38.5793,337,355,0.4098278353328811,0.3573693794054131,0.45371837827643957,0.2,P0020,337.0,0.1301276175805099
1208001,1208011,MYGH06,141.071,38.5907,100,604,0.24206626621882849,0.1831488103075951,0.2942270580026286,0.2,P0020,578.0,-0.2701432376847381
1208021,1208031,MYGH07,140.6405,38.1802,142,305,0.46679005471689144,0.41408464410075135,0.5184430204163906,0.2,P0020,299.0,0.5057365664463903
1208041,1208051,MYGH08,140.8441,38.1133,100,675,0.313925368138177,0.25262060503305306,0.3713321399801259,0.2,P0020,647.0,-0.0683611332421333
1208061,1208071,MYGH09,140.6027,38.0091,100,650,0.4753137054060831,0.41444558859398095,0.5489133819189875,0.2,P0020,624.0,0.1105570060351272
1208081,1208091,MYGH10,140.8924,37.9411,205,655,0.6065293645173777,0.5401189261994012,0.6740742229740675,0.2,P0020,632.0,0.3683674873786706
1208101,1208111,MYGH11,141.3421,38.5158,207,377,0.5339972587054176,0.46823707331475356,0.5905622500014222,0.2,P0020,364.0,0.0811396796066398
1208121,1208131,MYGH12,141.4428,38.6416,102,169,0.3106459330970798,0.24817612484441642,0.3932727944415481,0.2,P0020,159.0,-0.3225552797587435
1208141,1208151,MYGH13,141.4176,38.6993,80,217,1.3781563210521628,1.2676749378923948,1.4966106755800928,0.2,P0020,212.0,0.7967074352789003
1208161,1208171,MYGH14,140.9551,38.34,1034,204,1.0695817826574165,0.9676362019545628,1.1426137941014254,0.2,P0020,198.0,0.4329619583273545
1208191,1208201,MYZH01,131.2257,32.6536,103,29,0.6155069952956674,0.4933981687405132,0.6919284564663056,0.2,P0020,28.0,-0.1270471148133422
1208211,1208221,MYZH02,131.6829,32.6972,210,35,0.3869029373801114,0.3127412889746468,0.41877075418041776,0.2,P0020,34.0,-0.2668886003569994
1208231,1208241,MYZH03,131.1043,32.4754,200,36,0.658642968909972,0.571350923437566,0.7310039095678629,0.2,P0020,36.0,-0.1020756312233501
1208251,1208261,MYZH04,131.3349,32.5181,100,68,0.8705810034291397,0.7670376019993754,0.9613950269749449,0.2,P0020,66.0,0.0360156805381096
1208271,1208281,MYZH05,131.2668,32.347,100,51,0.5942615171958696,0.5234669742874316,0.6668086573174714,0.2,P0020,49.0,-0.401145389360011
1208291,1208301,MYZH06,131.4643,32.3607,100,26,0.5070420234548758,0.43832804378357226,0.6226115383949744,0.2,P0020,25.0,-0.3218031156781494
1208311,1208321,MYZH07,131.1946,32.1987,100,29,0.548129198718702,0.4743593064899176,0.6094419426497697,0.2,P0020,29.0,-0.2411397258072995
1208331,1208341,MYZH08,131.5309,32.2132,213,69,0.5261113883647989,0.4593841603624769,0.5674964847951681,0.2,P0020,67.0,-0.1144097116919235
1208351,1208361,MYZH09,131.0618,32.0421,100,44,0.18011961354074107,0.11773551803097584,0.23536997546647107,0.2,P0020,42.0,-0.7053778890567142
1208371,1208381,MYZH10,131.29,32.0215,100,78,0.4927590874850144,0.4107307095935838,0.538619334677106,0.2,P0020,76.0,-0.1627190689340791
1208391,1208401,MYZH11,131.47,32.0208,212,37,0.7670842952614528,0.7022365611193947,0.8346378507296575,0.2,P0020,36.0,0.0689863998518895
1208411,1208421,MYZH12,130.9454,31.8643,101,57,1.3139405182217572,1.2273076015995383,1.3992828467349165,0.2,P0020,55.0,0.3565079813126227
1208431,1208441,MYZH13,131.0791,31.7301,117,89,0.5201116006794406,0.44730229822732154,0.5692917979316099,0.2,P0020,87.0,-0.2043253386792383
1208451,1208461,MYZH14,131.351,31.5649,201,28,1.0403695100910428,0.9870178614643674,1.1041496751761133,0.2,P0020,27.0,-0.0600254463256198
1208471,1208481,MYZH15,131.5893,32.3654,200,61,0.9418492122472766,0.8609075555992157,1.0327737598101525,0.2,P0020,60.0,0.3359936197797576
1208491,1208501,MYZH16,131.6958,32.506,100,61,0.41981758052530044,0.3517734550621483,0.5134456502555211,0.2,P0020,60.0,-0.2568217046988104
1208511,1208521,NARH01,135.6489,33.9666,99,33,0.9336857490720942,0.8678116885070019,1.0352850276940373,0.2,P0020,32.0,0.3405978377061624
1208531,1208541,NARH02,135.8574,33.9692,100,21,0.5482420785242407,0.4173340796858506,0.6156181547252447,0.2,P0020,21.0,-0.2076540578658142
1208551,1208561,NARH03,136.0022,34.2925,101,36,0.7708883832839477,0.7362200752850997,0.8477089563321054,0.2,P0020,36.0,0.0301751945723394
1208571,1208581,NARH04,135.8369,34.3061,101,35,0.46219491885072467,0.380851685835048,0.5262967050568772,0.2,P0020,34.0,-0.2501187550131822
1208591,1208601,NARH05,136.0294,34.4237,101,43,1.1795847396388184,1.0646657914933702,1.2884502037946817,0.2,P0020,42.0,0.340161973184568
1208611,1208621,NARH06,136.0512,34.6413,101,39,0.7512212469467647,0.6340345772643942,0.9151502906884142,0.2,P0020,39.0,0.0956487692125506
1208631,1208641,NARH07,135.8541,34.5843,100,24,0.6079886711129943,0.5744003588016495,0.7354491009409243,0.2,P0020,24.0,-0.1252316712556705
1208651,1208661,NGNH03,137.7346,35.4786,165,95,0.7706817763529243,0.7043880694633777,0.8386319543104613,0.2,P0020,95.0,0.3117163813479227
1208671,1208681,NGNH07,138.376,36.7434,200,67,0.4126376554155497,0.32915113386474626,0.4623979840728704,0.2,P0020,65.0,-0.6300296818271807
1208691,1208701,NGNH08,137.8591,36.2541,250,54,0.3415788982559209,0.2873662697691691,0.406316986526138,0.2,P0020,51.0,-0.3580027851786714
1208711,1208721,NGNH09,138.2491,36.2859,100,46,0.5909278343024165,0.5184855076716792,0.6922773956564564,0.2,P0020,43.0,-0.4580863389772797
1208731,1208741,NGNH10,137.7669,35.9632,104,156,0.43485932039633823,0.3542482377002836,0.4874035760474932,0.2,P0020,153.0,-0.0957855103793593
1208751,1208761,NGNH11,138.3052,35.9157,206,158,1.1453142290730174,1.0701184059504871,1.2150140461019476,0.2,P0020,155.0,0.2801436623814234
1208771,1208781,NGNH12,138.4797,35.9696,206,151,0.4730462254499548,0.41350833532465636,0.5300837249397503,0.2,P0020,147.0,-0.0710642457618302
1208791,1208801,NGNH13,137.8767,35.5143,124,106,0.6838774785563919,0.5997945394106371,0.769887510079776,0.2,P0020,104.0,-0.0291206599665578
1208811,1208821,NGNH14,137.6261,35.3095,101,66,0.6208349166613425,0.48057954450317875,0.7619467484761249,0.2,P0020,65.0,0.0185065952732033
1208831,1208841,NGNH15,137.9305,36.0088,100,69,0.518615026190602,0.44020218459764593,0.6171950998840484,0.2,P0020,67.0,-0.4257836174411805
1208851,1208861,NGNH16,138.1848,35.9465,247,135,0.9430961385713849,0.8694953873843416,1.0026702773595826,0.2,P0020,133.0,0.217433944122076
1208871,1208881,NGNH17,138.5504,36.1425,100,140,0.5384536591547746,0.4804065282914931,0.6105527038704798,0.2,P0020,134.0,-0.3346883017071982
1208891,1208901,NGNH18,137.595,35.9324,100,117,1.1895031087422498,1.1266212303496874,1.275104754223224,0.2,P0020,115.0,0.3359475321884574
1208911,1208921,NGNH19,138.5845,35.9735,115,185,0.6915962810464356,0.6345050707524398,0.7510769286985397,0.2,P0020,180.0,-0.1096263422437887
1208931,1208941,NGNH20,137.7173,35.787,100,89,0.9217432993950212,0.786917675270316,1.0154476985499854,0.2,P0020,86.0,0.1492747737793955
1208951,1208961,NGNH21,137.9236,35.8315,181,106,0.41898068467699606,0.3617356382888596,0.4799521377985356,0.2,P0020,106.0,-0.1319608077422394
1208971,1208981,NGNH22,138.0824,35.7946,100,106,0.3746827421026332,0.31730714397925863,0.43868357768789146,0.2,P0020,103.0,-0.3538421844418297
1208991,1209001,NGNH23,137.6105,35.6056,102,146,0.6512863413223493,0.5671340431743046,0.7065464405974885,0.2,P0020,145.0,0.1790403400296366
1209011,1209021,NGNH24,137.8797,35.6152,107,189,0.4081650468678736,0.34618417964354703,0.4482511801808227,0.2,P0020,185.0,-0.0841630246894197
1209031,1209041,NGNH25,137.9268,35.2986,102,125,0.3658662136432767,0.2978426473869721,0.4278444347459247,0.2,P0020,124.0,-0.4121260919062647
1209051,1209061,NGNH26,138.1474,36.4663,103,59,0.7887936224629056,0.6998596743563086,0.8577186815120779,0.2,P0020,56.0,-0.1754931993679646
1209071,1209081,NGNH27,138.0479,36.577,102,152,0.36249134120054405,0.29267555283265523,0.4301720645137326,0.2,P0020,150.0,-0.433236514229026
1209091,1209101,NGNH28,138.0964,36.7075,120,144,0.32303246828813414,0.27091045451151824,0.3873662388046887,0.2,P0020,142.0,-0.637045029127248
1209111,1209121,NGNH29,138.4408,36.9102,110,152,0.5505244171644375,0.48713824372754777,0.6264787014985497,0.2,P0020,150.0,-0.3454958832686197
1209131,1209141,NGNH30,137.6849,36.064,101,126,0.45613598990115545,0.38509931483483134,0.5264603550036285,0.2,P0020,123.0,-0.2547616940380022
1209151,1209161,NGNH31,137.9389,36.1184,218,129,0.44022007580826056,0.38704762155702765,0.4915292303094275,0.2,P0020,126.0,-0.4679015933766832
1209171,1209181,NGNH32,137.9898,36.2578,100,80,0.8644091069402834,0.7770407692570775,0.9229570583055668,0.2,P0020,77.0,-0.1560462524401553
1209191,1209201,NGNH33,137.9637,36.4598,106,90,0.5616553403094602,0.43994818984323336,0.6234290119885353,0.2,P0020,87.0,-0.2428395333741308
1209211,1209221,NGNH34,137.8201,36.5327,106,87,0.49642758879737586,0.39700221701114774,0.5633857691571827,0.2,P0020,85.0,-0.5993139271630089
1209231,1209241,NGNH35,137.8201,36.3824,105,66,0.3931719277689729,0.3508401157212771,0.4349223013102029,0.2,P0020,63.0,-0.4955534841168648
1209251,1209261,NGNH36,137.8482,36.6984,629,19,0.6343310297521684,0.6181904985849941,0.7362696305662957,0.2,P0020,,
1209271,1209281,NGNH37,138.4967,36.3308,709,96,0.9629773193407354,0.8758418693483356,1.0161083593062015,0.2,P0020,94.0,0.041627160023783
1209291,1209301,NGNH54,138.0058,35.4489,104,96,0.5441589232866404,0.4794611285579605,0.6052060712386895,0.2,P0020,95.0,-0.2991971828482422
1209311,1209321,NGSH01,129.4353,33.2116,207,40,1.2422508209546352,1.150214932732009,1.3248648701497783,0.2,P0020,38.0,0.195729835072136
1209331,1209341,NGSH02,129.7652,33.2122,112,18,0.3124715781098536,0.25489432959004354,0.35853499967363905,0.2,P0020,,
1209351,1209361,NGSH03,129.8102,33.1256,200,49,0.42820015738569567,0.3474142411983071,0.5308423871915748,0.2,P0020,47.0,-0.4608351866462029
1209371,1209381,NGSH04,129.8026,32.9553,100,32,1.0486700854566275,0.8875704980081264,1.1251386460499562,0.2,P0020,30.0,-0.270519910845854
1209391,1209401,NGSH05,130.1408,32.9103,200,18,0.5434982890171898,0.48688281473999645,0.6843014317106879,0.2,P0020,,
1209411,1209421,NGSH06,129.8625,32.6999,200,37,0.6136167173177532,0.5082934185957984,0.7178112825725307,0.2,P0020,35.0,-0.4226238284444403
1209431,1209441,NIGH01,138.8876,37.4272,100,215,0.441002549997024,0.35649555614541883,0.5049424892701662,0.2,P0020,205.0,-0.1435808151247392
1209451,1209461,NIGH02,139.5486,38.2799,104,462,0.2308704786693513,0.18067274406096806,0.27855816139761375,0.2,P0020,445.0,-0.2431921218659516
1209471,1209481,NIGH03,139.4289,38.1327,221,251,0.28086755602761676,0.2277101875101631,0.344350883536095,0.2,P0020,245.0,-0.5895323742250235
1209491,1209501,NIGH04,139.5428,38.1313,100,375,0.321072098215098,0.2647847468943214,0.37945571549571366,0.2,P0020,361.0,-0.2983226048974312
1209511,1209521,NIGH05,139.2788,37.9759,147,292,0.3917904794563859,0.33070725146034674,0.44399518427991447,0.2,P0020,283.0,-0.5535502069123405
1209531,1209541,NIGH06,139.0676,37.6527,100,232,0.9191229941187773,0.8276649356150312,1.0047624182561192,0.2,P0020,220.0,0.23230115501019
1209551,1209561,NIGH07,139.261,37.6658,106,249,0.7139933627520427,0.6405169928422006,0.7667458386047245,0.2,P0020,241.0,-0.3059116170943725
1209571,1209581,NIGH08,139.4648,37.6708,300,398,0.5187762915985248,0.4651357227626584,0.5710827938119065,0.2,P0020,383.0,-0.2891108381205162
1209591,1209601,NIGH09,139.1279,37.5386,100,230,0.49231114721114444,0.4210171106081655,0.5967494394073686,0.2,P0020,225.0,-0.4301400658499331
1209611,1209621,NIGH10,139.3648,37.5438,100,309,0.47626618028989054,0.42541418254782054,0.5240329901017524,0.2,P0020,300.0,-0.2387320756963735
1209631,1209641,NIGH11,138.744,37.1728,205,296,0.2673010973308263,0.22099629509453067,0.3279787574539808,0.2,P0020,288.0,-0.4197031966274649
1209651,1209661,NIGH12,138.9821,37.2239,110,202,0.5575970339958636,0.45682370012343954,0.6374626220248373,0.2,P0020,194.0,-0.4855567012634897
1209671,1209681,NIGH13,138.3966,37.0544,100,72,0.5082255973055958,0.43685673574663064,0.6202968935445746,0.2,P0020,71.0,-0.2879212650095266
1209691,1209701,NIGH14,138.8521,37.0303,387,234,0.46092746523451156,0.4030148080352704,0.5175206819547227,0.2,P0020,228.0,-0.4102504899042693
1209711,1209721,NIGH15,138.9951,37.0533,100,240,0.39374809660723453,0.32946434560160487,0.4614491528002893,0.2,P0020,234.0,-0.5262288466926174
1209731,1209741,NIGH16,137.848,36.9378,100,38,0.597260224926174,0.5467069413935264,0.6624824009614304,0.2,P0020,35.0,-0.1394697609211677
1209751,1209761,NIGH17,138.0966,36.8569,150,138,0.4370562748026893,0.3515354107181974,0.505243347039794,0.2,P0020,135.0,-0.5902562331329989
1209771,1209781,NIGH18,138.2594,36.9425,110,106,0.7434043051151576,0.6332140475275998,0.8561332418434205,0.2,P0020,103.0,-0.2092063079225998
1209791,1209801,NIGH19,138.7849,36.8114,100,174,0.5018547715429263,0.4408365708118299,0.558379662601963,0.2,P0020,169.0,-0.219438000080113
1209811,1209821,NMRH01,145.0246,43.785,110,220,0.358868733471014,0.3183227490841694,0.4131937967453313,0.2,P0020,212.0,-0.1732803828006812
1209831,1209841,NMRH02,144.9618,43.6772,103,221,0.8135910050823456,0.7159134663793623,0.9223620039980742,0.2,P0020,213.0,0.4069783613219815
1209851,1209861,NMRH03,144.9665,43.5508,227,229,0.46954573529835114,0.41694634317173473,0.5250868508671993,0.2,P0020,220.0,0.1057709836863469
1209871,1209881,NMRH04,145.1224,43.3978,216,223,0.5735731785971366,0.5216617678862601,0.6355026873688521,0.2,P0020,214.0,0.1789469138757423
1209891,1209901,NMRH05,144.8021,43.39,220,221,0.37874452270335895,0.3107587483068354,0.4359427614596791,0.2,P0020,213.0,0.0833341159739084
1209911,1209921,OITH01,131.0326,33.4122,200,38,0.35437869262516264,0.2607346499009325,0.4032532529376871,0.2,P0020,37.0,-0.6541622350100041
1209931,1209941,OITH02,131.4429,33.4581,100,32,0.7267645217834939,0.6899528981334018,0.8183447305227286,0.2,P0020,31.0,-0.119819999593658
1209951,1209961,OITH03,131.6856,33.4736,400,46,0.6134469828068583,0.544624095498927,0.7117372585980618,0.2,P0020,46.0,-0.2649806643887444
1209971,1209981,OITH04,131.3473,33.1306,230,37,0.6703006760073535,0.5965955378483824,0.7546238821482091,0.2,P0020,37.0,0.0477307396716593
1209991,1210001,OITH05,131.542,33.1525,100,37,0.3877462620639122,0.2735211752754718,0.4642251594126382,0.2,P0020,37.0,-0.3520195821150879
1210011,1210021,OITH06,131.3984,32.9726,104,24,0.2572543832871885,0.18005422037195698,0.29100575515128924,0.2,P0020,24.0,-0.3997894454047656
1210031,1210041,OITH07,131.5881,32.987,101,38,0.9689772473156674,0.8746823411868233,1.040456314140702,0.2,P0020,37.0,0.2307963221082848
1210051,1210061,OITH08,131.5357,32.8392,101,52,0.29534095399251964,0.20458034032771336,0.37251448694017397,0.2,P0020,51.0,-0.453916435590694
1210071,1210081,OITH09,131.6786,32.8486,100,17,0.18279700072273153,0.09254121960097557,0.2770996467657061,0.2,P0020,,
1210091,1210101,OITH10,131.8695,32.9278,100,52,0.4952233130877798,0.3869793763213435,0.6226081867745353,0.2,P0020,51.0,-0.1787710942510726
1210111,1210121,OITH11,131.2118,33.2844,160,45,0.683201569001232,0.5471465418878155,0.7617696310683423,0.2,P0020,44.0,-0.2232805530134477
1210131,1210141,OKYH01,133.8905,34.507,200,23,1.0398587940989161,0.9636543326248292,1.065600950272906,0.2,P0020,23.0,0.408150561394359
1210151,1210161,OKYH02,134.0702,34.7501,200,24,0.22118050587427548,0.13078495230884102,0.2795097316914611,0.2,P0020,24.0,-0.8018647597135108
1210171,1210181,OKYH03,133.789,34.7783,201,32,0.6627704813651596,0.6029422572660063,0.7166947581204618,0.2,P0020,32.0,-0.0090094449236159
1210191,1210201,OKYH04,133.6861,34.6429,100,44,0.20151627631391908,0.15535710959817714,0.2459365065746843,0.2,P0020,44.0,-0.6293274277594189
1210211,1210221,OKYH05,133.8527,34.8684,100,40,0.3934327064104324,0.32406378054156476,0.47390109070152087,0.2,P0020,40.0,-0.313220954673484
1210231,1210241,OKYH06,133.5283,34.6756,100,35,0.7679408309414986,0.6603854311868682,0.8410777875163168,0.2,P0020,35.0,-0.0203453995789267
1210251,1210261,OKYH07,133.3169,35.0493,100,27,0.263555445736805,0.20940838484232044,0.29674383447326713,0.2,P0020,27.0,-0.5161812295699525
1210271,1210281,OKYH08,133.4055,34.9103,100,41,0.5548624525588453,0.4144678181077622,0.6243155938982619,0.2,P0020,41.0,-0.2258853494855843
1210291,1210301,OKYH09,133.6765,35.1809,100,31,0.6253251912230734,0.4820352610888679,0.7020883478162983,0.2,P0020,31.0,-0.2673659122588782
1210311,1210321,OKYH10,133.9263,35.2826,200,13,1.1684630183373417,1.0910565780299066,1.2184064542615591,0.2,P0020,,
1210331,1210341,OKYH11,134.1162,35.0732,200,31,0.7048679271009087,0.6016087170653928,0.7620327566216744,0.2,P0020,31.0,-0.209303802469663
1210351,1210361,OKYH12,134.319,35.0999,200,37,0.6347134254038252,0.5104893773393664,0.6760507304057777,0.2,P0020,37.0,-0.1482101018702709
1210371,1210381,OKYH13,134.2744,34.7283,102,18,0.29389380865773806,0.2293451726104973,0.32261565495095246,0.2,P0020,,
1210391,1210401,OKYH14,133.6205,34.9363,100,29,0.6376147646111208,0.5473528609653889,0.6801902115969312,0.2,P0020,29.0,-0.1989338694155725
1210411,1210421,OSKH01,135.2836,34.3977,1504,32,0.6925079738989659,0.5923796873953814,0.8002862671972619,0.2,P0020,32.0,-0.4144559449217598
1210431,1210441,OSKH02,135.3896,34.6628,2007,31,0.5267129583061226,0.38908448574703103,0.6405712508974231,0.2,P0020,31.0,-0.5337082842513826
1210451,1210461,OSKH03,135.6608,34.5248,100,17,0.4617940121822506,0.3952501445831984,0.5098250608959128,0.2,P0020,,
1210471,1210481,OSKH04,135.7052,34.763,200,27,0.4093790232094547,0.3642911505985698,0.46238476424527153,0.2,P0020,27.0,-0.324870184214952
1210491,1210501,OSKH05,135.5199,34.7159,982,12,0.7913297092516471,0.7360879877820791,0.8457642564929005,0.2,P0020,,
1210521,1210531,OSMH01,140.4207,41.5977,150,169,0.4895364727636979,0.43644072314228044,0.548487517387602,0.2,P0020,167.0,-0.3391785002987754
1210541,1210551,OSMH02,140.6331,41.8374,360,169,0.5010087411549337,0.432516649155381,0.5643565758630463,0.2,P0020,166.0,-0.2058013288872089
1210561,1210571,RMIH01,142.0795,45.0167,100,19,0.5146403562037944,0.3734841700907409,0.5382081842591551,0.2,P0020,,
1210581,1210591,RMIH02,141.9251,44.8948,107,20,0.48967338616691003,0.4359588330080786,0.5883771879588864,0.2,P0020,20.0,-0.4679303936263877
1210601,1210611,RMIH03,141.8187,44.6359,209,11,0.5916370368849391,0.4813332911964142,0.6237495521662129,0.2,P0020,,
1210621,1210631,RMIH04,141.9621,44.0974,100,27,0.2922576627603143,0.2416467038563397,0.3857679477984935,0.2,P0020,27.0,-0.8284999806868172
1210641,1210651,RMIH05,141.7876,44.0254,105,51,0.8293749459515716,0.7180481305586973,0.9127375191293982,0.2,P0020,51.0,-0.3407208092209007
1210661,1210671,SAGH01,129.8877,33.508,200,35,0.5017757709536653,0.3853708592681966,0.5783186478730448,0.2,P0020,34.0,-0.4411861403173923
1210681,1210691,SAGH02,129.8798,33.2656,102,31,0.5285445673675411,0.43953615300543925,0.6445043364663251,0.2,P0020,29.0,-0.535538478746696
1210701,1210711,SAGH03,130.2329,33.4098,103,14,0.9801798152333261,0.8644381333216895,1.1439890678348372,0.2,P0020,,
1210721,1210731,SAGH04,130.4046,33.3654,200,44,0.6972550896042276,0.5352769868110878,0.844478274923998,0.2,P0020,43.0,-0.4462920831298029
1210741,1210751,SAGH05,130.1046,33.1806,203,52,0.23591862599287766,0.1594638908886289,0.30406410659191896,0.2,P0020,50.0,-0.8486369069485598
1210761,1210771,SBSH01,140.6228,43.2341,100,29,0.24231677398733487,0.1943632562806405,0.3045948763843548,0.2,P0020,29.0,-0.6883658514105433
1210781,1210791,SBSH02,140.5017,43.0527,100,48,0.6311338547192349,0.541358444705569,0.7644910324309089,0.2,P0020,47.0,-0.5166544746702728
1210801,1210811,SBSH03,140.8199,43.0842,220,67,0.8129682920799688,0.7524672630387486,0.904169764681907,0.2,P0020,65.0,-0.0052409832993182
1210821,1210831,SBSH04,140.6219,42.9758,200,39,0.9769529309093883,0.806607502026373,1.0331100043300676,0.2,P0020,38.0,-0.3387551378187278
1210841,1210851,SBSH05,140.8223,42.95,100,40,0.703946520518685,0.6213067994250824,0.7744562581766137,0.2,P0020,40.0,-0.420464617248469
1210861,1210871,SBSH06,140.4831,42.8309,130,84,0.3012270486592582,0.24642721737221018,0.3491725886315832,0.2,P0020,82.0,-0.5569886540431791
1210881,1210891,SBSH07,140.8084,42.763,100,108,0.6972350781699761,0.614218354340724,0.7520975567078382,0.2,P0020,105.0,-0.0901460553065301
1210901,1210911,SBSH08,140.9766,42.768,100,88,1.0140231039678207,0.9353963842046664,1.085390706546773,0.2,P0020,87.0,-0.0239641462932267
1210921,1210931,SBSH09,140.4841,42.6104,100,53,0.6336473023580824,0.5736782200042551,0.7034591125545696,0.2,P0020,52.0,-0.2392205609466121
1210941,1210951,SBSH10,140.1557,42.7797,100,44,0.33730089908834615,0.289583350074924,0.39206559920582523,0.2,P0020,43.0,-0.5988419143276911
1210961,1210971,SIGH01,136.3599,35.2383,100,44,0.6504420476029269,0.5868967896977515,0.7265098336764038,0.2,P0020,44.0,0.0806591145156753
1210981,1210991,SIGH02,135.8671,35.2482,100,19,0.46523747524613607,0.41730658398829096,0.5492977476989459,0.2,P0020,,
1211001,1211011,SIGH03,136.0316,34.853,200,37,1.0452781382021024,0.9718380882507229,1.1304786705999728,0.2,P0020,37.0,0.235471921615704
1211021,1211031,SIGH04,136.261,34.9638,200,37,0.830717844384579,0.7647452462178076,0.9247948859842491,0.2,P0020,37.0,-0.0612876246115621
1211041,1211051,SITH01,139.7349,35.929,3510,207,0.754742887562672,0.6831240777896832,0.8239555491614289,0.2,P0020,201.0,-0.1040468897548696
1211061,1211071,SITH03,139.3843,35.899,1800,226,0.5325938143861901,0.4730055036467648,0.5803832752561341,0.2,P0020,218.0,-0.275585672518531
1211081,1211091,SITH04,139.5353,35.8028,2000,296,0.5777798170648176,0.5161113386272317,0.6418342676399766,0.2,P0020,281.0,-0.2291711813495102
1211101,1211111,SITH05,139.0504,36.1509,100,303,0.45546094611112886,0.39742896363347346,0.5078767606009327,0.2,P0020,292.0,-0.0276117461228107
1211121,1211131,SITH06,139.2894,36.1131,200,371,0.6624055015811672,0.604451561040919,0.7194665728744702,0.2,P0020,357.0,0.1425411788441904
1211141,1211151,SITH07,139.1485,35.9118,102,352,0.46597872354599845,0.41068417809405744,0.5197250727120981,0.2,P0020,339.0,-0.1629752458149132
1211161,1211171,SITH08,138.9691,36.0274,100,340,0.8248592758543252,0.7532571070540137,0.8980621322595748,0.2,P0020,331.0,0.172703154529755
1211181,1211191,SITH09,139.0993,36.0715,122,198,0.23841048886775576,0.19773949081619235,0.29010219575008134,0.2,P0020,188.0,-0.2480362507257132
1211201,1211211,SITH10,139.2191,35.9964,102,291,0.7398504464275324,0.6790159819834175,0.8157353364140394,0.2,P0020,282.0,0.0758801895144511
1211221,1211231,SITH11,139.2726,35.8637,101,347,1.4584665792274019,1.3785294439054665,1.5235853062477416,0.2,P0020,334.0,0.6398309839246404
1211241,1211251,SITH12,139.2194,35.9969,100,21,0.7561708123592518,0.684351398000416,0.8991281778946716,0.2,P0020,,
1211281,1211291,SMNH01,133.2604,35.2963,101,20,0.8442312053454453,0.7844278549669762,0.949977598674594,0.2,P0020,20.0,-0.1067857267445745
1211301,1211311,SMNH02,133.0856,35.2235,101,24,0.6745350373564247,0.5838237490745214,0.7707329888816613,0.2,P0020,24.0,-0.0921183504240667
1211321,1211331,SMNH03,132.7223,35.2243,101,28,0.8638947371412788,0.7469698585292004,1.0378849998216166,0.2,P0020,28.0,0.2285212379182467
1211341,1211351,SMNH04,132.5308,35.0918,101,30,1.0327016508038724,0.8926082748619433,1.121160410184822,0.2,P0020,30.0,0.1721906577728911
1211361,1211371,SMNH05,132.6396,34.8697,101,26,0.35201892093365184,0.2751820465871676,0.45313084496273315,0.2,P0020,26.0,-0.4126434441646553
1211381,1211391,SMNH06,132.2026,34.8839,201,27,0.8278879389184991,0.7691724330463372,0.9032853457955011,0.2,P0020,27.0,0.0530541984309741
1211401,1211411,SMNH07,132.0402,34.694,209,37,0.8745835318609532,0.812830702595745,0.9254542406712635,0.2,P0020,37.0,0.2457931339698927
1211421,1211431,SMNH08,132.4208,34.8801,100,23,0.3249026944725773,0.2784886061055154,0.44470912203563906,0.2,P0020,23.0,-0.4292767675212779
1211441,1211451,SMNH09,132.0122,34.5725,200,40,0.3543178485792183,0.2739181326038253,0.4428311401383294,0.2,P0020,40.0,-0.262170870849396
1211461,1211471,SMNH10,133.3004,35.5579,200,20,0.39435729773313616,0.3203910210866317,0.4977876891384564,0.2,P0020,20.0,-0.600984287547981
1211481,1211491,SMNH11,132.8008,35.4259,200,19,0.608624196914193,0.5388510744221623,0.6475271052317546,0.2,P0020,,
1211501,1211511,SMNH12,132.8558,35.1634,101,22,0.5762489265333863,0.5122134721006334,0.7663213560527864,0.2,P0020,22.0,-0.1229355952256553
1211521,1211531,SMNH13,132.3069,35.0087,100,23,0.3848963393659215,0.2527139909124294,0.5236242656476455,0.2,P0020,23.0,-0.5224426311566236
1211541,1211551,SMNH14,131.8925,34.3904,100,18,0.5086077739887384,0.4507838264685275,0.6849816869437632,0.2,P0020,,
1211561,1211571,SMNH15,133.0226,35.5232,102,12,1.0260368189968787,0.9948724615048218,1.0644007820204613,0.2,P0020,,
1211581,1211591,SMNH16,132.8989,35.3422,99,18,0.9588735848226496,0.9198354040893708,1.0821076913945566,0.2,P0020,,
1211601,1211611,SOYH01,142.1185,45.3346,100,15,0.9503174831492217,0.8040393650359612,0.9902161065981998,0.2,P0020,,
1211621,1211631,SOYH02,142.2254,45.2163,100,12,0.479623281207678,0.42626050183391967,0.5490992314614799,0.2,P0020,,
1211641,1211651,SOYH03,141.6334,45.2531,137,5,0.7072884097347805,0.7019488201025676,0.7365661792636896,0.2,P0020,,
1211661,1211671,SOYH04,141.8806,45.2303,203,13,0.5848718586159698,0.49276338785413576,0.6317162551125374,0.2,P0020,,
1211681,1211691,SOYH05,141.885,45.4883,202,14,0.4611574738722929,0.3944573108212755,0.5353470621683537,0.2,P0020,,
1211701,1211711,SOYH06,141.7834,45.1019,135,17,0.7289906561053267,0.6941758242451028,0.7857645527776415,0.2,P0020,,
1211721,1211731,SOYH07,142.4307,45.1001,150,11,0.30515141096160814,0.20365232205649808,0.5601665235903812,0.2,P0020,,
1211741,1211751,SOYH08,142.2247,44.9387,100,19,0.8447253672018117,0.6647277089126873,0.9811075796434803,0.2,P0020,,
1211761,1211771,SOYH09,142.4868,44.857,100,24,0.6483982573794302,0.5894561675368402,0.7418685835102197,0.2,P0020,24.0,-0.2470674375636089
1211781,1211791,SOYH10,142.6039,44.7433,100,41,0.2293118139437779,0.16765310989715973,0.2909889181254251,0.2,P0020,41.0,-0.4947961253679993
1211801,1211811,SRCH01,142.1594,44.2803,101,6,0.20381310565941319,0.15717970603828413,0.3191072931195497,0.2,P0020,,
1211821,1211831,SRCH02,142.1414,44.116,101,29,0.7688665246175068,0.6322852742160149,0.9622709177176254,0.2,P0020,29.0,-0.3985047461363781
1211841,1211851,SRCH03,142.1258,43.9994,100,26,0.6422345015986852,0.5495142979632576,0.7052603750820685,0.2,P0020,26.0,-0.8170512066029924
1211861,1211871,SRCH04,141.9397,43.8203,105,44,0.44155756323916023,0.28246696006029987,0.6023253888178254,0.2,P0020,42.0,-0.3208441076977839
1211881,1211891,SRCH05,142.1594,43.8243,102,36,0.8021708724814551,0.6257321537801775,0.8805230026496597,0.2,P0020,36.0,-0.4891441540903649
1211901,1211911,SRCH06,142.0776,43.6948,147,93,0.46054257013621963,0.3138540225531062,0.5459717341180518,0.2,P0020,91.0,-0.4083304227592473
1211921,1211931,SRCH07,141.8978,43.23,200,117,0.7507089991699938,0.6587383388184632,0.8093253591429679,0.2,P0020,114.0,-0.0872546835908938
1211941,1211951,SRCH08,141.909,43.5138,122,132,0.686168384966767,0.5682388770191903,0.7947300024752089,0.2,P0020,129.0,-0.1819080426770452
1211961,1211971,SRCH09,141.8063,43.0587,122,162,0.6932590493479758,0.6557010036062869,0.7375367834917872,0.2,P0020,156.0,0.0240357974480496
1211981,1211991,SRCH10,142.0085,42.993,200,148,0.38011064161284314,0.30486009852429513,0.45515542660184694,0.2,P0020,144.0,-0.4696972894873389
1212081,1212091,SZOH24,137.6616,34.8343,299,51,0.3225565392363163,0.24837714762040636,0.3997946050520531,0.2,P0020,51.0,-0.5053771487912811
1212101,1212111,SZOH25,137.5604,34.6913,450,56,0.8033895845778696,0.7687678442790838,0.8802348399133417,0.2,P0020,56.0,-0.122202581430078
1212121,1212131,SZOH26,137.9034,34.7948,449,22,0.698326997312195,0.6460161109240518,0.7750197356263752,0.2,P0020,22.0,-0.3790564221668072
1212141,1212151,SZOH28,137.7441,34.6683,995,43,0.9030042404495777,0.8497693985254835,1.0503025672048185,0.2,P0020,43.0,-0.0610372972828547
1212161,1212171,SZOH29,138.1973,35.307,102,33,0.6418662986002621,0.5710064809528889,0.7397753953084389,0.2,P0020,33.0,-0.1240964170827131
1212181,1212191,SZOH30,137.9181,35.2233,102,96,0.5311840284865467,0.4097966637052798,0.6386478392198448,0.2,P0020,96.0,-0.2842354296950218
1212201,1212211,SZOH31,138.0767,34.9398,102,58,0.6458062529342372,0.572153667443319,0.7271588899573784,0.2,P0020,58.0,-0.3212288277931263
1212221,1212231,SZOH32,137.8409,35.0086,103,94,0.41891172680447786,0.37072851656797534,0.4760520294287073,0.2,P0020,94.0,-0.1761147565055389
1212241,1212251,SZOH33,138.3526,35.0146,102,87,0.8148535057434919,0.6879167229365676,0.9483487172430429,0.2,P0020,87.0,-0.165444842519761
1212261,1212271,SZOH34,138.4243,35.1304,119,183,1.0219036252364684,0.8983039834459657,1.1409565100662797,0.2,P0020,182.0,0.1844426355101641
1212281,1212291,SZOH35,139.0855,34.9467,300,138,0.7561361136682587,0.6649322906046264,0.8543715357170962,0.2,P0020,138.0,-0.1176825059893187
1212301,1212311,SZOH36,138.2008,34.9142,100,88,0.4199789898599042,0.323682614358775,0.4941341419345672,0.2,P0020,88.0,-0.4988010035982244
1212321,1212331,SZOH37,138.5659,35.2028,304,126,1.2223643995337867,1.1343194683428244,1.3017179312515492,0.2,P0020,126.0,0.3098719060684416
1212341,1212351,SZOH38,138.9779,35.0854,200,185,0.473071548380562,0.3975975229974347,0.5306348100759016,0.2,P0020,184.0,-0.2378453342965486
1212361,1212371,SZOH39,138.7724,34.7988,103,151,0.43079405840992574,0.36860117094366995,0.5111155905286082,0.2,P0020,151.0,-0.2797395013722467
1212381,1212391,SZOH40,138.97,34.7832,207,92,0.6963531880553397,0.647964464870534,0.7384350625137425,0.2,P0020,92.0,-0.3020605580036458
1212401,1212411,SZOH41,138.834,34.6749,109,95,0.3967882882768284,0.32775222048770636,0.4664873063584274,0.2,P0020,95.0,-0.4527321685086122
1212421,1212431,SZOH42,138.9128,34.9756,203,203,0.8445945843128831,0.7802784612162736,0.90461449879994,0.2,P0020,202.0,0.2436677146701997
1212441,1212451,SZOH43,138.4924,34.9739,239,32,0.40759641942379166,0.3203254372474868,0.4906493806665926,0.2,P0020,32.0,-0.4495877974114393
1212481,1212491,SZOH53,138.0174,34.8768,100,57,0.3094783368313194,0.19824122848918968,0.4102766127613841,0.2,P0020,57.0,-0.6161209593575344
1212501,1212511,SZOH54,139.1685,35.0417,110,109,0.3205395743866784,0.2686221710388045,0.37005954194894686,0.2,P0020,109.0,-0.6469149414907315
1212531,1212541,TCGH06,139.9509,36.4458,1647,466,0.6946111460040456,0.611179641795111,0.764969332615436,0.2,P0020,450.0,0.0649798051399932
1212551,1212561,TCGH07,139.4534,36.8817,100,289,1.0725368511798612,1.0016925532188745,1.135767425284252,0.2,P0020,280.0,0.2519047725114692
1212571,1212581,TCGH08,139.6459,36.8828,203,286,0.6773166070280658,0.6143202833020684,0.7348989711483725,0.2,P0020,280.0,-0.089609774736884
1212591,1212601,TCGH09,139.8364,36.8625,103,511,0.412281152416142,0.3500262929290101,0.47951742009766807,0.2,P0020,489.0,-0.1880303779909878
1212611,1212621,TCGH10,140.0225,36.8578,132,575,0.5125003852464532,0.4584936607949887,0.581712969256459,0.2,P0020,556.0,0.1686843710287042
1212631,1212641,TCGH11,139.7694,36.7084,200,356,1.0290852231951466,0.9611080389515632,1.0937037153106512,0.2,P0020,344.0,0.1596388571730529
1212651,1212661,TCGH12,139.9842,36.6959,120,514,0.42687793675203156,0.3767799776516053,0.47402114025511793,0.2,P0020,497.0,0.1745471849499076
1212671,1212681,TCGH13,140.1781,36.7342,140,496,1.3197606794043275,1.2426425577212774,1.3903148668796685,0.2,P0020,478.0,0.7730281765214468
1212691,1212701,TCGH14,139.6154,36.5509,100,472,0.6929413505450908,0.6221343713812116,0.772554823845089,0.2,P0020,453.0,-0.0441653445890605
1212711,1212721,TCGH15,139.8637,36.5595,300,214,0.8021553255159397,0.7374233475049583,0.8871489004692106,0.2,P0020,203.0,0.1336343025838827
1212731,1212741,TCGH16,140.0751,36.548,112,519,1.2106082783838892,1.137354939925304,1.2844830214676954,0.2,P0020,503.0,0.6488965103231551
1212751,1212761,TCGH17,139.6922,36.9853,104,341,0.4070103715283138,0.3258147873453022,0.4809798656436435,0.2,P0020,330.0,-0.6508995685939131
1212831,1212841,TKCH01,143.683,43.4683,123,225,0.3136186975688894,0.2655101158892431,0.36271861528548377,0.2,P0020,216.0,-0.1293430866274028
1212851,1212861,TKCH02,143.8983,43.3822,103,186,0.46355190779559163,0.392571579590425,0.5292323223106734,0.2,P0020,178.0,-0.1691761609882792
1212871,1212881,TKCH03,143.4317,43.2708,200,228,0.4157899119108973,0.3540993015254608,0.473679497382388,0.2,P0020,219.0,-0.0072827541197906
1212891,1212901,TKCH04,142.9176,43.1739,172,216,0.511874476780742,0.4632853918087044,0.5791453068956054,0.2,P0020,207.0,0.2072300924843905
1212911,1212921,TKCH05,143.6181,43.1211,100,233,0.8469891638042217,0.7594089595999512,0.918110757721058,0.2,P0020,224.0,0.2790421551612663
1212931,1212941,TKCH06,143.0603,42.892,227,162,0.3020912720362197,0.2542570851573071,0.34409967230611765,0.2,P0020,156.0,-0.1816998185550444
1212951,1212961,TKCH07,143.5203,42.8114,99,190,0.6507471335666168,0.5905652974262389,0.7161801577023634,0.2,P0020,182.0,-0.0240289645658576
1212971,1212981,TKCH08,143.152,42.4865,100,219,0.785688486846735,0.7379188435353328,0.8561940327947761,0.2,P0020,211.0,0.1307129038868616
1212991,1213001,TKCH10,142.9448,43.3337,100,166,0.4717079568662047,0.3895252277281682,0.5350732879983743,0.2,P0020,160.0,-0.4666988371016585
1213011,1213021,TKCH11,142.883,42.8742,100,167,0.6773041109517227,0.6051525157769859,0.7351720674929699,0.2,P0020,159.0,0.2115362414288543
1213031,1213041,TKSH01,134.4994,33.7751,100,14,0.30184591748196954,0.23899489290818754,0.4283510712852172,0.2,P0020,,
1213051,1213061,TKSH02,134.0918,34.0112,100,28,1.0645105981728382,0.9936926075757324,1.181959506339701,0.2,P0020,28.0,0.2787869793253504
1213071,1213081,TKSH03,134.1294,33.8778,201,34,0.702304471268552,0.6288270540995333,0.8341345805460492,0.2,P0020,34.0,-0.0120969746414166
1213091,1213101,TKSH04,134.5337,33.9902,100,28,0.8217625938845572,0.7279523206533777,0.9030356630365551,0.2,P0020,28.0,-0.2247845450212893
1213111,1213121,TKSH05,134.3156,33.6628,143,31,0.8166938381029439,0.7010141682356451,0.888455124044151,0.2,P0020,31.0,-0.0110933779919935
1213131,1213141,TKSH06,133.8933,33.9997,157,27,0.7501332211939344,0.6786324526441154,0.813528917786609,0.2,P0020,27.0,-0.1824683643842845
1213151,1213161,TKYH02,139.4704,35.6539,2753,101,0.6951992751970283,0.6327584151870924,0.7385566629443734,0.2,P0020,95.0,-0.153273153468164
1213201,1213211,TKYH11,139.8125,35.6114,3000,134,0.8930172007629418,0.8038626239750608,0.9713591029018566,0.2,P0020,130.0,0.0013543813288599
1213221,1213231,TKYH12,139.265,35.6701,147,300,1.0018314116177343,0.9369216176243611,1.0742206702835975,0.2,P0020,292.0,0.2208920629447041
1213241,1213251,TKYH13,139.1275,35.7017,100,280,0.3687587783128542,0.30153745700525414,0.4385752032208824,0.2,P0020,272.0,-0.4094265967685768
1213391,1213401,TTRH01,134.2173,35.2604,200,15,0.5450272974167365,0.4811004832549206,0.5659323000393862,0.2,P0020,,
1213411,1213421,TTRH02,133.3909,35.2313,100,33,0.9371067526390807,0.8013946061428003,1.0371940112946398,0.2,P0020,33.0,0.1533980752221041
1213431,1213441,TTRH03,133.4918,35.3553,200,17,0.9894847158930299,0.7444315371090177,1.0951078651616497,0.2,P0020,,
1213451,1213461,TTRH04,133.6307,35.4668,207,18,0.43813184780721537,0.38162099350501605,0.4875326903608608,0.2,P0020,,
1213471,1213481,TTRH05,134.3426,35.5729,152,5,0.7274413306731756,0.7220607131974209,0.7419572644887719,0.2,P0020,,
1213491,1213501,TTRH06,134.1988,35.3946,100,17,0.9538739188232858,0.9350550049036437,1.0130146498499715,0.2,P0020,,
1213511,1213521,TTRH07,133.7486,35.3649,100,17,0.6209516347789628,0.5496214272105309,0.7245000461419988,0.2,P0020,,
1213551,1213561,TYMH01,136.9276,36.8866,200,33,0.5883412332779802,0.51041668422652,0.6384898090677067,0.2,P0020,30.0,-0.1669698657690026
1213571,1213581,TYMH02,137.0378,36.7142,212,7,0.3824338641322465,0.24972818954025033,0.44574482554782147,0.2,P0020,,
1213591,1213601,TYMH03,137.2627,36.7294,580,43,0.49593551539683767,0.4398866660159734,0.5719015042423565,0.2,P0020,42.0,-0.3282568525063605
1213611,1213621,TYMH04,137.4689,36.7914,100,68,0.19231238749896323,0.11462328091677954,0.31104546257788845,0.2,P0020,68.0,-0.6169234351848649
1213631,1213641,TYMH05,136.9584,36.5736,143,32,0.40033466886346214,0.3524551338723281,0.5315666401697652,0.2,P0020,29.0,-0.3565097690914633
1213651,1213661,TYMH06,137.1595,36.5711,200,52,0.3418773526533877,0.26235146331847115,0.3978033767121728,0.2,P0020,50.0,-0.356155528903786
1213671,1213681,TYMH07,137.0392,36.4406,100,53,0.7088361578704357,0.6292987221357422,0.7547157856649688,0.2,P0020,53.0,-0.2602811006414034
1213691,1213701,WKYH01,135.2122,33.9804,101,22,0.5872780020890775,0.4351738620405397,0.6899881403372619,0.2,P0020,22.0,-0.1774696910297631
1213711,1213721,WKYH02,135.5369,34.1373,100,19,1.0868438624341168,1.0094705080175115,1.1441861641827022,0.2,P0020,,
1213731,1213741,WKYH03,135.3244,34.1314,100,19,0.4218331234265049,0.3858201705209692,0.4914151930556927,0.2,P0020,,
1213751,1213761,WKYH04,135.5454,33.5559,100,27,0.37968246131305333,0.3334330947097233,0.41149057668510414,0.2,P0020,26.0,-0.425365329648802
1213771,1213781,WKYH05,135.8619,33.6072,100,11,0.27464293099421455,0.23409333075685554,0.3574568110445928,0.2,P0020,,
1213791,1213801,WKYH06,135.5953,33.6948,100,20,0.4326704468177419,0.3325347759704754,0.48152892781456486,0.2,P0020,,
1213811,1213821,WKYH07,135.4396,33.6894,100,29,0.8246420286750665,0.7601837771889486,0.8715466854443572,0.2,P0020,28.0,-0.1042377656598951
1213831,1213841,WKYH08,135.4483,34.3228,112,28,0.6086846601944005,0.5234116353917277,0.666926484372643,0.2,P0020,28.0,-0.0188565258190877
1213851,1213861,WKYH09,135.0714,34.2868,200,30,0.35342544874183335,0.2640658560016629,0.43102358778111854,0.2,P0020,30.0,-0.3891859433288347
1213871,1213881,WKYH10,135.2172,33.8248,100,29,0.6466235677670701,0.5544193568339992,0.747598806276451,0.2,P0020,28.0,-0.1847132004371416
1213891,1213901,YMGH01,131.5618,34.0494,200,21,0.28022878333235923,0.24197224504711756,0.36331370814545033,0.2,P0020,21.0,-0.6176245116037589
1213911,1213921,YMGH02,131.1434,34.1111,200,22,0.34395495045397545,0.2898467364636209,0.42319989835386074,0.2,P0020,21.0,-0.3567143557693076
1213931,1213941,YMGH03,132.126,34.1891,200,40,0.232047059121338,0.17855552161235377,0.29160824111599676,0.2,P0020,40.0,-0.4026327346932831
1213951,1213961,YMGH04,132.0626,34.027,100,51,0.32365516714225784,0.2386330303431196,0.36736386992488024,0.2,P0020,51.0,-0.5132323042300707
1213971,1213981,YMGH05,131.9943,34.1974,200,8,0.4664271802077007,0.40624031583997255,0.5393944711649351,0.2,P0020,,
1213991,1214001,YMGH06,131.3012,33.9893,200,28,0.23002525721107475,0.15526252754582562,0.26654276086030426,0.2,P0020,27.0,-0.717121185422696
1214011,1214021,YMGH07,131.0506,34.1149,200,39,0.4634601123627213,0.36605924753431773,0.511638049886512,0.2,P0020,38.0,-0.4277078846231105
1214031,1214041,YMGH08,130.9323,34.1349,201,40,0.8726039270081516,0.7951859592456487,0.9514625429572261,0.2,P0020,39.0,-0.1124896365838644
1214051,1214061,YMGH09,131.6681,34.6257,100,32,0.7643448429794024,0.6834127070431734,0.8140431473063015,0.2,P0020,31.0,-0.030013524349285
1214071,1214081,YMGH10,131.6329,34.4837,200,34,0.5647979152075442,0.46459432706388176,0.642182389586249,0.2,P0020,34.0,-0.3929776022904779
1214091,1214101,YMGH11,131.6859,34.2091,200,22,0.35873042606293404,0.31292639979612513,0.41442563550584544,0.2,P0020,22.0,-0.3642616858311754
1214111,1214121,YMGH12,131.3597,34.2176,102,18,0.24212885238152437,0.20094813227651048,0.30719779492799615,0.2,P0020,,
1214131,1214141,YMGH13,131.177,34.3408,200,20,0.9631733677143156,0.8620418957453816,1.0456812452271111,0.2,P0020,,
1214151,1214161,YMGH14,131.3774,34.3979,100,38,0.9242686837644053,0.812762191291137,0.9857284487057283,0.2,P0020,37.0,-0.0976546797214445
1214171,1214181,YMGH15,131.8149,33.9725,110,51,0.6542192827544875,0.5052887901046229,0.7233686058376069,0.2,P0020,50.0,-0.142796914254496
1214191,1214201,YMGH16,132.104,33.826,106,50,0.8572481944701782,0.7659460179232359,0.9432966145923583,0.2,P0020,50.0,0.0673301413770865
1214211,1214221,YMGH17,132.4046,33.9291,100,44,0.900838126998877,0.8647252577937514,0.9816641955344136,0.2,P0020,44.0,-0.1318535192526858
1214251,1214261,YMNH08,138.734,35.6895,1206,145,0.8845863556509714,0.8089387404226555,0.9728785950135319,0.2,P0020,143.0,0.0522928438504047
1214271,1214281,YMNH09,138.3325,35.4327,159,107,0.44875032245636803,0.37933554722617246,0.5086530826507845,0.2,P0020,107.0,-0.4223735832010724
1214291,1214301,YMNH10,138.3087,35.5351,107,153,0.8222543860872579,0.7515387999167223,0.9181326556478305,0.2,P0020,152.0,-0.0082412175521894
1214311,1214321,YMNH11,138.9777,35.6247,200,260,1.0600312614567196,1.0013874646536376,1.124541565202571,0.2,P0020,254.0,0.2640415335356138
1214331,1214341,YMNH12,138.449,35.5623,148,193,0.5260492769013981,0.4522667303857941,0.610864588951126,0.2,P0020,190.0,-0.1878374241983123
1214351,1214361,YMNH13,138.4203,35.3509,204,125,0.3972168975633384,0.3320581384205066,0.46095281425927115,0.2,P0020,124.0,-0.4807749475446186
1214371,1214381,YMNH14,138.9675,35.5115,250,183,0.8732927952759499,0.7809317019468156,0.9489778223798633,0.2,P0020,182.0,-0.0094596515907114
1214391,1214401,YMNH15,138.6045,35.5323,115,180,0.6489938518807926,0.5837637967013007,0.7018501381391289,0.2,P0020,177.0,0.0256186781681837
1214411,1214421,YMNH16,138.5653,35.7421,256,177,0.32818240623764594,0.2755604312657501,0.3819081515135732,0.2,P0020,174.0,-0.320370743655721
1214431,1214441,YMTH01,140.3805,38.3841,207,324,0.33936754444140277,0.2739038312220378,0.38628228969400086,0.2,P0020,311.0,-0.0755942487952839
1214451,1214461,YMTH02,140.2583,38.2693,150,617,0.5058593960661256,0.459289818681476,0.5605860216845112,0.2,P0020,595.0,0.1875248463616741
1214471,1214481,YMTH03,140.1553,38.1035,114,361,0.7097725052788183,0.6305506665929352,0.811688167044366,0.2,P0020,343.0,-0.3044610046306565
1214491,1214501,YMTH04,140.2978,38.0813,100,472,0.7281583251395232,0.6616135552983328,0.8052479437294056,0.2,P0020,452.0,0.0113934664030743
1214511,1214521,YMTH05,139.8017,37.9883,107,239,0.3711780079571823,0.3061943197336964,0.437471223554609,0.2,P0020,229.0,-0.4070093218123676
1214531,1214541,YMTH06,140.1836,37.9633,145,370,0.8927956704846112,0.8219472223296604,0.9518805288955031,0.2,P0020,356.0,0.3701910374660731
1214551,1214561,YMTH07,140.0278,37.896,200,556,0.5996375625187347,0.5304582766088882,0.6674576914522824,0.2,P0020,535.0,0.1736087355933626
1214571,1214581,YMTH08,140.0333,38.9701,107,382,0.46147434490589667,0.4011868900518508,0.5155495769586067,0.2,P0020,364.0,-0.151020293809725
1214591,1214601,YMTH09,140.178,38.7498,200,175,0.9014947152495169,0.8395249078223344,0.9528349469383919,0.2,P0020,170.0,0.081551236544941
1214611,1214621,YMTH10,140.3744,38.7107,204,30,0.549964186050871,0.5141121924269583,0.5953103699107853,0.2,P0020,29.0,-0.2818844348339831
1214631,1214641,YMTH11,140.5544,38.7132,109,281,0.4829229828831334,0.4267385651327147,0.5351630353009428,0.2,P0020,274.0,-0.1520491810344859
1214651,1214661,YMTH12,140.0055,38.6357,203,477,0.21315749129783876,0.14922503488225183,0.2941003296203399,0.2,P0020,458.0,-0.3317046390336232
1214671,1214681,YMTH13,139.7606,38.4704,104,363,0.4641121651734184,0.3772094651983424,0.5210231742632336,0.2,P0020,347.0,-0.4619457952654225
1214691,1214701,YMTH14,139.9916,38.386,103,546,0.46473994115054834,0.40488470855295383,0.5208869311566222,0.2,P0020,525.0,0.0971831197383896
1214711,1214721,YMTH15,140.1249,38.4257,100,466,0.5923358359547723,0.5401002766407808,0.6459054712458259,0.2,P0020,446.0,-0.1596141947414175
1200011,1200021,ABSH01,142.8444,44.5276,100,45,0.23826559972155528,0.1920158374829329,0.32086448970957815,0.3,P0030,45.0,-0.7189436416825268
1200031,1200041,ABSH02,143.0264,44.4234,113,51,0.3840949102985435,0.3005985122665217,0.4566243621174037,0.3,P0030,51.0,-0.689056881913996
1200051,1200061,ABSH03,143.2407,44.3843,100,55,0.40787532054103975,0.3447416255319842,0.48327890820995145,0.3,P0030,55.0,-0.6458630474970568
1200071,1200081,ABSH04,143.0767,44.192,200,33,0.24073127133740757,0.2055695901288389,0.31133551107621393,0.3,P0030,33.0,-0.8229168331142802
1200091,1200101,ABSH05,143.0111,44.1146,106,59,0.2827336583838808,0.23320033623165498,0.3644564916868257,0.3,P0030,59.0,-0.4434637061711615
1200111,1200121,ABSH06,143.6202,44.2146,100,182,0.4710964963190969,0.3929796915217154,0.5223636865980102,0.3,P0030,175.0,-0.1537261977425419
1200131,1200141,ABSH07,143.0861,43.8494,127,161,0.8110653848970186,0.755800700705309,0.8790225993064998,0.3,P0030,154.0,0.2891333002568132
1200151,1200161,ABSH08,144.9935,44.064,105,103,0.44886118020207966,0.372080297568644,0.5211879995578037,0.3,P0030,103.0,-0.6290395575625838
1200171,1200181,ABSH09,144.8071,43.9269,157,159,0.5399287338612283,0.4643193118999437,0.6104268626856459,0.3,P0030,158.0,-0.3238356939317207
1200191,1200201,ABSH10,143.9455,44.0813,300,83,0.6984472681650962,0.5593327370035428,0.823912556805634,0.3,P0030,83.0,-0.3262070617151142
1200211,1200221,ABSH11,144.1913,43.9144,122,184,0.5283158040866538,0.4692026260286563,0.5826672621675602,0.3,P0030,179.0,-0.1372808355815618
1200231,1200241,ABSH12,144.4574,43.8566,119,207,0.756580683720719,0.6970573259349941,0.8213829945351616,0.3,P0030,203.0,-0.026230088452009
1200251,1200261,ABSH13,143.4514,43.7419,105,210,0.3419570837768712,0.2929993736587686,0.38525497564487604,0.3,P0030,201.0,0.0616921216391663
1200271,1200281,ABSH14,144.1835,43.7228,103,193,0.5051441566998112,0.4382218215297099,0.5523911801417093,0.3,P0030,189.0,-0.2437315560984087
1200291,1200301,ABSH15,143.51,43.6352,100,188,0.32636703251517607,0.2695337922645058,0.3823422906846563,0.3,P0030,180.0,-0.0838548875395202
1200321,1200331,AICH04,137.0568,34.9319,1055,42,0.8967075533841473,0.8358127092038697,0.9684399411984341,0.3,P0030,42.0,-0.0012836205520058
1200341,1200351,AICH05,136.8763,34.8886,401,42,0.5701865877287257,0.5063775087579427,0.6449531674599044,0.3,P0030,41.0,0.1958559925747484
1200361,1200371,AICH06,137.0419,34.6158,300,41,0.8350757250271889,0.767350262066116,0.8952864418338025,0.3,P0030,41.0,-0.1893475023231839
1200381,1200391,AICH07,137.4039,35.2194,201,77,0.4749402330075423,0.3724504574197118,0.5526270756401536,0.3,P0030,76.0,-0.3597324317811898
1200401,1200411,AICH08,137.2993,34.9189,100,46,0.19557564292102148,0.15343176587133264,0.21573191985059734,0.3,P0030,46.0,-0.2581531853188132
1200421,1200431,AICH09,137.3902,34.6643,360,82,0.8615908990480101,0.7789686114758143,0.9235784055860996,0.3,P0030,82.0,0.0349975578720411
1200441,1200451,AICH10,137.6243,35.0002,100,42,0.19422669083270905,0.17056315727549315,0.23070681065675036,0.3,P0030,41.0,-0.3631742906521126
1200461,1200471,AICH11,137.057,35.3059,100,63,0.18278931555000918,0.14466176973727918,0.2120876496913569,0.3,P0030,63.0,-0.0967350913719203
1200481,1200491,AICH12,137.1057,34.7884,401,56,0.9280803274981988,0.8138989438793846,0.979527806197842,0.3,P0030,56.0,0.0276776681827545
1200501,1200511,AICH13,136.8509,35.2177,741,23,0.6915763106506239,0.6458108764386219,0.8171365424097268,0.3,P0030,23.0,-0.2479752079577732
1200521,1200531,AICH14,137.0474,35.1842,207,21,0.7846838277417848,0.7189986376769227,0.8453794456137211,0.3,P0030,20.0,0.226078986043815
1200541,1200551,AICH15,137.3359,35.1392,120,74,0.4542610538330355,0.3751564559438842,0.5303876652965781,0.3,P0030,74.0,-0.2445022260538193
1200561,1200571,AICH16,137.535,35.1543,101,94,0.7316992820467705,0.6437520778089311,0.811312411769749,0.3,P0030,93.0,0.0348394737154843
1200581,1200591,AICH17,137.7268,35.184,101,68,0.9721997863876954,0.8733095947320011,1.0829828919538704,0.3,P0030,67.0,0.5424606624377343
1200601,1200611,AICH18,137.2377,34.9635,100,59,0.5099109605404722,0.4472178417313208,0.5718935715113844,0.3,P0030,58.0,0.3108819743674073
1200621,1200631,AICH19,137.4114,34.9512,100,69,0.2212305277071189,0.17925599176317225,0.26297156520871606,0.3,P0030,69.0,-0.4228719602723559
1200641,1200651,AICH20,137.4876,34.8976,100,58,0.2863538489211446,0.23851676159938667,0.3617530483911635,0.3,P0030,58.0,-0.4418376123374314
1200661,1200671,AICH21,136.9385,34.7401,100,31,0.7666912679253751,0.7223597180815855,0.8291514849086442,0.3,P0030,30.0,0.1468391991402814
1200681,1200691,AICH22,137.4393,34.7853,200,49,0.8345605555971002,0.7780883295355453,0.9099146298878096,0.3,P0030,49.0,-0.1157387959692358
1200701,1200711,AICH23,136.8316,34.8806,980,3,0.8860467694530905,0.8485169278024673,0.9238028696143644,0.3,P0030,,
1200741,1200751,AKTH01,140.579,39.8147,100,254,0.29505223140559933,0.23605461159757912,0.33803772610982274,0.3,P0030,245.0,-0.0261624264192797
1200761,1200771,AKTH02,140.5721,39.6634,100,397,0.5202337028442111,0.45478566687469657,0.5791602829118265,0.3,P0030,383.0,-0.1028442733739871
1200781,1200791,AKTH03,140.1283,39.2223,103,347,0.5284702004219033,0.46234215716932103,0.5831436877023695,0.3,P0030,333.0,-0.0426189372424098
1200801,1200811,AKTH04,140.7129,39.174,100,474,0.940890810822606,0.8583933932562411,1.038584375114168,0.3,P0030,455.0,0.4696009648328723
1200821,1200831,AKTH05,140.3185,39.0718,200,203,0.48149832232017276,0.40095552092317055,0.5663926943898459,0.3,P0030,196.0,-0.4379120812510693
1200841,1200851,AKTH06,140.4952,38.9801,100,452,0.48502383445225394,0.42122215011941433,0.5588059049445915,0.3,P0030,436.0,-0.1783728568591556
1200861,1200871,AKTH07,140.8395,40.4563,105,284,0.5415750575522711,0.49218855782820814,0.5935495812312935,0.3,P0030,281.0,-0.0295934446411103
1200881,1200891,AKTH08,140.2341,40.3188,200,189,0.5033569406441754,0.43654096354395566,0.5484398958691326,0.3,P0030,187.0,-0.1877655554326864
1200901,1200911,AKTH09,140.4596,40.2755,101,287,0.6220668562622002,0.5527903021000777,0.6977652705483284,0.3,P0030,281.0,0.0838680050033061
1200921,1200931,AKTH10,140.5812,40.3002,100,204,0.6437354124853173,0.5743802922713559,0.7041938050911047,0.3,P0030,200.0,-0.0555416510586604
1200941,1200951,AKTH11,139.7623,39.9554,350,26,0.7073584026348575,0.6602110839376941,0.7743108344811022,0.3,P0030,26.0,-0.2031540317051689
1200961,1200971,AKTH12,140.2221,39.9155,100,166,0.33944789843476353,0.2948970380138392,0.4025215556806857,0.3,P0030,162.0,-0.1038342442119491
1200981,1200991,AKTH13,140.4072,39.9819,100,236,0.4323734082561228,0.35147900403789606,0.4851483727410922,0.3,P0030,231.0,-0.3929144493569713
1201001,1201011,AKTH14,140.8084,40.0622,108,343,0.8306212658768027,0.7667301289973892,0.885281555123393,0.3,P0030,335.0,0.3610778644483367
1201021,1201031,AKTH15,140.4075,39.6884,100,255,0.2313037320035426,0.18943057436799898,0.2914624988231563,0.3,P0030,251.0,-0.3047782124603822
1201041,1201051,AKTH16,140.3481,39.545,154,442,0.37078681566528593,0.3253711796926996,0.4127089069968027,0.3,P0030,424.0,0.0949358841667756
1201061,1201071,AKTH17,140.6116,39.5575,177,416,0.5174916965372856,0.4718588858406605,0.5638536019304934,0.3,P0030,400.0,0.0959007635729697
1201081,1201091,AKTH18,140.3869,39.3548,100,319,0.3588542395805894,0.31184557291239334,0.4203217473866689,0.3,P0030,306.0,0.0459865053926003
1201101,1201111,AKTH19,140.471,39.1913,180,432,0.6282184316050906,0.5677027806831063,0.6964218258780022,0.3,P0030,414.0,0.0545734155733659
1201121,1201131,AOMH01,140.9127,41.5273,100,204,0.4406802544830832,0.3917331679964327,0.5049805297351855,0.3,P0030,200.0,0.0034214130317119
1201141,1201151,AOMH02,140.8567,41.4049,200,21,0.3804370880405716,0.33121481143313786,0.4524219784845733,0.3,P0030,21.0,-0.4899676776646735
1201161,1201171,AOMH03,140.9896,41.234,100,288,0.1568793366134201,0.09093670138615116,0.21380450931882414,0.3,P0030,281.0,-0.0002207058795168
1201181,1201191,AOMH04,140.6759,40.8524,307,156,0.6405434500784846,0.5850575425926893,0.6775624953860865,0.3,P0030,151.0,0.1201982502603036
1201201,1201211,AOMH05,141.1033,40.8564,312,327,0.9355573613425934,0.8715842408922938,1.0038571281395638,0.3,P0030,317.0,0.5898162324606885
1201221,1201231,AOMH06,141.3738,40.9664,100,329,0.45935209970461355,0.408478460095572,0.5027565993545352,0.3,P0030,320.0,0.0673544876019002
1201241,1201251,AOMH07,140.0233,40.7451,109,156,0.31535286792393324,0.2516365693899188,0.3679908794408441,0.3,P0030,154.0,-0.3032707904670644
1201261,1201271,AOMH08,140.3121,40.7618,160,186,0.4077549631091181,0.3568310672678576,0.4731869389509956,0.3,P0030,185.0,-0.2706733626785267
1201281,1201291,AOMH09,140.3499,40.6199,162,129,1.1540253564618388,1.0713450277522663,1.211984020107171,0.3,P0030,127.0,0.1309220782065852
1201301,1201311,AOMH10,140.6646,40.6091,105,225,0.3120568762256379,0.26655199831225673,0.37460664061500215,0.3,P0030,222.0,-0.2301876451961317
1201321,1201331,AOMH11,140.995,40.58,100,332,0.44046464203189595,0.38635576135626654,0.4978627955430539,0.3,P0030,324.0,-0.07481430595284
1201341,1201351,AOMH12,141.1547,40.5846,100,355,0.5059731994500359,0.4554373933936689,0.5580542618323487,0.3,P0030,348.0,0.2288755391490308
1201361,1201371,AOMH13,141.4451,40.5794,150,384,0.5155336109723117,0.45957681202996203,0.5568490575071537,0.3,P0030,375.0,0.0834793015132652
1201381,1201391,AOMH14,140.2726,40.5488,100,158,1.0979892655302437,1.0384620400187448,1.178794702521803,0.3,P0030,156.0,0.3874198638882237
1201401,1201411,AOMH15,140.5565,40.4841,100,222,0.44504022378966124,0.38851149487624437,0.5105558331126233,0.3,P0030,219.0,-0.3601366086249583
1201421,1201431,AOMH16,141.0923,40.4624,150,377,0.8077061690297984,0.7532455537496573,0.8751908270225314,0.3,P0030,368.0,0.5749623516491399
1201441,1201451,AOMH17,141.3374,40.4492,114,366,0.5799817380848027,0.5038094061429035,0.6521046602937124,0.3,P0030,353.0,0.4028674268169835
1201461,1201471,AOMH18,141.0145,40.2962,100,246,0.7576618751192132,0.6887512507269915,0.8443825454803462,0.3,P0030,242.0,0.2126166623182047
1201491,1201501,CHBH04,140.0206,35.7966,2300,348,0.8550689466823127,0.7747073733052532,0.9209912290924093,0.3,P0030,329.0,0.0197658286395368
1201521,1201531,CHBH06,140.5046,35.7215,180,179,0.6575921274705334,0.6065991059115694,0.7078059651465052,0.3,P0030,173.0,0.0866884503677002
1201571,1201581,CHBH10,140.2417,35.5458,2000,409,0.5935701843265384,0.5428549089150569,0.642242983226756,0.3,P0030,394.0,-0.1629116298669082
1201591,1201601,CHBH11,140.1529,35.2867,2000,286,0.5376966201403286,0.4591164062325809,0.6051127134361483,0.3,P0030,277.0,-0.2739740163304273
1201611,1201621,CHBH12,139.8554,35.3445,2000,198,0.784845143229523,0.7278050885047918,0.8458268831629417,0.3,P0030,192.0,-0.0500878202108873
1201631,1201641,CHBH13,140.298,35.8307,1300,386,1.0486810750630249,0.983716222629005,1.1393619456636266,0.3,P0030,365.0,0.1808595332934783
1201651,1201661,CHBH14,140.823,35.7342,525,226,0.8082815234395848,0.734980598222066,0.8772559580287496,0.3,P0030,220.0,-0.1795687709870752
1201671,1201681,CHBH15,139.7885,34.9591,500,95,0.44102418943811844,0.3767450847511498,0.5051652122396166,0.3,P0030,93.0,-0.3714369207559363
1201691,1201701,CHBH16,139.9649,35.1384,2002,195,0.9048800657854427,0.8299868030430887,0.9713118105352035,0.3,P0030,193.0,-0.0522422629326975
1201711,1201721,CHBH17,140.3398,35.1714,821,223,0.366531399019786,0.3179195755812945,0.41592554531058007,0.3,P0030,219.0,-0.4786486264546787
1201741,1201751,CHBH19,140.5107,35.5943,1630,262,0.7436047513637687,0.6898884726800173,0.8155015943024008,0.3,P0030,256.0,-0.2400931424040066
1201761,1201771,CHBH20,140.0997,35.0882,306,183,-0.1391765558125229,-0.22607617121686663,-0.03641508338593298,0.3,P0030,182.0,-1.0243274646542206
1201821,1201831,EHMH01,132.5552,33.0556,100,34,0.17563254472024,0.13072226417570926,0.22560101460618198,0.3,P0030,34.0,-0.4186004207828589
1201841,1201851,EHMH02,133.184,33.865,110,30,0.2237353192529103,0.19652440008111627,0.27095604588715855,0.3,P0030,30.0,-0.5448052232910935
1201861,1201871,EHMH03,133.6497,33.9154,100,43,0.26028382953585744,0.19969126523498698,0.3084501628302352,0.3,P0030,43.0,-0.1395401409679964
1201881,1201891,EHMH04,133.0658,33.9023,200,31,0.432474240528538,0.3846883181536892,0.45960832351513803,0.3,P0030,31.0,-0.1306714141103197
1201901,1201911,EHMH05,132.8032,33.7112,134,49,0.3968829009590997,0.32667646895261526,0.42996780881240976,0.3,P0030,49.0,-0.2883372898173264
1201921,1201931,EHMH06,132.798,33.3348,200,54,0.4438384818734704,0.3524606162899142,0.5037881633011908,0.3,P0030,54.0,-0.4267082326130627
1201941,1201951,EHMH07,132.748,33.5022,200,44,0.18745379949612617,0.14075632392285684,0.25349797762523607,0.3,P0030,44.0,-0.4731693469365824
1201961,1201971,EHMH08,133.0016,33.5388,100,50,0.8873649373159777,0.7962010666251628,0.9727541981894143,0.3,P0030,50.0,0.1514682516938272
1201981,1201991,EHMH09,132.3072,33.4719,150,24,0.794540127901886,0.7620594852678098,0.8254834948689989,0.3,P0030,24.0,-0.2018951690434523
1202001,1202011,EHMH10,133.0581,34.1918,100,47,0.7107266283368657,0.636337584476504,0.7885484986582965,0.3,P0030,47.0,-0.0339683216348755
1202021,1202031,EHMH11,132.6011,33.5807,100,51,0.24435399488864096,0.2002068829363527,0.26944981133011103,0.3,P0030,51.0,-0.2424421679150397
1202041,1202051,EHMH12,132.5055,33.427,150,53,0.8259853670454544,0.7506834848595917,0.9025466790618804,0.3,P0030,53.0,0.1307611225829211
1202061,1202071,EHMH13,132.1157,33.3719,222,49,0.34564442987944644,0.27532307806367157,0.4317223752847343,0.3,P0030,49.0,-0.2554381500671583
1202081,1202091,FKIH01,136.3617,36.0955,100,47,0.7604932157522153,0.6716647931008456,0.8554615265500626,0.3,P0030,47.0,0.0007484391067609
1202101,1202111,FKIH02,136.0556,35.9483,100,23,0.9213493476849911,0.8584124303963374,0.9951982959112271,0.3,P0030,23.0,0.2159989673966216
1202121,1202131,FKIH03,136.699,35.9415,200,20,0.37922801973679887,0.3165074637050955,0.42196671644708283,0.3,P0030,,
1202141,1202151,FKIH04,135.8694,35.5587,200,37,1.010365290080254,0.9262875603863969,1.0725409040127576,0.3,P0030,37.0,-0.0284122686075013
1202161,1202171,FKIH05,136.0303,35.639,122,38,1.075339139104314,1.0198355746457979,1.144249598955223,0.3,P0030,38.0,0.1548001151717104
1202181,1202191,FKIH06,135.4841,35.4907,100,34,0.7621306114399773,0.6967709669639313,0.8173614787610484,0.3,P0030,34.0,0.300200486528253
1202201,1202211,FKIH07,135.7266,35.4573,104,34,0.8854887596454242,0.8215416433951146,0.9263651135490771,0.3,P0030,34.0,0.2270999742857245
1202221,1202231,FKOH01,130.9798,33.8849,200,47,0.5503112978879925,0.4375826163533557,0.6939793958976384,0.3,P0030,45.0,-0.5015227181006686
1202241,1202251,FKOH02,130.5963,33.6963,99,4,0.7328237064247274,0.6883718801993884,0.764495651528641,0.3,P0030,,
1202261,1202271,FKOH03,130.5499,33.5608,100,51,0.26894165141172016,0.22923674041116532,0.33867392895139975,0.3,P0030,49.0,-0.484372189381323
1202281,1202291,FKOH04,130.7451,33.5512,100,20,0.6376147203515896,0.558944026986402,0.6841955015847119,0.3,P0030,,
1202301,1202311,FKOH05,130.9503,33.5293,100,19,0.18706614854877512,0.1426874129917537,0.22873010044391903,0.3,P0030,,
1202321,1202331,FKOH06,131.1348,33.5925,303,48,0.33802969556417306,0.24896839444425467,0.410178225343146,0.3,P0030,47.0,-0.3806226810973125
1202341,1202351,FKOH07,130.6354,33.3678,437,39,0.6810470912906458,0.6275053180410108,0.7736872432778934,0.3,P0030,38.0,-0.338883255931853
1202361,1202371,FKOH08,130.8285,33.4654,100,55,0.5052561126103462,0.3904475592824247,0.6001372540441738,0.3,P0030,54.0,-0.3319081782684771
1202381,1202391,FKOH09,130.5432,33.8501,200,30,0.3008685861429926,0.22543545427957035,0.3512133958438925,0.3,P0030,29.0,-0.3786002172849324
1202401,1202411,FKOH10,130.817,33.2891,200,55,0.2521413025537599,0.18108519705858195,0.3084772474227048,0.3,P0030,54.0,-0.3194060233902636
1202421,1202431,FKSH01,139.715,37.7565,100,286,0.24313809833067873,0.19782497711143723,0.2919626317944316,0.3,P0030,272.0,-0.6845360491516768
1202441,1202451,FKSH02,139.8821,37.7317,100,227,0.3146399975073786,0.2570276285871629,0.3626263151032133,0.3,P0030,213.0,-0.1988665832249785
1202461,1202471,FKSH03,139.7533,37.6078,127,426,0.5487987202078681,0.48116676426881444,0.6161806622146802,0.3,P0030,410.0,0.2131413046677309
1202481,1202491,FKSH04,139.8126,37.4508,268,298,0.8928422531728187,0.821702675651558,0.9636054099685394,0.3,P0030,287.0,0.1455723675162004
1202501,1202511,FKSH05,139.8725,37.2544,105,298,0.5967369933612847,0.5207350799672701,0.6795451874100928,0.3,P0030,287.0,-0.0098432749820524
1202521,1202531,FKSH06,139.5199,37.1723,100,395,0.432544233222883,0.3623974061627304,0.503360714985414,0.3,P0030,380.0,-0.8059518405201909
1202541,1202551,FKSH07,139.3755,37.0103,200,168,0.3138410724907637,0.25430144461466053,0.3827780672107661,0.3,P0030,159.0,-0.6601259836770103
1202561,1202571,FKSH08,140.2144,37.2822,105,495,0.5973008689799004,0.5339079378970195,0.6646681266811301,0.3,P0030,474.0,-0.1139522942370196
1202581,1202591,FKSH09,140.4264,37.353,200,575,0.4563062036826466,0.3693306434857341,0.5484445906727295,0.3,P0030,552.0,-0.213127245803502
1202601,1202611,FKSH10,140.093,37.1616,200,568,0.4833145296343444,0.4143948153988114,0.5666367352190281,0.3,P0030,548.0,0.1279626433826423
1202621,1202631,FKSH11,140.3386,37.2006,115,465,0.3615377293595798,0.2954620188123276,0.41546917232259245,0.3,P0030,445.0,-0.002337905381892
1202641,1202651,FKSH12,140.5703,37.2169,105,587,0.9528943548233416,0.8615067183365548,1.0716800220535703,0.3,P0030,564.0,0.4697989758681489
1202661,1202671,FKSH13,140.5853,36.9951,105,103,0.41770729695545944,0.33794045991989374,0.47970961314816996,0.3,P0030,99.0,-0.1765260551724232
1202681,1202691,FKSH14,140.9702,37.0264,147,596,0.7264773708302548,0.6590832325668505,0.803229986383154,0.3,P0030,574.0,-0.0315451005113879
1202701,1202711,FKSH15,140.1735,37.6461,100,150,0.4980024406955652,0.4457988527238126,0.5740445923215185,0.3,P0030,144.0,-0.506004959088092
1202721,1202731,FKSH16,140.3766,37.7643,300,307,0.4654660242047892,0.41955776260083577,0.5320522226595474,0.3,P0030,290.0,-0.1355259589694759
1202741,1202751,FKSH17,140.5974,37.6636,100,583,0.8231345892761025,0.7494915307852976,0.9027335218461414,0.3,P0030,560.0,0.3363368726067787
1202761,1202771,FKSH18,140.538,37.4894,100,588,0.9290528480239677,0.8597020045981552,0.9954943355369246,0.3,P0030,564.0,0.5401848080746661
1202781,1202791,FKSH19,140.7227,37.4703,100,594,1.1951816778676085,1.1102503571283924,1.258078080682384,0.3,P0030,568.0,0.6233670066387303
1202801,1202811,FKSH20,140.9871,37.4911,109,430,0.6460845452098336,0.5946520536916697,0.6969874715314311,0.3,P0030,416.0,0.0314549702100098
1202821,1202831,FKSH21,139.3147,37.3421,200,270,0.9370533627827904,0.8750169458726327,1.00956106889536,0.3,P0030,264.0,-0.2305700838490618
1202851,1202861,GIFH03,136.6134,35.6325,100,70,0.37810738699149726,0.309954790857988,0.444684424776752,0.3,P0030,70.0,-0.0868712462987669
1202871,1202881,GIFH04,137.1983,36.2448,100,45,0.4891171336247119,0.4162371169223589,0.5441770842096212,0.3,P0030,45.0,-0.382981169545061
1202891,1202901,GIFH05,136.9479,36.0654,100,20,0.7386061222691858,0.6554452001822264,0.8342794412447514,0.3,P0030,20.0,0.0639326684448194
1202911,1202921,GIFH06,136.7939,35.5038,201,44,0.4479300872081322,0.38701113270168863,0.5469816044630476,0.3,P0030,44.0,-0.1271189356979524
1202931,1202941,GIFH07,136.4347,35.4179,100,44,0.3542899868589209,0.2899084777934773,0.3980039462648547,0.3,P0030,44.0,-0.2413386582608963
1202951,1202961,GIFH08,136.9621,35.8323,100,67,0.4135328889262131,0.3228906443884233,0.5167588652278052,0.3,P0030,67.0,-0.4674297723702103
1202971,1202981,GIFH09,136.7002,35.2768,1508,42,0.961786296597067,0.8814952682873729,1.027507555141061,0.3,P0030,42.0,-0.0771412928884081
1202991,1203001,GIFH10,137.3716,36.3779,100,54,0.8049042043253019,0.7160851846938289,0.8977200856290217,0.3,P0030,52.0,-0.1892027263406547
1203011,1203021,GIFH11,137.2464,35.4865,100,66,0.2674919614538225,0.2117062624049845,0.30060796172723975,0.3,P0030,65.0,-0.178672420972093
1203031,1203041,GIFH12,136.4134,35.6033,106,46,0.47724702916078354,0.4116408540882141,0.582083718222729,0.3,P0030,46.0,0.0587389919864109
1203051,1203061,GIFH13,136.8979,36.2743,154,45,0.4716989056023564,0.42165651264938797,0.5212950542661011,0.3,P0030,43.0,-0.0757308595388702
1203071,1203081,GIFH14,137.5174,36.2493,100,54,0.7488098840000741,0.6737888489547968,0.8407651050586187,0.3,P0030,53.0,-0.3542246002820762
1203091,1203101,GIFH15,137.2208,36.1338,105,63,0.6997086016272602,0.6316737651357214,0.7521680105389547,0.3,P0030,62.0,0.0722179076549528
1203111,1203121,GIFH16,137.3438,36.094,100,61,0.48479134024345594,0.41069560824355,0.5664028597490062,0.3,P0030,60.0,-0.25224365647966
1203131,1203141,GIFH17,136.8732,35.9514,100,44,0.9598104545429054,0.8931920698914089,1.0290044149006226,0.3,P0030,43.0,0.1628171501581728
1203151,1203161,GIFH18,137.1495,35.8991,107,67,0.44292558870452986,0.3840878648838757,0.5089934046598974,0.3,P0030,66.0,-0.34398592594778
1203171,1203181,GIFH19,137.3906,36.0216,100,80,0.3385433220945731,0.2696147358050635,0.3935017354430289,0.3,P0030,79.0,-0.5233200816625514
1203191,1203201,GIFH20,137.2531,35.7991,128,72,0.4387078154978033,0.37167273245325433,0.51965535056622,0.3,P0030,71.0,-0.0883112591314292
1203211,1203221,GIFH21,136.9618,35.6665,200,42,0.3641808059541726,0.2826234263447639,0.4509533223929637,0.3,P0030,42.0,-0.2907063632498977
1203231,1203241,GIFH22,137.1054,35.6682,100,31,0.3050020029150534,0.25895350751179613,0.39188651296193044,0.3,P0030,31.0,-0.5573587558520449
1203251,1203261,GIFH23,136.7847,35.7235,100,48,0.430302740503416,0.37393914389009264,0.5124595726425707,0.3,P0030,48.0,-0.107576981213016
1203271,1203281,GIFH24,137.3187,35.6401,107,78,0.13089782489656168,0.09108356664702044,0.1714612253466593,0.3,P0030,77.0,-0.6512195023896168
1203291,1203301,GIFH25,136.6127,35.5214,102,40,0.771988760679642,0.7230402881164435,0.8440602327784887,0.3,P0030,40.0,-0.0796025155177766
1203311,1203321,GIFH26,136.8764,35.4121,100,51,0.9846410130139304,0.8692364640734449,1.0693583990556967,0.3,P0030,51.0,0.1304426908926652
1203331,1203341,GIFH27,137.004,35.4527,200,58,0.33276119444006524,0.27889117427693966,0.40496001178112806,0.3,P0030,58.0,-0.4003576971783991
1203351,1203361,GIFH28,137.4706,35.4571,401,75,0.6146330811249602,0.5285503039572387,0.7032559993634677,0.3,P0030,74.0,-0.0918949375051524
1203371,1203381,GIFH29,136.4732,35.2953,136,17,0.4744597480375953,0.4460619682114443,0.5159315793637096,0.3,P0030,,
1203411,1203421,GNMH05,139.1847,36.3143,2000,298,0.3825253991957246,0.31089589448413424,0.452706656144815,0.3,P0030,287.0,-0.0549397898098822
1203431,1203441,GNMH06,139.5443,36.2441,1203,89,0.9967315645714115,0.8950127854421928,1.0900284992068123,0.3,P0030,85.0,0.0575527610253853
1203451,1203461,GNMH07,139.2104,36.6998,200,414,0.39852980437341856,0.34044068244698744,0.44534491471377935,0.3,P0030,403.0,-0.1414712647751674
1203471,1203481,GNMH08,138.5244,36.4917,150,304,0.6797286777534122,0.6227024113048345,0.7320977690069674,0.3,P0030,298.0,0.1478497435102592
1203491,1203501,GNMH09,138.9068,36.6212,110,324,0.39442039353126523,0.3420962998207899,0.4527088619986452,0.3,P0030,317.0,-0.4909059590920171
1203511,1203521,GNMH10,138.7291,36.2356,100,90,0.303176687670544,0.26280775022582475,0.3497613391589775,0.3,P0030,86.0,-0.3727420285508256
1203531,1203541,GNMH11,138.921,36.2862,200,364,0.5496367822211867,0.4930420693757273,0.6083734669376992,0.3,P0030,353.0,-0.1407884488376232
1203551,1203561,GNMH12,138.9129,36.144,102,338,1.0431296968823216,0.9536312068914399,1.1228622654937284,0.3,P0030,329.0,0.5402743275115507
1203571,1203581,GNMH13,139.0627,36.862,204,216,0.9954383293665756,0.9275425181364836,1.0576623596650563,0.3,P0030,211.0,0.1487920954720479
1203591,1203601,GNMH14,139.3219,36.4931,200,328,0.33606040476273064,0.2855978665994777,0.3924006940749395,0.3,P0030,317.0,-0.345167353187249
1203611,1203621,HDKH01,142.2296,42.7031,100,219,0.5564585416952497,0.49161229125559713,0.6430411174169414,0.3,P0030,210.0,-0.0389852933430091
1203631,1203641,HDKH02,142.4054,42.7061,110,142,0.4555057152333142,0.3977385844757676,0.5318107179434384,0.3,P0030,134.0,-0.0429372691153233
1203651,1203661,HDKH03,142.3521,42.5934,106,216,0.8382733672382685,0.7388515316216699,0.9294309648364293,0.3,P0030,208.0,0.1726440640294768
1203671,1203681,HDKH04,142.0381,42.5126,220,233,0.5867149607710758,0.5439896766660927,0.6389708995438705,0.3,P0030,225.0,-0.2466459968871679
1203691,1203701,HDKH05,142.5446,42.5977,100,211,0.42676576916525993,0.3574408296098666,0.5044206015666026,0.3,P0030,204.0,-0.2822668120940302
1203711,1203721,HDKH06,142.3572,42.3498,115,236,0.7458773767759415,0.6723844312373473,0.8155359179154512,0.3,P0030,229.0,-0.2336901804476406
1203731,1203741,HDKH07,142.9164,42.133,101,309,0.5804692626650912,0.5315129322506075,0.6225059778612339,0.3,P0030,299.0,0.077247069511148
1203751,1203761,HRSH01,133.0236,34.3736,205,50,0.5594095185251333,0.5033174529252183,0.6476220967477972,0.3,P0030,50.0,0.1874754732907397
1203771,1203781,HRSH02,132.948,34.5482,100,24,0.27502338924550573,0.22835336209213275,0.38509873487645113,0.3,P0030,24.0,-0.1206663182005455
1203791,1203801,HRSH03,133.1375,34.5183,200,44,0.6296205213620534,0.4378542916822532,0.8218818990196237,0.3,P0030,44.0,0.1158706696949589
1203811,1203821,HRSH04,133.3493,34.3785,200,44,0.3921039522958931,0.3211860685641847,0.47593411274081066,0.3,P0030,44.0,-0.6554684293873787
1203831,1203841,HRSH05,133.4179,34.5566,200,32,1.0408424612488907,0.9122472684573705,1.1009156502607915,0.3,P0030,32.0,0.1318920482297851
1203851,1203861,HRSH06,132.9123,34.9137,100,25,1.2588757163855502,1.2048761826193628,1.3248037501296033,0.3,P0030,25.0,0.6071970991470659
1203871,1203881,HRSH07,132.6411,34.2883,102,68,0.7970876223892827,0.7183647100296514,0.8498255140038293,0.3,P0030,68.0,0.402975014305915
1203891,1203901,HRSH08,132.1611,34.3935,100,30,0.1948172096139038,0.13911888115418775,0.24595183330731252,0.3,P0030,30.0,-0.1357517181032815
1203911,1203921,HRSH09,132.9524,34.7016,115,32,0.18326529408533476,0.15635080586924793,0.2739193550624315,0.3,P0030,32.0,-0.107422198183238
1203931,1203941,HRSH10,132.3794,34.7471,100,43,1.1379862988274692,1.0845934118474982,1.193260128645169,0.3,P0030,43.0,0.7799156223882641
1203951,1203961,HRSH11,133.1674,34.8225,100,35,0.31485898926723005,0.22536442612867508,0.38611452102052973,0.3,P0030,35.0,-0.3125284536526134
1203971,1203981,HRSH12,132.4295,34.581,150,13,0.16065005791041792,0.13188572076905264,0.2541906059737778,0.3,P0030,,
1203991,1204001,HRSH13,132.3907,34.4122,200,18,0.7826600236524088,0.716891798019839,1.0100467336244077,0.3,P0030,,
1204011,1204021,HRSH14,132.4063,34.209,100,49,0.6315484292369252,0.5639137032482834,0.6922326428506369,0.3,P0030,49.0,-0.1554958660537229
1204031,1204041,HRSH15,132.5053,34.1161,100,51,0.3700838757374673,0.3363674098584312,0.4118180794674976,0.3,P0030,51.0,-0.0643450407140789
1204051,1204061,HRSH16,132.6689,34.6629,100,29,0.5294584741287148,0.3794055067564902,0.6585553396442283,0.3,P0030,29.0,0.1960412518616746
1204071,1204081,HRSH17,132.2326,34.5716,102,42,0.22298992764795356,0.1802795199743149,0.2579525768850476,0.3,P0030,42.0,-0.3951405787267923
1204091,1204101,HRSH18,132.7923,34.4572,100,41,0.7377008412147621,0.6566824996260648,0.8025016331802561,0.3,P0030,41.0,-0.0049377088792465
1204111,1204121,HYGH01,134.7941,34.2937,102,35,0.41528194121355827,0.3535659393518722,0.4800904499085134,0.3,P0030,35.0,-0.0616102058595917
1204131,1204141,HYGH02,134.4234,35.0671,103,37,0.31473489214327055,0.2864691890474496,0.3711505034658693,0.3,P0030,37.0,-0.3662892134866874
1204151,1204161,HYGH03,134.5237,35.2193,100,29,0.2215913347976136,0.15202384899537935,0.2705829521440605,0.3,P0030,29.0,-0.4916510490550924
1204171,1204181,HYGH04,135.2811,35.0708,100,34,0.27580386286802794,0.20504595639683013,0.3280496374113766,0.3,P0030,34.0,-0.4215890452153701
1204191,1204201,HYGH05,134.3284,34.8995,100,11,0.1880706473177433,0.14800091075869376,0.2566265010565111,0.3,P0030,,
1204211,1204221,HYGH06,134.4792,34.7935,200,23,0.3054136360991961,0.24525762701260193,0.37299020072086586,0.3,P0030,23.0,-0.4189276136210872
1204231,1204241,HYGH07,134.6701,35.0322,100,28,0.1542548625978841,0.13071071762090514,0.20778530543457308,0.3,P0030,28.0,-0.6333096909965361
1204251,1204261,HYGH08,134.9036,35.101,110,40,0.8447532418683718,0.7455957845571043,0.8761724224116143,0.3,P0030,40.0,0.0365106807528606
1204271,1204281,HYGH09,135.0844,34.9082,100,40,0.6986500605598824,0.6569724938228008,0.7454211539072233,0.3,P0030,40.0,0.1061815942749656
1204291,1204301,HYGH10,134.8078,34.8164,100,39,0.8306747955333483,0.7706599265420742,0.9013194142176024,0.3,P0030,39.0,0.1296580251983869
1204311,1204321,HYGH11,134.9071,35.2925,200,33,1.192947293785447,1.1213559684163399,1.264369366179567,0.3,P0030,33.0,0.2823853196876954
1204331,1204341,HYGH12,134.5423,34.9313,100,34,0.374715137677039,0.32104341440682005,0.4121300241685708,0.3,P0030,34.0,-0.3353905266122455
1204351,1204361,HYGH13,134.6566,35.6208,101,15,1.0616989675175654,1.0340338259586284,1.1412425010903509,0.3,P0030,,
1204371,1204381,HYGH14,134.8621,35.4574,101,28,0.4127344567172523,0.34305426299279546,0.4901245606901966,0.3,P0030,28.0,-0.1313839646416284
1204391,1204401,HYGH15,134.5953,35.4697,100,15,0.31293905642120806,0.29918707342486206,0.38343730394770337,0.3,P0030,,
1204411,1204421,HYMH01,139.9678,42.4851,112,76,0.3270815109739925,0.2750423257284601,0.38559744670415586,0.3,P0030,75.0,-0.183612522061917
1204431,1204441,HYMH02,140.3087,41.9856,101,116,0.5613987366650388,0.518303752783977,0.6209928929323599,0.3,P0030,115.0,-0.0610642041093658
1204451,1204461,HYMH03,140.004,42.1344,100,24,0.48711265697587147,0.3518188850683689,0.5383751961333099,0.3,P0030,24.0,-0.5689342258767215
1204481,1204491,IBRH06,140.6545,36.8809,100,205,0.555297739234818,0.48747753492563467,0.6157420077776731,0.3,P0030,198.0,-0.0860972215591497
1204501,1204511,IBRH07,140.3301,35.9521,1200,412,0.6855875306722901,0.5754911536067127,0.8003724943533789,0.3,P0030,394.0,-0.3328535112314789
1204521,1204531,IBRH08,140.5621,36.1188,1200,168,0.7900414683541493,0.7289258831430103,0.8479840053732872,0.3,P0030,162.0,0.0811496312827515
1204541,1204551,IBRH09,140.3559,36.439,105,76,0.5397285208360407,0.48009644768744986,0.6312336449798361,0.3,P0030,74.0,-0.1216881662491656
1204561,1204571,IBRH10,139.9889,36.1112,900,380,1.0644773172245454,0.9904605880955155,1.1441692960713534,0.3,P0030,364.0,-0.0140311236690601
1204581,1204591,IBRH11,140.1401,36.3701,103,520,1.117429621068021,1.025635457422581,1.2159963226219714,0.3,P0030,499.0,0.6474328385576348
1204601,1204611,IBRH12,140.3181,36.8369,200,478,0.5035800444740399,0.4420816477779761,0.5724082834948765,0.3,P0030,460.0,0.0924257987623211
1204621,1204631,IBRH13,140.575,36.7955,100,523,0.9660207238484608,0.8941691937518885,1.044292913327769,0.3,P0030,503.0,0.3939090723768448
1204641,1204651,IBRH14,140.5484,36.6922,100,511,0.25815655986603814,0.22343409840943543,0.29489886034512525,0.3,P0030,491.0,-0.4145950045225525
1204661,1204671,IBRH15,140.3013,36.5566,107,519,0.6647195426816948,0.602935072616704,0.7310519961493271,0.3,P0030,498.0,0.0052688680497115
1204681,1204691,IBRH16,140.3976,36.6405,300,518,0.6615437962713775,0.5837114888078854,0.7373904069952119,0.3,P0030,498.0,-0.0088746415532024
1204701,1204711,IBRH17,140.314,36.0864,510,461,0.8593152012029207,0.7941075118390687,0.9150844325427064,0.3,P0030,440.0,0.1111139246256687
1204721,1204731,IBRH18,140.6198,36.3631,504,484,0.6689579121577613,0.5950733338785241,0.754381405953997,0.3,P0030,465.0,-0.0918438094203527
1204741,1204751,IBRH19,140.0893,36.2137,209,433,0.48094440981800823,0.39950124027883355,0.5520211150025838,0.3,P0030,416.0,-0.1924519859274946
1204761,1204771,IBRH20,140.7323,35.8284,921,301,0.6354624819503506,0.5814727808610435,0.6905213176074304,0.3,P0030,289.0,-0.2014056385443633
1204781,1204791,IBRH21,140.105,35.9814,929,109,0.8024590020111257,0.7071115955722902,0.868935820015197,0.3,P0030,104.0,0.0657001749786727
1204871,1204881,IBUH01,141.8191,42.8739,100,191,0.7243821855328185,0.6628730265017916,0.7777482683655609,0.3,P0030,186.0,0.2810358447896504
1204891,1204901,IBUH02,142.1285,42.8714,102,152,0.4514057379526513,0.3969096671300669,0.5464882711559933,0.3,P0030,148.0,-0.2607581125084112
1204911,1204921,IBUH03,141.8641,42.6486,153,108,0.8337004919510225,0.7613306719529572,0.9430467378761132,0.3,P0030,102.0,0.100221189533019
1204931,1204941,IBUH04,140.665,42.6415,103,50,1.1215368774226557,0.9968838911273079,1.2020376876001035,0.3,P0030,49.0,0.2885150316373583
1204951,1204961,IBUH05,141.3497,42.5629,177,197,0.3586478880185137,0.31190307162648356,0.4210774837248285,0.3,P0030,192.0,-0.0061223291469187
1204971,1204981,IBUH06,141.0017,42.4116,562,128,1.1136376079949948,1.0553319325423118,1.178123072727786,0.3,P0030,125.0,0.6414006546584167
1204991,1205001,IBUH07,141.0643,42.6476,200,122,0.6256509330948112,0.563632572495464,0.6943340062781309,0.3,P0030,119.0,0.0940587121830433
1205011,1205021,IKRH01,141.5836,43.4087,200,114,0.4382404004945901,0.3691903252973522,0.48217595992789875,0.3,P0030,111.0,0.0701425008478547
1205031,1205041,IKRH02,141.6523,43.2204,127,139,0.6751416091010326,0.6358380308983753,0.7237612249098258,0.3,P0030,135.0,0.1192649663762368
1205051,1205061,IKRH03,141.6399,42.888,252,168,0.4796615713558703,0.4298343031514973,0.5301581814127188,0.3,P0030,164.0,-0.1290200266532385
1205071,1205081,ISKH01,137.2844,37.5266,200,31,0.5534607471578166,0.4647623113835778,0.5894955792829742,0.3,P0030,31.0,0.1303277239668079
1205091,1205101,ISKH02,137.0413,37.3644,102,50,0.24418241317168027,0.16724486014121176,0.3412824271422745,0.3,P0030,47.0,-0.1252666954998559
1205111,1205121,ISKH03,137.2436,37.3458,207,59,0.5187630745096349,0.4093442124239375,0.6291830850176894,0.3,P0030,56.0,0.2490624475046572
1205131,1205141,ISKH04,136.7176,37.1902,116,39,0.5589291408914305,0.49390565646978024,0.6592209674307699,0.3,P0030,36.0,0.0143247166326789
1205151,1205161,ISKH05,136.9689,37.2224,105,34,0.5415670872252509,0.45771331416002425,0.6256496733459557,0.3,P0030,32.0,-0.2467486580381079
1205171,1205181,ISKH06,136.8206,37.0533,200,47,0.4494260040375414,0.3337536642794763,0.4937160998835789,0.3,P0030,44.0,-0.2195726279551972
1205191,1205201,ISKH07,136.6357,36.515,802,42,0.6488813327232335,0.5790657120429819,0.7541721260875387,0.3,P0030,42.0,-0.1330781395546594
1205211,1205221,ISKH08,136.7906,36.738,100,37,0.6555446648473847,0.5824953991753794,0.699670091360307,0.3,P0030,34.0,0.1662473018257875
1205231,1205241,ISKH09,136.7168,36.2667,106,51,0.5005086104563574,0.3757929115998102,0.5582474771227668,0.3,P0030,51.0,-0.2767274665997141
1205251,1205261,IWTH01,141.3423,40.2383,200,402,0.9577995391905463,0.882795023257164,1.0408486018966858,0.3,P0030,390.0,0.5971130434057378
1205271,1205281,IWTH02,141.3826,39.825,102,460,0.7615382681204588,0.6794929781451791,0.842964912327739,0.3,P0030,445.0,0.3770125205867222
1205291,1205301,IWTH03,141.652,39.802,101,473,0.1844351168459779,0.14949192391015345,0.214604036366014,0.3,P0030,457.0,-0.2552117744149785
1205311,1205321,IWTH04,141.3909,39.1809,106,546,1.068654980567829,0.9822541400297928,1.1414636926070754,0.3,P0030,524.0,0.6062209294319673
1205331,1205341,IWTH05,141.3512,38.8654,101,524,0.7620062733770108,0.682283303175256,0.8237594820358299,0.3,P0030,499.0,0.2201520049893214
1205351,1205361,IWTH06,141.1709,40.2611,100,308,0.3412805245136015,0.2782332133799803,0.4008651441495831,0.3,P0030,299.0,0.1981164853240807
1205371,1205381,IWTH07,141.5709,40.2705,120,406,0.4022471870376647,0.33098295677840645,0.45634954979406417,0.3,P0030,396.0,-0.0914457187690397
1205391,1205401,IWTH08,141.7831,40.2686,100,363,1.065863675363511,0.9928853864230893,1.1302985777571255,0.3,P0030,355.0,0.2916169859359661
1205411,1205421,IWTH09,141.712,40.0861,100,432,0.19150533104077513,0.15479277974410965,0.22461874485156136,0.3,P0030,419.0,-0.2546437920336998
1205431,1205441,IWTH10,140.9529,40.1391,100,386,0.5758320941560617,0.5048158066407299,0.6493866475436074,0.3,P0030,375.0,-0.0526952303587687
1205451,1205461,IWTH11,141.1915,40.0811,300,403,0.6455666524414388,0.5726770955625384,0.7083522612499797,0.3,P0030,390.0,0.2783619814979846
1205471,1205481,IWTH12,141.4245,40.1533,100,421,0.9792688577874777,0.9219482425018883,1.0491525353331197,0.3,P0030,411.0,0.4842173976927204
1205491,1205501,IWTH13,141.5492,39.9398,117,379,0.2362725808967811,0.18806329368016844,0.2946106100931858,0.3,P0030,369.0,-0.1079807544113098
1205511,1205521,IWTH14,141.9087,39.7435,100,473,0.2290324525322774,0.18691784103718717,0.29510174866395544,0.3,P0030,460.0,-0.1383274536910519
1205531,1205541,IWTH15,141.0929,39.6148,122,511,0.513260305851466,0.4628551182371784,0.5699551291254399,0.3,P0030,493.0,0.2862774665466213
1205551,1205561,IWTH16,140.9465,39.6436,150,489,0.4895584197773194,0.44735294026536027,0.5467022109795302,0.3,P0030,474.0,0.3090113594637563
1205571,1205581,IWTH17,141.5977,39.6442,103,507,0.2102935300737208,0.17078437242032496,0.24995252301135376,0.3,P0030,491.0,-0.077693805731995
1205591,1205601,IWTH18,141.6775,39.463,100,489,0.2057281607048702,0.17051273681750742,0.24321778104519334,0.3,P0030,472.0,-0.2351511421962986
1205611,1205621,IWTH19,141.0001,39.4559,100,385,0.5732196114221491,0.5211698841941046,0.6316344601759863,0.3,P0030,376.0,0.2530348314176213
1205631,1205641,IWTH20,141.0473,39.3434,156,451,0.4429823888406395,0.38259992680728666,0.5139964096040018,0.3,P0030,436.0,0.4229140351717828
1205651,1205661,IWTH21,141.9336,39.4734,100,497,0.42389189182847375,0.37026342545560026,0.4839601966867511,0.3,P0030,480.0,-0.1612832835573689
1205671,1205681,IWTH22,141.3015,39.334,100,516,0.42121939515908746,0.36768764786013747,0.4742887201976336,0.3,P0030,499.0,0.1441560834982856
1205691,1205701,IWTH23,141.8233,39.2741,103,522,0.19731045840616127,0.15547799252704605,0.23463996027400244,0.3,P0030,502.0,-0.2932770969259451
1205711,1205721,IWTH24,141.0118,39.1979,151,485,0.15408709763689118,0.09716986548977588,0.2129605344709929,0.3,P0030,464.0,-0.0408711467712468
1205731,1205741,IWTH25,140.8638,39.0092,261,103,0.7100448994041995,0.6455503658101879,0.7808590892155094,0.3,P0030,101.0,0.1231716977442441
1205751,1205761,IWTH26,141.0013,38.969,108,568,0.44265902991721084,0.38339336869585416,0.49483091485441477,0.3,P0030,546.0,0.2323603966623722
1205771,1205781,IWTH27,141.532,39.0307,100,556,0.3229828211947485,0.2764863902357299,0.3749627780480155,0.3,P0030,536.0,0.1775878198212012
1205791,1205801,IWTH28,140.864,39.0094,263,359,0.7034486617796128,0.6163166645205327,0.7869039927323462,0.3,P0030,341.0,0.1860989946332207
1205841,1205851,KGSH01,130.1191,32.1554,201,51,0.6786216706082693,0.5872670485361553,0.7555489848425591,0.3,P0030,49.0,-0.0632276983359712
1205861,1205871,KGSH02,130.2077,31.994,201,33,0.412679639668713,0.2786130982181452,0.4824239137119378,0.3,P0030,32.0,-0.3161167023919183
1205881,1205891,KGSH03,130.4438,31.9812,100,68,0.32528343587805847,0.2557066963541679,0.404450032084948,0.3,P0030,66.0,-0.3062414263675019
1205901,1205911,KGSH04,130.3602,31.8374,99,57,0.5798669164674944,0.5139759752693399,0.6150840375333566,0.3,P0030,55.0,-0.1421032214451476
1205921,1205931,KGSH05,130.4958,31.8699,106,72,0.5044705501379956,0.46241360835259504,0.5730615103151,0.3,P0030,69.0,-0.2112651933485194
1205941,1205951,KGSH06,130.4594,31.6988,202,54,0.3332359218431865,0.280254444756445,0.3896525488662833,0.3,P0030,51.0,-0.4506117412513097
1205961,1205971,KGSH07,130.6149,31.714,301,66,0.6671697079802024,0.6334413481489706,0.7203047400678009,0.3,P0030,63.0,-0.087559052925861
1205981,1205991,KGSH08,130.9969,31.5618,149,79,0.39770712848494433,0.3314182815717083,0.4696910270318746,0.3,P0030,77.0,-0.3838989685749567
1206001,1206011,KGSH09,130.4333,31.3741,100,68,0.7444011816842186,0.686282992043629,0.7974882138915003,0.3,P0030,66.0,-0.1227375179491281
1206021,1206031,KGSH10,130.6183,31.2066,202,69,0.8332509706816783,0.7610975270441941,0.8960070802245603,0.3,P0030,68.0,-0.1140493761081186
1206041,1206051,KGSH11,130.699,31.0899,199,53,0.9563864348677636,0.8363119045722209,1.0548390675586798,0.3,P0030,51.0,-0.0724770176398699
1206061,1206071,KGSH12,131.0877,31.2583,150,63,0.47021611628090015,0.4345610690811357,0.5368175604984102,0.3,P0030,63.0,-0.2932358160468401
1206081,1206091,KGSH13,130.8541,31.4005,101,19,1.2626071760831048,1.1925102736705144,1.3131757017355365,0.3,P0030,,
1206101,1206111,KGWH01,133.9493,34.2186,117,38,0.8499313502213137,0.7751797711122703,0.9034843754668409,0.3,P0030,38.0,0.2342657457196122
1206121,1206131,KGWH02,133.7081,34.198,200,38,0.8949152979841978,0.8444263720041183,0.9754750266957104,0.3,P0030,38.0,0.1340642005013968
1206141,1206151,KGWH03,134.1482,34.27,100,21,0.1311043053701968,0.07269350518330309,0.1564995821411438,0.3,P0030,21.0,-0.2716304503211607
1206161,1206171,KGWH04,134.3043,34.2264,105,13,0.6695721532078852,0.6293304115340452,0.7109828823229899,0.3,P0030,,
1206181,1206191,KGWH05,134.3241,34.4572,433,20,0.4946420326313259,0.43167150544126554,0.553053002130647,0.3,P0030,20.0,-0.278545819517442
1206201,1206211,KKWH01,142.3036,44.5973,111,14,0.36106492341802876,0.34442387429624655,0.5587237982673223,0.3,P0030,,
1206221,1206231,KKWH02,142.5736,44.5509,112,40,0.25772224248718223,0.1958619176004162,0.2862756211654951,0.3,P0030,40.0,-0.5535437387438862
1206241,1206251,KKWH03,142.2725,44.4732,100,24,0.32238662350836456,0.23011624524656876,0.3678428605122545,0.3,P0030,24.0,-0.8626437917347275
1206261,1206271,KKWH04,142.4056,44.4376,100,46,0.25134794250965337,0.20101858012140636,0.300948558022643,0.3,P0030,46.0,-0.6125405824226786
1206281,1206291,KKWH05,142.6303,44.2921,300,51,0.4614855134791076,0.39045394520131677,0.526919038910399,0.3,P0030,51.0,-0.3980732567190902
1206301,1206311,KKWH06,142.7656,44.3207,100,35,0.169287487922048,0.1341048332635451,0.19776847585899487,0.3,P0030,35.0,-0.841252591928657
1206321,1206331,KKWH07,142.3409,43.3697,109,82,0.7481080599382736,0.6693742691215838,0.8342779699269074,0.3,P0030,80.0,-0.0665070738131406
1206341,1206351,KKWH08,142.6562,43.0406,100,202,0.9446261317767458,0.8789273155780885,1.0059713479631396,0.3,P0030,194.0,0.407859353705485
1206361,1206371,KKWH09,142.2542,44.7745,106,12,0.8591632982692309,0.6969612432243253,1.016071743161852,0.3,P0030,,
1206381,1206391,KKWH10,142.0528,44.6617,105,24,0.47545271086163454,0.3992114961037799,0.52875460778258,0.3,P0030,24.0,-0.478308468090616
1206401,1206411,KKWH11,142.2834,43.9754,105,40,1.3347878897739274,1.2068673038775808,1.4345274845026934,0.3,P0030,40.0,0.237450626000808
1206421,1206431,KKWH12,142.6006,43.5038,207,127,0.17925408496502784,0.12331513084018375,0.23206617803509821,0.3,P0030,125.0,-0.5233857780379432
1206441,1206451,KKWH13,142.3906,43.5113,168,96,0.6457392214660738,0.5853894145176859,0.7206001408536864,0.3,P0030,94.0,-0.2771023121280535
1206461,1206471,KKWH14,142.5245,43.3841,150,154,0.43054987225195557,0.3651522806385522,0.4908371504451961,0.3,P0030,148.0,-0.3290194469663815
1206481,1206491,KKWH15,142.7656,43.8546,148,67,0.47873522004487434,0.3876142033142273,0.5403066789279378,0.3,P0030,67.0,-0.4539558556615232
1206501,1206511,KMMH01,130.6949,33.1089,99,51,0.42739635743243104,0.35471100683373635,0.5286593612005465,0.3,P0030,50.0,-0.4052296183153164
1206521,1206531,KMMH02,131.0629,33.122,124,53,0.3416179993673076,0.28825663801757284,0.43048640031608626,0.3,P0030,52.0,-0.228960190508902
1206541,1206551,KMMH03,130.8301,32.9984,200,53,0.7012423222822286,0.6244777791212792,0.7766143832111189,0.3,P0030,52.0,-0.0862526837302009
1206561,1206571,KMMH04,131.0199,32.9514,128,23,0.4213255079301202,0.37328732013355626,0.4813399763479912,0.3,P0030,21.0,-0.3405999212238281
1206581,1206591,KMMH05,131.2207,32.9553,100,45,0.9759414580809813,0.8967486503935443,1.0651437906902006,0.3,P0030,44.0,0.433428018407835
1206601,1206611,KMMH06,131.101,32.8114,111,60,0.1082558578727602,0.050027321834425605,0.15263296609599136,0.3,P0030,59.0,-0.5743124856486931
1206621,1206631,KMMH07,130.5584,32.6234,300,62,0.7368769709270098,0.6858881093819229,0.7874855678208077,0.3,P0030,60.0,-0.0795252823762578
1206641,1206651,KMMH08,131.0251,32.6501,103,41,0.5457172552392393,0.47671828475558525,0.5946739975742797,0.3,P0030,41.0,-0.1359345413037917
1206661,1206671,KMMH09,130.9046,32.4901,100,70,0.93742104040632,0.8970636064822122,1.0150323901607978,0.3,P0030,69.0,0.18370230908166
1206681,1206691,KMMH10,130.1811,32.3151,300,51,0.8139458420161811,0.7270625438368963,0.9095813578855683,0.3,P0030,50.0,0.1655578963968127
1206701,1206711,KMMH11,130.5777,32.2918,300,58,0.2990765830226172,0.2578008822966155,0.3504840604917131,0.3,P0030,57.0,-0.339491779290535
1206721,1206731,KMMH12,130.7371,32.2054,123,58,0.6481831525681468,0.5822356243004738,0.7004311026820464,0.3,P0030,57.0,0.0038996169923367
1206741,1206751,KMMH13,130.9096,32.2209,177,47,0.3875621052335145,0.3282559955405917,0.4235208265661704,0.3,P0030,45.0,-0.1023410754297571
1206761,1206771,KMMH14,130.7521,32.6345,110,68,0.7373068828076375,0.6541664071637975,0.7879292156120627,0.3,P0030,67.0,0.023968101479636
1206781,1206791,KMMH15,130.3647,32.1704,110,57,0.3080073480520956,0.2595609207592137,0.36776940355154736,0.3,P0030,57.0,-0.2648305761894036
1206801,1206811,KMMH16,130.8199,32.7967,252,57,0.8706838566992842,0.7829210767662867,0.9678049693615776,0.3,P0030,57.0,0.0670545992090451
1206821,1206831,KMMH17,130.5608,32.9873,100,30,0.2709883757682276,0.2177759832027321,0.35368673331650524,0.3,P0030,29.0,-0.6421512048613747
1206841,1206851,KMMH18,131.0071,33.0031,77,10,0.5558304034613846,0.5005529735608258,0.621520738131932,0.3,P0030,,
1206911,1206921,KNGH10,139.5195,35.4991,2000,328,1.3480492263811197,1.2852251785007316,1.4139421755227373,0.3,P0030,320.0,0.6952533939237558
1206931,1206941,KNGH11,139.3539,35.404,1800,193,0.9373397180523952,0.8551188162775558,1.0116461658160845,0.3,P0030,189.0,-0.1620707201611591
1206951,1206961,KNGH18,139.1283,35.6437,100,299,0.8302773225934765,0.7580978665081014,0.9095751426323624,0.3,P0030,289.0,0.3705405501027082
1206971,1206981,KNGH19,139.0436,35.4173,100,200,0.528703057311599,0.4584846826870729,0.6003708935747449,0.3,P0030,199.0,-0.2191979544891768
1206991,1207001,KNGH20,139.126,35.3663,105,260,0.7703320921315693,0.6569925854290637,0.8779686832865098,0.3,P0030,253.0,0.028197229791773
1207011,1207021,KNGH21,139.2146,35.4628,210,234,0.35186019241701705,0.299398579376676,0.41817511143753394,0.3,P0030,231.0,-0.3676371042357135
1207031,1207041,KNGH22,139.091,35.3583,2000,18,0.950964744867739,0.8634420437083637,0.9995449448989336,0.3,P0030,,
1207051,1207061,KNGH23,139.611,35.2624,100,171,0.4671546209939646,0.4201907922720475,0.5303803769629564,0.3,P0030,166.0,-0.2066938795918117
1207071,1207081,KOCH01,134.1197,33.5421,200,32,0.5775744679049699,0.4840071255591635,0.641055788692386,0.3,P0030,32.0,-0.3290401810268304
1207091,1207101,KOCH02,133.3641,33.7079,100,48,0.21403463813240603,0.18502514064500641,0.2596450758827183,0.3,P0030,48.0,-0.2693138520312487
1207111,1207121,KOCH03,132.9891,33.2683,100,51,0.3547097379324859,0.3050039352902294,0.38609862940417494,0.3,P0030,51.0,-0.4033393339981836
1207131,1207141,KOCH04,132.7066,32.8414,100,64,0.11625797808778959,0.08244883509270268,0.14372517760509598,0.3,P0030,63.0,-0.6415149994890311
1207151,1207161,KOCH05,133.1444,33.6472,100,55,0.2599976371951067,0.20340927805550513,0.2848488908247858,0.3,P0030,55.0,-0.3878175997941249
1207171,1207181,KOCH06,132.9524,33.0754,100,20,0.4599010831627751,0.3921078547170993,0.49627030140682943,0.3,P0030,20.0,-0.0816541589766524
1207191,1207201,KOCH07,133.2866,33.392,104,53,0.7528914508341187,0.6641337806526543,0.8371611181942933,0.3,P0030,53.0,-0.2384767561611063
1207211,1207221,KOCH08,132.9718,32.7797,100,50,0.33407965702539405,0.26493029525395684,0.41453209985572637,0.3,P0030,50.0,-0.6053774823992465
1207231,1207241,KOCH09,133.8243,33.6748,100,24,0.43501443704308385,0.33842161715671737,0.499493704692624,0.3,P0030,24.0,-0.1437694552552291
1207251,1207261,KOCH10,133.4388,33.5313,101,42,0.280682901018775,0.23425291236970372,0.3354822373445509,0.3,P0030,42.0,-0.3846282503443097
1207271,1207281,KOCH11,134.1603,33.2866,300,30,0.49476523743461376,0.4396333923090384,0.5752854022807966,0.3,P0030,30.0,-0.2711875148686334
1207291,1207301,KOCH12,133.8192,33.5294,170,32,0.6295441237726733,0.5478055589031632,0.7306015973051372,0.3,P0030,32.0,0.0498919924476023
1207311,1207321,KOCH13,133.576,33.7543,152,19,0.5113288598935082,0.38131470678753143,0.5592608360378731,0.3,P0030,,
1207331,1207341,KSRH01,144.0844,43.4361,107,258,0.3502199710063682,0.2937953001558274,0.40473982873620235,0.3,P0030,249.0,-0.1335611507769012
1207351,1207361,KSRH02,144.123,43.1142,105,254,0.6501740542861171,0.5751478301402975,0.7116906967841901,0.3,P0030,245.0,0.2870016904779081
1207371,1207381,KSRH03,144.6279,43.3848,107,228,0.5550766082191378,0.4865642212447281,0.6189440084642911,0.3,P0030,220.0,0.1880572753712509
1207391,1207401,KSRH04,144.6804,43.2139,240,228,0.39744192429908565,0.35040749303936525,0.4513161909676837,0.3,P0030,221.0,0.0492113256440494
1207411,1207421,KSRH05,144.2338,43.2556,330,271,0.25131846485789133,0.2049459633273526,0.30992350439132904,0.3,P0030,262.0,-0.1884322972503015
1207431,1207441,KSRH06,144.4285,43.22,237,268,0.35641564927347724,0.2851893059062772,0.4228778393449318,0.3,P0030,260.0,-0.0542974295315219
1207451,1207461,KSRH07,144.3274,43.1359,222,272,0.47594451464604004,0.4128438800672197,0.5438503316792559,0.3,P0030,263.0,0.0993282047361737
1207471,1207481,KSRH08,143.8936,43.1603,100,244,0.4560737005512331,0.4056365289002728,0.5473260324359597,0.3,P0030,240.0,-0.148650010039903
1207491,1207501,KSRH09,143.9841,42.9856,100,271,0.7779073373529266,0.7056836099608641,0.8498275826667905,0.3,P0030,262.0,0.4119120418750548
1207511,1207521,KSRH10,145.1168,43.2084,255,173,0.8866226433462456,0.819806091713139,0.9762918666863579,0.3,P0030,167.0,0.1781577123148752
1207531,1207541,KYTH01,135.1243,35.5243,155,38,0.7620493562102533,0.693328956530039,0.8282479051086061,0.3,P0030,38.0,0.0690950625847299
1207551,1207561,KYTH02,135.2496,35.7101,200,27,0.45705883772701467,0.37868598170410916,0.5235047247592697,0.3,P0030,27.0,-0.0319974485739667
1207571,1207581,KYTH03,135.1334,35.313,300,34,0.3532482875882751,0.2568680540816369,0.42966393658809665,0.3,P0030,34.0,-0.3917238158318751
1207591,1207601,KYTH04,135.5508,35.2685,100,42,0.24025661684796346,0.17401995569882722,0.29820134096544504,0.3,P0030,42.0,-0.4153500409181598
1207611,1207621,KYTH05,135.0268,35.6814,150,21,0.9778731187884708,0.9383479175136715,1.0620271884336683,0.3,P0030,21.0,0.2141333310530918
1207631,1207641,KYTH06,135.4846,35.0469,100,16,0.2540529434794175,0.19698328465838838,0.28299284723241047,0.3,P0030,,
1207651,1207661,KYTH07,135.7461,34.8983,800,33,0.8744427114266407,0.8055607168063231,0.9181420536403013,0.3,P0030,33.0,-0.0110454881929552
1207671,1207681,KYTH08,135.7304,35.0094,703,21,0.7373157391163784,0.6835160716369396,0.7770444048137125,0.3,P0030,21.0,-0.203436211073152
1207701,1207711,MIEH01,136.4563,34.9849,140,65,0.3041099672832625,0.2596332247604606,0.3730747358439656,0.3,P0030,65.0,-0.0801254188579332
1207721,1207731,MIEH02,136.2835,34.7662,200,47,0.44853102920624405,0.40230400796391275,0.5155113560973159,0.3,P0030,47.0,-0.3161214459146658
1207741,1207751,MIEH03,136.3692,34.547,100,45,0.25700046220969286,0.2065522968652139,0.3095066007963289,0.3,P0030,44.0,-0.1025331967459941
1207761,1207771,MIEH04,136.5866,34.3532,112,47,0.24453460140946084,0.2021670001990189,0.30504336946664445,0.3,P0030,46.0,-0.5413166672213469
1207781,1207791,MIEH05,136.1689,34.0637,100,38,0.3951270459477555,0.35728144388892114,0.47815251194087055,0.3,P0030,37.0,-0.093415020769371
1207801,1207811,MIEH06,136.3293,34.358,100,43,0.2151317447467528,0.1718857341463367,0.25070446396046936,0.3,P0030,42.0,-0.5204420604849574
1207821,1207831,MIEH07,136.8216,34.2544,207,43,0.37827431261437466,0.3287420293165149,0.43276584354881004,0.3,P0030,42.0,-0.3124720175602475
1207841,1207851,MIEH08,136.5033,34.5424,150,44,0.35968960884061085,0.26026755384514877,0.4303593303666886,0.3,P0030,43.0,-0.326784985362849
1207861,1207871,MIEH09,135.9969,33.7644,100,36,0.33548860496014343,0.23727555463829236,0.47106248338499623,0.3,P0030,35.0,-0.4259676327370085
1207881,1207891,MIEH10,136.4245,34.8224,197,53,0.5358562060069874,0.4769278026127213,0.5944383270789483,0.3,P0030,52.0,0.0700589100098273
1207901,1207911,MYGH01,140.9969,38.24,1206,150,0.8891207512001902,0.8105831618239066,0.9479738359315075,0.3,P0030,143.0,-0.0600820345951132
1207921,1207931,MYGH02,140.6513,38.8587,203,233,0.856587246335351,0.7953245384439095,0.9216411947803017,0.3,P0030,225.0,-0.1321071287048328
1207941,1207951,MYGH03,141.6377,38.9207,117,538,0.14245185111394376,0.08808231587313703,0.2018242683290164,0.3,P0030,517.0,-0.3015313003498584
1207961,1207971,MYGH04,141.3254,38.786,100,584,0.20305494541963612,0.1561547652206277,0.2529664642907286,0.3,P0030,557.0,-0.0194292484783536
1207981,1207991,MYGH05,140.7804,38.5793,337,355,0.4544732672979884,0.41141111249265816,0.49878075242260034,0.3,P0030,337.0,0.1519514022342631
1208001,1208011,MYGH06,141.071,38.5907,100,604,0.16136845378391879,0.10791945004181878,0.21846448095986876,0.3,P0030,578.0,-0.2132590480337745
1208021,1208031,MYGH07,140.6405,38.1802,142,305,0.40183666334287005,0.35611793863459906,0.45559818777459166,0.3,P0030,299.0,0.5016878430714944
1208041,1208051,MYGH08,140.8441,38.1133,100,675,0.20043836889881794,0.14683858345374512,0.25121507827194856,0.3,P0030,647.0,-0.0252593526211951
1208061,1208071,MYGH09,140.6027,38.0091,100,650,0.3166112459887664,0.26154263828686874,0.37029604840332886,0.3,P0030,624.0,0.1163062047619361
1208081,1208091,MYGH10,140.8924,37.9411,205,655,0.4219599067526738,0.3753261325817856,0.48045091025279346,0.3,P0030,632.0,0.2494861060238067
1208101,1208111,MYGH11,141.3421,38.5158,207,377,0.5944316556828345,0.5057701029200343,0.6647473038882302,0.3,P0030,364.0,0.1471784594027325
1208121,1208131,MYGH12,141.4428,38.6416,102,169,0.15465325066726715,0.11553143334686845,0.1942639478862969,0.3,P0030,159.0,-0.3645782923848068
1208141,1208151,MYGH13,141.4176,38.6993,80,217,1.2800815256972167,1.179912734974825,1.373567990309383,0.3,P0030,212.0,0.824374213748839
1208161,1208171,MYGH14,140.9551,38.34,1034,204,1.0878433143141844,1.0106121785937026,1.1721060362585218,0.3,P0030,198.0,0.4222396313712938
1208191,1208201,MYZH01,131.2257,32.6536,103,29,0.6458883625087465,0.6103366478410925,0.7188017770510052,0.3,P0030,28.0,0.1460927976423909
1208211,1208221,MYZH02,131.6829,32.6972,210,35,0.325578218948086,0.28542528251444566,0.39180709796908886,0.3,P0030,34.0,-0.1636318149901502
1208231,1208241,MYZH03,131.1043,32.4754,200,36,0.5420312227183164,0.4885183323254584,0.6171031033889944,0.3,P0030,36.0,-0.0448665440901168
1208251,1208261,MYZH04,131.3349,32.5181,100,68,0.5871120492352324,0.516267017153779,0.6351915748968483,0.3,P0030,66.0,-0.0392811859814676
1208271,1208281,MYZH05,131.2668,32.347,100,51,0.3111267330232468,0.2816778906862168,0.3430890363071616,0.3,P0030,49.0,-0.4570998883232654
1208291,1208301,MYZH06,131.4643,32.3607,100,26,0.3104567174442997,0.2337249169099739,0.34156428737405903,0.3,P0030,25.0,-0.2451664941075186
1208311,1208321,MYZH07,131.1946,32.1987,100,29,0.26624374468251577,0.24376062064952553,0.324672015852305,0.3,P0030,29.0,-0.2699190622567137
1208331,1208341,MYZH08,131.5309,32.2132,213,69,0.39791637117492346,0.35038434706503835,0.4460380374055301,0.3,P0030,67.0,-0.0973566409522335
1208351,1208361,MYZH09,131.0618,32.0421,100,44,0.47295333433981657,0.41513351153960293,0.5429897411745866,0.3,P0030,42.0,-0.3908066319988673
1208371,1208381,MYZH10,131.29,32.0215,100,78,0.4167252970429567,0.3726296764475204,0.4688873714745926,0.3,P0030,76.0,-0.0816858049193669
1208391,1208401,MYZH11,131.47,32.0208,212,37,0.8896376877918575,0.8029986696900072,0.9605622753834526,0.3,P0030,36.0,0.2930634540417338
1208411,1208421,MYZH12,130.9454,31.8643,101,57,1.0240095037812973,0.9247579274402934,1.1080098132501992,0.3,P0030,55.0,0.2673445413518057
1208431,1208441,MYZH13,131.0791,31.7301,117,89,0.2856452022958861,0.17184148997944468,0.36684689842869034,0.3,P0030,87.0,-0.1005206348582696
1208451,1208461,MYZH14,131.351,31.5649,201,28,1.0302123816008542,0.9240148568085808,1.0849246932578422,0.3,P0030,27.0,0.0868912507075791
1208471,1208481,MYZH15,131.5893,32.3654,200,61,0.6853994396811753,0.6170672903500983,0.758975783790025,0.3,P0030,60.0,0.1709661021837639
1208491,1208501,MYZH16,131.6958,32.506,100,61,0.3931886849480015,0.3090583226178902,0.4401351207239604,0.3,P0030,60.0,-0.0702459146541393
1208511,1208521,NARH01,135.6489,33.9666,99,33,0.8745511206740324,0.826421794321188,0.9467982087659494,0.3,P0030,32.0,0.4443277221673054
1208531,1208541,NARH02,135.8574,33.9692,100,21,0.3714558099314024,0.28658526102848225,0.4165321214221647,0.3,P0030,21.0,-0.2047831756039903
1208551,1208561,NARH03,136.0022,34.2925,101,36,0.4785211296257793,0.4277467004816951,0.5767670040078723,0.3,P0030,36.0,-0.1216602025465878
1208571,1208581,NARH04,135.8369,34.3061,101,35,0.19974297054804818,0.16798055403037343,0.293940845812945,0.3,P0030,34.0,-0.2173775059062048
1208591,1208601,NARH05,136.0294,34.4237,101,43,0.5454973239790104,0.48217373588895973,0.6812130011316986,0.3,P0030,42.0,-0.0526483351460681
1208611,1208621,NARH06,136.0512,34.6413,101,39,0.5057694340397103,0.430206436238589,0.5813256075531072,0.3,P0030,39.0,0.0772126366286513
1208631,1208641,NARH07,135.8541,34.5843,100,24,0.41104951681727997,0.332350274411239,0.521488338292116,0.3,P0030,24.0,-0.1758514754880869
1208651,1208661,NGNH03,137.7346,35.4786,165,95,0.6443995209040516,0.578705925623571,0.7046990924658534,0.3,P0030,95.0,0.3826672728838726
1208671,1208681,NGNH07,138.376,36.7434,200,67,0.5550334863442244,0.490003438881015,0.6308358901030986,0.3,P0030,65.0,-0.5030022085344477
1208691,1208701,NGNH08,137.8591,36.2541,250,54,0.4297017236223423,0.36132410373238466,0.47220426376697255,0.3,P0030,51.0,-0.1398842345982266
1208711,1208721,NGNH09,138.2491,36.2859,100,46,0.39605516666564555,0.3236560122672444,0.44613159754531406,0.3,P0030,43.0,-0.4827665874251954
1208731,1208741,NGNH10,137.7669,35.9632,104,156,0.4570335349100403,0.3747677694367556,0.5300191348739542,0.3,P0030,153.0,-0.0063144766088086
1208751,1208761,NGNH11,138.3052,35.9157,206,158,0.9668151424155522,0.8924759589296156,1.0256453743529952,0.3,P0030,155.0,0.1769792087697412
1208771,1208781,NGNH12,138.4797,35.9696,206,151,0.1450689776199045,0.07458857436961489,0.2054768946979811,0.3,P0030,147.0,-0.2905746648836848
1208791,1208801,NGNH13,137.8767,35.5143,124,106,0.4946585016543962,0.4256248214669026,0.5572931787435268,0.3,P0030,104.0,-0.1062125215376987
1208811,1208821,NGNH14,137.6261,35.3095,101,66,0.39516494909881006,0.3394307648669481,0.4962214383355498,0.3,P0030,65.0,0.0026085495549455
1208831,1208841,NGNH15,137.9305,36.0088,100,69,0.35133776658588184,0.27637159618994195,0.4054566470271345,0.3,P0030,67.0,-0.4192071848904621
1208851,1208861,NGNH16,138.1848,35.9465,247,135,0.8333184521607881,0.7682496182843519,0.9152042525433535,0.3,P0030,133.0,0.236562806297736
1208871,1208881,NGNH17,138.5504,36.1425,100,140,0.24979962995790378,0.20989472111787613,0.29441520595741094,0.3,P0030,134.0,-0.4804155980774697
1208891,1208901,NGNH18,137.595,35.9324,100,117,1.1334953482885946,1.06076288365547,1.2213230083215967,0.3,P0030,115.0,0.3420972065631251
1208911,1208921,NGNH19,138.5845,35.9735,115,185,0.7758001228375614,0.7194013034292497,0.825683142759426,0.3,P0030,180.0,0.0442211279126762
1208931,1208941,NGNH20,137.7173,35.787,100,89,0.5209447680845661,0.416988736179069,0.584191970562227,0.3,P0030,86.0,-0.0769815994342095
1208951,1208961,NGNH21,137.9236,35.8315,181,106,0.38262655945389146,0.3303747233169825,0.4164208525066901,0.3,P0030,106.0,-0.1231635365356608
1208971,1208981,NGNH22,138.0824,35.7946,100,106,0.37553235484875214,0.29042620362024074,0.434882374083258,0.3,P0030,103.0,-0.2446961957662222
1208991,1209001,NGNH23,137.6105,35.6056,102,146,0.5256578610469569,0.43185671924432234,0.5895449874303778,0.3,P0030,145.0,0.0627558389788023
1209011,1209021,NGNH24,137.8797,35.6152,107,189,0.2862839743430001,0.2375333728910899,0.33001837458107347,0.3,P0030,185.0,-0.0560586737115709
1209031,1209041,NGNH25,137.9268,35.2986,102,125,0.3594188549728682,0.2742382829014345,0.4176371749168626,0.3,P0030,124.0,-0.3941340246216535
1209051,1209061,NGNH26,138.1474,36.4663,103,59,0.748008126292946,0.6840842963036364,0.7917473390027215,0.3,P0030,56.0,-0.0791342758377741
1209071,1209081,NGNH27,138.0479,36.577,102,152,0.3327875306188406,0.2719638064301405,0.39783532813821765,0.3,P0030,150.0,-0.2455029797337192
1209091,1209101,NGNH28,138.0964,36.7075,120,144,0.42310142953419383,0.34465974065008154,0.48422943484540526,0.3,P0030,142.0,-0.5176582413163371
1209111,1209121,NGNH29,138.4408,36.9102,110,152,0.5254372180453029,0.46578755004677674,0.5737861552866721,0.3,P0030,150.0,-0.2651342729730953
1209131,1209141,NGNH30,137.6849,36.064,101,126,0.6309391091142789,0.5634549576785264,0.7267474311992176,0.3,P0030,123.0,-0.1489789990069721
1209151,1209161,NGNH31,137.9389,36.1184,218,129,0.4164579382363488,0.3617573968391735,0.49590262188747986,0.3,P0030,126.0,-0.4253170002010505
1209171,1209181,NGNH32,137.9898,36.2578,100,80,0.7429081477824059,0.6888329942803411,0.8001389859026549,0.3,P0030,77.0,-0.0534331055312188
1209191,1209201,NGNH33,137.9637,36.4598,106,90,0.5175861395424697,0.4682724052357353,0.6208265377065594,0.3,P0030,87.0,-0.2304693608508836
1209211,1209221,NGNH34,137.8201,36.5327,106,87,0.49982658444050193,0.3903874740297992,0.568635841903266,0.3,P0030,85.0,-0.5093248628240911
1209231,1209241,NGNH35,137.8201,36.3824,105,66,0.5012371039783232,0.4242403463156105,0.5558407391296527,0.3,P0030,63.0,-0.3888249175005555
1209251,1209261,NGNH36,137.8482,36.6984,629,19,0.5788392707756506,0.5499186800261009,0.6339838167656231,0.3,P0030,,
1209271,1209281,NGNH37,138.4967,36.3308,709,96,0.8729751873843615,0.8008065148839513,0.9452325953557522,0.3,P0030,94.0,0.0451254103956154
1209291,1209301,NGNH54,138.0058,35.4489,104,96,0.5494878893890919,0.47503395922333863,0.6520301684305149,0.3,P0030,95.0,-0.271723746234516
1209311,1209321,NGSH01,129.4353,33.2116,207,40,0.9242320993662869,0.7649505316514207,0.9991932201770367,0.3,P0030,38.0,0.0167024621738711
1209331,1209341,NGSH02,129.7652,33.2122,112,18,0.362990360767268,0.2888071179808624,0.39515729656461607,0.3,P0030,,
1209351,1209361,NGSH03,129.8102,33.1256,200,49,0.32922105942243335,0.2819804201093674,0.403914535040987,0.3,P0030,47.0,-0.3847159031277288
1209371,1209381,NGSH04,129.8026,32.9553,100,32,1.124190662348226,1.026817841673394,1.2004776270335897,0.3,P0030,30.0,0.0375851294995065
1209391,1209401,NGSH05,130.1408,32.9103,200,18,0.30408853386822765,0.26937198355809566,0.38914353642759325,0.3,P0030,,
1209411,1209421,NGSH06,129.8625,32.6999,200,37,0.4488603131133558,0.3840398679104199,0.5759143342980134,0.3,P0030,35.0,-0.3575993021121887
1209431,1209441,NIGH01,138.8876,37.4272,100,215,0.5131736286974972,0.4628120278791379,0.5869902678444956,0.3,P0030,205.0,0.0083564645196576
1209451,1209461,NIGH02,139.5486,38.2799,104,462,0.28267211892211325,0.22829287937404408,0.3301431439997456,0.3,P0030,445.0,-0.1390883922543578
1209471,1209481,NIGH03,139.4289,38.1327,221,251,0.4087669401450309,0.36152663572284205,0.4671365370038112,0.3,P0030,245.0,-0.3489921117622493
1209491,1209501,NIGH04,139.5428,38.1313,100,375,0.2804717516483728,0.23304866101973226,0.3286735736870495,0.3,P0030,361.0,-0.2224416999166427
1209511,1209521,NIGH05,139.2788,37.9759,147,292,0.34091224746952414,0.2913761040006292,0.39290345627423906,0.3,P0030,283.0,-0.5318959871506449
1209531,1209541,NIGH06,139.0676,37.6527,100,232,0.782516786304799,0.7050623586782732,0.8487705621731755,0.3,P0030,220.0,0.300136343002935
1209551,1209561,NIGH07,139.261,37.6658,106,249,0.547589840962394,0.44342487067463293,0.6118486320038186,0.3,P0030,241.0,-0.4579834067427486
1209571,1209581,NIGH08,139.4648,37.6708,300,398,0.5351965906124089,0.4670394079360548,0.5930117855923549,0.3,P0030,383.0,-0.1102556891129515
1209591,1209601,NIGH09,139.1279,37.5386,100,230,0.3737744562553428,0.3199494787226052,0.42466718922688323,0.3,P0030,225.0,-0.3817883038815393
1209611,1209621,NIGH10,139.3648,37.5438,100,309,0.5600914594224344,0.4909141254794559,0.6374216530728053,0.3,P0030,300.0,-0.221805706889896
1209631,1209641,NIGH11,138.744,37.1728,205,296,0.3093461828379936,0.25561357637852655,0.36168349122440624,0.3,P0030,288.0,-0.2974800055446699
1209651,1209661,NIGH12,138.9821,37.2239,110,202,0.3795912702610614,0.3302666947845635,0.42455759475784427,0.3,P0030,194.0,-0.5038086700312402
1209671,1209681,NIGH13,138.3966,37.0544,100,72,0.39804685808949014,0.30223522918230283,0.47453909082882895,0.3,P0030,71.0,-0.2405135528374907
1209691,1209701,NIGH14,138.8521,37.0303,387,234,0.4496522673949275,0.39664531461779357,0.517302589930459,0.3,P0030,228.0,-0.3637295804412227
1209711,1209721,NIGH15,138.9951,37.0533,100,240,0.44618761169126164,0.36200240506994863,0.5271980802596381,0.3,P0030,234.0,-0.4184732953116037
1209731,1209741,NIGH16,137.848,36.9378,100,38,0.7395753195785957,0.6615733905595726,0.8031644122678107,0.3,P0030,35.0,-0.0995786943775728
1209751,1209761,NIGH17,138.0966,36.8569,150,138,0.48773740703358354,0.406908555194865,0.5849504079432766,0.3,P0030,135.0,-0.5115977752864131
1209771,1209781,NIGH18,138.2594,36.9425,110,106,0.795799731925835,0.683934255061367,0.8678427945457576,0.3,P0030,103.0,-0.0580831675442515
1209791,1209801,NIGH19,138.7849,36.8114,100,174,0.7815909560566905,0.7111695281253809,0.83789012143033,0.3,P0030,169.0,0.0151271944263765
1209811,1209821,NMRH01,145.0246,43.785,110,220,0.1737115973126127,0.12562966953919713,0.21607181113358798,0.3,P0030,212.0,-0.2993109054261161
1209831,1209841,NMRH02,144.9618,43.6772,103,221,0.5475295746220085,0.4883037401475117,0.6141267194263017,0.3,P0030,213.0,0.2012134995246945
1209851,1209861,NMRH03,144.9665,43.5508,227,229,0.37584416234105267,0.3268457878550076,0.42517556742162715,0.3,P0030,220.0,-2.5356742859358644e-05
1209871,1209881,NMRH04,145.1224,43.3978,216,223,0.5031308275997088,0.44618215726110966,0.5587503875263873,0.3,P0030,214.0,0.1557227658887226
1209891,1209901,NMRH05,144.8021,43.39,220,221,0.5458997018223257,0.5044055318530429,0.599989376539018,0.3,P0030,213.0,0.281997126437159
1209911,1209921,OITH01,131.0326,33.4122,200,38,0.3641239128838174,0.27449799282620946,0.4575862748897026,0.3,P0030,37.0,-0.5346837489111291
1209931,1209941,OITH02,131.4429,33.4581,100,32,0.5253992349149172,0.4780015395738109,0.600308133455499,0.3,P0030,31.0,-0.2432807024536932
1209951,1209961,OITH03,131.6856,33.4736,400,46,0.5946428713375296,0.5490256231737082,0.692853087219363,0.3,P0030,46.0,-0.0863061627516656
1209971,1209981,OITH04,131.3473,33.1306,230,37,0.6237140426143207,0.5465855733048048,0.6612590180233997,0.3,P0030,37.0,0.0309253717477632
1209991,1210001,OITH05,131.542,33.1525,100,37,0.23319452548747918,0.19245197867503078,0.282130090844919,0.3,P0030,37.0,-0.266896468310396
1210011,1210021,OITH06,131.3984,32.9726,104,24,0.37457823053514183,0.2864560697137558,0.4473950518317411,0.3,P0030,24.0,-0.0462893764844304
1210031,1210041,OITH07,131.5881,32.987,101,38,1.2061640016439261,1.0530104653806986,1.2921352847601844,0.3,P0030,37.0,0.5772919866806473
1210051,1210061,OITH08,131.5357,32.8392,101,52,0.1506535902673821,0.10585074106194116,0.22099809579810753,0.3,P0030,51.0,-0.318230327795616
1210071,1210081,OITH09,131.6786,32.8486,100,17,0.06998281865421863,0.036410506988485414,0.1639609334480019,0.3,P0030,,
1210091,1210101,OITH10,131.8695,32.9278,100,52,0.31880525301581697,0.2543576581130759,0.3932003491708381,0.3,P0030,51.0,-0.0643794877082928
1210111,1210121,OITH11,131.2118,33.2844,160,45,0.4538257825143606,0.40712647264304375,0.5540022840805782,0.3,P0030,44.0,-0.2923843340794942
1210131,1210141,OKYH01,133.8905,34.507,200,23,0.9777974710032041,0.9005631517398323,1.0719059882751771,0.3,P0030,23.0,0.4869015060567763
1210151,1210161,OKYH02,134.0702,34.7501,200,24,0.31020352474060764,0.2139498455274162,0.34172154728276394,0.3,P0030,24.0,-0.7760590587555932
1210171,1210181,OKYH03,133.789,34.7783,201,32,0.5310046809939621,0.46188222666408696,0.6061898060113964,0.3,P0030,32.0,-0.0251044130741745
1210191,1210201,OKYH04,133.6861,34.6429,100,44,0.20016773106134655,0.159827551658041,0.2624470441501846,0.3,P0030,44.0,-0.486856022875941
1210211,1210221,OKYH05,133.8527,34.8684,100,40,0.2136182533131123,0.1975146241132391,0.24230511848920747,0.3,P0030,40.0,-0.1822872412528117
1210231,1210241,OKYH06,133.5283,34.6756,100,35,0.5462470841988252,0.4971808107256933,0.6047328645984507,0.3,P0030,35.0,-0.0790153165075011
1210251,1210261,OKYH07,133.3169,35.0493,100,27,0.18333404291857083,0.15013639407027388,0.23867529094404943,0.3,P0030,27.0,-0.3549727831138439
1210271,1210281,OKYH08,133.4055,34.9103,100,41,0.2148682387156903,0.18580588056151504,0.31818345520495306,0.3,P0030,41.0,-0.3003913946716159
1210291,1210301,OKYH09,133.6765,35.1809,100,31,0.3500776774163655,0.23751256847898017,0.49641613569368886,0.3,P0030,31.0,-0.3040415333031874
1210311,1210321,OKYH10,133.9263,35.2826,200,13,0.7590406348887351,0.6861953698059896,0.8461757681175021,0.3,P0030,,
1210331,1210341,OKYH11,134.1162,35.0732,200,31,0.49837236623937,0.420959603822051,0.5637795459307535,0.3,P0030,31.0,-0.2419295654958901
1210351,1210361,OKYH12,134.319,35.0999,200,37,0.48072241729904747,0.3626397019360039,0.5520533442826911,0.3,P0030,37.0,-0.2142996590060726
1210371,1210381,OKYH13,134.2744,34.7283,102,18,0.17369081733896752,0.15911465104823325,0.2174616749101403,0.3,P0030,,
1210391,1210401,OKYH14,133.6205,34.9363,100,29,0.296745145891039,0.25297945500146807,0.35621182000936163,0.3,P0030,29.0,-0.2758139095150898
1210411,1210421,OSKH01,135.2836,34.3977,1504,32,0.7654391850261133,0.6564953707822895,0.9123458957273008,0.3,P0030,32.0,-0.3059145974254187
1210431,1210441,OSKH02,135.3896,34.6628,2007,31,0.5857062016164831,0.4715756309617035,0.6465138410599315,0.3,P0030,31.0,-0.541231924285749
1210451,1210461,OSKH03,135.6608,34.5248,100,17,0.4506590283196346,0.3495988210378286,0.49621904093126745,0.3,P0030,,
1210471,1210481,OSKH04,135.7052,34.763,200,27,0.39719050315322046,0.3115531264484921,0.4357981344066969,0.3,P0030,27.0,-0.258070936622923
1210491,1210501,OSKH05,135.5199,34.7159,982,12,0.8004342448789078,0.7363040516499803,0.8663122264405788,0.3,P0030,,
1210521,1210531,OSMH01,140.4207,41.5977,150,169,0.6431636492835745,0.5686526331185926,0.7085302844535781,0.3,P0030,167.0,-0.1471691429734191
1210541,1210551,OSMH02,140.6331,41.8374,360,169,0.5591533578749563,0.5035664511137626,0.6187669617710105,0.3,P0030,166.0,-0.1003551089615459
1210561,1210571,RMIH01,142.0795,45.0167,100,19,0.5155918380177137,0.4620972013758851,0.6040401877016279,0.3,P0030,,
1210581,1210591,RMIH02,141.9251,44.8948,107,20,0.6301752903642768,0.5858371758452591,0.6733960729184711,0.3,P0030,20.0,-0.3765466521178624
1210601,1210611,RMIH03,141.8187,44.6359,209,11,0.7801957262708548,0.6944430928794482,0.8243231090401758,0.3,P0030,,
1210621,1210631,RMIH04,141.9621,44.0974,100,27,0.3210560331368616,0.2809741648859851,0.38206257477714023,0.3,P0030,27.0,-0.6572618066365344
1210641,1210651,RMIH05,141.7876,44.0254,105,51,1.0144953056363069,0.8922655664696257,1.042499618894116,0.3,P0030,51.0,-0.0519672421733826
1210661,1210671,SAGH01,129.8877,33.508,200,35,0.36697774608399447,0.27367865580109096,0.42984784887837457,0.3,P0030,34.0,-0.4058145618095987
1210681,1210691,SAGH02,129.8798,33.2656,102,31,0.44547846426394344,0.34598482628401106,0.5669505723801171,0.3,P0030,29.0,-0.4900737134087798
1210701,1210711,SAGH03,130.2329,33.4098,103,14,0.6451549655296109,0.5305427190342341,0.6950931939322468,0.3,P0030,,
1210721,1210731,SAGH04,130.4046,33.3654,200,44,0.5034306692554527,0.40341414969208,0.6056356033023219,0.3,P0030,43.0,-0.5609314207224237
1210741,1210751,SAGH05,130.1046,33.1806,203,52,0.18916282137187032,0.14559233294646365,0.22957814784326763,0.3,P0030,50.0,-0.780002342741425
1210761,1210771,SBSH01,140.6228,43.2341,100,29,0.41992048622246525,0.31252476695403875,0.4646724659979324,0.3,P0030,29.0,-0.5382876624195059
1210781,1210791,SBSH02,140.5017,43.0527,100,48,0.41452818364532673,0.35319702333692626,0.4966637870238257,0.3,P0030,47.0,-0.553884916191251
1210801,1210811,SBSH03,140.8199,43.0842,220,67,0.8036968600378142,0.7452210303380584,0.861795089047795,0.3,P0030,65.0,0.0852458121601108
1210821,1210831,SBSH04,140.6219,42.9758,200,39,0.735099857891416,0.6878539640028329,0.7884933854284462,0.3,P0030,38.0,-0.5086458366351408
1210841,1210851,SBSH05,140.8223,42.95,100,40,0.8575580834157537,0.7936299716247768,0.9092225838639503,0.3,P0030,40.0,-0.156947828059341
1210861,1210871,SBSH06,140.4831,42.8309,130,84,0.42997455447380234,0.38865568640521675,0.5023495908218711,0.3,P0030,82.0,-0.4503810279095939
1210881,1210891,SBSH07,140.8084,42.763,100,108,0.8208054758674366,0.7327806923003396,0.909080770012816,0.3,P0030,105.0,0.145211209844002
1210901,1210911,SBSH08,140.9766,42.768,100,88,0.9092283723893297,0.8494515778894848,0.9878948728938334,0.3,P0030,87.0,-0.009293119205702
1210921,1210931,SBSH09,140.4841,42.6104,100,53,0.5057213243911572,0.4560991688003247,0.5613171249031585,0.3,P0030,52.0,-0.3170761346002576
1210941,1210951,SBSH10,140.1557,42.7797,100,44,0.390030603041539,0.30658677299128795,0.4410692397807353,0.3,P0030,43.0,-0.5526208007283813
1210961,1210971,SIGH01,136.3599,35.2383,100,44,0.6581049961160539,0.6041594070613451,0.6937371831819681,0.3,P0030,44.0,0.147088479458245
1210981,1210991,SIGH02,135.8671,35.2482,100,19,0.5845035396206474,0.5151693809550628,0.7040443041743695,0.3,P0030,,
1211001,1211011,SIGH03,136.0316,34.853,200,37,0.9164451206957809,0.8618502414945874,0.9694855910338134,0.3,P0030,37.0,0.117331243153552
1211021,1211031,SIGH04,136.261,34.9638,200,37,0.7030511732128328,0.6523011676618756,0.7715242974178373,0.3,P0030,37.0,-0.0410262068674404
1211041,1211051,SITH01,139.7349,35.929,3510,207,0.9127552514717319,0.8275376474233581,0.987945162865306,0.3,P0030,201.0,-0.0486291292648239
1211061,1211071,SITH03,139.3843,35.899,1800,226,0.4833887843097877,0.4263001036374904,0.5353525297266706,0.3,P0030,218.0,-0.2862149972070247
1211081,1211091,SITH04,139.5353,35.8028,2000,296,0.43253818612344075,0.3858941393559086,0.49008702701834944,0.3,P0030,281.0,-0.3589583225966902
1211101,1211111,SITH05,139.0504,36.1509,100,303,0.4493060311114088,0.39133093235003724,0.5025317609905494,0.3,P0030,292.0,-0.1254246805907313
1211121,1211131,SITH06,139.2894,36.1131,200,371,0.5018828896222446,0.44878366019362864,0.5607748776029025,0.3,P0030,357.0,-0.0377742657135124
1211141,1211151,SITH07,139.1485,35.9118,102,352,0.428178093050832,0.37376128425536503,0.48873054315854714,0.3,P0030,339.0,-0.1256575020343872
1211161,1211171,SITH08,138.9691,36.0274,100,340,0.4926128183338486,0.4390535921810158,0.552778150301902,0.3,P0030,331.0,-0.0164729788225148
1211181,1211191,SITH09,139.0993,36.0715,122,198,0.3170515091757225,0.2633592159611554,0.36961045795164327,0.3,P0030,188.0,-0.2406866179538206
1211201,1211211,SITH10,139.2191,35.9964,102,291,0.39081839757508136,0.33357892622078733,0.4445326245327418,0.3,P0030,282.0,-0.1643447804967961
1211221,1211231,SITH11,139.2726,35.8637,101,347,1.217748313382205,1.1269919157097923,1.2871290727011893,0.3,P0030,334.0,0.5923334613533073
1211241,1211251,SITH12,139.2194,35.9969,100,21,0.3855899851346458,0.3472088268004927,0.4259602102798523,0.3,P0030,,
1211281,1211291,SMNH01,133.2604,35.2963,101,20,0.5040355533785592,0.4365094353021536,0.6510211990187927,0.3,P0030,20.0,-0.2155943268454422
1211301,1211311,SMNH02,133.0856,35.2235,101,24,0.5542617006373143,0.5084372843837652,0.6498876905767035,0.3,P0030,24.0,-0.079445233221184
1211321,1211331,SMNH03,132.7223,35.2243,101,28,0.7029955377109218,0.5362246482829172,0.7863694427480127,0.3,P0030,28.0,0.0486714630523522
1211341,1211351,SMNH04,132.5308,35.0918,101,30,0.9113864881576056,0.800137615886708,1.0568729192602462,0.3,P0030,30.0,0.2880793529927429
1211361,1211371,SMNH05,132.6396,34.8697,101,26,0.2118630084293266,0.17828154457626763,0.2610629559281522,0.3,P0030,26.0,-0.4112874062250391
1211381,1211391,SMNH06,132.2026,34.8839,201,27,1.0134558782543395,0.9174374736021562,1.0722021025112034,0.3,P0030,27.0,0.2732650989731272
1211401,1211411,SMNH07,132.0402,34.694,209,37,0.8450407995984867,0.7788005559955232,0.9058242757381046,0.3,P0030,37.0,0.3564161670566529
1211421,1211431,SMNH08,132.4208,34.8801,100,23,0.2717089286239428,0.20621816610423915,0.30531913965357593,0.3,P0030,23.0,-0.3566008954159895
1211441,1211451,SMNH09,132.0122,34.5725,200,40,0.2742867572182228,0.21167050228771186,0.3577302617704386,0.3,P0030,40.0,-0.1628186501041564
1211461,1211471,SMNH10,133.3004,35.5579,200,20,0.37413522543468664,0.33654719596440813,0.4259913773469105,0.3,P0030,20.0,-0.4818948671418056
1211481,1211491,SMNH11,132.8008,35.4259,200,19,0.4536135139465449,0.4090013332421687,0.5118107773029215,0.3,P0030,,
1211501,1211511,SMNH12,132.8558,35.1634,101,22,0.32301676771926985,0.2474956470918883,0.4385340383556694,0.3,P0030,22.0,-0.2565039468265043
1211521,1211531,SMNH13,132.3069,35.0087,100,23,0.20410138397297495,0.1241078743471451,0.29026793650268623,0.3,P0030,23.0,-0.4905899244105379
1211541,1211551,SMNH14,131.8925,34.3904,100,18,0.38535259603487376,0.3366813283752233,0.4395189668917101,0.3,P0030,,
1211561,1211571,SMNH15,133.0226,35.5232,102,12,0.9178507474178297,0.893832655533067,0.9519624747005191,0.3,P0030,,
1211581,1211591,SMNH16,132.8989,35.3422,99,18,1.155716347027162,1.127183159189573,1.1904881027388319,0.3,P0030,,
1211601,1211611,SOYH01,142.1185,45.3346,100,15,0.792284956325951,0.7063974809827067,0.8131262810592605,0.3,P0030,,
1211621,1211631,SOYH02,142.2254,45.2163,100,12,0.4401362936048156,0.3807147980079916,0.49381849304367065,0.3,P0030,,
1211641,1211651,SOYH03,141.6334,45.2531,137,5,0.7621378686973623,0.7276617236874205,0.7909171675777146,0.3,P0030,,
1211661,1211671,SOYH04,141.8806,45.2303,203,13,0.4202349378125336,0.39739609190206393,0.5239148306527623,0.3,P0030,,
1211681,1211691,SOYH05,141.885,45.4883,202,14,0.48525910943716455,0.4428604955567062,0.5097520304711805,0.3,P0030,,
1211701,1211711,SOYH06,141.7834,45.1019,135,17,0.8333862501010376,0.791094179380529,0.948774588718314,0.3,P0030,,
1211721,1211731,SOYH07,142.4307,45.1001,150,11,0.27851594243335204,0.1716348899381963,0.3736012357788356,0.3,P0030,,
1211741,1211751,SOYH08,142.2247,44.9387,100,19,0.6491786672778506,0.47399990773556233,0.7869058198423546,0.3,P0030,,
1211761,1211771,SOYH09,142.4868,44.857,100,24,0.7578835760095889,0.705092682801997,0.8073328176893511,0.3,P0030,24.0,-0.0255152480791994
1211781,1211791,SOYH10,142.6039,44.7433,100,41,0.2702212809045649,0.22638434154937917,0.3282168233673464,0.3,P0030,41.0,-0.352012853898222
1211801,1211811,SRCH01,142.1594,44.2803,101,6,0.45560898572059894,0.3672486180841418,0.5076367343602747,0.3,P0030,,
1211821,1211831,SRCH02,142.1414,44.116,101,29,0.7743393612633069,0.6883756695153982,0.8492610297754152,0.3,P0030,29.0,-0.2724854927353233
1211841,1211851,SRCH03,142.1258,43.9994,100,26,0.7108513030532881,0.6681296306105537,0.7842816711006302,0.3,P0030,26.0,-0.6135110208892123
1211861,1211871,SRCH04,141.9397,43.8203,105,44,0.46289992008609826,0.34574767252354155,0.5853986221813471,0.3,P0030,42.0,-0.2550464843888625
1211881,1211891,SRCH05,142.1594,43.8243,102,36,0.8085827256428997,0.595943895003783,0.9283236791776633,0.3,P0030,36.0,-0.339051155449957
1211901,1211911,SRCH06,142.0776,43.6948,147,93,0.4703368283446197,0.34970981221298475,0.5442826594967266,0.3,P0030,91.0,-0.25159467243319
1211921,1211931,SRCH07,141.8978,43.23,200,117,0.7653544446376197,0.6890069431399696,0.8326389750229232,0.3,P0030,114.0,0.0731291608163319
1211941,1211951,SRCH08,141.909,43.5138,122,132,0.4505779796978233,0.36237010769955896,0.5700524391341787,0.3,P0030,129.0,-0.4269925717104551
1211961,1211971,SRCH09,141.8063,43.0587,122,162,0.8137162811128602,0.752559256258995,0.869203942072058,0.3,P0030,156.0,0.1477503411910574
1211981,1211991,SRCH10,142.0085,42.993,200,148,0.3032988512042849,0.26695820818571625,0.3460043598803238,0.3,P0030,144.0,-0.3158941039117626
1212081,1212091,SZOH24,137.6616,34.8343,299,51,0.2600715492497213,0.17775121562113066,0.33155576983357665,0.3,P0030,51.0,-0.5267945481921977
1212101,1212111,SZOH25,137.5604,34.6913,450,56,0.7388794777194463,0.6775495901595663,0.8218453491041595,0.3,P0030,56.0,-0.0876909790165638
1212121,1212131,SZOH26,137.9034,34.7948,449,22,0.7959455159369556,0.7536866487276755,0.8765632409230821,0.3,P0030,22.0,-0.2929161991676308
1212141,1212151,SZOH28,137.7441,34.6683,995,43,0.8284085018122128,0.7390465299667585,0.8748710523942969,0.3,P0030,43.0,-0.1278760995627199
1212161,1212171,SZOH29,138.1973,35.307,102,33,0.4206457733788396,0.3534868718988406,0.5005814469452532,0.3,P0030,33.0,-0.135108871910646
1212181,1212191,SZOH30,137.9181,35.2233,102,96,0.26152816814892277,0.21224405998390822,0.32277054010486794,0.3,P0030,96.0,-0.3332857279029081
1212201,1212211,SZOH31,138.0767,34.9398,102,58,0.6416647377088305,0.5736786637506328,0.7589916682438028,0.3,P0030,58.0,-0.3201799108656599
1212221,1212231,SZOH32,137.8409,35.0086,103,94,0.5558629040702431,0.46259238636306255,0.6359391451161664,0.3,P0030,94.0,-0.0045243607109182
1212241,1212251,SZOH33,138.3526,35.0146,102,87,0.5125197680436689,0.4022378980319455,0.5875051192358612,0.3,P0030,87.0,-0.3602803905547626
1212261,1212271,SZOH34,138.4243,35.1304,119,183,0.666326184682922,0.5865062258640601,0.7414988544880061,0.3,P0030,182.0,0.0096905084243757
1212281,1212291,SZOH35,139.0855,34.9467,300,138,1.069906449139796,0.9796076501842932,1.1430912656894332,0.3,P0030,138.0,0.1990207155949411
1212301,1212311,SZOH36,138.2008,34.9142,100,88,0.45039400517274153,0.37452386338078425,0.5421276551217569,0.3,P0030,88.0,-0.4547122534984933
1212321,1212331,SZOH37,138.5659,35.2028,304,126,0.7748088298547069,0.679648103078684,0.8584000770875,0.3,P0030,126.0,-0.0487817625968016
1212341,1212351,SZOH38,138.9779,35.0854,200,185,0.37535123748829713,0.3181291448568787,0.42813872101450107,0.3,P0030,184.0,-0.2180035110330306
1212361,1212371,SZOH39,138.7724,34.7988,103,151,0.4367099882527777,0.32535425901693865,0.5190491197581799,0.3,P0030,151.0,-0.3369683430085092
1212381,1212391,SZOH40,138.97,34.7832,207,92,0.6877221446260469,0.6106649956082488,0.7376718158483186,0.3,P0030,92.0,-0.3154999929042746
1212401,1212411,SZOH41,138.834,34.6749,109,95,0.5255818861517081,0.42825506811732256,0.5967992789604326,0.3,P0030,95.0,-0.3502914369481732
1212421,1212431,SZOH42,138.9128,34.9756,203,203,0.8603950423749188,0.7759992527867474,0.9198688484185475,0.3,P0030,202.0,0.3300313925541522
1212441,1212451,SZOH43,138.4924,34.9739,239,32,0.3475366002916502,0.24727462766973854,0.37881982558773225,0.3,P0030,32.0,-0.4875876848300897
1212481,1212491,SZOH53,138.0174,34.8768,100,57,0.27271877647693255,0.19325921421424905,0.32426448040899447,0.3,P0030,57.0,-0.562053570221588
1212501,1212511,SZOH54,139.1685,35.0417,110,109,0.2912354219045616,0.23588766607359238,0.32502561869670005,0.3,P0030,109.0,-0.7040237368907731
1212531,1212541,TCGH06,139.9509,36.4458,1647,466,0.5217980357857958,0.46003029096757575,0.5848277716854176,0.3,P0030,450.0,-0.1054456925553352
1212551,1212561,TCGH07,139.4534,36.8817,100,289,0.9141652123237839,0.8436031268817491,0.9842526373314002,0.3,P0030,280.0,0.1435269794632651
1212571,1212581,TCGH08,139.6459,36.8828,203,286,0.5424821358627081,0.46107106437001844,0.6127732571267226,0.3,P0030,280.0,-0.093313980059982
1212591,1212601,TCGH09,139.8364,36.8625,103,511,0.3102172974094035,0.24698150083739653,0.37377124519937494,0.3,P0030,489.0,-0.1692919515684028
1212611,1212621,TCGH10,140.0225,36.8578,132,575,0.44901648000670114,0.3951999370359064,0.51072851354824,0.3,P0030,556.0,0.00039966782176
1212631,1212641,TCGH11,139.7694,36.7084,200,356,0.8826581690571584,0.8170921901385146,0.9390423562668085,0.3,P0030,344.0,0.0170634071778712
1212651,1212661,TCGH12,139.9842,36.6959,120,514,0.41236368245953975,0.3565013121161502,0.4667254094972183,0.3,P0030,497.0,0.032711587592934
1212671,1212681,TCGH13,140.1781,36.7342,140,496,1.07033435644683,0.9868736734789133,1.1406410194928736,0.3,P0030,478.0,0.3829247092821247
1212691,1212701,TCGH14,139.6154,36.5509,100,472,0.37964604820441283,0.3284724494334027,0.42748329735798546,0.3,P0030,453.0,-0.1543760109859363
1212711,1212721,TCGH15,139.8637,36.5595,300,214,0.4761343248287755,0.4108124242033823,0.5416659988586805,0.3,P0030,203.0,-0.1141809916180446
1212731,1212741,TCGH16,140.0751,36.548,112,519,0.9270978827171201,0.8418762810302063,1.0103734280787458,0.3,P0030,503.0,0.3961413929497179
1212751,1212761,TCGH17,139.6922,36.9853,104,341,0.25819006062586075,0.2276330846765736,0.29546987933575025,0.3,P0030,330.0,-0.5719061729605668
1212831,1212841,TKCH01,143.683,43.4683,123,225,0.23979381574306005,0.1930123909417046,0.2895162275356225,0.3,P0030,216.0,-0.1165687301270165
1212851,1212861,TKCH02,143.8983,43.3822,103,186,0.3689422149211108,0.3196966110196725,0.42802098770746133,0.3,P0030,178.0,-0.1791176553552801
1212871,1212881,TKCH03,143.4317,43.2708,200,228,0.4346721913177705,0.36330882363437794,0.5002872473197358,0.3,P0030,219.0,0.0352138700005377
1212891,1212901,TKCH04,142.9176,43.1739,172,216,0.5082558030188111,0.4515536328597634,0.5737107296192938,0.3,P0030,207.0,0.1935904490015089
1212911,1212921,TKCH05,143.6181,43.1211,100,233,0.5030474993760817,0.4443487471145422,0.5542925483369376,0.3,P0030,224.0,0.0290877280553748
1212931,1212941,TKCH06,143.0603,42.892,227,162,0.2464820460847235,0.18481636442578048,0.3141221582546935,0.3,P0030,156.0,-0.19470322359152
1212951,1212961,TKCH07,143.5203,42.8114,99,190,0.735554762547215,0.6757213313683227,0.8050775677124478,0.3,P0030,182.0,0.0692195149404809
1212971,1212981,TKCH08,143.152,42.4865,100,219,0.5501029380462437,0.49670641350779976,0.6160404067324418,0.3,P0030,211.0,0.0904313290566973
1212991,1213001,TKCH10,142.9448,43.3337,100,166,0.23737082640083917,0.1986353338374693,0.2722781806698927,0.3,P0030,160.0,-0.3788654775085394
1213011,1213021,TKCH11,142.883,42.8742,100,167,0.7860109599140063,0.7157347858470449,0.8668947526573595,0.3,P0030,159.0,0.4224793117114077
1213031,1213041,TKSH01,134.4994,33.7751,100,14,0.23410479190513225,0.204369052248057,0.27355639649522495,0.3,P0030,,
1213051,1213061,TKSH02,134.0918,34.0112,100,28,0.7321867887598166,0.6367962126419715,0.7642435114718139,0.3,P0030,28.0,0.1018764276949933
1213071,1213081,TKSH03,134.1294,33.8778,201,34,0.46468854937740234,0.3682173978332766,0.5637712244778864,0.3,P0030,34.0,-0.1712749667072888
1213091,1213101,TKSH04,134.5337,33.9902,100,28,0.8520054992177245,0.7522818837659977,0.9676612274515963,0.3,P0030,28.0,-0.0934975503763506
1213111,1213121,TKSH05,134.3156,33.6628,143,31,0.7723423122891191,0.7261834581902544,0.8520679782924299,0.3,P0030,31.0,0.0610480908094068
1213131,1213141,TKSH06,133.8933,33.9997,157,27,0.8449320783121518,0.7555440521619614,0.8986867528354157,0.3,P0030,27.0,-0.0034181884645336
1213151,1213161,TKYH02,139.4704,35.6539,2753,101,0.677013660774159,0.6154856571440314,0.730201780826181,0.3,P0030,95.0,-0.1732959392009045
1213201,1213211,TKYH11,139.8125,35.6114,3000,134,0.9890054734050147,0.9252955446049864,1.0464319741383434,0.3,P0030,130.0,0.0398970034835934
1213221,1213231,TKYH12,139.265,35.6701,147,300,0.89156479359267,0.825512498324912,0.9485921475566373,0.3,P0030,292.0,0.3484907255921832
1213241,1213251,TKYH13,139.1275,35.7017,100,280,0.2034879508067486,0.155531473721326,0.2491041518531501,0.3,P0030,272.0,-0.4129323638605978
1213391,1213401,TTRH01,134.2173,35.2604,200,15,0.47146876978993346,0.4000199944512076,0.5203050946417167,0.3,P0030,,
1213411,1213421,TTRH02,133.3909,35.2313,100,33,0.7991974520186539,0.7281418607036502,0.862855100967761,0.3,P0030,33.0,0.0888702872773675
1213431,1213441,TTRH03,133.4918,35.3553,200,17,1.0431509931578389,0.8432488706107497,1.1415611411318416,0.3,P0030,,
1213451,1213461,TTRH04,133.6307,35.4668,207,18,0.5217076201421951,0.41694241758737666,0.5961256359264933,0.3,P0030,,
1213471,1213481,TTRH05,134.3426,35.5729,152,5,0.5230968298987334,0.37448419895391993,0.5547250789233646,0.3,P0030,,
1213491,1213501,TTRH06,134.1988,35.3946,100,17,0.6907162999605341,0.6073104635571223,0.7604730969458624,0.3,P0030,,
1213511,1213521,TTRH07,133.7486,35.3649,100,17,0.4352665673755012,0.33925746100286974,0.47748448727176357,0.3,P0030,,
1213551,1213561,TYMH01,136.9276,36.8866,200,33,0.633026706317074,0.5247461733961003,0.6694409668085642,0.3,P0030,30.0,-0.0623926568369909
1213571,1213581,TYMH02,137.0378,36.7142,212,7,0.7379789186034992,0.6886489018002065,0.7670774428565721,0.3,P0030,,
1213591,1213601,TYMH03,137.2627,36.7294,580,43,0.6327896269466168,0.586280623475562,0.6782447569594567,0.3,P0030,42.0,-0.2153954973732982
1213611,1213621,TYMH04,137.4689,36.7914,100,68,0.04390329529421061,-0.014824877629344884,0.1148785145858788,0.3,P0030,68.0,-0.6170597015850374
1213631,1213641,TYMH05,136.9584,36.5736,143,32,0.2747659208787423,0.2225559991113954,0.3274735068898876,0.3,P0030,29.0,-0.3451892280752329
1213651,1213661,TYMH06,137.1595,36.5711,200,52,0.3210354170927031,0.2555363047852997,0.3685043093251994,0.3,P0030,50.0,-0.2025148827597414
1213671,1213681,TYMH07,137.0392,36.4406,100,53,0.8306099155920664,0.7410765715118708,0.9126137787566406,0.3,P0030,53.0,-0.0626412185345741
1213691,1213701,WKYH01,135.2122,33.9804,101,22,0.35091426556612554,0.2309471493926122,0.46724398806609496,0.3,P0030,22.0,-0.2596101018786132
1213711,1213721,WKYH02,135.5369,34.1373,100,19,0.554671326667216,0.44958654829825534,0.6442607793448074,0.3,P0030,,
1213731,1213741,WKYH03,135.3244,34.1314,100,19,0.21318646118582738,0.18872332087703558,0.25491977422428125,0.3,P0030,,
1213751,1213761,WKYH04,135.5454,33.5559,100,27,0.2219071144260482,0.17277041331704224,0.24772688425378117,0.3,P0030,26.0,-0.3506799598792186
1213771,1213781,WKYH05,135.8619,33.6072,100,11,0.26579541517619926,0.23198992422746995,0.2958201957846378,0.3,P0030,,
1213791,1213801,WKYH06,135.5953,33.6948,100,20,0.2559783122024727,0.20756841020283093,0.29883931882421927,0.3,P0030,,
1213811,1213821,WKYH07,135.4396,33.6894,100,29,1.0901747608475605,1.0332478573108148,1.2021088068074277,0.3,P0030,28.0,0.2351376342197162
1213831,1213841,WKYH08,135.4483,34.3228,112,28,0.6795663371572803,0.599318740545771,0.7312172695007891,0.3,P0030,28.0,0.1433505290641576
1213851,1213861,WKYH09,135.0714,34.2868,200,30,0.20772298615086376,0.16389818719972815,0.2608757494082594,0.3,P0030,30.0,-0.2752611408834186
1213871,1213881,WKYH10,135.2172,33.8248,100,29,0.3430161789608533,0.2852211822476553,0.43998638801315665,0.3,P0030,28.0,-0.2971770786130311
1213891,1213901,YMGH01,131.5618,34.0494,200,21,0.2828555749292628,0.17986921885672616,0.33591465933754067,0.3,P0030,21.0,-0.4900004217565062
1213911,1213921,YMGH02,131.1434,34.1111,200,22,0.2997156450568804,0.23980922242871455,0.381221659850056,0.3,P0030,21.0,-0.3143953532773806
1213931,1213941,YMGH03,132.126,34.1891,200,40,0.2538161711838387,0.15974937994150776,0.3235317181412405,0.3,P0030,40.0,-0.3264135241970596
1213951,1213961,YMGH04,132.0626,34.027,100,51,0.26708661841256087,0.22210299055639215,0.33420944842111466,0.3,P0030,51.0,-0.3536736008686917
1213971,1213981,YMGH05,131.9943,34.1974,200,8,0.5535802795809643,0.4380831187780193,0.5974782548177819,0.3,P0030,,
1213991,1214001,YMGH06,131.3012,33.9893,200,28,0.2735870595118176,0.2144132855975205,0.321623670072359,0.3,P0030,27.0,-0.5693716201730287
1214011,1214021,YMGH07,131.0506,34.1149,200,39,0.41445079951789277,0.3467973738382976,0.45984627214383644,0.3,P0030,38.0,-0.318569339117531
1214031,1214041,YMGH08,130.9323,34.1349,201,40,0.6784643321435695,0.5797219854690328,0.734750551093367,0.3,P0030,39.0,-0.1291769829596533
1214051,1214061,YMGH09,131.6681,34.6257,100,32,0.5073850942420985,0.44471258377445155,0.5874168374350739,0.3,P0030,31.0,-0.18365616461792
1214071,1214081,YMGH10,131.6329,34.4837,200,34,0.34641161920459995,0.28655698720093603,0.4390024123588694,0.3,P0030,34.0,-0.4361452948468118
1214091,1214101,YMGH11,131.6859,34.2091,200,22,0.31831132871415424,0.2474078974565294,0.3685241861665913,0.3,P0030,22.0,-0.2279774292762968
1214111,1214121,YMGH12,131.3597,34.2176,102,18,0.11347125646869782,0.07432884612041073,0.16187888333474082,0.3,P0030,,
1214131,1214141,YMGH13,131.177,34.3408,200,20,0.6574644063314438,0.5787424128844032,0.756655388405016,0.3,P0030,,
1214151,1214161,YMGH14,131.3774,34.3979,100,38,1.078792705719244,0.9631170778965523,1.1504078345720476,0.3,P0030,37.0,0.1333054858417583
1214171,1214181,YMGH15,131.8149,33.9725,110,51,0.29916522385021743,0.24125566315724511,0.3503454236515604,0.3,P0030,50.0,-0.111854750445761
1214191,1214201,YMGH16,132.104,33.826,106,50,0.5635036685783741,0.4799525329173436,0.625520897731687,0.3,P0030,50.0,0.0267500246061362
1214211,1214221,YMGH17,132.4046,33.9291,100,44,0.7519087724833837,0.6896825896409446,0.7873868921609576,0.3,P0030,44.0,-0.1887850679821301
1214251,1214261,YMNH08,138.734,35.6895,1206,145,0.8751525319739268,0.7922703224309304,0.9464938755913603,0.3,P0030,143.0,0.0648322415769061
1214271,1214281,YMNH09,138.3325,35.4327,159,107,0.5398603942833725,0.48698789930995773,0.6046867120828372,0.3,P0030,107.0,-0.3545753481689415
1214291,1214301,YMNH10,138.3087,35.5351,107,153,0.38771909279928546,0.3403949901661505,0.4433598018924433,0.3,P0030,152.0,-0.1981290059986318
1214311,1214321,YMNH11,138.9777,35.6247,200,260,1.187149059800996,1.1085465078088528,1.2508180729872578,0.3,P0030,254.0,0.4964996773699877
1214331,1214341,YMNH12,138.449,35.5623,148,193,0.3732661815065635,0.32012156085698595,0.4259419393796697,0.3,P0030,190.0,-0.2131839426999859
1214351,1214361,YMNH13,138.4203,35.3509,204,125,0.3148323094003104,0.2584311491949014,0.36798854831677086,0.3,P0030,124.0,-0.3768824180437631
1214371,1214381,YMNH14,138.9675,35.5115,250,183,0.560038966220916,0.4924308210583015,0.6412358830559992,0.3,P0030,182.0,-0.1835869398273957
1214391,1214401,YMNH15,138.6045,35.5323,115,180,0.6469125719989655,0.5864592610294088,0.7206854241292296,0.3,P0030,177.0,-0.0114854056638233
1214411,1214421,YMNH16,138.5653,35.7421,256,177,0.25685121651028947,0.1929541800916281,0.3057524062309529,0.3,P0030,174.0,-0.2649964749920632
1214431,1214441,YMTH01,140.3805,38.3841,207,324,0.41700985665020074,0.3665843790344949,0.4796327158039437,0.3,P0030,311.0,0.0075288210460692
1214451,1214461,YMTH02,140.2583,38.2693,150,617,0.6314892158046144,0.5769536672425299,0.6802196267603056,0.3,P0030,595.0,0.3818713987603223
1214471,1214481,YMTH03,140.1553,38.1035,114,361,0.4665643663197346,0.41073030212292144,0.5161507182046621,0.3,P0030,343.0,-0.3952201436166246
1214491,1214501,YMTH04,140.2978,38.0813,100,472,0.45128729131058765,0.40719142159555693,0.4972795141062507,0.3,P0030,452.0,-0.1207130658445224
1214511,1214521,YMTH05,139.8017,37.9883,107,239,0.22874464804307998,0.16427343372082187,0.2908905742072156,0.3,P0030,229.0,-0.3397149107585638
1214531,1214541,YMTH06,140.1836,37.9633,145,370,0.824327752375961,0.7663959768009871,0.8827175879071157,0.3,P0030,356.0,0.3920731698965483
1214551,1214561,YMTH07,140.0278,37.896,200,556,0.6653306225283826,0.5998817554444881,0.7253397876835006,0.3,P0030,535.0,0.3456535688150439
1214571,1214581,YMTH08,140.0333,38.9701,107,382,0.36574307362374947,0.3151247084309909,0.42039712382521943,0.3,P0030,364.0,-0.1685510609444158
1214591,1214601,YMTH09,140.178,38.7498,200,175,0.8197144720912323,0.7430439249329887,0.8939102529894658,0.3,P0030,170.0,0.125593549850154
1214611,1214621,YMTH10,140.3744,38.7107,204,30,0.5843471993042632,0.5306195661118405,0.6551587331233306,0.3,P0030,29.0,-0.2101702157095759
1214631,1214641,YMTH11,140.5544,38.7132,109,281,0.4203059541874834,0.3647004264282854,0.4601360558497106,0.3,P0030,274.0,-0.0497549333374329
1214651,1214661,YMTH12,140.0055,38.6357,203,477,0.2528265886348383,0.1820496285423462,0.32774086600385516,0.3,P0030,458.0,-0.128818345569323
1214671,1214681,YMTH13,139.7606,38.4704,104,363,0.3456674021890074,0.27973915682209394,0.39730361496301725,0.3,P0030,347.0,-0.3817296847230333
1214691,1214701,YMTH14,139.9916,38.386,103,546,0.45390387527762066,0.39563433135143067,0.5168317610694174,0.3,P0030,525.0,0.2625203774013369
1214711,1214721,YMTH15,140.1249,38.4257,100,466,0.6519465975787648,0.5859366962350456,0.714737944536154,0.3,P0030,446.0,-0.0048418095742991
1200011,1200021,ABSH01,142.8444,44.5276,100,45,0.10862047215371004,0.08535533989587217,0.13274331122245714,0.5,P0050,45.0,-0.5900376596182164
1200031,1200041,ABSH02,143.0264,44.4234,113,51,0.22409935342275664,0.19118017000341436,0.25982317408840466,0.5,P0050,51.0,-0.534588695823458
1200051,1200061,ABSH03,143.2407,44.3843,100,55,0.20577805530345603,0.15183383721553928,0.2533868923902276,0.5,P0050,55.0,-0.597986410740288
1200071,1200081,ABSH04,143.0767,44.192,200,33,0.16461895215705635,0.10995089966138434,0.18494904839686907,0.5,P0050,33.0,-0.6485862738669496
1200091,1200101,ABSH05,143.0111,44.1146,106,59,0.13187774058322413,0.11266535881661521,0.16053088604303584,0.5,P0050,59.0,-0.2793243028056431
1200111,1200121,ABSH06,143.6202,44.2146,100,182,0.4444249688803864,0.39086541317309287,0.5014457655384006,0.5,P0050,175.0,-0.0159927456057946
1200131,1200141,ABSH07,143.0861,43.8494,127,161,0.6105410309578474,0.53343720131647,0.6665384492408439,0.5,P0050,154.0,0.3129096104886552
1200151,1200161,ABSH08,144.9935,44.064,105,103,0.2605512139147419,0.21523173808463658,0.329249692414523,0.5,P0050,103.0,-0.6133365221521151
1200171,1200181,ABSH09,144.8071,43.9269,157,159,0.2808337411151967,0.230392128816507,0.352446544783807,0.5,P0050,158.0,-0.27985462079018
1200191,1200201,ABSH10,143.9455,44.0813,300,83,0.5186345010684511,0.4074636093267068,0.5866580731299713,0.5,P0050,83.0,-0.390293651694909
1200211,1200221,ABSH11,144.1913,43.9144,122,184,0.4047771184901211,0.34083609939503556,0.45504463767684766,0.5,P0050,179.0,-0.0977211355335471
1200231,1200241,ABSH12,144.4574,43.8566,119,207,0.3615073236038336,0.3065188873006168,0.4142482995009203,0.5,P0050,203.0,-0.2076165315235754
1200251,1200261,ABSH13,143.4514,43.7419,105,210,0.4460810661181681,0.39668175387089044,0.4979393901606832,0.5,P0050,201.0,0.1955380016167281
1200271,1200281,ABSH14,144.1835,43.7228,103,193,0.5968770317312961,0.5406902887991831,0.671329811476559,0.5,P0050,189.0,-0.069868011886362
1200291,1200301,ABSH15,143.51,43.6352,100,188,0.46567497176277617,0.4084596302433842,0.5286829789108869,0.5,P0050,180.0,0.0232025276633165
1200321,1200331,AICH04,137.0568,34.9319,1055,42,0.821757933784174,0.7362083433137254,0.8983532318642715,0.5,P0050,42.0,0.0271424034566042
1200341,1200351,AICH05,136.8763,34.8886,401,42,0.5250676742226469,0.47535974720704477,0.5777259847569103,0.5,P0050,41.0,0.1513867638267403
1200361,1200371,AICH06,137.0419,34.6158,300,41,0.6090477977284544,0.5258650729527,0.6736273431058968,0.5,P0050,41.0,-0.2661871815921388
1200381,1200391,AICH07,137.4039,35.2194,201,77,0.2055698175711959,0.14224056635246382,0.25769857071109087,0.5,P0050,76.0,-0.3999975134420392
1200401,1200411,AICH08,137.2993,34.9189,100,46,0.06302796970314338,0.04186843107323837,0.0928984026608862,0.5,P0050,46.0,-0.2757368570429619
1200421,1200431,AICH09,137.3902,34.6643,360,82,0.7450672448962714,0.6777253218453809,0.8145634270579172,0.5,P0050,82.0,0.0500926766361393
1200441,1200451,AICH10,137.6243,35.0002,100,42,0.1039826495748504,0.08636109691742196,0.12236996233906763,0.5,P0050,41.0,-0.2610565433073834
1200461,1200471,AICH11,137.057,35.3059,100,63,0.07656210275500448,0.06460433783696876,0.10650522848036395,0.5,P0050,63.0,-0.0346974224789465
1200481,1200491,AICH12,137.1057,34.7884,401,56,1.188189276339246,1.1065468233480016,1.2644879781618885,0.5,P0050,56.0,0.393255205690001
1200501,1200511,AICH13,136.8509,35.2177,741,23,0.8351327550268096,0.7924997812779666,0.8847677387287642,0.5,P0050,23.0,-0.1255509738956323
1200521,1200531,AICH14,137.0474,35.1842,207,21,0.7111630812436239,0.6800301020648479,0.7748287219055725,0.5,P0050,20.0,0.2011709383024819
1200541,1200551,AICH15,137.3359,35.1392,120,74,0.17040183086840627,0.12898781531113973,0.21166451598738756,0.5,P0050,74.0,-0.4089181674049605
1200561,1200571,AICH16,137.535,35.1543,101,94,0.6742421577560105,0.6127409524275179,0.7206741507888271,0.5,P0050,93.0,0.0993990317541624
1200581,1200591,AICH17,137.7268,35.184,101,68,0.35669136804133605,0.27763031211885725,0.4776121013538562,0.5,P0050,67.0,0.1653273571067872
1200601,1200611,AICH18,137.2377,34.9635,100,59,0.17814860055433301,0.13735977332231417,0.20586925307929138,0.5,P0050,58.0,0.2336305604978142
1200621,1200631,AICH19,137.4114,34.9512,100,69,0.10736685625260349,0.07310558620381401,0.1337426736039967,0.5,P0050,69.0,-0.3979117838744154
1200641,1200651,AICH20,137.4876,34.8976,100,58,0.1134054461535797,0.09672518318930876,0.13467776763222064,0.5,P0050,58.0,-0.3857139127893746
1200661,1200671,AICH21,136.9385,34.7401,100,31,0.7677466043984427,0.6974999607873443,0.827592976195187,0.5,P0050,30.0,0.0797004593731908
1200681,1200691,AICH22,137.4393,34.7853,200,49,0.7516977314866915,0.6675016633021966,0.8218637128554108,0.5,P0050,49.0,-0.0692483384307305
1200701,1200711,AICH23,136.8316,34.8806,980,3,0.9867340855527654,0.9460438567211811,1.0986696922392498,0.5,P0050,,
1200741,1200751,AKTH01,140.579,39.8147,100,254,0.40793570900963905,0.35274497923533965,0.47773681362024806,0.5,P0050,245.0,0.1021723153799098
1200761,1200771,AKTH02,140.5721,39.6634,100,397,0.30403517654643086,0.2579439393488145,0.3424208608738682,0.5,P0050,383.0,-0.1351658194267924
1200781,1200791,AKTH03,140.1283,39.2223,103,347,0.49819237429837926,0.43284221491657604,0.5580802950538444,0.5,P0050,333.0,0.1733139682412728
1200801,1200811,AKTH04,140.7129,39.174,100,474,0.42349875835464984,0.3719324495592581,0.48107426645576495,0.5,P0050,455.0,0.1909349404117914
1200821,1200831,AKTH05,140.3185,39.0718,200,203,0.3185803971492949,0.2843877091880429,0.3669637744464355,0.5,P0050,196.0,-0.3207511251551214
1200841,1200851,AKTH06,140.4952,38.9801,100,452,0.3413327808475525,0.28104271799672104,0.4141547414971768,0.5,P0050,436.0,-0.25077301938285
1200861,1200871,AKTH07,140.8395,40.4563,105,284,0.4374522082702791,0.38606649809025895,0.4992161295194937,0.5,P0050,281.0,0.0899491278862232
1200881,1200891,AKTH08,140.2341,40.3188,200,189,0.4101680364466974,0.35620629576201446,0.4843862000647744,0.5,P0050,187.0,-0.0557339860386837
1200901,1200911,AKTH09,140.4596,40.2755,101,287,0.46455178187506513,0.39703600098109765,0.5344870159660987,0.5,P0050,281.0,0.1212463526358012
1200921,1200931,AKTH10,140.5812,40.3002,100,204,0.4763840920274489,0.3799321513601337,0.5284694012175581,0.5,P0050,200.0,0.0404088609999973
1200941,1200951,AKTH11,139.7623,39.9554,350,26,0.6213747255567601,0.5687486078239391,0.6923169995532226,0.5,P0050,26.0,-0.0330197395989615
1200961,1200971,AKTH12,140.2221,39.9155,100,166,0.4223640903228779,0.36422920675065695,0.4913157347879109,0.5,P0050,162.0,0.1184497551314641
1200981,1200991,AKTH13,140.4072,39.9819,100,236,0.18054888480849418,0.14498421929663713,0.21393619081404527,0.5,P0050,231.0,-0.351906826198281
1201001,1201011,AKTH14,140.8084,40.0622,108,343,0.6086059878075499,0.53955088937512,0.6807405102309398,0.5,P0050,335.0,0.2127609060445093
1201021,1201031,AKTH15,140.4075,39.6884,100,255,0.10485087845442412,0.07569803825254864,0.12977464730327182,0.5,P0050,251.0,-0.3134703689459929
1201041,1201051,AKTH16,140.3481,39.545,154,442,0.32195463216742204,0.2710918151115724,0.3624712386147076,0.5,P0050,424.0,0.1702464740009878
1201061,1201071,AKTH17,140.6116,39.5575,177,416,0.4677948898960189,0.42263116147221413,0.5118472637132552,0.5,P0050,400.0,0.1402727348731745
1201081,1201091,AKTH18,140.3869,39.3548,100,319,0.350441283537885,0.2880714234185756,0.4155950059526532,0.5,P0050,306.0,0.0566168035187471
1201101,1201111,AKTH19,140.471,39.1913,180,432,0.44894048082486276,0.3984524351495451,0.49465923862538486,0.5,P0050,414.0,-0.009351165054701
1201121,1201131,AOMH01,140.9127,41.5273,100,204,0.45055146398820584,0.3856625954290891,0.5032469681083486,0.5,P0050,200.0,-0.0425448373490072
1201141,1201151,AOMH02,140.8567,41.4049,200,21,0.4879903118026878,0.4398243479620611,0.5662538771900945,0.5,P0050,21.0,-0.4345162799164969
1201161,1201171,AOMH03,140.9896,41.234,100,288,0.2359044031193348,0.179955042159628,0.2926937793072891,0.5,P0050,281.0,0.0996912702184987
1201181,1201191,AOMH04,140.6759,40.8524,307,156,0.5315535311619742,0.48732954127080236,0.5823260058196051,0.5,P0050,151.0,0.1200467911472137
1201201,1201211,AOMH05,141.1033,40.8564,312,327,0.73972397342205,0.6859485726734675,0.7968370319249123,0.5,P0050,317.0,0.4317689903603651
1201221,1201231,AOMH06,141.3738,40.9664,100,329,0.5205356410141616,0.46939844560049243,0.5922769716696265,0.5,P0050,320.0,0.0133104818884817
1201241,1201251,AOMH07,140.0233,40.7451,109,156,0.45084207324022707,0.3848535889054369,0.5280872779132599,0.5,P0050,154.0,-0.1613142177016832
1201261,1201271,AOMH08,140.3121,40.7618,160,186,0.3076282293324453,0.2565020068262371,0.33746763839133076,0.5,P0050,185.0,-0.3005262324443631
1201281,1201291,AOMH09,140.3499,40.6199,162,129,1.2245237229713433,1.1232997964501328,1.311870991302587,0.5,P0050,127.0,0.297301263742011
1201301,1201311,AOMH10,140.6646,40.6091,105,225,0.49259253884676185,0.4254115922947539,0.5466454441552426,0.5,P0050,222.0,-0.0107055616065513
1201321,1201331,AOMH11,140.995,40.58,100,332,0.3781479432145005,0.32679591850564327,0.42614345266493114,0.5,P0050,324.0,-0.1170442119914344
1201341,1201351,AOMH12,141.1547,40.5846,100,355,0.3100129202969845,0.25640241598616315,0.36723799963387815,0.5,P0050,348.0,0.2466100791074167
1201361,1201371,AOMH13,141.4451,40.5794,150,384,0.47653034362663593,0.43572209740805506,0.517981282242474,0.5,P0050,375.0,0.1118419344811333
1201381,1201391,AOMH14,140.2726,40.5488,100,158,0.7091558922732688,0.654856206293942,0.7717381634292351,0.5,P0050,156.0,0.1816763799561823
1201401,1201411,AOMH15,140.5565,40.4841,100,222,0.31049583951817716,0.277889614192744,0.3419005471796942,0.5,P0050,219.0,-0.218830178833858
1201421,1201431,AOMH16,141.0923,40.4624,150,377,0.7641413152626246,0.6977205904992454,0.8369307065762974,0.5,P0050,368.0,0.6166750228972134
1201441,1201451,AOMH17,141.3374,40.4492,114,366,0.3890403203379542,0.3211706219484249,0.46235382353158566,0.5,P0050,353.0,0.3212645535811802
1201461,1201471,AOMH18,141.0145,40.2962,100,246,0.32691318387294965,0.2943338867038344,0.36770025143987867,0.5,P0050,242.0,0.099357959289221
1201491,1201501,CHBH04,140.0206,35.7966,2300,348,0.6412060389196592,0.5749341708148626,0.7197595621189696,0.5,P0050,329.0,-0.1958629932576741
1201521,1201531,CHBH06,140.5046,35.7215,180,179,0.4312831591924718,0.3802169455254994,0.4795772435057954,0.5,P0050,173.0,-0.233427739564988
1201571,1201581,CHBH10,140.2417,35.5458,2000,409,0.5634463796600016,0.5169771258671865,0.6086952489202179,0.5,P0050,394.0,-0.1463690247657633
1201591,1201601,CHBH11,140.1529,35.2867,2000,286,0.44673822254389395,0.37805312169394195,0.5061038496943299,0.5,P0050,277.0,-0.2377250018131966
1201611,1201621,CHBH12,139.8554,35.3445,2000,198,0.6662347349082214,0.6062534816651679,0.7126956961543507,0.5,P0050,192.0,-0.0619319143290049
1201631,1201641,CHBH13,140.298,35.8307,1300,386,1.026520630186722,0.9546902341423749,1.0924728871113736,0.5,P0050,365.0,0.0552515718146355
1201651,1201661,CHBH14,140.823,35.7342,525,226,0.5998351726927913,0.5442737783339535,0.6577661169628184,0.5,P0050,220.0,-0.2236521179493173
1201671,1201681,CHBH15,139.7885,34.9591,500,95,0.28341315912832216,0.21693924331456865,0.33832078829391354,0.5,P0050,93.0,-0.3266223051487341
1201691,1201701,CHBH16,139.9649,35.1384,2002,195,0.8286687534540773,0.7521683482455328,0.8905602687092558,0.5,P0050,193.0,0.0062990501103324
1201711,1201721,CHBH17,140.3398,35.1714,821,223,0.3226984659980934,0.28077205062852795,0.37780732674290146,0.5,P0050,219.0,-0.3803132789197643
1201741,1201751,CHBH19,140.5107,35.5943,1630,262,0.8242828464957264,0.7526778067347073,0.8917885122842117,0.5,P0050,256.0,-0.1525635456971932
1201761,1201771,CHBH20,140.0997,35.0882,306,183,0.12445105092097677,0.07541250676305067,0.17210594254561912,0.5,P0050,182.0,-0.675045270739341
1201821,1201831,EHMH01,132.5552,33.0556,100,34,0.08759345092477595,0.06444179058931286,0.11135718432904858,0.5,P0050,34.0,-0.4483573499948743
1201841,1201851,EHMH02,133.184,33.865,110,30,0.13271700618973264,0.07521269813320679,0.1752541713584589,0.5,P0050,30.0,-0.5777788353429738
1201861,1201871,EHMH03,133.6497,33.9154,100,43,0.12047998682848203,0.10081846951836387,0.1546290675224962,0.5,P0050,43.0,-0.0858389644487506
1201881,1201891,EHMH04,133.0658,33.9023,200,31,0.3349121178322038,0.3127299427245847,0.35220005808189603,0.5,P0050,31.0,-0.0503834024074132
1201901,1201911,EHMH05,132.8032,33.7112,134,49,0.21112255333498514,0.16486290057548808,0.2604462079704684,0.5,P0050,49.0,-0.2894827775907324
1201921,1201931,EHMH06,132.798,33.3348,200,54,0.21663904660415315,0.15479066187404358,0.2605824002819836,0.5,P0050,54.0,-0.3669670179982333
1201941,1201951,EHMH07,132.748,33.5022,200,44,0.16231028478570736,0.11737731000206532,0.22333787515167972,0.5,P0050,44.0,-0.3151263347964452
1201961,1201971,EHMH08,133.0016,33.5388,100,50,0.41185329785326086,0.3770541798026635,0.46440607541705065,0.5,P0050,50.0,0.0721917849670595
1201981,1201991,EHMH09,132.3072,33.4719,150,24,0.8529568241848229,0.7442061941385588,0.9535899040590673,0.5,P0050,24.0,-0.0060864655993748
1202001,1202011,EHMH10,133.0581,34.1918,100,47,0.3605980310715564,0.2921772749574914,0.3917857333796956,0.5,P0050,47.0,-0.2969058615107959
1202021,1202031,EHMH11,132.6011,33.5807,100,51,0.10767922804805588,0.08791153003560714,0.1354860322259385,0.5,P0050,51.0,-0.1691422074097286
1202041,1202051,EHMH12,132.5055,33.427,150,53,0.46549855729503803,0.4007868774484745,0.5118567894852573,0.5,P0050,53.0,0.0534816268261678
1202061,1202071,EHMH13,132.1157,33.3719,222,49,0.22615507279251373,0.17612561260864582,0.29593126945597126,0.5,P0050,49.0,-0.1531058301550663
1202081,1202091,FKIH01,136.3617,36.0955,100,47,0.2548358695314669,0.21484469185055288,0.3242155777690905,0.5,P0050,47.0,-0.2566656776532496
1202101,1202111,FKIH02,136.0556,35.9483,100,23,0.48828182988323326,0.4321808567125831,0.5418348737546712,0.5,P0050,23.0,0.0193778146758785
1202121,1202131,FKIH03,136.699,35.9415,200,20,0.3549436505251692,0.3168691128388488,0.42481138452621925,0.5,P0050,,
1202141,1202151,FKIH04,135.8694,35.5587,200,37,1.0783061247079746,1.0315255924557793,1.1305251587901992,0.5,P0050,37.0,0.187437742540233
1202161,1202171,FKIH05,136.0303,35.639,122,38,1.1058379498391782,1.0633884277489916,1.1548586636727638,0.5,P0050,38.0,0.2712269175729013
1202181,1202191,FKIH06,135.4841,35.4907,100,34,0.7839255615924712,0.688539895781666,0.8153294656710911,0.5,P0050,34.0,0.3409044371834144
1202201,1202211,FKIH07,135.7266,35.4573,104,34,0.5271200815919411,0.4773418343644212,0.597915677636819,0.5,P0050,34.0,0.0487653453463331
1202221,1202231,FKOH01,130.9798,33.8849,200,47,0.24784059033508085,0.1814223316212411,0.2931728465971729,0.5,P0050,45.0,-0.6105963147061796
1202241,1202251,FKOH02,130.5963,33.6963,99,4,0.31031304157330575,0.28417748172103774,0.3451145902228651,0.5,P0050,,
1202261,1202271,FKOH03,130.5499,33.5608,100,51,0.1335285260883229,0.1117405763050423,0.17109711015649753,0.5,P0050,49.0,-0.4037094453089482
1202281,1202291,FKOH04,130.7451,33.5512,100,20,0.23106343861434442,0.18246676209436516,0.30004584358864184,0.5,P0050,,
1202301,1202311,FKOH05,130.9503,33.5293,100,19,0.07628575130447134,0.0627712966921329,0.09866926839093595,0.5,P0050,,
1202321,1202331,FKOH06,131.1348,33.5925,303,48,0.2990582588384767,0.22066291543725064,0.39121578854141537,0.5,P0050,47.0,-0.311646586456466
1202341,1202351,FKOH07,130.6354,33.3678,437,39,0.5855538706386884,0.5249173760895174,0.6676304807748055,0.5,P0050,38.0,-0.5011567379273761
1202361,1202371,FKOH08,130.8285,33.4654,100,55,0.20473204941534656,0.17356424031616047,0.25329280904102214,0.5,P0050,54.0,-0.4007845982714477
1202381,1202391,FKOH09,130.5432,33.8501,200,30,0.5275673675501868,0.42039373401570207,0.5718473372939961,0.5,P0050,29.0,-0.238254195425017
1202401,1202411,FKOH10,130.817,33.2891,200,55,0.21481813271198807,0.15801621982518077,0.2737195062750194,0.5,P0050,54.0,-0.2413764095159009
1202421,1202431,FKSH01,139.715,37.7565,100,286,0.12394134028360879,0.09851307445708561,0.1519022629084889,0.5,P0050,272.0,-0.516223120384723
1202441,1202451,FKSH02,139.8821,37.7317,100,227,0.5060106940486937,0.4452808165636123,0.5911520870632307,0.5,P0050,213.0,-0.1281396029105553
1202461,1202471,FKSH03,139.7533,37.6078,127,426,0.46820140587395487,0.4121015761579878,0.5220976253061811,0.5,P0050,410.0,0.3441787583971659
1202481,1202491,FKSH04,139.8126,37.4508,268,298,0.759719953330063,0.6958175612907462,0.8207303309627589,0.5,P0050,287.0,0.1079259973249549
1202501,1202511,FKSH05,139.8725,37.2544,105,298,0.3275635667585475,0.28388114216434285,0.3771613644618704,0.5,P0050,287.0,-0.1247034817477672
1202521,1202531,FKSH06,139.5199,37.1723,100,395,0.2173003483363786,0.17832991486217725,0.25500462817699654,0.5,P0050,380.0,-0.7512345305359531
1202541,1202551,FKSH07,139.3755,37.0103,200,168,0.14397374111292913,0.09975292322340974,0.20326424725418274,0.5,P0050,159.0,-0.6558243426449973
1202561,1202571,FKSH08,140.2144,37.2822,105,495,0.30496243516839167,0.26369708018342086,0.3445916471348292,0.5,P0050,474.0,-0.092468561540307
1202581,1202591,FKSH09,140.4264,37.353,200,575,0.2064499978154873,0.1606544858320864,0.253901274777097,0.5,P0050,552.0,-0.2982073526401523
1202601,1202611,FKSH10,140.093,37.1616,200,568,0.32933545260839364,0.2630202719140624,0.39146819186978943,0.5,P0050,548.0,0.0179411442299893
1202621,1202631,FKSH11,140.3386,37.2006,115,465,0.5924606552852753,0.523557031940979,0.6533430460922578,0.5,P0050,445.0,0.2252328212108582
1202641,1202651,FKSH12,140.5703,37.2169,105,587,0.3859847113579301,0.31390719293205904,0.5031809424057165,0.5,P0050,564.0,0.1273667387166145
1202661,1202671,FKSH13,140.5853,36.9951,105,103,0.1398004725110774,0.09020146572339563,0.18940176204256695,0.5,P0050,99.0,-0.1968953106807939
1202681,1202691,FKSH14,140.9702,37.0264,147,596,0.6562040294226403,0.5620869205379473,0.7316916536878789,0.5,P0050,574.0,0.1056042541151088
1202701,1202711,FKSH15,140.1735,37.6461,100,150,0.26073253618545067,0.23063501048410776,0.30134314256777833,0.5,P0050,144.0,-0.4583978793017481
1202721,1202731,FKSH16,140.3766,37.7643,300,307,0.4695635797143042,0.4230699795086539,0.5297091384500601,0.5,P0050,290.0,-0.1410844043972036
1202741,1202751,FKSH17,140.5974,37.6636,100,583,0.31075569753917087,0.2690699225262228,0.3648005899367374,0.5,P0050,560.0,0.0917355034651253
1202761,1202771,FKSH18,140.538,37.4894,100,588,0.6625116391516388,0.6017252561698921,0.7177246782865907,0.5,P0050,564.0,0.4703206751210114
1202781,1202791,FKSH19,140.7227,37.4703,100,594,0.5716329467313026,0.5070898126292807,0.6448983102764227,0.5,P0050,568.0,0.202134604153931
1202801,1202811,FKSH20,140.9871,37.4911,109,430,0.8155629946803808,0.7492097447691348,0.8745167461833449,0.5,P0050,416.0,0.2128195489897025
1202821,1202831,FKSH21,139.3147,37.3421,200,270,0.691342163218519,0.6174562188976782,0.7666712967200788,0.5,P0050,264.0,-0.3659641790769901
1202851,1202861,GIFH03,136.6134,35.6325,100,70,0.4263226715135906,0.3579380249269983,0.5026467122773262,0.5,P0050,70.0,0.0633462694036664
1202871,1202881,GIFH04,137.1983,36.2448,100,45,0.19894574331783227,0.1780096000862225,0.22970119621222396,0.5,P0050,45.0,-0.3588506832440568
1202891,1202901,GIFH05,136.9479,36.0654,100,20,0.5117772178900823,0.4795691537531675,0.5798856827357535,0.5,P0050,20.0,0.0774331055427345
1202911,1202921,GIFH06,136.7939,35.5038,201,44,0.41022613645295736,0.35347588721548084,0.4907432118540357,0.5,P0050,44.0,-0.0430166910908426
1202931,1202941,GIFH07,136.4347,35.4179,100,44,0.166874714315037,0.126685027664462,0.21987409904732585,0.5,P0050,44.0,-0.1683272400201487
1202951,1202961,GIFH08,136.9621,35.8323,100,67,0.23497590141442634,0.19674929154600534,0.27837680458393854,0.5,P0050,67.0,-0.3880948646686833
1202971,1202981,GIFH09,136.7002,35.2768,1508,42,0.8452280034001204,0.7630764205089965,0.9430213280558701,0.5,P0050,42.0,-0.2137772939104262
1202991,1203001,GIFH10,137.3716,36.3779,100,54,0.405882773924481,0.35002543094399746,0.47753155636179406,0.5,P0050,52.0,-0.3362459305822153
1203011,1203021,GIFH11,137.2464,35.4865,100,66,0.09503154719969384,0.07154817647508233,0.12314074335832187,0.5,P0050,65.0,-0.1375055771585068
1203031,1203041,GIFH12,136.4134,35.6033,106,46,0.2132161963772797,0.17334670053866374,0.28504872865463315,0.5,P0050,46.0,0.1111516458934636
1203051,1203061,GIFH13,136.8979,36.2743,154,45,0.5146338936082939,0.45261376667856346,0.5850026398046032,0.5,P0050,43.0,-0.0465116289865985
1203071,1203081,GIFH14,137.5174,36.2493,100,54,0.3878469073926012,0.3200470492396146,0.4647824613053293,0.5,P0050,53.0,-0.5385529093160288
1203091,1203101,GIFH15,137.2208,36.1338,105,63,0.8487643367750395,0.7808235162642994,0.9163543366306042,0.5,P0050,62.0,0.2881790134338178
1203111,1203121,GIFH16,137.3438,36.094,100,61,0.21332135164585708,0.17772862941039766,0.2533785467484955,0.5,P0050,60.0,-0.1453108138713343
1203131,1203141,GIFH17,136.8732,35.9514,100,44,0.5242288541352391,0.42832058743293544,0.6365667145431019,0.5,P0050,43.0,-0.1355468270700994
1203151,1203161,GIFH18,137.1495,35.8991,107,67,0.3257707812098346,0.2815246014432461,0.3662721759102924,0.5,P0050,66.0,-0.2320787447620759
1203171,1203181,GIFH19,137.3906,36.0216,100,80,0.14170453360110558,0.11044827263473964,0.1669422955607487,0.5,P0050,79.0,-0.3705738062904473
1203191,1203201,GIFH20,137.2531,35.7991,128,72,0.5628272775271231,0.4726532440590676,0.6431059327076893,0.5,P0050,71.0,0.0112296823337092
1203211,1203221,GIFH21,136.9618,35.6665,200,42,0.3000096429716163,0.23764380063012452,0.3483460739627717,0.5,P0050,42.0,-0.124567733857236
1203231,1203241,GIFH22,137.1054,35.6682,100,31,0.15270499156150122,0.127479900591811,0.19088670635299365,0.5,P0050,31.0,-0.4991215005104146
1203251,1203261,GIFH23,136.7847,35.7235,100,48,0.17950509508236495,0.1613622216292166,0.20970540641781876,0.5,P0050,48.0,-0.0602949932124443
1203271,1203281,GIFH24,137.3187,35.6401,107,78,0.06321706188035717,0.04517146027664856,0.09231245030223076,0.5,P0050,77.0,-0.6264490039894103
1203291,1203301,GIFH25,136.6127,35.5214,102,40,0.5261575401051246,0.45453691797801843,0.5732076723158135,0.5,P0050,40.0,-0.2208770022681333
1203311,1203321,GIFH26,136.8764,35.4121,100,51,0.7466319958981799,0.6820299120655811,0.8348391490882883,0.5,P0050,51.0,0.0550974937460614
1203331,1203341,GIFH27,137.004,35.4527,200,58,0.33201485265636954,0.26017050339545766,0.3899281338541519,0.5,P0050,58.0,-0.3376384018909475
1203351,1203361,GIFH28,137.4706,35.4571,401,75,0.5563811527020458,0.4662351840764002,0.6520613673250042,0.5,P0050,74.0,0.0052244319405065
1203371,1203381,GIFH29,136.4732,35.2953,136,17,0.5330373128321099,0.42849802442911455,0.6588535454830929,0.5,P0050,,
1203411,1203421,GNMH05,139.1847,36.3143,2000,298,0.4625657319014583,0.39151314686689964,0.5410839505053101,0.5,P0050,287.0,0.010146857170876
1203431,1203441,GNMH06,139.5443,36.2441,1203,89,0.9711025401923444,0.9060368869867452,1.0264075270973672,0.5,P0050,85.0,0.104356412194509
1203451,1203461,GNMH07,139.2104,36.6998,200,414,0.3929170884290063,0.3407125795771899,0.4542071012133081,0.5,P0050,403.0,-0.2051678651153699
1203471,1203481,GNMH08,138.5244,36.4917,150,304,0.409362234924197,0.356908035041376,0.47143727016623027,0.5,P0050,298.0,0.0833163535416068
1203491,1203501,GNMH09,138.9068,36.6212,110,324,0.19010981440007454,0.14438662997803503,0.23768290795144287,0.5,P0050,317.0,-0.4642994568612711
1203511,1203521,GNMH10,138.7291,36.2356,100,90,0.14193557008057633,0.1228821918251033,0.16515666203049334,0.5,P0050,86.0,-0.3536837502008087
1203531,1203541,GNMH11,138.921,36.2862,200,364,0.42323202007488203,0.36924681214343613,0.48024196747227166,0.5,P0050,353.0,-0.1836066996901894
1203551,1203561,GNMH12,138.9129,36.144,102,338,0.4368663314858737,0.3884374243224988,0.4894788514988777,0.5,P0050,329.0,0.2274180544564661
1203571,1203581,GNMH13,139.0627,36.862,204,216,0.9268045195457213,0.8451027211410302,1.020520586655779,0.5,P0050,211.0,0.1961661492079786
1203591,1203601,GNMH14,139.3219,36.4931,200,328,0.2657805535416461,0.21393785187260378,0.3093259502690207,0.5,P0050,317.0,-0.2526816692781906
1203611,1203621,HDKH01,142.2296,42.7031,100,219,0.35390438584746253,0.30268254982320575,0.4088549926848375,0.5,P0050,210.0,0.0262790673273917
1203631,1203641,HDKH02,142.4054,42.7061,110,142,0.3986961918412265,0.33655545992900915,0.46714847580318036,0.5,P0050,134.0,0.0677519361379567
1203651,1203661,HDKH03,142.3521,42.5934,106,216,0.45077484660286016,0.3935807936624307,0.5095922581355791,0.5,P0050,208.0,0.0972518570882772
1203671,1203681,HDKH04,142.0381,42.5126,220,233,0.712259904054083,0.6436992264390693,0.755727595662273,0.5,P0050,225.0,-0.0263908249471251
1203691,1203701,HDKH05,142.5446,42.5977,100,211,0.1710373543952426,0.1378988662851194,0.20438737058936213,0.5,P0050,204.0,-0.2346036253300389
1203711,1203721,HDKH06,142.3572,42.3498,115,236,1.082585285733562,0.9921840317536272,1.1806791322883463,0.5,P0050,229.0,0.2453504761081568
1203731,1203741,HDKH07,142.9164,42.133,101,309,0.6069837252067363,0.5381504136646038,0.6819549513188818,0.5,P0050,299.0,0.1864127016635687
1203751,1203761,HRSH01,133.0236,34.3736,205,50,0.3744570766652946,0.32515755673781666,0.4428193765931766,0.5,P0050,50.0,0.1761046486381657
1203771,1203781,HRSH02,132.948,34.5482,100,24,0.12523793490672308,0.11104585269136705,0.14409680747568004,0.5,P0050,24.0,-0.0116077544946167
1203791,1203801,HRSH03,133.1375,34.5183,200,44,0.31320440149347767,0.2613163170104843,0.3935509073027091,0.5,P0050,44.0,0.0559347262819492
1203811,1203821,HRSH04,133.3493,34.3785,200,44,0.30922527927160104,0.2160428859994448,0.35690289753287596,0.5,P0050,44.0,-0.5442060684984859
1203831,1203841,HRSH05,133.4179,34.5566,200,32,0.6717276044031615,0.5897857307546526,0.7100726116451146,0.5,P0050,32.0,-0.0215200225813939
1203851,1203861,HRSH06,132.9123,34.9137,100,25,0.6177207559001403,0.5256381800561652,0.6627236452012362,0.5,P0050,25.0,0.2756801318532764
1203871,1203881,HRSH07,132.6411,34.2883,102,68,0.6000590194214805,0.5651135126205692,0.6734599638366295,0.5,P0050,68.0,0.4660305973135814
1203891,1203901,HRSH08,132.1611,34.3935,100,30,0.10548596454297383,0.07191031912744078,0.1608676043799036,0.5,P0050,30.0,0.0341719324723206
1203911,1203921,HRSH09,132.9524,34.7016,115,32,0.0938734316360402,0.04907226772705249,0.11541034328301669,0.5,P0050,32.0,-0.0900632120493233
1203931,1203941,HRSH10,132.3794,34.7471,100,43,0.5678349158581897,0.5051259684782529,0.6956184050372057,0.5,P0050,43.0,0.4989802379506973
1203951,1203961,HRSH11,133.1674,34.8225,100,35,0.13644889436692095,0.10167362817923495,0.16522512943165266,0.5,P0050,35.0,-0.3068473862625306
1203971,1203981,HRSH12,132.4295,34.581,150,13,0.10282735563933301,0.061840001245577265,0.16259968845725878,0.5,P0050,,
1203991,1204001,HRSH13,132.3907,34.4122,200,18,0.3344158819769151,0.2648335512116551,0.44548752182663703,0.5,P0050,,
1204011,1204021,HRSH14,132.4063,34.209,100,49,0.3092857249606501,0.2738402635150531,0.3529942833457366,0.5,P0050,49.0,-0.1540237275250714
1204031,1204041,HRSH15,132.5053,34.1161,100,51,0.1804264362090241,0.14006016811770938,0.2173542866131032,0.5,P0050,51.0,0.0578022082611763
1204051,1204061,HRSH16,132.6689,34.6629,100,29,0.1977947577792258,0.16082981715506067,0.2549288381210979,0.5,P0050,29.0,0.1397760227936983
1204071,1204081,HRSH17,132.2326,34.5716,102,42,0.08704749645060175,0.05744934331922634,0.10480243551480697,0.5,P0050,42.0,-0.3038551427849535
1204091,1204101,HRSH18,132.7923,34.4572,100,41,0.24109732511513496,0.21272253267333655,0.30748218307723685,0.5,P0050,41.0,-0.1646396720616767
1204111,1204121,HYGH01,134.7941,34.2937,102,35,0.6179447853761199,0.5055251743715343,0.6497865396172178,0.5,P0050,35.0,0.1695848499602959
1204131,1204141,HYGH02,134.4234,35.0671,103,37,0.14738921681172124,0.11564533044710675,0.18467963828651662,0.5,P0050,37.0,-0.1999136765814664
1204151,1204161,HYGH03,134.5237,35.2193,100,29,0.08563908526891771,0.06233014437543904,0.1109982070639463,0.5,P0050,29.0,-0.4045834598817834
1204171,1204181,HYGH04,135.2811,35.0708,100,34,0.13231841716989767,0.09980595868105954,0.14962664262556138,0.5,P0050,34.0,-0.3474642492637593
1204191,1204201,HYGH05,134.3284,34.8995,100,11,0.09590232671101916,0.05804223995394694,0.10027364061437839,0.5,P0050,,
1204211,1204221,HYGH06,134.4792,34.7935,200,23,0.16684795039805994,0.1312095284046736,0.19030578650047844,0.5,P0050,23.0,-0.3596994897841602
1204231,1204241,HYGH07,134.6701,35.0322,100,28,0.0831207283066231,0.06229487931667803,0.09937086303574583,0.5,P0050,28.0,-0.5780445506290902
1204251,1204261,HYGH08,134.9036,35.101,110,40,0.3908128839415145,0.3523497893499632,0.43068623191042743,0.5,P0050,40.0,-0.1300591056774709
1204271,1204281,HYGH09,135.0844,34.9082,100,40,0.5085221699532358,0.4665924171297886,0.5433080537955446,0.5,P0050,40.0,0.0004951857572848
1204291,1204301,HYGH10,134.8078,34.8164,100,39,0.6760250968214361,0.5986066253275657,0.7704094407509117,0.5,P0050,39.0,0.2200164091703535
1204311,1204321,HYGH11,134.9071,35.2925,200,33,0.7792482069459042,0.7205012801545876,0.842478049655799,0.5,P0050,33.0,0.080196150788685
1204331,1204341,HYGH12,134.5423,34.9313,100,34,0.16579999282978022,0.13511925061685065,0.19978906951392494,0.5,P0050,34.0,-0.3596990580906835
1204351,1204361,HYGH13,134.6566,35.6208,101,15,0.4750716365424929,0.40592545907580624,0.5634210637564723,0.5,P0050,,
1204371,1204381,HYGH14,134.8621,35.4574,101,28,0.17134505088540905,0.1331579316747174,0.1928031228440027,0.5,P0050,28.0,-0.0661291371851822
1204391,1204401,HYGH15,134.5953,35.4697,100,15,0.1905726631071599,0.17063730858991427,0.21715760943150703,0.5,P0050,,
1204411,1204421,HYMH01,139.9678,42.4851,112,76,0.4385511133595028,0.38579317667207297,0.48162040675621676,0.5,P0050,75.0,-0.0110639720450686
1204431,1204441,HYMH02,140.3087,41.9856,101,116,0.5079776688789118,0.45841995763491045,0.5753839821174302,0.5,P0050,115.0,-0.0036656240717942
1204451,1204461,HYMH03,140.004,42.1344,100,24,0.18519305760013938,0.15862166824155927,0.2151757481291829,0.5,P0050,24.0,-0.5248852908984717
1204481,1204491,IBRH06,140.6545,36.8809,100,205,0.20434489502548162,0.16209818577795293,0.2534761409811071,0.5,P0050,198.0,-0.213252564734911
1204501,1204511,IBRH07,140.3301,35.9521,1200,412,1.0943826017587344,0.9728558343168004,1.1876888410930708,0.5,P0050,394.0,-0.1598031149818245
1204521,1204531,IBRH08,140.5621,36.1188,1200,168,0.5864919844802686,0.5463350406899915,0.6631437511348368,0.5,P0050,162.0,-0.0485929308494612
1204541,1204551,IBRH09,140.3559,36.439,105,76,0.2509235665437236,0.18992054935548666,0.29764528529110773,0.5,P0050,74.0,-0.3309252779977286
1204561,1204571,IBRH10,139.9889,36.1112,900,380,1.153899944894369,1.0880991911187137,1.2253310289807344,0.5,P0050,364.0,0.0715532418184804
1204581,1204591,IBRH11,140.1401,36.3701,103,520,0.9480514643992127,0.8787553762477089,1.0158330524153705,0.5,P0050,499.0,0.5460375556906206
1204601,1204611,IBRH12,140.3181,36.8369,200,478,0.5372421099847853,0.45730036496555093,0.5989662351282129,0.5,P0050,460.0,0.0781967631844782
1204621,1204631,IBRH13,140.575,36.7955,100,523,0.637522774688786,0.5731401132435037,0.7074901409248487,0.5,P0050,503.0,0.2654807191366904
1204641,1204651,IBRH14,140.5484,36.6922,100,511,0.13795119266515563,0.10797252437665988,0.1683077066771403,0.5,P0050,491.0,-0.3134436076197246
1204661,1204671,IBRH15,140.3013,36.5566,107,519,0.3302385876390221,0.28046669055337015,0.3872107475718366,0.5,P0050,498.0,-0.0942510327337408
1204681,1204691,IBRH16,140.3976,36.6405,300,518,0.6215094208330586,0.5515062364947099,0.6886573421554498,0.5,P0050,498.0,-0.0734349353758127
1204701,1204711,IBRH17,140.314,36.0864,510,461,0.7724749238710558,0.7194583932117691,0.8259838726716282,0.5,P0050,440.0,-0.0017910432480773
1204721,1204731,IBRH18,140.6198,36.3631,504,484,0.46178599105155277,0.4024461850010046,0.5251022875628826,0.5,P0050,465.0,-0.2853163782448017
1204741,1204751,IBRH19,140.0893,36.2137,209,433,0.21936442089021868,0.18033892172457427,0.26719576939324624,0.5,P0050,416.0,-0.2048424294006201
1204761,1204771,IBRH20,140.7323,35.8284,921,301,0.5464375939012199,0.4866952807381021,0.597892899221067,0.5,P0050,289.0,-0.2051555939588127
1204781,1204791,IBRH21,140.105,35.9814,929,109,0.6716613904244446,0.5674296996734357,0.7280399690365287,0.5,P0050,104.0,-0.1390138745686067
1204871,1204881,IBUH01,141.8191,42.8739,100,191,0.7382512312358607,0.6535143892509916,0.8116154893325183,0.5,P0050,186.0,0.1394155033621992
1204891,1204901,IBUH02,142.1285,42.8714,102,152,0.2825111967723447,0.2305414411079582,0.31816596878373354,0.5,P0050,148.0,-0.183834912372234
1204911,1204921,IBUH03,141.8641,42.6486,153,108,1.0853333049149452,1.0095555631547266,1.146210137425833,0.5,P0050,102.0,0.3532392334461552
1204931,1204941,IBUH04,140.665,42.6415,103,50,0.4960948212391532,0.4324069654650622,0.6150893434762097,0.5,P0050,49.0,-0.0724244068979692
1204951,1204961,IBUH05,141.3497,42.5629,177,197,0.27621234132213934,0.23180912674721993,0.3266977584669909,0.5,P0050,192.0,-0.0187614542626388
1204971,1204981,IBUH06,141.0017,42.4116,562,128,0.9954788194145336,0.9169111217087174,1.0773636321701392,0.5,P0050,125.0,0.6193489509890613
1204991,1205001,IBUH07,141.0643,42.6476,200,122,0.9432816109082399,0.8642284942325285,1.0253960847266106,0.5,P0050,119.0,0.4474077672137641
1205011,1205021,IKRH01,141.5836,43.4087,200,114,0.36656133715806183,0.30269713902942713,0.42856246613483673,0.5,P0050,111.0,0.0945074017589472
1205031,1205041,IKRH02,141.6523,43.2204,127,139,0.6603203467513922,0.6154386949613158,0.7181103431589444,0.5,P0050,135.0,0.206832398196525
1205051,1205061,IKRH03,141.6399,42.888,252,168,0.3659103906441731,0.31310853072521966,0.4087514630530469,0.5,P0050,164.0,-0.2924160798607136
1205071,1205081,ISKH01,137.2844,37.5266,200,31,0.6007487696498902,0.5574852990639307,0.6998929226373708,0.5,P0050,31.0,0.3448253793754613
1205091,1205101,ISKH02,137.0413,37.3644,102,50,0.5331709472023437,0.4712027037089097,0.5863048627925799,0.5,P0050,47.0,0.1462473063488777
1205111,1205121,ISKH03,137.2436,37.3458,207,59,0.2623459365679035,0.1871554474433817,0.3447179229058761,0.5,P0050,56.0,0.0960574568138191
1205131,1205141,ISKH04,136.7176,37.1902,116,39,0.4702506163939087,0.3757859886500443,0.5516142517052358,0.5,P0050,36.0,0.149918400121033
1205151,1205161,ISKH05,136.9689,37.2224,105,34,0.21642263025254777,0.14828190597180985,0.29960465397046937,0.5,P0050,32.0,-0.3601085346220438
1205171,1205181,ISKH06,136.8206,37.0533,200,47,0.5579036017757476,0.44720465968455136,0.6431233823787984,0.5,P0050,44.0,-0.0645524654557868
1205191,1205201,ISKH07,136.6357,36.515,802,42,0.5932814625854405,0.5599182864005847,0.6546797908707014,0.5,P0050,42.0,-0.1076124400764608
1205211,1205221,ISKH08,136.7906,36.738,100,37,0.5243289258261921,0.49078803273784066,0.575883068529754,0.5,P0050,34.0,0.1278133998394613
1205231,1205241,ISKH09,136.7168,36.2667,106,51,0.3769775467475112,0.29768044024160634,0.4455537342037379,0.5,P0050,51.0,-0.2107080310042527
1205251,1205261,IWTH01,141.3423,40.2383,200,402,0.5085228642797821,0.42307566403209546,0.5995485757533945,0.5,P0050,390.0,0.3516429417151445
1205271,1205281,IWTH02,141.3826,39.825,102,460,0.30623351200244003,0.23572293523959328,0.41472076356757426,0.5,P0050,445.0,0.155221418035583
1205291,1205301,IWTH03,141.652,39.802,101,473,0.075109609178539,0.05140615330193689,0.09815489017572333,0.5,P0050,457.0,-0.1930941882143294
1205311,1205321,IWTH04,141.3909,39.1809,106,546,0.47059871820041377,0.4151288404680856,0.5338456241735456,0.5,P0050,524.0,0.2845258678335811
1205331,1205341,IWTH05,141.3512,38.8654,101,524,0.28691102050726836,0.23903618996022857,0.34599305396900837,0.5,P0050,499.0,-0.0477838811818723
1205351,1205361,IWTH06,141.1709,40.2611,100,308,0.24772304871506967,0.1940081729296826,0.3088015500172033,0.5,P0050,299.0,0.1813212878482677
1205371,1205381,IWTH07,141.5709,40.2705,120,406,0.15920869716241973,0.1290228723305808,0.20034260476725618,0.5,P0050,396.0,-0.050276674998899
1205391,1205401,IWTH08,141.7831,40.2686,100,363,0.6477345524233147,0.5795190736472233,0.7205819631180652,0.5,P0050,355.0,0.0922852938263181
1205411,1205421,IWTH09,141.712,40.0861,100,432,0.07867932900866315,0.054667591304534496,0.10163443802284561,0.5,P0050,419.0,-0.2081898346512399
1205431,1205441,IWTH10,140.9529,40.1391,100,386,0.25667898838647507,0.22710833594387747,0.2866204683113958,0.5,P0050,375.0,-0.0026108554001953
1205451,1205461,IWTH11,141.1915,40.0811,300,403,0.765782387937715,0.701506684936354,0.837917021815761,0.5,P0050,390.0,0.5237457758634794
1205471,1205481,IWTH12,141.4245,40.1533,100,421,0.5685145980164903,0.49598298849353767,0.6387482276409356,0.5,P0050,411.0,0.2951898485121282
1205491,1205501,IWTH13,141.5492,39.9398,117,379,0.11931580303635395,0.09115388768254479,0.1550757968849314,0.5,P0050,369.0,0.0164445774728002
1205511,1205521,IWTH14,141.9087,39.7435,100,473,0.09926140130080897,0.07268963264679554,0.13739351037450964,0.5,P0050,460.0,-0.0947160906992784
1205531,1205541,IWTH15,141.0929,39.6148,122,511,0.4283033695816322,0.37414373116575095,0.4833322829798742,0.5,P0050,493.0,0.3729068552902227
1205551,1205561,IWTH16,140.9465,39.6436,150,489,0.33279917198091086,0.2686367710091502,0.4020289945291469,0.5,P0050,474.0,0.3953324161396468
1205571,1205581,IWTH17,141.5977,39.6442,103,507,0.096580940268577,0.07351553961028545,0.12116300076394335,0.5,P0050,491.0,0.0477529669797654
1205591,1205601,IWTH18,141.6775,39.463,100,489,0.08978786299749242,0.06776387938997477,0.11980531830109808,0.5,P0050,472.0,-0.1958698231353066
1205611,1205621,IWTH19,141.0001,39.4559,100,385,0.35719554180613394,0.3218673261720173,0.40864209295402637,0.5,P0050,376.0,0.2220131440899979
1205631,1205641,IWTH20,141.0473,39.3434,156,451,0.3106604537331172,0.2547906425074238,0.37367430053795864,0.5,P0050,436.0,0.4743093832654688
1205651,1205661,IWTH21,141.9336,39.4734,100,497,0.17107281173197297,0.13080063119967675,0.2225855541201283,0.5,P0050,480.0,-0.3330038617007054
1205671,1205681,IWTH22,141.3015,39.334,100,516,0.15648300738411647,0.12408477422244828,0.19124959609030528,0.5,P0050,499.0,0.1006395255766648
1205691,1205701,IWTH23,141.8233,39.2741,103,522,0.09523897505149831,0.0742667542861408,0.1238631815764241,0.5,P0050,502.0,-0.3060657748151235
1205711,1205721,IWTH24,141.0118,39.1979,151,485,0.29939904508509085,0.246675385570059,0.34443073059465085,0.5,P0050,464.0,0.1967071481378625
1205731,1205741,IWTH25,140.8638,39.0092,261,103,0.6451336159131514,0.5621580690817962,0.7167884023314711,0.5,P0050,101.0,0.1558523247271779
1205751,1205761,IWTH26,141.0013,38.969,108,568,0.585387744685998,0.52614902163671,0.6436336828272962,0.5,P0050,546.0,0.3458375262512397
1205771,1205781,IWTH27,141.532,39.0307,100,556,0.13450167887967757,0.10394824955577113,0.17681424599635243,0.5,P0050,536.0,0.0953163106231149
1205791,1205801,IWTH28,140.864,39.0094,263,359,0.6570525947147311,0.5619545626847682,0.7628966293428774,0.5,P0050,341.0,0.2404455735863114
1205841,1205851,KGSH01,130.1191,32.1554,201,51,0.5177010779422876,0.4749129903266795,0.5917096031142455,0.5,P0050,49.0,-0.0642901055618078
1205861,1205871,KGSH02,130.2077,31.994,201,33,0.4407549725255232,0.3450343307787963,0.5399042751492067,0.5,P0050,32.0,-0.1755473307770844
1205881,1205891,KGSH03,130.4438,31.9812,100,68,0.1385505667016776,0.11126346349781263,0.17005688684639292,0.5,P0050,66.0,-0.1800163994084826
1205901,1205911,KGSH04,130.3602,31.8374,99,57,0.5469386560396843,0.46209948202889284,0.6048050936004269,0.5,P0050,55.0,0.0500685393550633
1205921,1205931,KGSH05,130.4958,31.8699,106,72,0.4788269831413864,0.4149787211168239,0.5509606181419764,0.5,P0050,69.0,-0.1516154850875155
1205941,1205951,KGSH06,130.4594,31.6988,202,54,0.3632059252277239,0.2902166368530975,0.43511628478159065,0.5,P0050,51.0,-0.2636118010234285
1205961,1205971,KGSH07,130.6149,31.714,301,66,0.710882547961265,0.6583472138252477,0.7998295185116937,0.5,P0050,63.0,0.0185483951998107
1205981,1205991,KGSH08,130.9969,31.5618,149,79,0.3308793788115129,0.24723977158496888,0.4086710504847666,0.5,P0050,77.0,-0.3020341332421343
1206001,1206011,KGSH09,130.4333,31.3741,100,68,0.669550167452382,0.6347653461896126,0.7195727115983159,0.5,P0050,66.0,-0.030401007409605
1206021,1206031,KGSH10,130.6183,31.2066,202,69,0.7075350132301474,0.6112247933493306,0.7621645314834923,0.5,P0050,68.0,-0.1182346628447257
1206041,1206051,KGSH11,130.699,31.0899,199,53,0.4984721211084097,0.4424468165540177,0.554192810619428,0.5,P0050,51.0,-0.2878509788083394
1206061,1206071,KGSH12,131.0877,31.2583,150,63,0.2899279924231162,0.25132920402118575,0.3233891238408452,0.5,P0050,63.0,-0.2206086718563993
1206081,1206091,KGSH13,130.8541,31.4005,101,19,0.7357703716471048,0.6428140915163661,0.7647744368394843,0.5,P0050,,
1206101,1206111,KGWH01,133.9493,34.2186,117,38,0.302986302029848,0.24969561356904257,0.40097538771925934,0.5,P0050,38.0,-0.1363749946168292
1206121,1206131,KGWH02,133.7081,34.198,200,38,0.8682304600069934,0.8011605317742805,0.9355616116887442,0.5,P0050,38.0,0.2695617842262969
1206141,1206151,KGWH03,134.1482,34.27,100,21,0.07443130974115571,0.056453917884561465,0.08310639438883684,0.5,P0050,21.0,-0.1296519843924913
1206161,1206171,KGWH04,134.3043,34.2264,105,13,0.2590954561487116,0.2297215633325004,0.35445966250873057,0.5,P0050,,
1206181,1206191,KGWH05,134.3241,34.4572,433,20,0.37609666909215805,0.30076607613598566,0.4978518913129885,0.5,P0050,20.0,-0.4653237147434381
1206201,1206211,KKWH01,142.3036,44.5973,111,14,0.43145966147353165,0.283766079164854,0.5388391513514968,0.5,P0050,,
1206221,1206231,KKWH02,142.5736,44.5509,112,40,0.25980586344061835,0.222603594257159,0.3070641056513205,0.5,P0050,40.0,-0.3461188342899818
1206241,1206251,KKWH03,142.2725,44.4732,100,24,0.22415524223676467,0.1894286958434338,0.240628269825229,0.5,P0050,24.0,-0.6720896730235549
1206261,1206271,KKWH04,142.4056,44.4376,100,46,0.2773630433075156,0.20490386546434822,0.3135523560442086,0.5,P0050,46.0,-0.3767256335940612
1206281,1206291,KKWH05,142.6303,44.2921,300,51,0.43045246783568575,0.352692993807186,0.5084892414780282,0.5,P0050,51.0,-0.1841402595948976
1206301,1206311,KKWH06,142.7656,44.3207,100,35,0.0683352695588832,0.035199211243349474,0.09272009360150282,0.5,P0050,35.0,-0.7279040932190699
1206321,1206331,KKWH07,142.3409,43.3697,109,82,0.42682138882643134,0.33590043161930005,0.4767675198777337,0.5,P0050,80.0,-0.0528461435563551
1206341,1206351,KKWH08,142.6562,43.0406,100,202,0.7350489679880355,0.6676068826859829,0.8103479175218831,0.5,P0050,194.0,0.4275599656867954
1206361,1206371,KKWH09,142.2542,44.7745,106,12,0.32949739075789664,0.26935986166520454,0.4267949965979696,0.5,P0050,,
1206381,1206391,KKWH10,142.0528,44.6617,105,24,0.4345679870775203,0.37425523618187406,0.5337579894856557,0.5,P0050,24.0,-0.3893067260070846
1206401,1206411,KKWH11,142.2834,43.9754,105,40,0.8049028563732091,0.7385569227311759,0.9133748891754032,0.5,P0050,40.0,0.0065335113022225
1206421,1206431,KKWH12,142.6006,43.5038,207,127,0.3535361062817352,0.2857040889268023,0.42825146944448245,0.5,P0050,125.0,-0.3674254287931288
1206441,1206451,KKWH13,142.3906,43.5113,168,96,0.49775958290374167,0.42920498015435404,0.5820833434270473,0.5,P0050,94.0,-0.215800600261423
1206461,1206471,KKWH14,142.5245,43.3841,150,154,0.4166450855181175,0.348322138233674,0.4920554121115926,0.5,P0050,148.0,-0.3190052042812772
1206481,1206491,KKWH15,142.7656,43.8546,148,67,0.41246041002865347,0.32737534649729433,0.49174295088144315,0.5,P0050,67.0,-0.3652146748824794
1206501,1206511,KMMH01,130.6949,33.1089,99,51,0.17613289839472793,0.14802450146856796,0.20275396500921042,0.5,P0050,50.0,-0.3866674567356215
1206521,1206531,KMMH02,131.0629,33.122,124,53,0.28673597353243846,0.2195878648377591,0.34753415900896567,0.5,P0050,52.0,-0.3146489063165762
1206541,1206551,KMMH03,130.8301,32.9984,200,53,0.7648081077253545,0.7004631816123901,0.798845038462145,0.5,P0050,52.0,0.0814411735460196
1206561,1206571,KMMH04,131.0199,32.9514,128,23,0.32386890493189385,0.25600331635034823,0.3701805819485283,0.5,P0050,21.0,-0.191969541607752
1206581,1206591,KMMH05,131.2207,32.9553,100,45,0.7317065108048069,0.6654618764040104,0.8391030508738491,0.5,P0050,44.0,0.2853260439461418
1206601,1206611,KMMH06,131.101,32.8114,111,60,0.19273392668819467,0.14340634128844026,0.2605600554268719,0.5,P0050,59.0,-0.4831086398791363
1206621,1206631,KMMH07,130.5584,32.6234,300,62,0.4574497081337139,0.39276125986292304,0.5151788833854392,0.5,P0050,60.0,-0.1171593635734702
1206641,1206651,KMMH08,131.0251,32.6501,103,41,0.6361468712300316,0.5570269306837595,0.6858131367183841,0.5,P0050,41.0,0.0946263837434397
1206661,1206671,KMMH09,130.9046,32.4901,100,70,0.6232234442563525,0.5441416219061943,0.7020291007662314,0.5,P0050,69.0,0.0583511427692887
1206681,1206691,KMMH10,130.1811,32.3151,300,51,0.9229253008458511,0.8043030545183227,1.0560089669790642,0.5,P0050,50.0,0.3504115095776099
1206701,1206711,KMMH11,130.5777,32.2918,300,58,0.3451882101871788,0.2797772411920971,0.40951273890324635,0.5,P0050,57.0,-0.1359215177618791
1206721,1206731,KMMH12,130.7371,32.2054,123,58,0.4363561666936173,0.3499196490474823,0.5285409631848756,0.5,P0050,57.0,0.0508644616227475
1206741,1206751,KMMH13,130.9096,32.2209,177,47,0.23176898014480518,0.19228203724907628,0.27265829525478175,0.5,P0050,45.0,-0.0992356521089702
1206761,1206771,KMMH14,130.7521,32.6345,110,68,0.553134743526952,0.48616596323266725,0.6202092284229798,0.5,P0050,67.0,0.0813136168273817
1206781,1206791,KMMH15,130.3647,32.1704,110,57,0.33176802189921023,0.27221438958058625,0.3740763451704097,0.5,P0050,57.0,-0.203493209043901
1206801,1206811,KMMH16,130.8199,32.7967,252,57,0.6561433010773081,0.609684983476698,0.7197003415327499,0.5,P0050,57.0,-0.0009435374665469
1206821,1206831,KMMH17,130.5608,32.9873,100,30,0.13499066025063278,0.1088692573306504,0.14878468314368937,0.5,P0050,29.0,-0.5320752442968547
1206841,1206851,KMMH18,131.0071,33.0031,77,10,0.4455061652260568,0.3954368451130039,0.4930514383676785,0.5,P0050,,
1206911,1206921,KNGH10,139.5195,35.4991,2000,328,1.225846973575115,1.149833251960065,1.291178290186008,0.5,P0050,320.0,0.7164425292977484
1206931,1206941,KNGH11,139.3539,35.404,1800,193,1.140996259513054,1.082498461372103,1.2195396840335255,0.5,P0050,189.0,0.0812459506949354
1206951,1206961,KNGH18,139.1283,35.6437,100,299,0.4694655607401384,0.41753816455454074,0.5259590425703564,0.5,P0050,289.0,0.239487800404735
1206971,1206981,KNGH19,139.0436,35.4173,100,200,0.2204721549779663,0.19233869780655613,0.2524536796012021,0.5,P0050,199.0,-0.2781865879610517
1206991,1207001,KNGH20,139.126,35.3663,105,260,0.38412828208345207,0.33748745819210524,0.43638267581577594,0.5,P0050,253.0,-0.009041011718115
1207011,1207021,KNGH21,139.2146,35.4628,210,234,0.2737721618939438,0.22946140715713303,0.32247260437814224,0.5,P0050,231.0,-0.3100399880673415
1207031,1207041,KNGH22,139.091,35.3583,2000,18,1.0109602580903003,0.9299402549244606,1.0876626332321326,0.5,P0050,,
1207051,1207061,KNGH23,139.611,35.2624,100,171,0.40751581674088067,0.35208145151957315,0.47320749561498554,0.5,P0050,166.0,-0.1926835005916169
1207071,1207081,KOCH01,134.1197,33.5421,200,32,0.3510211417368281,0.3033340526812881,0.41934798063108614,0.5,P0050,32.0,-0.376087550544719
1207091,1207101,KOCH02,133.3641,33.7079,100,48,0.11481576355339998,0.08487318110721605,0.15456781956986498,0.5,P0050,48.0,-0.1259059759065441
1207111,1207121,KOCH03,132.9891,33.2683,100,51,0.14122920986454168,0.1049429162744297,0.16961727985017444,0.5,P0050,51.0,-0.3219694441513901
1207131,1207141,KOCH04,132.7066,32.8414,100,64,0.049510847362960755,0.03226896700743343,0.061972828457846164,0.5,P0050,63.0,-0.5482566322730061
1207151,1207161,KOCH05,133.1444,33.6472,100,55,0.11434529840551749,0.08414470997870087,0.14413359800366943,0.5,P0050,55.0,-0.3598797229735306
1207171,1207181,KOCH06,132.9524,33.0754,100,20,0.18269785935923188,0.1474300230140435,0.2318127249770441,0.5,P0050,20.0,-0.1515751652571967
1207191,1207201,KOCH07,133.2866,33.392,104,53,0.3180466416293729,0.27291282983722914,0.36366769878859473,0.5,P0050,53.0,-0.4631258483934485
1207211,1207221,KOCH08,132.9718,32.7797,100,50,0.18766609452001304,0.1614534069425253,0.2263902114389179,0.5,P0050,50.0,-0.6232517818277881
1207231,1207241,KOCH09,133.8243,33.6748,100,24,0.18313858509336448,0.15880719639050128,0.20290359819647819,0.5,P0050,24.0,-0.0852625946104136
1207251,1207261,KOCH10,133.4388,33.5313,101,42,0.12334707695320356,0.09168528340120582,0.15797355542300112,0.5,P0050,42.0,-0.3263714854059094
1207271,1207281,KOCH11,134.1603,33.2866,300,30,0.5244407087334171,0.4546301901567539,0.585556651822989,0.5,P0050,30.0,-0.2074254054166476
1207291,1207301,KOCH12,133.8192,33.5294,170,32,0.5341432142401037,0.4816558882695707,0.6194214941013685,0.5,P0050,32.0,0.0711328245834786
1207311,1207321,KOCH13,133.576,33.7543,152,19,0.25496398778069224,0.2069824942651796,0.28342640021433974,0.5,P0050,,
1207331,1207341,KSRH01,144.0844,43.4361,107,258,0.4988406630252007,0.43671202509902063,0.5606543990707795,0.5,P0050,249.0,0.1626946047125874
1207351,1207361,KSRH02,144.123,43.1142,105,254,0.4693154404635236,0.405112402930477,0.5256960800387123,0.5,P0050,245.0,0.2343376407935788
1207371,1207381,KSRH03,144.6279,43.3848,107,228,0.28807345306583554,0.22480147155535282,0.34887342647941966,0.5,P0050,220.0,-0.0206400789446245
1207391,1207401,KSRH04,144.6804,43.2139,240,228,0.41182301845270286,0.35780309690281387,0.4626211644156505,0.5,P0050,221.0,0.0729510683378369
1207411,1207421,KSRH05,144.2338,43.2556,330,271,0.2792735977178748,0.22838411695975852,0.32798976191454626,0.5,P0050,262.0,-0.1208250394763593
1207431,1207441,KSRH06,144.4285,43.22,237,268,0.2880872678966092,0.2249281174188985,0.33420846713309454,0.5,P0050,260.0,-0.1654181985857645
1207451,1207461,KSRH07,144.3274,43.1359,222,272,0.5088521690624692,0.46129929591078256,0.5513577733109095,0.5,P0050,263.0,0.1861045983236672
1207471,1207481,KSRH08,143.8936,43.1603,100,244,0.2375388031022564,0.19947996185281794,0.2797745314966232,0.5,P0050,240.0,-0.0621451930892112
1207491,1207501,KSRH09,143.9841,42.9856,100,271,0.57591117782382,0.5128994377516003,0.6373204825386365,0.5,P0050,262.0,0.2861711060915973
1207511,1207521,KSRH10,145.1168,43.2084,255,173,1.005210251233819,0.9524767058865765,1.0885143440148781,0.5,P0050,167.0,0.2867557140413296
1207531,1207541,KYTH01,135.1243,35.5243,155,38,0.9024393291158572,0.8555190091701026,0.9665678544989738,0.5,P0050,38.0,0.2612025549465449
1207551,1207561,KYTH02,135.2496,35.7101,200,27,0.3594116213522735,0.2753597797582601,0.41407394290693716,0.5,P0050,27.0,-0.0635013992253929
1207571,1207581,KYTH03,135.1334,35.313,300,34,0.33775096335060995,0.25996540127001916,0.4334353076489971,0.5,P0050,34.0,-0.3125574341807319
1207591,1207601,KYTH04,135.5508,35.2685,100,42,0.089355189666356,0.06196840394037348,0.12448795340170346,0.5,P0050,42.0,-0.3632451669338731
1207611,1207621,KYTH05,135.0268,35.6814,150,21,1.0914168556174537,1.0547255349584717,1.1690639031488643,0.5,P0050,21.0,0.3288909173684858
1207631,1207641,KYTH06,135.4846,35.0469,100,16,0.12489720429118195,0.10375827307624087,0.1426389247588274,0.5,P0050,,
1207651,1207661,KYTH07,135.7461,34.8983,800,33,0.9384564852836694,0.8281748946871825,1.0147374864816445,0.5,P0050,33.0,0.0894337813785812
1207671,1207681,KYTH08,135.7304,35.0094,703,21,0.6551169572810015,0.5906624768570012,0.7198334457030164,0.5,P0050,21.0,-0.2175276989429327
1207701,1207711,MIEH01,136.4563,34.9849,140,65,0.4234164516706056,0.3771953377659081,0.49715593777944694,0.5,P0050,65.0,-0.1010384149655843
1207721,1207731,MIEH02,136.2835,34.7662,200,47,0.49762945106499834,0.41666618309714826,0.5733618069081126,0.5,P0050,47.0,-0.231974398919212
1207741,1207751,MIEH03,136.3692,34.547,100,45,0.11480130787223328,0.09781949233757763,0.14962496022528327,0.5,P0050,44.0,-0.1222698465543537
1207761,1207771,MIEH04,136.5866,34.3532,112,47,0.10226529330633571,0.07091871296276026,0.13308037294095942,0.5,P0050,46.0,-0.4380623879783523
1207781,1207791,MIEH05,136.1689,34.0637,100,38,0.15863008319067395,0.12577029054896663,0.203947388330711,0.5,P0050,37.0,-0.1754066036891458
1207801,1207811,MIEH06,136.3293,34.358,100,43,0.08507388239632208,0.06382381781573368,0.1018363282654196,0.5,P0050,42.0,-0.4773026919402025
1207821,1207831,MIEH07,136.8216,34.2544,207,43,0.34953049288342963,0.2800129443876072,0.44531367081132783,0.5,P0050,42.0,-0.2494142996009912
1207841,1207851,MIEH08,136.5033,34.5424,150,44,0.13446099020726035,0.08765676728130428,0.17651444712740308,0.5,P0050,43.0,-0.3325243398312236
1207861,1207871,MIEH09,135.9969,33.7644,100,36,0.1601659988354871,0.10309851058339488,0.2368389704425768,0.5,P0050,35.0,-0.4197818136253574
1207881,1207891,MIEH10,136.4245,34.8224,197,53,0.35353416111127695,0.2882724948368914,0.4320528593359855,0.5,P0050,52.0,8.58163379037504e-05
1207901,1207911,MYGH01,140.9969,38.24,1206,150,0.9404855290322487,0.8612952460778917,1.0298535177423787,0.5,P0050,143.0,0.0131385290593102
1207921,1207931,MYGH02,140.6513,38.8587,203,233,0.6893924490189007,0.6188911413120913,0.7591780304603426,0.5,P0050,225.0,-0.0612742203927253
1207941,1207951,MYGH03,141.6377,38.9207,117,538,0.07041650135177471,0.04093291682608752,0.09230626235291862,0.5,P0050,517.0,-0.2291434462806333
1207961,1207971,MYGH04,141.3254,38.786,100,584,0.08839555196377387,0.06700619334706444,0.11111619662363849,0.5,P0050,557.0,0.047121774626645
1207981,1207991,MYGH05,140.7804,38.5793,337,355,0.41366473265010245,0.3374003225183628,0.4796468372625141,0.5,P0050,337.0,0.2035258921687911
1208001,1208011,MYGH06,141.071,38.5907,100,604,0.3584807377630156,0.2949145131940837,0.42075392030055,0.5,P0050,578.0,-0.1163975349650039
1208021,1208031,MYGH07,140.6405,38.1802,142,305,0.2770618055647353,0.23178251283904427,0.3287844538706873,0.5,P0050,299.0,0.4542111515584883
1208041,1208051,MYGH08,140.8441,38.1133,100,675,0.3599483069632412,0.29895460299650245,0.41569314176662575,0.5,P0050,647.0,0.064953455892102
1208061,1208071,MYGH09,140.6027,38.0091,100,650,0.4688442765963293,0.4063885716880016,0.5294205158003416,0.5,P0050,624.0,0.3070277498085552
1208081,1208091,MYGH10,140.8924,37.9411,205,655,0.33888110433991286,0.28728826890723247,0.38555772381211495,0.5,P0050,632.0,0.1830713455687405
1208101,1208111,MYGH11,141.3421,38.5158,207,377,0.2708828954184267,0.21589704003218232,0.32549112814163234,0.5,P0050,364.0,0.0909408707111686
1208121,1208131,MYGH12,141.4428,38.6416,102,169,0.06280056246221533,0.042560440360127766,0.08424347833032042,0.5,P0050,159.0,-0.3060499617583086
1208141,1208151,MYGH13,141.4176,38.6993,80,217,0.5475430503718537,0.4113777057436844,0.6662119154142307,0.5,P0050,212.0,0.2330780602730292
1208161,1208171,MYGH14,140.9551,38.34,1034,204,1.0256078458804803,0.9543334322614452,1.0872971579275161,0.5,P0050,198.0,0.4128051061188603
1208191,1208201,MYZH01,131.2257,32.6536,103,29,0.687212683311938,0.6310137358381651,0.6987943040863318,0.5,P0050,28.0,0.2732878572636155
1208211,1208221,MYZH02,131.6829,32.6972,210,35,0.2699611072859903,0.22835642583144022,0.3403144729135319,0.5,P0050,34.0,-0.0196023741669447
1208231,1208241,MYZH03,131.1043,32.4754,200,36,0.2836770629071836,0.2298047066277033,0.3326501376626153,0.5,P0050,36.0,-0.0990873298964064
1208251,1208261,MYZH04,131.3349,32.5181,100,68,0.29026650590403125,0.24564475777098915,0.33885679770434035,0.5,P0050,66.0,-0.185328240638497
1208271,1208281,MYZH05,131.2668,32.347,100,51,0.1431666357189821,0.11081163517340917,0.1670902763699066,0.5,P0050,49.0,-0.4628234808350692
1208291,1208301,MYZH06,131.4643,32.3607,100,26,0.13144644662557037,0.10558849709534164,0.16472396519376867,0.5,P0050,25.0,-0.1733778219310834
1208311,1208321,MYZH07,131.1946,32.1987,100,29,0.15472124933022594,0.13681258597244508,0.18199911403994873,0.5,P0050,29.0,-0.1852826296879852
1208331,1208341,MYZH08,131.5309,32.2132,213,69,0.28299084390544177,0.23206081965348477,0.3209360817757155,0.5,P0050,67.0,-0.1654471390013663
1208351,1208361,MYZH09,131.0618,32.0421,100,44,0.5394275675257084,0.4785219674028446,0.5872329558048037,0.5,P0050,42.0,-0.2712503385477769
1208371,1208381,MYZH10,131.29,32.0215,100,78,0.37696755442911883,0.32564547115677733,0.4302027464264241,0.5,P0050,76.0,-0.0673181114227511
1208391,1208401,MYZH11,131.47,32.0208,212,37,0.7204160162070967,0.6802632113229251,0.7898200998271063,0.5,P0050,36.0,0.3198970698392919
1208411,1208421,MYZH12,130.9454,31.8643,101,57,0.7328250924090316,0.6622558475519215,0.788390711138667,0.5,P0050,55.0,0.0435498833251197
1208431,1208441,MYZH13,131.0791,31.7301,117,89,0.5409419623490828,0.46906752707854915,0.6059964088909199,0.5,P0050,87.0,0.2303583241273578
1208451,1208461,MYZH14,131.351,31.5649,201,28,0.8809595441931277,0.7589523662266314,0.9666199559055786,0.5,P0050,27.0,-0.018948438466938
1208471,1208481,MYZH15,131.5893,32.3654,200,61,0.28567501188870553,0.2404039267169841,0.3772061528532066,0.5,P0050,60.0,-0.1152061445827225
1208491,1208501,MYZH16,131.6958,32.506,100,61,0.14461158316347208,0.11791510826421864,0.1603442153741885,0.5,P0050,60.0,-0.0893926642634799
1208511,1208521,NARH01,135.6489,33.9666,99,33,0.6217994517822221,0.5699756879592432,0.7110809000640811,0.5,P0050,32.0,0.4737450157513018
1208531,1208541,NARH02,135.8574,33.9692,100,21,0.17047535469020386,0.1155393041039509,0.1896786201351953,0.5,P0050,21.0,-0.23017545668893
1208551,1208561,NARH03,136.0022,34.2925,101,36,0.17705626775603478,0.14177437348248467,0.22912948786592552,0.5,P0050,36.0,-0.2723534897181895
1208571,1208581,NARH04,135.8369,34.3061,101,35,0.09385175357466488,0.07462637110701381,0.11673310317034749,0.5,P0050,34.0,-0.1606452823087539
1208591,1208601,NARH05,136.0294,34.4237,101,43,0.2833137854192431,0.22961202855782104,0.36145504324134003,0.5,P0050,42.0,-0.181804729206526
1208611,1208621,NARH06,136.0512,34.6413,101,39,0.22042558110525262,0.1935355119906414,0.26518207403805705,0.5,P0050,39.0,0.0220386883084258
1208631,1208641,NARH07,135.8541,34.5843,100,24,0.12946736046038054,0.06491747531474462,0.21892646266561203,0.5,P0050,24.0,-0.1932537996246526
1208651,1208661,NGNH03,137.7346,35.4786,165,95,0.7353247487452256,0.6213261018929938,0.7946936284721644,0.5,P0050,95.0,0.4909275117850886
1208671,1208681,NGNH07,138.376,36.7434,200,67,0.6111547296014489,0.511891307748517,0.6702042505308113,0.5,P0050,65.0,-0.45421303849287
1208691,1208701,NGNH08,137.8591,36.2541,250,54,0.3492593700302425,0.3067478128027097,0.4137683467992127,0.5,P0050,51.0,0.0027564710442004
1208711,1208721,NGNH09,138.2491,36.2859,100,46,0.20018676412558223,0.17412942041527954,0.24675876049359144,0.5,P0050,43.0,-0.4373586917384074
1208731,1208741,NGNH10,137.7669,35.9632,104,156,0.29489568439107483,0.24075668483167573,0.36592105833740524,0.5,P0050,153.0,0.0648893506522329
1208751,1208761,NGNH11,138.3052,35.9157,206,158,0.5515468734820226,0.4946075597060241,0.6173935055977842,0.5,P0050,155.0,-0.0202278910097787
1208771,1208781,NGNH12,138.4797,35.9696,206,151,0.316686695548123,0.2647418428319332,0.37580004726430416,0.5,P0050,147.0,-0.1258515032763049
1208791,1208801,NGNH13,137.8767,35.5143,124,106,0.6757797528264,0.607977136489078,0.7348366166209936,0.5,P0050,104.0,0.0090952298783307
1208811,1208821,NGNH14,137.6261,35.3095,101,66,0.16758482729050883,0.12094781698614304,0.19631601369135696,0.5,P0050,65.0,0.0247129896670806
1208831,1208841,NGNH15,137.9305,36.0088,100,69,0.14795845124055876,0.1271560786312621,0.17601438626865432,0.5,P0050,67.0,-0.3000819603326902
1208851,1208861,NGNH16,138.1848,35.9465,247,135,0.6076507121444488,0.5577732815542851,0.6556699651358775,0.5,P0050,133.0,0.2670096390657503
1208871,1208881,NGNH17,138.5504,36.1425,100,140,0.11849308441969209,0.09583708582935933,0.13418912485093767,0.5,P0050,134.0,-0.3933127824623733
1208891,1208901,NGNH18,137.595,35.9324,100,117,0.78521532860105,0.7102124841175819,0.8487723706392427,0.5,P0050,115.0,0.2319033765440654
1208911,1208921,NGNH19,138.5845,35.9735,115,185,0.5755928213470379,0.5251987609317993,0.6261514173443529,0.5,P0050,180.0,-0.0463107484575991
1208931,1208941,NGNH20,137.7173,35.787,100,89,0.18367092044937,0.15098732699210696,0.22092434085406645,0.5,P0050,86.0,-0.0863242604099463
1208951,1208961,NGNH21,137.9236,35.8315,181,106,0.30372677209715493,0.2477420240069852,0.35699359726338775,0.5,P0050,106.0,-0.0322481321997932
1208971,1208981,NGNH22,138.0824,35.7946,100,106,0.1616421173717248,0.13479953043769563,0.19544893022188808,0.5,P0050,103.0,-0.1541014156074454
1208991,1209001,NGNH23,137.6105,35.6056,102,146,0.3130665184667476,0.2734706770757396,0.3560212761073607,0.5,P0050,145.0,0.1360686522275977
1209011,1209021,NGNH24,137.8797,35.6152,107,189,0.38780400995070896,0.33260712185018054,0.43976810715820575,0.5,P0050,185.0,-0.0168769156332972
1209031,1209041,NGNH25,137.9268,35.2986,102,125,0.15110973148560922,0.13152925072596966,0.18655153257198104,0.5,P0050,124.0,-0.2605385871877503
1209051,1209061,NGNH26,138.1474,36.4663,103,59,0.7347133829438117,0.636325746766871,0.8337286730281166,0.5,P0050,56.0,-0.0010382404568945
1209071,1209081,NGNH27,138.0479,36.577,102,152,0.43060545864846844,0.36800261779571475,0.4901486190167962,0.5,P0050,150.0,-0.0984844285948974
1209091,1209101,NGNH28,138.0964,36.7075,120,144,0.3932206562915106,0.3266222650087146,0.45788954421022054,0.5,P0050,142.0,-0.3849228792576697
1209111,1209121,NGNH29,138.4408,36.9102,110,152,0.6631008933914679,0.6030288030407472,0.7323694092210343,0.5,P0050,150.0,-0.0726369309619396
1209131,1209141,NGNH30,137.6849,36.064,101,126,0.29598555124425696,0.25207714146064664,0.3461359470092557,0.5,P0050,123.0,-0.2130589367045982
1209151,1209161,NGNH31,137.9389,36.1184,218,129,0.20894869650643239,0.17975870457412882,0.2477366889320299,0.5,P0050,126.0,-0.3642910597424733
1209171,1209181,NGNH32,137.9898,36.2578,100,80,0.5980598709652261,0.5008147585333534,0.6444811703458229,0.5,P0050,77.0,-0.1173113495799283
1209191,1209201,NGNH33,137.9637,36.4598,106,90,0.397256483196852,0.3298714544971562,0.4753158784322501,0.5,P0050,87.0,-0.2035370766144071
1209211,1209221,NGNH34,137.8201,36.5327,106,87,0.37958845917053463,0.33650787675909755,0.44312400275616703,0.5,P0050,85.0,-0.4059797904748068
1209231,1209241,NGNH35,137.8201,36.3824,105,66,0.3308033822251228,0.2895657605124273,0.36825397479777267,0.5,P0050,63.0,-0.2824802836871553
1209251,1209261,NGNH36,137.8482,36.6984,629,19,0.6219139737118248,0.5300247618151599,0.7097632113345929,0.5,P0050,,
1209271,1209281,NGNH37,138.4967,36.3308,709,96,0.7488031138238169,0.6873417097843013,0.8067070332236868,0.5,P0050,94.0,0.1091870891754836
1209291,1209301,NGNH54,138.0058,35.4489,104,96,0.22698211608401295,0.19127715223959815,0.27022311467665905,0.5,P0050,95.0,-0.2966093822037882
1209311,1209321,NGSH01,129.4353,33.2116,207,40,0.4995690475712624,0.41894471774261677,0.584617429508184,0.5,P0050,38.0,-0.2421334781242839
1209331,1209341,NGSH02,129.7652,33.2122,112,18,0.22590976787615855,0.15082685257514272,0.2642785467461821,0.5,P0050,,
1209351,1209361,NGSH03,129.8102,33.1256,200,49,0.3757617259067597,0.30499175794786904,0.42339270654883304,0.5,P0050,47.0,-0.3098159631711026
1209371,1209381,NGSH04,129.8026,32.9553,100,32,0.4333594818642177,0.36133187719380766,0.5271245278856866,0.5,P0050,30.0,-0.3962762993511948
1209391,1209401,NGSH05,130.1408,32.9103,200,18,0.3496430847924663,0.3135142194013011,0.46093547020004466,0.5,P0050,,
1209411,1209421,NGSH06,129.8625,32.6999,200,37,0.23742538551077708,0.19089611644796517,0.3018603362411353,0.5,P0050,35.0,-0.3573270145700378
1209431,1209441,NIGH01,138.8876,37.4272,100,215,0.3969909992328659,0.33406947752711114,0.45263030402576954,0.5,P0050,205.0,-0.004785452016798
1209451,1209461,NIGH02,139.5486,38.2799,104,462,0.27794821405954806,0.2317321380025447,0.33064007473606183,0.5,P0050,445.0,0.0413900333446478
1209471,1209481,NIGH03,139.4289,38.1327,221,251,0.3394228164775019,0.28267999647886843,0.3889239053841259,0.5,P0050,245.0,-0.3115268513793708
1209491,1209501,NIGH04,139.5428,38.1313,100,375,0.28953660145982546,0.2250573893876232,0.35499789052546893,0.5,P0050,361.0,-0.0266101153868329
1209511,1209521,NIGH05,139.2788,37.9759,147,292,0.29650404834262845,0.24249276827960736,0.3526315505401424,0.5,P0050,283.0,-0.4491489487506285
1209531,1209541,NIGH06,139.0676,37.6527,100,232,0.5141433939594977,0.4559337779597618,0.589419192315052,0.5,P0050,220.0,0.1495194231961694
1209551,1209561,NIGH07,139.261,37.6658,106,249,0.18710391254219016,0.1513673370517404,0.22801153485054948,0.5,P0050,241.0,-0.4715274405246794
1209571,1209581,NIGH08,139.4648,37.6708,300,398,0.4461962923292787,0.39220840968901294,0.5079869456867194,0.5,P0050,383.0,0.1157338380122403
1209591,1209601,NIGH09,139.1279,37.5386,100,230,0.40282228843528056,0.32674552934903894,0.47654587411826854,0.5,P0050,225.0,-0.2683839365011249
1209611,1209621,NIGH10,139.3648,37.5438,100,309,0.4108688807615418,0.3603685222878797,0.4672031360343734,0.5,P0050,300.0,-0.1073245288629828
1209631,1209641,NIGH11,138.744,37.1728,205,296,0.3221470822579635,0.25873948235192157,0.36628709375259305,0.5,P0050,288.0,-0.1432929664199909
1209651,1209661,NIGH12,138.9821,37.2239,110,202,0.616356213524986,0.5554454272430293,0.6918782928030218,0.5,P0050,194.0,-0.2867016508229917
1209671,1209681,NIGH13,138.3966,37.0544,100,72,0.6467369624729998,0.5595901191220085,0.7374933909592731,0.5,P0050,71.0,0.0530424912864956
1209691,1209701,NIGH14,138.8521,37.0303,387,234,0.40836875667497763,0.3559708299345905,0.47177837510595605,0.5,P0050,228.0,-0.3520097833569667
1209711,1209721,NIGH15,138.9951,37.0533,100,240,0.4919195670544967,0.4384520807588977,0.5389248065996312,0.5,P0050,234.0,-0.1470809611013897
1209731,1209741,NIGH16,137.848,36.9378,100,38,0.37237975045935723,0.3332716258574849,0.40357244765499256,0.5,P0050,35.0,-0.2187113487376949
1209751,1209761,NIGH17,138.0966,36.8569,150,138,0.3990213013377547,0.32265515450366755,0.46052828896871684,0.5,P0050,135.0,-0.3430583396628651
1209771,1209781,NIGH18,138.2594,36.9425,110,106,0.7182627944306588,0.627913302718098,0.7718089884310866,0.5,P0050,103.0,0.0109545439824109
1209791,1209801,NIGH19,138.7849,36.8114,100,174,0.29142150287452845,0.2496194567927924,0.34121316285966596,0.5,P0050,169.0,-0.1936018588819559
1209811,1209821,NMRH01,145.0246,43.785,110,220,0.19583618996350588,0.12994062048900085,0.25479817719124315,0.5,P0050,212.0,-0.2287640653947019
1209831,1209841,NMRH02,144.9618,43.6772,103,221,0.5276506569863748,0.48190261081994906,0.5930154860767235,0.5,P0050,213.0,0.1027591603089525
1209851,1209861,NMRH03,144.9665,43.5508,227,229,0.4991910971447261,0.44505806953400756,0.5367067696430962,0.5,P0050,220.0,0.098315817830176
1209871,1209881,NMRH04,145.1224,43.3978,216,223,0.5753993353697022,0.527670034859226,0.6317116432128265,0.5,P0050,214.0,0.1684792326384699
1209891,1209901,NMRH05,144.8021,43.39,220,221,0.6084906446642913,0.5512369492063691,0.6671520938412803,0.5,P0050,213.0,0.2193134471641731
1209911,1209921,OITH01,131.0326,33.4122,200,38,0.45602472228738883,0.3529014934706152,0.5454956215643421,0.5,P0050,37.0,-0.3831377840097537
1209931,1209941,OITH02,131.4429,33.4581,100,32,0.2265093001841979,0.18176698607673986,0.285557767143676,0.5,P0050,31.0,-0.3656430676327742
1209951,1209961,OITH03,131.6856,33.4736,400,46,0.6610718572075298,0.6093176534165746,0.8062472889865089,0.5,P0050,46.0,0.090341071978733
1209971,1209981,OITH04,131.3473,33.1306,230,37,0.5138153884170797,0.46802039187430716,0.5588627690471328,0.5,P0050,37.0,-0.1160556485048623
1209991,1210001,OITH05,131.542,33.1525,100,37,0.11454846269290778,0.08609329993176204,0.13137037212813799,0.5,P0050,37.0,-0.182766910483088
1210011,1210021,OITH06,131.3984,32.9726,104,24,0.36052048944988724,0.30801656502626934,0.4218755143147292,0.5,P0050,24.0,-0.028624472642865
1210031,1210041,OITH07,131.5881,32.987,101,38,1.1357422401746549,1.053794981135338,1.222991361334672,0.5,P0050,37.0,0.65152786863337
1210051,1210061,OITH08,131.5357,32.8392,101,52,0.0811042557596177,0.05065110488591663,0.11801167273567371,0.5,P0050,51.0,-0.1690486781054397
1210071,1210081,OITH09,131.6786,32.8486,100,17,0.04390254616189743,0.004500730254325984,0.07357127218677859,0.5,P0050,,
1210091,1210101,OITH10,131.8695,32.9278,100,52,0.15165700145004551,0.11817720832351226,0.1665116647720561,0.5,P0050,51.0,-0.0168123646125697
1210111,1210121,OITH11,131.2118,33.2844,160,45,0.28093762591180765,0.20137125456389637,0.35755694433877405,0.5,P0050,44.0,-0.338615235173958
1210131,1210141,OKYH01,133.8905,34.507,200,23,0.8826371727236358,0.7917059986846774,0.9291542831405,0.5,P0050,23.0,0.5142329549850583
1210151,1210161,OKYH02,134.0702,34.7501,200,24,0.16765778911387152,0.12119033370695989,0.2049095765332526,0.5,P0050,24.0,-0.7771314600671776
1210171,1210181,OKYH03,133.789,34.7783,201,32,0.2519678716520501,0.20715329340375188,0.3279603377071727,0.5,P0050,32.0,-0.1547546063108689
1210191,1210201,OKYH04,133.6861,34.6429,100,44,0.13029014243976178,0.0938266173904806,0.15117827802052183,0.5,P0050,44.0,-0.3055977844517945
1210211,1210221,OKYH05,133.8527,34.8684,100,40,0.10369396509579601,0.07709483255972087,0.12155618407389,0.5,P0050,40.0,-0.1589041078740471
1210231,1210241,OKYH06,133.5283,34.6756,100,35,0.21885983690136485,0.18507804702688696,0.25914328710898626,0.5,P0050,35.0,-0.1179209118082375
1210251,1210261,OKYH07,133.3169,35.0493,100,27,0.0826991049024073,0.07113627237591155,0.11103170023628096,0.5,P0050,27.0,-0.1468927634978077
1210271,1210281,OKYH08,133.4055,34.9103,100,41,0.10904447210752147,0.0764977490736409,0.1421729798286314,0.5,P0050,41.0,-0.2795921355555005
1210291,1210301,OKYH09,133.6765,35.1809,100,31,0.14314736177819837,0.09840432735667806,0.2008409028933575,0.5,P0050,31.0,-0.3028094705985368
1210311,1210321,OKYH10,133.9263,35.2826,200,13,0.3639599216778007,0.3096714991518026,0.44564414864226165,0.5,P0050,,
1210331,1210341,OKYH11,134.1162,35.0732,200,31,0.47178603556871224,0.38548418297303466,0.5558319099744881,0.5,P0050,31.0,-0.1981095661539569
1210351,1210361,OKYH12,134.319,35.0999,200,37,0.3259544071190284,0.28060836628782365,0.3866025875964252,0.5,P0050,37.0,-0.1935667437790219
1210371,1210381,OKYH13,134.2744,34.7283,102,18,0.12651231493044565,0.10249529201403129,0.1721362643664618,0.5,P0050,,
1210391,1210401,OKYH14,133.6205,34.9363,100,29,0.14005826310581168,0.11705951904714798,0.17223198675267354,0.5,P0050,29.0,-0.23051521195362
1210411,1210421,OSKH01,135.2836,34.3977,1504,32,0.9190992721092082,0.8237805580284546,0.9865408299257452,0.5,P0050,32.0,-0.2145662253311953
1210431,1210441,OSKH02,135.3896,34.6628,2007,31,0.8188800815865073,0.7476644872419058,0.8939215628580994,0.5,P0050,31.0,-0.3544880579549395
1210451,1210461,OSKH03,135.6608,34.5248,100,17,0.2532532699943074,0.20699931389134918,0.28857423955455547,0.5,P0050,,
1210471,1210481,OSKH04,135.7052,34.763,200,27,0.402494234766812,0.3324517015481697,0.46617876325217267,0.5,P0050,27.0,-0.1792911092778041
1210491,1210501,OSKH05,135.5199,34.7159,982,12,0.953361728638867,0.9026965544238563,1.0292605114155955,0.5,P0050,,
1210521,1210531,OSMH01,140.4207,41.5977,150,169,0.7119506873181249,0.6545481165859779,0.7700482290008648,0.5,P0050,167.0,-0.0070888273155635
1210541,1210551,OSMH02,140.6331,41.8374,360,169,0.44731361685425597,0.4049206293489894,0.5168238765178983,0.5,P0050,166.0,-0.2081824048041403
1210561,1210571,RMIH01,142.0795,45.0167,100,19,0.5152046090063956,0.4245234346673611,0.557103444318235,0.5,P0050,,
1210581,1210591,RMIH02,141.9251,44.8948,107,20,0.6683925667942403,0.6308892694790867,0.7145481327619176,0.5,P0050,20.0,-0.2361059736370978
1210601,1210611,RMIH03,141.8187,44.6359,209,11,0.786342819616875,0.6983686838273553,0.8166243748763613,0.5,P0050,,
1210621,1210631,RMIH04,141.9621,44.0974,100,27,0.36198699737252665,0.2946047703487753,0.4107174689496914,0.5,P0050,27.0,-0.4190221104443637
1210641,1210651,RMIH05,141.7876,44.0254,105,51,0.9192246967404647,0.8030405999977794,0.9729783309699569,0.5,P0050,51.0,0.1134582267565159
1210661,1210671,SAGH01,129.8877,33.508,200,35,0.44256148941925133,0.3567976490983452,0.4948430545154604,0.5,P0050,34.0,-0.2766590439767066
1210681,1210691,SAGH02,129.8798,33.2656,102,31,0.20336765509282428,0.16148528209616986,0.2540954268988682,0.5,P0050,29.0,-0.4048190156634118
1210701,1210711,SAGH03,130.2329,33.4098,103,14,0.3152390315089274,0.2637705038826975,0.3925816768626157,0.5,P0050,,
1210721,1210731,SAGH04,130.4046,33.3654,200,44,0.3073005949884654,0.2515447280250798,0.37700755505500694,0.5,P0050,43.0,-0.5471268342031957
1210741,1210751,SAGH05,130.1046,33.1806,203,52,0.3324157105347312,0.2756181661995224,0.38061623208859524,0.5,P0050,50.0,-0.5968057580756462
1210761,1210771,SBSH01,140.6228,43.2341,100,29,0.2388979793392286,0.1762560398186936,0.3014422606603593,0.5,P0050,29.0,-0.5197283242119919
1210781,1210791,SBSH02,140.5017,43.0527,100,48,0.24568559167664003,0.21529903353387994,0.27954644515813276,0.5,P0050,47.0,-0.4914508257788276
1210801,1210811,SBSH03,140.8199,43.0842,220,67,0.7182284471208159,0.6683798592555459,0.7682957875698113,0.5,P0050,65.0,0.169127681048089
1210821,1210831,SBSH04,140.6219,42.9758,200,39,0.5150121819744546,0.4706719264661129,0.569936058456084,0.5,P0050,38.0,-0.726375809610622
1210841,1210851,SBSH05,140.8223,42.95,100,40,0.9128293195454729,0.8405112557691948,0.9667447386988641,0.5,P0050,40.0,0.1556284483737167
1210861,1210871,SBSH06,140.4831,42.8309,130,84,0.412454406145593,0.35439262259296017,0.48154444461855983,0.5,P0050,82.0,-0.2656131002883841
1210881,1210891,SBSH07,140.8084,42.763,100,108,0.5419602042019465,0.486152179016199,0.6169915746930047,0.5,P0050,105.0,0.1563036377171615
1210901,1210911,SBSH08,140.9766,42.768,100,88,1.1373442372058227,1.0678967916279034,1.2170456293977414,0.5,P0050,87.0,0.2503335757957795
1210921,1210931,SBSH09,140.4841,42.6104,100,53,0.26320812653435566,0.24020364761868088,0.28954411149931086,0.5,P0050,52.0,-0.2213333173905018
1210941,1210951,SBSH10,140.1557,42.7797,100,44,0.16862992358076437,0.13481602467792786,0.20014517747376565,0.5,P0050,43.0,-0.473304235918804
1210961,1210971,SIGH01,136.3599,35.2383,100,44,0.25993394984615903,0.21200169257307672,0.31909913503314796,0.5,P0050,44.0,0.0658318617778766
1210981,1210991,SIGH02,135.8671,35.2482,100,19,0.3200359241510742,0.2879537843929647,0.364030243577678,0.5,P0050,,
1211001,1211011,SIGH03,136.0316,34.853,200,37,0.9312878852845483,0.8510529565387358,0.9731042904640079,0.5,P0050,37.0,0.3063312922398724
1211021,1211031,SIGH04,136.261,34.9638,200,37,0.5068120855603427,0.3832388884081729,0.5637161102365841,0.5,P0050,37.0,-0.1847018551670015
1211041,1211051,SITH01,139.7349,35.929,3510,207,1.0659694894727845,1.0002017901212883,1.1347650846497594,0.5,P0050,201.0,-0.0024316773784567
1211061,1211071,SITH03,139.3843,35.899,1800,226,0.6189311996226383,0.5535637608033505,0.6802345094976647,0.5,P0050,218.0,-0.1052032045196142
1211081,1211091,SITH04,139.5353,35.8028,2000,296,0.4031633237644754,0.3533494525347992,0.4530257931105288,0.5,P0050,281.0,-0.3664283065954935
1211101,1211111,SITH05,139.0504,36.1509,100,303,0.18290024509804215,0.14450890674567263,0.2182417942551022,0.5,P0050,292.0,-0.1166653153698415
1211121,1211131,SITH06,139.2894,36.1131,200,371,0.340120402336332,0.2816611817117043,0.39692433490477275,0.5,P0050,357.0,-0.1780499925239989
1211141,1211151,SITH07,139.1485,35.9118,102,352,0.18972734665212088,0.15761434520243062,0.2273153234191717,0.5,P0050,339.0,-0.1210694618859421
1211161,1211171,SITH08,138.9691,36.0274,100,340,0.22778959920294292,0.20248548158521157,0.25913082134244386,0.5,P0050,331.0,0.0226849948809699
1211181,1211191,SITH09,139.0993,36.0715,122,198,0.18922763687755473,0.13316897015000884,0.25258326975901085,0.5,P0050,188.0,-0.146445092497427
1211201,1211211,SITH10,139.2191,35.9964,102,291,0.18547186502718277,0.1577560457513847,0.23126039289681605,0.5,P0050,282.0,-0.1526781521942656
1211221,1211231,SITH11,139.2726,35.8637,101,347,0.464156405057905,0.38283838185371966,0.5502572018328074,0.5,P0050,334.0,0.101090170623708
1211241,1211251,SITH12,139.2194,35.9969,100,21,0.17882989468318677,0.1521513665394212,0.23874515385691647,0.5,P0050,,
1211281,1211291,SMNH01,133.2604,35.2963,101,20,0.18951841497326666,0.1657895685533429,0.29143215981618986,0.5,P0050,20.0,-0.3425649380319439
1211301,1211311,SMNH02,133.0856,35.2235,101,24,0.26496580761090777,0.22030725992657327,0.32387161327320524,0.5,P0050,24.0,-0.1145451183865688
1211321,1211331,SMNH03,132.7223,35.2243,101,28,0.41608800314458244,0.35265293382038043,0.4784095431215528,0.5,P0050,28.0,-0.03569006189947
1211341,1211351,SMNH04,132.5308,35.0918,101,30,0.3722724738309382,0.2857510778602861,0.4398821937549871,0.5,P0050,30.0,-0.0296015013378303
1211361,1211371,SMNH05,132.6396,34.8697,101,26,0.10045491965717904,0.06926702424227968,0.11497665913091173,0.5,P0050,26.0,-0.3469387370911114
1211381,1211391,SMNH06,132.2026,34.8839,201,27,0.7851004068094344,0.6909855710402268,0.8694916737449401,0.5,P0050,27.0,0.2133605970141959
1211401,1211411,SMNH07,132.0402,34.694,209,37,0.5165665866804328,0.44356780458142353,0.6089553319868269,0.5,P0050,37.0,0.2693259693811852
1211421,1211431,SMNH08,132.4208,34.8801,100,23,0.09950939230191527,0.08541460088804222,0.12066409855195684,0.5,P0050,23.0,-0.2588767659702115
1211441,1211451,SMNH09,132.0122,34.5725,200,40,0.1754070901689109,0.13680795793941272,0.2073926085901362,0.5,P0050,40.0,-0.0518345992871045
1211461,1211471,SMNH10,133.3004,35.5579,200,20,0.472291952213046,0.41231428029459594,0.5942899654393095,0.5,P0050,20.0,-0.3734871101299115
1211481,1211491,SMNH11,132.8008,35.4259,200,19,0.5415710481612639,0.47033122194550303,0.6318321178969929,0.5,P0050,,
1211501,1211511,SMNH12,132.8558,35.1634,101,22,0.14014256015933185,0.09086998892651689,0.1779649954065864,0.5,P0050,22.0,-0.1882618633268072
1211521,1211531,SMNH13,132.3069,35.0087,100,23,0.1057828762611169,0.06518853526257576,0.1233766673473165,0.5,P0050,23.0,-0.3723220699110814
1211541,1211551,SMNH14,131.8925,34.3904,100,18,0.17323684377443255,0.1454026108894147,0.18885964980988473,0.5,P0050,,
1211561,1211571,SMNH15,133.0226,35.5232,102,12,0.434572929736609,0.3795361013616763,0.49398935801936716,0.5,P0050,,
1211581,1211591,SMNH16,132.8989,35.3422,99,18,0.8078520710589869,0.7118886679099701,0.8971496595050259,0.5,P0050,,
1211601,1211611,SOYH01,142.1185,45.3346,100,15,0.5777975144031129,0.4883113876669948,0.6102438006977451,0.5,P0050,,
1211621,1211631,SOYH02,142.2254,45.2163,100,12,0.5652211257927819,0.5184011039871403,0.6269289413662165,0.5,P0050,,
1211641,1211651,SOYH03,141.6334,45.2531,137,5,0.5152516724129825,0.4687289423876743,0.6483828113084781,0.5,P0050,,
1211661,1211671,SOYH04,141.8806,45.2303,203,13,0.4824094987929228,0.405139580595322,0.5905952451532557,0.5,P0050,,
1211681,1211691,SOYH05,141.885,45.4883,202,14,0.36423977567735,0.315457423265178,0.44291746555753997,0.5,P0050,,
1211701,1211711,SOYH06,141.7834,45.1019,135,17,1.0063672450252616,0.8864886401556396,1.1027732817835074,0.5,P0050,,
1211721,1211731,SOYH07,142.4307,45.1001,150,11,0.12817412784765722,0.09191036396227036,0.1765871065928184,0.5,P0050,,
1211741,1211751,SOYH08,142.2247,44.9387,100,19,0.2753386750960241,0.19349617488619592,0.34551445840374867,0.5,P0050,,
1211761,1211771,SOYH09,142.4868,44.857,100,24,0.7522744900364682,0.681732666094855,0.8121035758362206,0.5,P0050,24.0,0.0002122468354966
1211781,1211791,SOYH10,142.6039,44.7433,100,41,0.2879348782462003,0.21478647085636968,0.35497718986007787,0.5,P0050,41.0,-0.1422384884091855
1211801,1211811,SRCH01,142.1594,44.2803,101,6,0.19467778017945253,0.12070046032145097,0.23414647264320795,0.5,P0050,,
1211821,1211831,SRCH02,142.1414,44.116,101,29,0.514253095020302,0.41486435507465025,0.5679427747039207,0.5,P0050,29.0,-0.2767392960877
1211841,1211851,SRCH03,142.1258,43.9994,100,26,0.8327193753010662,0.7849740823389446,0.9019664707341712,0.5,P0050,26.0,-0.2672243144948936
1211861,1211871,SRCH04,141.9397,43.8203,105,44,0.3959530500997581,0.3324578984107378,0.48564223063762235,0.5,P0050,42.0,-0.1409935342494913
1211881,1211891,SRCH05,142.1594,43.8243,102,36,0.27947520222726974,0.20325274308444322,0.36867597062196283,0.5,P0050,36.0,-0.5448667425584184
1211901,1211911,SRCH06,142.0776,43.6948,147,93,0.35368246200950726,0.2744792655717281,0.434832267173019,0.5,P0050,91.0,-0.2553185726504509
1211921,1211931,SRCH07,141.8978,43.23,200,117,0.49437743228545594,0.41432569224348137,0.5531316543915595,0.5,P0050,114.0,-0.0210253924566275
1211941,1211951,SRCH08,141.909,43.5138,122,132,0.15848849339972368,0.10634060361836808,0.19961233219595817,0.5,P0050,129.0,-0.4290999554289063
1211961,1211971,SRCH09,141.8063,43.0587,122,162,0.6564618895579899,0.612293321873276,0.7194897792286374,0.5,P0050,156.0,0.1156053921608126
1211981,1211991,SRCH10,142.0085,42.993,200,148,0.4483703103644956,0.38437974704989025,0.4960154915351636,0.5,P0050,144.0,-0.134836259569179
1212081,1212091,SZOH24,137.6616,34.8343,299,51,0.22946212224425983,0.1516945193932296,0.319479914567954,0.5,P0050,51.0,-0.4702975997196887
1212101,1212111,SZOH25,137.5604,34.6913,450,56,0.6289674033236797,0.5828987978901339,0.6927679108812056,0.5,P0050,56.0,-0.087310703081807
1212121,1212131,SZOH26,137.9034,34.7948,449,22,0.8893050771847206,0.8247023505057302,0.9672352573940121,0.5,P0050,22.0,-0.1008213032371428
1212141,1212151,SZOH28,137.7441,34.6683,995,43,0.7513053644872706,0.7135442038244533,0.8069090393859795,0.5,P0050,43.0,-0.101539972633849
1212161,1212171,SZOH29,138.1973,35.307,102,33,0.23039221016352854,0.1878444312312639,0.2724417804880991,0.5,P0050,33.0,-0.1291586719139971
1212181,1212191,SZOH30,137.9181,35.2233,102,96,0.11479456656624933,0.08580062893631024,0.14370839376171943,0.5,P0050,96.0,-0.255887785834098
1212201,1212211,SZOH31,138.0767,34.9398,102,58,0.2814663226120658,0.24471552451063974,0.3166017449132732,0.5,P0050,58.0,-0.3419686413191597
1212221,1212231,SZOH32,137.8409,35.0086,103,94,0.2895898051873822,0.26224095203353115,0.3377553139601655,0.5,P0050,94.0,0.1668322899944776
1212241,1212251,SZOH33,138.3526,35.0146,102,87,0.3010399408690345,0.2487701048134318,0.33743786081139926,0.5,P0050,87.0,-0.4051247964022046
1212261,1212271,SZOH34,138.4243,35.1304,119,183,0.4861618536891158,0.43230924485297784,0.540267502900905,0.5,P0050,182.0,-0.0470499530669707
1212281,1212291,SZOH35,139.0855,34.9467,300,138,1.1659435165437548,1.0973397585837728,1.2374543324179825,0.5,P0050,138.0,0.3757092654705652
1212301,1212311,SZOH36,138.2008,34.9142,100,88,0.22527889488039401,0.1936066821644555,0.2605657904429935,0.5,P0050,88.0,-0.4096446262709264
1212321,1212331,SZOH37,138.5659,35.2028,304,126,0.42171107306278155,0.33800108732544754,0.483019488053253,0.5,P0050,126.0,-0.2951301280946469
1212341,1212351,SZOH38,138.9779,35.0854,200,185,0.35812355138787066,0.3025549933378112,0.4217277574772395,0.5,P0050,184.0,-0.1410861827926599
1212361,1212371,SZOH39,138.7724,34.7988,103,151,0.3453630709407172,0.2876991939829407,0.3974945462317182,0.5,P0050,151.0,-0.2468854329245831
1212381,1212391,SZOH40,138.97,34.7832,207,92,0.573697407904199,0.4971082635699336,0.6418903538253733,0.5,P0050,92.0,-0.442466896552361
1212401,1212411,SZOH41,138.834,34.6749,109,95,0.30018190894569746,0.24747386263591206,0.36118078505933116,0.5,P0050,95.0,-0.4658420099874434
1212421,1212431,SZOH42,138.9128,34.9756,203,203,0.8935201904070325,0.8271936596493827,0.9599301780717558,0.5,P0050,202.0,0.4327728198463739
1212441,1212451,SZOH43,138.4924,34.9739,239,32,0.17778646309525753,0.13183666174687783,0.2424798550602279,0.5,P0050,32.0,-0.4377488175718326
1212481,1212491,SZOH53,138.0174,34.8768,100,57,0.13332523386593606,0.09948056934406807,0.15891196744644193,0.5,P0050,57.0,-0.4521783165604523
1212501,1212511,SZOH54,139.1685,35.0417,110,109,0.37041385519179226,0.30225355161410067,0.44172164491992266,0.5,P0050,109.0,-0.637609189781599
1212531,1212541,TCGH06,139.9509,36.4458,1647,466,0.462185410743201,0.40171408519261637,0.5295555435379922,0.5,P0050,450.0,-0.1081686737630692
1212551,1212561,TCGH07,139.4534,36.8817,100,289,0.4227092626612228,0.35385386019312887,0.4884121587289033,0.5,P0050,280.0,-0.1066318093474303
1212571,1212581,TCGH08,139.6459,36.8828,203,286,0.5670379725227415,0.49507876365860265,0.6347376246130448,0.5,P0050,280.0,-0.0795540643460568
1212591,1212601,TCGH09,139.8364,36.8625,103,511,0.45062361290694725,0.39239486643963106,0.5055381326960173,0.5,P0050,489.0,-0.0679275269241393
1212611,1212621,TCGH10,140.0225,36.8578,132,575,0.3457608579872038,0.3139322528382613,0.38925373754958814,0.5,P0050,556.0,-0.0342686628337175
1212631,1212641,TCGH11,139.7694,36.7084,200,356,0.681883817688533,0.6152567839231011,0.745935800791918,0.5,P0050,344.0,-0.2443101437773321
1212651,1212661,TCGH12,139.9842,36.6959,120,514,0.22930369493861058,0.19998517984180625,0.26786290611349217,0.5,P0050,497.0,0.0678438878522802
1212671,1212681,TCGH13,140.1781,36.7342,140,496,0.5186121815002394,0.4396011908760187,0.6144992580399887,0.5,P0050,478.0,0.0807356997869371
1212691,1212701,TCGH14,139.6154,36.5509,100,472,0.1508845190617072,0.11591339608596153,0.18947068062020764,0.5,P0050,453.0,-0.1523361585307296
1212711,1212721,TCGH15,139.8637,36.5595,300,214,0.34227435070104356,0.28811012121526325,0.40188465955213226,0.5,P0050,203.0,-0.1620408947004524
1212731,1212741,TCGH16,140.0751,36.548,112,519,0.4276974846488942,0.3724866740138022,0.47716611258293395,0.5,P0050,503.0,0.1658295414023242
1212751,1212761,TCGH17,139.6922,36.9853,104,341,0.13623657713383838,0.10848837264423754,0.1692719589704984,0.5,P0050,330.0,-0.5331671734019007
1212831,1212841,TKCH01,143.683,43.4683,123,225,0.308576997947461,0.23929087005755778,0.3557541161148654,0.5,P0050,216.0,-0.0622397425984447
1212851,1212861,TKCH02,143.8983,43.3822,103,186,0.3031819419068192,0.2500600254402592,0.3618632564221815,0.5,P0050,178.0,-0.1470194421598305
1212871,1212881,TKCH03,143.4317,43.2708,200,228,0.21128733003484929,0.1681941674944498,0.25253439160431307,0.5,P0050,219.0,0.004158251451829
1212891,1212901,TKCH04,142.9176,43.1739,172,216,0.4641854832880238,0.395455145301692,0.5325533222127148,0.5,P0050,207.0,0.1567893969417796
1212911,1212921,TKCH05,143.6181,43.1211,100,233,0.44417170525265764,0.3835972254564757,0.5046381827423633,0.5,P0050,224.0,-0.0598319148336941
1212931,1212941,TKCH06,143.0603,42.892,227,162,0.3606575899309,0.317066011374969,0.398813969132748,0.5,P0050,156.0,0.0421748997061949
1212951,1212961,TKCH07,143.5203,42.8114,99,190,0.9754855312945412,0.8940662679187835,1.0394655130061354,0.5,P0050,182.0,0.2408753318298761
1212971,1212981,TKCH08,143.152,42.4865,100,219,0.8447136017684292,0.7621704846844104,0.9201662966744999,0.5,P0050,211.0,0.3132279894015306
1212991,1213001,TKCH10,142.9448,43.3337,100,166,0.09162668241283807,0.06117866983627078,0.11248786561003506,0.5,P0050,160.0,-0.2930959244069218
1213011,1213021,TKCH11,142.883,42.8742,100,167,0.5806953128992719,0.5271332045486652,0.6600845083727732,0.5,P0050,159.0,0.4334854384785978
1213031,1213041,TKSH01,134.4994,33.7751,100,14,0.086428310366689,0.05171524378123988,0.12054000940019094,0.5,P0050,,
1213051,1213061,TKSH02,134.0918,34.0112,100,28,0.3204076295616578,0.24450187930278433,0.37970473974928287,0.5,P0050,28.0,-0.1333353404206776
1213071,1213081,TKSH03,134.1294,33.8778,201,34,0.3217693548597595,0.23700682072252519,0.415404771519666,0.5,P0050,34.0,-0.1595478996296203
1213091,1213101,TKSH04,134.5337,33.9902,100,28,0.3498423492098451,0.30577407625207254,0.4636250667339349,0.5,P0050,28.0,-0.3581906256068005
1213111,1213121,TKSH05,134.3156,33.6628,143,31,0.49035290425967665,0.42597385618127015,0.5555184873690966,0.5,P0050,31.0,-0.040654573996473
1213131,1213141,TKSH06,133.8933,33.9997,157,27,0.4065378728961191,0.3616856814384837,0.4685983036014492,0.5,P0050,27.0,-0.1444718618157306
1213151,1213161,TKYH02,139.4704,35.6539,2753,101,0.6866496829357359,0.6258753280019205,0.740461110333815,0.5,P0050,95.0,-0.1196412579848835
1213201,1213211,TKYH11,139.8125,35.6114,3000,134,0.9641749310329013,0.9102745745752923,1.0196888660202625,0.5,P0050,130.0,-0.0703752536575821
1213221,1213231,TKYH12,139.265,35.6701,147,300,0.8952442061600592,0.8082897611720643,0.9742620105038186,0.5,P0050,292.0,0.2548647712598499
1213241,1213251,TKYH13,139.1275,35.7017,100,280,0.08874703927209895,0.066640851954366,0.11147321116754105,0.5,P0050,272.0,-0.2522572718917767
1213391,1213401,TTRH01,134.2173,35.2604,200,15,0.47494504264128057,0.38116178226186337,0.5385589178163616,0.5,P0050,,
1213411,1213421,TTRH02,133.3909,35.2313,100,33,0.6934092799120622,0.6376248406787446,0.7498319192228823,0.5,P0050,33.0,0.2244019011110561
1213431,1213441,TTRH03,133.4918,35.3553,200,17,1.511601799644793,1.2958971881376966,1.5844463482966837,0.5,P0050,,
1213451,1213461,TTRH04,133.6307,35.4668,207,18,0.5217070062190696,0.4928487075900467,0.5563241975582418,0.5,P0050,,
1213471,1213481,TTRH05,134.3426,35.5729,152,5,0.26620434427471956,0.2588683999943672,0.27508847240240875,0.5,P0050,,
1213491,1213501,TTRH06,134.1988,35.3946,100,17,0.2479241183023984,0.174866434770274,0.30920981675466935,0.5,P0050,,
1213511,1213521,TTRH07,133.7486,35.3649,100,17,0.6408024900321123,0.5893168684187305,0.7088715020107019,0.5,P0050,,
1213551,1213561,TYMH01,136.9276,36.8866,200,33,0.3960850751175384,0.3467621323010753,0.42431080278767025,0.5,P0050,30.0,-0.1619672149502408
1213571,1213581,TYMH02,137.0378,36.7142,212,7,0.378298556688617,0.31751108256834704,0.413286980409422,0.5,P0050,,
1213591,1213601,TYMH03,137.2627,36.7294,580,43,0.6483829915702383,0.5902073295309931,0.6912738156172936,0.5,P0050,42.0,-0.1239646754950391
1213611,1213621,TYMH04,137.4689,36.7914,100,68,0.177008208695443,0.11529265481718748,0.23229005976910033,0.5,P0050,68.0,-0.4971584452880035
1213631,1213641,TYMH05,136.9584,36.5736,143,32,0.4259969616813238,0.35713314951308306,0.48618046685912786,0.5,P0050,29.0,-0.3584530434568184
1213651,1213661,TYMH06,137.1595,36.5711,200,52,0.4025378948520294,0.35205611709138585,0.4486512788749831,0.5,P0050,50.0,-0.0195112972683925
1213671,1213681,TYMH07,137.0392,36.4406,100,53,0.41116278148054614,0.34552985333101427,0.4701591044724872,0.5,P0050,53.0,-0.1741294982418602
1213691,1213701,WKYH01,135.2122,33.9804,101,22,0.13831175937063092,0.12006999495593369,0.18717762512211883,0.5,P0050,22.0,-0.2857484233545476
1213711,1213721,WKYH02,135.5369,34.1373,100,19,0.25383749314117543,0.1547421466034012,0.3351304308339631,0.5,P0050,,
1213731,1213741,WKYH03,135.3244,34.1314,100,19,0.10546379264015535,0.07614296723398896,0.11571270735118133,0.5,P0050,,
1213751,1213761,WKYH04,135.5454,33.5559,100,27,0.11835588512579227,0.09165215320280162,0.1353426099680048,0.5,P0050,26.0,-0.2359768008236583
1213771,1213781,WKYH05,135.8619,33.6072,100,11,0.1398521984739686,0.117143674645245,0.1544636392982624,0.5,P0050,,
1213791,1213801,WKYH06,135.5953,33.6948,100,20,0.1383348991931262,0.10839320348722982,0.15552005182951176,0.5,P0050,,
1213811,1213821,WKYH07,135.4396,33.6894,100,29,0.5219481385715014,0.37215523339278805,0.6049363139644983,0.5,P0050,28.0,-0.1972411066327641
1213831,1213841,WKYH08,135.4483,34.3228,112,28,0.6692971881268508,0.6253303923605347,0.7569736040973539,0.5,P0050,28.0,0.4292718729006184
1213851,1213861,WKYH09,135.0714,34.2868,200,30,0.3923161245410328,0.2545552261133813,0.4651168690540449,0.5,P0050,30.0,-0.1113222361797158
1213871,1213881,WKYH10,135.2172,33.8248,100,29,0.15785045622266392,0.12476777172779328,0.21692522384263224,0.5,P0050,28.0,-0.3001646826379064
1213891,1213901,YMGH01,131.5618,34.0494,200,21,0.1529525593762954,0.12423761647209623,0.18400687445912267,0.5,P0050,21.0,-0.4190243506930208
1213911,1213921,YMGH02,131.1434,34.1111,200,22,0.27003724995004774,0.22189816147966962,0.30516442085445944,0.5,P0050,21.0,-0.1592558380274671
1213931,1213941,YMGH03,132.126,34.1891,200,40,0.17492850742328447,0.13750598787676724,0.2363711184114432,0.5,P0050,40.0,-0.2328669412874844
1213951,1213961,YMGH04,132.0626,34.027,100,51,0.1178369153720421,0.0936726713802569,0.1425820139012086,0.5,P0050,51.0,-0.2523394275304354
1213971,1213981,YMGH05,131.9943,34.1974,200,8,0.24944117722931938,0.2247184520831623,0.2851819751077916,0.5,P0050,,
1213991,1214001,YMGH06,131.3012,33.9893,200,28,0.2502045267626351,0.2026593904785918,0.29589073153962997,0.5,P0050,27.0,-0.3975120280562485
1214011,1214021,YMGH07,131.0506,34.1149,200,39,0.3442114870752797,0.2852942463433747,0.42303154494194484,0.5,P0050,38.0,-0.238863585562161
1214031,1214041,YMGH08,130.9323,34.1349,201,40,0.4249483333945482,0.37917815109653785,0.4831973214971581,0.5,P0050,39.0,-0.1699135063717763
1214051,1214061,YMGH09,131.6681,34.6257,100,32,0.32353085890213296,0.2748362478209895,0.3654717278477464,0.5,P0050,31.0,-0.1145396759125977
1214071,1214081,YMGH10,131.6329,34.4837,200,34,0.2659147275645211,0.24472542527254576,0.2986410619053783,0.5,P0050,34.0,-0.2693084340615174
1214091,1214101,YMGH11,131.6859,34.2091,200,22,0.2052634770988996,0.14692934314196113,0.23004792598507742,0.5,P0050,22.0,-0.0895066545294201
1214111,1214121,YMGH12,131.3597,34.2176,102,18,0.05529221842660239,0.03204614038284159,0.0696708117053126,0.5,P0050,,
1214131,1214141,YMGH13,131.177,34.3408,200,20,0.3510143239068844,0.28410898068779805,0.39286492630003417,0.5,P0050,,
1214151,1214161,YMGH14,131.3774,34.3979,100,38,0.6269223261493129,0.5640656535371374,0.6923093845940007,0.5,P0050,37.0,-0.0776832605016411
1214171,1214181,YMGH15,131.8149,33.9725,110,51,0.1462144713314788,0.11931731669263937,0.17127371190449864,0.5,P0050,50.0,-0.0654599281632399
1214191,1214201,YMGH16,132.104,33.826,106,50,0.2629955834961086,0.23197050228960053,0.29240380310014424,0.5,P0050,50.0,0.0018336797384728
1214211,1214221,YMGH17,132.4046,33.9291,100,44,0.8936958391232035,0.8527421465235464,0.9318238708978213,0.5,P0050,44.0,0.0180108247123506
1214251,1214261,YMNH08,138.734,35.6895,1206,145,0.8560512211888609,0.7911978200060453,0.9392159760176445,0.5,P0050,143.0,0.15172345777403
1214271,1214281,YMNH09,138.3325,35.4327,159,107,0.2877252726286083,0.25080052199949554,0.3307293297165747,0.5,P0050,107.0,-0.3163589866652206
1214291,1214301,YMNH10,138.3087,35.5351,107,153,0.16566043537388458,0.1426614152350644,0.20311632912365613,0.5,P0050,152.0,-0.3049537630390091
1214311,1214321,YMNH11,138.9777,35.6247,200,260,1.0379768901258406,0.9386871497389584,1.1243691677164018,0.5,P0050,254.0,0.4643099030999735
1214331,1214341,YMNH12,138.449,35.5623,148,193,0.43649752425050103,0.3695113703892294,0.4873000801223578,0.5,P0050,190.0,-0.189709074486724
1214351,1214361,YMNH13,138.4203,35.3509,204,125,0.4667256675172895,0.40066520720070636,0.5356243587133179,0.5,P0050,124.0,-0.1860470906677802
1214371,1214381,YMNH14,138.9675,35.5115,250,183,0.39288447834246304,0.3245300071683576,0.46560242339623203,0.5,P0050,182.0,-0.2258544542980618
1214391,1214401,YMNH15,138.6045,35.5323,115,180,0.31286617552500307,0.26904697103493325,0.36228258698548194,0.5,P0050,177.0,-0.1521914381817047
1214411,1214421,YMNH16,138.5653,35.7421,256,177,0.3366132730738895,0.265097818976763,0.3802587681553169,0.5,P0050,174.0,-0.1038569323430657
1214431,1214441,YMTH01,140.3805,38.3841,207,324,0.4324301684100109,0.38792200243986064,0.4865680787883516,0.5,P0050,311.0,0.0803064899648379
1214451,1214461,YMTH02,140.2583,38.2693,150,617,0.5524711226540432,0.5022201871845272,0.6180791297059107,0.5,P0050,595.0,0.385799828590431
1214471,1214481,YMTH03,140.1553,38.1035,114,361,0.20207104923711344,0.16813465020289156,0.2337660129452126,0.5,P0050,343.0,-0.4714982681257946
1214491,1214501,YMTH04,140.2978,38.0813,100,472,0.20586968977853276,0.17923845118330384,0.24136052369232885,0.5,P0050,452.0,-0.2498288947356888
1214511,1214521,YMTH05,139.8017,37.9883,107,239,0.3543749126909937,0.3024873497952192,0.40995004424998016,0.5,P0050,229.0,-0.2365363302792235
1214531,1214541,YMTH06,140.1836,37.9633,145,370,0.5832381876710626,0.5277438053453294,0.6478951260381725,0.5,P0050,356.0,0.2149295018391906
1214551,1214561,YMTH07,140.0278,37.896,200,556,0.3722624164176682,0.3023699199959502,0.4309849869828495,0.5,P0050,535.0,0.1242439255545987
1214571,1214581,YMTH08,140.0333,38.9701,107,382,0.2284317953644563,0.16396822856422494,0.2829587695907255,0.5,P0050,364.0,-0.0630795318461628
1214591,1214601,YMTH09,140.178,38.7498,200,175,0.5488526661935524,0.5156717001633613,0.602056040150093,0.5,P0050,170.0,0.0736725059900513
1214611,1214621,YMTH10,140.3744,38.7107,204,30,0.5496160455319337,0.47054727576276456,0.6066261685061696,0.5,P0050,29.0,-0.0102308128789713
1214631,1214641,YMTH11,140.5544,38.7132,109,281,0.40512262679143385,0.3396690248354227,0.4619943018829181,0.5,P0050,274.0,-0.0103264779188038
1214651,1214661,YMTH12,140.0055,38.6357,203,477,0.21984920176103662,0.16376240492023342,0.2838171405526988,0.5,P0050,458.0,0.0684883082577675
1214671,1214681,YMTH13,139.7606,38.4704,104,363,0.13590673049893037,0.09925844882693503,0.1633891683967941,0.5,P0050,347.0,-0.3051811485767341
1214691,1214701,YMTH14,139.9916,38.386,103,546,0.3012225551764921,0.2587698838806712,0.3544501645542686,0.5,P0050,525.0,0.4426619821141748
1214711,1214721,YMTH15,140.1249,38.4257,100,466,0.6759107568422458,0.605620610928759,0.7547848909007218,0.5,P0050,446.0,0.2644273589374168
1200011,1200021,ABSH01,142.8444,44.5276,100,45,0.031846614233895454,0.02193211540602463,0.05268109336044269,1.0,P0100,45.0,-0.4131089012624852
1200031,1200041,ABSH02,143.0264,44.4234,113,51,0.06955960235342376,0.050418929391905454,0.08648472943556752,1.0,P0100,51.0,-0.3207809415493838
1200051,1200061,ABSH03,143.2407,44.3843,100,55,0.06410090518559697,0.039518904281529106,0.07595542510107284,1.0,P0100,55.0,-0.3762783361829657
1200071,1200081,ABSH04,143.0767,44.192,200,33,0.041182725404969645,0.02847258669584644,0.06188428755492182,1.0,P0100,33.0,-0.5168708905859385
1200091,1200101,ABSH05,143.0111,44.1146,106,59,0.05117962024594635,0.033378958750128515,0.0699061871686497,1.0,P0100,59.0,-0.2787580093314735
1200111,1200121,ABSH06,143.6202,44.2146,100,182,0.22741596271454448,0.17293631931125994,0.2836168468913882,1.0,P0100,175.0,0.0900982438284853
1200131,1200141,ABSH07,143.0861,43.8494,127,161,0.26492535299698255,0.23101478207090068,0.3099511987453387,1.0,P0100,154.0,0.2686785896397161
1200151,1200161,ABSH08,144.9935,44.064,105,103,0.10009302423251615,0.06845719917640869,0.1345199745883178,1.0,P0100,103.0,-0.5602597202216144
1200171,1200181,ABSH09,144.8071,43.9269,157,159,0.3661569840224403,0.29915928439648004,0.43665080504255527,1.0,P0100,158.0,-0.1881248072205769
1200191,1200201,ABSH10,143.9455,44.0813,300,83,0.2053640562994349,0.1670262610827547,0.2542866772054538,1.0,P0100,83.0,-0.2203254612891395
1200211,1200221,ABSH11,144.1913,43.9144,122,184,0.2613490369548619,0.16128354907324194,0.33270306685472745,1.0,P0100,179.0,-0.0039759112244248
1200231,1200241,ABSH12,144.4574,43.8566,119,207,0.39178654355526227,0.3310539056922467,0.4762292649042167,1.0,P0100,203.0,-0.1681049495833369
1200251,1200261,ABSH13,143.4514,43.7419,105,210,0.17322509703195849,0.14779816560392672,0.1963322704941263,1.0,P0100,201.0,0.1885026451333502
1200271,1200281,ABSH14,144.1835,43.7228,103,193,0.22722607421526694,0.1999297670817463,0.2548423189130066,1.0,P0100,189.0,-0.0723838507431021
1200291,1200301,ABSH15,143.51,43.6352,100,188,0.16339392421125357,0.14318470194322636,0.18755001457564183,1.0,P0100,180.0,0.0426089151380145
1200321,1200331,AICH04,137.0568,34.9319,1055,42,0.9628425536686149,0.8654296296379325,1.0334819694490986,1.0,P0100,42.0,0.1203308789538146
1200341,1200351,AICH05,136.8763,34.8886,401,42,0.3730708818054438,0.3249361788308688,0.4250977531574667,1.0,P0100,41.0,0.1328425229807647
1200361,1200371,AICH06,137.0419,34.6158,300,41,0.8199614500633015,0.7537933230404787,0.8953576541613631,1.0,P0100,41.0,0.1716594594281147
1200381,1200391,AICH07,137.4039,35.2194,201,77,0.07514431279916733,0.05755765086381768,0.10451623927158712,1.0,P0100,76.0,-0.3035531082179715
1200401,1200411,AICH08,137.2993,34.9189,100,46,0.021445941389230228,0.008260617258236055,0.042022374344193744,1.0,P0100,46.0,-0.4052995779353109
1200421,1200431,AICH09,137.3902,34.6643,360,82,0.5546164694428959,0.49329725593088397,0.6126369463070089,1.0,P0100,82.0,0.066312991149721
1200441,1200451,AICH10,137.6243,35.0002,100,42,0.049293873124622134,0.03506382333042184,0.06133807061192248,1.0,P0100,41.0,-0.1213422343559417
1200461,1200471,AICH11,137.057,35.3059,100,63,0.02619901294666064,0.014552518478430435,0.03625483488410557,1.0,P0100,63.0,-0.0215644726740326
1200481,1200491,AICH12,137.1057,34.7884,401,56,0.7410056681031953,0.6696924814659058,0.8383912002869407,1.0,P0100,56.0,0.1900166244607388
1200501,1200511,AICH13,136.8509,35.2177,741,23,0.9500435728259092,0.9139619989328416,1.059986373502335,1.0,P0100,23.0,0.0226794357844188
1200521,1200531,AICH14,137.0474,35.1842,207,21,0.8439657508420298,0.7526697649312485,0.9042570768771572,1.0,P0100,20.0,0.2505080732485042
1200541,1200551,AICH15,137.3359,35.1392,120,74,0.05555304609556362,0.040263219344164464,0.09182182861280003,1.0,P0100,74.0,-0.3623424263456866
1200561,1200571,AICH16,137.535,35.1543,101,94,0.18897802259919189,0.14217319904817705,0.2513636129169965,1.0,P0100,93.0,-0.2489148381929981
1200581,1200591,AICH17,137.7268,35.184,101,68,0.10157279497598123,0.068610416550052,0.19468970632376104,1.0,P0100,67.0,0.0719231307696393
1200601,1200611,AICH18,137.2377,34.9635,100,59,0.05680104021071922,0.0405108668759904,0.07634849843720631,1.0,P0100,58.0,0.1910722966881754
1200621,1200631,AICH19,137.4114,34.9512,100,69,0.03436367231431579,0.022493708185224927,0.04491930329723983,1.0,P0100,69.0,-0.2814451961036727
1200641,1200651,AICH20,137.4876,34.8976,100,58,0.04174568165466783,0.028058865737054153,0.05693677814079852,1.0,P0100,58.0,-0.2966983694156199
1200661,1200671,AICH21,136.9385,34.7401,100,31,0.19443042115296058,0.16035568981357573,0.2517385862785657,1.0,P0100,30.0,-0.0314637045169372
1200681,1200691,AICH22,137.4393,34.7853,200,49,0.3283326136546122,0.27999578183245855,0.3996285222961437,1.0,P0100,49.0,-0.2462397986735817
1200701,1200711,AICH23,136.8316,34.8806,980,3,0.5448028120037304,0.48035711193005004,0.5973358805881108,1.0,P0100,,
1200741,1200751,AKTH01,140.579,39.8147,100,254,0.19411733189936317,0.17621541366199647,0.2123283657265418,1.0,P0100,245.0,0.2459711824088656
1200761,1200771,AKTH02,140.5721,39.6634,100,397,0.09264032169186616,0.07072054658893992,0.113880408109879,1.0,P0100,383.0,-0.0668144506515864
1200781,1200791,AKTH03,140.1283,39.2223,103,347,0.2755440008135418,0.2450051597275474,0.32000732064600046,1.0,P0100,333.0,0.3689272217045213
1200801,1200811,AKTH04,140.7129,39.174,100,474,0.1335792887594402,0.10594859340540737,0.1840037632082427,1.0,P0100,455.0,-0.0336452753184919
1200821,1200831,AKTH05,140.3185,39.0718,200,203,0.11789497416194267,0.09698052184673894,0.13913399849171854,1.0,P0100,196.0,-0.1282691481434712
1200841,1200851,AKTH06,140.4952,38.9801,100,452,0.09616443591692063,0.07325055598494107,0.12268494092073717,1.0,P0100,436.0,-0.0945616840093409
1200861,1200871,AKTH07,140.8395,40.4563,105,284,0.5265475261779912,0.47826776686596384,0.5716717748331681,1.0,P0100,281.0,0.2800223311173417
1200881,1200891,AKTH08,140.2341,40.3188,200,189,0.3221002471199191,0.27453031032805564,0.3706287115836504,1.0,P0100,187.0,-0.0299669079254264
1200901,1200911,AKTH09,140.4596,40.2755,101,287,0.19022547161790299,0.15665179292778214,0.21998267886206538,1.0,P0100,281.0,0.1521356118552111
1200921,1200931,AKTH10,140.5812,40.3002,100,204,0.16887375304804653,0.14958816054573654,0.19271092898376468,1.0,P0100,200.0,-0.0343869018143042
1200941,1200951,AKTH11,139.7623,39.9554,350,26,0.4981916146309195,0.44741376546441036,0.5248498038987324,1.0,P0100,26.0,0.0993490634936368
1200961,1200971,AKTH12,140.2221,39.9155,100,166,0.12913728692423565,0.10710272507411737,0.1547813273169096,1.0,P0100,162.0,0.3041451116399059
1200981,1200991,AKTH13,140.4072,39.9819,100,236,0.060026167815553505,0.044106923482526886,0.07284791446651617,1.0,P0100,231.0,-0.2305950840301221
1201001,1201011,AKTH14,140.8084,40.0622,108,343,0.1997542875617808,0.1646157072116346,0.25304257072949443,1.0,P0100,335.0,0.0974061732394955
1201021,1201031,AKTH15,140.4075,39.6884,100,255,0.053645489626566185,0.04254051444832649,0.06792869719165573,1.0,P0100,251.0,-0.1628030883886146
1201041,1201051,AKTH16,140.3481,39.545,154,442,0.39890415944196955,0.34504122647188895,0.4502192231778441,1.0,P0100,424.0,0.1790602382437276
1201061,1201071,AKTH17,140.6116,39.5575,177,416,0.5045652478349847,0.4462926254419788,0.5763450374110143,1.0,P0100,400.0,0.1510247744143823
1201081,1201091,AKTH18,140.3869,39.3548,100,319,0.2525833597518725,0.22989925496222793,0.27949237546078987,1.0,P0100,306.0,0.1549140506180294
1201101,1201111,AKTH19,140.471,39.1913,180,432,0.3430959839656187,0.2878148191387036,0.40393913922970354,1.0,P0100,414.0,-0.0886157540152798
1201121,1201131,AOMH01,140.9127,41.5273,100,204,0.19245626202569938,0.15855629819185174,0.2192864019434617,1.0,P0100,200.0,-0.0035098928630232
1201141,1201151,AOMH02,140.8567,41.4049,200,21,0.24950371147491965,0.21350126612240336,0.3109610799685657,1.0,P0100,21.0,-0.49465909053083
1201161,1201171,AOMH03,140.9896,41.234,100,288,0.09675738964957303,0.0523634654300543,0.13484707688396202,1.0,P0100,281.0,0.1077057624025887
1201181,1201191,AOMH04,140.6759,40.8524,307,156,0.3989279890726827,0.35207339728182435,0.43419824679008234,1.0,P0100,151.0,0.1291472448099196
1201201,1201211,AOMH05,141.1033,40.8564,312,327,0.642876018240248,0.5759331489756938,0.7034938035645766,1.0,P0100,317.0,0.2226581582309432
1201221,1201231,AOMH06,141.3738,40.9664,100,329,0.22765304272402917,0.2005732629033923,0.2615875101450947,1.0,P0100,320.0,-0.0626364007803471
1201241,1201251,AOMH07,140.0233,40.7451,109,156,0.17375453302528313,0.14743117120423657,0.19998954799227914,1.0,P0100,154.0,-0.1256796773952739
1201261,1201271,AOMH08,140.3121,40.7618,160,186,0.3146991418198586,0.2682170976763844,0.3671539347866041,1.0,P0100,185.0,-0.1896146265007893
1201281,1201291,AOMH09,140.3499,40.6199,162,129,0.34824866639625063,0.29686999037340245,0.42014656752858126,1.0,P0100,127.0,-0.3070297240781983
1201301,1201311,AOMH10,140.6646,40.6091,105,225,0.24352069143564525,0.21248377092374052,0.2730797996706669,1.0,P0100,222.0,0.079704684339618
1201321,1201331,AOMH11,140.995,40.58,100,332,0.14240500636598452,0.12276448465251874,0.17043414091724418,1.0,P0100,324.0,-0.1388504884251541
1201341,1201351,AOMH12,141.1547,40.5846,100,355,0.279863719704559,0.2326670767739723,0.32151002856060584,1.0,P0100,348.0,0.299587593874861
1201361,1201371,AOMH13,141.4451,40.5794,150,384,0.49094452181677295,0.4366713040047399,0.5433987566966493,1.0,P0100,375.0,0.2816403477385141
1201381,1201391,AOMH14,140.2726,40.5488,100,158,0.2534351537823243,0.21965401859617695,0.28280783478544846,1.0,P0100,156.0,0.0022857492020328
1201401,1201411,AOMH15,140.5565,40.4841,100,222,0.11735465367171044,0.10323703122418067,0.1337469733272492,1.0,P0100,219.0,-0.1480507026776615
1201421,1201431,AOMH16,141.0923,40.4624,150,377,0.8391593675478759,0.7893126799968608,0.8855331775920359,1.0,P0100,368.0,0.7240751936525247
1201441,1201451,AOMH17,141.3374,40.4492,114,366,0.13960079623156912,0.10202652266490742,0.1658878123092135,1.0,P0100,353.0,0.357170035835864
1201461,1201471,AOMH18,141.0145,40.2962,100,246,0.11045058223540899,0.09240174382955475,0.13516268473806145,1.0,P0100,242.0,0.06252798872006
1201491,1201501,CHBH04,140.0206,35.7966,2300,348,0.7499918236686043,0.6780104865896763,0.8255772763133475,1.0,P0100,329.0,-0.1811171208174202
1201521,1201531,CHBH06,140.5046,35.7215,180,179,0.24352523221716257,0.19271404484989235,0.2837717920576917,1.0,P0100,173.0,-0.2293800353404432
1201571,1201581,CHBH10,140.2417,35.5458,2000,409,0.4475918636066974,0.3976966552876613,0.49245312005907244,1.0,P0100,394.0,-0.1296908632356692
1201591,1201601,CHBH11,140.1529,35.2867,2000,286,0.4135546895018226,0.36021864187623853,0.47083954914259774,1.0,P0100,277.0,-0.1246125854221896
1201611,1201621,CHBH12,139.8554,35.3445,2000,198,0.5808545619326508,0.5202181107224476,0.6331156724544466,1.0,P0100,192.0,-0.0194288723828183
1201631,1201641,CHBH13,140.298,35.8307,1300,386,0.746888595847126,0.694106323374539,0.7986403012109925,1.0,P0100,365.0,-0.1626510269685232
1201651,1201661,CHBH14,140.823,35.7342,525,226,0.7087928029529229,0.6704924587839258,0.752530380622484,1.0,P0100,220.0,0.0627230075822283
1201671,1201681,CHBH15,139.7885,34.9591,500,95,0.30172893659792704,0.24480084700959898,0.35946756463612917,1.0,P0100,93.0,-0.1341623839611579
1201691,1201701,CHBH16,139.9649,35.1384,2002,195,0.8627266262610639,0.7910128363568218,0.9497154865405699,1.0,P0100,193.0,0.2616706137672099
1201711,1201721,CHBH17,140.3398,35.1714,821,223,0.38665046934461894,0.33007892735415817,0.4333410152253807,1.0,P0100,219.0,-0.2249290406101926
1201741,1201751,CHBH19,140.5107,35.5943,1630,262,0.9081056317235542,0.8315241423135602,0.9623358501938708,1.0,P0100,256.0,0.0371598995531087
1201761,1201771,CHBH20,140.0997,35.0882,306,183,0.3507387413791738,0.28412280054928596,0.40802775883679354,1.0,P0100,182.0,-0.2899615382859593
1201821,1201831,EHMH01,132.5552,33.0556,100,34,0.036389802799278406,0.019285302235702455,0.054811141809084196,1.0,P0100,34.0,-0.3217050122061851
1201841,1201851,EHMH02,133.184,33.865,110,30,0.04192860675699448,0.004538216814861389,0.056079196357926096,1.0,P0100,30.0,-0.4926230313316361
1201861,1201871,EHMH03,133.6497,33.9154,100,43,0.02701066524723091,0.018088149906197594,0.03882605443313231,1.0,P0100,43.0,-0.0113037493652567
1201881,1201891,EHMH04,133.0658,33.9023,200,31,0.49649287650308255,0.45410067396705694,0.537699892414317,1.0,P0100,31.0,0.0185227595767655
1201901,1201911,EHMH05,132.8032,33.7112,134,49,0.07235607830643809,0.05325110532578357,0.08818330641836934,1.0,P0100,49.0,-0.2225294738905642
1201921,1201931,EHMH06,132.798,33.3348,200,54,0.06634606388898828,0.042375690764601834,0.08446084175706661,1.0,P0100,54.0,-0.2813190386088852
1201941,1201951,EHMH07,132.748,33.5022,200,44,0.06410328764375853,0.034330363805423245,0.09508245229974405,1.0,P0100,44.0,-0.1274121356372661
1201961,1201971,EHMH08,133.0016,33.5388,100,50,0.13130171071346736,0.11158691584032572,0.1563570753028951,1.0,P0100,50.0,-0.1239428527164313
1201981,1201991,EHMH09,132.3072,33.4719,150,24,0.6177515576990777,0.5614470182327674,0.661271813443903,1.0,P0100,24.0,-0.162771763335513
1202001,1202011,EHMH10,133.0581,34.1918,100,47,0.08987369788508372,0.0653663907051161,0.13167421296197185,1.0,P0100,47.0,-0.4301888252540122
1202021,1202031,EHMH11,132.6011,33.5807,100,51,0.04866783242650504,0.04021109665085175,0.06434365104606232,1.0,P0100,51.0,-0.1927678495627807
1202041,1202051,EHMH12,132.5055,33.427,150,53,0.14227900577424116,0.12137867739288717,0.1697467171546067,1.0,P0100,53.0,-0.1290666494020378
1202061,1202071,EHMH13,132.1157,33.3719,222,49,0.09414131117305644,0.06400859432408876,0.13894963189620393,1.0,P0100,49.0,-0.1041723050079698
1202081,1202091,FKIH01,136.3617,36.0955,100,47,0.08418742736457335,0.05641924410828446,0.13000887379816709,1.0,P0100,47.0,-0.3099378089547837
1202101,1202111,FKIH02,136.0556,35.9483,100,23,0.14954553346667185,0.1124469428832868,0.21415564018284083,1.0,P0100,23.0,-0.1666449336093921
1202121,1202131,FKIH03,136.699,35.9415,200,20,0.23083154041245732,0.19907151042250668,0.24191986108735372,1.0,P0100,,
1202141,1202151,FKIH04,135.8694,35.5587,200,37,1.0119675334595062,0.9502451871691999,1.0789907086418882,1.0,P0100,37.0,0.3070463991704345
1202161,1202171,FKIH05,136.0303,35.639,122,38,1.2453417893363596,1.1724687574853494,1.2997808179632024,1.0,P0100,38.0,0.577935652731353
1202181,1202191,FKIH06,135.4841,35.4907,100,34,0.26176685583467596,0.22336333004742398,0.3513252179116364,1.0,P0100,34.0,0.0189855705876915
1202201,1202211,FKIH07,135.7266,35.4573,104,34,0.18089710114506202,0.15405306121999876,0.2297739803114297,1.0,P0100,34.0,-0.1266904382217522
1202221,1202231,FKOH01,130.9798,33.8849,200,47,0.09406088743698325,0.06581566470468056,0.10861959574217968,1.0,P0100,45.0,-0.5465257765448686
1202241,1202251,FKOH02,130.5963,33.6963,99,4,0.09296939395849838,0.08941782318693817,0.11294370223762157,1.0,P0100,,
1202261,1202271,FKOH03,130.5499,33.5608,100,51,0.05428894279468378,0.04068088481075066,0.07562175859351859,1.0,P0100,49.0,-0.3399500595044257
1202281,1202291,FKOH04,130.7451,33.5512,100,20,0.0807676684688884,0.06646048440237862,0.11175220253742227,1.0,P0100,,
1202301,1202311,FKOH05,130.9503,33.5293,100,19,0.025419884929571146,0.019713884195603756,0.045859008296103176,1.0,P0100,,
1202321,1202331,FKOH06,131.1348,33.5925,303,48,0.44653609339348765,0.4148961208821667,0.47076067453911935,1.0,P0100,47.0,-0.2339646336914032
1202341,1202351,FKOH07,130.6354,33.3678,437,39,0.6423306071352726,0.6035903682764256,0.685493738254439,1.0,P0100,38.0,-0.2358399752140078
1202361,1202371,FKOH08,130.8285,33.4654,100,55,0.06884310038189646,0.055162180717500925,0.08418501597526568,1.0,P0100,54.0,-0.3128255156220109
1202381,1202391,FKOH09,130.5432,33.8501,200,30,0.21995774598784956,0.19242156174348155,0.2871555272747542,1.0,P0100,29.0,-0.0714648181185234
1202401,1202411,FKOH10,130.817,33.2891,200,55,0.20884881738816824,0.18249692042790602,0.25654195286156667,1.0,P0100,54.0,-0.0871235442556792
1202421,1202431,FKSH01,139.715,37.7565,100,286,0.046112535526246765,0.033647096238614,0.059646813626682046,1.0,P0100,272.0,-0.2704611812285846
1202441,1202451,FKSH02,139.8821,37.7317,100,227,0.1842938383320148,0.1489230870558763,0.2161277136815459,1.0,P0100,213.0,-0.2546313698719959
1202461,1202471,FKSH03,139.7533,37.6078,127,426,0.4594077556217435,0.42107920032517093,0.5101545388899271,1.0,P0100,410.0,0.314350384787561
1202481,1202491,FKSH04,139.8126,37.4508,268,298,0.5892026792531821,0.5267822841480948,0.656906088690749,1.0,P0100,287.0,-0.0069552087360088
1202501,1202511,FKSH05,139.8725,37.2544,105,298,0.1130332322478097,0.09769561825480162,0.132765561297243,1.0,P0100,287.0,-0.0900678030945318
1202521,1202531,FKSH06,139.5199,37.1723,100,395,0.07855030585893703,0.0647141776365533,0.09489753316236668,1.0,P0100,380.0,-0.4643224801901626
1202541,1202551,FKSH07,139.3755,37.0103,200,168,0.05317217032662723,0.024722923398547484,0.09396265202967506,1.0,P0100,159.0,-0.5452075450532393
1202561,1202571,FKSH08,140.2144,37.2822,105,495,0.10752260874892502,0.09135854241415967,0.13068051548320542,1.0,P0100,474.0,-0.0400333254991116
1202581,1202591,FKSH09,140.4264,37.353,200,575,0.07525340734564294,0.049682844853568456,0.10680580779083869,1.0,P0100,552.0,-0.29212352959736
1202601,1202611,FKSH10,140.093,37.1616,200,568,0.3606665902410686,0.3112712382357211,0.41472904215001005,1.0,P0100,548.0,0.0187273473232107
1202621,1202631,FKSH11,140.3386,37.2006,115,465,0.5046106909090693,0.45685299018469955,0.5592162936744424,1.0,P0100,445.0,0.2402780655088079
1202641,1202651,FKSH12,140.5703,37.2169,105,587,0.18360366479085943,0.11524217909033897,0.3110904712964726,1.0,P0100,564.0,0.0224910063370909
1202661,1202671,FKSH13,140.5853,36.9951,105,103,0.04397732072319919,0.020672210496767658,0.0720454966786652,1.0,P0100,99.0,-0.1561788882385771
1202681,1202691,FKSH14,140.9702,37.0264,147,596,0.7776627600522202,0.7048331406186283,0.8384633063515228,1.0,P0100,574.0,0.2951554488770432
1202701,1202711,FKSH15,140.1735,37.6461,100,150,0.07694849792467971,0.06618667698020485,0.0874983627859473,1.0,P0100,144.0,-0.3919044351167346
1202721,1202731,FKSH16,140.3766,37.7643,300,307,0.5118332672245381,0.425738447015786,0.592752167219234,1.0,P0100,290.0,0.0368528106114515
1202741,1202751,FKSH17,140.5974,37.6636,100,583,0.12119995000119153,0.08734927231492985,0.1811267011400562,1.0,P0100,560.0,-0.0097633637565182
1202761,1202771,FKSH18,140.538,37.4894,100,588,0.2524426764083267,0.18899653439239855,0.3697913678012141,1.0,P0100,564.0,0.1903400129593623
1202781,1202791,FKSH19,140.7227,37.4703,100,594,0.2441761284943945,0.1647458094664158,0.3542030000750467,1.0,P0100,568.0,0.0017347383673121
1202801,1202811,FKSH20,140.9871,37.4911,109,430,0.5754424750991332,0.5136618652947602,0.6908386985265468,1.0,P0100,416.0,0.080075004422991
1202821,1202831,FKSH21,139.3147,37.3421,200,270,0.2978762966388736,0.2569495689857342,0.33499187087905474,1.0,P0100,264.0,-0.2847714322359966
1202851,1202861,GIFH03,136.6134,35.6325,100,70,0.13496978670575122,0.11431398310121044,0.16250268598450263,1.0,P0100,70.0,0.0581724757245352
1202871,1202881,GIFH04,137.1983,36.2448,100,45,0.06724347056113315,0.038117522661845864,0.0933718850205876,1.0,P0100,45.0,-0.3850022557048231
1202891,1202901,GIFH05,136.9479,36.0654,100,20,0.13793590779543113,0.1032093083126936,0.25523633175926475,1.0,P0100,20.0,-0.1271469083523692
1202911,1202921,GIFH06,136.7939,35.5038,201,44,0.21098712652961507,0.17557326421710012,0.25814438223612873,1.0,P0100,44.0,-0.0112100429413023
1202931,1202941,GIFH07,136.4347,35.4179,100,44,0.057847565777152235,0.037786185130415095,0.0785204375047358,1.0,P0100,44.0,-0.0372002725622087
1202951,1202961,GIFH08,136.9621,35.8323,100,67,0.05900023874962106,0.036082468094963564,0.08250118173453877,1.0,P0100,67.0,-0.1952409342351811
1202971,1202981,GIFH09,136.7002,35.2768,1508,42,1.0414045490861412,0.9683250660516205,1.1466441322569616,1.0,P0100,42.0,-0.0206551666533537
1202991,1203001,GIFH10,137.3716,36.3779,100,54,0.11549856408289598,0.09349634869066846,0.17621101067066586,1.0,P0100,52.0,-0.4025766921304822
1203011,1203021,GIFH11,137.2464,35.4865,100,66,0.03566378388869261,0.02419295922549782,0.052739000804118044,1.0,P0100,65.0,-0.0943332691185101
1203031,1203041,GIFH12,136.4134,35.6033,106,46,0.06453582022580509,0.049507639946904373,0.09734311480277608,1.0,P0100,46.0,0.1030157404239739
1203051,1203061,GIFH13,136.8979,36.2743,154,45,0.18894790613903198,0.1546191236897302,0.22432367726319627,1.0,P0100,43.0,0.0298381323575169
1203071,1203081,GIFH14,137.5174,36.2493,100,54,0.09362827504593871,0.07630085995125359,0.14968106407670265,1.0,P0100,53.0,-0.5757785098452123
1203091,1203101,GIFH15,137.2208,36.1338,105,63,0.40902463843537296,0.34492855070586687,0.4834866434628052,1.0,P0100,62.0,0.1630049549256875
1203111,1203121,GIFH16,137.3438,36.094,100,61,0.05966450700359314,0.051755900222629096,0.07237430435067237,1.0,P0100,60.0,-0.0089946988730112
1203131,1203141,GIFH17,136.8732,35.9514,100,44,0.15953102155042115,0.12481427658242195,0.2140503997724127,1.0,P0100,43.0,-0.1954094155725163
1203151,1203161,GIFH18,137.1495,35.8991,107,67,0.09159852356621187,0.07131399677792155,0.11522160976010663,1.0,P0100,66.0,-0.1759185855198567
1203171,1203181,GIFH19,137.3906,36.0216,100,80,0.0452749410452154,0.03412368657270752,0.06161144467677686,1.0,P0100,79.0,-0.3186241329246969
1203191,1203201,GIFH20,137.2531,35.7991,128,72,0.23089718409383492,0.20648875421509041,0.26679160353350256,1.0,P0100,71.0,0.029130574235434
1203211,1203221,GIFH21,136.9618,35.6665,200,42,0.10125599539691926,0.06683530012131393,0.12692993583858014,1.0,P0100,42.0,-0.0166503042879702
1203231,1203241,GIFH22,137.1054,35.6682,100,31,0.053992936913188995,0.03828113182249443,0.07894751566865335,1.0,P0100,31.0,-0.4268660118975702
1203251,1203261,GIFH23,136.7847,35.7235,100,48,0.06209567455773361,0.048511470852202566,0.08392069621156972,1.0,P0100,48.0,-0.1092040079614982
1203271,1203281,GIFH24,137.3187,35.6401,107,78,0.03552100185774347,0.025965604697610035,0.045911323961403655,1.0,P0100,77.0,-0.4801762970663197
1203291,1203301,GIFH25,136.6127,35.5214,102,40,0.1406290503547727,0.11572387092398008,0.16548449641276702,1.0,P0100,40.0,-0.320341335546284
1203311,1203321,GIFH26,136.8764,35.4121,100,51,0.20364463242331726,0.13529849463250654,0.2624297855942046,1.0,P0100,51.0,-0.2257366552697237
1203331,1203341,GIFH27,137.004,35.4527,200,58,0.13072086111674455,0.10065948805778854,0.16158995947383828,1.0,P0100,58.0,-0.324062593592696
1203351,1203361,GIFH28,137.4706,35.4571,401,75,0.7146399671242822,0.626354762592674,0.8015731291878581,1.0,P0100,74.0,0.1747367041798098
1203371,1203381,GIFH29,136.4732,35.2953,136,17,0.41510602182888595,0.38663495344865084,0.4368770933980477,1.0,P0100,,
1203411,1203421,GNMH05,139.1847,36.3143,2000,298,0.5348003097423244,0.4633456343818724,0.6085650258830129,1.0,P0100,287.0,0.0592687078709425
1203431,1203441,GNMH06,139.5443,36.2441,1203,89,0.8983463255638606,0.8490981316479776,0.9529425567531142,1.0,P0100,85.0,-0.0013512014327508
1203451,1203461,GNMH07,139.2104,36.6998,200,414,0.15089878609372154,0.12222316409586768,0.18520423948666168,1.0,P0100,403.0,-0.2295613520081613
1203471,1203481,GNMH08,138.5244,36.4917,150,304,0.6091886479326911,0.5546440793875749,0.6598138161239504,1.0,P0100,298.0,0.2651462457447475
1203491,1203501,GNMH09,138.9068,36.6212,110,324,0.08759836661461468,0.06938303539068515,0.1078784944337847,1.0,P0100,317.0,-0.2537042701935767
1203511,1203521,GNMH10,138.7291,36.2356,100,90,0.062387227926563045,0.046045246084145855,0.07613683437116181,1.0,P0100,86.0,-0.3562658793715434
1203531,1203541,GNMH11,138.921,36.2862,200,364,0.2759951961800351,0.23141738688772656,0.31985667648731003,1.0,P0100,353.0,-0.2360224502183708
1203551,1203561,GNMH12,138.9129,36.144,102,338,0.1674466274269686,0.10714192448100787,0.2437535856770544,1.0,P0100,329.0,-0.0450943297745016
1203571,1203581,GNMH13,139.0627,36.862,204,216,0.25511567699328513,0.2172238050316756,0.34290419451246323,1.0,P0100,211.0,-0.1481288552112523
1203591,1203601,GNMH14,139.3219,36.4931,200,328,0.11043109058520409,0.08361904521531609,0.13308872636957472,1.0,P0100,317.0,-0.2517124389777505
1203611,1203621,HDKH01,142.2296,42.7031,100,219,0.10477103720141757,0.0810952194297064,0.12486274709163508,1.0,P0100,210.0,0.0865787843820487
1203631,1203641,HDKH02,142.4054,42.7061,110,142,0.140236424140057,0.1167736091917729,0.1580490155525152,1.0,P0100,134.0,0.1869706648012969
1203651,1203661,HDKH03,142.3521,42.5934,106,216,0.1430145831452081,0.12030812001878055,0.1669598747016305,1.0,P0100,208.0,0.1015197976088216
1203671,1203681,HDKH04,142.0381,42.5126,220,233,0.5699323113245168,0.504579005315655,0.6424329814804721,1.0,P0100,225.0,-0.1341686526949314
1203691,1203701,HDKH05,142.5446,42.5977,100,211,0.0637508553595341,0.048315524447183,0.07830757326444092,1.0,P0100,204.0,-0.1143162587308963
1203711,1203721,HDKH06,142.3572,42.3498,115,236,0.41594636130250606,0.3690910058472906,0.4757821648982138,1.0,P0100,229.0,0.0224943066594628
1203731,1203741,HDKH07,142.9164,42.133,101,309,0.18756465152035992,0.15279793984494602,0.21744881607890493,1.0,P0100,299.0,0.1735918734846016
1203751,1203761,HRSH01,133.0236,34.3736,205,50,0.1238017653196943,0.08615694350597017,0.14374420293681517,1.0,P0100,50.0,0.0671380909580661
1203771,1203781,HRSH02,132.948,34.5482,100,24,0.05142127691114824,0.034506540656515865,0.05974875788735597,1.0,P0100,24.0,-0.0610861145655101
1203791,1203801,HRSH03,133.1375,34.5183,200,44,0.11905888866883077,0.09144642918845995,0.16101500658141718,1.0,P0100,44.0,0.1013465569549309
1203811,1203821,HRSH04,133.3493,34.3785,200,44,0.09773228860674213,0.07767557988651205,0.12177529593267557,1.0,P0100,44.0,-0.3929176421031536
1203831,1203841,HRSH05,133.4179,34.5566,200,32,0.22960111046495982,0.1771051835981202,0.272778819175267,1.0,P0100,32.0,-0.2537014515661959
1203851,1203861,HRSH06,132.9123,34.9137,100,25,0.21217368537466386,0.16262170841181492,0.2646365654176371,1.0,P0100,25.0,0.0155465486039215
1203871,1203881,HRSH07,132.6411,34.2883,102,68,0.1999134801762032,0.1580533269539595,0.24168789058435244,1.0,P0100,68.0,0.0397045080992529
1203891,1203901,HRSH08,132.1611,34.3935,100,30,0.03987349417093289,0.02241408661495156,0.048832207222861634,1.0,P0100,30.0,0.0241552549643124
1203911,1203921,HRSH09,132.9524,34.7016,115,32,0.03820213483949841,0.024739147112700043,0.058730386898446736,1.0,P0100,32.0,-0.0434738028714647
1203931,1203941,HRSH10,132.3794,34.7471,100,43,0.17012194140800843,0.1315892663541884,0.2763545324545958,1.0,P0100,43.0,0.1537375619275604
1203951,1203961,HRSH11,133.1674,34.8225,100,35,0.046406508451172446,0.033031932423336324,0.05522174957587023,1.0,P0100,35.0,-0.2407530522335404
1203971,1203981,HRSH12,132.4295,34.581,150,13,0.04150772427217822,0.03672183368210527,0.05375182811252323,1.0,P0100,,
1203991,1204001,HRSH13,132.3907,34.4122,200,18,0.15889700905115206,0.10818542007228268,0.21111480881560363,1.0,P0100,,
1204011,1204021,HRSH14,132.4063,34.209,100,49,0.10741016881677906,0.08890349481342913,0.14030411590214714,1.0,P0100,49.0,-0.2453673692896863
1204031,1204041,HRSH15,132.5053,34.1161,100,51,0.07799532769167075,0.05790617591061691,0.09210717008904548,1.0,P0100,51.0,0.007451373564508
1204051,1204061,HRSH16,132.6689,34.6629,100,29,0.09135575641798598,0.05521622119766693,0.11894016078407127,1.0,P0100,29.0,0.0828476641725401
1204071,1204081,HRSH17,132.2326,34.5716,102,42,0.03143681045571936,0.01656248724217242,0.05026423816263039,1.0,P0100,42.0,-0.1859663120865447
1204091,1204101,HRSH18,132.7923,34.4572,100,41,0.08430065527732057,0.06543753500786224,0.11245457410759467,1.0,P0100,41.0,-0.2308379733309809
1204111,1204121,HYGH01,134.7941,34.2937,102,35,0.3026409986807687,0.2627029464117432,0.37134181041433034,1.0,P0100,35.0,0.1244404930003129
1204131,1204141,HYGH02,134.4234,35.0671,103,37,0.0446455841746927,0.027415283133037996,0.06394302641237828,1.0,P0100,37.0,-0.2143657524339492
1204151,1204161,HYGH03,134.5237,35.2193,100,29,0.04273544277831593,0.03134423381344436,0.061564923387573044,1.0,P0100,29.0,-0.3419815190390552
1204171,1204181,HYGH04,135.2811,35.0708,100,34,0.05422274724553328,0.026796683289011865,0.07670996430427944,1.0,P0100,34.0,-0.2763260515443643
1204191,1204201,HYGH05,134.3284,34.8995,100,11,0.04803754325819831,0.015472970089498234,0.07441529026121285,1.0,P0100,,
1204211,1204221,HYGH06,134.4792,34.7935,200,23,0.06757948801550737,0.015969593744518232,0.07783941991345138,1.0,P0100,23.0,-0.2153035439285206
1204231,1204241,HYGH07,134.6701,35.0322,100,28,0.03552416699109886,0.021344578135722117,0.043357596591389935,1.0,P0100,28.0,-0.5247532463423272
1204251,1204261,HYGH08,134.9036,35.101,110,40,0.12025405155018278,0.09155951483130934,0.1940002255931137,1.0,P0100,40.0,-0.3043710776929088
1204271,1204281,HYGH09,135.0844,34.9082,100,40,0.18625065977394906,0.1692350851451501,0.22862448923143674,1.0,P0100,40.0,-0.0115410260694914
1204291,1204301,HYGH10,134.8078,34.8164,100,39,0.7038472096217363,0.6344458505318926,0.7774141539560924,1.0,P0100,39.0,0.4200999274668195
1204311,1204321,HYGH11,134.9071,35.2925,200,33,0.2854559628040237,0.23314771364751782,0.3680184333376271,1.0,P0100,33.0,-0.1664572882682429
1204331,1204341,HYGH12,134.5423,34.9313,100,34,0.04091055610172728,0.013796907800640811,0.05626919306177507,1.0,P0100,34.0,-0.3366847227732386
1204351,1204361,HYGH13,134.6566,35.6208,101,15,0.15002248130554277,0.13357840317131547,0.2149648677469291,1.0,P0100,,
1204371,1204381,HYGH14,134.8621,35.4574,101,28,0.058342268719982264,0.04825532775705338,0.06710068637462772,1.0,P0100,28.0,-0.1328805371458025
1204391,1204401,HYGH15,134.5953,35.4697,100,15,0.0813256686634903,0.06440100290573182,0.10780632091470504,1.0,P0100,,
1204411,1204421,HYMH01,139.9678,42.4851,112,76,0.21411010311518097,0.1841358309896836,0.2370141494682479,1.0,P0100,75.0,-0.0556316823880125
1204431,1204441,HYMH02,140.3087,41.9856,101,116,0.20444600846736777,0.18138737083882528,0.22620094501409194,1.0,P0100,115.0,-0.055919652509331
1204451,1204461,HYMH03,140.004,42.1344,100,24,0.05879986367936395,0.04055112507174481,0.08081829957584233,1.0,P0100,24.0,-0.5505581606466431
1204481,1204491,IBRH06,140.6545,36.8809,100,205,0.07416722180726053,0.04398095007767314,0.123147791762933,1.0,P0100,198.0,-0.1875044249055763
1204501,1204511,IBRH07,140.3301,35.9521,1200,412,1.5159316784852326,1.4125852381774917,1.5966031350362275,1.0,P0100,394.0,0.2800049589654674
1204521,1204531,IBRH08,140.5621,36.1188,1200,168,0.6857079118204392,0.6308208465625136,0.7396659584602497,1.0,P0100,162.0,0.0087062851397464
1204541,1204551,IBRH09,140.3559,36.439,105,76,0.08047875251450773,0.05684565830210486,0.1582464947983374,1.0,P0100,74.0,-0.3516060105917482
1204561,1204571,IBRH10,139.9889,36.1112,900,380,1.0932790560569141,1.0270921421774153,1.1770132584132151,1.0,P0100,364.0,0.1736387793761809
1204581,1204591,IBRH11,140.1401,36.3701,103,520,0.42083557750128897,0.3087549809993395,0.5652273013692171,1.0,P0100,499.0,0.1240578180192608
1204601,1204611,IBRH12,140.3181,36.8369,200,478,0.23857017038635803,0.1848872261297089,0.3094217557392107,1.0,P0100,460.0,0.1039986996753558
1204621,1204631,IBRH13,140.575,36.7955,100,523,0.23889286531944742,0.16107530687259874,0.3360077686584273,1.0,P0100,503.0,0.0187627420239027
1204641,1204651,IBRH14,140.5484,36.6922,100,511,0.04251581638544942,0.026963041961834622,0.05874870693467816,1.0,P0100,491.0,-0.1957949832657537
1204661,1204671,IBRH15,140.3013,36.5566,107,519,0.11082185097291461,0.08270737686492702,0.15650904135993046,1.0,P0100,498.0,-0.1188749425153813
1204681,1204691,IBRH16,140.3976,36.6405,300,518,0.32347797863456595,0.2765021671933072,0.3848004372101778,1.0,P0100,498.0,-0.1366678141535133
1204701,1204711,IBRH17,140.314,36.0864,510,461,0.7055764256755589,0.6502839637833152,0.7669328335636882,1.0,P0100,440.0,-0.0098260833828192
1204721,1204731,IBRH18,140.6198,36.3631,504,484,0.597078741954381,0.5333321639495859,0.6748152648760515,1.0,P0100,465.0,-0.3670898262979561
1204741,1204751,IBRH19,140.0893,36.2137,209,433,0.0726371688822859,0.051124767374374026,0.0996863537482203,1.0,P0100,416.0,-0.2839026463553462
1204761,1204771,IBRH20,140.7323,35.8284,921,301,0.5693512518184839,0.5127101723741384,0.6265191112114507,1.0,P0100,289.0,-0.1444395293337165
1204781,1204791,IBRH21,140.105,35.9814,929,109,0.7596815962742631,0.7049669005610198,0.8423629703060908,1.0,P0100,104.0,-0.0749065174277936
1204871,1204881,IBUH01,141.8191,42.8739,100,191,0.2227455636556015,0.19016661792390707,0.26951246583965405,1.0,P0100,186.0,-0.0012130729945309
1204891,1204901,IBUH02,142.1285,42.8714,102,152,0.09007899288658594,0.07336969638610336,0.11025907251300707,1.0,P0100,148.0,-0.0246884433013187
1204911,1204921,IBUH03,141.8641,42.6486,153,108,1.1110146284328446,1.046180096152151,1.1968594145378144,1.0,P0100,102.0,0.6491821029328834
1204931,1204941,IBUH04,140.665,42.6415,103,50,0.1465442267617685,0.1291465148271833,0.18183511493192395,1.0,P0100,49.0,-0.1749409992093663
1204951,1204961,IBUH05,141.3497,42.5629,177,197,0.2407892362955635,0.19090145447080606,0.2824647209090531,1.0,P0100,192.0,-0.0986278795682952
1204971,1204981,IBUH06,141.0017,42.4116,562,128,0.5258606097543981,0.44372089216191235,0.6176085991666824,1.0,P0100,125.0,0.1417032795587476
1204991,1205001,IBUH07,141.0643,42.6476,200,122,0.6394461222882595,0.5786211656529925,0.7006408292301439,1.0,P0100,119.0,0.2594588967732521
1205011,1205021,IKRH01,141.5836,43.4087,200,114,0.4587253754606696,0.41803595796658133,0.5203637262382528,1.0,P0100,111.0,0.0436106856490069
1205031,1205041,IKRH02,141.6523,43.2204,127,139,0.45656638015842804,0.4065940318184864,0.5025179307966363,1.0,P0100,135.0,0.1499115129983978
1205051,1205061,IKRH03,141.6399,42.888,252,168,0.360884821035331,0.30007444881419537,0.4124606224651909,1.0,P0100,164.0,-0.2017357438041023
1205071,1205081,ISKH01,137.2844,37.5266,200,31,0.6388154787008504,0.5592069596003431,0.6849088293566793,1.0,P0100,31.0,0.3512592565586984
1205091,1205101,ISKH02,137.0413,37.3644,102,50,0.15578854657420282,0.1241517367323379,0.17838237164976603,1.0,P0100,47.0,0.0632600709208539
1205111,1205121,ISKH03,137.2436,37.3458,207,59,0.21695172280111522,0.14432224206831154,0.27728207950966477,1.0,P0100,56.0,0.0713681023804778
1205131,1205141,ISKH04,136.7176,37.1902,116,39,0.4091557770967109,0.37041449165947626,0.43833624447679564,1.0,P0100,36.0,0.1884912975546959
1205151,1205161,ISKH05,136.9689,37.2224,105,34,0.0781661414975415,0.04989411401231127,0.11258152520865436,1.0,P0100,32.0,-0.2633872335275096
1205171,1205181,ISKH06,136.8206,37.0533,200,47,0.6787742919052119,0.6080715075345369,0.7324401222461376,1.0,P0100,44.0,0.1375209775574804
1205191,1205201,ISKH07,136.6357,36.515,802,42,0.44493228904849413,0.3794619972396616,0.5297614699825777,1.0,P0100,42.0,-0.0858124227531648
1205211,1205221,ISKH08,136.7906,36.738,100,37,0.1651247176891549,0.13626509904121442,0.19445172719207368,1.0,P0100,34.0,-0.1154955722802364
1205231,1205241,ISKH09,136.7168,36.2667,106,51,0.10844889699294437,0.09607781412279398,0.13785086366282615,1.0,P0100,51.0,-0.1228293528555782
1205251,1205261,IWTH01,141.3423,40.2383,200,402,0.3318820460500639,0.277106686420614,0.39162520037164283,1.0,P0100,390.0,0.3702431650486854
1205271,1205281,IWTH02,141.3826,39.825,102,460,0.14684772902322518,0.08518340635595345,0.23986619356734418,1.0,P0100,445.0,0.0933480856187773
1205291,1205301,IWTH03,141.652,39.802,101,473,0.028629950128595715,0.014401290116050161,0.0487998230258536,1.0,P0100,457.0,-0.1278880376705755
1205311,1205321,IWTH04,141.3909,39.1809,106,546,0.1735247729672735,0.12211099311645536,0.25190189426842796,1.0,P0100,524.0,0.0805446219824821
1205331,1205341,IWTH05,141.3512,38.8654,101,524,0.09891523012099551,0.07046819917891681,0.15509761347954676,1.0,P0100,499.0,-0.1224425404035998
1205351,1205361,IWTH06,141.1709,40.2611,100,308,0.12175772413486882,0.09435222133845667,0.1584623885990268,1.0,P0100,299.0,0.1901874534331837
1205371,1205381,IWTH07,141.5709,40.2705,120,406,0.0519614047600066,0.03357979441688754,0.06804580696183078,1.0,P0100,396.0,-0.0019383949826464
1205391,1205401,IWTH08,141.7831,40.2686,100,363,0.23093270838240348,0.15839275255565136,0.32526924157281234,1.0,P0100,355.0,-0.0932881490611473
1205411,1205421,IWTH09,141.712,40.0861,100,432,0.029886873789622636,0.015768372721553167,0.04419530014510209,1.0,P0100,419.0,-0.1643024533983444
1205431,1205441,IWTH10,140.9529,40.1391,100,386,0.08239079491764004,0.06703363336405074,0.10297282124387455,1.0,P0100,375.0,-0.0340332877866785
1205451,1205461,IWTH11,141.1915,40.0811,300,403,0.599974451289852,0.5356249084960902,0.6614489302512363,1.0,P0100,390.0,0.3136525492305742
1205471,1205481,IWTH12,141.4245,40.1533,100,421,0.21516194856635568,0.15796086661755485,0.27661247727858007,1.0,P0100,411.0,0.0475835905078911
1205491,1205501,IWTH13,141.5492,39.9398,117,379,0.04298337735187863,0.025612482485171638,0.058765947838632884,1.0,P0100,369.0,0.12568338509276
1205511,1205521,IWTH14,141.9087,39.7435,100,473,0.041711820884245764,0.024103235427596438,0.06544728733231005,1.0,P0100,460.0,-0.0480510715006194
1205531,1205541,IWTH15,141.0929,39.6148,122,511,0.41768974968391925,0.3889726881257958,0.44951083574458617,1.0,P0100,493.0,0.4987096183777616
1205551,1205561,IWTH16,140.9465,39.6436,150,489,0.3877715042474781,0.34612958720498654,0.42962806528215347,1.0,P0100,474.0,0.3998353141756649
1205571,1205581,IWTH17,141.5977,39.6442,103,507,0.03951102743439537,0.02679826819811029,0.051796353078222154,1.0,P0100,491.0,0.0783854010461759
1205591,1205601,IWTH18,141.6775,39.463,100,489,0.04019907279886599,0.025353283609787496,0.06346613918683239,1.0,P0100,472.0,-0.1695751009061314
1205611,1205621,IWTH19,141.0001,39.4559,100,385,0.13654633221776447,0.12015716009507306,0.15706765126970434,1.0,P0100,376.0,0.1696892803145088
1205631,1205641,IWTH20,141.0473,39.3434,156,451,0.29801286003180383,0.2519416636202362,0.36035351446652836,1.0,P0100,436.0,0.375404776143195
1205651,1205661,IWTH21,141.9336,39.4734,100,497,0.06320760871738276,0.0326025164788464,0.10935451565895253,1.0,P0100,480.0,-0.310240186578893
1205671,1205681,IWTH22,141.3015,39.334,100,516,0.06280415855325655,0.042430932198251704,0.10018041792474233,1.0,P0100,499.0,0.0529336748542762
1205691,1205701,IWTH23,141.8233,39.2741,103,522,0.04673935807421831,0.0318521886400836,0.06930320827552998,1.0,P0100,502.0,-0.2783044817487533
1205711,1205721,IWTH24,141.0118,39.1979,151,485,0.39324191331780833,0.3341643852851254,0.44362151123285737,1.0,P0100,464.0,0.2315534438133037
1205731,1205741,IWTH25,140.8638,39.0092,261,103,0.38783423558299196,0.344363098817151,0.4495061020497829,1.0,P0100,101.0,-0.021229729176459
1205751,1205761,IWTH26,141.0013,38.969,108,568,0.2499581739622967,0.22029992652043587,0.2770311905958951,1.0,P0100,546.0,0.2241501671568256
1205771,1205781,IWTH27,141.532,39.0307,100,556,0.05434188219929495,0.03196767822832246,0.09828414252261077,1.0,P0100,536.0,0.0069551404811002
1205791,1205801,IWTH28,140.864,39.0094,263,359,0.4257230344058912,0.38575559134932486,0.4793610074281177,1.0,P0100,341.0,0.0150325052241862
1205841,1205851,KGSH01,130.1191,32.1554,201,51,0.2141360007686105,0.14093292649841732,0.25837428066761786,1.0,P0100,49.0,-0.0737738670066945
1205861,1205871,KGSH02,130.2077,31.994,201,33,0.18025097374142254,0.1065778159810494,0.20640516355525934,1.0,P0100,32.0,-0.1179441233887821
1205881,1205891,KGSH03,130.4438,31.9812,100,68,0.040327504377213524,0.029471704904020783,0.05129317838031451,1.0,P0100,66.0,-0.0558720884258388
1205901,1205911,KGSH04,130.3602,31.8374,99,57,0.39264652454132654,0.3599698434089068,0.42908918196541457,1.0,P0100,55.0,0.1849643176578408
1205921,1205931,KGSH05,130.4958,31.8699,106,72,0.22991218649941159,0.20102651286545745,0.2708500913423099,1.0,P0100,69.0,-0.0734628690340056
1205941,1205951,KGSH06,130.4594,31.6988,202,54,0.5909419778725831,0.5405729315225367,0.6601495742435833,1.0,P0100,51.0,-0.0082704395712008
1205961,1205971,KGSH07,130.6149,31.714,301,66,0.8002327720497093,0.741412047875203,0.8699937487308417,1.0,P0100,63.0,0.2391682014296844
1205981,1205991,KGSH08,130.9969,31.5618,149,79,0.4097353215461305,0.35710414411652724,0.4713697217708615,1.0,P0100,77.0,-0.1077398500686299
1206001,1206011,KGSH09,130.4333,31.3741,100,68,0.22469664586322968,0.18505388247256999,0.2679960505767735,1.0,P0100,66.0,-0.3248019506167323
1206021,1206031,KGSH10,130.6183,31.2066,202,69,0.32847965385556216,0.28991094051575295,0.4179429187045126,1.0,P0100,68.0,-0.2525608331500298
1206041,1206051,KGSH11,130.699,31.0899,199,53,0.15475796155054872,0.1162707040472672,0.18251804081919337,1.0,P0100,51.0,-0.4124500128377816
1206061,1206071,KGSH12,131.0877,31.2583,150,63,0.07126985067231711,0.05271167205415439,0.10338935517175955,1.0,P0100,63.0,-0.224299363132524
1206081,1206091,KGSH13,130.8541,31.4005,101,19,0.3101230747206021,0.21266877188046396,0.35788862036566316,1.0,P0100,,
1206101,1206111,KGWH01,133.9493,34.2186,117,38,0.11869182964248723,0.0835990480103333,0.17129331676522808,1.0,P0100,38.0,-0.1888299051182719
1206121,1206131,KGWH02,133.7081,34.198,200,38,0.4768059917519025,0.4017930914252139,0.5255901207051246,1.0,P0100,38.0,0.1546447316673603
1206141,1206151,KGWH03,134.1482,34.27,100,21,0.01869867704503487,0.01131622550204487,0.0350287136149234,1.0,P0100,21.0,-0.0406332462206565
1206161,1206171,KGWH04,134.3043,34.2264,105,13,0.11247632596306727,0.07348607249042079,0.15566100381042097,1.0,P0100,,
1206181,1206191,KGWH05,134.3241,34.4572,433,20,0.18960235677559317,0.14632070213933704,0.26704787684359044,1.0,P0100,20.0,-0.5593391182757823
1206201,1206211,KKWH01,142.3036,44.5973,111,14,0.1805731094035603,0.1604150778806621,0.3106500787795905,1.0,P0100,,
1206221,1206231,KKWH02,142.5736,44.5509,112,40,0.10064369708723897,0.08459335797582945,0.10690175412619853,1.0,P0100,40.0,-0.064701316435909
1206241,1206251,KKWH03,142.2725,44.4732,100,24,0.07612756950583778,0.06610119882251497,0.0889615583415998,1.0,P0100,24.0,-0.3771922558642211
1206261,1206271,KKWH04,142.4056,44.4376,100,46,0.18206320372489188,0.13086046910014035,0.2072201642425586,1.0,P0100,46.0,-0.0223372561201668
1206281,1206291,KKWH05,142.6303,44.2921,300,51,0.4867162752000119,0.43090603465792854,0.5650001617228173,1.0,P0100,51.0,0.0295504812888034
1206301,1206311,KKWH06,142.7656,44.3207,100,35,0.012177224069198292,0.0006655304838547371,0.028954799077927352,1.0,P0100,35.0,-0.6490539772914811
1206321,1206331,KKWH07,142.3409,43.3697,109,82,0.12412458731547035,0.10386259866303324,0.15338004032185987,1.0,P0100,80.0,-0.0244180405334707
1206341,1206351,KKWH08,142.6562,43.0406,100,202,0.21233877859005096,0.16101787241971594,0.28116491713896585,1.0,P0100,194.0,0.1326215030488851
1206361,1206371,KKWH09,142.2542,44.7745,106,12,0.1116236166624617,0.0732793680645923,0.13597213252890908,1.0,P0100,,
1206381,1206391,KKWH10,142.0528,44.6617,105,24,0.13690147252851464,0.11962271140249442,0.16149958938910292,1.0,P0100,24.0,-0.1674467916834244
1206401,1206411,KKWH11,142.2834,43.9754,105,40,0.2406260220850337,0.18049506063603968,0.29150502418253854,1.0,P0100,40.0,-0.3004466188900749
1206421,1206431,KKWH12,142.6006,43.5038,207,127,0.18629756733740296,0.14735480193704475,0.218175040861333,1.0,P0100,125.0,-0.3639947449612424
1206441,1206451,KKWH13,142.3906,43.5113,168,96,0.2291098291933224,0.1966113202717771,0.27651822747188004,1.0,P0100,94.0,-0.1524923440777271
1206461,1206471,KKWH14,142.5245,43.3841,150,154,0.12822207193994123,0.10454156787671902,0.15313397364914866,1.0,P0100,148.0,-0.3069445800309148
1206481,1206491,KKWH15,142.7656,43.8546,148,67,0.13679711845983195,0.11632771527900279,0.16623671340538942,1.0,P0100,67.0,-0.1971259655186917
1206501,1206511,KMMH01,130.6949,33.1089,99,51,0.048735153224764856,0.03562961139578044,0.07475852322311446,1.0,P0100,50.0,-0.3094858939892512
1206521,1206531,KMMH02,131.0629,33.122,124,53,0.2009640363999337,0.15305572327253386,0.2542704261226803,1.0,P0100,52.0,-0.0541908175518224
1206541,1206551,KMMH03,130.8301,32.9984,200,53,0.48701704069808593,0.39046905586217984,0.5702994761046791,1.0,P0100,52.0,0.0281579197412481
1206561,1206571,KMMH04,131.0199,32.9514,128,23,0.4044449935359476,0.3469054708736825,0.47487923932011195,1.0,P0100,21.0,0.0432894091359214
1206581,1206591,KMMH05,131.2207,32.9553,100,45,0.4122396705833354,0.3967377235742213,0.46162594167651416,1.0,P0100,44.0,0.1681588848929211
1206601,1206611,KMMH06,131.101,32.8114,111,60,0.3621181224955796,0.32496355467278465,0.40242083156984804,1.0,P0100,59.0,-0.2139387334599189
1206621,1206631,KMMH07,130.5584,32.6234,300,62,0.5268590222310781,0.4522268641101068,0.5693581097291693,1.0,P0100,60.0,-0.0659953264696149
1206641,1206651,KMMH08,131.0251,32.6501,103,41,0.21994994332341053,0.19136050551379763,0.25212065995064376,1.0,P0100,41.0,-0.0064735138205795
1206661,1206671,KMMH09,130.9046,32.4901,100,70,0.19426450743442963,0.1534032058740958,0.26945479339324196,1.0,P0100,69.0,-0.2774299036278013
1206681,1206691,KMMH10,130.1811,32.3151,300,51,0.3242974360327896,0.2530712046456498,0.45240279125930155,1.0,P0100,50.0,0.1018603413135873
1206701,1206711,KMMH11,130.5777,32.2918,300,58,0.18685170165470133,0.1354308145306189,0.25355750939177046,1.0,P0100,57.0,-0.0186599754570602
1206721,1206731,KMMH12,130.7371,32.2054,123,58,0.3371401027471095,0.301393857243611,0.38149148423148826,1.0,P0100,57.0,0.0787528568716429
1206741,1206751,KMMH13,130.9096,32.2209,177,47,0.4941091038493447,0.4240336123871883,0.6018257936647176,1.0,P0100,45.0,0.0883457653624529
1206761,1206771,KMMH14,130.7521,32.6345,110,68,0.5219709060561026,0.4689395129282101,0.573120689375775,1.0,P0100,67.0,0.2337718829704189
1206781,1206791,KMMH15,130.3647,32.1704,110,57,0.10570806902127772,0.0863156170801711,0.1285530730477493,1.0,P0100,57.0,-0.090157619460021
1206801,1206811,KMMH16,130.8199,32.7967,252,57,0.4753864737940034,0.41123404910994454,0.5441594986883355,1.0,P0100,57.0,-0.0423668265389212
1206821,1206831,KMMH17,130.5608,32.9873,100,30,0.038880093612574634,0.02912792030606431,0.047844825777912964,1.0,P0100,29.0,-0.2989208406284108
1206841,1206851,KMMH18,131.0071,33.0031,77,10,0.20577724209324672,0.19220316755570993,0.21168099419893868,1.0,P0100,,
1206911,1206921,KNGH10,139.5195,35.4991,2000,328,0.5110943664610023,0.4451137633147863,0.6004908257348691,1.0,P0100,320.0,0.1383164044537877
1206931,1206941,KNGH11,139.3539,35.404,1800,193,1.0778749444481095,1.0049671649527943,1.1393947302413383,1.0,P0100,189.0,0.1211269173311145
1206951,1206961,KNGH18,139.1283,35.6437,100,299,0.12750619894156398,0.10643474530278527,0.15282865068926402,1.0,P0100,289.0,0.1621136094065147
1206971,1206981,KNGH19,139.0436,35.4173,100,200,0.06969313443295556,0.05285002915329737,0.09129331742118049,1.0,P0100,199.0,-0.2347613542998556
1206991,1207001,KNGH20,139.126,35.3663,105,260,0.12216902999373819,0.10470169300669525,0.14711691560941625,1.0,P0100,253.0,0.0382836991008337
1207011,1207021,KNGH21,139.2146,35.4628,210,234,0.11578103947669915,0.08162141725616201,0.1503107830202341,1.0,P0100,231.0,-0.1790434535835732
1207031,1207041,KNGH22,139.091,35.3583,2000,18,0.8170158619212168,0.7020417836755968,0.8598516228804911,1.0,P0100,,
1207051,1207061,KNGH23,139.611,35.2624,100,171,0.1628773165726282,0.1356841677261857,0.19431305047235747,1.0,P0100,166.0,-0.1424467069873881
1207071,1207081,KOCH01,134.1197,33.5421,200,32,0.10860636071743424,0.0888105181548303,0.1279283504733389,1.0,P0100,32.0,-0.2379761836146566
1207091,1207101,KOCH02,133.3641,33.7079,100,48,0.0410104374551553,0.01809417631717646,0.054316632524085515,1.0,P0100,48.0,-0.0709740176975982
1207111,1207121,KOCH03,132.9891,33.2683,100,51,0.05363942581494872,0.0226928622192,0.06845863296658905,1.0,P0100,51.0,-0.315678345185441
1207131,1207141,KOCH04,132.7066,32.8414,100,64,0.018977724587256724,0.010944110951049177,0.028375224101572834,1.0,P0100,63.0,-0.3952989596205328
1207151,1207161,KOCH05,133.1444,33.6472,100,55,0.04634081725535901,0.02807120258860741,0.06288235790546956,1.0,P0100,55.0,-0.2863797899931267
1207171,1207181,KOCH06,132.9524,33.0754,100,20,0.07199987844793618,0.04904537059575283,0.08204833486973631,1.0,P0100,20.0,-0.0904270489217333
1207191,1207201,KOCH07,133.2866,33.392,104,53,0.09397803437573402,0.07928865606471637,0.11681164949567208,1.0,P0100,53.0,-0.4024547813735691
1207211,1207221,KOCH08,132.9718,32.7797,100,50,0.05205910997743908,0.0337514384162226,0.06837994032878719,1.0,P0100,50.0,-0.603843291234475
1207231,1207241,KOCH09,133.8243,33.6748,100,24,0.054939142260374954,0.048135179994491524,0.07307753633658198,1.0,P0100,24.0,0.1249593709006223
1207251,1207261,KOCH10,133.4388,33.5313,101,42,0.05228180153023625,0.03336053491260934,0.07009304437790775,1.0,P0100,42.0,-0.1437756137924195
1207271,1207281,KOCH11,134.1603,33.2866,300,30,0.259244718170319,0.21586293769544923,0.311509113291426,1.0,P0100,30.0,-0.1800019478194755
1207291,1207301,KOCH12,133.8192,33.5294,170,32,0.15063546572671122,0.12560995294539656,0.1756468973269451,1.0,P0100,32.0,0.0185739900308586
1207311,1207321,KOCH13,133.576,33.7543,152,19,0.08214183919949342,0.05091073892159962,0.10586194355683179,1.0,P0100,,
1207331,1207341,KSRH01,144.0844,43.4361,107,258,0.44852848488123276,0.3978338525300222,0.5033911499237305,1.0,P0100,249.0,0.4011278681081125
1207351,1207361,KSRH02,144.123,43.1142,105,254,0.4429620263857543,0.39443664055980726,0.5114801773068731,1.0,P0100,245.0,0.2379806836367387
1207371,1207381,KSRH03,144.6279,43.3848,107,228,0.3776257428093506,0.3150664672148874,0.45058172223195764,1.0,P0100,220.0,-0.1054026295558966
1207391,1207401,KSRH04,144.6804,43.2139,240,228,0.35921606192901173,0.3151728573412584,0.4059717300156947,1.0,P0100,221.0,0.1250205098515185
1207411,1207421,KSRH05,144.2338,43.2556,330,271,0.25238463213344303,0.20821801990580488,0.3088059932745963,1.0,P0100,262.0,-0.0491187706955037
1207431,1207441,KSRH06,144.4285,43.22,237,268,0.28621034958439917,0.24755711597330685,0.3414902200272789,1.0,P0100,260.0,-0.0450200343075659
1207451,1207461,KSRH07,144.3274,43.1359,222,272,0.29559229542705767,0.25927410534685946,0.3340719947257664,1.0,P0100,263.0,0.1028765320769506
1207471,1207481,KSRH08,143.8936,43.1603,100,244,0.08417960895548493,0.06574265166170143,0.10540019489292068,1.0,P0100,240.0,0.0067523254450437
1207491,1207501,KSRH09,143.9841,42.9856,100,271,0.32452819015920154,0.28549871789519365,0.3775049847976482,1.0,P0100,262.0,0.2038187915344551
1207511,1207521,KSRH10,145.1168,43.2084,255,173,0.5361145048775514,0.4594508591628474,0.6414794191544148,1.0,P0100,167.0,-0.042345870010599
1207531,1207541,KYTH01,135.1243,35.5243,155,38,0.26696636121222417,0.23570607074344557,0.3461270118919847,1.0,P0100,38.0,-0.0878190761386734
1207551,1207561,KYTH02,135.2496,35.7101,200,27,0.24450535137386398,0.1996902218532414,0.2903037198302592,1.0,P0100,27.0,0.0584857547850192
1207571,1207581,KYTH03,135.1334,35.313,300,34,0.1340836724953488,0.08838446183692118,0.17144839698575562,1.0,P0100,34.0,-0.2576103998449812
1207591,1207601,KYTH04,135.5508,35.2685,100,42,0.04805057951734677,0.035998352708534465,0.06230157182996322,1.0,P0100,42.0,-0.2270264409547352
1207611,1207621,KYTH05,135.0268,35.6814,150,21,1.286464089548753,1.2643598999076153,1.3309824676916173,1.0,P0100,21.0,0.8156311168533864
1207631,1207641,KYTH06,135.4846,35.0469,100,16,0.03758036174856691,0.03244006817089106,0.06794900943685463,1.0,P0100,,
1207651,1207661,KYTH07,135.7461,34.8983,800,33,0.7398209403424846,0.6706537153244129,0.8482688480262868,1.0,P0100,33.0,0.0155628786654028
1207671,1207681,KYTH08,135.7304,35.0094,703,21,0.660055103695989,0.6241344940432483,0.7845796755578526,1.0,P0100,21.0,-0.0767529211009907
1207701,1207711,MIEH01,136.4563,34.9849,140,65,0.17730908675481571,0.13731884726300866,0.2125418661884595,1.0,P0100,65.0,-0.1664672237123192
1207721,1207731,MIEH02,136.2835,34.7662,200,47,0.1808566639855294,0.1572710842693411,0.21614186937626845,1.0,P0100,47.0,-0.2980242934194839
1207741,1207751,MIEH03,136.3692,34.547,100,45,0.04651787730264447,0.026076197681212186,0.05928919602937902,1.0,P0100,44.0,-0.0959094344992863
1207761,1207771,MIEH04,136.5866,34.3532,112,47,0.018821871766527,-0.0016886454968196571,0.028416141599726344,1.0,P0100,46.0,-0.3122877234665352
1207781,1207791,MIEH05,136.1689,34.0637,100,38,0.03956743870900598,0.027030924131631173,0.0795526652725014,1.0,P0100,37.0,-0.2502823192322466
1207801,1207811,MIEH06,136.3293,34.358,100,43,0.030835640461000527,0.02192387809304616,0.04580045653239295,1.0,P0100,42.0,-0.3515509891876989
1207821,1207831,MIEH07,136.8216,34.2544,207,43,0.10217558048121785,0.04401556712946663,0.13896981596307062,1.0,P0100,42.0,-0.2611156976472077
1207841,1207851,MIEH08,136.5033,34.5424,150,44,0.047187471329352575,0.02792209987232103,0.06018679223301303,1.0,P0100,43.0,-0.2555230540528727
1207861,1207871,MIEH09,135.9969,33.7644,100,36,0.06935561678804653,0.0433895013034514,0.09308932825658409,1.0,P0100,35.0,-0.3147512332515338
1207881,1207891,MIEH10,136.4245,34.8224,197,53,0.37040701577780855,0.31585823438160965,0.43813845200296314,1.0,P0100,52.0,-0.0487829188126056
1207901,1207911,MYGH01,140.9969,38.24,1206,150,1.2143145456488214,1.1069186558832103,1.3214464050639827,1.0,P0100,143.0,0.3450328082795746
1207921,1207931,MYGH02,140.6513,38.8587,203,233,0.5695665883407968,0.49831623562078864,0.640722022734951,1.0,P0100,225.0,-0.0540909895259462
1207941,1207951,MYGH03,141.6377,38.9207,117,538,0.025601604448757347,0.013011374374542728,0.0416746081179387,1.0,P0100,517.0,-0.2044582818882794
1207961,1207971,MYGH04,141.3254,38.786,100,584,0.03223130286791211,0.02091898532107293,0.049750785909145126,1.0,P0100,557.0,0.0338165710810321
1207981,1207991,MYGH05,140.7804,38.5793,337,355,0.46924732185372453,0.42631425814123025,0.5161075069786878,1.0,P0100,337.0,0.2775880236438922
1208001,1208011,MYGH06,141.071,38.5907,100,604,0.20681453169032057,0.18367491239433828,0.23353324119937438,1.0,P0100,578.0,-0.0312511261550584
1208021,1208031,MYGH07,140.6405,38.1802,142,305,0.40897454063071614,0.3489024465675448,0.4747267703915198,1.0,P0100,299.0,0.5297605938193335
1208041,1208051,MYGH08,140.8441,38.1133,100,675,0.2236389906894818,0.19145509420724727,0.2591044007023166,1.0,P0100,647.0,0.0817980171257866
1208061,1208071,MYGH09,140.6027,38.0091,100,650,0.20637848931967917,0.17808626890535534,0.23908001823491665,1.0,P0100,624.0,0.387960720732661
1208081,1208091,MYGH10,140.8924,37.9411,205,655,0.40631457853233066,0.3440667292537529,0.4746434050329136,1.0,P0100,632.0,0.1680604331239316
1208101,1208111,MYGH11,141.3421,38.5158,207,377,0.10512124333341406,0.08085908996065327,0.14537978955288586,1.0,P0100,364.0,0.0187816404264378
1208121,1208131,MYGH12,141.4428,38.6416,102,169,0.02959444508349712,0.02000575159036017,0.041759432173463076,1.0,P0100,159.0,-0.2387343453098084
1208141,1208151,MYGH13,141.4176,38.6993,80,217,0.2769673150372976,0.13294218836331395,0.47896854953950085,1.0,P0100,212.0,0.0763156059873852
1208161,1208171,MYGH14,140.9551,38.34,1034,204,0.8702445245583241,0.8192558721422124,0.9418557298082149,1.0,P0100,198.0,0.3432463480903717
1208191,1208201,MYZH01,131.2257,32.6536,103,29,0.2054012843400101,0.15754260710340243,0.29059354714865854,1.0,P0100,28.0,-0.0861591646247445
1208211,1208221,MYZH02,131.6829,32.6972,210,35,0.07937722533538522,0.06299853386623051,0.11262489497843609,1.0,P0100,34.0,-0.0560164870434931
1208231,1208241,MYZH03,131.1043,32.4754,200,36,0.09808380788965859,0.0385052396722621,0.13110542666286862,1.0,P0100,36.0,-0.1781605759482682
1208251,1208261,MYZH04,131.3349,32.5181,100,68,0.07834617142137218,0.06203954330817414,0.11452035328914976,1.0,P0100,66.0,-0.342010028557894
1208271,1208281,MYZH05,131.2668,32.347,100,51,0.054440654084324504,0.041380813596142804,0.08174920057806788,1.0,P0100,49.0,-0.3860966388041315
1208291,1208301,MYZH06,131.4643,32.3607,100,26,0.04839597827049165,0.03473075788142847,0.06427269634071299,1.0,P0100,25.0,-0.0911312758301031
1208311,1208321,MYZH07,131.1946,32.1987,100,29,0.05288796952469372,0.03107742774178901,0.06932615210580106,1.0,P0100,29.0,-0.253318657218559
1208331,1208341,MYZH08,131.5309,32.2132,213,69,0.35808562314627,0.30201326640360104,0.4043299257531322,1.0,P0100,67.0,-0.14165827280538
1208351,1208361,MYZH09,131.0618,32.0421,100,44,0.15809655197968026,0.13858351028201102,0.20895869210231752,1.0,P0100,42.0,-0.463229622461116
1208371,1208381,MYZH10,131.29,32.0215,100,78,0.11046499591619136,0.09689472995720019,0.13053487122768406,1.0,P0100,76.0,-0.1549952366477262
1208391,1208401,MYZH11,131.47,32.0208,212,37,0.5049316855118373,0.3747344205864297,0.5966991461653329,1.0,P0100,36.0,-0.0474018946920099
1208411,1208421,MYZH12,130.9454,31.8643,101,57,0.1858866910102712,0.15643110231666213,0.21447394869773792,1.0,P0100,55.0,-0.1179069442408935
1208431,1208441,MYZH13,131.0791,31.7301,117,89,0.3649963440864686,0.3321340951855315,0.4197236240892398,1.0,P0100,87.0,0.0896313376974217
1208451,1208461,MYZH14,131.351,31.5649,201,28,0.36739437070227954,0.3006591737180142,0.42212256674642523,1.0,P0100,27.0,-0.2597926012234007
1208471,1208481,MYZH15,131.5893,32.3654,200,61,0.10906765441920825,0.08353815226817353,0.16185489920882146,1.0,P0100,60.0,-0.1567373072882297
1208491,1208501,MYZH16,131.6958,32.506,100,61,0.05073653590794331,0.033104375931125786,0.0655043415773572,1.0,P0100,60.0,-0.2553459637910232
1208511,1208521,NARH01,135.6489,33.9666,99,33,0.23857491872981723,0.18056441957283623,0.29429969561466796,1.0,P0100,32.0,0.2497767844096083
1208531,1208541,NARH02,135.8574,33.9692,100,21,0.08689213598181096,0.04851507659877635,0.10312812629414264,1.0,P0100,21.0,-0.2252197169691377
1208551,1208561,NARH03,136.0022,34.2925,101,36,0.05027157096523452,0.02508517244566317,0.09172688049634464,1.0,P0100,36.0,-0.2166737895921779
1208571,1208581,NARH04,135.8369,34.3061,101,35,0.03159991079225419,0.011519946373613092,0.05710663190648468,1.0,P0100,34.0,-0.1511223554011785
1208591,1208601,NARH05,136.0294,34.4237,101,43,0.1040093878666952,0.0606387841796023,0.1641617225441464,1.0,P0100,42.0,-0.1613672103717452
1208611,1208621,NARH06,136.0512,34.6413,101,39,0.09059668365077077,0.058129770136602726,0.1205667493205692,1.0,P0100,39.0,0.0098796925328928
1208631,1208641,NARH07,135.8541,34.5843,100,24,0.06747437798037006,0.029279752428701834,0.09940302876579299,1.0,P0100,24.0,0.0226084981020225
1208651,1208661,NGNH03,137.7346,35.4786,165,95,0.22159021468378826,0.1920730464825049,0.2503339892786244,1.0,P0100,95.0,0.310030239691757
1208671,1208681,NGNH07,138.376,36.7434,200,67,0.3175480365986489,0.27391557267329514,0.3794661261922866,1.0,P0100,65.0,-0.5413739737309499
1208691,1208701,NGNH08,137.8591,36.2541,250,54,0.4240729518892384,0.3781630760635728,0.4674339367950313,1.0,P0100,51.0,0.0430512395318634
1208711,1208721,NGNH09,138.2491,36.2859,100,46,0.07434294308011057,0.052855818493051966,0.088531291427337,1.0,P0100,43.0,-0.3234111138225626
1208731,1208741,NGNH10,137.7669,35.9632,104,156,0.08669519592169425,0.0628963987170135,0.10398830998184255,1.0,P0100,153.0,0.1635664489354439
1208751,1208761,NGNH11,138.3052,35.9157,206,158,0.4035165066121891,0.3545476997322259,0.4533123894448066,1.0,P0100,155.0,0.0448190546668569
1208771,1208781,NGNH12,138.4797,35.9696,206,151,0.38555879864931397,0.3383390828525331,0.4291737002230688,1.0,P0100,147.0,-0.0686046012346724
1208791,1208801,NGNH13,137.8767,35.5143,124,106,0.23206462878646306,0.19387449706254317,0.2703146008536318,1.0,P0100,104.0,-0.1221316074845449
1208811,1208821,NGNH14,137.6261,35.3095,101,66,0.08145279816381318,0.05534840245852224,0.11644906165935455,1.0,P0100,65.0,0.0769650810057257
1208831,1208841,NGNH15,137.9305,36.0088,100,69,0.051451140401715355,0.041341404981819,0.07197374562108966,1.0,P0100,67.0,-0.1805688648177117
1208851,1208861,NGNH16,138.1848,35.9465,247,135,0.4602125048870839,0.3938561214215718,0.5346305226747079,1.0,P0100,133.0,0.2391255212388786
1208871,1208881,NGNH17,138.5504,36.1425,100,140,0.04539611383080271,0.03383961843367529,0.05668666002569102,1.0,P0100,134.0,-0.3430572589982669
1208891,1208901,NGNH18,137.595,35.9324,100,117,0.2733585425196151,0.22834085509319388,0.30570637726651606,1.0,P0100,115.0,0.017391250322879
1208911,1208921,NGNH19,138.5845,35.9735,115,185,0.20687199262373834,0.17089998705710205,0.2377883048758765,1.0,P0100,180.0,-0.1569558885513686
1208931,1208941,NGNH20,137.7173,35.787,100,89,0.06431841150454304,0.05336573905237794,0.07680597675349747,1.0,P0100,86.0,-0.0295254234346318
1208951,1208961,NGNH21,137.9236,35.8315,181,106,0.3564232702272329,0.3208934558383598,0.40667580500237493,1.0,P0100,106.0,0.0432696125878078
1208971,1208981,NGNH22,138.0824,35.7946,100,106,0.04733839761251723,0.0339319736626796,0.061267062147870754,1.0,P0100,103.0,-0.0913351152434933
1208991,1209001,NGNH23,137.6105,35.6056,102,146,0.10411544666305478,0.0890059833562045,0.12277560934182255,1.0,P0100,145.0,0.1384430055887942
1209011,1209021,NGNH24,137.8797,35.6152,107,189,0.1422323613661522,0.11946867301368998,0.17005025775357932,1.0,P0100,185.0,0.0109560347784477
1209031,1209041,NGNH25,137.9268,35.2986,102,125,0.04359884328283685,0.0314575725256439,0.05575093717567182,1.0,P0100,124.0,-0.1638951443154784
1209051,1209061,NGNH26,138.1474,36.4663,103,59,0.6656613232633475,0.6201576975379044,0.7280120256936765,1.0,P0100,56.0,-0.0827998128470877
1209071,1209081,NGNH27,138.0479,36.577,102,152,0.1804653498965228,0.15794220328977443,0.20696682506375683,1.0,P0100,150.0,-0.0239791188530362
1209091,1209101,NGNH28,138.0964,36.7075,120,144,0.2556691767064667,0.20161375528175418,0.29518658924641467,1.0,P0100,142.0,-0.2674350599640708
1209111,1209121,NGNH29,138.4408,36.9102,110,152,0.27360703121833696,0.24102485648627525,0.3197600688909291,1.0,P0100,150.0,-0.1950227087163832
1209131,1209141,NGNH30,137.6849,36.064,101,126,0.10136300904367837,0.08004097831899781,0.12612421774445187,1.0,P0100,123.0,-0.1969638894976496
1209151,1209161,NGNH31,137.9389,36.1184,218,129,0.3373851498574763,0.2773420957584093,0.4069922334039429,1.0,P0100,126.0,-0.0972993660305275
1209171,1209181,NGNH32,137.9898,36.2578,100,80,0.175999576093854,0.1506449583235077,0.20593972254786294,1.0,P0100,77.0,-0.2113775118969479
1209191,1209201,NGNH33,137.9637,36.4598,106,90,0.13712584170876985,0.10752309738146902,0.16118801852345965,1.0,P0100,87.0,-0.3123066340791837
1209211,1209221,NGNH34,137.8201,36.5327,106,87,0.13059489975059208,0.1115659664375014,0.1530808440263246,1.0,P0100,85.0,-0.2422628653462515
1209231,1209241,NGNH35,137.8201,36.3824,105,66,0.09213177304817044,0.07115287132008428,0.11581113244036167,1.0,P0100,63.0,-0.3700194521618768
1209251,1209261,NGNH36,137.8482,36.6984,629,19,0.640537181397024,0.6006492656014573,0.7070954841085874,1.0,P0100,,
1209271,1209281,NGNH37,138.4967,36.3308,709,96,0.6467876153351645,0.5981529378112532,0.7291538653679934,1.0,P0100,94.0,0.099698200752785
1209291,1209301,NGNH54,138.0058,35.4489,104,96,0.06540735626884776,0.050112029385061437,0.08290682925542625,1.0,P0100,95.0,-0.1208838216078577
1209311,1209321,NGSH01,129.4353,33.2116,207,40,0.17905862466608538,0.13728899575339307,0.21938245009160134,1.0,P0100,38.0,-0.2698204579723844
1209331,1209341,NGSH02,129.7652,33.2122,112,18,0.10997585848035164,0.09060236222154013,0.13872772297463115,1.0,P0100,,
1209351,1209361,NGSH03,129.8102,33.1256,200,49,0.18178606234703173,0.13661123845030015,0.23554292883711056,1.0,P0100,47.0,-0.19590851395656
1209371,1209381,NGSH04,129.8026,32.9553,100,32,0.12660345833297,0.08904342005515258,0.17097002791503624,1.0,P0100,30.0,-0.4855396021332037
1209391,1209401,NGSH05,130.1408,32.9103,200,18,0.21849948698729063,0.1838905577164445,0.26526489616044124,1.0,P0100,,
1209411,1209421,NGSH06,129.8625,32.6999,200,37,0.08598318669152656,0.06772484708741397,0.12198483175555747,1.0,P0100,35.0,-0.4455272354901927
1209431,1209441,NIGH01,138.8876,37.4272,100,215,0.27495999118844405,0.22438826595160272,0.31585339856338807,1.0,P0100,205.0,0.0034199088301296
1209451,1209461,NIGH02,139.5486,38.2799,104,462,0.18797861136651833,0.1397346108624108,0.23059561202759826,1.0,P0100,445.0,0.2187544023801059
1209471,1209481,NIGH03,139.4289,38.1327,221,251,0.35482640340289523,0.3054530014060228,0.41466691514850296,1.0,P0100,245.0,-0.1211002059095901
1209491,1209501,NIGH04,139.5428,38.1313,100,375,0.19104506351819317,0.15407600507543873,0.24099128775704526,1.0,P0100,361.0,0.2729033863411313
1209511,1209521,NIGH05,139.2788,37.9759,147,292,0.27985222868446014,0.24219216142543742,0.3171576196600042,1.0,P0100,283.0,-0.3065312058392995
1209531,1209541,NIGH06,139.0676,37.6527,100,232,0.26576591736808663,0.21907820044888707,0.32094553455153263,1.0,P0100,220.0,0.0803352617805469
1209551,1209561,NIGH07,139.261,37.6658,106,249,0.06132989106521876,0.04345546899856061,0.0823289108721208,1.0,P0100,241.0,-0.4056255267359508
1209571,1209581,NIGH08,139.4648,37.6708,300,398,0.46256469331196615,0.39556881871321875,0.5334072568765629,1.0,P0100,383.0,0.4643347198999572
1209591,1209601,NIGH09,139.1279,37.5386,100,230,0.12241699135727935,0.08774554296755813,0.16659392547572724,1.0,P0100,225.0,-0.0650735615527705
1209611,1209621,NIGH10,139.3648,37.5438,100,309,0.15433172648771942,0.12226559955145827,0.20548582000105775,1.0,P0100,300.0,-0.0574732618903994
1209631,1209641,NIGH11,138.744,37.1728,205,296,0.3669320717723733,0.30237810758107087,0.4186490948733437,1.0,P0100,288.0,-0.0315586758469416
1209651,1209661,NIGH12,138.9821,37.2239,110,202,0.2590828219973867,0.2310854538419344,0.3036221564753027,1.0,P0100,194.0,-0.2335831110722846
1209671,1209681,NIGH13,138.3966,37.0544,100,72,0.17618734462982844,0.14557191307750295,0.1957239510644007,1.0,P0100,71.0,0.014356983260849
1209691,1209701,NIGH14,138.8521,37.0303,387,234,0.4023708751788261,0.3294397125802216,0.4827767189935408,1.0,P0100,228.0,-0.2599003063361916
1209711,1209721,NIGH15,138.9951,37.0533,100,240,0.13511069055222283,0.11419850184661953,0.16274884850081803,1.0,P0100,234.0,-0.2697748689998213
1209731,1209741,NIGH16,137.848,36.9378,100,38,0.15144124687361057,0.12372545339610176,0.21891229237164805,1.0,P0100,35.0,-0.35854977537302
1209751,1209761,NIGH17,138.0966,36.8569,150,138,0.30117678210535503,0.26515355313604283,0.3525768952238706,1.0,P0100,135.0,-0.1956530269350231
1209771,1209781,NIGH18,138.2594,36.9425,110,106,0.2645971733187229,0.24338085784589858,0.31216660970934895,1.0,P0100,103.0,-0.0965283504640055
1209791,1209801,NIGH19,138.7849,36.8114,100,174,0.08550636295792356,0.0690289583243327,0.11964488224569245,1.0,P0100,169.0,-0.2608384347135278
1209811,1209821,NMRH01,145.0246,43.785,110,220,0.22666499966738773,0.17856057339734938,0.26622067307123054,1.0,P0100,212.0,-0.1309451029681263
1209831,1209841,NMRH02,144.9618,43.6772,103,221,0.3019984725651058,0.2533231457144742,0.3701871846068589,1.0,P0100,213.0,-0.0294673061751761
1209851,1209861,NMRH03,144.9665,43.5508,227,229,0.4863713859775686,0.43907837759366514,0.5308641993842252,1.0,P0100,220.0,0.0622595949671041
1209871,1209881,NMRH04,145.1224,43.3978,216,223,0.5407989302834904,0.5006697232737984,0.5897946477346345,1.0,P0100,214.0,0.075754415203872
1209891,1209901,NMRH05,144.8021,43.39,220,221,0.31081651741860056,0.2618137247190944,0.36985024761740193,1.0,P0100,213.0,0.0665935584317924
1209911,1209921,OITH01,131.0326,33.4122,200,38,0.1870332429163064,0.1488968069584651,0.2256305108091256,1.0,P0100,37.0,-0.4210513481557246
1209931,1209941,OITH02,131.4429,33.4581,100,32,0.07283284445448784,0.06310637104741594,0.09202582897835988,1.0,P0100,31.0,-0.3004584348481816
1209951,1209961,OITH03,131.6856,33.4736,400,46,0.5273974084534829,0.4408820004352279,0.5780463831999101,1.0,P0100,46.0,-0.0050662656927696
1209971,1209981,OITH04,131.3473,33.1306,230,37,0.4203643123329261,0.3575646059724766,0.45311307204613344,1.0,P0100,37.0,-0.20366436934039
1209991,1210001,OITH05,131.542,33.1525,100,37,0.028237213732439204,0.017131007430328853,0.04481077711548945,1.0,P0100,37.0,-0.2429896504487861
1210011,1210021,OITH06,131.3984,32.9726,104,24,0.16617667750794424,0.14298764109427423,0.19080530524824246,1.0,P0100,24.0,0.0611322972355466
1210031,1210041,OITH07,131.5881,32.987,101,38,0.41771810988243196,0.35602673746918756,0.502691517565451,1.0,P0100,37.0,0.212035522680705
1210051,1210061,OITH08,131.5357,32.8392,101,52,0.04634777297908668,0.018965317205544813,0.06507882623292169,1.0,P0100,51.0,-0.0358992350437862
1210071,1210081,OITH09,131.6786,32.8486,100,17,0.011156834002757915,0.0032072527695708327,0.02638482457225678,1.0,P0100,,
1210091,1210101,OITH10,131.8695,32.9278,100,52,0.0461252359595626,0.02639123126539694,0.06823761483833207,1.0,P0100,51.0,0.0129386736846144
1210111,1210121,OITH11,131.2118,33.2844,160,45,0.3001584941458841,0.23955046828663953,0.3413334147544874,1.0,P0100,44.0,-0.2608919948057406
1210131,1210141,OKYH01,133.8905,34.507,200,23,0.3239840380583857,0.2496164089665,0.35588923828452423,1.0,P0100,23.0,0.1761883807638838
1210151,1210161,OKYH02,134.0702,34.7501,200,24,0.0480648289316878,0.02198206368773859,0.06465191160427818,1.0,P0100,24.0,-0.6668100472430275
1210171,1210181,OKYH03,133.789,34.7783,201,32,0.09703510578695637,0.07366365738509495,0.11452324404061101,1.0,P0100,32.0,-0.1984243690183341
1210191,1210201,OKYH04,133.6861,34.6429,100,44,0.049153532381327164,0.03071085699515542,0.06383172483218683,1.0,P0100,44.0,-0.1833660396067275
1210211,1210221,OKYH05,133.8527,34.8684,100,40,0.041754194029465536,0.02837874928382391,0.052874053730065984,1.0,P0100,40.0,-0.1549482438757253
1210231,1210241,OKYH06,133.5283,34.6756,100,35,0.06115168454877582,0.04829413833631591,0.0974755144090369,1.0,P0100,35.0,-0.2050230303850091
1210251,1210261,OKYH07,133.3169,35.0493,100,27,0.024468981061328693,0.01207427636652312,0.04936565282636363,1.0,P0100,27.0,-0.1379440039721426
1210271,1210281,OKYH08,133.4055,34.9103,100,41,0.04185604197188311,0.028318496877491148,0.0638085175544045,1.0,P0100,41.0,-0.2771615854905061
1210291,1210301,OKYH09,133.6765,35.1809,100,31,0.05831670212786342,0.03506805252950755,0.08316342564170695,1.0,P0100,31.0,-0.2929670259625775
1210311,1210321,OKYH10,133.9263,35.2826,200,13,0.11108673234962632,0.09502668732305117,0.18697541167411325,1.0,P0100,,
1210331,1210341,OKYH11,134.1162,35.0732,200,31,0.15028677244826702,0.125576122340829,0.21035795654252754,1.0,P0100,31.0,-0.256797101052689
1210351,1210361,OKYH12,134.319,35.0999,200,37,0.12336464799769975,0.07705906330682444,0.16565882453741665,1.0,P0100,37.0,-0.2143613582433737
1210371,1210381,OKYH13,134.2744,34.7283,102,18,0.04001308518587957,0.029296709326251398,0.04845025734823595,1.0,P0100,,
1210391,1210401,OKYH14,133.6205,34.9363,100,29,0.06184214874534798,0.04173683221788401,0.07041157457325803,1.0,P0100,29.0,-0.2570551759126055
1210411,1210421,OSKH01,135.2836,34.3977,1504,32,1.0058008056315244,0.9498983895496546,1.10260665743988,1.0,P0100,32.0,-0.1015922284320837
1210431,1210441,OSKH02,135.3896,34.6628,2007,31,0.9954431133006721,0.8622472772175178,1.1111740885612194,1.0,P0100,31.0,-0.1191258694806154
1210451,1210461,OSKH03,135.6608,34.5248,100,17,0.07754080520145512,0.05566144748896891,0.11726863331476357,1.0,P0100,,
1210471,1210481,OSKH04,135.7052,34.763,200,27,0.14046307346476958,0.11390252327736744,0.15962916045828718,1.0,P0100,27.0,-0.1582276608687673
1210491,1210501,OSKH05,135.5199,34.7159,982,12,0.9783427108866934,0.8560646314532624,1.0092423594446835,1.0,P0100,,
1210521,1210531,OSMH01,140.4207,41.5977,150,169,0.7495203236274027,0.6994506569488864,0.7995970183457269,1.0,P0100,167.0,0.0540427960981254
1210541,1210551,OSMH02,140.6331,41.8374,360,169,0.321994782370605,0.2739755041463443,0.3720692458941421,1.0,P0100,166.0,-0.2071680690387838
1210561,1210571,RMIH01,142.0795,45.0167,100,19,0.24277162902409496,0.20438091316354406,0.2798060524632785,1.0,P0100,,
1210581,1210591,RMIH02,141.9251,44.8948,107,20,0.7461330309998514,0.6810751836344782,0.7944809447246809,1.0,P0100,20.0,0.0313474496126685
1210601,1210611,RMIH03,141.8187,44.6359,209,11,0.34713205167782585,0.3018398186125494,0.42825524794155256,1.0,P0100,,
1210621,1210631,RMIH04,141.9621,44.0974,100,27,0.1296253539910532,0.10692324206633377,0.14745014021047448,1.0,P0100,27.0,-0.1803142556210072
1210641,1210651,RMIH05,141.7876,44.0254,105,51,0.23683544817255422,0.21528511646923343,0.27341867900957456,1.0,P0100,51.0,-0.0601667840777456
1210661,1210671,SAGH01,129.8877,33.508,200,35,0.13513815752622654,0.11848032317730814,0.16715772127091572,1.0,P0100,34.0,-0.3352820487033547
1210681,1210691,SAGH02,129.8798,33.2656,102,31,0.06127971737530303,0.052398899052317496,0.07163258264180364,1.0,P0100,29.0,-0.2376204838685698
1210701,1210711,SAGH03,130.2329,33.4098,103,14,0.08497001367911805,0.06563490719404746,0.11310566919164945,1.0,P0100,,
1210721,1210731,SAGH04,130.4046,33.3654,200,44,0.1151336391890101,0.08187306253306735,0.13990850516583697,1.0,P0100,43.0,-0.4879209990536356
1210741,1210751,SAGH05,130.1046,33.1806,203,52,0.26552213852750295,0.229490502554342,0.3029973940350964,1.0,P0100,50.0,-0.3635382392859852
1210761,1210771,SBSH01,140.6228,43.2341,100,29,0.06821797408308888,0.05748851752381495,0.0924324495320472,1.0,P0100,29.0,-0.4847152389454561
1210781,1210791,SBSH02,140.5017,43.0527,100,48,0.06407958470454793,0.04806717985347368,0.08080069208410548,1.0,P0100,47.0,-0.2853152508361619
1210801,1210811,SBSH03,140.8199,43.0842,220,67,0.7535720268683018,0.6840405291438745,0.8280863794450553,1.0,P0100,65.0,0.4024234480751389
1210821,1210831,SBSH04,140.6219,42.9758,200,39,0.16826815301662343,0.1348332736572057,0.20663383889046616,1.0,P0100,38.0,-0.7855493679693705
1210841,1210851,SBSH05,140.8223,42.95,100,40,0.27290886177570245,0.2558987600319499,0.3278547118792332,1.0,P0100,40.0,-0.1885058413787859
1210861,1210871,SBSH06,140.4831,42.8309,130,84,0.25509209036132974,0.2204424739439289,0.29536705284565273,1.0,P0100,82.0,-0.1700731028202981
1210881,1210891,SBSH07,140.8084,42.763,100,108,0.32930084681745886,0.28882183455479904,0.3642420697871386,1.0,P0100,105.0,0.1820856962638245
1210901,1210911,SBSH08,140.9766,42.768,100,88,0.3789783325776669,0.31688432918286485,0.4501951161362972,1.0,P0100,87.0,-0.2181532479553094
1210921,1210931,SBSH09,140.4841,42.6104,100,53,0.08353411446319883,0.06897468375347013,0.10708747989727166,1.0,P0100,52.0,-0.2667373816208308
1210941,1210951,SBSH10,140.1557,42.7797,100,44,0.05807539427803302,0.040372065272476026,0.08157961982657612,1.0,P0100,43.0,-0.4663317050501401
1210961,1210971,SIGH01,136.3599,35.2383,100,44,0.09419702115749265,0.07307414669039941,0.1238563419372632,1.0,P0100,44.0,0.0872025714825214
1210981,1210991,SIGH02,135.8671,35.2482,100,19,0.091474406628019,0.07602848083310473,0.10575845634593917,1.0,P0100,,
1211001,1211011,SIGH03,136.0316,34.853,200,37,0.49690896544711255,0.44928903607112564,0.6208727878630009,1.0,P0100,37.0,0.1392003310023996
1211021,1211031,SIGH04,136.261,34.9638,200,37,0.16477848924702826,0.12880762725240866,0.2040490476149677,1.0,P0100,37.0,-0.2371687938004186
1211041,1211051,SITH01,139.7349,35.929,3510,207,0.9562077553011694,0.8909481229801588,1.0329218290128765,1.0,P0100,201.0,-0.0958776004880397
1211061,1211071,SITH03,139.3843,35.899,1800,226,0.5096995370240929,0.4609646584041027,0.5767277096243977,1.0,P0100,218.0,-0.1368024488416734
1211081,1211091,SITH04,139.5353,35.8028,2000,296,0.3926086190872665,0.33863809864253464,0.4576536877988973,1.0,P0100,281.0,-0.2739779180004347
1211101,1211111,SITH05,139.0504,36.1509,100,303,0.06493866700994934,0.04819683144013809,0.0820770055035136,1.0,P0100,292.0,-0.1097600586939254
1211121,1211131,SITH06,139.2894,36.1131,200,371,0.3709579320119468,0.30906712080489096,0.43030005769688184,1.0,P0100,357.0,-0.1352166669909466
1211141,1211151,SITH07,139.1485,35.9118,102,352,0.058250948572245796,0.045403809930545144,0.07120640684205597,1.0,P0100,339.0,-0.0046087815483088
1211161,1211171,SITH08,138.9691,36.0274,100,340,0.07972835237397367,0.06401657967690849,0.10250248337960734,1.0,P0100,331.0,-0.0153737272988369
1211181,1211191,SITH09,139.0993,36.0715,122,198,0.08775392152761137,0.07117609940324165,0.10253111560243654,1.0,P0100,188.0,-0.0790078301544432
1211201,1211211,SITH10,139.2191,35.9964,102,291,0.07331352232487784,0.04853057262991631,0.09957159699251379,1.0,P0100,282.0,-0.1680011702774677
1211221,1211231,SITH11,139.2726,35.8637,101,347,0.1734222722388264,0.11675249708165766,0.27690957564724294,1.0,P0100,334.0,-0.107139803312184
1211241,1211251,SITH12,139.2194,35.9969,100,21,0.06287891904032857,0.05617037997021846,0.08811680853552903,1.0,P0100,,
1211281,1211291,SMNH01,133.2604,35.2963,101,20,0.10507579985825673,0.05251349708347454,0.12248684160026593,1.0,P0100,20.0,-0.4151227722508521
1211301,1211311,SMNH02,133.0856,35.2235,101,24,0.08761133403621217,0.06951639218300427,0.12918921643627038,1.0,P0100,24.0,-0.2085833013548758
1211321,1211331,SMNH03,132.7223,35.2243,101,28,0.15422152402574668,0.08683024797801109,0.19227993543432736,1.0,P0100,28.0,-0.1311060746004059
1211341,1211351,SMNH04,132.5308,35.0918,101,30,0.11447182869684523,0.08529899616492373,0.18008210574652114,1.0,P0100,30.0,-0.1597572298238338
1211361,1211371,SMNH05,132.6396,34.8697,101,26,0.03442605243098995,0.025984992776478043,0.05039979195327354,1.0,P0100,26.0,-0.3828505837713172
1211381,1211391,SMNH06,132.2026,34.8839,201,27,0.2477608142998981,0.15894960882939763,0.3136471615803865,1.0,P0100,27.0,-0.0204662777169192
1211401,1211411,SMNH07,132.0402,34.694,209,37,0.17620399751107202,0.14306754672146085,0.2062565342076859,1.0,P0100,37.0,0.1448365267816921
1211421,1211431,SMNH08,132.4208,34.8801,100,23,0.045011326116052776,0.03738585455375778,0.06378432608499505,1.0,P0100,23.0,-0.2318466944369973
1211441,1211451,SMNH09,132.0122,34.5725,200,40,0.05751490177250526,0.03782980895494201,0.07863781597196347,1.0,P0100,40.0,0.0025412321750364
1211461,1211471,SMNH10,133.3004,35.5579,200,20,0.16793699230475112,0.12206646754185745,0.18414116066684752,1.0,P0100,20.0,-0.3616637594752979
1211481,1211491,SMNH11,132.8008,35.4259,200,19,0.23916585819252975,0.20555599365350044,0.261791262715654,1.0,P0100,,
1211501,1211511,SMNH12,132.8558,35.1634,101,22,0.0404011092547539,0.029936793439009193,0.07295302332103379,1.0,P0100,22.0,-0.1597075330796333
1211521,1211531,SMNH13,132.3069,35.0087,100,23,0.024837684065307914,0.01420014632515961,0.04033025762369846,1.0,P0100,23.0,-0.4153000919224295
1211541,1211551,SMNH14,131.8925,34.3904,100,18,0.053392761265886046,0.04731521517648988,0.06780149867950575,1.0,P0100,,
1211561,1211571,SMNH15,133.0226,35.5232,102,12,0.13457729906987764,0.10189220643419696,0.15699652307811632,1.0,P0100,,
1211581,1211591,SMNH16,132.8989,35.3422,99,18,0.29934732623769034,0.263582349938869,0.3719004688027027,1.0,P0100,,
1211601,1211611,SOYH01,142.1185,45.3346,100,15,0.15192874440046783,0.12740671367064815,0.202689734107318,1.0,P0100,,
1211621,1211631,SOYH02,142.2254,45.2163,100,12,0.734390084427273,0.6582627627215335,0.7727591067814094,1.0,P0100,,
1211641,1211651,SOYH03,141.6334,45.2531,137,5,0.688340080154782,0.5783880090529575,0.7316242338781997,1.0,P0100,,
1211661,1211671,SOYH04,141.8806,45.2303,203,13,0.4331464977138592,0.39456845970804905,0.48285015227963074,1.0,P0100,,
1211681,1211691,SOYH05,141.885,45.4883,202,14,0.24506079222244245,0.2091283439167352,0.30836956393062886,1.0,P0100,,
1211701,1211711,SOYH06,141.7834,45.1019,135,17,0.5860431878112305,0.5565363891250352,0.6744309491533136,1.0,P0100,,
1211721,1211731,SOYH07,142.4307,45.1001,150,11,0.04513381279229891,0.02007478301930123,0.048924004572448956,1.0,P0100,,
1211741,1211751,SOYH08,142.2247,44.9387,100,19,0.09062295452169505,0.0855262030868296,0.11328143676305576,1.0,P0100,,
1211761,1211771,SOYH09,142.4868,44.857,100,24,0.19608980676170953,0.18039934227419455,0.24088059145231674,1.0,P0100,24.0,-0.0703359299915305
1211781,1211791,SOYH10,142.6039,44.7433,100,41,0.07361623110054813,0.04895052300932381,0.10342033452748559,1.0,P0100,41.0,-0.0607052207827231
1211801,1211811,SRCH01,142.1594,44.2803,101,6,0.08215491295269906,0.06659196015214829,0.09657625812114888,1.0,P0100,,
1211821,1211831,SRCH02,142.1414,44.116,101,29,0.17918036879267396,0.15379939618747476,0.23652998878957116,1.0,P0100,29.0,-0.3175606675289789
1211841,1211851,SRCH03,142.1258,43.9994,100,26,0.4921551748348044,0.44508685987761315,0.5287682175422864,1.0,P0100,26.0,-0.1783021313340416
1211861,1211871,SRCH04,141.9397,43.8203,105,44,0.2997377664752787,0.25378165620551996,0.3467127356977431,1.0,P0100,42.0,-0.0407778971739483
1211881,1211891,SRCH05,142.1594,43.8243,102,36,0.06781708559074066,0.04818422498049893,0.08970605432214164,1.0,P0100,36.0,-0.4758390697873014
1211901,1211911,SRCH06,142.0776,43.6948,147,93,0.1652002212938669,0.11935204408340634,0.20674503622825025,1.0,P0100,91.0,-0.1481994523861536
1211921,1211931,SRCH07,141.8978,43.23,200,117,0.28748936576048784,0.2391859467025146,0.3375065459960838,1.0,P0100,114.0,0.0035169313647518
1211941,1211951,SRCH08,141.909,43.5138,122,132,0.3921391234041749,0.34269914666648366,0.46566211681151737,1.0,P0100,129.0,-0.1777772836700639
1211961,1211971,SRCH09,141.8063,43.0587,122,162,0.44159333108187926,0.4039246733814549,0.5047343860822122,1.0,P0100,156.0,-0.0388243355627385
1211981,1211991,SRCH10,142.0085,42.993,200,148,0.18026977521293183,0.14433011505940638,0.20975195478046704,1.0,P0100,144.0,-0.0933491010071459
1212081,1212091,SZOH24,137.6616,34.8343,299,51,0.07327776445378659,0.03733398718264731,0.11421101292012756,1.0,P0100,51.0,-0.4687822289032915
1212101,1212111,SZOH25,137.5604,34.6913,450,56,0.45528216150340284,0.37654018668387546,0.5284891796115467,1.0,P0100,56.0,-0.0459898569408277
1212121,1212131,SZOH26,137.9034,34.7948,449,22,0.5600199376057629,0.4926123303247596,0.6016960776626125,1.0,P0100,22.0,-0.1627585480438894
1212141,1212151,SZOH28,137.7441,34.6683,995,43,0.7599296753691285,0.7186026355586221,0.8251111658158613,1.0,P0100,43.0,-0.019482132324218
1212161,1212171,SZOH29,138.1973,35.307,102,33,0.07667742206762672,0.06480871718915657,0.09624029537420967,1.0,P0100,33.0,-0.087409027489167
1212181,1212191,SZOH30,137.9181,35.2233,102,96,0.027176910285992163,0.013349011923374584,0.04972382830774538,1.0,P0100,96.0,-0.0993962498347103
1212201,1212211,SZOH31,138.0767,34.9398,102,58,0.08160137953287507,0.06457234813079632,0.1008006850599907,1.0,P0100,58.0,-0.3158675329931082
1212221,1212231,SZOH32,137.8409,35.0086,103,94,0.1021652717398556,0.08479950588561723,0.1215195054849072,1.0,P0100,94.0,0.078476268123325
1212241,1212251,SZOH33,138.3526,35.0146,102,87,0.09555056087926764,0.08046755514500177,0.11342838391029317,1.0,P0100,87.0,-0.2795715862051607
1212261,1212271,SZOH34,138.4243,35.1304,119,183,0.1811083742909328,0.16197328016838064,0.20294999431224198,1.0,P0100,182.0,0.0159365427097866
1212281,1212291,SZOH35,139.0855,34.9467,300,138,0.8543992927318054,0.762124944542645,0.9431314322841898,1.0,P0100,138.0,0.2589465512633342
1212301,1212311,SZOH36,138.2008,34.9142,100,88,0.07035330286741437,0.058167273253211776,0.0968076445141102,1.0,P0100,88.0,-0.2615064844966883
1212321,1212331,SZOH37,138.5659,35.2028,304,126,0.32031285393646436,0.2531576000461959,0.3878728391532401,1.0,P0100,126.0,-0.284131397621254
1212341,1212351,SZOH38,138.9779,35.0854,200,185,0.25083884993825645,0.20890313877513583,0.2861410483576796,1.0,P0100,184.0,-0.1700555938880641
1212361,1212371,SZOH39,138.7724,34.7988,103,151,0.1131445947814871,0.08488789847826123,0.14077887045718362,1.0,P0100,151.0,-0.3226013384688487
1212381,1212391,SZOH40,138.97,34.7832,207,92,0.20275752026549845,0.17238384859583106,0.24981740798317417,1.0,P0100,92.0,-0.5413632004908084
1212401,1212411,SZOH41,138.834,34.6749,109,95,0.12559212172862036,0.10558303809454389,0.14857346213446815,1.0,P0100,95.0,-0.4371053600246576
1212421,1212431,SZOH42,138.9128,34.9756,203,203,0.5210523417202013,0.4656888378871086,0.5788506043641775,1.0,P0100,202.0,0.2690889283367429
1212441,1212451,SZOH43,138.4924,34.9739,239,32,0.3480606868734556,0.2706609955603656,0.4078541347120882,1.0,P0100,32.0,-0.1674018651003231
1212481,1212491,SZOH53,138.0174,34.8768,100,57,0.04447782002275738,0.03189830977176235,0.05360759016478323,1.0,P0100,57.0,-0.3776990583420906
1212501,1212511,SZOH54,139.1685,35.0417,110,109,0.2518433067899618,0.21394653128271232,0.28640677268692427,1.0,P0100,109.0,-0.4966463776998499
1212531,1212541,TCGH06,139.9509,36.4458,1647,466,0.5570053559839698,0.49428791611958367,0.6297798664313037,1.0,P0100,450.0,0.0758741423595469
1212551,1212561,TCGH07,139.4534,36.8817,100,289,0.1443619622698078,0.10995689705261799,0.21198664297795874,1.0,P0100,280.0,-0.3552266237910831
1212571,1212581,TCGH08,139.6459,36.8828,203,286,0.17531062956786447,0.14756113387844105,0.21524090526200912,1.0,P0100,280.0,-0.1647828569406315
1212591,1212601,TCGH09,139.8364,36.8625,103,511,0.1460977712150707,0.12111530604171193,0.17271394741761575,1.0,P0100,489.0,-0.1052876260249272
1212611,1212621,TCGH10,140.0225,36.8578,132,575,0.20979630059244744,0.15971267072464207,0.26175342177930727,1.0,P0100,556.0,-0.0457643200118036
1212631,1212641,TCGH11,139.7694,36.7084,200,356,0.23179240885146368,0.19799623107114878,0.29284450303448695,1.0,P0100,344.0,-0.3037240426183878
1212651,1212661,TCGH12,139.9842,36.6959,120,514,0.2672560263105628,0.20479254269562552,0.33445679091253844,1.0,P0100,497.0,0.0814013913480575
1212671,1212681,TCGH13,140.1781,36.7342,140,496,0.19295989540499914,0.12929614755073018,0.2997553720224284,1.0,P0100,478.0,-0.0481442322997573
1212691,1212701,TCGH14,139.6154,36.5509,100,472,0.052872041704283126,0.037166629959814526,0.07914428648309405,1.0,P0100,453.0,-0.0962744452640824
1212711,1212721,TCGH15,139.8637,36.5595,300,214,0.32491097074979025,0.2703326965156068,0.37981017147924334,1.0,P0100,203.0,-0.1221840635579599
1212731,1212741,TCGH16,140.0751,36.548,112,519,0.40689917894408384,0.35043778905781836,0.4648446146293824,1.0,P0100,503.0,0.099943733620396
1212751,1212761,TCGH17,139.6922,36.9853,104,341,0.05556094211179646,0.04239831789101107,0.07301142282225888,1.0,P0100,330.0,-0.4293505252938792
1212831,1212841,TKCH01,143.683,43.4683,123,225,0.17030391755917612,0.13449186662015464,0.22543761079194818,1.0,P0100,216.0,0.0498686361382136
1212851,1212861,TKCH02,143.8983,43.3822,103,186,0.09738981741159133,0.07496677890167439,0.12548002537077046,1.0,P0100,178.0,-0.0399745232583906
1212871,1212881,TKCH03,143.4317,43.2708,200,228,0.38471641831420567,0.3327115200463131,0.4481994131379266,1.0,P0100,219.0,0.0386501773136321
1212891,1212901,TKCH04,142.9176,43.1739,172,216,0.3344736827411264,0.3067758241845989,0.36334911248008683,1.0,P0100,207.0,0.1451788243466881
1212911,1212921,TKCH05,143.6181,43.1211,100,233,0.1389455272551032,0.10735481400081766,0.17443527773072692,1.0,P0100,224.0,-0.163522347589934
1212931,1212941,TKCH06,143.0603,42.892,227,162,0.29812228917958616,0.26216141867591003,0.327554022535399,1.0,P0100,156.0,0.1702649435077416
1212951,1212961,TKCH07,143.5203,42.8114,99,190,0.7748376002036661,0.7116936988776942,0.8336177295772613,1.0,P0100,182.0,0.2079577853315108
1212971,1212981,TKCH08,143.152,42.4865,100,219,0.26570311663027407,0.22850964358724646,0.307285670675449,1.0,P0100,211.0,0.0802174875187154
1212991,1213001,TKCH10,142.9448,43.3337,100,166,0.038898235211635324,0.025839089326325573,0.05390059620745695,1.0,P0100,160.0,-0.2769683811936715
1213011,1213021,TKCH11,142.883,42.8742,100,167,0.1667638238032427,0.14203539630755604,0.21139238085957382,1.0,P0100,159.0,0.160869780254463
1213031,1213041,TKSH01,134.4994,33.7751,100,14,0.02645840282777138,0.011477162260622183,0.037416545098713026,1.0,P0100,,
1213051,1213061,TKSH02,134.0918,34.0112,100,28,0.1265503808677572,0.08940698805619582,0.16411540791250817,1.0,P0100,28.0,-0.2173659685833918
1213071,1213081,TKSH03,134.1294,33.8778,201,34,0.1294460944230034,0.08750925194498009,0.17144794899745142,1.0,P0100,34.0,-0.066190551477216
1213091,1213101,TKSH04,134.5337,33.9902,100,28,0.10866601846092153,0.08790769694546001,0.13453107987416066,1.0,P0100,28.0,-0.3716147004534789
1213111,1213121,TKSH05,134.3156,33.6628,143,31,0.13871615692055053,0.10064453492385084,0.17333434773171924,1.0,P0100,31.0,-0.1664951631877181
1213131,1213141,TKSH06,133.8933,33.9997,157,27,0.12215704799898529,0.10281205479472535,0.14928364506933978,1.0,P0100,27.0,-0.1945411395491921
1213151,1213161,TKYH02,139.4704,35.6539,2753,101,0.7362141862167597,0.6628108675619713,0.7911142135801654,1.0,P0100,95.0,-0.0608853517077864
1213201,1213211,TKYH11,139.8125,35.6114,3000,134,0.9984446873409513,0.9413477053819512,1.0549370520786139,1.0,P0100,130.0,0.0634286011127778
1213221,1213231,TKYH12,139.265,35.6701,147,300,0.26900405392431537,0.23710670983640242,0.3199203739808658,1.0,P0100,292.0,0.012929084225929
1213241,1213251,TKYH13,139.1275,35.7017,100,280,0.026923058386414317,0.00996415237077924,0.04726217803496856,1.0,P0100,272.0,-0.20932132567659
1213391,1213401,TTRH01,134.2173,35.2604,200,15,0.1560734140801339,0.14314993807958443,0.1740971205544593,1.0,P0100,,
1213411,1213421,TTRH02,133.3909,35.2313,100,33,0.21557765326837616,0.1940076348224025,0.2754529234845883,1.0,P0100,33.0,-0.1409420882632915
1213431,1213441,TTRH03,133.4918,35.3553,200,17,0.6987144952765049,0.5908736250267101,0.8113570652327627,1.0,P0100,,
1213451,1213461,TTRH04,133.6307,35.4668,207,18,0.6213207589489963,0.5752145967117162,0.6677025205408329,1.0,P0100,,
1213471,1213481,TTRH05,134.3426,35.5729,152,5,0.09529435333100912,0.09045781566587315,0.1156030142624781,1.0,P0100,,
1213491,1213501,TTRH06,134.1988,35.3946,100,17,0.1275429940098164,0.09030786489573173,0.13544052712088125,1.0,P0100,,
1213511,1213521,TTRH07,133.7486,35.3649,100,17,0.3053117263705317,0.2839833423867471,0.3217363966703266,1.0,P0100,,
1213551,1213561,TYMH01,136.9276,36.8866,200,33,0.3943782404934534,0.33517956279732236,0.4367330822494179,1.0,P0100,30.0,-0.2320675565649025
1213571,1213581,TYMH02,137.0378,36.7142,212,7,0.24378246585216864,0.14911411487950296,0.27698190188811656,1.0,P0100,,
1213591,1213601,TYMH03,137.2627,36.7294,580,43,0.6337378596325489,0.5905622768540547,0.6917852557612032,1.0,P0100,42.0,0.0399263693650231
1213611,1213621,TYMH04,137.4689,36.7914,100,68,0.1058700608465351,0.06407557413748884,0.15073980100056672,1.0,P0100,68.0,-0.2864037505757988
1213631,1213641,TYMH05,136.9584,36.5736,143,32,0.15787785391904363,0.1349115843180275,0.18280277453386484,1.0,P0100,29.0,-0.3039399300147098
1213651,1213661,TYMH06,137.1595,36.5711,200,52,0.42063900920194863,0.34964221091432823,0.4638670389014108,1.0,P0100,50.0,0.0578599289860332
1213671,1213681,TYMH07,137.0392,36.4406,100,53,0.12160563992829851,0.09577958430689663,0.15669208640359658,1.0,P0100,53.0,-0.2422301602865559
1213691,1213701,WKYH01,135.2122,33.9804,101,22,0.05212078022178389,0.02874036694884629,0.07961360662223185,1.0,P0100,22.0,-0.2573141419540579
1213711,1213721,WKYH02,135.5369,34.1373,100,19,0.04857463511891945,0.006241635022189213,0.19739667094408697,1.0,P0100,,
1213731,1213741,WKYH03,135.3244,34.1314,100,19,0.037581891092321,0.027472905309161636,0.060872065118980925,1.0,P0100,,
1213751,1213761,WKYH04,135.5454,33.5559,100,27,0.03770430645535401,0.024699176447230527,0.05198599534055511,1.0,P0100,26.0,-0.1869889631495103
1213771,1213781,WKYH05,135.8619,33.6072,100,11,0.03931004013434142,0.03118857306133619,0.05280862201007111,1.0,P0100,,
1213791,1213801,WKYH06,135.5953,33.6948,100,20,0.03762442617397058,0.011670668051330406,0.06646169604296773,1.0,P0100,,
1213811,1213821,WKYH07,135.4396,33.6894,100,29,0.11275538609097126,0.08117350359179197,0.16875906786906003,1.0,P0100,28.0,-0.2426021201913348
1213831,1213841,WKYH08,135.4483,34.3228,112,28,0.2364884641890303,0.19928921435062633,0.26676406099139444,1.0,P0100,28.0,0.3681049573766281
1213851,1213861,WKYH09,135.0714,34.2868,200,30,0.14593718391139787,0.07643225438257462,0.19519137136150333,1.0,P0100,30.0,-0.0764708394740357
1213871,1213881,WKYH10,135.2172,33.8248,100,29,0.055204970757349904,0.03648913190443394,0.08452495924516014,1.0,P0100,28.0,-0.2558864665225208
1213891,1213901,YMGH01,131.5618,34.0494,200,21,0.06909880309455438,0.04940804845798828,0.09163358606851099,1.0,P0100,21.0,-0.3626575774331662
1213911,1213921,YMGH02,131.1434,34.1111,200,22,0.06947725569954386,-0.004309110153268735,0.09617923720709018,1.0,P0100,21.0,-0.1048627306334496
1213931,1213941,YMGH03,132.126,34.1891,200,40,0.06823225147337778,0.05420312606662514,0.1070676414367876,1.0,P0100,40.0,-0.1530045929694797
1213951,1213961,YMGH04,132.0626,34.027,100,51,0.03096702490748634,0.020340805488330636,0.04746399335870548,1.0,P0100,51.0,-0.2745818334290689
1213971,1213981,YMGH05,131.9943,34.1974,200,8,0.06500148544172521,0.05334635450060392,0.08064147860123423,1.0,P0100,,
1213991,1214001,YMGH06,131.3012,33.9893,200,28,0.12281812604728146,0.0994796719522497,0.14216845677981127,1.0,P0100,27.0,-0.2070144784270418
1214011,1214021,YMGH07,131.0506,34.1149,200,39,0.13592977661807945,0.08329338974341492,0.18526922784210675,1.0,P0100,38.0,-0.169524999489144
1214031,1214041,YMGH08,130.9323,34.1349,201,40,0.1378658698258496,0.09809752056572546,0.15908962898236212,1.0,P0100,39.0,-0.1398527170640523
1214051,1214061,YMGH09,131.6681,34.6257,100,32,0.08317489402108229,0.06416695254057864,0.106900052423196,1.0,P0100,31.0,-0.2204836413275155
1214071,1214081,YMGH10,131.6329,34.4837,200,34,0.07143796205751504,0.04811469377453152,0.10236048019504904,1.0,P0100,34.0,-0.0996721521709207
1214091,1214101,YMGH11,131.6859,34.2091,200,22,0.0949916221403184,0.0690366032097384,0.1062511172020096,1.0,P0100,22.0,-0.0090508855687048
1214111,1214121,YMGH12,131.3597,34.2176,102,18,0.025101051718470123,0.013817939785651198,0.0310467417555954,1.0,P0100,,
1214131,1214141,YMGH13,131.177,34.3408,200,20,0.1142351061440206,0.082297855363434,0.1347027602392068,1.0,P0100,,
1214151,1214161,YMGH14,131.3774,34.3979,100,38,0.22191040835172698,0.16892895543203115,0.29278679299830446,1.0,P0100,37.0,-0.3588895395065292
1214171,1214181,YMGH15,131.8149,33.9725,110,51,0.050595406987947164,0.036302997271752,0.06273692329110347,1.0,P0100,50.0,-0.1828447400937863
1214191,1214201,YMGH16,132.104,33.826,106,50,0.10199294112893731,0.07956136862665177,0.12622817618581342,1.0,P0100,50.0,-0.066895777104333
1214211,1214221,YMGH17,132.4046,33.9291,100,44,0.3610608145659428,0.31773828957607864,0.4342271565657301,1.0,P0100,44.0,-0.2899087368947892
1214251,1214261,YMNH08,138.734,35.6895,1206,145,0.7419062129104429,0.6351736937530592,0.8358822229914445,1.0,P0100,143.0,0.1871147986212867
1214271,1214281,YMNH09,138.3325,35.4327,159,107,0.09392544796702186,0.07647054295142755,0.12281645577705164,1.0,P0100,107.0,-0.2187613942021171
1214291,1214301,YMNH10,138.3087,35.5351,107,153,0.05726854461118304,0.042359138251532674,0.07189024896102868,1.0,P0100,152.0,-0.2467793102944282
1214311,1214321,YMNH11,138.9777,35.6247,200,260,0.271010908436318,0.22928968094207927,0.33029732937485207,1.0,P0100,254.0,0.1734234196929013
1214331,1214341,YMNH12,138.449,35.5623,148,193,0.1502404846321282,0.12105286288286046,0.17653799890891428,1.0,P0100,190.0,-0.128217941665364
1214351,1214361,YMNH13,138.4203,35.3509,204,125,0.18835610677310446,0.15951267776737696,0.21403913995767482,1.0,P0100,124.0,-0.0661070332923142
1214371,1214381,YMNH14,138.9675,35.5115,250,183,0.15813398166426323,0.12897210460411732,0.18893056701260963,1.0,P0100,182.0,-0.1161522121085105
1214391,1214401,YMNH15,138.6045,35.5323,115,180,0.09785329958691219,0.08053491497973232,0.12529672166749042,1.0,P0100,177.0,-0.1533053881870532
1214411,1214421,YMNH16,138.5653,35.7421,256,177,0.1441286888195327,0.10971559720964036,0.17687568349015248,1.0,P0100,174.0,-0.0230538081610398
1214431,1214441,YMTH01,140.3805,38.3841,207,324,0.3765978383825934,0.2997532297064932,0.46300233502828536,1.0,P0100,311.0,0.1010150123212768
1214451,1214461,YMTH02,140.2583,38.2693,150,617,0.4341584731941823,0.3706498818482385,0.49472139721025066,1.0,P0100,595.0,0.2805013812213994
1214471,1214481,YMTH03,140.1553,38.1035,114,361,0.0882795868645582,0.07084266521992953,0.10564057154003334,1.0,P0100,343.0,-0.3700635096889266
1214491,1214501,YMTH04,140.2978,38.0813,100,472,0.06522522699660312,0.04534374607410105,0.09204388855314943,1.0,P0100,452.0,-0.3763212213726458
1214511,1214521,YMTH05,139.8017,37.9883,107,239,0.21556225433467124,0.19294175450010217,0.24739156465749423,1.0,P0100,229.0,-0.0496427841786614
1214531,1214541,YMTH06,140.1836,37.9633,145,370,0.6441776449911532,0.6059928209145347,0.6747899351385857,1.0,P0100,356.0,0.2769695633856893
1214551,1214561,YMTH07,140.0278,37.896,200,556,0.330262407158173,0.2555518886322983,0.3949504006382406,1.0,P0100,535.0,0.0981589313146671
1214571,1214581,YMTH08,140.0333,38.9701,107,382,0.21175614755045163,0.17238610517702468,0.25143753581714606,1.0,P0100,364.0,0.0673640597663451
1214591,1214601,YMTH09,140.178,38.7498,200,175,0.384543975967042,0.3365271115502051,0.4395384633336286,1.0,P0100,170.0,-0.000793411415023
1214611,1214621,YMTH10,140.3744,38.7107,204,30,0.43532131260145923,0.369395791073143,0.4639023090548649,1.0,P0100,29.0,0.0731153964125675
1214631,1214641,YMTH11,140.5544,38.7132,109,281,0.173713968901739,0.14870138753146614,0.20964409724298758,1.0,P0100,274.0,0.1639369971697425
1214651,1214661,YMTH12,140.0055,38.6357,203,477,0.4240469960096459,0.3514048643239441,0.4955527115610525,1.0,P0100,458.0,0.3006078081013024
1214671,1214681,YMTH13,139.7606,38.4704,104,363,0.060089776851563956,0.050915249922741664,0.07385316425371659,1.0,P0100,347.0,-0.12932044258302
1214691,1214701,YMTH14,139.9916,38.386,103,546,0.3376613995548913,0.29907352077582294,0.37892867137576597,1.0,P0100,525.0,0.496079025724105
1214711,1214721,YMTH15,140.1249,38.4257,100,466,0.4470060233647516,0.4093794554160991,0.4862755823296386,1.0,P0100,446.0,0.2261331189126901
1200011,1200021,ABSH01,142.8444,44.5276,100,45,0.01438044998434818,0.00792392674018924,0.020420361818059844,2.0,P0200,45.0,-0.2440201469802551
1200031,1200041,ABSH02,143.0264,44.4234,113,51,0.016335083491074556,0.00860647188939571,0.02240173829215214,2.0,P0200,51.0,-0.0962989867005463
1200051,1200061,ABSH03,143.2407,44.3843,100,55,0.00787770287644297,-0.018375973250495087,0.021152504233732508,2.0,P0200,55.0,-0.1997599225053491
1200071,1200081,ABSH04,143.0767,44.192,200,33,0.017702377309703195,0.002172352885828931,0.027028559469078957,2.0,P0200,33.0,-0.3442068219194719
1200091,1200101,ABSH05,143.0111,44.1146,106,59,0.019014792338775042,0.012747829443087551,0.03358931907376783,2.0,P0200,59.0,-0.2061906771498665
1200111,1200121,ABSH06,143.6202,44.2146,100,182,0.09328504916332156,0.0807734774222551,0.10482529942430324,2.0,P0200,175.0,0.3190923044482346
1200131,1200141,ABSH07,143.0861,43.8494,127,161,0.09462698804787559,0.08179726150506032,0.11292841987854764,2.0,P0200,154.0,0.210824808796106
1200151,1200161,ABSH08,144.9935,44.064,105,103,0.0471134741278384,0.0407738334759427,0.061991402019118985,2.0,P0200,103.0,-0.3879006186046006
1200171,1200181,ABSH09,144.8071,43.9269,157,159,0.13866947717266714,0.10760926099476124,0.18056357236856496,2.0,P0200,158.0,-0.0585064358107192
1200191,1200201,ABSH10,143.9455,44.0813,300,83,0.059782791758659914,0.03270807859482171,0.08467353662498181,2.0,P0200,83.0,-0.1301057357728849
1200211,1200221,ABSH11,144.1913,43.9144,122,184,0.20660612323250127,0.18038202776247386,0.22482444372505125,2.0,P0200,179.0,0.3360718700869091
1200231,1200241,ABSH12,144.4574,43.8566,119,207,0.1595399368037262,0.13454514556786024,0.17875635166440657,2.0,P0200,203.0,-0.0182568312940106
1200251,1200261,ABSH13,143.4514,43.7419,105,210,0.06656721466552327,0.055771806267178495,0.08106459124325115,2.0,P0200,201.0,0.1639057519047672
1200271,1200281,ABSH14,144.1835,43.7228,103,193,0.0716047745608546,0.05179998260341871,0.09375141325445188,2.0,P0200,189.0,-0.0135308408152316
1200291,1200301,ABSH15,143.51,43.6352,100,188,0.0627666765340038,0.052527261412660065,0.07358795804213875,2.0,P0200,180.0,0.0453633742326865
1200321,1200331,AICH04,137.0568,34.9319,1055,42,0.9801513730674205,0.9024652027679748,1.102578747398331,2.0,P0200,42.0,0.2609848299142622
1200341,1200351,AICH05,136.8763,34.8886,401,42,0.4542533338341821,0.37994507698985525,0.5160787173575541,2.0,P0200,41.0,0.1813907657274243
1200361,1200371,AICH06,137.0419,34.6158,300,41,0.32891373583784245,0.25421405609041664,0.3823826989521777,2.0,P0200,41.0,-0.0993769001780062
1200381,1200391,AICH07,137.4039,35.2194,201,77,0.05299247109502202,0.027918715771750334,0.1019146080079375,2.0,P0200,76.0,-0.1993226538882832
1200401,1200411,AICH08,137.2993,34.9189,100,46,0.01776699652459221,0.004513668084626573,0.030544274107243308,2.0,P0200,46.0,-0.279413176822803
1200421,1200431,AICH09,137.3902,34.6643,360,82,0.6737749561752566,0.6368020618477273,0.7155423601757943,2.0,P0200,82.0,0.1638218951276886
1200441,1200451,AICH10,137.6243,35.0002,100,42,0.014467577438050796,0.006225851337904077,0.032542014464418935,2.0,P0200,41.0,-0.0571455780918238
1200461,1200471,AICH11,137.057,35.3059,100,63,0.011027288791777673,0.0037744957207674693,0.022315319106328405,2.0,P0200,63.0,0.0948541319477362
1200481,1200491,AICH12,137.1057,34.7884,401,56,0.3943388541280858,0.24906227779795714,0.5144078369024252,2.0,P0200,56.0,0.0172878238254431
1200501,1200511,AICH13,136.8509,35.2177,741,23,0.6338053896632632,0.5816868824183321,0.735355185814023,2.0,P0200,23.0,-0.1333960289478754
1200521,1200531,AICH14,137.0474,35.1842,207,21,0.38930627678797225,0.3356621990760878,0.42480412498491843,2.0,P0200,20.0,-0.0671442374183586
1200541,1200551,AICH15,137.3359,35.1392,120,74,0.02924665952381453,0.017702840249734852,0.046686663744988345,2.0,P0200,74.0,-0.2529218974477409
1200561,1200571,AICH16,137.535,35.1543,101,94,0.08080761070018055,0.043566710707109664,0.16554634702439008,2.0,P0200,93.0,-0.2337829785660982
1200581,1200591,AICH17,137.7268,35.184,101,68,0.03958132377508432,0.023372269096402876,0.129503898085699,2.0,P0200,67.0,0.0184596751519627
1200601,1200611,AICH18,137.2377,34.9635,100,59,0.024920490929839677,0.01813228625964752,0.06727997957298487,2.0,P0200,58.0,0.1346036999611193
1200621,1200631,AICH19,137.4114,34.9512,100,69,0.012935970884537308,0.004427369431080559,0.025481390967617288,2.0,P0200,69.0,-0.1313905623723117
1200641,1200651,AICH20,137.4876,34.8976,100,58,0.01261313173799624,0.003187348796773507,0.026956869871934568,2.0,P0200,58.0,-0.2285133748677595
1200661,1200671,AICH21,136.9385,34.7401,100,31,0.07241228861098212,0.05289833329245948,0.10994186714739401,2.0,P0200,30.0,0.0987757186829313
1200681,1200691,AICH22,137.4393,34.7853,200,49,0.12465705742112433,0.0803100131845796,0.18819885932495958,2.0,P0200,49.0,-0.3192446212617368
1200701,1200711,AICH23,136.8316,34.8806,980,3,0.5442018536243883,0.41396213735766485,0.6003895616684107,2.0,P0200,,
1200741,1200751,AKTH01,140.579,39.8147,100,254,0.08581651210606923,0.06905478558804541,0.11462105365314734,2.0,P0200,245.0,0.0079445313848852
1200761,1200771,AKTH02,140.5721,39.6634,100,397,0.042302986091253214,0.03421506698636828,0.05140904811843464,2.0,P0200,383.0,0.0410468344358096
1200781,1200791,AKTH03,140.1283,39.2223,103,347,0.0872597566047962,0.07292370806293438,0.1007526008797335,2.0,P0200,333.0,0.5929331635650552
1200801,1200811,AKTH04,140.7129,39.174,100,474,0.06776625388036646,0.033097165289839,0.16307459693621232,2.0,P0200,455.0,-0.1204721119925479
1200821,1200831,AKTH05,140.3185,39.0718,200,203,0.03245896636496429,0.01863739240478382,0.048494173462889076,2.0,P0200,196.0,-0.1602692486719565
1200841,1200851,AKTH06,140.4952,38.9801,100,452,0.03793282368051272,0.024136935587662084,0.06515922045166618,2.0,P0200,436.0,-0.0244297401128917
1200861,1200871,AKTH07,140.8395,40.4563,105,284,0.20681937443221274,0.17866089826467818,0.24033615705001518,2.0,P0200,281.0,0.223964995823681
1200881,1200891,AKTH08,140.2341,40.3188,200,189,0.11710440644801523,0.09424241751320503,0.14330287309311698,2.0,P0200,187.0,0.0898618120399388
1200901,1200911,AKTH09,140.4596,40.2755,101,287,0.0593419943543385,0.04748947685701578,0.07665442857128937,2.0,P0200,281.0,0.1107969959278249
1200921,1200931,AKTH10,140.5812,40.3002,100,204,0.04730576649562351,0.038625703282322954,0.05947216386485863,2.0,P0200,200.0,-0.0406401353971634
1200941,1200951,AKTH11,139.7623,39.9554,350,26,0.6617560894384512,0.6271178201276123,0.7129767019726904,2.0,P0200,26.0,0.4498741890915241
1200961,1200971,AKTH12,140.2221,39.9155,100,166,0.05438718488511446,0.03972248113855154,0.07087829967831985,2.0,P0200,162.0,0.2580945756454897
1200981,1200991,AKTH13,140.4072,39.9819,100,236,0.024797900332325384,0.016030924198375554,0.039118570757984916,2.0,P0200,231.0,-0.1160935018260884
1201001,1201011,AKTH14,140.8084,40.0622,108,343,0.08751348807463025,0.06308658912256121,0.13650951053980864,2.0,P0200,335.0,0.1471318586799447
1201021,1201031,AKTH15,140.4075,39.6884,100,255,0.01742542435163626,0.009667891955848728,0.02835164308170826,2.0,P0200,251.0,-0.0915914699749704
1201041,1201051,AKTH16,140.3481,39.545,154,442,0.12734006663194508,0.09764508268582328,0.15019884960536758,2.0,P0200,424.0,0.2993850669651726
1201061,1201071,AKTH17,140.6116,39.5575,177,416,0.18307841042385237,0.16593162573589892,0.20961945901402387,2.0,P0200,400.0,0.2496014680714662
1201081,1201091,AKTH18,140.3869,39.3548,100,319,0.08929180558965866,0.07782069556498865,0.10896468556530153,2.0,P0200,306.0,0.0695688097692664
1201101,1201111,AKTH19,140.471,39.1913,180,432,0.1035830243403433,0.09420690452687179,0.11337956166623617,2.0,P0200,414.0,0.1615584191491182
1201121,1201131,AOMH01,140.9127,41.5273,100,204,0.08502262852941975,0.07165190279086239,0.10264948951079253,2.0,P0200,200.0,0.0354284029076955
1201141,1201151,AOMH02,140.8567,41.4049,200,21,0.0918217310220658,0.07814737294573591,0.1380923283452119,2.0,P0200,21.0,-0.420143594134981
1201161,1201171,AOMH03,140.9896,41.234,100,288,0.034308621438684385,0.023279063806015226,0.045139722483290956,2.0,P0200,281.0,0.1793290912468609
1201181,1201191,AOMH04,140.6759,40.8524,307,156,0.47202888741524596,0.3953429427415711,0.5449425384636417,2.0,P0200,151.0,0.1202650460229664
1201201,1201211,AOMH05,141.1033,40.8564,312,327,0.2901042380215757,0.22757432112227943,0.37477261000470197,2.0,P0200,317.0,0.1826807720398411
1201221,1201231,AOMH06,141.3738,40.9664,100,329,0.08631814139617518,0.06717475166358541,0.11343305452373434,2.0,P0200,320.0,-0.1183479980852045
1201241,1201251,AOMH07,140.0233,40.7451,109,156,0.05651186197812706,0.04745662447400369,0.0665954737823505,2.0,P0200,154.0,-0.0537910109834495
1201261,1201271,AOMH08,140.3121,40.7618,160,186,0.12467184941961935,0.09970599201770063,0.1553823726648224,2.0,P0200,185.0,0.0370474421205843
1201281,1201291,AOMH09,140.3499,40.6199,162,129,0.11867204491526175,0.08726808750263242,0.1455865005255218,2.0,P0200,127.0,-0.2391606960115302
1201301,1201311,AOMH10,140.6646,40.6091,105,225,0.08849707360602557,0.07252017650240689,0.10716456540440777,2.0,P0200,222.0,0.1005148796405858
1201321,1201331,AOMH11,140.995,40.58,100,332,0.07016947126199927,0.05335319639514112,0.10312438827019478,2.0,P0200,324.0,-0.0735040752614273
1201341,1201351,AOMH12,141.1547,40.5846,100,355,0.11002531614264374,0.09009337787419616,0.13233126264504322,2.0,P0200,348.0,0.4660714968782908
1201361,1201371,AOMH13,141.4451,40.5794,150,384,0.377148602650972,0.3476974186225576,0.41336729567489083,2.0,P0200,375.0,0.2645290347650498
1201381,1201391,AOMH14,140.2726,40.5488,100,158,0.09808878931939974,0.07586635858091212,0.14088426664457862,2.0,P0200,156.0,-0.0691674864428994
1201401,1201411,AOMH15,140.5565,40.4841,100,222,0.046285243171234905,0.038043205518697346,0.05861188864430681,2.0,P0200,219.0,-0.0853704175662688
1201421,1201431,AOMH16,141.0923,40.4624,150,377,0.30368313311049827,0.25368732327918186,0.37614252826052225,2.0,P0200,368.0,0.4610182900824052
1201441,1201451,AOMH17,141.3374,40.4492,114,366,0.0943012374776765,0.0726931444935769,0.11922216263923083,2.0,P0200,353.0,0.297801490129594
1201461,1201471,AOMH18,141.0145,40.2962,100,246,0.047679131760310675,0.03252650354498735,0.09161230719420996,2.0,P0200,242.0,0.0657314983163106
1201491,1201501,CHBH04,140.0206,35.7966,2300,348,0.673606644880727,0.568764487262414,0.76017487124422,2.0,P0200,329.0,-0.1439175864779355
1201521,1201531,CHBH06,140.5046,35.7215,180,179,0.32961939723600353,0.2702447069844536,0.39708276388619057,2.0,P0200,173.0,-0.2630285095630462
1201571,1201581,CHBH10,140.2417,35.5458,2000,409,0.41353920518028575,0.3310674479754202,0.47289214610159813,2.0,P0200,394.0,-0.0653974050884709
1201591,1201601,CHBH11,140.1529,35.2867,2000,286,0.35519191857890275,0.3013752833910969,0.4203682534362619,2.0,P0200,277.0,-0.0389110713972993
1201611,1201621,CHBH12,139.8554,35.3445,2000,198,0.45784456068003,0.3894682693779339,0.503624387284443,2.0,P0200,192.0,0.0416559103237443
1201631,1201641,CHBH13,140.298,35.8307,1300,386,0.8588948704075283,0.7762710784158345,0.9258793489676342,2.0,P0200,365.0,-0.0360383662869421
1201651,1201661,CHBH14,140.823,35.7342,525,226,0.5144994155897064,0.45142032371788965,0.5850316428907221,2.0,P0200,220.0,-0.02927809345315
1201671,1201681,CHBH15,139.7885,34.9591,500,95,0.4003020926284792,0.35131882213337073,0.461712026208943,2.0,P0200,93.0,-0.0378162021979398
1201691,1201701,CHBH16,139.9649,35.1384,2002,195,0.7044169319015637,0.6396184954646992,0.7871541763425545,2.0,P0200,193.0,0.1733963120241214
1201711,1201721,CHBH17,140.3398,35.1714,821,223,0.24072919783772784,0.21112628962393756,0.28382275857967876,2.0,P0200,219.0,-0.0618322027435902
1201741,1201751,CHBH19,140.5107,35.5943,1630,262,0.6416462599552403,0.5826232605502897,0.7024389081450981,2.0,P0200,256.0,-0.07717980229453
1201761,1201771,CHBH20,140.0997,35.0882,306,183,0.13881374384323306,0.10634553460548012,0.16516493227359766,2.0,P0200,182.0,-0.1117335579888728
1201821,1201831,EHMH01,132.5552,33.0556,100,34,0.030478213429407906,0.01463333208708243,0.04156716788879068,2.0,P0200,34.0,-0.224439147294497
1201841,1201851,EHMH02,133.184,33.865,110,30,0.023852908585587685,0.013361410962428367,0.04473429568806938,2.0,P0200,30.0,-0.3733063218265304
1201861,1201871,EHMH03,133.6497,33.9154,100,43,0.013960747396608155,0.0040752444149269405,0.025733188110907114,2.0,P0200,43.0,-0.0614832561116141
1201881,1201891,EHMH04,133.0658,33.9023,200,31,0.19733786471446654,0.1725523737451397,0.21431722956550914,2.0,P0200,31.0,0.0596393092509552
1201901,1201911,EHMH05,132.8032,33.7112,134,49,0.042335456609346865,0.02512305642431336,0.05099365955513063,2.0,P0200,49.0,-0.2479654044214944
1201921,1201931,EHMH06,132.798,33.3348,200,54,0.030955173949141962,0.017787866586086807,0.04476780180018275,2.0,P0200,54.0,-0.2181815815412601
1201941,1201951,EHMH07,132.748,33.5022,200,44,0.02741023583333,0.01141184635421726,0.037498476853942704,2.0,P0200,44.0,-0.1261271046168264
1201961,1201971,EHMH08,133.0016,33.5388,100,50,0.0836177087439539,0.05284479006766489,0.10210896809572305,2.0,P0200,50.0,-0.1982742907216183
1201981,1201991,EHMH09,132.3072,33.4719,150,24,0.2571453341751675,0.18256597601702929,0.3941822672917147,2.0,P0200,24.0,-0.1858844179283466
1202001,1202011,EHMH10,133.0581,34.1918,100,47,0.03815752695270478,0.018584376881974722,0.08634958094738757,2.0,P0200,47.0,-0.3353639996888465
1202021,1202031,EHMH11,132.6011,33.5807,100,51,0.01785553131990573,0.007921353091963141,0.03548909436799532,2.0,P0200,51.0,-0.1408495925406617
1202041,1202051,EHMH12,132.5055,33.427,150,53,0.06192405381706945,0.04133196469319981,0.1309268990192706,2.0,P0200,53.0,-0.1684728999952677
1202061,1202071,EHMH13,132.1157,33.3719,222,49,0.041736738054770586,0.02905005710331412,0.05541546108862323,2.0,P0200,49.0,-0.0026935100819276
1202081,1202091,FKIH01,136.3617,36.0955,100,47,0.04442273336263295,0.023391054184259914,0.12459225442510144,2.0,P0200,47.0,-0.3266277948783098
1202101,1202111,FKIH02,136.0556,35.9483,100,23,0.07577200989590926,0.03218005152266733,0.17176375287268525,2.0,P0200,23.0,-0.1229346218098844
1202121,1202131,FKIH03,136.699,35.9415,200,20,0.06879085056369552,0.045099593702868465,0.10182535879496975,2.0,P0200,,
1202141,1202151,FKIH04,135.8694,35.5587,200,37,0.49476884382919584,0.3134912913413584,0.614741846584702,2.0,P0200,37.0,0.026576850834208
1202161,1202171,FKIH05,136.0303,35.639,122,38,0.5602304675892452,0.38524624123781276,0.6685799499836879,2.0,P0200,38.0,0.1454299668157199
1202181,1202191,FKIH06,135.4841,35.4907,100,34,0.10786922339394897,0.07432024344205708,0.19396827395810298,2.0,P0200,34.0,-0.114163470171525
1202201,1202211,FKIH07,135.7266,35.4573,104,34,0.0890233115195952,0.059745967268799216,0.16113487995006498,2.0,P0200,34.0,-0.1332419988657428
1202221,1202231,FKOH01,130.9798,33.8849,200,47,0.03445697604334466,0.02645379400931167,0.05179304859354739,2.0,P0200,45.0,-0.3437471898109607
1202241,1202251,FKOH02,130.5963,33.6963,99,4,0.06445067380273636,0.05422543248983276,0.0867257096153997,2.0,P0200,,
1202261,1202271,FKOH03,130.5499,33.5608,100,51,0.033684151671154204,0.015261914759939313,0.06308543013116048,2.0,P0200,49.0,-0.2516710923975513
1202281,1202291,FKOH04,130.7451,33.5512,100,20,0.031651461277528666,0.018050736166928878,0.04907319736277128,2.0,P0200,,
1202301,1202311,FKOH05,130.9503,33.5293,100,19,0.005212465849353212,-0.002111332316704109,0.02900813186482471,2.0,P0200,,
1202321,1202331,FKOH06,131.1348,33.5925,303,48,0.14986972929185646,0.13015519711066742,0.20092850846569701,2.0,P0200,47.0,-0.4450970536963222
1202341,1202351,FKOH07,130.6354,33.3678,437,39,0.8514319335635632,0.7729994106487643,0.9029607289504651,2.0,P0200,38.0,-0.0318906596787029
1202361,1202371,FKOH08,130.8285,33.4654,100,55,0.02291614692018344,0.016214836337523075,0.04906533361841432,2.0,P0200,54.0,-0.1951333939922848
1202381,1202391,FKOH09,130.5432,33.8501,200,30,0.09390999302167083,0.06555384754379014,0.16336987828876443,2.0,P0200,29.0,-0.1502230497018247
1202401,1202411,FKOH10,130.817,33.2891,200,55,0.07138748946819089,0.05501822628292434,0.09679564559548667,2.0,P0200,54.0,-0.0913543344155022
1202421,1202431,FKSH01,139.715,37.7565,100,286,0.014834424823100153,0.00787636335593194,0.02565284000755369,2.0,P0200,272.0,-0.2353728976858059
1202441,1202451,FKSH02,139.8821,37.7317,100,227,0.06272146098665009,0.050288922027753674,0.08020513577874022,2.0,P0200,213.0,-0.2618451944270613
1202461,1202471,FKSH03,139.7533,37.6078,127,426,0.14214652767608515,0.1265633780933858,0.1681914550329934,2.0,P0200,410.0,0.2516871135318559
1202481,1202491,FKSH04,139.8126,37.4508,268,298,0.2604859090378061,0.2235168461823047,0.3120335876465869,2.0,P0200,287.0,-0.0283270693974508
1202501,1202511,FKSH05,139.8725,37.2544,105,298,0.05146203810375564,0.03967163104970931,0.08016765672753282,2.0,P0200,287.0,-0.1210081341040389
1202521,1202531,FKSH06,139.5199,37.1723,100,395,0.02956619649065247,0.02021943213043232,0.04281343083451501,2.0,P0200,380.0,-0.3355661105220631
1202541,1202551,FKSH07,139.3755,37.0103,200,168,0.030981052277543122,0.013712888310223631,0.0562336175677889,2.0,P0200,159.0,-0.4258718985364022
1202561,1202571,FKSH08,140.2144,37.2822,105,495,0.05660421053664172,0.039395564118135114,0.08450064369503558,2.0,P0200,474.0,0.0020883801283032
1202581,1202591,FKSH09,140.4264,37.353,200,575,0.049119958668504236,0.02549553793171294,0.09369408369127223,2.0,P0200,552.0,-0.2019297053447681
1202601,1202611,FKSH10,140.093,37.1616,200,568,0.14579263511952456,0.12101934547538132,0.1868862909349187,2.0,P0200,548.0,0.0484190598645263
1202621,1202631,FKSH11,140.3386,37.2006,115,465,0.12738757905628775,0.10593652509217032,0.1585249063915769,2.0,P0200,445.0,0.1573194417096861
1202641,1202651,FKSH12,140.5703,37.2169,105,587,0.16052901591881766,0.06842768898855181,0.3120635021090211,2.0,P0200,564.0,0.0349571305128042
1202661,1202671,FKSH13,140.5853,36.9951,105,103,0.03282206302262979,0.018647303053080065,0.06326481742462525,2.0,P0200,99.0,-0.1224342342150618
1202681,1202691,FKSH14,140.9702,37.0264,147,596,0.25245042355721575,0.19357852827100366,0.3407453744396905,2.0,P0200,574.0,0.1806888078295099
1202701,1202711,FKSH15,140.1735,37.6461,100,150,0.03286204500384818,0.02255361486741695,0.05080188728535022,2.0,P0200,144.0,-0.3188677139012118
1202721,1202731,FKSH16,140.3766,37.7643,300,307,0.38493366797172157,0.3434525771611135,0.4309082151139231,2.0,P0200,290.0,0.0268678053376419
1202741,1202751,FKSH17,140.5974,37.6636,100,583,0.09072960643528961,0.041439901643319316,0.18217919439348781,2.0,P0200,560.0,-0.0309357478954041
1202761,1202771,FKSH18,140.538,37.4894,100,588,0.17646415259665094,0.09042986794571681,0.31409249188257177,2.0,P0200,564.0,0.1473037623560144
1202781,1202791,FKSH19,140.7227,37.4703,100,594,0.21276416956453936,0.09748841706192937,0.3418498229656827,2.0,P0200,568.0,-0.0149473228435865
1202801,1202811,FKSH20,140.9871,37.4911,109,430,0.23415664313415574,0.18367754480125797,0.3070357023268035,2.0,P0200,416.0,0.0255201237800742
1202821,1202831,FKSH21,139.3147,37.3421,200,270,0.1107911664577552,0.08516566023922567,0.14385545596146046,2.0,P0200,264.0,-0.2073034119230367
1202851,1202861,GIFH03,136.6134,35.6325,100,70,0.05072067167544872,0.02839605818095084,0.0989338050027933,2.0,P0200,70.0,0.0201467423576821
1202871,1202881,GIFH04,137.1983,36.2448,100,45,0.04259597034359529,0.018815430153319587,0.06802379396577371,2.0,P0200,45.0,-0.1913976738724572
1202891,1202901,GIFH05,136.9479,36.0654,100,20,0.06662085130498749,0.0245617993307842,0.17864244485884023,2.0,P0200,20.0,-0.1425686997071412
1202911,1202921,GIFH06,136.7939,35.5038,201,44,0.06782588562529021,0.0509595575367475,0.10487555419027737,2.0,P0200,44.0,0.0718990321031839
1202931,1202941,GIFH07,136.4347,35.4179,100,44,0.033070805846156036,0.017423778074851057,0.04748636328814748,2.0,P0200,44.0,-0.0561578539088434
1202951,1202961,GIFH08,136.9621,35.8323,100,67,0.024968470129242575,0.009547945920557084,0.03929954532837381,2.0,P0200,67.0,-0.0833506553106848
1202971,1202981,GIFH09,136.7002,35.2768,1508,42,0.9869293834369708,0.8566179974563384,1.1314379523300169,2.0,P0200,42.0,0.1420002313334534
1202991,1203001,GIFH10,137.3716,36.3779,100,54,0.04333926272200016,0.02721374804154001,0.06953792080945924,2.0,P0200,52.0,-0.2451804445411851
1203011,1203021,GIFH11,137.2464,35.4865,100,66,0.0161245151144278,0.004588220138887371,0.03661058697859077,2.0,P0200,65.0,-0.0662315870213709
1203031,1203041,GIFH12,136.4134,35.6033,106,46,0.030040726419630626,0.01765356467895092,0.04863778182784528,2.0,P0200,46.0,0.0888794804755725
1203051,1203061,GIFH13,136.8979,36.2743,154,45,0.05682354361457935,0.04043376444195931,0.09453687242726301,2.0,P0200,43.0,-0.0376181363038618
1203071,1203081,GIFH14,137.5174,36.2493,100,54,0.0422581273151659,0.026245600206334062,0.08145419424806144,2.0,P0200,53.0,-0.4751273057627507
1203091,1203101,GIFH15,137.2208,36.1338,105,63,0.14858363871154553,0.09480417528357307,0.26919154767549586,2.0,P0200,62.0,-0.0389383048825651
1203111,1203121,GIFH16,137.3438,36.094,100,61,0.024911686312969798,0.01779902762406438,0.03879411918649638,2.0,P0200,60.0,0.0556790610632351
1203131,1203141,GIFH17,136.8732,35.9514,100,44,0.06215442089507013,0.03679874940380966,0.09787446257101899,2.0,P0200,43.0,-0.135740724017962
1203151,1203161,GIFH18,137.1495,35.8991,107,67,0.03036278852669012,0.017095610467839622,0.04554520147707357,2.0,P0200,66.0,-0.0860167826641262
1203171,1203181,GIFH19,137.3906,36.0216,100,80,0.01888680505798403,0.012801292712554518,0.029779354846173254,2.0,P0200,79.0,-0.1358487848719113
1203191,1203201,GIFH20,137.2531,35.7991,128,72,0.08082519876074648,0.05577666947606316,0.1140315104636502,2.0,P0200,71.0,-0.0709871477726852
1203211,1203221,GIFH21,136.9618,35.6665,200,42,0.04807650440249783,0.030688375565346038,0.06643750869203463,2.0,P0200,42.0,0.0289393876297136
1203231,1203241,GIFH22,137.1054,35.6682,100,31,0.047994455798816935,0.022627539080798932,0.08752546921305279,2.0,P0200,31.0,-0.2478392212364564
1203251,1203261,GIFH23,136.7847,35.7235,100,48,0.034630078747359655,0.020216303234027212,0.052412744071696146,2.0,P0200,48.0,-0.0064121346005168
1203271,1203281,GIFH24,137.3187,35.6401,107,78,0.015568425314275361,0.009512478935553794,0.02770086983001562,2.0,P0200,77.0,-0.3058583137691965
1203291,1203301,GIFH25,136.6127,35.5214,102,40,0.04882828001870487,0.041775166939632805,0.08727364277632162,2.0,P0200,40.0,-0.3280674633394929
1203311,1203321,GIFH26,136.8764,35.4121,100,51,0.06164315797481229,0.03328146137839311,0.09328745253065687,2.0,P0200,51.0,-0.1440555281588581
1203331,1203341,GIFH27,137.004,35.4527,200,58,0.04048874842258118,0.028196329829297814,0.07107701589515082,2.0,P0200,58.0,-0.2944495905274913
1203351,1203361,GIFH28,137.4706,35.4571,401,75,0.7137341850759075,0.6472397894247963,0.7872113805106432,2.0,P0200,74.0,0.2642036851742517
1203371,1203381,GIFH29,136.4732,35.2953,136,17,0.14645868227639725,0.12583878466500936,0.169177167320474,2.0,P0200,,
1203411,1203421,GNMH05,139.1847,36.3143,2000,298,0.38297902533296413,0.3088461407061817,0.4655218180796917,2.0,P0200,287.0,-0.086141455093147
1203431,1203441,GNMH06,139.5443,36.2441,1203,89,0.7746096773985407,0.6857367088479017,0.8723405102951182,2.0,P0200,85.0,0.080119410571132
1203451,1203461,GNMH07,139.2104,36.6998,200,414,0.06596227093953433,0.04591817967484227,0.09687381346551008,2.0,P0200,403.0,-0.3111791635001821
1203471,1203481,GNMH08,138.5244,36.4917,150,304,0.2490327573266447,0.22706842170713812,0.278901598850865,2.0,P0200,298.0,0.2047594891802395
1203491,1203501,GNMH09,138.9068,36.6212,110,324,0.0325807337035407,0.02283838882855467,0.04154865929404073,2.0,P0200,317.0,-0.158914061333646
1203511,1203521,GNMH10,138.7291,36.2356,100,90,0.029199240449764807,0.016099994975227228,0.0446838754634021,2.0,P0200,86.0,-0.2924297063289717
1203531,1203541,GNMH11,138.921,36.2862,200,364,0.10249617790583357,0.08052294165635471,0.12700025380386282,2.0,P0200,353.0,-0.1656422304132047
1203551,1203561,GNMH12,138.9129,36.144,102,338,0.09858131424656014,0.04689663605899496,0.1980080395219752,2.0,P0200,329.0,-0.0183321873131917
1203571,1203581,GNMH13,139.0627,36.862,204,216,0.10054480031216223,0.07255331215037464,0.19892433329275339,2.0,P0200,211.0,-0.1429434709356704
1203591,1203601,GNMH14,139.3219,36.4931,200,328,0.04234049730536031,0.02831536525478351,0.06806045686700055,2.0,P0200,317.0,-0.2634480969256857
1203611,1203621,HDKH01,142.2296,42.7031,100,219,0.041587980958990904,0.02737668161040279,0.051600072878542166,2.0,P0200,210.0,0.1844379045392327
1203631,1203641,HDKH02,142.4054,42.7061,110,142,0.055219739459840114,0.040382460057229466,0.07329747123842129,2.0,P0200,134.0,0.1666085426890617
1203651,1203661,HDKH03,142.3521,42.5934,106,216,0.0672967659442003,0.05060614179130262,0.10272803904702643,2.0,P0200,208.0,0.0331845484352115
1203671,1203681,HDKH04,142.0381,42.5126,220,233,0.19928188428554422,0.1459393820503442,0.27666990776233646,2.0,P0200,225.0,-0.1615490782889455
1203691,1203701,HDKH05,142.5446,42.5977,100,211,0.022755061055350162,0.010976682622899938,0.03901968751497728,2.0,P0200,204.0,-0.0642104513736913
1203711,1203721,HDKH06,142.3572,42.3498,115,236,0.15758170419532377,0.1223447858852623,0.2133271992120267,2.0,P0200,229.0,0.0716365332495161
1203731,1203741,HDKH07,142.9164,42.133,101,309,0.06938868647853713,0.05442984137811568,0.09072444304787511,2.0,P0200,299.0,0.2853904948230858
1203751,1203761,HRSH01,133.0236,34.3736,205,50,0.05840859644046392,0.03972943424928552,0.09847339634227395,2.0,P0200,50.0,0.0219534430426896
1203771,1203781,HRSH02,132.948,34.5482,100,24,0.02983582474843695,0.01202968261145185,0.03917906256674121,2.0,P0200,24.0,-0.0499872738282676
1203791,1203801,HRSH03,133.1375,34.5183,200,44,0.06091372614844647,0.04711350466554217,0.09304062699669004,2.0,P0200,44.0,0.0582555106478185
1203811,1203821,HRSH04,133.3493,34.3785,200,44,0.041865977027079296,0.028873930790650558,0.06646608199202027,2.0,P0200,44.0,-0.2720006920544965
1203831,1203841,HRSH05,133.4179,34.5566,200,32,0.07701031233957187,0.05723030478434183,0.18717051938485588,2.0,P0200,32.0,-0.1885775249835954
1203851,1203861,HRSH06,132.9123,34.9137,100,25,0.1138559515156051,0.056427495331640015,0.23250515927219034,2.0,P0200,25.0,-0.0237926977156996
1203871,1203881,HRSH07,132.6411,34.2883,102,68,0.11639109614908472,0.06868551047564732,0.17559954643649028,2.0,P0200,68.0,-0.0287159863144149
1203891,1203901,HRSH08,132.1611,34.3935,100,30,0.020660475897921193,0.008889935621561146,0.030576431044439054,2.0,P0200,30.0,-0.0344516001934773
1203911,1203921,HRSH09,132.9524,34.7016,115,32,0.02097523437856703,0.008205216811050265,0.036782123878872086,2.0,P0200,32.0,0.0032365886993079
1203931,1203941,HRSH10,132.3794,34.7471,100,43,0.1037364613218388,0.04792364710983665,0.2571454834010261,2.0,P0200,43.0,0.0752875857099525
1203951,1203961,HRSH11,133.1674,34.8225,100,35,0.021020383408676926,0.015213756214304217,0.03930337109285102,2.0,P0200,35.0,-0.164145484276538
1203971,1203981,HRSH12,132.4295,34.581,150,13,0.018996221789233058,0.01465820563664341,0.03614019337936091,2.0,P0200,,
1203991,1204001,HRSH13,132.3907,34.4122,200,18,0.0881350885675383,0.04844656788946289,0.14410064065024578,2.0,P0200,,
1204011,1204021,HRSH14,132.4063,34.209,100,49,0.05775499007154821,0.04795631607130259,0.07791324748852188,2.0,P0200,49.0,-0.2241633031320684
1204031,1204041,HRSH15,132.5053,34.1161,100,51,0.031713055188621116,0.024864628211320315,0.05642412782972197,2.0,P0200,51.0,-0.0252986743479904
1204051,1204061,HRSH16,132.6689,34.6629,100,29,0.05229604901623099,0.023577300206815435,0.08118121161946,2.0,P0200,29.0,0.0565435969557912
1204071,1204081,HRSH17,132.2326,34.5716,102,42,0.010785755405375224,0.0033589499426806557,0.019311365775990567,2.0,P0200,42.0,-0.1336651142476089
1204091,1204101,HRSH18,132.7923,34.4572,100,41,0.048840589852805705,0.034683406125182246,0.09601836108561454,2.0,P0200,41.0,-0.1815668886551999
1204111,1204121,HYGH01,134.7941,34.2937,102,35,0.10574557239662098,0.06763212802487531,0.1428544653563129,2.0,P0200,35.0,-0.0903010065025548
1204131,1204141,HYGH02,134.4234,35.0671,103,37,0.017530750508844794,0.010395447572628943,0.043031874406612214,2.0,P0200,37.0,-0.2405073397742983
1204151,1204161,HYGH03,134.5237,35.2193,100,29,0.029621858166542565,0.015187544494083938,0.052015067035595074,2.0,P0200,29.0,-0.2407598901968187
1204171,1204181,HYGH04,135.2811,35.0708,100,34,0.025163321338991948,0.004827933290422621,0.04803594100422333,2.0,P0200,34.0,-0.2527956955297765
1204191,1204201,HYGH05,134.3284,34.8995,100,11,0.01769819180348453,-0.008863361346547267,0.0330823196532003,2.0,P0200,,
1204211,1204221,HYGH06,134.4792,34.7935,200,23,0.02779451630628488,0.007095687185233377,0.04446879288093891,2.0,P0200,23.0,-0.235263097325291
1204231,1204241,HYGH07,134.6701,35.0322,100,28,0.016159426619707335,0.00029704369710070646,0.03002303087817597,2.0,P0200,28.0,-0.4215501344721193
1204251,1204261,HYGH08,134.9036,35.101,110,40,0.07153266266606498,0.04186076690312379,0.11852473600372598,2.0,P0200,40.0,-0.2768829558620959
1204271,1204281,HYGH09,135.0844,34.9082,100,40,0.101026504820972,0.06503226088548425,0.18002945946966234,2.0,P0200,40.0,-0.0961944208613656
1204291,1204301,HYGH10,134.8078,34.8164,100,39,0.36643595111782223,0.22668321869778796,0.49109088091532604,2.0,P0200,39.0,0.0734815824550684
1204311,1204321,HYGH11,134.9071,35.2925,200,33,0.15584091779538253,0.10030366423792679,0.28758000190386906,2.0,P0200,33.0,-0.2166643522864481
1204331,1204341,HYGH12,134.5423,34.9313,100,34,0.026295896164838323,0.0018557788683352238,0.04948877014044782,2.0,P0200,34.0,-0.3111407999991321
1204351,1204361,HYGH13,134.6566,35.6208,101,15,0.08369805037797959,0.051305338347696905,0.13014094588917904,2.0,P0200,,
1204371,1204381,HYGH14,134.8621,35.4574,101,28,0.03396233264653614,0.016606134696772266,0.05331734702024185,2.0,P0200,28.0,-0.1398394672178657
1204391,1204401,HYGH15,134.5953,35.4697,100,15,0.056322123382176285,0.030007524241923357,0.07713581966772465,2.0,P0200,,
1204411,1204421,HYMH01,139.9678,42.4851,112,76,0.06877186311343117,0.05804335713601057,0.0909410233897601,2.0,P0200,75.0,-0.1147843539764931
1204431,1204441,HYMH02,140.3087,41.9856,101,116,0.08987894672657103,0.07737454667591297,0.11665005701472075,2.0,P0200,115.0,-0.2056789075453398
1204451,1204461,HYMH03,140.004,42.1344,100,24,0.016704182742836256,0.009123753758861812,0.024728307302228872,2.0,P0200,24.0,-0.4057535060811807
1204481,1204491,IBRH06,140.6545,36.8809,100,205,0.06776673036854512,0.024117486530805973,0.1334278672222479,2.0,P0200,198.0,-0.131114529335332
1204501,1204511,IBRH07,140.3301,35.9521,1200,412,1.4875387454491107,1.3889327640790903,1.5959662580326657,2.0,P0200,394.0,0.5006592402982504
1204521,1204531,IBRH08,140.5621,36.1188,1200,168,0.5628412015241111,0.4970644514360102,0.6019114527364898,2.0,P0200,162.0,-0.0114314628651632
1204541,1204551,IBRH09,140.3559,36.439,105,76,0.05987670635864118,0.032604068241282654,0.18838875561086832,2.0,P0200,74.0,-0.323635357523037
1204561,1204571,IBRH10,139.9889,36.1112,900,380,0.8569538669862972,0.7596075804261586,0.952419290567742,2.0,P0200,364.0,0.0758814704203058
1204581,1204591,IBRH11,140.1401,36.3701,103,520,0.31687420068687255,0.18238556564797784,0.5286046306058911,2.0,P0200,499.0,0.1550684398792436
1204601,1204611,IBRH12,140.3181,36.8369,200,478,0.10375110350092875,0.06777012902804226,0.17462102720526862,2.0,P0200,460.0,0.1094759884903843
1204621,1204631,IBRH13,140.575,36.7955,100,523,0.1823213385157593,0.08611364033397194,0.31357917041718525,2.0,P0200,503.0,0.0302330519219995
1204641,1204651,IBRH14,140.5484,36.6922,100,511,0.0316281014459572,0.01622583785930292,0.05386507028080545,2.0,P0200,491.0,-0.1794633847300537
1204661,1204671,IBRH15,140.3013,36.5566,107,519,0.0624392359169201,0.03186751037650726,0.13961069943465165,2.0,P0200,498.0,-0.0525115431448576
1204681,1204691,IBRH16,140.3976,36.6405,300,518,0.14626544912652173,0.10020327296683279,0.23486768606068684,2.0,P0200,498.0,-0.1761136328822779
1204701,1204711,IBRH17,140.314,36.0864,510,461,0.5693756912363694,0.5029712100991431,0.6461585313427517,2.0,P0200,440.0,-0.0322455110433588
1204721,1204731,IBRH18,140.6198,36.3631,504,484,0.26823395513257287,0.21695625820173828,0.35169094216665003,2.0,P0200,465.0,-0.3060158543622617
1204741,1204751,IBRH19,140.0893,36.2137,209,433,0.044446663389558036,0.032082122388068714,0.06667209437403511,2.0,P0200,416.0,-0.1853977406900185
1204761,1204771,IBRH20,140.7323,35.8284,921,301,0.5647581536192836,0.5204097984881302,0.6227215950461206,2.0,P0200,289.0,-0.0504376607522338
1204781,1204791,IBRH21,140.105,35.9814,929,109,0.7347795789786318,0.6162903010873203,0.855287863919772,2.0,P0200,104.0,-0.0097397382895365
1204871,1204881,IBUH01,141.8191,42.8739,100,191,0.07433772357601312,0.05759182670360656,0.11263895593269943,2.0,P0200,186.0,-0.009172725434257
1204891,1204901,IBUH02,142.1285,42.8714,102,152,0.030768815969538586,0.021924314070078298,0.04437620828841777,2.0,P0200,148.0,0.0618323402747214
1204911,1204921,IBUH03,141.8641,42.6486,153,108,0.657160717066412,0.6063656127009838,0.7099585893091243,2.0,P0200,102.0,0.3099967444478229
1204931,1204941,IBUH04,140.665,42.6415,103,50,0.061982509879226384,0.043144167625678416,0.10608769305052494,2.0,P0200,49.0,-0.221165895551524
1204951,1204961,IBUH05,141.3497,42.5629,177,197,0.20854826037901059,0.17287958243384924,0.24927935807739998,2.0,P0200,192.0,-0.0407479602632311
1204971,1204981,IBUH06,141.0017,42.4116,562,128,0.6055696970115942,0.5519465874399077,0.6831649789703754,2.0,P0200,125.0,0.0918022443283458
1204991,1205001,IBUH07,141.0643,42.6476,200,122,0.2507361885684576,0.21833101589612977,0.2884189318325361,2.0,P0200,119.0,0.1260611968529958
1205011,1205021,IKRH01,141.5836,43.4087,200,114,0.16097406637920061,0.1395889913941034,0.20149696242507456,2.0,P0200,111.0,-0.018695892037218
1205031,1205041,IKRH02,141.6523,43.2204,127,139,0.4309365279045349,0.3748626622150385,0.47468310736980396,2.0,P0200,135.0,0.2313072609909374
1205051,1205061,IKRH03,141.6399,42.888,252,168,0.3834096200899816,0.30861704603992224,0.45097145790713383,2.0,P0200,164.0,-0.0436436609437522
1205071,1205081,ISKH01,137.2844,37.5266,200,31,0.3246112966731096,0.28921212269591523,0.3442104266730014,2.0,P0200,31.0,0.3506597017393952
1205091,1205101,ISKH02,137.0413,37.3644,102,50,0.041880427748538784,0.03094569813330273,0.06623285937240993,2.0,P0200,47.0,0.0842091792807373
1205111,1205121,ISKH03,137.2436,37.3458,207,59,0.0815205329150257,0.06966542810791133,0.10579061137067455,2.0,P0200,56.0,0.1815552805525418
1205131,1205141,ISKH04,136.7176,37.1902,116,39,0.1978736414607883,0.14259213379817215,0.2452908007975434,2.0,P0200,36.0,-0.0731875748383214
1205151,1205161,ISKH05,136.9689,37.2224,105,34,0.015614052673071378,0.008350910481746758,0.03518758209813113,2.0,P0200,32.0,-0.0395751612607032
1205171,1205181,ISKH06,136.8206,37.0533,200,47,0.523948133691363,0.5012628549494288,0.5907746381726562,2.0,P0200,44.0,0.1711665264060491
1205191,1205201,ISKH07,136.6357,36.515,802,42,0.3376927314414985,0.2720122764009705,0.3906059769086157,2.0,P0200,42.0,-0.1338055360801203
1205211,1205221,ISKH08,136.7906,36.738,100,37,0.04002183338632357,0.02919480432592937,0.0832844567383668,2.0,P0200,34.0,-0.1260220253001739
1205231,1205241,ISKH09,136.7168,36.2667,106,51,0.039838628620686246,0.02811832628438144,0.06087486805779409,2.0,P0200,51.0,-0.1168079890708977
1205251,1205261,IWTH01,141.3423,40.2383,200,402,0.17693250946637107,0.14587218153589573,0.240521834661866,2.0,P0200,390.0,0.3305279632894689
1205271,1205281,IWTH02,141.3826,39.825,102,460,0.1510059197272794,0.05921161191778143,0.29446367319715083,2.0,P0200,445.0,0.100265240425107
1205291,1205301,IWTH03,141.652,39.802,101,473,0.026196133484514304,0.012451139266098669,0.04433460029800167,2.0,P0200,457.0,-0.152530762092353
1205311,1205321,IWTH04,141.3909,39.1809,106,546,0.11605247974276378,0.056957178425862426,0.20841070810862997,2.0,P0200,524.0,0.0528704308422518
1205331,1205341,IWTH05,141.3512,38.8654,101,524,0.06448872978341641,0.03144040818696082,0.14130525679461414,2.0,P0200,499.0,-0.0925142617340311
1205351,1205361,IWTH06,141.1709,40.2611,100,308,0.051480825999515825,0.036193941904264636,0.07007961060383294,2.0,P0200,299.0,0.1147264737744627
1205371,1205381,IWTH07,141.5709,40.2705,120,406,0.028284263608646602,0.012954300435194594,0.049880197231333634,2.0,P0200,396.0,-0.0574771595195182
1205391,1205401,IWTH08,141.7831,40.2686,100,363,0.1307238936551727,0.06601545230258848,0.24936649433688524,2.0,P0200,355.0,-0.0642875848272297
1205411,1205421,IWTH09,141.712,40.0861,100,432,0.01613385657715979,0.004036297157044377,0.03328484410839731,2.0,P0200,419.0,-0.1516325575909684
1205431,1205441,IWTH10,140.9529,40.1391,100,386,0.026581320988634832,0.014953837562298122,0.04890209181025971,2.0,P0200,375.0,-0.0197674115623018
1205451,1205461,IWTH11,141.1915,40.0811,300,403,0.23781478523679825,0.18978192123753373,0.29718690233646694,2.0,P0200,390.0,0.0661546713036013
1205471,1205481,IWTH12,141.4245,40.1533,100,421,0.15699519242076873,0.08556330960815406,0.26170378106927733,2.0,P0200,411.0,-0.0106411335892549
1205491,1205501,IWTH13,141.5492,39.9398,117,379,0.019199677330830382,0.009184589504275741,0.032548274246279194,2.0,P0200,369.0,0.0351004934380553
1205511,1205521,IWTH14,141.9087,39.7435,100,473,0.028759716791859905,0.013643645486133118,0.06224928041880713,2.0,P0200,460.0,-0.030311026753096
1205531,1205541,IWTH15,141.0929,39.6148,122,511,0.1913789147038935,0.16600421232739265,0.2284189632570055,2.0,P0200,493.0,0.416366747698557
1205551,1205561,IWTH16,140.9465,39.6436,150,489,0.11262279496808951,0.09563288187248142,0.13537830720151683,2.0,P0200,474.0,0.2673044479812665
1205571,1205581,IWTH17,141.5977,39.6442,103,507,0.02316414213964876,0.012642694624508816,0.037941574789631276,2.0,P0200,491.0,-0.0093476391664997
1205591,1205601,IWTH18,141.6775,39.463,100,489,0.025853280292143694,0.01051697135728838,0.04991093207682132,2.0,P0200,472.0,-0.1279222883837838
1205611,1205621,IWTH19,141.0001,39.4559,100,385,0.05631204285122896,0.040710161761422996,0.07705529243893881,2.0,P0200,376.0,0.0791017560967914
1205631,1205641,IWTH20,141.0473,39.3434,156,451,0.3036328663260779,0.2869520726906354,0.3243446146619925,2.0,P0200,436.0,0.5860388634839429
1205651,1205661,IWTH21,141.9336,39.4734,100,497,0.046546406854766416,0.01947117671293086,0.11121518317226689,2.0,P0200,480.0,-0.2145764630121182
1205671,1205681,IWTH22,141.3015,39.334,100,516,0.04037509035418227,0.02280629521161634,0.08650531982881181,2.0,P0200,499.0,0.0458683790266049
1205691,1205701,IWTH23,141.8233,39.2741,103,522,0.03256679349018203,0.016358592869502083,0.06137075180555185,2.0,P0200,502.0,-0.2357794550597446
1205711,1205721,IWTH24,141.0118,39.1979,151,485,0.13308361040443553,0.10132859853226342,0.161474202342546,2.0,P0200,464.0,0.2546710528647742
1205731,1205741,IWTH25,140.8638,39.0092,261,103,0.1685795950965063,0.1318309027652585,0.2167836984562821,2.0,P0200,101.0,-0.2013292543589573
1205751,1205761,IWTH26,141.0013,38.969,108,568,0.08562027741175421,0.0669917010860338,0.11133658976630284,2.0,P0200,546.0,0.1571537143591584
1205771,1205781,IWTH27,141.532,39.0307,100,556,0.03961146836640797,0.016928522179410446,0.093189677150826,2.0,P0200,536.0,0.0194500911725994
1205791,1205801,IWTH28,140.864,39.0094,263,359,0.17852528273965906,0.13836806810314278,0.23987929865925756,2.0,P0200,341.0,-0.1618280853008523
1205841,1205851,KGSH01,130.1191,32.1554,201,51,0.07241513543527166,0.038994546242701975,0.09209303906700181,2.0,P0200,49.0,0.0418141971981521
1205861,1205871,KGSH02,130.2077,31.994,201,33,0.05053652487977641,0.0219258991460805,0.05997662760276212,2.0,P0200,32.0,0.0228195586744854
1205881,1205891,KGSH03,130.4438,31.9812,100,68,0.01317348556841625,0.0067932080168619565,0.023111093045488904,2.0,P0200,66.0,0.0362489895940154
1205901,1205911,KGSH04,130.3602,31.8374,99,57,0.1288014634894952,0.109247253485193,0.15243241541742206,2.0,P0200,55.0,-0.0113291761792429
1205921,1205931,KGSH05,130.4958,31.8699,106,72,0.07718146661851885,0.06368600924656165,0.08938942160249556,2.0,P0200,69.0,0.0400902399948
1205941,1205951,KGSH06,130.4594,31.6988,202,54,0.2228460229759779,0.20557162849835237,0.24693108683669215,2.0,P0200,51.0,0.005705796799464
1205961,1205971,KGSH07,130.6149,31.714,301,66,0.8689243182940356,0.7978310833600758,0.9106986554920986,2.0,P0200,63.0,0.3934092019283355
1205981,1205991,KGSH08,130.9969,31.5618,149,79,0.11277325807714883,0.09061390788114512,0.15386209240482662,2.0,P0200,77.0,-0.1973008214223608
1206001,1206011,KGSH09,130.4333,31.3741,100,68,0.07099202464829989,0.05071238369907332,0.1055735505255921,2.0,P0200,66.0,-0.2571433320432179
1206021,1206031,KGSH10,130.6183,31.2066,202,69,0.12518711456624002,0.10816224593321266,0.1521866929245781,2.0,P0200,68.0,-0.0742902165880868
1206041,1206051,KGSH11,130.699,31.0899,199,53,0.056303144835312825,0.031238872817078857,0.08886355031436588,2.0,P0200,51.0,-0.3388934768450107
1206061,1206071,KGSH12,131.0877,31.2583,150,63,0.027113496197137862,0.017613978543496826,0.04042690013267204,2.0,P0200,63.0,-0.1667693249513066
1206081,1206091,KGSH13,130.8541,31.4005,101,19,0.14306683415163624,0.0673670825638632,0.25163939211789316,2.0,P0200,,
1206101,1206111,KGWH01,133.9493,34.2186,117,38,0.06775232280903135,0.02661938268562511,0.1358573300535259,2.0,P0200,38.0,-0.1141334389508253
1206121,1206131,KGWH02,133.7081,34.198,200,38,0.23911361006648052,0.15805526813659823,0.3032415504047685,2.0,P0200,38.0,-0.005977184654644
1206141,1206151,KGWH03,134.1482,34.27,100,21,0.007323312374580487,-0.004803033719701059,0.012649650389264541,2.0,P0200,21.0,0.0245930273334268
1206161,1206171,KGWH04,134.3043,34.2264,105,13,0.09649008059112689,0.059729400627180435,0.1124450588951186,2.0,P0200,,
1206181,1206191,KGWH05,134.3241,34.4572,433,20,0.06726208686134053,0.045080863810002494,0.1146891791890457,2.0,P0200,20.0,-0.4491080335381531
1206201,1206211,KKWH01,142.3036,44.5973,111,14,0.074151993541657,0.046865669246749855,0.3126999104842614,2.0,P0200,,
1206221,1206231,KKWH02,142.5736,44.5509,112,40,0.03713986445090295,0.03149220692835172,0.041755756650675706,2.0,P0200,40.0,-0.1140022051009169
1206241,1206251,KKWH03,142.2725,44.4732,100,24,0.02760693922351792,0.017098882149221978,0.03371890620625934,2.0,P0200,24.0,-0.1504865374627807
1206261,1206271,KKWH04,142.4056,44.4376,100,46,0.06533828550261789,0.04310632427967857,0.10970786913844932,2.0,P0200,46.0,0.3169485245347225
1206281,1206291,KKWH05,142.6303,44.2921,300,51,0.16194619210385905,0.13960937175254284,0.19476072941316147,2.0,P0200,51.0,0.0921753524394272
1206301,1206311,KKWH06,142.7656,44.3207,100,35,0.0014292611517234528,-0.009693132451391851,0.007130118723735663,2.0,P0200,35.0,-0.4164714384386132
1206321,1206331,KKWH07,142.3409,43.3697,109,82,0.058445517804646914,0.028761914246624942,0.10974884327144392,2.0,P0200,80.0,-0.0256638672637228
1206341,1206351,KKWH08,142.6562,43.0406,100,202,0.10166255999528927,0.057460703326782506,0.2069829453035678,2.0,P0200,194.0,0.0873800951971389
1206361,1206371,KKWH09,142.2542,44.7745,106,12,0.03228391933612257,0.022451451463739582,0.041402381649335934,2.0,P0200,,
1206381,1206391,KKWH10,142.0528,44.6617,105,24,0.04166506189871148,0.03704999123660098,0.06964739115992359,2.0,P0200,24.0,0.0940291984666758
1206401,1206411,KKWH11,142.2834,43.9754,105,40,0.06801492243466291,0.046148319250687055,0.2179102164756188,2.0,P0200,40.0,-0.227360141279501
1206421,1206431,KKWH12,142.6006,43.5038,207,127,0.06102863907301059,0.04619832726836042,0.07884809957263134,2.0,P0200,125.0,-0.2664928575904321
1206441,1206451,KKWH13,142.3906,43.5113,168,96,0.08328033964568562,0.06386034896080059,0.10870799997071509,2.0,P0200,94.0,-0.224139986963393
1206461,1206471,KKWH14,142.5245,43.3841,150,154,0.04622049056154592,0.03511845798203314,0.059251527790581626,2.0,P0200,148.0,-0.2888909654435297
1206481,1206491,KKWH15,142.7656,43.8546,148,67,0.05301902546180578,0.04037464722387263,0.06751048228217105,2.0,P0200,67.0,-0.0755170977587342
1206501,1206511,KMMH01,130.6949,33.1089,99,51,0.021800950830558267,0.009337236461482434,0.04591359482382151,2.0,P0200,50.0,-0.1928756263956174
1206521,1206531,KMMH02,131.0629,33.122,124,53,0.08255628646701517,0.06421848511695824,0.10420833406629271,2.0,P0200,52.0,0.0856657176599804
1206541,1206551,KMMH03,130.8301,32.9984,200,53,0.18103285657360788,0.12071727990563084,0.2738966587768622,2.0,P0200,52.0,-0.2374390142923548
1206561,1206571,KMMH04,131.0199,32.9514,128,23,0.7398644518496401,0.6966215311061884,0.755561896037256,2.0,P0200,21.0,0.6031063522040302
1206581,1206591,KMMH05,131.2207,32.9553,100,45,0.2456451288907208,0.17890136859562425,0.3162965275561882,2.0,P0200,44.0,-0.1873039096454424
1206601,1206611,KMMH06,131.101,32.8114,111,60,0.17875932022861613,0.15804037507036572,0.199519972231416,2.0,P0200,59.0,-0.1661523505620002
1206621,1206631,KMMH07,130.5584,32.6234,300,62,0.1598495244459318,0.13381988757007493,0.20967065770480695,2.0,P0200,60.0,-0.0244603160040852
1206641,1206651,KMMH08,131.0251,32.6501,103,41,0.09522342948776383,0.06959336119425984,0.13475191689338814,2.0,P0200,41.0,0.0088829660258765
1206661,1206671,KMMH09,130.9046,32.4901,100,70,0.0853533224946518,0.058920388604688734,0.17439157201238345,2.0,P0200,69.0,-0.2824957975483679
1206681,1206691,KMMH10,130.1811,32.3151,300,51,0.1555941393774949,0.13263372182130817,0.19159421800556953,2.0,P0200,50.0,0.2212767278747463
1206701,1206711,KMMH11,130.5777,32.2918,300,58,0.0653379743650328,0.04778546401569886,0.09262645580705503,2.0,P0200,57.0,0.0548459068570399
1206721,1206731,KMMH12,130.7371,32.2054,123,58,0.11059849295282842,0.09500282001490525,0.13362219910741321,2.0,P0200,57.0,0.0130562752362433
1206741,1206751,KMMH13,130.9096,32.2209,177,47,0.12822936542702323,0.10896713948908973,0.1493659871011678,2.0,P0200,45.0,0.0672263310334142
1206761,1206771,KMMH14,130.7521,32.6345,110,68,0.2475435493036951,0.18646974865933624,0.31049813313986746,2.0,P0200,67.0,0.084989979571168
1206781,1206791,KMMH15,130.3647,32.1704,110,57,0.027050218915432172,0.01616781296188315,0.035971264496370475,2.0,P0200,57.0,0.0259495519987539
1206801,1206811,KMMH16,130.8199,32.7967,252,57,0.3031345931346681,0.2630099525778089,0.33860655585877175,2.0,P0200,57.0,-0.0097926991480872
1206821,1206831,KMMH17,130.5608,32.9873,100,30,0.013569227060391813,0.010034823224002344,0.020380123147670785,2.0,P0200,29.0,-0.1147748294510854
1206841,1206851,KMMH18,131.0071,33.0031,77,10,0.08237211012157897,0.07189251450382345,0.08758014893594498,2.0,P0200,,
1206911,1206921,KNGH10,139.5195,35.4991,2000,328,0.40139286433042687,0.32805234647554227,0.48418328553515755,2.0,P0200,320.0,0.1218176416128218
1206931,1206941,KNGH11,139.3539,35.404,1800,193,0.9012510013157583,0.8330956270683282,0.9689215936555904,2.0,P0200,189.0,0.1255720715661606
1206951,1206961,KNGH18,139.1283,35.6437,100,299,0.06614077635709038,0.043315982358355154,0.10915690733809709,2.0,P0200,289.0,0.0248764934796508
1206971,1206981,KNGH19,139.0436,35.4173,100,200,0.027770650209272593,0.014577579126056658,0.049487087923338724,2.0,P0200,199.0,-0.1166833951460853
1206991,1207001,KNGH20,139.126,35.3663,105,260,0.04153869760119326,0.03112178805487322,0.05237934978481033,2.0,P0200,253.0,0.134523745208891
1207011,1207021,KNGH21,139.2146,35.4628,210,234,0.037596327638507565,0.0169024567010278,0.06466044827563865,2.0,P0200,231.0,-0.0481827703958371
1207031,1207041,KNGH22,139.091,35.3583,2000,18,0.3909406431557887,0.3610935914977314,0.5030767122490626,2.0,P0200,,
1207051,1207061,KNGH23,139.611,35.2624,100,171,0.06193833665582351,0.048404729622079326,0.08018896834145434,2.0,P0200,166.0,-0.0777808116441361
1207071,1207081,KOCH01,134.1197,33.5421,200,32,0.04288742796007389,0.025754913288565693,0.06433366280154239,2.0,P0200,32.0,-0.1107088005089986
1207091,1207101,KOCH02,133.3641,33.7079,100,48,0.0204149093858928,0.011069683835278891,0.039121761194304695,2.0,P0200,48.0,-0.0705982770793539
1207111,1207121,KOCH03,132.9891,33.2683,100,51,0.021721600534998445,0.010083754833758049,0.03603643721343504,2.0,P0200,51.0,-0.1790956443992326
1207131,1207141,KOCH04,132.7066,32.8414,100,64,0.009956219877472458,0.004953873393944925,0.02131902566569771,2.0,P0200,63.0,-0.3612293834639749
1207151,1207161,KOCH05,133.1444,33.6472,100,55,0.029978879694104663,0.014846060680208592,0.043900492864002744,2.0,P0200,55.0,-0.232739650881784
1207171,1207181,KOCH06,132.9524,33.0754,100,20,0.02363237511123341,0.01781277192593422,0.03642955428560187,2.0,P0200,20.0,-0.0464739913109947
1207191,1207201,KOCH07,133.2866,33.392,104,53,0.049511446348075604,0.03407318430224717,0.06977021333428979,2.0,P0200,53.0,-0.2654295195200394
1207211,1207221,KOCH08,132.9718,32.7797,100,50,0.019879548351692585,0.013657035959622688,0.038628107929619064,2.0,P0200,50.0,-0.4770761191890327
1207231,1207241,KOCH09,133.8243,33.6748,100,24,0.02608435997478159,0.01865251704232634,0.037655353742036886,2.0,P0200,24.0,0.0777972688598666
1207251,1207261,KOCH10,133.4388,33.5313,101,42,0.011498863110982777,-0.004385740406511945,0.0226920543724602,2.0,P0200,42.0,-0.0323239090331958
1207271,1207281,KOCH11,134.1603,33.2866,300,30,0.07401040776421197,0.041784338760051755,0.1314805921498748,2.0,P0200,30.0,-0.1166231639362427
1207291,1207301,KOCH12,133.8192,33.5294,170,32,0.05410412597238204,0.0364565843831134,0.074334620610805,2.0,P0200,32.0,0.0468586656023402
1207311,1207321,KOCH13,133.576,33.7543,152,19,0.03280879192878175,0.017014946371781855,0.05429883721333782,2.0,P0200,,
1207331,1207341,KSRH01,144.0844,43.4361,107,258,0.2794276817039184,0.25461025659301434,0.30396774317852604,2.0,P0200,249.0,0.584209491506404
1207351,1207361,KSRH02,144.123,43.1142,105,254,0.16884960995382442,0.1421177184823904,0.20082057462190653,2.0,P0200,245.0,0.2987836355976132
1207371,1207381,KSRH03,144.6279,43.3848,107,228,0.12993371367175421,0.09471442670667454,0.17039297901302503,2.0,P0200,220.0,-0.0049620705243635
1207391,1207401,KSRH04,144.6804,43.2139,240,228,0.43372082284306945,0.35759593591185584,0.4907860829940643,2.0,P0200,221.0,0.1949408294822989
1207411,1207421,KSRH05,144.2338,43.2556,330,271,0.35507601794041177,0.30668282564425553,0.4158300732792597,2.0,P0200,262.0,-0.0390824537141904
1207431,1207441,KSRH06,144.4285,43.22,237,268,0.3074828286546516,0.25184454624055863,0.3739126975046537,2.0,P0200,260.0,0.0084585378579564
1207451,1207461,KSRH07,144.3274,43.1359,222,272,0.30653643056843194,0.24021344212218554,0.3954673916775831,2.0,P0200,263.0,0.1232280529975131
1207471,1207481,KSRH08,143.8936,43.1603,100,244,0.03842961046882411,0.025149399188500503,0.055594480651347256,2.0,P0200,240.0,0.1309469184071661
1207491,1207501,KSRH09,143.9841,42.9856,100,271,0.1153952159840475,0.07948118694471835,0.15746590112030498,2.0,P0200,262.0,0.1850578467444119
1207511,1207521,KSRH10,145.1168,43.2084,255,173,0.25912702466001997,0.17668260628015503,0.4046675371688993,2.0,P0200,167.0,-0.0370085663742873
1207531,1207541,KYTH01,135.1243,35.5243,155,38,0.12729185581675806,0.06620941248658163,0.19828601966931714,2.0,P0200,38.0,-0.1307254566350777
1207551,1207561,KYTH02,135.2496,35.7101,200,27,0.11305298528004708,0.07022248098550173,0.15022101905338875,2.0,P0200,27.0,0.1236253700503412
1207571,1207581,KYTH03,135.1334,35.313,300,34,0.04538261097389964,0.03243390425850956,0.07269277329068571,2.0,P0200,34.0,-0.2129564750994195
1207591,1207601,KYTH04,135.5508,35.2685,100,42,0.0214246518209244,0.012812690638802342,0.03721034459060441,2.0,P0200,42.0,-0.2062604365262262
1207611,1207621,KYTH05,135.0268,35.6814,150,21,0.5713824437492806,0.3953819176432736,0.7472247180887721,2.0,P0200,21.0,0.4119796986803117
1207631,1207641,KYTH06,135.4846,35.0469,100,16,0.015530770870750162,0.006070336364448533,0.01962069398518527,2.0,P0200,,
1207651,1207661,KYTH07,135.7461,34.8983,800,33,0.6941443251799247,0.6074306735469224,0.7511875754236301,2.0,P0200,33.0,0.0624883955121115
1207671,1207681,KYTH08,135.7304,35.0094,703,21,0.6813179379170241,0.6416897102341773,0.7666748062149659,2.0,P0200,21.0,-0.0758135080492229
1207701,1207711,MIEH01,136.4563,34.9849,140,65,0.06735374070021592,0.04842187460333164,0.09749988164278084,2.0,P0200,65.0,-0.2170388908783658
1207721,1207731,MIEH02,136.2835,34.7662,200,47,0.06745904765920652,0.05029208203391008,0.12331629600633566,2.0,P0200,47.0,-0.2270018156859075
1207741,1207751,MIEH03,136.3692,34.547,100,45,0.027173224458355186,0.015637226657677434,0.06767505636380604,2.0,P0200,44.0,-0.0888568478140622
1207761,1207771,MIEH04,136.5866,34.3532,112,47,0.004591285651368361,-0.014436607975005235,0.01564357981685505,2.0,P0200,46.0,-0.2758922761155614
1207781,1207791,MIEH05,136.1689,34.0637,100,38,0.019581481552949906,0.004129778690720861,0.07359347527657573,2.0,P0200,37.0,-0.1793072675443007
1207801,1207811,MIEH06,136.3293,34.358,100,43,0.014443500900630011,0.004146645283612353,0.04105395343627556,2.0,P0200,42.0,-0.2892084629020145
1207821,1207831,MIEH07,136.8216,34.2544,207,43,0.04227637042029521,0.024644541381451678,0.06576366312799509,2.0,P0200,42.0,-0.2939192535769157
1207841,1207851,MIEH08,136.5033,34.5424,150,44,0.018003437563681193,0.01019571398093727,0.030599922003688308,2.0,P0200,43.0,-0.1188668023564975
1207861,1207871,MIEH09,135.9969,33.7644,100,36,0.029675653067955533,0.02083847656963139,0.05717644063196124,2.0,P0200,35.0,-0.1757689493700412
1207881,1207891,MIEH10,136.4245,34.8224,197,53,0.11694185505739524,0.09042204269348987,0.14768075839202965,2.0,P0200,52.0,-0.068345923530336
1207901,1207911,MYGH01,140.9969,38.24,1206,150,0.7684689654447756,0.6774467963543942,0.8279807446255478,2.0,P0200,143.0,0.0481290569532835
1207921,1207931,MYGH02,140.6513,38.8587,203,233,0.29631427285545037,0.2528721271778938,0.3359850852521727,2.0,P0200,225.0,-0.1356282789952329
1207941,1207951,MYGH03,141.6377,38.9207,117,538,0.017409554594557904,0.006037878102372855,0.032941273647158154,2.0,P0200,517.0,-0.1347792003905853
1207961,1207971,MYGH04,141.3254,38.786,100,584,0.02204316094927737,0.01020254241440801,0.04810178383941895,2.0,P0200,557.0,-0.0102106302168442
1207981,1207991,MYGH05,140.7804,38.5793,337,355,0.3715681505126902,0.3072303816221188,0.42478097348712235,2.0,P0200,337.0,0.2257226609246178
1208001,1208011,MYGH06,141.071,38.5907,100,604,0.0697913217658851,0.05725033658233566,0.08321788708157143,2.0,P0200,578.0,-0.0341418347114955
1208021,1208031,MYGH07,140.6405,38.1802,142,305,0.20671727293579623,0.18647308929491074,0.23117437499634128,2.0,P0200,299.0,0.4704432188074448
1208041,1208051,MYGH08,140.8441,38.1133,100,675,0.08794952618732091,0.07185102504816994,0.11615545321404752,2.0,P0200,647.0,0.0081513107867225
1208061,1208071,MYGH09,140.6027,38.0091,100,650,0.08206615031628653,0.06794602809425693,0.09774648898975735,2.0,P0200,624.0,0.3229750858008463
1208081,1208091,MYGH10,140.8924,37.9411,205,655,0.135489902532014,0.11486485807214786,0.162061179087715,2.0,P0200,632.0,0.1082970701073741
1208101,1208111,MYGH11,141.3421,38.5158,207,377,0.05313714110812865,0.03026176332728985,0.10825845957313476,2.0,P0200,364.0,0.0464093371878176
1208121,1208131,MYGH12,141.4428,38.6416,102,169,0.01680799546125854,0.008838637165678679,0.03088319633424855,2.0,P0200,159.0,-0.1914066682358467
1208141,1208151,MYGH13,141.4176,38.6993,80,217,0.2686583404926665,0.09038257572292041,0.4996235860668991,2.0,P0200,212.0,0.1119201154065427
1208161,1208171,MYGH14,140.9551,38.34,1034,204,0.8776268593612919,0.7892456820525828,0.9526876733764785,2.0,P0200,198.0,0.4635124834396711
1208191,1208201,MYZH01,131.2257,32.6536,103,29,0.10666957393984258,0.06525368839646531,0.17443926563251064,2.0,P0200,28.0,-0.1259279316318728
1208211,1208221,MYZH02,131.6829,32.6972,210,35,0.030378109394299975,0.017479676069653182,0.04419930541017461,2.0,P0200,34.0,-0.0395490700996122
1208231,1208241,MYZH03,131.1043,32.4754,200,36,0.03612498582376421,0.019074363084858346,0.05342402585992166,2.0,P0200,36.0,-0.046430027935786
1208251,1208261,MYZH04,131.3349,32.5181,100,68,0.03559818967335168,0.022141574295542064,0.06592495983263857,2.0,P0200,66.0,-0.1767257338689349
1208271,1208281,MYZH05,131.2668,32.347,100,51,0.02838027620754645,0.012479352181816707,0.050387015950435765,2.0,P0200,49.0,-0.2764761060396461
1208291,1208301,MYZH06,131.4643,32.3607,100,26,0.02031597088500342,0.009089474097294355,0.03148977722589354,2.0,P0200,25.0,-0.119156065775621
1208311,1208321,MYZH07,131.1946,32.1987,100,29,0.032344073085681664,0.006638437091364428,0.04102220506732325,2.0,P0200,29.0,-0.199839955876514
1208331,1208341,MYZH08,131.5309,32.2132,213,69,0.21981694709969032,0.1946873372810596,0.23562086202140195,2.0,P0200,67.0,-0.0811588483992338
1208351,1208361,MYZH09,131.0618,32.0421,100,44,0.0662658027862696,0.0398615530352816,0.13655548259992598,2.0,P0200,42.0,-0.2766112847910824
1208371,1208381,MYZH10,131.29,32.0215,100,78,0.04085345167163763,0.02496644448311381,0.05460770265396624,2.0,P0200,76.0,-0.2126873521562042
1208391,1208401,MYZH11,131.47,32.0208,212,37,0.21192691885520953,0.1442490817130294,0.2623544804861359,2.0,P0200,36.0,-0.0661223803655484
1208411,1208421,MYZH12,130.9454,31.8643,101,57,0.07794391672933747,0.054567879998885106,0.11169450174386036,2.0,P0200,55.0,-0.214368072520934
1208431,1208441,MYZH13,131.0791,31.7301,117,89,0.1543582190663413,0.13493120030199462,0.17181618990037723,2.0,P0200,87.0,0.2328805416370412
1208451,1208461,MYZH14,131.351,31.5649,201,28,0.1616551266868098,0.10917009463378911,0.19443999019340596,2.0,P0200,27.0,-0.2745395947637593
1208471,1208481,MYZH15,131.5893,32.3654,200,61,0.06297260704050246,0.04137759475074707,0.0906434823936337,2.0,P0200,60.0,-0.1371638367333436
1208491,1208501,MYZH16,131.6958,32.506,100,61,0.023919734195927987,0.014389294230302097,0.036185842456179236,2.0,P0200,60.0,-0.218888769619738
1208511,1208521,NARH01,135.6489,33.9666,99,33,0.14005560461426686,0.079619846299984,0.224080773751239,2.0,P0200,32.0,0.0943163635165755
1208531,1208541,NARH02,135.8574,33.9692,100,21,0.05004946801243906,0.028370743800666235,0.10783150399470925,2.0,P0200,21.0,-0.2142211140025356
1208551,1208561,NARH03,136.0022,34.2925,101,36,0.01683398707288229,0.005054085334351094,0.04765863509447109,2.0,P0200,36.0,-0.2246603021300637
1208571,1208581,NARH04,135.8369,34.3061,101,35,0.019531208428377397,0.006085742485976977,0.042411972574927126,2.0,P0200,34.0,-0.0764738988889097
1208591,1208601,NARH05,136.0294,34.4237,101,43,0.07834100049275378,0.03481001949276111,0.20207684733064835,2.0,P0200,42.0,-0.120185480884502
1208611,1208621,NARH06,136.0512,34.6413,101,39,0.04244465006889063,0.025787285408380614,0.09425702936862822,2.0,P0200,39.0,0.022633451195972
1208631,1208641,NARH07,135.8541,34.5843,100,24,0.026220119797903514,0.018514983915844482,0.03452902716676859,2.0,P0200,24.0,0.1853341243747232
1208651,1208661,NGNH03,137.7346,35.4786,165,95,0.06504596724847925,0.04158468770720926,0.0993101121750875,2.0,P0200,95.0,0.2137581818673458
1208671,1208681,NGNH07,138.376,36.7434,200,67,0.11722713658716084,0.08647908267860234,0.14182527365596992,2.0,P0200,65.0,-0.5616707857227862
1208691,1208701,NGNH08,137.8591,36.2541,250,54,0.17747371695825248,0.1523199525268976,0.18921094169294056,2.0,P0200,51.0,0.1145822934792121
1208711,1208721,NGNH09,138.2491,36.2859,100,46,0.024670097925517446,0.01620172380186084,0.033476976706395115,2.0,P0200,43.0,-0.2461810243777445
1208731,1208741,NGNH10,137.7669,35.9632,104,156,0.034299229134566116,0.02494099947140933,0.04530706862850495,2.0,P0200,153.0,0.2113434272729724
1208751,1208761,NGNH11,138.3052,35.9157,206,158,0.135488975642102,0.11266960296343016,0.1664305514127339,2.0,P0200,155.0,0.1564906054558402
1208771,1208781,NGNH12,138.4797,35.9696,206,151,0.2485687826263605,0.2252722147624261,0.27363735225138447,2.0,P0200,147.0,-0.0488940682541997
1208791,1208801,NGNH13,137.8767,35.5143,124,106,0.07879559294423498,0.055474802843571765,0.11059190180858476,2.0,P0200,104.0,-0.1737022963096787
1208811,1208821,NGNH14,137.6261,35.3095,101,66,0.0418574236507758,0.026430945146293825,0.12110782358484543,2.0,P0200,65.0,0.0725509200100756
1208831,1208841,NGNH15,137.9305,36.0088,100,69,0.024957549177459848,0.014432638954675114,0.03882068824219355,2.0,P0200,67.0,-0.1922414383997683
1208851,1208861,NGNH16,138.1848,35.9465,247,135,0.13213855735057758,0.10203213125071876,0.1622546591353929,2.0,P0200,133.0,0.2492535680047924
1208871,1208881,NGNH17,138.5504,36.1425,100,140,0.02065704355694534,0.013844598113356948,0.03349764980137811,2.0,P0200,134.0,-0.2852236959611339
1208891,1208901,NGNH18,137.595,35.9324,100,117,0.11671440502182905,0.08574321886219143,0.15866961323284903,2.0,P0200,115.0,-0.0084676001314951
1208911,1208921,NGNH19,138.5845,35.9735,115,185,0.07884837884105741,0.05381751896644915,0.1482846290183673,2.0,P0200,180.0,-0.2067761905124909
1208931,1208941,NGNH20,137.7173,35.787,100,89,0.024760239299243862,0.016637034299227617,0.03712889183774743,2.0,P0200,86.0,0.0756228039148877
1208951,1208961,NGNH21,137.9236,35.8315,181,106,0.1314042920495031,0.10738892791851376,0.1588363346183376,2.0,P0200,106.0,0.031537242900061
1208971,1208981,NGNH22,138.0824,35.7946,100,106,0.02283985297675616,0.015013912053606903,0.03221879846582206,2.0,P0200,103.0,-0.1126151931246782
1208991,1209001,NGNH23,137.6105,35.6056,102,146,0.050494934219044656,0.037348709654477896,0.07507557724774948,2.0,P0200,145.0,0.0132799934356212
1209011,1209021,NGNH24,137.8797,35.6152,107,189,0.04052652323818037,0.027582387611162766,0.055006074033723894,2.0,P0200,185.0,0.0103976033506466
1209031,1209041,NGNH25,137.9268,35.2986,102,125,0.016680772685079483,0.006613106419355778,0.02638080050974917,2.0,P0200,124.0,-0.1277696818098332
1209051,1209061,NGNH26,138.1474,36.4663,103,59,0.25853850950994706,0.21903043569496794,0.3161955565869936,2.0,P0200,56.0,-0.3229589005993918
1209071,1209081,NGNH27,138.0479,36.577,102,152,0.064898680072856,0.0533369498688854,0.07774099545589308,2.0,P0200,150.0,-0.1050077256660502
1209091,1209101,NGNH28,138.0964,36.7075,120,144,0.07984550726816755,0.06454333591289405,0.09941502838263418,2.0,P0200,142.0,-0.1730719902316889
1209111,1209121,NGNH29,138.4408,36.9102,110,152,0.09485200846076214,0.07377770404695969,0.11744419380439033,2.0,P0200,150.0,-0.2601066820859449
1209131,1209141,NGNH30,137.6849,36.064,101,126,0.039939697004705635,0.029884030906997667,0.05594919043918088,2.0,P0200,123.0,-0.1525746756359985
1209151,1209161,NGNH31,137.9389,36.1184,218,129,0.13197775909161957,0.11758811231299432,0.15349151639795475,2.0,P0200,126.0,0.0957122219711969
1209171,1209181,NGNH32,137.9898,36.2578,100,80,0.05932503604976784,0.04394025422700467,0.07846347540381687,2.0,P0200,77.0,-0.2286147121102963
1209191,1209201,NGNH33,137.9637,36.4598,106,90,0.033738602772888565,0.020594303086450706,0.04439654345559357,2.0,P0200,87.0,-0.3652027117403613
1209211,1209221,NGNH34,137.8201,36.5327,106,87,0.04482114434335664,0.03728923973607349,0.05534110885839201,2.0,P0200,85.0,-0.0374390718219162
1209231,1209241,NGNH35,137.8201,36.3824,105,66,0.025452274975204112,0.017135283261870332,0.042759524353948426,2.0,P0200,63.0,-0.2051177037294398
1209251,1209261,NGNH36,137.8482,36.6984,629,19,0.3487219448325119,0.3150356208742727,0.3907375915042985,2.0,P0200,,
1209271,1209281,NGNH37,138.4967,36.3308,709,96,0.6945709749204265,0.5912172938233127,0.7524332034639108,2.0,P0200,94.0,0.1869727943470844
1209291,1209301,NGNH54,138.0058,35.4489,104,96,0.026169700126670935,0.017983401234739592,0.03771015447483623,2.0,P0200,95.0,-0.1663335128860702
1209311,1209321,NGSH01,129.4353,33.2116,207,40,0.049615438559341585,0.03351336194241335,0.06250573144731943,2.0,P0200,38.0,0.0074902245706736
1209331,1209341,NGSH02,129.7652,33.2122,112,18,0.07030998298530516,0.02589775678411653,0.08515598065803776,2.0,P0200,,
1209351,1209361,NGSH03,129.8102,33.1256,200,49,0.0662005640256507,0.03210434310091327,0.08947111757052804,2.0,P0200,47.0,-0.1021542160014705
1209371,1209381,NGSH04,129.8026,32.9553,100,32,0.030475115179697126,0.022749834688869593,0.052040386023873036,2.0,P0200,30.0,-0.2315327795336516
1209391,1209401,NGSH05,130.1408,32.9103,200,18,0.09667238641685208,0.05823717080441902,0.113882117218847,2.0,P0200,,
1209411,1209421,NGSH06,129.8625,32.6999,200,37,0.0447040957402506,0.023190155166842443,0.06512657194755307,2.0,P0200,35.0,-0.2906360363872479
1209431,1209441,NIGH01,138.8876,37.4272,100,215,0.07229821847294966,0.05741146064215133,0.09175941143827303,2.0,P0200,205.0,0.1090140515420168
1209451,1209461,NIGH02,139.5486,38.2799,104,462,0.06558009098505926,0.03680368440518802,0.09022394404233566,2.0,P0200,445.0,0.2278108978522607
1209471,1209481,NIGH03,139.4289,38.1327,221,251,0.2876713730592407,0.23841533077933613,0.35544700526757655,2.0,P0200,245.0,-0.0692086183773033
1209491,1209501,NIGH04,139.5428,38.1313,100,375,0.04805209496816471,0.03401984542227303,0.06588047321121504,2.0,P0200,361.0,0.4373060693971007
1209511,1209521,NIGH05,139.2788,37.9759,147,292,0.30973974919678393,0.27290113262791954,0.3546638407189854,2.0,P0200,283.0,-0.1407217916352534
1209531,1209541,NIGH06,139.0676,37.6527,100,232,0.06912043855990663,0.052041860128304404,0.0931617837641507,2.0,P0200,220.0,0.1508027214288818
1209551,1209561,NIGH07,139.261,37.6658,106,249,0.019417212628087887,0.009277439342794822,0.03244991521866596,2.0,P0200,241.0,-0.2923369081593363
1209571,1209581,NIGH08,139.4648,37.6708,300,398,0.4417017987270431,0.4064100406361471,0.4818227367687896,2.0,P0200,383.0,0.6249840854073218
1209591,1209601,NIGH09,139.1279,37.5386,100,230,0.04892305276683734,0.03982650710430953,0.061215422242388656,2.0,P0200,225.0,0.0589440656332327
1209611,1209621,NIGH10,139.3648,37.5438,100,309,0.08162421782188767,0.05192294230935236,0.14875579808170417,2.0,P0200,300.0,0.0266281694912185
1209631,1209641,NIGH11,138.744,37.1728,205,296,0.17025038762434896,0.13866527491734404,0.21485215337964855,2.0,P0200,288.0,-0.0255071407968515
1209651,1209661,NIGH12,138.9821,37.2239,110,202,0.10281385552679359,0.07665368108258663,0.1393440800991006,2.0,P0200,194.0,-0.3106028985525055
1209671,1209681,NIGH13,138.3966,37.0544,100,72,0.056925844864814334,0.04289357344358599,0.07674785408928578,2.0,P0200,71.0,0.1842685206178704
1209691,1209701,NIGH14,138.8521,37.0303,387,234,0.2457731645573873,0.22644697303561007,0.26762665845163053,2.0,P0200,228.0,-0.1709072602744856
1209711,1209721,NIGH15,138.9951,37.0533,100,240,0.05201284456136117,0.03153914530267102,0.07731412408385571,2.0,P0200,234.0,-0.2888203519311701
1209731,1209741,NIGH16,137.848,36.9378,100,38,0.08513415900708635,0.054671149508203065,0.12665160699587036,2.0,P0200,35.0,-0.3110315303702647
1209751,1209761,NIGH17,138.0966,36.8569,150,138,0.10715676425354623,0.09354126645739257,0.12704421615342928,2.0,P0200,135.0,-0.1650954835775586
1209771,1209781,NIGH18,138.2594,36.9425,110,106,0.10361368824785032,0.08781011154492467,0.12667574999508152,2.0,P0200,103.0,-0.140436968262935
1209791,1209801,NIGH19,138.7849,36.8114,100,174,0.0348565046370802,0.021442107874098962,0.06274764242632527,2.0,P0200,169.0,-0.2594908047248684
1209811,1209821,NMRH01,145.0246,43.785,110,220,0.0836417760884959,0.05756618316081444,0.11167350875790343,2.0,P0200,212.0,-0.0429686173158608
1209831,1209841,NMRH02,144.9618,43.6772,103,221,0.13647447119946252,0.0938847384890083,0.21272760745602276,2.0,P0200,213.0,-0.0394696679139081
1209851,1209861,NMRH03,144.9665,43.5508,227,229,0.5235184977311051,0.47678032513565904,0.5751768621828601,2.0,P0200,220.0,0.1437099106408809
1209871,1209881,NMRH04,145.1224,43.3978,216,223,0.4502613887496193,0.39466229616435106,0.4982702087289671,2.0,P0200,214.0,0.1421397719990054
1209891,1209901,NMRH05,144.8021,43.39,220,221,0.46908921310948726,0.41043427486496287,0.5295645007112383,2.0,P0200,213.0,0.082520992316238
1209911,1209921,OITH01,131.0326,33.4122,200,38,0.05728282515476127,0.045379890244839495,0.08932057341783438,2.0,P0200,37.0,-0.4080468474371688
1209931,1209941,OITH02,131.4429,33.4581,100,32,0.03573557677987931,0.019818628563997725,0.06273136955796615,2.0,P0200,31.0,-0.4152613369742483
1209951,1209961,OITH03,131.6856,33.4736,400,46,0.16351008154122906,0.12639156012550282,0.20974402443384388,2.0,P0200,46.0,-0.125215822916291
1209971,1209981,OITH04,131.3473,33.1306,230,37,0.1618754759603496,0.11984877140127284,0.2026986369558623,2.0,P0200,37.0,-0.2389877457163174
1209991,1210001,OITH05,131.542,33.1525,100,37,0.019421085033339683,0.010578231876242745,0.031843856400029534,2.0,P0200,37.0,-0.1555434623786815
1210011,1210021,OITH06,131.3984,32.9726,104,24,0.07532817054050725,0.053309092293106916,0.12009143401407257,2.0,P0200,24.0,-0.0167427208421501
1210031,1210041,OITH07,131.5881,32.987,101,38,0.2240861611305593,0.11488329163055844,0.4043973173831763,2.0,P0200,37.0,0.157993960974455
1210051,1210061,OITH08,131.5357,32.8392,101,52,0.012758823888132348,0.005661168483734843,0.030132222227285895,2.0,P0200,51.0,-0.0855157653522035
1210071,1210081,OITH09,131.6786,32.8486,100,17,-0.00203486507717254,-0.008988202728051465,0.005080083101758313,2.0,P0200,,
1210091,1210101,OITH10,131.8695,32.9278,100,52,0.030422258038819153,0.016926729605685024,0.04304298292231398,2.0,P0200,51.0,-0.057970656831402
1210111,1210121,OITH11,131.2118,33.2844,160,45,0.14142584823251847,0.12107158000402443,0.16274374332453348,2.0,P0200,44.0,-0.210859534001232
1210131,1210141,OKYH01,133.8905,34.507,200,23,0.12922542053268557,0.07346723257366762,0.33913197647792315,2.0,P0200,23.0,0.093691518463637
1210151,1210161,OKYH02,134.0702,34.7501,200,24,0.017854235136907117,0.010171210675500754,0.05164524886612925,2.0,P0200,24.0,-0.4775529865888461
1210171,1210181,OKYH03,133.789,34.7783,201,32,0.05755249727338199,0.04273716882322326,0.08858499722208213,2.0,P0200,32.0,-0.2803655255373787
1210191,1210201,OKYH04,133.6861,34.6429,100,44,0.03296185014624978,0.014181978735732148,0.04922878272432282,2.0,P0200,44.0,-0.1667026692469155
1210211,1210221,OKYH05,133.8527,34.8684,100,40,0.023856335140762398,0.011610819105367404,0.03357213197853483,2.0,P0200,40.0,-0.1581996506111038
1210231,1210241,OKYH06,133.5283,34.6756,100,35,0.033922027037542525,0.019651047309819702,0.05073620800650179,2.0,P0200,35.0,-0.1546710866436658
1210251,1210261,OKYH07,133.3169,35.0493,100,27,0.021822636665570688,0.011104497609643743,0.02939396842895016,2.0,P0200,27.0,-0.1657777906092117
1210271,1210281,OKYH08,133.4055,34.9103,100,41,0.02440579296972411,0.00973299130837775,0.04109956133740433,2.0,P0200,41.0,-0.2398658730925737
1210291,1210301,OKYH09,133.6765,35.1809,100,31,0.041524341322777915,0.014518055791990662,0.053163934005944116,2.0,P0200,31.0,-0.2963368057736954
1210311,1210321,OKYH10,133.9263,35.2826,200,13,0.06755703427826636,0.06341141177066235,0.1432121001689886,2.0,P0200,,
1210331,1210341,OKYH11,134.1162,35.0732,200,31,0.09646734220075913,0.05574127121695757,0.13154740933675263,2.0,P0200,31.0,-0.2667396391919033
1210351,1210361,OKYH12,134.319,35.0999,200,37,0.07732889396933125,0.04258313047627904,0.10787490634520785,2.0,P0200,37.0,-0.2251144779137073
1210371,1210381,OKYH13,134.2744,34.7283,102,18,0.016313429107341394,0.010045274925440774,0.02313102373406793,2.0,P0200,,
1210391,1210401,OKYH14,133.6205,34.9363,100,29,0.029114659341007917,0.01578757504564296,0.04044149342226021,2.0,P0200,29.0,-0.193222608487005
1210411,1210421,OSKH01,135.2836,34.3977,1504,32,0.7635521591185979,0.6914809102207264,0.8230945783115344,2.0,P0200,32.0,-0.1443740711344722
1210431,1210441,OSKH02,135.3896,34.6628,2007,31,1.107633432936351,1.016207100401569,1.233006437120589,2.0,P0200,31.0,0.1505438599961664
1210451,1210461,OSKH03,135.6608,34.5248,100,17,0.024634299071878408,0.018618432244024954,0.05466100863525235,2.0,P0200,,
1210471,1210481,OSKH04,135.7052,34.763,200,27,0.050807797981344646,0.034930243544382705,0.08541913069903402,2.0,P0200,27.0,-0.1583848898758603
1210491,1210501,OSKH05,135.5199,34.7159,982,12,0.835699078978039,0.6377232637795743,0.9600209604707246,2.0,P0200,,
1210521,1210531,OSMH01,140.4207,41.5977,150,169,0.2806412335030909,0.2558169460995564,0.31322112836341537,2.0,P0200,167.0,0.0327068236748504
1210541,1210551,OSMH02,140.6331,41.8374,360,169,0.41714923423369155,0.3570314341901712,0.49103658731485467,2.0,P0200,166.0,-0.0407958321845702
1210561,1210571,RMIH01,142.0795,45.0167,100,19,0.04274875614156551,0.02894554363025069,0.05913442747350794,2.0,P0200,,
1210581,1210591,RMIH02,141.9251,44.8948,107,20,0.2410193498881636,0.21981664303466864,0.2772999565839564,2.0,P0200,20.0,-0.0121288186108582
1210601,1210611,RMIH03,141.8187,44.6359,209,11,0.26295846022313074,0.23835891410406784,0.3608274629544068,2.0,P0200,,
1210621,1210631,RMIH04,141.9621,44.0974,100,27,0.03563114489823449,0.023725564474973454,0.05451735575801772,2.0,P0200,27.0,-0.0040687637677297
1210641,1210651,RMIH05,141.7876,44.0254,105,51,0.07151264586388788,0.05507926773755767,0.09877447840723153,2.0,P0200,51.0,0.0006933389495783
1210661,1210671,SAGH01,129.8877,33.508,200,35,0.07054526490831943,0.049428971426583396,0.11528469194999118,2.0,P0200,34.0,-0.2909105345008331
1210681,1210691,SAGH02,129.8798,33.2656,102,31,0.022616635262695126,0.018633216718422815,0.03457513901256756,2.0,P0200,29.0,-0.023860054221319
1210701,1210711,SAGH03,130.2329,33.4098,103,14,0.03804711951064635,0.02051818222218478,0.07050031735125689,2.0,P0200,,
1210721,1210731,SAGH04,130.4046,33.3654,200,44,0.044240053786102435,0.014532880714364158,0.08853178573673824,2.0,P0200,43.0,-0.4298673075932627
1210741,1210751,SAGH05,130.1046,33.1806,203,52,0.09716605552477185,0.0793259233677438,0.12180483096605382,2.0,P0200,50.0,-0.1550599787726447
1210761,1210771,SBSH01,140.6228,43.2341,100,29,0.03446944675730331,0.02464394742363872,0.04828424314888172,2.0,P0200,29.0,-0.5116070883526124
1210781,1210791,SBSH02,140.5017,43.0527,100,48,0.020645217144934124,0.013120801653843264,0.028762122098889356,2.0,P0200,47.0,-0.1469766056323682
1210801,1210811,SBSH03,140.8199,43.0842,220,67,0.592020546046859,0.5526141933424524,0.6226983242117449,2.0,P0200,65.0,0.4061770468623085
1210821,1210831,SBSH04,140.6219,42.9758,200,39,0.046995333925342345,0.036450894731432225,0.06625933914650624,2.0,P0200,38.0,-0.6152319672849164
1210841,1210851,SBSH05,140.8223,42.95,100,40,0.12152267911846511,0.07453076434010948,0.1705465322810797,2.0,P0200,40.0,-0.3418781476126017
1210861,1210871,SBSH06,140.4831,42.8309,130,84,0.07017616182659618,0.05539896016424566,0.09162938170238921,2.0,P0200,82.0,-0.0554879787826792
1210881,1210891,SBSH07,140.8084,42.763,100,108,0.1166233104241153,0.10438923948724456,0.12907485489565743,2.0,P0200,105.0,0.3188050871301062
1210901,1210911,SBSH08,140.9766,42.768,100,88,0.17537778133469917,0.10123002388608604,0.2695179074288445,2.0,P0200,87.0,-0.2713319789331323
1210921,1210931,SBSH09,140.4841,42.6104,100,53,0.0365292866841777,0.02481687394291168,0.0443329631269826,2.0,P0200,52.0,-0.4630506073270653
1210941,1210951,SBSH10,140.1557,42.7797,100,44,0.011809140054525559,-0.00046841057147422986,0.01989442697455973,2.0,P0200,43.0,-0.3064150065090111
1210961,1210971,SIGH01,136.3599,35.2383,100,44,0.044431781442741465,0.0285358526775268,0.09987292537682844,2.0,P0200,44.0,0.0676723433301539
1210981,1210991,SIGH02,135.8671,35.2482,100,19,0.044937053286958135,0.03382276502866756,0.056356033745309494,2.0,P0200,,
1211001,1211011,SIGH03,136.0316,34.853,200,37,0.28334125440169505,0.18735709116209237,0.4156822781211246,2.0,P0200,37.0,-0.0777890566034735
1211021,1211031,SIGH04,136.261,34.9638,200,37,0.062930370337116,0.04325282131625031,0.09360356396500746,2.0,P0200,37.0,-0.1581330627614605
1211041,1211051,SITH01,139.7349,35.929,3510,207,0.8340493385916897,0.7456377330873349,0.9058888016035094,2.0,P0200,201.0,-0.0748566887737726
1211061,1211071,SITH03,139.3843,35.899,1800,226,0.561652702271812,0.5032073413704415,0.6193161136469385,2.0,P0200,218.0,-0.0577093505458152
1211081,1211091,SITH04,139.5353,35.8028,2000,296,0.43699801536021654,0.3626778100116569,0.5137406976909865,2.0,P0200,281.0,-0.1372539188770228
1211101,1211111,SITH05,139.0504,36.1509,100,303,0.0353885470384494,0.020584031360851178,0.057542770495533135,2.0,P0200,292.0,-0.1269356008296634
1211121,1211131,SITH06,139.2894,36.1131,200,371,0.10239675589886758,0.07729346850937727,0.1373087080834054,2.0,P0200,357.0,-0.1108243474172517
1211141,1211151,SITH07,139.1485,35.9118,102,352,0.025952720346746727,0.015216671717822934,0.04352319809840083,2.0,P0200,339.0,-0.0688098305670719
1211161,1211171,SITH08,138.9691,36.0274,100,340,0.03879858853316176,0.026392770790455003,0.05926833483352931,2.0,P0200,331.0,0.0424458979456847
1211181,1211191,SITH09,139.0993,36.0715,122,198,0.03813792022864379,0.025994308562559496,0.05692615916780245,2.0,P0200,188.0,-0.132566475318879
1211201,1211211,SITH10,139.2191,35.9964,102,291,0.03582720687497091,0.017519339880132295,0.06915177733680794,2.0,P0200,282.0,-0.1124967630364296
1211221,1211231,SITH11,139.2726,35.8637,101,347,0.11890506168846514,0.05069593997228965,0.25289558511075105,2.0,P0200,334.0,-0.0767634174838688
1211241,1211251,SITH12,139.2194,35.9969,100,21,0.041358002953593,0.021713422254078768,0.08152271946577946,2.0,P0200,,
1211281,1211291,SMNH01,133.2604,35.2963,101,20,0.044458432552931096,0.018023867230221993,0.06627056088680533,2.0,P0200,20.0,-0.3450483511261772
1211301,1211311,SMNH02,133.0856,35.2235,101,24,0.04362092050959996,0.024646366412732372,0.09377568450475654,2.0,P0200,24.0,-0.2166808882473495
1211321,1211331,SMNH03,132.7223,35.2243,101,28,0.0880880944911767,0.03985741304027958,0.12027341732876234,2.0,P0200,28.0,0.0078521638141872
1211341,1211351,SMNH04,132.5308,35.0918,101,30,0.04381469358605075,0.030049900229730656,0.07612462494796357,2.0,P0200,30.0,-0.1213584683041352
1211361,1211371,SMNH05,132.6396,34.8697,101,26,0.015247507862613308,0.00552303620174202,0.037876945112096654,2.0,P0200,26.0,-0.2493597526456695
1211381,1211391,SMNH06,132.2026,34.8839,201,27,0.11767197728511805,0.05639891684067286,0.2258900220554444,2.0,P0200,27.0,-0.0167864351511526
1211401,1211411,SMNH07,132.0402,34.694,209,37,0.05409264414321268,0.04313975621625263,0.08388585021360903,2.0,P0200,37.0,0.0640496158905657
1211421,1211431,SMNH08,132.4208,34.8801,100,23,0.02854285123502276,0.015387575354369909,0.04206028157659264,2.0,P0200,23.0,-0.1969984181511308
1211441,1211451,SMNH09,132.0122,34.5725,200,40,0.024923512148488883,0.0156588678488307,0.029358782413989426,2.0,P0200,40.0,0.04373561107922
1211461,1211471,SMNH10,133.3004,35.5579,200,20,0.07221973488610205,0.05897049829422277,0.09123494024445716,2.0,P0200,20.0,-0.110983673318081
1211481,1211491,SMNH11,132.8008,35.4259,200,19,0.1044679718533192,0.06586238988431284,0.1430993513042218,2.0,P0200,,
1211501,1211511,SMNH12,132.8558,35.1634,101,22,0.027337085690470143,0.015976321430408218,0.06004501762883343,2.0,P0200,22.0,-0.172051416332871
1211521,1211531,SMNH13,132.3069,35.0087,100,23,0.011264445424397317,0.000831506751114365,0.01839971948011987,2.0,P0200,23.0,-0.3427122330465238
1211541,1211551,SMNH14,131.8925,34.3904,100,18,0.012170784897862337,0.005479738213881619,0.031274969594489645,2.0,P0200,,
1211561,1211571,SMNH15,133.0226,35.5232,102,12,0.07583302144933537,0.04323292156468139,0.10306214208917716,2.0,P0200,,
1211581,1211591,SMNH16,132.8989,35.3422,99,18,0.28456548822334626,0.17964007548497646,0.3364304306482826,2.0,P0200,,
1211601,1211611,SOYH01,142.1185,45.3346,100,15,0.06529945517970268,0.04339541633112241,0.07625115714950782,2.0,P0200,,
1211621,1211631,SOYH02,142.2254,45.2163,100,12,0.44913611076530624,0.4371023013420025,0.47079515312833586,2.0,P0200,,
1211641,1211651,SOYH03,141.6334,45.2531,137,5,0.18979937100721733,0.13501463166909686,0.2656468460543651,2.0,P0200,,
1211661,1211671,SOYH04,141.8806,45.2303,203,13,0.22068592490745378,0.18405544883039032,0.23575419283556867,2.0,P0200,,
1211681,1211691,SOYH05,141.885,45.4883,202,14,0.07968112552635097,0.05274237163843837,0.09111033355629228,2.0,P0200,,
1211701,1211711,SOYH06,141.7834,45.1019,135,17,0.1696006887567234,0.14307733313167229,0.19560574286886528,2.0,P0200,,
1211721,1211731,SOYH07,142.4307,45.1001,150,11,0.02148754691201005,0.013648420402006436,0.03136447197086711,2.0,P0200,,
1211741,1211751,SOYH08,142.2247,44.9387,100,19,0.038312600576373,0.025782765864996324,0.04974679163069745,2.0,P0200,,
1211761,1211771,SOYH09,142.4868,44.857,100,24,0.06296009166088493,0.056522995861393914,0.07074397752438756,2.0,P0200,24.0,0.0831157833474437
1211781,1211791,SOYH10,142.6039,44.7433,100,41,0.026280798043032495,0.020413818222574442,0.03668473026557892,2.0,P0200,41.0,-0.0306491018747849
1211801,1211811,SRCH01,142.1594,44.2803,101,6,0.03461185270467676,0.020734601718934202,0.04787047295219526,2.0,P0200,,
1211821,1211831,SRCH02,142.1414,44.116,101,29,0.06601880663763245,0.051973560255223275,0.08365595301844371,2.0,P0200,29.0,-0.2768179541215734
1211841,1211851,SRCH03,142.1258,43.9994,100,26,0.19108600029280925,0.13427109170611526,0.29326000657837886,2.0,P0200,26.0,-0.3614642595093169
1211861,1211871,SRCH04,141.9397,43.8203,105,44,0.0898099763219792,0.07330254107598544,0.11041446695420218,2.0,P0200,42.0,0.0483249508567177
1211881,1211891,SRCH05,142.1594,43.8243,102,36,0.021558671914378012,0.01257361522044953,0.03210653389952905,2.0,P0200,36.0,-0.31888861366449
1211901,1211911,SRCH06,142.0776,43.6948,147,93,0.06969445663959506,0.05094506914214246,0.09755847067093448,2.0,P0200,91.0,-0.0391351393619777
1211921,1211931,SRCH07,141.8978,43.23,200,117,0.09337186231230495,0.07726158869909817,0.12131520254664303,2.0,P0200,114.0,0.1195131092114697
1211941,1211951,SRCH08,141.909,43.5138,122,132,0.11507831781857583,0.0996624030860668,0.13181704803488414,2.0,P0200,129.0,-0.0017987036246543
1211961,1211971,SRCH09,141.8063,43.0587,122,162,0.13183941913994993,0.10475878574680882,0.16064174841379522,2.0,P0200,156.0,0.0212009435826766
1211981,1211991,SRCH10,142.0085,42.993,200,148,0.059485794555904456,0.04074720445141425,0.0840041376376516,2.0,P0200,144.0,-0.0490752546348016
1212081,1212091,SZOH24,137.6616,34.8343,299,51,0.03626464522746021,0.023553855730311615,0.04812852225883078,2.0,P0200,51.0,-0.4371318184909598
1212101,1212111,SZOH25,137.5604,34.6913,450,56,0.7593783958644844,0.6973648794470944,0.8402765576569198,2.0,P0200,56.0,0.1531436085902504
1212121,1212131,SZOH26,137.9034,34.7948,449,22,0.6496496063266357,0.6110933639703239,0.7201661877726432,2.0,P0200,22.0,-0.0617036407817171
1212141,1212151,SZOH28,137.7441,34.6683,995,43,0.6201403937495313,0.5517555097791536,0.6925863091213005,2.0,P0200,43.0,0.0223746682167749
1212161,1212171,SZOH29,138.1973,35.307,102,33,0.027265592772687936,0.019954401875825478,0.038846749888976094,2.0,P0200,33.0,-0.0553454521989363
1212181,1212191,SZOH30,137.9181,35.2233,102,96,0.010406306613811006,-0.002098822264926872,0.023298119339013774,2.0,P0200,96.0,-0.0903210905455677
1212201,1212211,SZOH31,138.0767,34.9398,102,58,0.02583193406280242,0.017094230460315704,0.03921385601120217,2.0,P0200,58.0,-0.1884116401315194
1212221,1212231,SZOH32,137.8409,35.0086,103,94,0.04097378417821668,0.03015843516318736,0.05636466596081837,2.0,P0200,94.0,-0.0276664997649407
1212241,1212251,SZOH33,138.3526,35.0146,102,87,0.03690424390626869,0.02473185981056461,0.0599283743402738,2.0,P0200,87.0,-0.3309958531842274
1212261,1212271,SZOH34,138.4243,35.1304,119,183,0.06881100478799398,0.05687753124289299,0.09059503379679823,2.0,P0200,182.0,-0.0032517909590038
1212281,1212291,SZOH35,139.0855,34.9467,300,138,0.3307125920014942,0.23049809244830521,0.47395294810309774,2.0,P0200,138.0,0.0655986937901167
1212301,1212311,SZOH36,138.2008,34.9142,100,88,0.019139761543136763,0.010932685900077316,0.027790550089049786,2.0,P0200,88.0,-0.1031712117645669
1212321,1212331,SZOH37,138.5659,35.2028,304,126,0.11931232385200183,0.08946125103422484,0.16363223454176476,2.0,P0200,126.0,-0.1925643285393434
1212341,1212351,SZOH38,138.9779,35.0854,200,185,0.0811130035213872,0.06075202131442195,0.1061997982415349,2.0,P0200,184.0,-0.1663790080943109
1212361,1212371,SZOH39,138.7724,34.7988,103,151,0.03445407858786633,0.025422127096147138,0.048686884409886305,2.0,P0200,151.0,-0.1687987715219769
1212381,1212391,SZOH40,138.97,34.7832,207,92,0.07380983424841425,0.05794524243437541,0.10047139283405533,2.0,P0200,92.0,-0.5061407536721514
1212401,1212411,SZOH41,138.834,34.6749,109,95,0.044022455490169726,0.0358903992658942,0.057063140016906946,2.0,P0200,95.0,-0.3295765429433022
1212421,1212431,SZOH42,138.9128,34.9756,203,203,0.20851337008066415,0.18158564724037818,0.24614388078777605,2.0,P0200,202.0,0.3598987203162315
1212441,1212451,SZOH43,138.4924,34.9739,239,32,0.18439962143563127,0.16751886954510858,0.197082144207274,2.0,P0200,32.0,0.0383123365655295
1212481,1212491,SZOH53,138.0174,34.8768,100,57,0.010997796512197367,0.0007161341928381956,0.014871492937029544,2.0,P0200,57.0,-0.3411984228528145
1212501,1212511,SZOH54,139.1685,35.0417,110,109,0.07532198641986709,0.059658094552386236,0.08678700279630344,2.0,P0200,109.0,-0.3386059922263291
1212531,1212541,TCGH06,139.9509,36.4458,1647,466,0.6212628305356483,0.5595574171046493,0.6868967340264134,2.0,P0200,450.0,0.0998516186289321
1212551,1212561,TCGH07,139.4534,36.8817,100,289,0.06738378062865809,0.04156902350774663,0.1446368970673413,2.0,P0200,280.0,-0.3495076395004626
1212571,1212581,TCGH08,139.6459,36.8828,203,286,0.06907205960925546,0.05045630454666681,0.09859945239849882,2.0,P0200,280.0,-0.1973390716648619
1212591,1212601,TCGH09,139.8364,36.8625,103,511,0.048008333943791746,0.03703264966185997,0.06203497668377532,2.0,P0200,489.0,-0.0783701020286864
1212611,1212621,TCGH10,140.0225,36.8578,132,575,0.08012674998046336,0.05977002303840155,0.1040184397324735,2.0,P0200,556.0,0.0422511420836197
1212631,1212641,TCGH11,139.7694,36.7084,200,356,0.12073375042994586,0.08150750220867864,0.1941569255500676,2.0,P0200,344.0,-0.3309710918381314
1212651,1212661,TCGH12,139.9842,36.6959,120,514,0.08750428205729707,0.06057357297742163,0.11477086342941938,2.0,P0200,497.0,0.1310939266849683
1212671,1212681,TCGH13,140.1781,36.7342,140,496,0.1409320959962858,0.07276516993945573,0.26576155825405445,2.0,P0200,478.0,-0.0754272800690609
1212691,1212701,TCGH14,139.6154,36.5509,100,472,0.032524000723691986,0.0185463245635931,0.07168667509788584,2.0,P0200,453.0,-0.1223811478082987
1212711,1212721,TCGH15,139.8637,36.5595,300,214,0.2359278270015484,0.21477296238996904,0.2675618343016444,2.0,P0200,203.0,0.05875229812432
1212731,1212741,TCGH16,140.0751,36.548,112,519,0.1381958296395861,0.11063573048573454,0.19243549481142758,2.0,P0200,503.0,0.1082084778164808
1212751,1212761,TCGH17,139.6922,36.9853,104,341,0.016337480158031343,0.008144341956802035,0.028910540110113268,2.0,P0200,330.0,-0.3597299616850353
1212831,1212841,TKCH01,143.683,43.4683,123,225,0.09251550137553086,0.07404867422234572,0.11178623152061878,2.0,P0200,216.0,0.2096449535211748
1212851,1212861,TKCH02,143.8983,43.3822,103,186,0.02555920030742024,0.016553002430736527,0.037768762350090225,2.0,P0200,178.0,0.0767098242522565
1212871,1212881,TKCH03,143.4317,43.2708,200,228,0.13754724188057596,0.10889055377657485,0.16523140050342938,2.0,P0200,219.0,0.107118066889089
1212891,1212901,TKCH04,142.9176,43.1739,172,216,0.15960524686091626,0.1274849289632715,0.21725102971719074,2.0,P0200,207.0,-0.0543589972500073
1212911,1212921,TKCH05,143.6181,43.1211,100,233,0.05489670920598575,0.04052517160440692,0.0819896631583703,2.0,P0200,224.0,-0.0939963932415095
1212931,1212941,TKCH06,143.0603,42.892,227,162,0.30472223093724643,0.26938732203817384,0.33969145537900747,2.0,P0200,156.0,0.2005515548124342
1212951,1212961,TKCH07,143.5203,42.8114,99,190,0.24316053842780155,0.2134606117518968,0.28688246936751216,2.0,P0200,182.0,0.2441286130697443
1212971,1212981,TKCH08,143.152,42.4865,100,219,0.11072906798419027,0.0746634201153777,0.1694855801774876,2.0,P0200,211.0,0.0644086882927414
1212991,1213001,TKCH10,142.9448,43.3337,100,166,0.01828477493222458,0.009863234648528547,0.029321468852185548,2.0,P0200,160.0,-0.219397640372651
1213011,1213021,TKCH11,142.883,42.8742,100,167,0.08469603947641471,0.049587996749671334,0.14235766975427944,2.0,P0200,159.0,0.0748495110247801
1213031,1213041,TKSH01,134.4994,33.7751,100,14,0.014714815222032891,0.01070484522480733,0.02991625021117015,2.0,P0200,,
1213051,1213061,TKSH02,134.0918,34.0112,100,28,0.06010532633556366,0.029477268812339787,0.14662951497949228,2.0,P0200,28.0,-0.1339174530120975
1213071,1213081,TKSH03,134.1294,33.8778,201,34,0.05519492666557555,0.03218741267461338,0.09668908317018352,2.0,P0200,34.0,-0.0735284955045723
1213091,1213101,TKSH04,134.5337,33.9902,100,28,0.0608661251103256,0.0400050326929645,0.09325031688885052,2.0,P0200,28.0,-0.2144525745529434
1213111,1213121,TKSH05,134.3156,33.6628,143,31,0.0684919583281065,0.04769619617707999,0.09983591848919054,2.0,P0200,31.0,-0.1092128318774655
1213131,1213141,TKSH06,133.8933,33.9997,157,27,0.05386914357858895,0.037742466755771885,0.0802129674784178,2.0,P0200,27.0,-0.1560525632005454
1213151,1213161,TKYH02,139.4704,35.6539,2753,101,0.6484084697776678,0.60300449377558,0.7220824069005035,2.0,P0200,95.0,-0.0260963474887926
1213201,1213211,TKYH11,139.8125,35.6114,3000,134,0.8400460927927846,0.7762899392874035,0.8947694326619571,2.0,P0200,130.0,0.0677814183275144
1213221,1213231,TKYH12,139.265,35.6701,147,300,0.12270399561285741,0.08865401637963075,0.18198498939355723,2.0,P0200,292.0,-0.0829673424522104
1213241,1213251,TKYH13,139.1275,35.7017,100,280,0.010523059676952658,-0.00024177350002401203,0.02382287435354721,2.0,P0200,272.0,-0.1732202304581588
1213391,1213401,TTRH01,134.2173,35.2604,200,15,0.0759368850516579,0.041549733783879564,0.08743456236115585,2.0,P0200,,
1213411,1213421,TTRH02,133.3909,35.2313,100,33,0.10480315171460292,0.07650554014467058,0.16161669645873158,2.0,P0200,33.0,-0.1623386170638108
1213431,1213441,TTRH03,133.4918,35.3553,200,17,0.3834480842043843,0.32982139662596416,0.49625141316666677,2.0,P0200,,
1213451,1213461,TTRH04,133.6307,35.4668,207,18,0.28529690193752477,0.24117451291808675,0.3450193747784548,2.0,P0200,,
1213471,1213481,TTRH05,134.3426,35.5729,152,5,0.012842888953968458,0.009329831888240447,0.015744908489749847,2.0,P0200,,
1213491,1213501,TTRH06,134.1988,35.3946,100,17,0.09614531180150064,0.05143381635569374,0.10346751567799835,2.0,P0200,,
1213511,1213521,TTRH07,133.7486,35.3649,100,17,0.10343330884227295,0.09692909955178809,0.15413951632329292,2.0,P0200,,
1213551,1213561,TYMH01,136.9276,36.8866,200,33,0.1547676683856209,0.09818773506407498,0.18122731352057175,2.0,P0200,30.0,-0.272662699855342
1213571,1213581,TYMH02,137.0378,36.7142,212,7,0.28624172144503773,0.25376778056534477,0.3197137850977006,2.0,P0200,,
1213591,1213601,TYMH03,137.2627,36.7294,580,43,0.49305154039047583,0.4128489121222287,0.5843259725546854,2.0,P0200,42.0,-0.0192217148433327
1213611,1213621,TYMH04,137.4689,36.7914,100,68,0.047848860479085424,0.036788873356387405,0.059257686220663214,2.0,P0200,68.0,-0.1894465474588764
1213631,1213641,TYMH05,136.9584,36.5736,143,32,0.06125390976292777,0.042712944245494544,0.07387353877410663,2.0,P0200,29.0,-0.2442749455336756
1213651,1213661,TYMH06,137.1595,36.5711,200,52,0.14151683095729556,0.11825993040110397,0.1754421449646304,2.0,P0200,50.0,0.0237186770667899
1213671,1213681,TYMH07,137.0392,36.4406,100,53,0.03318337927127851,0.024204994451845693,0.05304052443649261,2.0,P0200,53.0,-0.1448029303423604
1213691,1213701,WKYH01,135.2122,33.9804,101,22,0.021228714856617415,0.005672310845080504,0.08860524386469815,2.0,P0200,22.0,-0.1039285328548679
1213711,1213721,WKYH02,135.5369,34.1373,100,19,0.018362694214162294,-0.006741954903639784,0.13341857138977095,2.0,P0200,,
1213731,1213741,WKYH03,135.3244,34.1314,100,19,0.019444076531477186,0.00020241874159901418,0.024217637280577194,2.0,P0200,,
1213751,1213761,WKYH04,135.5454,33.5559,100,27,0.008479721043137056,0.0014747281374489882,0.03249810101780567,2.0,P0200,26.0,-0.1632028746014381
1213771,1213781,WKYH05,135.8619,33.6072,100,11,0.005950182601428478,-0.004559957789154275,0.015820548378876035,2.0,P0200,,
1213791,1213801,WKYH06,135.5953,33.6948,100,20,0.0268604348061661,0.012543580329864652,0.03853964243282845,2.0,P0200,,
1213811,1213821,WKYH07,135.4396,33.6894,100,29,0.04792437065799406,0.02790953250749076,0.11212086427287671,2.0,P0200,28.0,-0.13908504631254
1213831,1213841,WKYH08,135.4483,34.3228,112,28,0.10659731436208092,0.057368075293346775,0.14560398594006785,2.0,P0200,28.0,0.1310550942147392
1213851,1213861,WKYH09,135.0714,34.2868,200,30,0.04275062227041106,0.0316755602470543,0.08556198216659981,2.0,P0200,30.0,-0.0902611900152259
1213871,1213881,WKYH10,135.2172,33.8248,100,29,0.022524227851989605,0.01048601288087619,0.08484005098533948,2.0,P0200,28.0,-0.2154291600705877
1213891,1213901,YMGH01,131.5618,34.0494,200,21,0.02793728188322886,0.02128584776212402,0.03917941701383794,2.0,P0200,21.0,-0.1896803679405923
1213911,1213921,YMGH02,131.1434,34.1111,200,22,0.015596294415355708,-0.019089856147387226,0.03662628374539776,2.0,P0200,21.0,-0.1005433481642488
1213931,1213941,YMGH03,132.126,34.1891,200,40,0.04583567598078318,0.02767241583629253,0.06578431067510074,2.0,P0200,40.0,-0.0955987955764419
1213951,1213961,YMGH04,132.0626,34.027,100,51,0.012430668965674732,0.004641362650198225,0.02611872180075845,2.0,P0200,51.0,-0.1733000260127414
1213971,1213981,YMGH05,131.9943,34.1974,200,8,0.013749545853256214,-0.01436880569745233,0.03235817346729804,2.0,P0200,,
1213991,1214001,YMGH06,131.3012,33.9893,200,28,0.035658334323270854,0.02768813190205816,0.0469751620401477,2.0,P0200,27.0,-0.0307497581258866
1214011,1214021,YMGH07,131.0506,34.1149,200,39,0.04874874009167133,0.026207198698228122,0.09622253667871236,2.0,P0200,38.0,-0.102855021647503
1214031,1214041,YMGH08,130.9323,34.1349,201,40,0.05029100452910491,0.03188915889359572,0.06228634910461217,2.0,P0200,39.0,0.0054871048557491
1214051,1214061,YMGH09,131.6681,34.6257,100,32,0.044384278103143576,0.027973852351033945,0.06010962180776622,2.0,P0200,31.0,-0.2264460349605856
1214071,1214081,YMGH10,131.6329,34.4837,200,34,0.029013527875285466,0.021059068742683602,0.04833279338560056,2.0,P0200,34.0,-0.0017406299778498
1214091,1214101,YMGH11,131.6859,34.2091,200,22,0.03923014304308628,0.021713728470972915,0.049536727295307115,2.0,P0200,22.0,0.0398822801679882
1214111,1214121,YMGH12,131.3597,34.2176,102,18,0.007374779357922104,0.0013633895435873535,0.016980317604611432,2.0,P0200,,
1214131,1214141,YMGH13,131.177,34.3408,200,20,0.05502787168881394,0.03665265315910316,0.08580140095485426,2.0,P0200,,
1214151,1214161,YMGH14,131.3774,34.3979,100,38,0.12433300838710679,0.1014795426224545,0.16279772283283944,2.0,P0200,37.0,-0.1888981417670094
1214171,1214181,YMGH15,131.8149,33.9725,110,51,0.03084250282491681,0.018903139543586196,0.04629700986950597,2.0,P0200,50.0,-0.0580728494587536
1214191,1214201,YMGH16,132.104,33.826,106,50,0.06636785405283482,0.05289974049269602,0.09725310150969489,2.0,P0200,50.0,-0.0579305689624159
1214211,1214221,YMGH17,132.4046,33.9291,100,44,0.1902404181682641,0.13021335441074336,0.24932810100145328,2.0,P0200,44.0,-0.2669182988673326
1214251,1214261,YMNH08,138.734,35.6895,1206,145,0.5551784908903851,0.4770403379072933,0.6412502843523169,2.0,P0200,143.0,0.0527463604014437
1214271,1214281,YMNH09,138.3325,35.4327,159,107,0.030869738050336475,0.020690446038791846,0.05431036787629233,2.0,P0200,107.0,-0.1317056651578348
1214291,1214301,YMNH10,138.3087,35.5351,107,153,0.018416965341509356,0.008398160465856796,0.036474086322352196,2.0,P0200,152.0,-0.1464305899460098
1214311,1214321,YMNH11,138.9777,35.6247,200,260,0.1179736381491524,0.07652432559787943,0.1896707107689886,2.0,P0200,254.0,0.1101748241439605
1214331,1214341,YMNH12,138.449,35.5623,148,193,0.04750440530873527,0.03226948490144799,0.06459765305030357,2.0,P0200,190.0,-0.0936383715050193
1214351,1214361,YMNH13,138.4203,35.3509,204,125,0.07058035627514835,0.04838585984672173,0.09214361551027121,2.0,P0200,124.0,-0.0275119104831709
1214371,1214381,YMNH14,138.9675,35.5115,250,183,0.06191753971079187,0.04501268372198022,0.08887542272927912,2.0,P0200,182.0,0.0349460906150039
1214391,1214401,YMNH15,138.6045,35.5323,115,180,0.03483845669560018,0.023415564731859777,0.0473586358999943,2.0,P0200,177.0,0.0308938374134888
1214411,1214421,YMNH16,138.5653,35.7421,256,177,0.05828122189579471,0.043181056338133246,0.0774790047980911,2.0,P0200,174.0,-0.0453903523332956
1214431,1214441,YMTH01,140.3805,38.3841,207,324,0.3256585564666185,0.30208473518962775,0.356998609489882,2.0,P0200,311.0,0.1589578561196285
1214451,1214461,YMTH02,140.2583,38.2693,150,617,0.2210022728908395,0.18557384039791033,0.2536654922326405,2.0,P0200,595.0,0.3466744383756753
1214471,1214481,YMTH03,140.1553,38.1035,114,361,0.03708154650669577,0.025490404772555826,0.051001725438349944,2.0,P0200,343.0,-0.2896551050711298
1214491,1214501,YMTH04,140.2978,38.0813,100,472,0.029853354145077903,0.015437615789642858,0.05578510256439223,2.0,P0200,452.0,-0.3690740957332002
1214511,1214521,YMTH05,139.8017,37.9883,107,239,0.0907716606514227,0.06759492640061526,0.12724730325726144,2.0,P0200,229.0,-0.1363607393110217
1214531,1214541,YMTH06,140.1836,37.9633,145,370,0.2630322419724631,0.20543845116315362,0.3403189686284696,2.0,P0200,356.0,-0.1229879282428971
1214551,1214561,YMTH07,140.0278,37.896,200,556,0.12532621195776555,0.10041609135852939,0.151240544818451,2.0,P0200,535.0,0.154866435730435
1214571,1214581,YMTH08,140.0333,38.9701,107,382,0.08282651421054153,0.06463429700803004,0.1015433507228268,2.0,P0200,364.0,-0.0187971755307442
1214591,1214601,YMTH09,140.178,38.7498,200,175,0.11974713809486986,0.10057804050894054,0.15020766086375845,2.0,P0200,170.0,0.0194309490790813
1214611,1214621,YMTH10,140.3744,38.7107,204,30,0.14486896408976663,0.11762164850771477,0.1628398936884175,2.0,P0200,29.0,0.0925239051107557
1214631,1214641,YMTH11,140.5544,38.7132,109,281,0.0848338968565668,0.07473713509623303,0.09833119133729691,2.0,P0200,274.0,0.325023236891415
1214651,1214661,YMTH12,140.0055,38.6357,203,477,0.15225545658913714,0.1261082607732503,0.18803049775306263,2.0,P0200,458.0,0.234483968041661
1214671,1214681,YMTH13,139.7606,38.4704,104,363,0.02605133127910021,0.013648290855711634,0.043315571800623884,2.0,P0200,347.0,-0.1723521008988258
1214691,1214701,YMTH14,139.9916,38.386,103,546,0.13772749960858421,0.1188539165854019,0.15983501341142117,2.0,P0200,525.0,0.3726328831379176
1214711,1214721,YMTH15,140.1249,38.4257,100,466,0.13443422683185918,0.10775730455353351,0.1764534835944535,2.0,P0200,446.0,0.0296428028991634
1200011,1200021,ABSH01,142.8444,44.5276,100,45,0.005704825544104874,0.0018122372754918786,0.010612805182394335,3.0,P0300,45.0,-0.1890264812518682
1200031,1200041,ABSH02,143.0264,44.4234,113,51,0.009320315228973183,-0.0001811898621282837,0.01649676319081114,3.0,P0300,51.0,-0.0722408337861203
1200051,1200061,ABSH03,143.2407,44.3843,100,55,0.003420351972104678,-0.03165390243862405,0.010607407806328545,3.0,P0300,55.0,-0.0946573885088549
1200071,1200081,ABSH04,143.0767,44.192,200,33,0.004861821157675288,-0.0065352132065443855,0.023478142243528424,3.0,P0300,33.0,-0.288433882717347
1200091,1200101,ABSH05,143.0111,44.1146,106,59,0.015280487013233623,0.008911886919211406,0.02423398564391381,3.0,P0300,59.0,-0.1573014286812903
1200111,1200121,ABSH06,143.6202,44.2146,100,182,0.06291534442585708,0.04989931940594865,0.07801979500355596,3.0,P0300,175.0,0.2337373164263813
1200131,1200141,ABSH07,143.0861,43.8494,127,161,0.07682898405660632,0.05432999559009758,0.1068707272851943,3.0,P0300,154.0,0.1134209724312081
1200151,1200161,ABSH08,144.9935,44.064,105,103,0.032329131760475416,0.02269957835630887,0.05662986827675695,3.0,P0300,103.0,-0.4016809672548832
1200171,1200181,ABSH09,144.8071,43.9269,157,159,0.06308057288576219,0.033265204880494906,0.10635479085978802,3.0,P0300,158.0,-0.0124171877020115
1200191,1200201,ABSH10,143.9455,44.0813,300,83,0.03675490393079283,0.022211101399953775,0.05523655298863345,3.0,P0300,83.0,-0.0875837884046078
1200211,1200221,ABSH11,144.1913,43.9144,122,184,0.1352193228632378,0.11834151714069886,0.15150326433021644,3.0,P0300,179.0,0.2972224446306247
1200231,1200241,ABSH12,144.4574,43.8566,119,207,0.0826618317228505,0.0592416601864123,0.11392157554187238,3.0,P0300,203.0,0.0747053738884287
1200251,1200261,ABSH13,143.4514,43.7419,105,210,0.0518878860791592,0.03622746936876867,0.07044729828581266,3.0,P0300,201.0,0.0781127757007713
1200271,1200281,ABSH14,144.1835,43.7228,103,193,0.04795390081378424,0.03397574609337506,0.06753630971373724,3.0,P0300,189.0,0.0620859958924141
1200291,1200301,ABSH15,143.51,43.6352,100,188,0.04466285868753146,0.031222837157823417,0.06464258513330652,3.0,P0300,180.0,-0.0725289800824743
1200321,1200331,AICH04,137.0568,34.9319,1055,42,0.6981821650481999,0.6030815722077902,0.7476899890906339,3.0,P0300,42.0,0.0568868913886149
1200341,1200351,AICH05,136.8763,34.8886,401,42,0.2938434883957421,0.26071039578979105,0.32227830031030236,3.0,P0300,41.0,0.1009818953398382
1200361,1200371,AICH06,137.0419,34.6158,300,41,0.17492729792682551,0.1267655226491616,0.38450405785777736,3.0,P0300,41.0,-0.1256393072864342
1200381,1200391,AICH07,137.4039,35.2194,201,77,0.04837371696253559,0.015481625871983443,0.07924300892316596,3.0,P0300,76.0,-0.1608532873674186
1200401,1200411,AICH08,137.2993,34.9189,100,46,0.009647792603453192,-0.0003184043365600088,0.036927868085767354,3.0,P0300,46.0,-0.2013568741495333
1200421,1200431,AICH09,137.3902,34.6643,360,82,0.38411870906520434,0.3200201886511689,0.46283421187037727,3.0,P0300,82.0,-0.0587483470456529
1200441,1200451,AICH10,137.6243,35.0002,100,42,0.01670480106640243,0.005548397358927238,0.03003986988674135,3.0,P0300,41.0,-0.0597485788038295
1200461,1200471,AICH11,137.057,35.3059,100,63,0.013952440862860764,0.0017487129779357766,0.02585934729944344,3.0,P0300,63.0,0.0316798577938038
1200481,1200491,AICH12,137.1057,34.7884,401,56,0.2632177829467499,0.15698807943217769,0.44442990172452346,3.0,P0300,56.0,0.0110477891178451
1200501,1200511,AICH13,136.8509,35.2177,741,23,0.8465662363626164,0.7977680610564806,0.956784321464629,3.0,P0300,23.0,0.0365505165769403
1200521,1200531,AICH14,137.0474,35.1842,207,21,0.20282086177097686,0.169837591690011,0.2667014835461514,3.0,P0300,20.0,-0.1771401288093855
1200541,1200551,AICH15,137.3359,35.1392,120,74,0.025752037606945825,0.009937103373212316,0.05779629968428873,3.0,P0300,74.0,-0.2179962571223935
1200561,1200571,AICH16,137.535,35.1543,101,94,0.045667043475176375,0.019889145240212885,0.10594962010751825,3.0,P0300,93.0,-0.1954550830761501
1200581,1200591,AICH17,137.7268,35.184,101,68,0.026211329861356023,0.01134568516010809,0.08865840527113115,3.0,P0300,67.0,-0.0060322063637228
1200601,1200611,AICH18,137.2377,34.9635,100,59,0.02138205151390953,0.009594454490634391,0.0437651968710627,3.0,P0300,58.0,0.0733567727990938
1200621,1200631,AICH19,137.4114,34.9512,100,69,0.00873563198998464,0.004704683087990196,0.024628152451876467,3.0,P0300,69.0,-0.1316054714407645
1200641,1200651,AICH20,137.4876,34.8976,100,58,0.009297604362649143,0.002988643383896865,0.028313215212863552,3.0,P0300,58.0,-0.1980112799302295
1200661,1200671,AICH21,136.9385,34.7401,100,31,0.02899397743739595,0.017767583957258904,0.0678330420455946,3.0,P0300,30.0,0.0943298911533959
1200681,1200691,AICH22,137.4393,34.7853,200,49,0.06736411010465126,0.036795473209326246,0.1558590505760901,3.0,P0300,49.0,-0.2669592375837363
1200701,1200711,AICH23,136.8316,34.8806,980,3,0.7865651696839013,0.6919949018408884,0.7969998548100701,3.0,P0300,,
1200741,1200751,AKTH01,140.579,39.8147,100,254,0.06721265257511391,0.044829027885620085,0.1026915528066901,3.0,P0300,245.0,-0.0308414274814803
1200761,1200771,AKTH02,140.5721,39.6634,100,397,0.03469598904877973,0.02639007584159671,0.049736350445348985,3.0,P0300,383.0,0.0042369842211011
1200781,1200791,AKTH03,140.1283,39.2223,103,347,0.05331002161448035,0.043028774308872135,0.07027347891038574,3.0,P0300,333.0,0.4773485680646011
1200801,1200811,AKTH04,140.7129,39.174,100,474,0.06987157094585891,0.023950245717968263,0.18588444005251661,3.0,P0300,455.0,-0.0807044452589073
1200821,1200831,AKTH05,140.3185,39.0718,200,203,0.02429325387858913,0.01296352244545893,0.03961853919672409,3.0,P0300,196.0,-0.1514202984719533
1200841,1200851,AKTH06,140.4952,38.9801,100,452,0.039220104527913933,0.01709385870786228,0.07914117067480167,3.0,P0300,436.0,-0.1036872023014781
1200861,1200871,AKTH07,140.8395,40.4563,105,284,0.13454290945066238,0.09929571601509568,0.17585059368255473,3.0,P0300,281.0,0.0830094990065827
1200881,1200891,AKTH08,140.2341,40.3188,200,189,0.07182079442211668,0.056742363316904895,0.09226166139208436,3.0,P0300,187.0,0.1075280627401839
1200901,1200911,AKTH09,140.4596,40.2755,101,287,0.0420418614751127,0.028376266579533273,0.06454497415759597,3.0,P0300,281.0,-0.0254105432976845
1200921,1200931,AKTH10,140.5812,40.3002,100,204,0.03502200370565587,0.02439408355594841,0.05063458482766597,3.0,P0300,200.0,-0.092291281023049
1200941,1200951,AKTH11,139.7623,39.9554,350,26,0.3408367138337791,0.3165801000893155,0.3836299569779221,3.0,P0300,26.0,0.356774300205051
1200961,1200971,AKTH12,140.2221,39.9155,100,166,0.03438990832689751,0.021843448126556253,0.0617980062843219,3.0,P0300,162.0,0.2171154791679787
1200981,1200991,AKTH13,140.4072,39.9819,100,236,0.020773693207876656,0.009513288939391022,0.04688948119923949,3.0,P0300,231.0,-0.0820620334615278
1201001,1201011,AKTH14,140.8084,40.0622,108,343,0.07716845436590325,0.04377472356724364,0.16090622482202072,3.0,P0300,335.0,0.1021374558734635
1201021,1201031,AKTH15,140.4075,39.6884,100,255,0.01340795252912813,0.004184555961446356,0.026158453766993082,3.0,P0300,251.0,-0.1106389364237093
1201041,1201051,AKTH16,140.3481,39.545,154,442,0.05397373792639975,0.042299897429744424,0.07068412586220664,3.0,P0300,424.0,0.2952940413451542
1201061,1201071,AKTH17,140.6116,39.5575,177,416,0.1033212139291491,0.08506376106686404,0.1321313668371539,3.0,P0300,400.0,0.2099159874672574
1201081,1201091,AKTH18,140.3869,39.3548,100,319,0.061073869729475525,0.04247733663541739,0.09257824908385259,3.0,P0300,306.0,0.0017177340999968
1201101,1201111,AKTH19,140.471,39.1913,180,432,0.07593716513395715,0.060187967797159334,0.09654985243758155,3.0,P0300,414.0,-0.0601947226098551
1201121,1201131,AOMH01,140.9127,41.5273,100,204,0.060592962688556656,0.04335730129370793,0.08696640532270793,3.0,P0300,200.0,-0.0696730385037842
1201141,1201151,AOMH02,140.8567,41.4049,200,21,0.06584549383955351,0.04193558736071369,0.11822102216149934,3.0,P0300,21.0,-0.3408717205767231
1201161,1201171,AOMH03,140.9896,41.234,100,288,0.027232165573695705,0.015848421755558038,0.040424072079557324,3.0,P0300,281.0,0.0287668561240275
1201181,1201191,AOMH04,140.6759,40.8524,307,156,0.24689194984741844,0.20899790824850176,0.3003345010543469,3.0,P0300,151.0,0.1105709614327784
1201201,1201211,AOMH05,141.1033,40.8564,312,327,0.19851567928543148,0.14757629576530734,0.3106529323619944,3.0,P0300,317.0,0.2383070554828104
1201221,1201231,AOMH06,141.3738,40.9664,100,329,0.06039172485085019,0.038199134254681105,0.0897624329019702,3.0,P0300,320.0,-0.1020751927070022
1201241,1201251,AOMH07,140.0233,40.7451,109,156,0.029784697279960703,0.02159725351993598,0.045223109687022534,3.0,P0300,154.0,-0.0795691854820282
1201261,1201271,AOMH08,140.3121,40.7618,160,186,0.0659560656590093,0.052282974015822804,0.07849628595734831,3.0,P0300,185.0,0.1778227180189978
1201281,1201291,AOMH09,140.3499,40.6199,162,129,0.07812291677447021,0.05683121488470283,0.10368308258501502,3.0,P0300,127.0,-0.2005339241227551
1201301,1201311,AOMH10,140.6646,40.6091,105,225,0.052999598721402176,0.04086417443256829,0.07310534695454242,3.0,P0300,222.0,0.0872480939054799
1201321,1201331,AOMH11,140.995,40.58,100,332,0.047530317143317326,0.03179478165518361,0.09552779950235749,3.0,P0300,324.0,0.0376844358966941
1201341,1201351,AOMH12,141.1547,40.5846,100,355,0.06552795671082731,0.05110047545316283,0.08710054456365789,3.0,P0300,348.0,0.4544806971774759
1201361,1201371,AOMH13,141.4451,40.5794,150,384,0.2171679647022371,0.19290644837523838,0.25632515158684893,3.0,P0300,375.0,0.2562156143556294
1201381,1201391,AOMH14,140.2726,40.5488,100,158,0.07292217033455667,0.047314076492756804,0.1066697398891154,3.0,P0300,156.0,-0.0547416997728371
1201401,1201411,AOMH15,140.5565,40.4841,100,222,0.03160643415277408,0.023274339193961754,0.04287807033208888,3.0,P0300,219.0,-0.0202859002605807
1201421,1201431,AOMH16,141.0923,40.4624,150,377,0.20490522495909935,0.1384774703990275,0.28326359204960183,3.0,P0300,368.0,0.4970621017287941
1201441,1201451,AOMH17,141.3374,40.4492,114,366,0.0765246612673558,0.05057731355282295,0.13003097780690717,3.0,P0300,353.0,0.2068991838504305
1201461,1201471,AOMH18,141.0145,40.2962,100,246,0.04891450276819671,0.021740965179207712,0.09640368901682027,3.0,P0300,242.0,0.0065673969455924
1201491,1201501,CHBH04,140.0206,35.7966,2300,348,0.751330904912886,0.6648454724163094,0.8439356137240631,3.0,P0300,329.0,-0.0983737090705501
1201521,1201531,CHBH06,140.5046,35.7215,180,179,0.22611534357023017,0.1803141151031299,0.263202456914748,3.0,P0300,173.0,-0.2092349316910258
1201571,1201581,CHBH10,140.2417,35.5458,2000,409,0.4389761539013232,0.383969311451244,0.5030873163735289,3.0,P0300,394.0,-0.0352138335720222
1201591,1201601,CHBH11,140.1529,35.2867,2000,286,0.37706348771123666,0.3133408211807864,0.44144645566016993,3.0,P0300,277.0,-0.0404700601675305
1201611,1201621,CHBH12,139.8554,35.3445,2000,198,0.5244649283369028,0.461672127279407,0.5872350557774395,3.0,P0300,192.0,0.0966222384911235
1201631,1201641,CHBH13,140.298,35.8307,1300,386,0.5434635869742964,0.4690823575227114,0.6325572247097504,3.0,P0300,365.0,-0.1819944415267282
1201651,1201661,CHBH14,140.823,35.7342,525,226,0.3132917408235768,0.24234183801915718,0.3947566736211525,3.0,P0300,220.0,-0.0519630461278494
1201671,1201681,CHBH15,139.7885,34.9591,500,95,0.25789646018171747,0.22590814351391958,0.31591571655576367,3.0,P0300,93.0,-0.0154102290087275
1201691,1201701,CHBH16,139.9649,35.1384,2002,195,0.5231349238593782,0.45059476127390746,0.6029543264966972,3.0,P0300,193.0,0.100145935676218
1201711,1201721,CHBH17,140.3398,35.1714,821,223,0.46269903317938366,0.4041941968416367,0.5444077045018065,3.0,P0300,219.0,-0.0742127717115708
1201741,1201751,CHBH19,140.5107,35.5943,1630,262,0.7063915608565283,0.6465387133377138,0.7608371310986695,3.0,P0300,256.0,-0.0571940799152165
1201761,1201771,CHBH20,140.0997,35.0882,306,183,0.05817869904405872,0.035562288531441485,0.0872007459381927,3.0,P0300,182.0,-0.0995079550844565
1201821,1201831,EHMH01,132.5552,33.0556,100,34,0.017685530779710693,0.009055093188698215,0.043995592265575825,3.0,P0300,34.0,-0.1587518492249778
1201841,1201851,EHMH02,133.184,33.865,110,30,0.019253034991920985,0.0002701508678652979,0.05544979724720211,3.0,P0300,30.0,-0.3467227701550691
1201861,1201871,EHMH03,133.6497,33.9154,100,43,0.00922129922244154,0.0033675482688775168,0.025664726423884336,3.0,P0300,43.0,-0.1192814686315945
1201881,1201891,EHMH04,133.0658,33.9023,200,31,0.12536441046737948,0.09103537308624615,0.16122193844384985,3.0,P0300,31.0,-0.0357229412020827
1201901,1201911,EHMH05,132.8032,33.7112,134,49,0.03791638191320759,0.022298961503362025,0.06461981624616266,3.0,P0300,49.0,-0.2601329116776774
1201921,1201931,EHMH06,132.798,33.3348,200,54,0.0161488316870793,0.008551477391725678,0.03438803870551608,3.0,P0300,54.0,-0.206860286189965
1201941,1201951,EHMH07,132.748,33.5022,200,44,0.02904948154653475,0.013675612214012884,0.03848055198657301,3.0,P0300,44.0,-0.1566468603060026
1201961,1201971,EHMH08,133.0016,33.5388,100,50,0.06882508463114394,0.027689495810213783,0.1270967333646345,3.0,P0300,50.0,-0.1799482485025441
1201981,1201991,EHMH09,132.3072,33.4719,150,24,0.23922697949577748,0.16132760888377537,0.3621296588807844,3.0,P0300,24.0,-0.1297587236886176
1202001,1202011,EHMH10,133.0581,34.1918,100,47,0.02555977469299698,0.011391477383313678,0.13504564597335664,3.0,P0300,47.0,-0.3090848048415704
1202021,1202031,EHMH11,132.6011,33.5807,100,51,0.019907511942013126,0.005474461595885232,0.0349119131734513,3.0,P0300,51.0,-0.136135457184078
1202041,1202051,EHMH12,132.5055,33.427,150,53,0.047691044205606485,0.022001528486896387,0.09198340846276505,3.0,P0300,53.0,-0.1603594252023344
1202061,1202071,EHMH13,132.1157,33.3719,222,49,0.03463522810164094,0.022831696581148885,0.06595036697825249,3.0,P0300,49.0,-0.0562155213041243
1202081,1202091,FKIH01,136.3617,36.0955,100,47,0.04675226251586374,0.01374839140639295,0.14888216308309543,3.0,P0300,47.0,-0.2346724642579549
1202101,1202111,FKIH02,136.0556,35.9483,100,23,0.06688453143679077,0.03385233868572976,0.10116867746630481,3.0,P0300,23.0,-0.131681047869278
1202121,1202131,FKIH03,136.699,35.9415,200,20,0.050642291408332527,0.026484037072271278,0.1056416083627306,3.0,P0300,,
1202141,1202151,FKIH04,135.8694,35.5587,200,37,0.37047133033030927,0.1705668745415025,0.5606987662677941,3.0,P0300,37.0,-0.0127895189502941
1202161,1202171,FKIH05,136.0303,35.639,122,38,0.4379855307355178,0.2584990366918307,0.634492327787699,3.0,P0300,38.0,0.1080223298765926
1202181,1202191,FKIH06,135.4841,35.4907,100,34,0.07185741558481312,0.04217003154742288,0.17395519851677074,3.0,P0300,34.0,-0.1164161937745201
1202201,1202211,FKIH07,135.7266,35.4573,104,34,0.07684391255483729,0.03677643464010886,0.19923965084164225,3.0,P0300,34.0,-0.1232165124983872
1202221,1202231,FKOH01,130.9798,33.8849,200,47,0.036034361442660916,0.022164438840145295,0.06956828494172312,3.0,P0300,45.0,-0.2709270236237451
1202241,1202251,FKOH02,130.5963,33.6963,99,4,0.09472132937127811,0.06432709971493766,0.12081694586753333,3.0,P0300,,
1202261,1202271,FKOH03,130.5499,33.5608,100,51,0.024561472802036924,0.012573162793738966,0.06168052180618045,3.0,P0300,49.0,-0.2074288923527523
1202281,1202291,FKOH04,130.7451,33.5512,100,20,0.019749679775487507,0.012082353413991706,0.04562642633974248,3.0,P0300,,
1202301,1202311,FKOH05,130.9503,33.5293,100,19,0.010982988658442994,0.00330513017744361,0.04142057533953476,3.0,P0300,,
1202321,1202331,FKOH06,131.1348,33.5925,303,48,0.09664402737245373,0.05845199408038514,0.1673562375274932,3.0,P0300,47.0,-0.407887681368406
1202341,1202351,FKOH07,130.6354,33.3678,437,39,0.5899455396915554,0.5379278051802825,0.618137236547772,3.0,P0300,38.0,-0.0237251942775836
1202361,1202371,FKOH08,130.8285,33.4654,100,55,0.02108214916787108,0.010115451036292735,0.042010256716608574,3.0,P0300,54.0,-0.1265542298540748
1202381,1202391,FKOH09,130.5432,33.8501,200,30,0.08333618634972703,0.04012218760328744,0.14032992338440947,3.0,P0300,29.0,-0.1575604498349707
1202401,1202411,FKOH10,130.817,33.2891,200,55,0.04937138254406026,0.03686627362410999,0.0609425314411426,3.0,P0300,54.0,-0.0727253608059376
1202421,1202431,FKSH01,139.715,37.7565,100,286,0.010807774953874586,0.003952315963804305,0.024160170051380367,3.0,P0300,272.0,-0.2171014606182381
1202441,1202451,FKSH02,139.8821,37.7317,100,227,0.04192323357399757,0.031265245877151154,0.061743490763406586,3.0,P0300,213.0,-0.2620927277320704
1202461,1202471,FKSH03,139.7533,37.6078,127,426,0.07970113198436676,0.06400537137774841,0.10734384088203872,3.0,P0300,410.0,0.2189935017966921
1202481,1202491,FKSH04,139.8126,37.4508,268,298,0.15539099032121084,0.12297372739787546,0.21882122970335252,3.0,P0300,287.0,-0.0415371189320888
1202501,1202511,FKSH05,139.8725,37.2544,105,298,0.04463675224253973,0.027752680337285417,0.0750189250143792,3.0,P0300,287.0,-0.0568211088295702
1202521,1202531,FKSH06,139.5199,37.1723,100,395,0.02473052844642399,0.014254320305788673,0.043926396067885336,3.0,P0300,380.0,-0.3041839098327167
1202541,1202551,FKSH07,139.3755,37.0103,200,168,0.0269395679466261,0.006295338794441502,0.047737228216481624,3.0,P0300,159.0,-0.305942068402485
1202561,1202571,FKSH08,140.2144,37.2822,105,495,0.0490060223222538,0.02935271432568919,0.08843330144215941,3.0,P0300,474.0,0.0406491731775478
1202581,1202591,FKSH09,140.4264,37.353,200,575,0.05299568481883605,0.020155065593901095,0.11010538549527873,3.0,P0300,552.0,-0.1495772251041821
1202601,1202611,FKSH10,140.093,37.1616,200,568,0.1388125688938724,0.09278416025611907,0.2200858173184093,3.0,P0300,548.0,-0.0407243237667124
1202621,1202631,FKSH11,140.3386,37.2006,115,465,0.10638369694096937,0.07686080632494657,0.15537687744370374,3.0,P0300,445.0,0.1361909075998032
1202641,1202651,FKSH12,140.5703,37.2169,105,587,0.20596683089418424,0.07639146877015292,0.38223451142060016,3.0,P0300,564.0,0.070481766546332
1202661,1202671,FKSH13,140.5853,36.9951,105,103,0.037072355362601395,0.01703008251102603,0.08816855493065359,3.0,P0300,99.0,-0.1103575407549829
1202681,1202691,FKSH14,140.9702,37.0264,147,596,0.1722656029199774,0.1066344768812518,0.2861924410371579,3.0,P0300,574.0,0.217356925377037
1202701,1202711,FKSH15,140.1735,37.6461,100,150,0.024172568873020203,0.01329994749885844,0.03922409595768569,3.0,P0300,144.0,-0.2086938630163351
1202721,1202731,FKSH16,140.3766,37.7643,300,307,0.23800494236579925,0.18904180240852753,0.3039481561073629,3.0,P0300,290.0,-0.0296119264123799
1202741,1202751,FKSH17,140.5974,37.6636,100,583,0.09390646342414605,0.03138106529043722,0.19975771636203066,3.0,P0300,560.0,-0.003310405372335
1202761,1202771,FKSH18,140.538,37.4894,100,588,0.18078547384459565,0.0701508060403044,0.3524480345905241,3.0,P0300,564.0,0.1393967217718859
1202781,1202791,FKSH19,140.7227,37.4703,100,594,0.22042252307149185,0.0985200010474575,0.3681397949597598,3.0,P0300,568.0,0.0174696371682471
1202801,1202811,FKSH20,140.9871,37.4911,109,430,0.2271115171143822,0.14580450284937793,0.338047931858806,3.0,P0300,416.0,-0.0190351561836507
1202821,1202831,FKSH21,139.3147,37.3421,200,270,0.0749289556986833,0.050581211982905466,0.1246526832047921,3.0,P0300,264.0,-0.1705607509337731
1202851,1202861,GIFH03,136.6134,35.6325,100,70,0.02627906782366942,0.015474869855736356,0.06596758929357197,3.0,P0300,70.0,0.0407207191891551
1202871,1202881,GIFH04,137.1983,36.2448,100,45,0.03832965834596449,0.013017017928660491,0.062213924886673606,3.0,P0300,45.0,-0.1964590245815091
1202891,1202901,GIFH05,136.9479,36.0654,100,20,0.04802457724413205,0.014034799201059801,0.17132718539854416,3.0,P0300,20.0,-0.1321630409151782
1202911,1202921,GIFH06,136.7939,35.5038,201,44,0.03914815287123921,0.02638434038787372,0.07979472445054209,3.0,P0300,44.0,0.0382417301487838
1202931,1202941,GIFH07,136.4347,35.4179,100,44,0.01828261790472375,0.0024319870681233954,0.047836577397420386,3.0,P0300,44.0,-0.0679936506453821
1202951,1202961,GIFH08,136.9621,35.8323,100,67,0.01971514041358789,0.01123787750932977,0.039482376779624385,3.0,P0300,67.0,-0.0842609903604195
1202971,1202981,GIFH09,136.7002,35.2768,1508,42,0.9883954668985919,0.8113045787692865,1.1368109203540033,3.0,P0300,42.0,0.1813931981187458
1202991,1203001,GIFH10,137.3716,36.3779,100,54,0.026248628131373422,0.016800344360547316,0.05452432878730837,3.0,P0300,52.0,-0.2436938584596375
1203011,1203021,GIFH11,137.2464,35.4865,100,66,0.014489055235680599,0.00557693923742479,0.027590299465968637,3.0,P0300,65.0,-0.0756435075937316
1203031,1203041,GIFH12,136.4134,35.6033,106,46,0.023759050358997294,0.014879581220395092,0.06874209509125373,3.0,P0300,46.0,0.0087173195760985
1203051,1203061,GIFH13,136.8979,36.2743,154,45,0.03962698671346573,0.029212813468789692,0.07245845654939156,3.0,P0300,43.0,-0.131891303813627
1203071,1203081,GIFH14,137.5174,36.2493,100,54,0.024201407615974554,0.012607727232054926,0.07479347885765261,3.0,P0300,53.0,-0.4126126337591366
1203091,1203101,GIFH15,137.2208,36.1338,105,63,0.09025657067477182,0.04800866797107756,0.2481123680230433,3.0,P0300,62.0,-0.0645019554120302
1203111,1203121,GIFH16,137.3438,36.094,100,61,0.015428333405622177,0.010893782692763691,0.03131685608890239,3.0,P0300,60.0,-0.0161790232990137
1203131,1203141,GIFH17,136.8732,35.9514,100,44,0.041649030436468726,0.02346865923613338,0.09684556706552822,3.0,P0300,43.0,-0.11191386455553
1203151,1203161,GIFH18,137.1495,35.8991,107,67,0.026745404508383336,0.014576240459725807,0.040182973401269556,3.0,P0300,66.0,-0.1014868694688241
1203171,1203181,GIFH19,137.3906,36.0216,100,80,0.014400562863096126,0.007377178577586362,0.025058091845827055,3.0,P0300,79.0,-0.1670298214591524
1203191,1203201,GIFH20,137.2531,35.7991,128,72,0.039351420701571424,0.025178639887360656,0.09353675667982346,3.0,P0300,71.0,-0.0720177301579065
1203211,1203221,GIFH21,136.9618,35.6665,200,42,0.032618190725971635,0.02337226403275184,0.04610314567035202,3.0,P0300,42.0,0.030450537103278
1203231,1203241,GIFH22,137.1054,35.6682,100,31,0.04273851087646578,0.026449154783898067,0.06969320053802115,3.0,P0300,31.0,-0.1601957845647115
1203251,1203261,GIFH23,136.7847,35.7235,100,48,0.02616355574535689,0.014838345425050158,0.046392949503649965,3.0,P0300,48.0,0.0044287584581565
1203271,1203281,GIFH24,137.3187,35.6401,107,78,0.009288576880746913,0.003435447511407056,0.023267345088320127,3.0,P0300,77.0,-0.2782043149471122
1203291,1203301,GIFH25,136.6127,35.5214,102,40,0.03443110905503314,0.020629547952766975,0.05590622775551764,3.0,P0300,40.0,-0.2911647625074504
1203311,1203321,GIFH26,136.8764,35.4121,100,51,0.04228610459464431,0.021775322703854072,0.08183359469889126,3.0,P0300,51.0,-0.0793127263702454
1203331,1203341,GIFH27,137.004,35.4527,200,58,0.027584236409216614,0.016893251860863035,0.04626662052861962,3.0,P0300,58.0,-0.2517388556512546
1203351,1203361,GIFH28,137.4706,35.4571,401,75,0.43973320136736815,0.34223234121627333,0.5329061607528921,3.0,P0300,74.0,0.0109158033316643
1203371,1203381,GIFH29,136.4732,35.2953,136,17,0.07739981180177373,0.05563663192703104,0.2047965774794359,3.0,P0300,,
1203411,1203421,GNMH05,139.1847,36.3143,2000,298,0.31864322010354834,0.2623600544649151,0.3898115265201145,3.0,P0300,287.0,-0.1045272047535416
1203431,1203441,GNMH06,139.5443,36.2441,1203,89,0.935653075966809,0.8592180227863866,0.9883033730865035,3.0,P0300,85.0,0.1931795608374622
1203451,1203461,GNMH07,139.2104,36.6998,200,414,0.050452446423769774,0.02823530845151456,0.08720670706785758,3.0,P0300,403.0,-0.258070971809667
1203471,1203481,GNMH08,138.5244,36.4917,150,304,0.13564190393659825,0.11202014702255374,0.17214708899648481,3.0,P0300,298.0,0.1190548143737327
1203491,1203501,GNMH09,138.9068,36.6212,110,324,0.019658908956550265,0.009712866591628923,0.028527798358977532,3.0,P0300,317.0,-0.1966929534918141
1203511,1203521,GNMH10,138.7291,36.2356,100,90,0.023301501730862435,0.012322094567411374,0.04554784749194313,3.0,P0300,86.0,-0.2850463547858666
1203531,1203541,GNMH11,138.921,36.2862,200,364,0.0557659131588436,0.039200024150713726,0.07784707999039822,3.0,P0300,353.0,-0.1205077197062395
1203551,1203561,GNMH12,138.9129,36.144,102,338,0.10234992815181806,0.034571441456409405,0.23993584593320444,3.0,P0300,329.0,0.0089289524927652
1203571,1203581,GNMH13,139.0627,36.862,204,216,0.07579672173814435,0.04220830623317038,0.2043160911797458,3.0,P0300,211.0,-0.0900494383107108
1203591,1203601,GNMH14,139.3219,36.4931,200,328,0.033797625390110095,0.019096445206248078,0.062474159260205456,3.0,P0300,317.0,-0.1642487112606125
1203611,1203621,HDKH01,142.2296,42.7031,100,219,0.024338497080172557,0.014584234211109657,0.04126763122763335,3.0,P0300,210.0,0.2415259717661024
1203631,1203641,HDKH02,142.4054,42.7061,110,142,0.03849340676483673,0.025809562274730025,0.05892608899095958,3.0,P0300,134.0,0.2080387027218142
1203651,1203661,HDKH03,142.3521,42.5934,106,216,0.05838568307579243,0.03868216460282112,0.09079243921182303,3.0,P0300,208.0,0.0861478928184444
1203671,1203681,HDKH04,142.0381,42.5126,220,233,0.09142638715135747,0.0698212852235229,0.14152699711604336,3.0,P0300,225.0,-0.069808176139524
1203691,1203701,HDKH05,142.5446,42.5977,100,211,0.018917491848548885,0.008807755658463425,0.03406154672222998,3.0,P0300,204.0,-0.00905370916858
1203711,1203721,HDKH06,142.3572,42.3498,115,236,0.11275894996641392,0.07777384510727998,0.18566129527161157,3.0,P0300,229.0,0.106157234756753
1203731,1203741,HDKH07,142.9164,42.133,101,309,0.048448699012832844,0.03593441745889811,0.07775048678360723,3.0,P0300,299.0,0.3260363124654912
1203751,1203761,HRSH01,133.0236,34.3736,205,50,0.053221561816355914,0.029283611950400898,0.10558756935775762,3.0,P0300,50.0,-0.0432765793014176
1203771,1203781,HRSH02,132.948,34.5482,100,24,0.028018786962714134,0.011824122506491983,0.06481175493682313,3.0,P0300,24.0,-0.1082701636740233
1203791,1203801,HRSH03,133.1375,34.5183,200,44,0.052454277949341065,0.03328090178843907,0.14162538923358395,3.0,P0300,44.0,0.0323554865423615
1203811,1203821,HRSH04,133.3493,34.3785,200,44,0.03257151962115258,0.01841541970657896,0.06300673881497702,3.0,P0300,44.0,-0.2607877932658372
1203831,1203841,HRSH05,133.4179,34.5566,200,32,0.08212120499742799,0.04212377547702844,0.24947929042278727,3.0,P0300,32.0,-0.1883091884287311
1203851,1203861,HRSH06,132.9123,34.9137,100,25,0.06402054092599284,0.03829762145276627,0.2703433802499533,3.0,P0300,25.0,-0.0400075764621783
1203871,1203881,HRSH07,132.6411,34.2883,102,68,0.10219997545628906,0.05453145314011622,0.19986292781818696,3.0,P0300,68.0,-0.0427154278687149
1203891,1203901,HRSH08,132.1611,34.3935,100,30,0.017888543495183904,0.004555704538648067,0.02772990040476627,3.0,P0300,30.0,-0.0637434041256023
1203911,1203921,HRSH09,132.9524,34.7016,115,32,0.021622020067287476,0.007741791636196402,0.040971979411067255,3.0,P0300,32.0,-0.0346614558413547
1203931,1203941,HRSH10,132.3794,34.7471,100,43,0.08084204096973997,0.023118746517571072,0.31689962554264794,3.0,P0300,43.0,0.1406101093806483
1203951,1203961,HRSH11,133.1674,34.8225,100,35,0.020166547173888775,0.012048943031038508,0.0483670108467399,3.0,P0300,35.0,-0.1764553223163227
1203971,1203981,HRSH12,132.4295,34.581,150,13,0.0032529416029030028,-1.3307697254057117e-05,0.02879032268432734,3.0,P0300,,
1203991,1204001,HRSH13,132.3907,34.4122,200,18,0.08182555211047968,0.022791379418841975,0.13549702979683972,3.0,P0300,,
1204011,1204021,HRSH14,132.4063,34.209,100,49,0.054190538039777345,0.03606283258015947,0.10515512972915378,3.0,P0300,49.0,-0.2115605058143521
1204031,1204041,HRSH15,132.5053,34.1161,100,51,0.03620001947669869,0.017114916584111482,0.05003334594772126,3.0,P0300,51.0,-0.0981388581691241
1204051,1204061,HRSH16,132.6689,34.6629,100,29,0.04403211856992191,0.010709138883702838,0.08932072245328593,3.0,P0300,29.0,0.066900036020217
1204071,1204081,HRSH17,132.2326,34.5716,102,42,0.008326687672070652,0.0005210889451333499,0.02667307058604889,3.0,P0300,42.0,-0.1180444404752448
1204091,1204101,HRSH18,132.7923,34.4572,100,41,0.04049965484378253,0.025720954330645415,0.10760155619472381,3.0,P0300,41.0,-0.1808644578113754
1204111,1204121,HYGH01,134.7941,34.2937,102,35,0.08941863000134685,0.051738067602520046,0.15292244613849196,3.0,P0300,35.0,-0.157422057083073
1204131,1204141,HYGH02,134.4234,35.0671,103,37,0.019911210902966835,0.010353815463890874,0.036222550609889735,3.0,P0300,37.0,-0.286358097702391
1204151,1204161,HYGH03,134.5237,35.2193,100,29,0.027488632029543762,0.017340973139769896,0.07768903895082324,3.0,P0300,29.0,-0.2841527361170282
1204171,1204181,HYGH04,135.2811,35.0708,100,34,0.02451066813516571,0.005976931387378573,0.038568628451332465,3.0,P0300,34.0,-0.2708049902196573
1204191,1204201,HYGH05,134.3284,34.8995,100,11,0.0077573076774465075,-0.0011100809061708279,0.01890199126631684,3.0,P0300,,
1204211,1204221,HYGH06,134.4792,34.7935,200,23,0.023976140033575687,0.006039323667563262,0.03715509357325571,3.0,P0300,23.0,-0.3106316535374773
1204231,1204241,HYGH07,134.6701,35.0322,100,28,0.01971804797575115,0.004290283097584511,0.03348060490204977,3.0,P0300,28.0,-0.4717188483556722
1204251,1204261,HYGH08,134.9036,35.101,110,40,0.058907523990017946,0.02674023084077852,0.12395092095730534,3.0,P0300,40.0,-0.2933668052567461
1204271,1204281,HYGH09,135.0844,34.9082,100,40,0.07515379685142304,0.03603022514735779,0.16306888135207717,3.0,P0300,40.0,-0.1436824755438216
1204291,1204301,HYGH10,134.8078,34.8164,100,39,0.23680662568787192,0.12337731389906503,0.42598846635109067,3.0,P0300,39.0,-0.0151582212854179
1204311,1204321,HYGH11,134.9071,35.2925,200,33,0.17110336857725975,0.059704505334790284,0.2972404793128555,3.0,P0300,33.0,-0.2279309808918211
1204331,1204341,HYGH12,134.5423,34.9313,100,34,0.02341139783859815,-0.011351574532670498,0.04459070942140975,3.0,P0300,34.0,-0.3617733816200455
1204351,1204361,HYGH13,134.6566,35.6208,101,15,0.13291652443502822,0.06723381761583483,0.20775176038381565,3.0,P0300,,
1204371,1204381,HYGH14,134.8621,35.4574,101,28,0.02236213048446463,0.007184131614424563,0.03940209922504323,3.0,P0300,28.0,-0.1990742809389546
1204391,1204401,HYGH15,134.5953,35.4697,100,15,0.028634878981755707,0.013672929596629486,0.05901151395463188,3.0,P0300,,
1204411,1204421,HYMH01,139.9678,42.4851,112,76,0.04784127102983693,0.03129160878560975,0.07066314380896335,3.0,P0300,75.0,-0.0786412798341577
1204431,1204441,HYMH02,140.3087,41.9856,101,116,0.06581719269864278,0.05062845064893636,0.09214523494960189,3.0,P0300,115.0,-0.1738252030101934
1204451,1204461,HYMH03,140.004,42.1344,100,24,0.009617748442037645,0.004266680697329401,0.018641813009369852,3.0,P0300,24.0,-0.3525337960336454
1204481,1204491,IBRH06,140.6545,36.8809,100,205,0.06726263754658862,0.023710397563902686,0.15661191423463894,3.0,P0300,198.0,-0.05173781119979
1204501,1204511,IBRH07,140.3301,35.9521,1200,412,1.1399152677856925,1.0119521995828094,1.243078795033486,3.0,P0300,394.0,0.2825336517283829
1204521,1204531,IBRH08,140.5621,36.1188,1200,168,0.7129390977871566,0.6565561275487772,0.7691216507972989,3.0,P0300,162.0,0.1427520203143767
1204541,1204551,IBRH09,140.3559,36.439,105,76,0.11125401507412916,0.03582174961023243,0.30083765853735167,3.0,P0300,74.0,-0.2287706857722569
1204561,1204571,IBRH10,139.9889,36.1112,900,380,1.0159187168108994,0.8812657498343337,1.1353482831280257,3.0,P0300,364.0,0.2050775184156779
1204581,1204591,IBRH11,140.1401,36.3701,103,520,0.35296225860332686,0.17253286472776963,0.5530953786280008,3.0,P0300,499.0,0.1822802430076938
1204601,1204611,IBRH12,140.3181,36.8369,200,478,0.10858681408613122,0.05419427147744776,0.22215523860455916,3.0,P0300,460.0,0.069960047568
1204621,1204631,IBRH13,140.575,36.7955,100,523,0.1893754229670812,0.07973165533921298,0.33711555789555886,3.0,P0300,503.0,0.0320259659704219
1204641,1204651,IBRH14,140.5484,36.6922,100,511,0.03244934045816259,0.01594163942215507,0.0643444336713509,3.0,P0300,491.0,-0.1175001251286132
1204661,1204671,IBRH15,140.3013,36.5566,107,519,0.08251991410856964,0.028203483518792725,0.1845102186893306,3.0,P0300,498.0,-0.0432654608478701
1204681,1204691,IBRH16,140.3976,36.6405,300,518,0.15899329137801788,0.08357536607760421,0.2932977899849228,3.0,P0300,498.0,-0.1573877911931941
1204701,1204711,IBRH17,140.314,36.0864,510,461,0.8282676535198147,0.7556233037139052,0.9052785309494866,3.0,P0300,440.0,0.1419230138841301
1204721,1204731,IBRH18,140.6198,36.3631,504,484,0.1884041768869927,0.1280188762734284,0.3091717878561842,3.0,P0300,465.0,-0.2529665382362696
1204741,1204751,IBRH19,140.0893,36.2137,209,433,0.03748450638123197,0.022744431613285255,0.07267284387277276,3.0,P0300,416.0,-0.1100241126308182
1204761,1204771,IBRH20,140.7323,35.8284,921,301,0.5482490030875712,0.5056462171283173,0.6004335883141111,3.0,P0300,289.0,0.0042899559771586
1204781,1204791,IBRH21,140.105,35.9814,929,109,0.5878368241489057,0.5025882145514353,0.6682231017027925,3.0,P0300,104.0,-0.1385085989025493
1204871,1204881,IBUH01,141.8191,42.8739,100,191,0.05531243669533048,0.036244586929907285,0.10932226310020271,3.0,P0300,186.0,0.0155617467414137
1204891,1204901,IBUH02,142.1285,42.8714,102,152,0.023984064918926268,0.014137541139518374,0.03634481108701624,3.0,P0300,148.0,0.1356834852926888
1204911,1204921,IBUH03,141.8641,42.6486,153,108,0.4085864350966125,0.3413601377124771,0.513459650832023,3.0,P0300,102.0,0.1855439929680538
1204931,1204941,IBUH04,140.665,42.6415,103,50,0.059406010396212364,0.03507734108446936,0.11633365716358161,3.0,P0300,49.0,-0.2624438967803707
1204951,1204961,IBUH05,141.3497,42.5629,177,197,0.10539258058586805,0.08118870938589859,0.13644478998723125,3.0,P0300,192.0,0.0196805053553054
1204971,1204981,IBUH06,141.0017,42.4116,562,128,0.4405812479685728,0.33248134378340227,0.5301939807849108,3.0,P0300,125.0,-0.0447841720781158
1204991,1205001,IBUH07,141.0643,42.6476,200,122,0.17702780358988396,0.11450226842062355,0.2699098983707786,3.0,P0300,119.0,0.0562539446841059
1205011,1205021,IKRH01,141.5836,43.4087,200,114,0.08983457936040368,0.07580758582754935,0.13034335882158182,3.0,P0300,111.0,0.0310585892338071
1205031,1205041,IKRH02,141.6523,43.2204,127,139,0.2085216521013463,0.18893080800752288,0.2287061044260788,3.0,P0300,135.0,0.3583457855501437
1205051,1205061,IKRH03,141.6399,42.888,252,168,0.2509396776336237,0.20549721598856557,0.3173743923758529,3.0,P0300,164.0,0.0723380718229694
1205071,1205081,ISKH01,137.2844,37.5266,200,31,0.23307281065299676,0.18427023462784342,0.26366642750644087,3.0,P0300,31.0,0.1137048682032512
1205091,1205101,ISKH02,137.0413,37.3644,102,50,0.052858637443494935,0.027590649796418138,0.07817406039617183,3.0,P0300,47.0,-0.0935227560448323
1205111,1205121,ISKH03,137.2436,37.3458,207,59,0.06132163892720308,0.03343751495954053,0.10212650994850331,3.0,P0300,56.0,-0.0134999494276045
1205131,1205141,ISKH04,136.7176,37.1902,116,39,0.11056385186484548,0.0700664679061274,0.22591077989209224,3.0,P0300,36.0,-0.1386129925686074
1205151,1205161,ISKH05,136.9689,37.2224,105,34,0.00829458944925001,9.047138631294648e-05,0.03966661589378232,3.0,P0300,32.0,-0.0852611757154259
1205171,1205181,ISKH06,136.8206,37.0533,200,47,0.32792353580649847,0.2737313651075565,0.4172803575393024,3.0,P0300,44.0,-0.0512236824732415
1205191,1205201,ISKH07,136.6357,36.515,802,42,0.5399507244238297,0.4436855391704714,0.6182951759797882,3.0,P0300,42.0,-0.1017572446044758
1205211,1205221,ISKH08,136.7906,36.738,100,37,0.019816584225493386,0.011214984189038485,0.07568537558179789,3.0,P0300,34.0,-0.0721846368653281
1205231,1205241,ISKH09,136.7168,36.2667,106,51,0.029409153941929476,0.01801382221930433,0.08047568107457438,3.0,P0300,51.0,-0.1326164616206341
1205251,1205261,IWTH01,141.3423,40.2383,200,402,0.15882144391093614,0.1080146840785466,0.24941033876523333,3.0,P0300,390.0,0.2883975175400315
1205271,1205281,IWTH02,141.3826,39.825,102,460,0.1775110461433978,0.0684415833096691,0.3543790359995633,3.0,P0300,445.0,0.1457670762572233
1205291,1205301,IWTH03,141.652,39.802,101,473,0.025199172522069775,0.007345834362155036,0.05888793460817209,3.0,P0300,457.0,-0.1609327159285963
1205311,1205321,IWTH04,141.3909,39.1809,106,546,0.12187350992112075,0.05123529483013999,0.24223707800832467,3.0,P0300,524.0,0.058155758320706
1205331,1205341,IWTH05,141.3512,38.8654,101,524,0.07338973339639238,0.025542614463265213,0.16883857700277613,3.0,P0300,499.0,-0.0805724107765656
1205351,1205361,IWTH06,141.1709,40.2611,100,308,0.03336073557399405,0.022726528003434915,0.05340249999168395,3.0,P0300,299.0,0.0822774268876877
1205371,1205381,IWTH07,141.5709,40.2705,120,406,0.028707068505492424,0.009794722161113545,0.06159156970039367,3.0,P0300,396.0,-0.0812425910613216
1205391,1205401,IWTH08,141.7831,40.2686,100,363,0.1297658266483762,0.048899685467026374,0.2780699467329737,3.0,P0300,355.0,-0.0642659589594529
1205411,1205421,IWTH09,141.712,40.0861,100,432,0.017707217838095098,0.0036845021816100452,0.0452206890925288,3.0,P0300,419.0,-0.1515074763159447
1205431,1205441,IWTH10,140.9529,40.1391,100,386,0.018690605444154997,0.007332266730870868,0.05174329222301462,3.0,P0300,375.0,-0.0398659005717952
1205451,1205461,IWTH11,141.1915,40.0811,300,403,0.19834860251732692,0.13352136228370132,0.2733400583788389,3.0,P0300,390.0,-0.0275092088992071
1205471,1205481,IWTH12,141.4245,40.1533,100,421,0.16090202133159662,0.06938401137369804,0.2773636677245494,3.0,P0300,411.0,-0.0058642060082189
1205491,1205501,IWTH13,141.5492,39.9398,117,379,0.016629987319520898,0.005718619442766974,0.033057555887281,3.0,P0300,369.0,-0.0124218134444792
1205511,1205521,IWTH14,141.9087,39.7435,100,473,0.03311051977818512,0.012849863652754681,0.08797537093971378,3.0,P0300,460.0,-0.0255795930661399
1205531,1205541,IWTH15,141.0929,39.6148,122,511,0.1249221698792785,0.09535806791247989,0.16698748057124385,3.0,P0300,493.0,0.3568624534039437
1205551,1205561,IWTH16,140.9465,39.6436,150,489,0.08210454749096917,0.061975804478185265,0.11480664072667164,3.0,P0300,474.0,0.1591237414541342
1205571,1205581,IWTH17,141.5977,39.6442,103,507,0.02379768217746625,0.011182003838322883,0.04416611634274318,3.0,P0300,491.0,-0.0078620534543007
1205591,1205601,IWTH18,141.6775,39.463,100,489,0.02318242156716971,0.00660371061392955,0.056547743616283286,3.0,P0300,472.0,-0.0974177983637606
1205611,1205621,IWTH19,141.0001,39.4559,100,385,0.05104772959411663,0.030956626106109345,0.09202034952344659,3.0,P0300,376.0,0.0353041525826224
1205631,1205641,IWTH20,141.0473,39.3434,156,451,0.21104681285706559,0.18706966144766224,0.24889855260295563,3.0,P0300,436.0,0.4302888916670764
1205651,1205661,IWTH21,141.9336,39.4734,100,497,0.04810593960966074,0.010861299017973364,0.13401905023282754,3.0,P0300,480.0,-0.1577127755291442
1205671,1205681,IWTH22,141.3015,39.334,100,516,0.03979755903996267,0.01603516000659031,0.08833590301702401,3.0,P0300,499.0,0.0424864197269071
1205691,1205701,IWTH23,141.8233,39.2741,103,522,0.030124538869791818,0.012536910169837557,0.06930017320580244,3.0,P0300,502.0,-0.184245534225032
1205711,1205721,IWTH24,141.0118,39.1979,151,485,0.05210215049801883,0.04094404884168571,0.0672455298118804,3.0,P0300,464.0,0.3414902172499942
1205731,1205741,IWTH25,140.8638,39.0092,261,103,0.11366096362930188,0.0678055888584694,0.2039492655839895,3.0,P0300,101.0,-0.2323633390134635
1205751,1205761,IWTH26,141.0013,38.969,108,568,0.05855976419882475,0.036396292181440595,0.09108102949781621,3.0,P0300,546.0,0.1259339976974295
1205771,1205781,IWTH27,141.532,39.0307,100,556,0.04493263548792731,0.014783475888961074,0.12370243704865858,3.0,P0300,536.0,0.0321074446128817
1205791,1205801,IWTH28,140.864,39.0094,263,359,0.12453438085489385,0.08121138795522195,0.2320281497952374,3.0,P0300,341.0,-0.1766040661222067
1205841,1205851,KGSH01,130.1191,32.1554,201,51,0.04311646005912813,0.017788890779442887,0.07421106898621584,3.0,P0300,49.0,0.0533994995375605
1205861,1205871,KGSH02,130.2077,31.994,201,33,0.023518612188601785,0.002651125401576426,0.03898936861851211,3.0,P0300,32.0,0.050899317505842
1205881,1205891,KGSH03,130.4438,31.9812,100,68,0.007816459727324228,0.0015392843393871522,0.013408047998260068,3.0,P0300,66.0,-0.0109131547971916
1205901,1205911,KGSH04,130.3602,31.8374,99,57,0.09778504924425196,0.06229492163387998,0.13036317831250432,3.0,P0300,55.0,-0.09144501089903
1205921,1205931,KGSH05,130.4958,31.8699,106,72,0.0542026094990582,0.04243888162255631,0.0734061285938186,3.0,P0300,69.0,-0.0079602111592757
1205941,1205951,KGSH06,130.4594,31.6988,202,54,0.11711573624533511,0.08552111330563819,0.16744980928834094,3.0,P0300,51.0,-0.0778946229443312
1205961,1205971,KGSH07,130.6149,31.714,301,66,0.5198650747824001,0.469422199711335,0.569525511662387,3.0,P0300,63.0,0.2278730417250229
1205981,1205991,KGSH08,130.9969,31.5618,149,79,0.07314133223772203,0.04203864273069924,0.12287496739244169,3.0,P0300,77.0,-0.1747537711495765
1206001,1206011,KGSH09,130.4333,31.3741,100,68,0.060809372075177344,0.027439490695212464,0.10903065865190553,3.0,P0300,66.0,-0.2009638215354034
1206021,1206031,KGSH10,130.6183,31.2066,202,69,0.07573995808328904,0.05587622308522028,0.11198385870641976,3.0,P0300,68.0,-0.0462743691237726
1206041,1206051,KGSH11,130.699,31.0899,199,53,0.033732237539740265,0.015216488031441808,0.06831189964390444,3.0,P0300,51.0,-0.2280990619255719
1206061,1206071,KGSH12,131.0877,31.2583,150,63,0.020390976112584634,0.011544508679241169,0.033464094968136175,3.0,P0300,63.0,-0.0913141220877696
1206081,1206091,KGSH13,130.8541,31.4005,101,19,0.1429643671824866,0.09001719842265182,0.23141539362138602,3.0,P0300,,
1206101,1206111,KGWH01,133.9493,34.2186,117,38,0.06945511821490649,0.016135045113914535,0.16698736940580408,3.0,P0300,38.0,-0.1302089033323178
1206121,1206131,KGWH02,133.7081,34.198,200,38,0.20695556763697837,0.1584223580589198,0.2889955573639247,3.0,P0300,38.0,-0.0205093626500227
1206141,1206151,KGWH03,134.1482,34.27,100,21,0.0025742188828206665,-0.0005941776717827785,0.011384289386040969,3.0,P0300,21.0,-0.0409860886973601
1206161,1206171,KGWH04,134.3043,34.2264,105,13,0.1420197991546533,0.09200803591266488,0.18043268653171102,3.0,P0300,,
1206181,1206191,KGWH05,134.3241,34.4572,433,20,0.07074335582206896,0.04934520667084656,0.10362313539044529,3.0,P0300,20.0,-0.4225270588302251
1206201,1206211,KKWH01,142.3036,44.5973,111,14,0.04239354040941381,0.02605670348363558,0.2850685396396507,3.0,P0300,,
1206221,1206231,KKWH02,142.5736,44.5509,112,40,0.02307278839180039,0.011939691530177649,0.03359683688301282,3.0,P0300,40.0,-0.1273227234729059
1206241,1206251,KKWH03,142.2725,44.4732,100,24,0.017386574516103287,0.009556656697329411,0.023692096350781434,3.0,P0300,24.0,-0.0489757961554091
1206261,1206271,KKWH04,142.4056,44.4376,100,46,0.0325314696309187,0.024050055622641946,0.05225678904570269,3.0,P0300,46.0,0.3907252419832062
1206281,1206291,KKWH05,142.6303,44.2921,300,51,0.08982262696779283,0.08028449671139344,0.10769378824628179,3.0,P0300,51.0,0.0678207771128133
1206301,1206311,KKWH06,142.7656,44.3207,100,35,0.002328622299447111,-0.0026797795798560523,0.010921901350627233,3.0,P0300,35.0,-0.2963330322322255
1206321,1206331,KKWH07,142.3409,43.3697,109,82,0.039747651828508895,0.02390576583640187,0.09576078801550147,3.0,P0300,80.0,0.0306801277099006
1206341,1206351,KKWH08,142.6562,43.0406,100,202,0.09388759043938721,0.03935067356011404,0.20508196542161816,3.0,P0300,194.0,0.1276850560521268
1206361,1206371,KKWH09,142.2542,44.7745,106,12,0.01509531793992766,0.008315460480157608,0.025283894459575677,3.0,P0300,,
1206381,1206391,KKWH10,142.0528,44.6617,105,24,0.0287476380006519,0.015464498788537536,0.0435517065672312,3.0,P0300,24.0,0.2608171740254768
1206401,1206411,KKWH11,142.2834,43.9754,105,40,0.04656991855771116,0.028980988912256485,0.1165292590247538,3.0,P0300,40.0,-0.0876862396068695
1206421,1206431,KKWH12,142.6006,43.5038,207,127,0.03733884713260794,0.029140353244565383,0.05207866527413313,3.0,P0300,125.0,-0.2287830715005633
1206441,1206451,KKWH13,142.3906,43.5113,168,96,0.06381486583359852,0.047282459663278015,0.1013931885713687,3.0,P0300,94.0,-0.1836142299064908
1206461,1206471,KKWH14,142.5245,43.3841,150,154,0.02393693801191997,0.015100292547626066,0.03939932304501781,3.0,P0300,148.0,-0.251242406020897
1206481,1206491,KKWH15,142.7656,43.8546,148,67,0.03421481182107326,0.019766133865205274,0.05389038874177446,3.0,P0300,67.0,-0.0431317632400611
1206501,1206511,KMMH01,130.6949,33.1089,99,51,0.01804469844777862,0.006548141463289917,0.03649730507658503,3.0,P0300,50.0,-0.1317392037236806
1206521,1206531,KMMH02,131.0629,33.122,124,53,0.04614021177640438,0.031055265922198177,0.0958417804053599,3.0,P0300,52.0,0.0794846873966724
1206541,1206551,KMMH03,130.8301,32.9984,200,53,0.1292506916355969,0.057883200053773655,0.23887530341261826,3.0,P0300,52.0,-0.223700436397596
1206561,1206571,KMMH04,131.0199,32.9514,128,23,0.565367012959361,0.5449993635281176,0.5798055375330465,3.0,P0300,21.0,0.5988679725339717
1206581,1206591,KMMH05,131.2207,32.9553,100,45,0.25449521777433054,0.13406698345817553,0.32450988848003204,3.0,P0300,44.0,-0.2508947720820707
1206601,1206611,KMMH06,131.101,32.8114,111,60,0.12490924029919477,0.10822657169282236,0.16621474815184917,3.0,P0300,59.0,-0.2461230842840753
1206621,1206631,KMMH07,130.5584,32.6234,300,62,0.12339886020687957,0.08582464365942066,0.19569323822478868,3.0,P0300,60.0,-0.0487378129221151
1206641,1206651,KMMH08,131.0251,32.6501,103,41,0.09812549395263703,0.04983224784337874,0.16452800961627392,3.0,P0300,41.0,-0.0264118112855635
1206661,1206671,KMMH09,130.9046,32.4901,100,70,0.08232062767224199,0.029173338257979405,0.1736586503245874,3.0,P0300,69.0,-0.2015560923112728
1206681,1206691,KMMH10,130.1811,32.3151,300,51,0.09046176581945178,0.06863155102289761,0.14066361566571753,3.0,P0300,50.0,0.2029472459236402
1206701,1206711,KMMH11,130.5777,32.2918,300,58,0.04043529241101024,0.02486669658448483,0.07987595725668606,3.0,P0300,57.0,0.0299346901481853
1206721,1206731,KMMH12,130.7371,32.2054,123,58,0.09733133752776392,0.06577069411204767,0.14005446503239236,3.0,P0300,57.0,-0.0713643840484192
1206741,1206751,KMMH13,130.9096,32.2209,177,47,0.08136241366975026,0.06172332340105148,0.09865587020712438,3.0,P0300,45.0,0.0643317514697957
1206761,1206771,KMMH14,130.7521,32.6345,110,68,0.22000344272845848,0.12929406981775535,0.2848145350091059,3.0,P0300,67.0,0.07952234354878
1206781,1206791,KMMH15,130.3647,32.1704,110,57,0.014322265268922331,0.004256256295631606,0.025857657164274392,3.0,P0300,57.0,-0.0547902618290969
1206801,1206811,KMMH16,130.8199,32.7967,252,57,0.19141747807958673,0.15638793520601998,0.22076580337601476,3.0,P0300,57.0,-0.0163424019999661
1206821,1206831,KMMH17,130.5608,32.9873,100,30,0.008571540758372811,0.0012849666963724452,0.017248337713036258,3.0,P0300,29.0,-0.0826305467683652
1206841,1206851,KMMH18,131.0071,33.0031,77,10,0.08804366291995075,0.05430003360993321,0.12292665540016001,3.0,P0300,,
1206911,1206921,KNGH10,139.5195,35.4991,2000,328,0.46863464684942036,0.4047417434141749,0.551702197406245,3.0,P0300,320.0,0.1196276325706486
1206931,1206941,KNGH11,139.3539,35.404,1800,193,0.7829804384768115,0.7134735031007976,0.8769087039983731,3.0,P0300,189.0,0.0395329281724321
1206951,1206961,KNGH18,139.1283,35.6437,100,299,0.052869132581889765,0.026467533003878434,0.10713867968528444,3.0,P0300,289.0,0.0382265431995648
1206971,1206981,KNGH19,139.0436,35.4173,100,200,0.024456349007503417,0.00805876128806962,0.05092154690208949,3.0,P0300,199.0,-0.1149384938069911
1206991,1207001,KNGH20,139.126,35.3663,105,260,0.029779928219505463,0.020777485713191914,0.04401042053878282,3.0,P0300,253.0,0.1529561325965728
1207011,1207021,KNGH21,139.2146,35.4628,210,234,0.03009527904110998,0.018029718631072514,0.04628417518939246,3.0,P0300,231.0,-0.0591860401040208
1207031,1207041,KNGH22,139.091,35.3583,2000,18,0.5251408617984171,0.42741913758195643,0.5833550298233047,3.0,P0300,,
1207051,1207061,KNGH23,139.611,35.2624,100,171,0.03708971162768012,0.025735636584297533,0.05778963821322955,3.0,P0300,166.0,-0.0541411322043698
1207071,1207081,KOCH01,134.1197,33.5421,200,32,0.02872172995563555,0.01694379583663494,0.05225425733522678,3.0,P0300,32.0,-0.1064898052991177
1207091,1207101,KOCH02,133.3641,33.7079,100,48,0.020641950329085973,0.011025550615133373,0.035547350663434465,3.0,P0300,48.0,-0.1143265338326049
1207111,1207121,KOCH03,132.9891,33.2683,100,51,0.019521646627824393,0.008497906146289752,0.027078122130608395,3.0,P0300,51.0,-0.1947581251274731
1207131,1207141,KOCH04,132.7066,32.8414,100,64,0.010349359201712729,0.0034169866034737552,0.020006522740201572,3.0,P0300,63.0,-0.2946543055210945
1207151,1207161,KOCH05,133.1444,33.6472,100,55,0.025478709233390788,0.010481955166067813,0.055509947680683555,3.0,P0300,55.0,-0.2562275459644995
1207171,1207181,KOCH06,132.9524,33.0754,100,20,0.021614337990846427,0.014918019622186177,0.039510922591695086,3.0,P0300,20.0,-0.0533280042035545
1207191,1207201,KOCH07,133.2866,33.392,104,53,0.02820978673643468,0.021423764897631047,0.050306200022283906,3.0,P0300,53.0,-0.2103040941454403
1207211,1207221,KOCH08,132.9718,32.7797,100,50,0.016356359733530147,0.005573536596884107,0.03917699871292506,3.0,P0300,50.0,-0.4701690207086026
1207231,1207241,KOCH09,133.8243,33.6748,100,24,0.02332175268926626,0.011495585656505065,0.036445663513531804,3.0,P0300,24.0,0.0507857512084589
1207251,1207261,KOCH10,133.4388,33.5313,101,42,0.004207171434337826,-0.004258749543897009,0.01994001104498676,3.0,P0300,42.0,-0.1079516380597652
1207271,1207281,KOCH11,134.1603,33.2866,300,30,0.036811519020503156,0.022072002409608313,0.10961345009004878,3.0,P0300,30.0,-0.1179949138998208
1207291,1207301,KOCH12,133.8192,33.5294,170,32,0.038195093479709966,0.02310131937412622,0.08383459054136183,3.0,P0300,32.0,-0.017939719952361
1207311,1207321,KOCH13,133.576,33.7543,152,19,0.0439789772867232,0.008469028075480436,0.055793179558730366,3.0,P0300,,
1207331,1207341,KSRH01,144.0844,43.4361,107,258,0.1831207928001481,0.15729155033387804,0.22018391678105673,3.0,P0300,249.0,0.4451791490520501
1207351,1207361,KSRH02,144.123,43.1142,105,254,0.10317713524881278,0.07834004810836806,0.15152618894138017,3.0,P0300,245.0,0.3009187162080743
1207371,1207381,KSRH03,144.6279,43.3848,107,228,0.07186253800873137,0.04831542624573401,0.12253541756053482,3.0,P0300,220.0,-0.0061344606340374
1207391,1207401,KSRH04,144.6804,43.2139,240,228,0.2195688883645569,0.18582026425170414,0.2818123172040255,3.0,P0300,221.0,0.209593538161862
1207411,1207421,KSRH05,144.2338,43.2556,330,271,0.19862577788005645,0.16052658298925623,0.2492832142352514,3.0,P0300,262.0,-0.070910613726064
1207431,1207441,KSRH06,144.4285,43.22,237,268,0.15467821228586945,0.11585625024299331,0.20157727219671162,3.0,P0300,260.0,0.0421931972418942
1207451,1207461,KSRH07,144.3274,43.1359,222,272,0.15577336562873664,0.12060928636728713,0.19181799475270303,3.0,P0300,263.0,0.1771997295438286
1207471,1207481,KSRH08,143.8936,43.1603,100,244,0.025012337843671677,0.013307116524375396,0.04935443827540712,3.0,P0300,240.0,0.1474044062774104
1207491,1207501,KSRH09,143.9841,42.9856,100,271,0.06327109082287596,0.04227668601879699,0.10188959760053423,3.0,P0300,262.0,0.2805002083543647
1207511,1207521,KSRH10,145.1168,43.2084,255,173,0.24096071195200972,0.1425960784819676,0.4129793280588564,3.0,P0300,167.0,0.0451450661789469
1207531,1207541,KYTH01,135.1243,35.5243,155,38,0.09065825412662026,0.03759029484519258,0.167370202720184,3.0,P0300,38.0,-0.1587961468555397
1207551,1207561,KYTH02,135.2496,35.7101,200,27,0.06199553126475211,0.04038318407340626,0.12419671432648827,3.0,P0300,27.0,0.068642288742412
1207571,1207581,KYTH03,135.1334,35.313,300,34,0.0380536543635422,0.023785370912331565,0.08362255024309864,3.0,P0300,34.0,-0.2337158050156667
1207591,1207601,KYTH04,135.5508,35.2685,100,42,0.019266038763984056,0.011503086474310843,0.03482073193200512,3.0,P0300,42.0,-0.232878789768065
1207611,1207621,KYTH05,135.0268,35.6814,150,21,0.5623104644991721,0.28300946055228005,0.7695702644483176,3.0,P0300,21.0,0.325210830860316
1207631,1207641,KYTH06,135.4846,35.0469,100,16,0.0072463670223760004,-0.00017371550326448004,0.022114549418469007,3.0,P0300,,
1207651,1207661,KYTH07,135.7461,34.8983,800,33,0.9410889505826533,0.8395240081136098,1.0252263022926866,3.0,P0300,33.0,0.1280102247474598
1207671,1207681,KYTH08,135.7304,35.0094,703,21,0.4196064645580976,0.3406833374018055,0.5117965974390714,3.0,P0300,21.0,-0.2156276081289689
1207701,1207711,MIEH01,136.4563,34.9849,140,65,0.032693522892883305,0.013803637772762271,0.06611795560728406,3.0,P0300,65.0,-0.2165735116620498
1207721,1207731,MIEH02,136.2835,34.7662,200,47,0.052871509258242036,0.03591398733843064,0.11916740382987061,3.0,P0300,47.0,-0.193065062555162
1207741,1207751,MIEH03,136.3692,34.547,100,45,0.01854892554516843,0.004284783467856024,0.04983912648705792,3.0,P0300,44.0,-0.0929072439193385
1207761,1207771,MIEH04,136.5866,34.3532,112,47,0.002646406802546023,-0.012333903602089233,0.016786672199050674,3.0,P0300,46.0,-0.3041933494574426
1207781,1207791,MIEH05,136.1689,34.0637,100,38,0.016478814298152216,-0.0050193462208460125,0.04329044748132173,3.0,P0300,37.0,-0.1934760110785792
1207801,1207811,MIEH06,136.3293,34.358,100,43,0.016666847321357207,0.00021007739529983272,0.0300200510158576,3.0,P0300,42.0,-0.2975848635390256
1207821,1207831,MIEH07,136.8216,34.2544,207,43,0.01815706475505251,0.010245353045664523,0.05087416145330809,3.0,P0300,42.0,-0.3342000439465652
1207841,1207851,MIEH08,136.5033,34.5424,150,44,0.013985319550055091,0.003595006256933837,0.030967065153731918,3.0,P0300,43.0,-0.1350465722780595
1207861,1207871,MIEH09,135.9969,33.7644,100,36,0.018657467259786807,0.00672742433600512,0.03634652451913384,3.0,P0300,35.0,-0.2014152137601829
1207881,1207891,MIEH10,136.4245,34.8224,197,53,0.0731943838485582,0.056715686579244876,0.08097788709980178,3.0,P0300,52.0,-0.1438857585404388
1207901,1207911,MYGH01,140.9969,38.24,1206,150,0.5596732476475218,0.4457781930573713,0.6522830622547231,3.0,P0300,143.0,0.0262474965336136
1207921,1207931,MYGH02,140.6513,38.8587,203,233,0.1650772359060401,0.13494565127557323,0.21940010664676488,3.0,P0300,225.0,-0.1876141598718103
1207941,1207951,MYGH03,141.6377,38.9207,117,538,0.017583849249750663,0.004487991450055555,0.038599158824694765,3.0,P0300,517.0,-0.1189377648397224
1207961,1207971,MYGH04,141.3254,38.786,100,584,0.02485274395661101,0.009069394901311175,0.05925946194660512,3.0,P0300,557.0,-0.0251093742525271
1207981,1207991,MYGH05,140.7804,38.5793,337,355,0.17690932206173582,0.15180523039587712,0.21535014663251448,3.0,P0300,337.0,0.1782989594573101
1208001,1208011,MYGH06,141.071,38.5907,100,604,0.042756996733903006,0.030249544793118376,0.06296876646042288,3.0,P0300,578.0,-0.0605684227961793
1208021,1208031,MYGH07,140.6405,38.1802,142,305,0.14973791060365857,0.1166252693054304,0.19113512615644118,3.0,P0300,299.0,0.3366976971953764
1208041,1208051,MYGH08,140.8441,38.1133,100,675,0.0802858569411674,0.05563893264496276,0.12388821890298451,3.0,P0300,647.0,-0.0868331036011679
1208061,1208071,MYGH09,140.6027,38.0091,100,650,0.06972358299633791,0.048676446941287206,0.0998494634159656,3.0,P0300,624.0,0.1795449915140955
1208081,1208091,MYGH10,140.8924,37.9411,205,655,0.09959595127358035,0.08491328987071972,0.12000346997545208,3.0,P0300,632.0,0.2514124413890941
1208101,1208111,MYGH11,141.3421,38.5158,207,377,0.06262050123644956,0.025113582575524526,0.13401835089589284,3.0,P0300,364.0,0.0136495699441303
1208121,1208131,MYGH12,141.4428,38.6416,102,169,0.01204824212208847,0.004127070569153358,0.02874554953169992,3.0,P0300,159.0,-0.1662936569610489
1208141,1208151,MYGH13,141.4176,38.6993,80,217,0.34982760387126105,0.0862744215123818,0.5798744757572067,3.0,P0300,212.0,0.1663791788955671
1208161,1208171,MYGH14,140.9551,38.34,1034,204,0.6341470695602562,0.5706842061399051,0.6921704644625498,3.0,P0300,198.0,0.3916828292851858
1208191,1208201,MYZH01,131.2257,32.6536,103,29,0.09801292847652023,0.03279546144609118,0.19128394573293003,3.0,P0300,28.0,-0.0331769843018311
1208211,1208221,MYZH02,131.6829,32.6972,210,35,0.0413880260738746,0.016397602446353805,0.06631284126269801,3.0,P0300,34.0,-0.0509874192715863
1208231,1208241,MYZH03,131.1043,32.4754,200,36,0.021393852928235188,0.012071734865217058,0.05747945134061287,3.0,P0300,36.0,-0.0730679518211524
1208251,1208261,MYZH04,131.3349,32.5181,100,68,0.03407337688250338,0.01940876099213155,0.0926205326820278,3.0,P0300,66.0,-0.1493746444941756
1208271,1208281,MYZH05,131.2668,32.347,100,51,0.02522105247662746,0.015144367125879597,0.051375335454572076,3.0,P0300,49.0,-0.1687072328118853
1208291,1208301,MYZH06,131.4643,32.3607,100,26,0.022575333566726495,0.009598813673416712,0.046085911353565365,3.0,P0300,25.0,-0.0848894847498112
1208311,1208321,MYZH07,131.1946,32.1987,100,29,0.018458001813842318,0.00809839135881228,0.041402890459875476,3.0,P0300,29.0,-0.1604583295369663
1208331,1208341,MYZH08,131.5309,32.2132,213,69,0.14151912128390262,0.1085043600724059,0.1922186084359603,3.0,P0300,67.0,-0.1240404214980079
1208351,1208361,MYZH09,131.0618,32.0421,100,44,0.052133115556167425,0.04212107433702664,0.08307603751835206,3.0,P0300,42.0,-0.2478451162769942
1208371,1208381,MYZH10,131.29,32.0215,100,78,0.02967860320814932,0.014021345821327066,0.056708400709961734,3.0,P0300,76.0,-0.2250369446027512
1208391,1208401,MYZH11,131.47,32.0208,212,37,0.12162307751620499,0.09258256689380408,0.1638501405694631,3.0,P0300,36.0,-0.0258339119101033
1208411,1208421,MYZH12,130.9454,31.8643,101,57,0.04823117728296794,0.02812687855437151,0.0984173591468685,3.0,P0300,55.0,-0.2207402426300355
1208431,1208441,MYZH13,131.0791,31.7301,117,89,0.09737072582243818,0.07690932102373231,0.13066714975454105,3.0,P0300,87.0,0.0924461841007877
1208451,1208461,MYZH14,131.351,31.5649,201,28,0.10943069328558969,0.05369192198560821,0.17918510628402837,3.0,P0300,27.0,-0.1499506914204074
1208471,1208481,MYZH15,131.5893,32.3654,200,61,0.06498013173862828,0.03389143562898676,0.14120367756089292,3.0,P0300,60.0,-0.0657267950133037
1208491,1208501,MYZH16,131.6958,32.506,100,61,0.02107693228803347,0.005612029980530984,0.03637884004013391,3.0,P0300,60.0,-0.1660347014462034
1208511,1208521,NARH01,135.6489,33.9666,99,33,0.12305942445351851,0.0619802805254469,0.2200222264603137,3.0,P0300,32.0,0.051396371578119
1208531,1208541,NARH02,135.8574,33.9692,100,21,0.05263716684253623,0.0061166933921006405,0.0846792748906512,3.0,P0300,21.0,-0.2134343690691044
1208551,1208561,NARH03,136.0022,34.2925,101,36,0.020429256283176957,0.007721344634826495,0.07216479892222652,3.0,P0300,36.0,-0.2682599264723871
1208571,1208581,NARH04,135.8369,34.3061,101,35,0.020370306675689967,0.005374947278671074,0.06265698974125594,3.0,P0300,34.0,-0.170331141327379
1208591,1208601,NARH05,136.0294,34.4237,101,43,0.0680352639822799,0.03503229829435902,0.14469486030971912,3.0,P0300,42.0,-0.1585812997895938
1208611,1208621,NARH06,136.0512,34.6413,101,39,0.04029778721660742,0.020058963547041363,0.1177220541779452,3.0,P0300,39.0,-0.044213153494236
1208631,1208641,NARH07,135.8541,34.5843,100,24,0.013119645090232755,0.0043158207230199995,0.02975509472980252,3.0,P0300,24.0,0.1251525447462694
1208651,1208661,NGNH03,137.7346,35.4786,165,95,0.05369741025464652,0.029074209434757865,0.08954598326927649,3.0,P0300,95.0,0.159520143085451
1208671,1208681,NGNH07,138.376,36.7434,200,67,0.0689576412841801,0.05293345271874785,0.09149576022683023,3.0,P0300,65.0,-0.5606727946275828
1208691,1208701,NGNH08,137.8591,36.2541,250,54,0.09394653912563258,0.07710386813700137,0.1253562169255697,3.0,P0300,51.0,0.0248999918190855
1208711,1208721,NGNH09,138.2491,36.2859,100,46,0.015309084021094287,0.008208310503177638,0.024173501524368722,3.0,P0300,43.0,-0.1904767780158454
1208731,1208741,NGNH10,137.7669,35.9632,104,156,0.02198033326772913,0.010141297557522334,0.03963683051312291,3.0,P0300,153.0,0.0982443662097773
1208751,1208761,NGNH11,138.3052,35.9157,206,158,0.0832807992892454,0.061616175754330496,0.1264166857148507,3.0,P0300,155.0,0.1541728616850168
1208771,1208781,NGNH12,138.4797,35.9696,206,151,0.16715381964956044,0.13672696131936068,0.214278483467943,3.0,P0300,147.0,-0.1643295045641072
1208791,1208801,NGNH13,137.8767,35.5143,124,106,0.04609656393129796,0.03065410367401789,0.10160848542835227,3.0,P0300,104.0,-0.1524985662877212
1208811,1208821,NGNH14,137.6261,35.3095,101,66,0.038275614611439954,0.02104043357646771,0.10061217099532506,3.0,P0300,65.0,0.0155306104891867
1208831,1208841,NGNH15,137.9305,36.0088,100,69,0.022921339279245685,0.009290049496725405,0.040450698124718326,3.0,P0300,67.0,-0.2165325480858689
1208851,1208861,NGNH16,138.1848,35.9465,247,135,0.08423188128843498,0.052822215845161474,0.1335206634408152,3.0,P0300,133.0,0.1669922582373975
1208871,1208881,NGNH17,138.5504,36.1425,100,140,0.018363588377896832,0.008604564995991005,0.03017731403130769,3.0,P0300,134.0,-0.2690892549651278
1208891,1208901,NGNH18,137.595,35.9324,100,117,0.08685355940804891,0.048658590033398806,0.2035216658138089,3.0,P0300,115.0,-0.0514264650559091
1208911,1208921,NGNH19,138.5845,35.9735,115,185,0.06691278808296024,0.036068779910895916,0.13715675212955128,3.0,P0300,180.0,-0.2070857734422495
1208931,1208941,NGNH20,137.7173,35.787,100,89,0.01977348421855314,0.010248864958942493,0.031606481691526814,3.0,P0300,86.0,0.0051563825017883
1208951,1208961,NGNH21,137.9236,35.8315,181,106,0.0790717458065318,0.058129331358663563,0.11280482649057752,3.0,P0300,106.0,-0.0017735215428096
1208971,1208981,NGNH22,138.0824,35.7946,100,106,0.01248838929266079,0.004296098766700056,0.026802089919626897,3.0,P0300,103.0,-0.1162190411543986
1208991,1209001,NGNH23,137.6105,35.6056,102,146,0.043895894323489185,0.02491744461817318,0.08196541060254353,3.0,P0300,145.0,-0.0611553339238586
1209011,1209021,NGNH24,137.8797,35.6152,107,189,0.02464012690050907,0.016821776198000484,0.038957584896416264,3.0,P0300,185.0,0.0303143483148446
1209031,1209041,NGNH25,137.9268,35.2986,102,125,0.010222130271504601,0.0035551291846794256,0.022723905819123813,3.0,P0300,124.0,-0.1876614173740038
1209051,1209061,NGNH26,138.1474,36.4663,103,59,0.13391404818922611,0.08513294603376165,0.200417084172426,3.0,P0300,56.0,-0.3402265291435113
1209071,1209081,NGNH27,138.0479,36.577,102,152,0.03092242961837552,0.021871870827781702,0.04370937139164891,3.0,P0300,150.0,-0.1719493775145467
1209091,1209101,NGNH28,138.0964,36.7075,120,144,0.03420677262905931,0.02643338366834357,0.04580889984478553,3.0,P0300,142.0,-0.1789623311529799
1209111,1209121,NGNH29,138.4408,36.9102,110,152,0.04871993664002923,0.0370465934032313,0.08155587512398665,3.0,P0300,150.0,-0.3043191182361986
1209131,1209141,NGNH30,137.6849,36.064,101,126,0.023006704430695607,0.012358902246732108,0.04583743374394579,3.0,P0300,123.0,-0.1684411692422656
1209151,1209161,NGNH31,137.9389,36.1184,218,129,0.08051424600574987,0.06513705761785635,0.10687995871227947,3.0,P0300,126.0,0.0020472548623656
1209171,1209181,NGNH32,137.9898,36.2578,100,80,0.03146637474518946,0.02022661063323852,0.05317677121201261,3.0,P0300,77.0,-0.1508292559718815
1209191,1209201,NGNH33,137.9637,36.4598,106,90,0.018656661787367933,0.009905366855653441,0.03064495686167381,3.0,P0300,87.0,-0.3845635337252996
1209211,1209221,NGNH34,137.8201,36.5327,106,87,0.02656912616836225,0.01916176052701787,0.033137264183727685,3.0,P0300,85.0,0.0089180958064971
1209231,1209241,NGNH35,137.8201,36.3824,105,66,0.015140606743332997,0.007613110159111668,0.02541519592700516,3.0,P0300,63.0,-0.1674424847436621
1209251,1209261,NGNH36,137.8482,36.6984,629,19,0.20770728381012324,0.18034619628362247,0.23111582183861834,3.0,P0300,,
1209271,1209281,NGNH37,138.4967,36.3308,709,96,0.4766634541526058,0.42979183518191105,0.5448447749610846,3.0,P0300,94.0,0.1686873139322021
1209291,1209301,NGNH54,138.0058,35.4489,104,96,0.027791212738014534,0.014870280308301028,0.0433558882281875,3.0,P0300,95.0,-0.1979414546967131
1209311,1209321,NGSH01,129.4353,33.2116,207,40,0.041337470257886436,0.029348466261089008,0.05962265769914267,3.0,P0300,38.0,0.088292640324304
1209331,1209341,NGSH02,129.7652,33.2122,112,18,0.034992741847959155,0.022547918763187583,0.05764770019956566,3.0,P0300,,
1209351,1209361,NGSH03,129.8102,33.1256,200,49,0.03379097809366166,0.022747040183345682,0.0543109864224263,3.0,P0300,47.0,-0.0169207014857207
1209371,1209381,NGSH04,129.8026,32.9553,100,32,0.015471927119284263,0.00849441280747831,0.03999345384051996,3.0,P0300,30.0,-0.1385754639264285
1209391,1209401,NGSH05,130.1408,32.9103,200,18,0.047036831157657374,0.032265751289787925,0.0631072394806016,3.0,P0300,,
1209411,1209421,NGSH06,129.8625,32.6999,200,37,0.020923457693242404,0.010393131179534104,0.03770215412146035,3.0,P0300,35.0,-0.2284593593901873
1209431,1209441,NIGH01,138.8876,37.4272,100,215,0.04334873212351326,0.03175463308270046,0.05928668334883229,3.0,P0300,205.0,0.1096026549159143
1209451,1209461,NIGH02,139.5486,38.2799,104,462,0.02046150700770944,0.010202667642834022,0.03325525092082448,3.0,P0300,445.0,0.2329573390869879
1209471,1209481,NIGH03,139.4289,38.1327,221,251,0.175331697263837,0.14293824679796868,0.2168826266776009,3.0,P0300,245.0,0.0079633363507876
1209491,1209501,NIGH04,139.5428,38.1313,100,375,0.029768824049392517,0.02028232270292102,0.03882634933169374,3.0,P0300,361.0,0.4684788935340348
1209511,1209521,NIGH05,139.2788,37.9759,147,292,0.1568441965544713,0.1334709164603117,0.18353357640224943,3.0,P0300,283.0,-0.1378849692812391
1209531,1209541,NIGH06,139.0676,37.6527,100,232,0.03650467663049282,0.025300661525535083,0.05800141207500753,3.0,P0300,220.0,0.1404057006440812
1209551,1209561,NIGH07,139.261,37.6658,106,249,0.013602755241161274,0.005920446348729985,0.02808902184905158,3.0,P0300,241.0,-0.2242209828613884
1209571,1209581,NIGH08,139.4648,37.6708,300,398,0.2540772299427937,0.2286522018676852,0.2843808244815215,3.0,P0300,383.0,0.5995469753243479
1209591,1209601,NIGH09,139.1279,37.5386,100,230,0.029001964155075236,0.021209298204930605,0.04316276484112382,3.0,P0300,225.0,0.0076379596810762
1209611,1209621,NIGH10,139.3648,37.5438,100,309,0.06383166763762396,0.03850070944159282,0.1246168651815774,3.0,P0300,300.0,-0.0374920926525142
1209631,1209641,NIGH11,138.744,37.1728,205,296,0.0931284157685151,0.07624864760162459,0.11803379021513696,3.0,P0300,288.0,-0.0008206096982753
1209651,1209661,NIGH12,138.9821,37.2239,110,202,0.0809112662518435,0.053191467456920195,0.129218823511683,3.0,P0300,194.0,-0.2710434711126101
1209671,1209681,NIGH13,138.3966,37.0544,100,72,0.032925922848346084,0.016292845114018066,0.05655804182957537,3.0,P0300,71.0,0.2218929052618184
1209691,1209701,NIGH14,138.8521,37.0303,387,234,0.14938402231441547,0.12790369438139643,0.1776855473040919,3.0,P0300,228.0,-0.2832020033939615
1209711,1209721,NIGH15,138.9951,37.0533,100,240,0.030260021605580403,0.016871318426199565,0.06373690811323106,3.0,P0300,234.0,-0.2392090756213985
1209731,1209741,NIGH16,137.848,36.9378,100,38,0.07214899112955336,0.030716202177622123,0.16235424925950553,3.0,P0300,35.0,-0.3075090296219647
1209751,1209761,NIGH17,138.0966,36.8569,150,138,0.05817983747099048,0.0470892622143769,0.08127580680133965,3.0,P0300,135.0,-0.2660822627659582
1209771,1209781,NIGH18,138.2594,36.9425,110,106,0.04650953492758626,0.034088731708736816,0.06980980662072583,3.0,P0300,103.0,-0.0844566392744511
1209791,1209801,NIGH19,138.7849,36.8114,100,174,0.02900855414664765,0.01602751795404983,0.06564054556309144,3.0,P0300,169.0,-0.2027946099073461
1209811,1209821,NMRH01,145.0246,43.785,110,220,0.03893361910589833,0.02340783146182781,0.06019489958858874,3.0,P0300,212.0,-0.0200477639584074
1209831,1209841,NMRH02,144.9618,43.6772,103,221,0.14616687609299767,0.0734084330493028,0.26395608285037314,3.0,P0300,213.0,-0.0499827434555277
1209851,1209861,NMRH03,144.9665,43.5508,227,229,0.3662027268207908,0.31115670751694485,0.4375534669085538,3.0,P0300,220.0,0.1889226764994122
1209871,1209881,NMRH04,145.1224,43.3978,216,223,0.42045695798574456,0.3622423687082461,0.4772375407896398,3.0,P0300,214.0,0.1993159551014484
1209891,1209901,NMRH05,144.8021,43.39,220,221,0.30783329449084623,0.21577997378124664,0.4046208320447117,3.0,P0300,213.0,0.082115538287372
1209911,1209921,OITH01,131.0326,33.4122,200,38,0.041462219302780684,0.026128719106243266,0.05550774053635702,3.0,P0300,37.0,-0.3542946867674003
1209931,1209941,OITH02,131.4429,33.4581,100,32,0.028005001511925646,0.012419654056268653,0.052789978070544315,3.0,P0300,31.0,-0.3510473101005957
1209951,1209961,OITH03,131.6856,33.4736,400,46,0.09481368372250504,0.05383166133127617,0.1508043784455208,3.0,P0300,46.0,-0.1036197824057807
1209971,1209981,OITH04,131.3473,33.1306,230,37,0.09795471219466195,0.07671837076624018,0.1270213368753825,3.0,P0300,37.0,-0.3091657664553141
1209991,1210001,OITH05,131.542,33.1525,100,37,0.015557051781424813,0.007752019552411789,0.030357294259686814,3.0,P0300,37.0,-0.094306943821476
1210011,1210021,OITH06,131.3984,32.9726,104,24,0.052220748470606065,0.02376013851400399,0.09897181838177066,3.0,P0300,24.0,-0.0488813991421038
1210031,1210041,OITH07,131.5881,32.987,101,38,0.244209712512155,0.11236396994779764,0.4143525349273536,3.0,P0300,37.0,0.1742702159426141
1210051,1210061,OITH08,131.5357,32.8392,101,52,0.017424799456420555,0.0071064658965383255,0.035783231909401,3.0,P0300,51.0,-0.0675945888603048
1210071,1210081,OITH09,131.6786,32.8486,100,17,0.0033919800904296054,-0.008246296796684646,0.008735585989602402,3.0,P0300,,
1210091,1210101,OITH10,131.8695,32.9278,100,52,0.022155381164583862,0.005847524190352317,0.0418831573966882,3.0,P0300,51.0,-0.0133598502348824
1210111,1210121,OITH11,131.2118,33.2844,160,45,0.08904256702690673,0.0642783344671688,0.1176515243738554,3.0,P0300,44.0,-0.2573955102566241
1210131,1210141,OKYH01,133.8905,34.507,200,23,0.21567658597580658,0.08079081597781922,0.3614644640516824,3.0,P0300,23.0,0.0386793428973027
1210151,1210161,OKYH02,134.0702,34.7501,200,24,0.022285518928384727,0.0036387833755429136,0.038850454023918686,3.0,P0300,24.0,-0.4527177969413676
1210171,1210181,OKYH03,133.789,34.7783,201,32,0.04552445353802238,0.02022856072832619,0.08545020205910385,3.0,P0300,32.0,-0.2607124854010758
1210191,1210201,OKYH04,133.6861,34.6429,100,44,0.036244296661367956,0.010620073795231675,0.0540578842417498,3.0,P0300,44.0,-0.1963505281257526
1210211,1210221,OKYH05,133.8527,34.8684,100,40,0.016406679758539218,0.008247791155619785,0.03757366256658834,3.0,P0300,40.0,-0.1782743883411204
1210231,1210241,OKYH06,133.5283,34.6756,100,35,0.02774626095966495,0.01387661532745995,0.06544651983120608,3.0,P0300,35.0,-0.1814650436121012
1210251,1210261,OKYH07,133.3169,35.0493,100,27,0.01240526093625341,0.0017704444561408505,0.032942604782639856,3.0,P0300,27.0,-0.1927740976905548
1210271,1210281,OKYH08,133.4055,34.9103,100,41,0.023637437267610712,0.008795744841572256,0.08096380176179656,3.0,P0300,41.0,-0.1964949377252256
1210291,1210301,OKYH09,133.6765,35.1809,100,31,0.0300866531422911,0.016246040496712716,0.07538429747294872,3.0,P0300,31.0,-0.2907595229791964
1210311,1210321,OKYH10,133.9263,35.2826,200,13,0.06329613459709285,0.03837303113052311,0.2628660805677835,3.0,P0300,,
1210331,1210341,OKYH11,134.1162,35.0732,200,31,0.07527313977235821,0.04486029176010743,0.1227245557733046,3.0,P0300,31.0,-0.3135460836031705
1210351,1210361,OKYH12,134.319,35.0999,200,37,0.06041678135778269,0.03214499638842058,0.11090373857743477,3.0,P0300,37.0,-0.278292889622043
1210371,1210381,OKYH13,134.2744,34.7283,102,18,0.016841203864275255,0.006097311296395468,0.034651019434615744,3.0,P0300,,
1210391,1210401,OKYH14,133.6205,34.9363,100,29,0.015254342388678302,0.005498241442748215,0.052303062243694284,3.0,P0300,29.0,-0.2502086666949769
1210411,1210421,OSKH01,135.2836,34.3977,1504,32,0.9206995046732934,0.8354815195169832,1.0273767197604766,3.0,P0300,32.0,-0.0478891340750383
1210431,1210441,OSKH02,135.3896,34.6628,2007,31,1.1629683182806843,1.0917320160088184,1.223005173987659,3.0,P0300,31.0,0.1062699651060454
1210451,1210461,OSKH03,135.6608,34.5248,100,17,0.030687233974021136,0.01888146373644556,0.05999307452011535,3.0,P0300,,
1210471,1210481,OSKH04,135.7052,34.763,200,27,0.035074204253078486,0.02259295303960926,0.05143142107756307,3.0,P0300,27.0,-0.1817485268404118
1210491,1210501,OSKH05,135.5199,34.7159,982,12,0.9427394694769158,0.8453923584464192,1.011295821478439,3.0,P0300,,
1210521,1210531,OSMH01,140.4207,41.5977,150,169,0.1566371842876796,0.13069655085927767,0.20595232506219377,3.0,P0300,167.0,0.0252372979456622
1210541,1210551,OSMH02,140.6331,41.8374,360,169,0.2693164625328732,0.21226730104152675,0.31440141185374343,3.0,P0300,166.0,-0.0125807251069174
1210561,1210571,RMIH01,142.0795,45.0167,100,19,0.025168073391372947,0.020038333271242596,0.03314613710551041,3.0,P0300,,
1210581,1210591,RMIH02,141.9251,44.8948,107,20,0.12046476655540193,0.10947839193101938,0.14550317119810957,3.0,P0300,20.0,0.0185293331928853
1210601,1210611,RMIH03,141.8187,44.6359,209,11,0.14753725172414014,0.12027876658476953,0.19568558153822588,3.0,P0300,,
1210621,1210631,RMIH04,141.9621,44.0974,100,27,0.014319331114696634,0.008576417653266994,0.02751437457191,3.0,P0300,27.0,0.1130576827946123
1210641,1210651,RMIH05,141.7876,44.0254,105,51,0.04171420434503933,0.028502878063656447,0.06688324577026314,3.0,P0300,51.0,0.0589883571851876
1210661,1210671,SAGH01,129.8877,33.508,200,35,0.04767977987653239,0.028031439944426993,0.09959070563863456,3.0,P0300,34.0,-0.2340615499758469
1210681,1210691,SAGH02,129.8798,33.2656,102,31,0.024580395464713425,0.01357745013025195,0.03965703834496696,3.0,P0300,29.0,-0.0664402115295736
1210701,1210711,SAGH03,130.2329,33.4098,103,14,0.029710747384215096,0.021966756350515208,0.07694273060301818,3.0,P0300,,
1210721,1210731,SAGH04,130.4046,33.3654,200,44,0.03810650423755743,0.020975823545793172,0.07613582971096854,3.0,P0300,43.0,-0.3027171099015274
1210741,1210751,SAGH05,130.1046,33.1806,203,52,0.052030823228124405,0.03963272711126793,0.06878500203305092,3.0,P0300,50.0,-0.1081200473810854
1210761,1210771,SBSH01,140.6228,43.2341,100,29,0.014998845872370022,0.012103722720733226,0.03396658663237042,3.0,P0300,29.0,-0.5054047307167772
1210781,1210791,SBSH02,140.5017,43.0527,100,48,0.012776512961839532,0.0056060856574447065,0.02262560761993395,3.0,P0300,47.0,-0.0071259569086217
1210801,1210811,SBSH03,140.8199,43.0842,220,67,0.3554625176602755,0.31607969449387974,0.44396915662337766,3.0,P0300,65.0,0.1991363588436256
1210821,1210831,SBSH04,140.6219,42.9758,200,39,0.03133477575881087,0.020074649184091044,0.05631185796175396,3.0,P0300,38.0,-0.4955848163525531
1210841,1210851,SBSH05,140.8223,42.95,100,40,0.07191306771801124,0.04007319783199323,0.11390006244874427,3.0,P0300,40.0,-0.3180026026317111
1210861,1210871,SBSH06,140.4831,42.8309,130,84,0.043584319121621834,0.03368849585203076,0.054292800131550537,3.0,P0300,82.0,0.0536726006551813
1210881,1210891,SBSH07,140.8084,42.763,100,108,0.08582884916850256,0.06792512948378845,0.10133464176454177,3.0,P0300,105.0,0.140526855149855
1210901,1210911,SBSH08,140.9766,42.768,100,88,0.1253451693911208,0.07911242815239004,0.2620277191550148,3.0,P0300,87.0,-0.1835142056724921
1210921,1210931,SBSH09,140.4841,42.6104,100,53,0.026628763567094274,0.018644529257597922,0.036174540547248044,3.0,P0300,52.0,-0.5250817457396235
1210941,1210951,SBSH10,140.1557,42.7797,100,44,0.005937343091594258,-0.0043039747440650625,0.010158061559246557,3.0,P0300,43.0,-0.327728735224125
1210961,1210971,SIGH01,136.3599,35.2383,100,44,0.03684158975062559,0.005291700596127833,0.08059277574707124,3.0,P0300,44.0,0.0165787975844308
1210981,1210991,SIGH02,135.8671,35.2482,100,19,0.019455267171690157,0.010806516956745945,0.0757280122711608,3.0,P0300,,
1211001,1211011,SIGH03,136.0316,34.853,200,37,0.21034032364368135,0.10174834651320391,0.4103768387809439,3.0,P0300,37.0,-0.0769258207027866
1211021,1211031,SIGH04,136.261,34.9638,200,37,0.04920976919148342,0.032492328882476204,0.09258630717853401,3.0,P0300,37.0,-0.2011842389306305
1211041,1211051,SITH01,139.7349,35.929,3510,207,0.7616493475554821,0.6664844082697032,0.8731856824866019,3.0,P0300,201.0,-0.0715691385771127
1211061,1211071,SITH03,139.3843,35.899,1800,226,0.4453317147147843,0.36249350700581334,0.5054606839520622,3.0,P0300,218.0,-0.0846690719516072
1211081,1211091,SITH04,139.5353,35.8028,2000,296,0.5307343356320247,0.463738076459202,0.5886080525554918,3.0,P0300,281.0,-0.1086871796108709
1211101,1211111,SITH05,139.0504,36.1509,100,303,0.034848519320234625,0.019128492433322472,0.07268471789353001,3.0,P0300,292.0,-0.1600379942667655
1211121,1211131,SITH06,139.2894,36.1131,200,371,0.0680275093971854,0.04593413036169976,0.10522732150067254,3.0,P0300,357.0,-0.0503095397818237
1211141,1211151,SITH07,139.1485,35.9118,102,352,0.025677994406243108,0.009831561096741076,0.060274603885309495,3.0,P0300,339.0,-0.1498293699982243
1211161,1211171,SITH08,138.9691,36.0274,100,340,0.03741418058296467,0.02319336486401871,0.07270030504935443,3.0,P0300,331.0,-0.0459376088859265
1211181,1211191,SITH09,139.0993,36.0715,122,198,0.03243263109005873,0.017731564141216075,0.05663158137857539,3.0,P0300,188.0,-0.1522678678269423
1211201,1211211,SITH10,139.2191,35.9964,102,291,0.03305106833551941,0.012931077239457885,0.0950947766754948,3.0,P0300,282.0,-0.1211580040787599
1211221,1211231,SITH11,139.2726,35.8637,101,347,0.14967830812094432,0.041410072744946375,0.31046983661819405,3.0,P0300,334.0,-0.0014174549511097
1211241,1211251,SITH12,139.2194,35.9969,100,21,0.06107486609772583,0.017339613903354156,0.1331339378198965,3.0,P0300,,
1211281,1211291,SMNH01,133.2604,35.2963,101,20,0.036357469071758255,0.025503901784492387,0.07806194046852107,3.0,P0300,20.0,-0.298833573904782
1211301,1211311,SMNH02,133.0856,35.2235,101,24,0.05184740927133415,0.02473391196221145,0.10362559822138491,3.0,P0300,24.0,-0.2169806603352605
1211321,1211331,SMNH03,132.7223,35.2243,101,28,0.07516263122308728,0.036093338302963435,0.10733820308261084,3.0,P0300,28.0,-0.0123023453586598
1211341,1211351,SMNH04,132.5308,35.0918,101,30,0.041519613876024056,0.02150654434770375,0.11602960505040158,3.0,P0300,30.0,-0.123964340836997
1211361,1211371,SMNH05,132.6396,34.8697,101,26,0.016377463885947685,0.006018453906253573,0.037106039953157914,3.0,P0300,26.0,-0.1969176091424175
1211381,1211391,SMNH06,132.2026,34.8839,201,27,0.09267627985862892,0.04082825345004375,0.19892788693164015,3.0,P0300,27.0,-0.0197980458247793
1211401,1211411,SMNH07,132.0402,34.694,209,37,0.031178688333864783,0.011438900448400837,0.08730633958895424,3.0,P0300,37.0,0.0452177555758243
1211421,1211431,SMNH08,132.4208,34.8801,100,23,0.023706064034263046,0.013491792189775396,0.05999529702441705,3.0,P0300,23.0,-0.1538158379588119
1211441,1211451,SMNH09,132.0122,34.5725,200,40,0.019227552070099713,0.008863502769502742,0.0398156599820136,3.0,P0300,40.0,8.34531577743826e-05
1211461,1211471,SMNH10,133.3004,35.5579,200,20,0.03607885098329307,0.022802794871910465,0.057554567718735315,3.0,P0300,20.0,-0.1899149912040705
1211481,1211491,SMNH11,132.8008,35.4259,200,19,0.06214979033474452,0.037591403926138925,0.11159182296869032,3.0,P0300,,
1211501,1211511,SMNH12,132.8558,35.1634,101,22,0.021978083415942005,0.008511247225343258,0.0709322352542657,3.0,P0300,22.0,-0.1171078673730808
1211521,1211531,SMNH13,132.3069,35.0087,100,23,0.007608282777698672,-0.00276110593491465,0.03127808116923461,3.0,P0300,23.0,-0.2331969771595125
1211541,1211551,SMNH14,131.8925,34.3904,100,18,0.015270290090115518,0.006228131541992629,0.025594502160386317,3.0,P0300,,
1211561,1211571,SMNH15,133.0226,35.5232,102,12,0.09175962530604227,0.037212015955447084,0.12269535433496281,3.0,P0300,,
1211581,1211591,SMNH16,132.8989,35.3422,99,18,0.1621376628440585,0.09730169359128954,0.37880387025421974,3.0,P0300,,
1211601,1211611,SOYH01,142.1185,45.3346,100,15,0.034205808729108736,0.015240388566680184,0.07215807219661807,3.0,P0300,,
1211621,1211631,SOYH02,142.2254,45.2163,100,12,0.24476310561643622,0.19753545821012153,0.2673814893119889,3.0,P0300,,
1211641,1211651,SOYH03,141.6334,45.2531,137,5,0.08109371606990531,0.07383896761051757,0.1185123512717692,3.0,P0300,,
1211661,1211671,SOYH04,141.8806,45.2303,203,13,0.1106029463377999,0.08986538668633742,0.14532855444107298,3.0,P0300,,
1211681,1211691,SOYH05,141.885,45.4883,202,14,0.04290450415339373,0.024898742627199988,0.06319036689330997,3.0,P0300,,
1211701,1211711,SOYH06,141.7834,45.1019,135,17,0.0840587042650949,0.060424338776936135,0.1291639278019887,3.0,P0300,,
1211721,1211731,SOYH07,142.4307,45.1001,150,11,0.015373932108398476,0.012157210595257949,0.031770278939356106,3.0,P0300,,
1211741,1211751,SOYH08,142.2247,44.9387,100,19,0.018871980045326874,0.011189604346437388,0.025823763216569436,3.0,P0300,,
1211761,1211771,SOYH09,142.4868,44.857,100,24,0.03208799662551992,0.023745691454233147,0.046139564956729634,3.0,P0300,24.0,0.0807404441142279
1211781,1211791,SOYH10,142.6039,44.7433,100,41,0.017464941269581823,0.0074602652226598625,0.02500230494288642,3.0,P0300,41.0,-0.1149492284084206
1211801,1211811,SRCH01,142.1594,44.2803,101,6,0.019433210915447485,0.004414457393017995,0.02808951762339163,3.0,P0300,,
1211821,1211831,SRCH02,142.1414,44.116,101,29,0.051302566217830636,0.03628687819481613,0.09154324216639025,3.0,P0300,29.0,-0.209829492912406
1211841,1211851,SRCH03,142.1258,43.9994,100,26,0.12000057429454791,0.07624871416535145,0.2231168942423452,3.0,P0300,26.0,-0.2435694743917625
1211861,1211871,SRCH04,141.9397,43.8203,105,44,0.0725579892395432,0.05223196109321182,0.10605280493138582,3.0,P0300,42.0,0.1220065950371581
1211881,1211891,SRCH05,142.1594,43.8243,102,36,0.008356516034652137,-0.003127483741868298,0.02277981186547692,3.0,P0300,36.0,-0.2055867671617936
1211901,1211911,SRCH06,142.0776,43.6948,147,93,0.03704035917209548,0.027009460778282694,0.05421120746637439,3.0,P0300,91.0,0.0493673147608954
1211921,1211931,SRCH07,141.8978,43.23,200,117,0.05702806379536046,0.04774258224260974,0.07333025430089475,3.0,P0300,114.0,0.2611187578884942
1211941,1211951,SRCH08,141.909,43.5138,122,132,0.06658577719187601,0.05845746008911197,0.0776664361528807,3.0,P0300,129.0,0.131123777710246
1211961,1211971,SRCH09,141.8063,43.0587,122,162,0.07815978818824382,0.06321109990683067,0.11123255410120282,3.0,P0300,156.0,0.0835612873150148
1211981,1211991,SRCH10,142.0085,42.993,200,148,0.029758478993686128,0.020785716843843526,0.04585100491971733,3.0,P0300,144.0,0.0572431063243755
1212081,1212091,SZOH24,137.6616,34.8343,299,51,0.018841274419644827,0.013373724681263776,0.03396590260846237,3.0,P0300,51.0,-0.3758161525092772
1212101,1212111,SZOH25,137.5604,34.6913,450,56,0.45652848679472374,0.408212836060087,0.494422562982487,3.0,P0300,56.0,-0.0111274711190681
1212121,1212131,SZOH26,137.9034,34.7948,449,22,0.3469635413187566,0.2822505122733807,0.38697861965880354,3.0,P0300,22.0,-0.1684295830926741
1212141,1212151,SZOH28,137.7441,34.6683,995,43,0.6610808912967411,0.5732792712453586,0.7959309167081086,3.0,P0300,43.0,0.0283937641711089
1212161,1212171,SZOH29,138.1973,35.307,102,33,0.018165616387920767,0.007949774290265858,0.04367856751521895,3.0,P0300,33.0,-0.1143355819338831
1212181,1212191,SZOH30,137.9181,35.2233,102,96,0.003874434356405233,-0.00230837379240035,0.015045940342658857,3.0,P0300,96.0,-0.0866189775778219
1212201,1212211,SZOH31,138.0767,34.9398,102,58,0.015041839489378917,0.009580711309656525,0.02505882391864111,3.0,P0300,58.0,-0.1304314654218687
1212221,1212231,SZOH32,137.8409,35.0086,103,94,0.024376188431270054,0.016275886549653555,0.04588092410630982,3.0,P0300,94.0,-0.1003217669601122
1212241,1212251,SZOH33,138.3526,35.0146,102,87,0.028073521402815126,0.017379811493619897,0.04929037654308209,3.0,P0300,87.0,-0.319556206806007
1212261,1212271,SZOH34,138.4243,35.1304,119,183,0.05299643812170231,0.03455420518894363,0.09447786302972767,3.0,P0300,182.0,-0.1121157248813601
1212281,1212291,SZOH35,139.0855,34.9467,300,138,0.238995117014911,0.1266774906448383,0.46440471477736756,3.0,P0300,138.0,0.0571513000337674
1212301,1212311,SZOH36,138.2008,34.9142,100,88,0.01361759450145059,0.005380892010905364,0.023954654726528885,3.0,P0300,88.0,-0.0947487797133366
1212321,1212331,SZOH37,138.5659,35.2028,304,126,0.061031433438391146,0.035982058498985704,0.09017563171577538,3.0,P0300,126.0,-0.1653459624194523
1212341,1212351,SZOH38,138.9779,35.0854,200,185,0.0503085607205141,0.029059606199503468,0.07778718973149684,3.0,P0300,184.0,-0.117616097125609
1212361,1212371,SZOH39,138.7724,34.7988,103,151,0.020921996991526793,0.009764986178593265,0.043468175861483535,3.0,P0300,151.0,-0.1224654586119074
1212381,1212391,SZOH40,138.97,34.7832,207,92,0.044912781510870164,0.029554460865340144,0.09033662952573408,3.0,P0300,92.0,-0.4075669861932965
1212401,1212411,SZOH41,138.834,34.6749,109,95,0.031794581718334734,0.02061381374718753,0.05222426604517715,3.0,P0300,95.0,-0.3264683547999392
1212421,1212431,SZOH42,138.9128,34.9756,203,203,0.14463808281438742,0.10912791211904292,0.19030225286219926,3.0,P0300,202.0,0.2717493301827051
1212441,1212451,SZOH43,138.4924,34.9739,239,32,0.11025992964226376,0.09534634540729044,0.1314952178359999,3.0,P0300,32.0,0.0764890118783123
1212481,1212491,SZOH53,138.0174,34.8768,100,57,0.0039653409876750124,-0.002186703923201793,0.011580509042868826,3.0,P0300,57.0,-0.3281901043798251
1212501,1212511,SZOH54,139.1685,35.0417,110,109,0.031328941085136223,0.026593015913172507,0.03992614985762555,3.0,P0300,109.0,-0.2691410692199579
1212531,1212541,TCGH06,139.9509,36.4458,1647,466,0.5289375754816419,0.44184767566703115,0.6233757460682303,3.0,P0300,450.0,0.0792064334328261
1212551,1212561,TCGH07,139.4534,36.8817,100,289,0.05534731202181232,0.026575361073199858,0.13467313699692715,3.0,P0300,280.0,-0.2559507154576562
1212571,1212581,TCGH08,139.6459,36.8828,203,286,0.05475018444443276,0.030535965151406746,0.09398757479317903,3.0,P0300,280.0,-0.1078652554959876
1212591,1212601,TCGH09,139.8364,36.8625,103,511,0.0363711265973213,0.0247060165808817,0.05617597705667238,3.0,P0300,489.0,-0.1082154832363948
1212611,1212621,TCGH10,140.0225,36.8578,132,575,0.03817949768295742,0.025154290338300134,0.057778195446876804,3.0,P0300,556.0,0.0467395677819775
1212631,1212641,TCGH11,139.7694,36.7084,200,356,0.09397184995247906,0.052296414422093075,0.1967040754127426,3.0,P0300,344.0,-0.2125921473756502
1212651,1212661,TCGH12,139.9842,36.6959,120,514,0.045314875860039,0.028515878453673496,0.06456990967381611,3.0,P0300,497.0,0.1504372415520722
1212671,1212681,TCGH13,140.1781,36.7342,140,496,0.1664014106704804,0.06808866017795168,0.3064129787800534,3.0,P0300,478.0,-0.0238047789741939
1212691,1212701,TCGH14,139.6154,36.5509,100,472,0.03101396218012889,0.013120667589171771,0.0866594062790575,3.0,P0300,453.0,-0.0986374081612483
1212711,1212721,TCGH15,139.8637,36.5595,300,214,0.1538328494841848,0.12938948165863312,0.19275916733588516,3.0,P0300,203.0,-0.0119373454541583
1212731,1212741,TCGH16,140.0751,36.548,112,519,0.09648915647083103,0.0636018127709069,0.1636926369637165,3.0,P0300,503.0,0.1122553555241193
1212751,1212761,TCGH17,139.6922,36.9853,104,341,0.012595780211153824,0.0025647486825492345,0.02395086580221106,3.0,P0300,330.0,-0.2465830123984181
1212831,1212841,TKCH01,143.683,43.4683,123,225,0.08457685098012234,0.0543346909842443,0.1170712092779441,3.0,P0300,216.0,0.0089157192212256
1212851,1212861,TKCH02,143.8983,43.3822,103,186,0.016138083959439498,0.006578986435990938,0.02789705525103739,3.0,P0300,178.0,0.0328804262461027
1212871,1212881,TKCH03,143.4317,43.2708,200,228,0.06611983358170584,0.05095745121932429,0.0885718340186701,3.0,P0300,219.0,0.1141922153560458
1212891,1212901,TKCH04,142.9176,43.1739,172,216,0.11768098631523219,0.07220660436155647,0.19007729896894543,3.0,P0300,207.0,-0.0275027402498951
1212911,1212921,TKCH05,143.6181,43.1211,100,233,0.03782968332051381,0.02127713749702298,0.07533639304741005,3.0,P0300,224.0,0.0077182002250707
1212931,1212941,TKCH06,143.0603,42.892,227,162,0.20188399016050984,0.18868850288468153,0.21841099587283241,3.0,P0300,156.0,0.334109299833015
1212951,1212961,TKCH07,143.5203,42.8114,99,190,0.17467564906335648,0.13535787524198029,0.23361488715629894,3.0,P0300,182.0,0.2165674091012911
1212971,1212981,TKCH08,143.152,42.4865,100,219,0.09297275776292935,0.05521661592658471,0.17173268828695606,3.0,P0300,211.0,0.1238558200270184
1212991,1213001,TKCH10,142.9448,43.3337,100,166,0.017008725897239674,0.007497653720221516,0.031004030858891068,3.0,P0300,160.0,-0.1824485487265288
1213011,1213021,TKCH11,142.883,42.8742,100,167,0.08530509343962489,0.0407126225260509,0.1511801954485429,3.0,P0300,159.0,0.0885886850319816
1213031,1213041,TKSH01,134.4994,33.7751,100,14,0.0034505505573912037,-0.003636362546717408,0.016153961136474916,3.0,P0300,,
1213051,1213061,TKSH02,134.0918,34.0112,100,28,0.058877138190412764,0.014498042346333877,0.17820445007095947,3.0,P0300,28.0,-0.1309559822084161
1213071,1213081,TKSH03,134.1294,33.8778,201,34,0.0364285757164663,0.01795804238427197,0.12351943411741662,3.0,P0300,34.0,-0.0827932224597451
1213091,1213101,TKSH04,134.5337,33.9902,100,28,0.0594469802050654,0.027324367787405723,0.1121397902799493,3.0,P0300,28.0,-0.1981494492613563
1213111,1213121,TKSH05,134.3156,33.6628,143,31,0.03191905734757808,0.022072305765632065,0.09848092413927562,3.0,P0300,31.0,-0.0938222738731518
1213131,1213141,TKSH06,133.8933,33.9997,157,27,0.05265655240951303,0.029090632951117017,0.09320371495002133,3.0,P0300,27.0,-0.2111414650149828
1213151,1213161,TKYH02,139.4704,35.6539,2753,101,0.7010314025171169,0.635990414061706,0.7556460168050626,3.0,P0300,95.0,0.0054569463604746
1213201,1213211,TKYH11,139.8125,35.6114,3000,134,0.721057933045143,0.6631196780093509,0.8078805252507716,3.0,P0300,130.0,0.0033789495541758
1213221,1213231,TKYH12,139.265,35.6701,147,300,0.11711019534681048,0.0573385916981424,0.1885983258611702,3.0,P0300,292.0,-0.0662799803649694
1213241,1213251,TKYH13,139.1275,35.7017,100,280,0.015722205177145298,0.0012785466998057012,0.03354230401387596,3.0,P0300,272.0,-0.185430545595683
1213391,1213401,TTRH01,134.2173,35.2604,200,15,0.05010706165244411,0.024910722901315383,0.0674689387970982,3.0,P0300,,
1213411,1213421,TTRH02,133.3909,35.2313,100,33,0.09071988057560218,0.04492460013122396,0.19136151981457844,3.0,P0300,33.0,-0.1844098753977425
1213431,1213441,TTRH03,133.4918,35.3553,200,17,0.44145854911660026,0.3518528720304234,0.5930730702839152,3.0,P0300,,
1213451,1213461,TTRH04,133.6307,35.4668,207,18,0.17920137762031535,0.1250297688505684,0.2920000492138049,3.0,P0300,,
1213471,1213481,TTRH05,134.3426,35.5729,152,5,0.021624164081640588,0.009656482586676781,0.02392244195816509,3.0,P0300,,
1213491,1213501,TTRH06,134.1988,35.3946,100,17,0.08155999305159885,0.03389444525230948,0.11838643137453955,3.0,P0300,,
1213511,1213521,TTRH07,133.7486,35.3649,100,17,0.13268511561642063,0.09403262449195551,0.15270655442312372,3.0,P0300,,
1213551,1213561,TYMH01,136.9276,36.8866,200,33,0.08256921995808564,0.033053113077059486,0.11576710309669626,3.0,P0300,30.0,-0.2998622642438158
1213571,1213581,TYMH02,137.0378,36.7142,212,7,0.14491806531241547,0.12262632927391175,0.18200097539632282,3.0,P0300,,
1213591,1213601,TYMH03,137.2627,36.7294,580,43,0.45711931476985423,0.3823950113610811,0.5089144484011185,3.0,P0300,42.0,-0.1515949797803873
1213611,1213621,TYMH04,137.4689,36.7914,100,68,0.024968428593168092,0.01754421275786792,0.03614841859335423,3.0,P0300,68.0,-0.2947311168831379
1213631,1213641,TYMH05,136.9584,36.5736,143,32,0.039174256535355924,0.021928362771051087,0.06325104951619978,3.0,P0300,29.0,-0.1059018272370703
1213651,1213661,TYMH06,137.1595,36.5711,200,52,0.0739346507671911,0.06033187397339173,0.1010956095808865,3.0,P0300,50.0,-0.0106807044578954
1213671,1213681,TYMH07,137.0392,36.4406,100,53,0.025537728708858263,0.015002833919266675,0.04204707081969353,3.0,P0300,53.0,-0.1307868220487282
1213691,1213701,WKYH01,135.2122,33.9804,101,22,0.024644418305858694,0.00553266477826013,0.14574619347593973,3.0,P0300,22.0,-0.0660210676463342
1213711,1213721,WKYH02,135.5369,34.1373,100,19,0.0170789872612363,-0.010857977043687388,0.08934586518720336,3.0,P0300,,
1213731,1213741,WKYH03,135.3244,34.1314,100,19,0.009714160554858606,-0.010686041905432687,0.02889747139933478,3.0,P0300,,
1213751,1213761,WKYH04,135.5454,33.5559,100,27,0.00601756357245999,-0.010692228528288161,0.028155680792580677,3.0,P0300,26.0,-0.1684964340448967
1213771,1213781,WKYH05,135.8619,33.6072,100,11,0.020316637392720067,0.0026253208148898505,0.03551581213903485,3.0,P0300,,
1213791,1213801,WKYH06,135.5953,33.6948,100,20,0.007236371262607402,0.0033850630194497398,0.030661108190716605,3.0,P0300,,
1213811,1213821,WKYH07,135.4396,33.6894,100,29,0.025349793359055527,0.00945960610764169,0.08492662380153841,3.0,P0300,28.0,-0.1173194222622898
1213831,1213841,WKYH08,135.4483,34.3228,112,28,0.08243861428131104,0.032810788687436185,0.15193103821305398,3.0,P0300,28.0,0.0723912262534882
1213851,1213861,WKYH09,135.0714,34.2868,200,30,0.03005443237615267,0.012757289716566204,0.0712376104865764,3.0,P0300,30.0,-0.1642678447810815
1213871,1213881,WKYH10,135.2172,33.8248,100,29,0.022916577972888395,0.008086459924687798,0.07873038940464609,3.0,P0300,28.0,-0.1935458954880249
1213891,1213901,YMGH01,131.5618,34.0494,200,21,0.017361778643581408,0.009614187821397233,0.05020117231282769,3.0,P0300,21.0,-0.1451229223226107
1213911,1213921,YMGH02,131.1434,34.1111,200,22,0.008771725820504412,-0.027011832979541586,0.02176900925329188,3.0,P0300,21.0,-0.0551116731029434
1213931,1213941,YMGH03,132.126,34.1891,200,40,0.02874584269843057,0.012699487811009788,0.06328702201337842,3.0,P0300,40.0,-0.139388673658318
1213951,1213961,YMGH04,132.0626,34.027,100,51,0.007900846022037174,0.00041448267980633544,0.021943571518306924,3.0,P0300,51.0,-0.1853817645960986
1213971,1213981,YMGH05,131.9943,34.1974,200,8,0.015681454333834506,0.012222599375233617,0.03127086475069258,3.0,P0300,,
1213991,1214001,YMGH06,131.3012,33.9893,200,28,0.02299829823982627,0.016352951927910427,0.03173015462412476,3.0,P0300,27.0,0.0025896143201663
1214011,1214021,YMGH07,131.0506,34.1149,200,39,0.034889918217018465,0.017620576660030463,0.07720631722899365,3.0,P0300,38.0,-0.0948938879030081
1214031,1214041,YMGH08,130.9323,34.1349,201,40,0.03470017533943319,0.020936649730641528,0.047444951027135564,3.0,P0300,39.0,-0.0493436123308774
1214051,1214061,YMGH09,131.6681,34.6257,100,32,0.025022721123495358,0.01753544480933149,0.041993399907970824,3.0,P0300,31.0,-0.1417894182229268
1214071,1214081,YMGH10,131.6329,34.4837,200,34,0.02085459481308352,0.013034128991848802,0.038758706007193625,3.0,P0300,34.0,-0.0043482467652565
1214091,1214101,YMGH11,131.6859,34.2091,200,22,0.034167336154157055,0.01769668642159734,0.0674586901955506,3.0,P0300,22.0,0.0343803070701937
1214111,1214121,YMGH12,131.3597,34.2176,102,18,0.007194034140624581,-0.000660645325257134,0.02097482635412884,3.0,P0300,,
1214131,1214141,YMGH13,131.177,34.3408,200,20,0.030682792696059558,0.01761715099839161,0.07423751388452585,3.0,P0300,,
1214151,1214161,YMGH14,131.3774,34.3979,100,38,0.10852387539045813,0.08554827506897573,0.14442552873146647,3.0,P0300,37.0,-0.0511272597760355
1214171,1214181,YMGH15,131.8149,33.9725,110,51,0.024633597719691123,0.016774581374753163,0.036319002062664266,3.0,P0300,50.0,-0.0082004111609546
1214191,1214201,YMGH16,132.104,33.826,106,50,0.06505422396475444,0.04129618115894089,0.09848595900859274,3.0,P0300,50.0,-0.061940369090189
1214211,1214221,YMGH17,132.4046,33.9291,100,44,0.1565728893709975,0.07542721650519467,0.23135260167603924,3.0,P0300,44.0,-0.228719837389003
1214251,1214261,YMNH08,138.734,35.6895,1206,145,0.3602532036259271,0.28256832974361035,0.4598745804646897,3.0,P0300,143.0,0.0251540951019822
1214271,1214281,YMNH09,138.3325,35.4327,159,107,0.029402186630202047,0.01782969855681244,0.044979845632449944,3.0,P0300,107.0,-0.1563465100761251
1214291,1214301,YMNH10,138.3087,35.5351,107,153,0.014729626783112583,0.0020512031687521318,0.02664823697917536,3.0,P0300,152.0,-0.1178862987696499
1214311,1214321,YMNH11,138.9777,35.6247,200,260,0.1177725319256189,0.05489404912243795,0.2114477367013473,3.0,P0300,254.0,0.145994910615544
1214331,1214341,YMNH12,138.449,35.5623,148,193,0.03406134245733626,0.0239485895926614,0.04646606852388624,3.0,P0300,190.0,-0.0485916114742939
1214351,1214361,YMNH13,138.4203,35.3509,204,125,0.04357840272704712,0.030173697296546727,0.06550580760210066,3.0,P0300,124.0,-0.0131797241093467
1214371,1214381,YMNH14,138.9675,35.5115,250,183,0.039794971318580855,0.025023599990285444,0.06987433437893308,3.0,P0300,182.0,0.0240678893815888
1214391,1214401,YMNH15,138.6045,35.5323,115,180,0.028971019407213517,0.01362820343033695,0.049726496916439177,3.0,P0300,177.0,-0.0128840229710149
1214411,1214421,YMNH16,138.5653,35.7421,256,177,0.03370975933659329,0.0231056819406197,0.05816985983536302,3.0,P0300,174.0,-0.017537832061583
1214431,1214441,YMTH01,140.3805,38.3841,207,324,0.2045444897914186,0.17482600510992768,0.23871768462026807,3.0,P0300,311.0,0.0566585486500982
1214451,1214461,YMTH02,140.2583,38.2693,150,617,0.10725256943137212,0.09185132772540607,0.12720610947151859,3.0,P0300,595.0,0.3240939023207306
1214471,1214481,YMTH03,140.1553,38.1035,114,361,0.02276817325638066,0.012997777192402705,0.03657100759538881,3.0,P0300,343.0,-0.1569507858231968
1214491,1214501,YMTH04,140.2978,38.0813,100,472,0.026808562724166075,0.01195682162133254,0.0589836435449029,3.0,P0300,452.0,-0.3145145718374625
1214511,1214521,YMTH05,139.8017,37.9883,107,239,0.06126292855032177,0.0370943413119532,0.0885112989765971,3.0,P0300,229.0,-0.148997877326328
1214531,1214541,YMTH06,140.1836,37.9633,145,370,0.20981311178356038,0.13218728658964154,0.3270898719335903,3.0,P0300,356.0,-0.1765859014561093
1214551,1214561,YMTH07,140.0278,37.896,200,556,0.06587392625064512,0.053971466245502794,0.08477915059986878,3.0,P0300,535.0,0.1685784432776339
1214571,1214581,YMTH08,140.0333,38.9701,107,382,0.040903697838152585,0.027080350686515847,0.05990707312340547,3.0,P0300,364.0,-0.0611971494405332
1214591,1214601,YMTH09,140.178,38.7498,200,175,0.0588485965113681,0.04855612395223197,0.07388847176201865,3.0,P0300,170.0,0.0745296198729393
1214611,1214621,YMTH10,140.3744,38.7107,204,30,0.08205138720620209,0.06323430696912735,0.1041720820703665,3.0,P0300,29.0,0.1778130134787494
1214631,1214641,YMTH11,140.5544,38.7132,109,281,0.06076509746946469,0.049408683893074075,0.08059833340107576,3.0,P0300,274.0,0.1757003468604952
1214651,1214661,YMTH12,140.0055,38.6357,203,477,0.10049997443368498,0.07229965474208293,0.13742118247671467,3.0,P0300,458.0,0.1659053156146815
1214671,1214681,YMTH13,139.7606,38.4704,104,363,0.02015758455382928,0.009773138446448925,0.037204846996033304,3.0,P0300,347.0,-0.1757922559263046
1214691,1214701,YMTH14,139.9916,38.386,103,546,0.1017740944630851,0.07746928725413121,0.14596492533132438,3.0,P0300,525.0,0.1857367660901208
1214711,1214721,YMTH15,140.1249,38.4257,100,466,0.07896359893708421,0.05253143306536797,0.11746739966426643,3.0,P0300,446.0,-0.002741088694047
1200011,1200021,ABSH01,142.8444,44.5276,100,45,0.007005289417989121,0.000736899021872325,0.014706308305980638,5.0,P0500,45.0,-0.1600130863740129
1200031,1200041,ABSH02,143.0264,44.4234,113,51,0.00841314799571753,-0.002978353795565812,0.019988882513980746,5.0,P0500,51.0,-0.1509329931915917
1200051,1200061,ABSH03,143.2407,44.3843,100,55,-3.550391031486948e-05,-0.028526491138722417,0.014788466213027762,5.0,P0500,55.0,-0.132136754954181
1200071,1200081,ABSH04,143.0767,44.192,200,33,0.007506890670358932,-0.009209991672325387,0.022420469203949175,5.0,P0500,33.0,-0.2278475176754006
1200091,1200101,ABSH05,143.0111,44.1146,106,59,0.01254516331120651,-0.0009800979936866235,0.024639083749697206,5.0,P0500,59.0,-0.1166393895981057
1200111,1200121,ABSH06,143.6202,44.2146,100,182,0.07071733456251414,0.04442434107209736,0.10691693029936435,5.0,P0500,175.0,0.1418245892140927
1200131,1200141,ABSH07,143.0861,43.8494,127,161,0.10212103487351014,0.051908938818721405,0.1619332179369798,5.0,P0500,154.0,0.0505686335015571
1200151,1200161,ABSH08,144.9935,44.064,105,103,0.03699074484777676,0.014940554906544421,0.08243074378782964,5.0,P0500,103.0,-0.3598194774171065
1200171,1200181,ABSH09,144.8071,43.9269,157,159,0.06904522144208305,0.0332440294544676,0.13283921350395297,5.0,P0500,158.0,-0.0007443016858703
1200191,1200201,ABSH10,143.9455,44.0813,300,83,0.043353238138432955,0.019716308531614688,0.0774307871298338,5.0,P0500,83.0,-0.098764314281158
1200211,1200221,ABSH11,144.1913,43.9144,122,184,0.10764334192616373,0.07250271770468557,0.1565000495166783,5.0,P0500,179.0,0.1778349218444813
1200231,1200241,ABSH12,144.4574,43.8566,119,207,0.030671177297549427,0.01874111736964615,0.05872760740730296,5.0,P0500,203.0,0.1241959706400956
1200251,1200261,ABSH13,143.4514,43.7419,105,210,0.06405816185186405,0.02722310598925811,0.09681661832738978,5.0,P0500,201.0,-0.051521278007925
1200271,1200281,ABSH14,144.1835,43.7228,103,193,0.024205938988694296,0.010746734931651908,0.05825711101272988,5.0,P0500,189.0,0.0854328630219884
1200291,1200301,ABSH15,143.51,43.6352,100,188,0.048486017355028846,0.02475305714495408,0.09373137294102013,5.0,P0500,180.0,-0.1259612679316437
1200321,1200331,AICH04,137.0568,34.9319,1055,42,0.32328821885488146,0.24612148950154047,0.5054629820566559,5.0,P0500,42.0,-0.1375791365634302
1200341,1200351,AICH05,136.8763,34.8886,401,42,0.14589659425013615,0.13369597084201404,0.179098003308437,5.0,P0500,41.0,0.0282949921249849
1200361,1200371,AICH06,137.0419,34.6158,300,41,0.12152542222147897,0.044651403131517865,0.2998174506819898,5.0,P0500,41.0,-0.0923851006060487
1200381,1200391,AICH07,137.4039,35.2194,201,77,0.02377938814624595,0.000506955888024679,0.0770756686272867,5.0,P0500,76.0,-0.1687003331587426
1200401,1200411,AICH08,137.2993,34.9189,100,46,0.006631856217869445,-0.009064879184595417,0.03598013847006035,5.0,P0500,46.0,-0.2208857424745769
1200421,1200431,AICH09,137.3902,34.6643,360,82,0.23784218428335213,0.14660636858521955,0.3623917013530654,5.0,P0500,82.0,-0.1663552138976954
1200441,1200451,AICH10,137.6243,35.0002,100,42,0.013951259242204094,0.00037672249166260317,0.05771452042382566,5.0,P0500,41.0,-0.09646088533378
1200461,1200471,AICH11,137.057,35.3059,100,63,0.01271696897219433,0.0021154705834635556,0.036565881954345625,5.0,P0500,63.0,-0.069149373285674
1200481,1200491,AICH12,137.1057,34.7884,401,56,0.22177536167858047,0.07750976430032591,0.46438438435994145,5.0,P0500,56.0,0.0071449182006551
1200501,1200511,AICH13,136.8509,35.2177,741,23,0.47173437962560044,0.42745906613709206,0.5733481436194771,5.0,P0500,23.0,-0.1403904925652811
1200521,1200531,AICH14,137.0474,35.1842,207,21,0.08185417236333893,0.06312208334480097,0.1365344591591337,5.0,P0500,20.0,-0.1535022891811991
1200541,1200551,AICH15,137.3359,35.1392,120,74,0.017014233360351773,0.00514921322359929,0.050124670440857805,5.0,P0500,74.0,-0.1961323548078493
1200561,1200571,AICH16,137.535,35.1543,101,94,0.030947388323696055,0.011875124345722595,0.08273295595763763,5.0,P0500,93.0,-0.1624810629418536
1200581,1200591,AICH17,137.7268,35.184,101,68,0.02492665570759349,0.006775456718269653,0.07659043658195179,5.0,P0500,67.0,-0.0275833498996591
1200601,1200611,AICH18,137.2377,34.9635,100,59,0.01611737263087776,0.0025216311226711418,0.049174113106202746,5.0,P0500,58.0,-0.0094903593448312
1200621,1200631,AICH19,137.4114,34.9512,100,69,0.006245082693510997,-0.003696656532133959,0.020869389030577636,5.0,P0500,69.0,-0.1650776307058104
1200641,1200651,AICH20,137.4876,34.8976,100,58,0.008764769688396512,0.0008454342372757398,0.029343149627210043,5.0,P0500,58.0,-0.2046717413951845
1200661,1200671,AICH21,136.9385,34.7401,100,31,0.019677231096230496,0.010331202672499968,0.04327858257594817,5.0,P0500,30.0,0.0680822715780356
1200681,1200691,AICH22,137.4393,34.7853,200,49,0.04590801802414117,0.021625450647093456,0.1326999060162898,5.0,P0500,49.0,-0.1668307102019175
1200701,1200711,AICH23,136.8316,34.8806,980,3,0.48632699675892116,0.4163400680564706,0.5649532814396692,5.0,P0500,,
1200741,1200751,AKTH01,140.579,39.8147,100,254,0.06275625494223105,0.032882906097783646,0.12370812978469553,5.0,P0500,245.0,-1.7916302977145653e-05
1200761,1200771,AKTH02,140.5721,39.6634,100,397,0.04079491667584262,0.02228510230294433,0.07680694234744463,5.0,P0500,383.0,-0.0086120818514313
1200781,1200791,AKTH03,140.1283,39.2223,103,347,0.04345801010416777,0.028703310007353378,0.06442542324658836,5.0,P0500,333.0,0.3497655376069783
1200801,1200811,AKTH04,140.7129,39.174,100,474,0.10168489453341245,0.027832120790439313,0.23403328820811578,5.0,P0500,455.0,0.0441721398587168
1200821,1200831,AKTH05,140.3185,39.0718,200,203,0.020519785343833124,0.0069341769457795166,0.0422210727458355,5.0,P0500,196.0,-0.1265836745209431
1200841,1200851,AKTH06,140.4952,38.9801,100,452,0.029397409709777465,0.00832021386117788,0.07871641858476013,5.0,P0500,436.0,-0.1043872413196393
1200861,1200871,AKTH07,140.8395,40.4563,105,284,0.09958511935859535,0.05597818832682079,0.18619602417451875,5.0,P0500,281.0,0.0421548081788039
1200881,1200891,AKTH08,140.2341,40.3188,200,189,0.04628198369240763,0.029847254873398538,0.07422961164765364,5.0,P0500,187.0,-0.000235835182701
1200901,1200911,AKTH09,140.4596,40.2755,101,287,0.04818452608643195,0.024464641823704635,0.09145716107401658,5.0,P0500,281.0,-0.1027585660823277
1200921,1200931,AKTH10,140.5812,40.3002,100,204,0.03428241728264844,0.017733207617189717,0.08015184398205832,5.0,P0500,200.0,-0.1528091952616305
1200941,1200951,AKTH11,139.7623,39.9554,350,26,0.19205188325944839,0.13501512782523428,0.25214767265527743,5.0,P0500,26.0,0.1552174670622303
1200961,1200971,AKTH12,140.2221,39.9155,100,166,0.029906375801822448,0.014671184341347801,0.05202108217015261,5.0,P0500,162.0,0.1392580295991533
1200981,1200991,AKTH13,140.4072,39.9819,100,236,0.02083229442024022,0.008582589068958972,0.0507232906716687,5.0,P0500,231.0,-0.0556542712084166
1201001,1201011,AKTH14,140.8084,40.0622,108,343,0.11503117014530437,0.04215455144505875,0.26685098798320234,5.0,P0500,335.0,0.105075014199448
1201021,1201031,AKTH15,140.4075,39.6884,100,255,0.009951652402978302,0.0017223294762153583,0.030609526663491392,5.0,P0500,251.0,-0.0962755673388761
1201041,1201051,AKTH16,140.3481,39.545,154,442,0.03151108986669593,0.01995917896357548,0.04974728016120286,5.0,P0500,424.0,0.257743658445221
1201061,1201071,AKTH17,140.6116,39.5575,177,416,0.09297865037527675,0.05938929925264939,0.15015957698615973,5.0,P0500,400.0,0.0827271237461828
1201081,1201091,AKTH18,140.3869,39.3548,100,319,0.05365571047689607,0.02909783246014003,0.09704094521496585,5.0,P0500,306.0,-0.0158364890992087
1201101,1201111,AKTH19,140.471,39.1913,180,432,0.0724139794014867,0.04227995620482084,0.11584353510306815,5.0,P0500,414.0,-0.1819689507251023
1201121,1201131,AOMH01,140.9127,41.5273,100,204,0.06129277517745674,0.02513592018200584,0.11685058992463568,5.0,P0500,200.0,-0.1085209382222581
1201141,1201151,AOMH02,140.8567,41.4049,200,21,0.04653162253296383,0.02712939140277926,0.10280534592279367,5.0,P0500,21.0,-0.277758645378888
1201161,1201171,AOMH03,140.9896,41.234,100,288,0.038260715537423357,0.015314426169816731,0.07127734813523005,5.0,P0500,281.0,-0.1100580915842576
1201181,1201191,AOMH04,140.6759,40.8524,307,156,0.1178427036368144,0.09110744383914202,0.15731508702357214,5.0,P0500,151.0,0.1492798267147319
1201201,1201211,AOMH05,141.1033,40.8564,312,327,0.2857415140031821,0.1217612360744732,0.4555559759291502,5.0,P0500,317.0,0.211448873334058
1201221,1201231,AOMH06,141.3738,40.9664,100,329,0.08414011142004567,0.037011050815240885,0.15607458424411472,5.0,P0500,320.0,-0.1478888909920356
1201241,1201251,AOMH07,140.0233,40.7451,109,156,0.025498544884658234,0.012207707348503596,0.046172929416623334,5.0,P0500,154.0,-0.1304906310214195
1201261,1201271,AOMH08,140.3121,40.7618,160,186,0.04122766029653485,0.03261576467243367,0.05444996935875746,5.0,P0500,185.0,0.1471919914299044
1201281,1201291,AOMH09,140.3499,40.6199,162,129,0.021877345571334812,0.010333352942021161,0.0406807514258912,5.0,P0500,127.0,-0.0508245967846668
1201301,1201311,AOMH10,140.6646,40.6091,105,225,0.03848053024094507,0.023743595335862098,0.07285688520708372,5.0,P0500,222.0,0.1471829138104753
1201321,1201331,AOMH11,140.995,40.58,100,332,0.05415958042533474,0.021998090257239908,0.1267569039149975,5.0,P0500,324.0,-0.0195553349499727
1201341,1201351,AOMH12,141.1547,40.5846,100,355,0.050757531465066626,0.02807763438416388,0.09109950373651028,5.0,P0500,348.0,0.4050922944961698
1201361,1201371,AOMH13,141.4451,40.5794,150,384,0.16885662265005083,0.12162701128682371,0.23179914354127246,5.0,P0500,375.0,0.1948407369698142
1201381,1201391,AOMH14,140.2726,40.5488,100,158,0.05996047353252144,0.02837151705976081,0.11594220542887042,5.0,P0500,156.0,-0.0169939866113122
1201401,1201411,AOMH15,140.5565,40.4841,100,222,0.023860986448851193,0.015555720228608405,0.04879784114813189,5.0,P0500,219.0,-0.0499240104611075
1201421,1201431,AOMH16,141.0923,40.4624,150,377,0.25790605904718666,0.1567528682525929,0.38999261535767726,5.0,P0500,368.0,0.4242577236645186
1201441,1201451,AOMH17,141.3374,40.4492,114,366,0.1032132011716463,0.03919846250098129,0.18540534005848452,5.0,P0500,353.0,0.1599060139520152
1201461,1201471,AOMH18,141.0145,40.2962,100,246,0.07791149432302458,0.025710192886459565,0.16672553942041107,5.0,P0500,242.0,-0.0109854685312788
1201491,1201501,CHBH04,140.0206,35.7966,2300,348,0.68177722369653,0.524756349863558,0.812136272249004,5.0,P0500,329.0,-0.136362871652823
1201521,1201531,CHBH06,140.5046,35.7215,180,179,0.06058142777902589,0.03305573369378555,0.14218801197678615,5.0,P0500,173.0,-0.1057025213464472
1201571,1201581,CHBH10,140.2417,35.5458,2000,409,0.3517921847974677,0.29798758387320595,0.4384178992838678,5.0,P0500,394.0,-0.0733597247280517
1201591,1201601,CHBH11,140.1529,35.2867,2000,286,0.30782278461617707,0.26012919854640354,0.3806858707611599,5.0,P0500,277.0,-0.0799564004714439
1201611,1201621,CHBH12,139.8554,35.3445,2000,198,0.44133659533173036,0.3941426050241999,0.50965735636537,5.0,P0500,192.0,0.0700709971735926
1201631,1201641,CHBH13,140.298,35.8307,1300,386,0.8080171253226138,0.718474798324324,0.9286934466237508,5.0,P0500,365.0,-0.0246898979826398
1201651,1201661,CHBH14,140.823,35.7342,525,226,0.2539399948834849,0.1448770817612896,0.37882799688423663,5.0,P0500,220.0,-0.0586335572206144
1201671,1201681,CHBH15,139.7885,34.9591,500,95,0.15841792836984617,0.126906960104481,0.20043826173025409,5.0,P0500,93.0,-0.0361716147523927
1201691,1201701,CHBH16,139.9649,35.1384,2002,195,0.6122622638909316,0.5153136224358144,0.7012625734372706,5.0,P0500,193.0,-0.0482013740935198
1201711,1201721,CHBH17,140.3398,35.1714,821,223,0.2746217550175234,0.2313667703899457,0.3250865425017252,5.0,P0500,219.0,0.0462512191237749
1201741,1201751,CHBH19,140.5107,35.5943,1630,262,0.5492851968243739,0.4731930954221306,0.620993272263058,5.0,P0500,256.0,-0.1338355159601856
1201761,1201771,CHBH20,140.0997,35.0882,306,183,0.02746811416090162,0.009277507337368918,0.05051953827935918,5.0,P0500,182.0,-0.0717187678589249
1201821,1201831,EHMH01,132.5552,33.0556,100,34,0.02336074613492191,0.007077806051871007,0.041970886501889314,5.0,P0500,34.0,-0.1385760394919316
1201841,1201851,EHMH02,133.184,33.865,110,30,0.03089475272806432,0.01537813282238711,0.12454334357712114,5.0,P0500,30.0,-0.2133969863569917
1201861,1201871,EHMH03,133.6497,33.9154,100,43,0.01043530760951993,-0.0009438029008241764,0.02209703205742386,5.0,P0500,43.0,-0.1184389796059983
1201881,1201891,EHMH04,133.0658,33.9023,200,31,0.05811437415338852,0.045077606192718986,0.12303755948000022,5.0,P0500,31.0,-0.0308907924780061
1201901,1201911,EHMH05,132.8032,33.7112,134,49,0.025831821997275867,0.01118892955950551,0.094589663693994,5.0,P0500,49.0,-0.2356209778686998
1201921,1201931,EHMH06,132.798,33.3348,200,54,0.022900873872806163,0.010341675680299638,0.04606183613584511,5.0,P0500,54.0,-0.1592094501159424
1201941,1201951,EHMH07,132.748,33.5022,200,44,0.02378560006279439,0.01276261280738308,0.03897321260557193,5.0,P0500,44.0,-0.1825675166332483
1201961,1201971,EHMH08,133.0016,33.5388,100,50,0.057564656595565006,0.021354348510274096,0.14495010431205874,5.0,P0500,50.0,-0.1352072854973717
1201981,1201991,EHMH09,132.3072,33.4719,150,24,0.34419621093259156,0.20500256837502423,0.4553591443059686,5.0,P0500,24.0,-0.0940318242570307
1202001,1202011,EHMH10,133.0581,34.1918,100,47,0.0367868018067628,0.00268282083746026,0.20487578138674584,5.0,P0500,47.0,-0.248314247497596
1202021,1202031,EHMH11,132.6011,33.5807,100,51,0.017351334154997098,0.006650285345425171,0.050312478691315124,5.0,P0500,51.0,-0.2133151676146993
1202041,1202051,EHMH12,132.5055,33.427,150,53,0.051998276330840774,0.021399731892735297,0.13124012348209493,5.0,P0500,53.0,-0.1699301764475093
1202061,1202071,EHMH13,132.1157,33.3719,222,49,0.037417390437046116,0.01940681558409169,0.060300941383883686,5.0,P0500,49.0,-0.1885756133622142
1202081,1202091,FKIH01,136.3617,36.0955,100,47,0.030047934838559952,0.005153363477722203,0.14993093193433243,5.0,P0500,47.0,-0.2059147159590848
1202101,1202111,FKIH02,136.0556,35.9483,100,23,0.11307720401848356,0.020414362516612043,0.17591642636168225,5.0,P0500,23.0,-0.1367696723368351
1202121,1202131,FKIH03,136.699,35.9415,200,20,0.022068752719796428,0.008922406907864909,0.05942228470118876,5.0,P0500,,
1202141,1202151,FKIH04,135.8694,35.5587,200,37,0.33277290242674024,0.12147272786297719,0.6107787514572577,5.0,P0500,37.0,-0.0153044611392154
1202161,1202171,FKIH05,136.0303,35.639,122,38,0.48858435416962165,0.16171175042368469,0.6540081749915674,5.0,P0500,38.0,0.0992468182225368
1202181,1202191,FKIH06,135.4841,35.4907,100,34,0.09637558834592704,0.03374793366878627,0.17516748515072483,5.0,P0500,34.0,-0.0934377657454941
1202201,1202211,FKIH07,135.7266,35.4573,104,34,0.09447531953473916,0.039292977583244515,0.21320852522976427,5.0,P0500,34.0,-0.12400474283541
1202221,1202231,FKOH01,130.9798,33.8849,200,47,0.03748485728030889,0.012823153208780521,0.08889367258962273,5.0,P0500,45.0,-0.2029604316690398
1202241,1202251,FKOH02,130.5963,33.6963,99,4,0.04737615400907162,0.013170312901994052,0.0898036555753935,5.0,P0500,,
1202261,1202271,FKOH03,130.5499,33.5608,100,51,0.02340383234221794,0.008592124460136035,0.05788590152871558,5.0,P0500,49.0,-0.1249176782002085
1202281,1202291,FKOH04,130.7451,33.5512,100,20,0.011096440682654484,0.003930392221895446,0.06739938565751218,5.0,P0500,,
1202301,1202311,FKOH05,130.9503,33.5293,100,19,0.004345395159451353,-0.0038641863354909054,0.027328155229957768,5.0,P0500,,
1202321,1202331,FKOH06,131.1348,33.5925,303,48,0.08663198323709101,0.03212688514361279,0.13194184226510813,5.0,P0500,47.0,-0.3047020913545307
1202341,1202351,FKOH07,130.6354,33.3678,437,39,0.3066393815899729,0.23271524016040895,0.42483944872202273,5.0,P0500,38.0,-0.0953584415222282
1202361,1202371,FKOH08,130.8285,33.4654,100,55,0.02172461232407678,0.012746029317707281,0.0456297161078502,5.0,P0500,54.0,-0.0723668430483506
1202381,1202391,FKOH09,130.5432,33.8501,200,30,0.060075124410932726,0.02092778305185314,0.20098719811697863,5.0,P0500,29.0,-0.0580831429703044
1202401,1202411,FKOH10,130.817,33.2891,200,55,0.03321084316846882,0.024582096009104926,0.0640291445126288,5.0,P0500,54.0,-0.0474645950882122
1202421,1202431,FKSH01,139.715,37.7565,100,286,0.00874783749167905,0.0001856805085447533,0.025519194712018523,5.0,P0500,272.0,-0.1815643834926861
1202441,1202451,FKSH02,139.8821,37.7317,100,227,0.034193785847111066,0.021250154480336493,0.06778821328884649,5.0,P0500,213.0,-0.2836501261268504
1202461,1202471,FKSH03,139.7533,37.6078,127,426,0.06748964781174238,0.04400673103174864,0.11722046636005382,5.0,P0500,410.0,0.0885489153395778
1202481,1202491,FKSH04,139.8126,37.4508,268,298,0.11477287046259639,0.06902544364286915,0.1852105970273672,5.0,P0500,287.0,-0.0674450388401791
1202501,1202511,FKSH05,139.8725,37.2544,105,298,0.0489889565967657,0.027813448636779838,0.12159505041418005,5.0,P0500,287.0,-0.0404759602768942
1202521,1202531,FKSH06,139.5199,37.1723,100,395,0.021775888252024898,0.007974421968748528,0.046385909878206136,5.0,P0500,380.0,-0.2702848677553702
1202541,1202551,FKSH07,139.3755,37.0103,200,168,0.025928595355347576,0.0011067454478179944,0.06161937548495675,5.0,P0500,159.0,-0.2825000615849656
1202561,1202571,FKSH08,140.2144,37.2822,105,495,0.054160952661686315,0.020890629801210515,0.1238254266944345,5.0,P0500,474.0,0.0540970157849721
1202581,1202591,FKSH09,140.4264,37.353,200,575,0.06416010272346492,0.02104050085377819,0.15964843281515007,5.0,P0500,552.0,-0.096163984542089
1202601,1202611,FKSH10,140.093,37.1616,200,568,0.15757958356537427,0.0697355497297626,0.29329377426974496,5.0,P0500,548.0,0.0015445751016798
1202621,1202631,FKSH11,140.3386,37.2006,115,465,0.16949652924730957,0.09516655764723395,0.27530449807980917,5.0,P0500,445.0,0.0576218097231645
1202641,1202651,FKSH12,140.5703,37.2169,105,587,0.25843594187824837,0.0844695408143605,0.46398659069118553,5.0,P0500,564.0,0.1444273896734907
1202661,1202671,FKSH13,140.5853,36.9951,105,103,0.05349663851273384,0.01672121375144401,0.1278879642904212,5.0,P0500,99.0,-0.0990855056608203
1202681,1202691,FKSH14,140.9702,37.0264,147,596,0.16404921792550778,0.05661905545536,0.32487168338311256,5.0,P0500,574.0,0.3084943242798536
1202701,1202711,FKSH15,140.1735,37.6461,100,150,0.02287668924499078,0.009084080266359143,0.051986051980703545,5.0,P0500,144.0,-0.1602639637720005
1202721,1202731,FKSH16,140.3766,37.7643,300,307,0.19293879593738966,0.1193324041853984,0.2925196070206113,5.0,P0500,290.0,-0.0540099787503685
1202741,1202751,FKSH17,140.5974,37.6636,100,583,0.1250343014633238,0.03464777493981816,0.26873766615587,5.0,P0500,560.0,0.0242650608148272
1202761,1202771,FKSH18,140.538,37.4894,100,588,0.22278061660647183,0.068173156986484,0.41994680771987075,5.0,P0500,564.0,0.1628341440744143
1202781,1202791,FKSH19,140.7227,37.4703,100,594,0.27314421716279175,0.10238806682531484,0.44333648439202794,5.0,P0500,568.0,0.0741408865613394
1202801,1202811,FKSH20,140.9871,37.4911,109,430,0.2979617418040079,0.1616969481320199,0.4222518483584921,5.0,P0500,416.0,0.0152442729541952
1202821,1202831,FKSH21,139.3147,37.3421,200,270,0.05602304246768704,0.03152999166618797,0.13181876792369662,5.0,P0500,264.0,-0.146101869572933
1202851,1202861,GIFH03,136.6134,35.6325,100,70,0.04008037090058252,0.01388990378526318,0.10343174248297113,5.0,P0500,70.0,-0.0211607327554396
1202871,1202881,GIFH04,137.1983,36.2448,100,45,0.037685093162752495,0.009164059393456372,0.07036010681599449,5.0,P0500,45.0,-0.2031350243167913
1202891,1202901,GIFH05,136.9479,36.0654,100,20,0.06709346508534719,0.0011726826509055183,0.23728307528795684,5.0,P0500,20.0,-0.1494311611063714
1202911,1202921,GIFH06,136.7939,35.5038,201,44,0.04108322679771552,0.02264496039440995,0.08366440857845518,5.0,P0500,44.0,-0.043859362957731
1202931,1202941,GIFH07,136.4347,35.4179,100,44,0.00878732498885492,-0.0023763301066384145,0.04346207504257216,5.0,P0500,44.0,-0.0659135571408665
1202951,1202961,GIFH08,136.9621,35.8323,100,67,0.013737765416218257,-3.304409700709339e-05,0.03751506617206343,5.0,P0500,67.0,-0.1016092981308485
1202971,1202981,GIFH09,136.7002,35.2768,1508,42,0.683827507263344,0.6159314692983613,0.7736539175606909,5.0,P0500,42.0,-0.0681960992832032
1202991,1203001,GIFH10,137.3716,36.3779,100,54,0.022920064271244642,0.011897102537336267,0.07738223104836585,5.0,P0500,52.0,-0.2690155051439777
1203011,1203021,GIFH11,137.2464,35.4865,100,66,0.013304076848410406,0.0020462321419228726,0.032629718593154736,5.0,P0500,65.0,-0.1004631488454951
1203031,1203041,GIFH12,136.4134,35.6033,106,46,0.02852456147661198,0.006097447785959935,0.07713129147936156,5.0,P0500,46.0,0.0216178133319619
1203051,1203061,GIFH13,136.8979,36.2743,154,45,0.028239492904840863,0.016424512549099993,0.08182795701356621,5.0,P0500,43.0,-0.1591079826408026
1203071,1203081,GIFH14,137.5174,36.2493,100,54,0.016878844297556282,0.002963494882469993,0.10763710168382966,5.0,P0500,53.0,-0.3121123751101149
1203091,1203101,GIFH15,137.2208,36.1338,105,63,0.09020724183993487,0.02357606137048507,0.2829069799137295,5.0,P0500,62.0,-0.0197002979408817
1203111,1203121,GIFH16,137.3438,36.094,100,61,0.016156298577432802,0.003631765413899904,0.04381187343981923,5.0,P0500,60.0,-0.0808445971921571
1203131,1203141,GIFH17,136.8732,35.9514,100,44,0.020099902052943975,0.0040114448555381415,0.124239353887406,5.0,P0500,43.0,-0.0833847410914336
1203151,1203161,GIFH18,137.1495,35.8991,107,67,0.01901566537976449,0.006986098705289125,0.0384528090897157,5.0,P0500,66.0,-0.0980161602608824
1203171,1203181,GIFH19,137.3906,36.0216,100,80,0.016205604114533714,0.006453877614147829,0.037773153669323,5.0,P0500,79.0,-0.2014318342347224
1203191,1203201,GIFH20,137.2531,35.7991,128,72,0.039261853761042284,0.014914777984867364,0.09286099153855197,5.0,P0500,71.0,-0.0902723931696238
1203211,1203221,GIFH21,136.9618,35.6665,200,42,0.02982748169692999,0.011775366171812972,0.049448442433076764,5.0,P0500,42.0,-0.0237736873246892
1203231,1203241,GIFH22,137.1054,35.6682,100,31,0.03276524793422384,0.013567523254616763,0.056785016096319856,5.0,P0500,31.0,-0.1640106567154234
1203251,1203261,GIFH23,136.7847,35.7235,100,48,0.022436880732765552,0.007844258277636702,0.03975306056577025,5.0,P0500,48.0,-0.0047296752809027
1203271,1203281,GIFH24,137.3187,35.6401,107,78,0.010939023749382635,0.0025920679472886633,0.029936594499816588,5.0,P0500,77.0,-0.2590556892344361
1203291,1203301,GIFH25,136.6127,35.5214,102,40,0.02693570085869962,0.004238647520878,0.0597480912064309,5.0,P0500,40.0,-0.129592040839491
1203311,1203321,GIFH26,136.8764,35.4121,100,51,0.03157755783999956,0.010846550241536263,0.11994053517495167,5.0,P0500,51.0,-0.073500337778381
1203331,1203341,GIFH27,137.004,35.4527,200,58,0.022784605641153532,0.003987044419499082,0.0466050352134494,5.0,P0500,58.0,-0.1787864635901682
1203351,1203361,GIFH28,137.4706,35.4571,401,75,0.2432135318557963,0.15034051994393566,0.39227142420940597,5.0,P0500,74.0,-0.069222189279506
1203371,1203381,GIFH29,136.4732,35.2953,136,17,0.022026870362923563,0.010900668276834936,0.051964481705715465,5.0,P0500,,
1203411,1203421,GNMH05,139.1847,36.3143,2000,298,0.5157452528534185,0.4109572125882813,0.6483182235721623,5.0,P0500,287.0,-0.0445524700380846
1203431,1203441,GNMH06,139.5443,36.2441,1203,89,0.5421885357483215,0.4941453785566747,0.6442627593751276,5.0,P0500,85.0,0.054661148329576
1203451,1203461,GNMH07,139.2104,36.6998,200,414,0.05090109657169682,0.02303011518627102,0.10078591137936696,5.0,P0500,403.0,-0.1431863597567396
1203471,1203481,GNMH08,138.5244,36.4917,150,304,0.08187912770912378,0.05351247409240675,0.13036821718371866,5.0,P0500,298.0,0.0852926060171776
1203491,1203501,GNMH09,138.9068,36.6212,110,324,0.014545047252245938,0.003977874671593363,0.03152132529180247,5.0,P0500,317.0,-0.2189794754115444
1203511,1203521,GNMH10,138.7291,36.2356,100,90,0.021666327518749817,0.006041151717396284,0.06389166476171373,5.0,P0500,86.0,-0.2757113133449957
1203531,1203541,GNMH11,138.921,36.2862,200,364,0.03600641435057397,0.02189632607940257,0.058822475273317944,5.0,P0500,353.0,-0.1413206930559519
1203551,1203561,GNMH12,138.9129,36.144,102,338,0.16063187241357546,0.03324282020568908,0.3835388955486838,5.0,P0500,329.0,0.0258035588949549
1203571,1203581,GNMH13,139.0627,36.862,204,216,0.07356236877862765,0.03244050742406452,0.2682887369161634,5.0,P0500,211.0,-0.0517310354314634
1203591,1203601,GNMH14,139.3219,36.4931,200,328,0.035485476458120946,0.014592593350298649,0.07271978237875906,5.0,P0500,317.0,-0.1298079884273746
1203611,1203621,HDKH01,142.2296,42.7031,100,219,0.03080008265481799,0.014488073655054124,0.05842479806478751,5.0,P0500,210.0,0.2376208942068091
1203631,1203641,HDKH02,142.4054,42.7061,110,142,0.03850672163945197,0.02158724573078066,0.07508944518416996,5.0,P0500,134.0,0.0984176349173069
1203651,1203661,HDKH03,142.3521,42.5934,106,216,0.04529375466011697,0.025026896093773645,0.11091642531982432,5.0,P0500,208.0,0.1968140726558728
1203671,1203681,HDKH04,142.0381,42.5126,220,233,0.07736111680725663,0.0506568375124581,0.11912646809050849,5.0,P0500,225.0,-0.0665391051372203
1203691,1203701,HDKH05,142.5446,42.5977,100,211,0.018263815158019274,0.005963223095131009,0.046959375491786505,5.0,P0500,204.0,-0.0308239475256815
1203711,1203721,HDKH06,142.3572,42.3498,115,236,0.1209412363604545,0.0666524019524806,0.21955380095916532,5.0,P0500,229.0,0.1520021668767832
1203731,1203741,HDKH07,142.9164,42.133,101,309,0.0539543064042202,0.02696350853670569,0.10388480055470782,5.0,P0500,299.0,0.2770473672939343
1203751,1203761,HRSH01,133.0236,34.3736,205,50,0.04865132966120242,0.027668049898381973,0.10639498655825892,5.0,P0500,50.0,-0.0701644424164676
1203771,1203781,HRSH02,132.948,34.5482,100,24,0.029675129155888248,0.012633309615125035,0.051545437282198014,5.0,P0500,24.0,-0.1461323524127951
1203791,1203801,HRSH03,133.1375,34.5183,200,44,0.07369383632500376,0.03351744839303185,0.2188436625955089,5.0,P0500,44.0,0.0067599778312302
1203811,1203821,HRSH04,133.3493,34.3785,200,44,0.03079421091729965,0.01700065251363484,0.05469101315681626,5.0,P0500,44.0,-0.20880813574831
1203831,1203841,HRSH05,133.4179,34.5566,200,32,0.0842777860631573,0.0352562124998265,0.19094881165802427,5.0,P0500,32.0,-0.1338933565142683
1203851,1203861,HRSH06,132.9123,34.9137,100,25,0.10308116558223727,0.05675268032057804,0.3244708585333533,5.0,P0500,25.0,-0.0020282953531599
1203871,1203881,HRSH07,132.6411,34.2883,102,68,0.10306907430116022,0.037552786576716055,0.26238363146985877,5.0,P0500,68.0,-0.0385681678458242
1203891,1203901,HRSH08,132.1611,34.3935,100,30,0.015230115569461817,0.004624120136943081,0.053477619971493195,5.0,P0500,30.0,-0.0659886345565586
1203911,1203921,HRSH09,132.9524,34.7016,115,32,0.022630193208857938,0.009385361477173131,0.051085673824427906,5.0,P0500,32.0,-0.0456657003736609
1203931,1203941,HRSH10,132.3794,34.7471,100,43,0.10455148631265687,0.022353432160271948,0.38943392036142477,5.0,P0500,43.0,0.1282725534558947
1203951,1203961,HRSH11,133.1674,34.8225,100,35,0.021353918091894037,0.010040974808057879,0.049605722656547176,5.0,P0500,35.0,-0.1461979648778656
1203971,1203981,HRSH12,132.4295,34.581,150,13,0.009522490894949796,0.00030130569721495084,0.02791587003458103,5.0,P0500,,
1203991,1204001,HRSH13,132.3907,34.4122,200,18,0.041377388547212554,-0.0013265871816538265,0.17332814587988402,5.0,P0500,,
1204011,1204021,HRSH14,132.4063,34.209,100,49,0.048973511668639065,0.038280200016706935,0.09823793153860452,5.0,P0500,49.0,-0.1596765101759163
1204031,1204041,HRSH15,132.5053,34.1161,100,51,0.03271177956485872,0.01546673622589731,0.06688303853169644,5.0,P0500,51.0,-0.1107965061050493
1204051,1204061,HRSH16,132.6689,34.6629,100,29,0.052884682225020296,0.017525185229980523,0.1039266547015139,5.0,P0500,29.0,0.0214039746862455
1204071,1204081,HRSH17,132.2326,34.5716,102,42,0.0017177825457291567,-0.005165763005820893,0.02549381037413463,5.0,P0500,42.0,-0.1002269763165956
1204091,1204101,HRSH18,132.7923,34.4572,100,41,0.05761118110908428,0.024050583999036694,0.14651001774420472,5.0,P0500,41.0,-0.1552548781823503
1204111,1204121,HYGH01,134.7941,34.2937,102,35,0.08845396513888741,0.027662516915986066,0.1767381903052157,5.0,P0500,35.0,-0.142343028354029
1204131,1204141,HYGH02,134.4234,35.0671,103,37,0.017853677373903556,0.0023535775599675796,0.02729598801527813,5.0,P0500,37.0,-0.3105934415927877
1204151,1204161,HYGH03,134.5237,35.2193,100,29,0.0524144156710319,0.014229007506870908,0.0891541907273328,5.0,P0500,29.0,-0.2640738695021984
1204171,1204181,HYGH04,135.2811,35.0708,100,34,0.023170209248532928,-0.003950457947460264,0.04886662852142528,5.0,P0500,34.0,-0.2657001578734067
1204191,1204201,HYGH05,134.3284,34.8995,100,11,0.008358230560651214,-0.026541988947047037,0.029910790352873053,5.0,P0500,,
1204211,1204221,HYGH06,134.4792,34.7935,200,23,0.03879220376875235,0.012764772999452289,0.07832128081015899,5.0,P0500,23.0,-0.2775220780529098
1204231,1204241,HYGH07,134.6701,35.0322,100,28,0.016382889209383793,-0.007903936064787882,0.03188593679830312,5.0,P0500,28.0,-0.4056159990782008
1204251,1204261,HYGH08,134.9036,35.101,110,40,0.06625561087211826,0.024934851178607574,0.1187768668239141,5.0,P0500,40.0,-0.2591302123431254
1204271,1204281,HYGH09,135.0844,34.9082,100,40,0.05203985150297406,0.023140988479926836,0.15100581073573244,5.0,P0500,40.0,-0.1303244653143545
1204291,1204301,HYGH10,134.8078,34.8164,100,39,0.1991434868659921,0.06050383498135999,0.48469528399804496,5.0,P0500,39.0,-0.003806445047866
1204311,1204321,HYGH11,134.9071,35.2925,200,33,0.2105856015079365,0.05338231198015513,0.2871905072517333,5.0,P0500,33.0,-0.1752480672697232
1204331,1204341,HYGH12,134.5423,34.9313,100,34,0.0008815703593069155,-0.033234546633989025,0.017013740172886347,5.0,P0500,34.0,-0.3186128743039202
1204351,1204361,HYGH13,134.6566,35.6208,101,15,0.0925690261994503,0.04416671834381679,0.2100831773537486,5.0,P0500,,
1204371,1204381,HYGH14,134.8621,35.4574,101,28,0.016994330825671207,0.004261048623513755,0.03640063969161687,5.0,P0500,28.0,-0.2323734580377909
1204391,1204401,HYGH15,134.5953,35.4697,100,15,0.026083892313686005,0.012314802254911043,0.04226491839560213,5.0,P0500,,
1204411,1204421,HYMH01,139.9678,42.4851,112,76,0.052418342529925534,0.022371334969507425,0.10927317167580285,5.0,P0500,75.0,-0.0944822310435466
1204431,1204441,HYMH02,140.3087,41.9856,101,116,0.07176638983720757,0.0396029691177129,0.12596381298073037,5.0,P0500,115.0,-0.1970622603011341
1204451,1204461,HYMH03,140.004,42.1344,100,24,0.010997220175074977,0.0030567805110769944,0.015156015003259983,5.0,P0500,24.0,-0.3072550796316238
1204481,1204491,IBRH06,140.6545,36.8809,100,205,0.136830716056821,0.043298637831509335,0.24955156361162048,5.0,P0500,198.0,-0.0214348422999458
1204501,1204511,IBRH07,140.3301,35.9521,1200,412,1.1255884776209726,1.0185333762382858,1.2316496903455043,5.0,P0500,394.0,0.2842637355414743
1204521,1204531,IBRH08,140.5621,36.1188,1200,168,0.5706663841474979,0.4924304250567623,0.6357077534058799,5.0,P0500,162.0,0.0161699755602554
1204541,1204551,IBRH09,140.3559,36.439,105,76,0.17585600321319705,0.04028056868123778,0.4147716307603403,5.0,P0500,74.0,-0.1090946136194181
1204561,1204571,IBRH10,139.9889,36.1112,900,380,0.7359008838952075,0.6526553456815167,0.8196167734162716,5.0,P0500,364.0,0.097496832736212
1204581,1204591,IBRH11,140.1401,36.3701,103,520,0.4449321766104346,0.2265617820594119,0.6367177641130264,5.0,P0500,499.0,0.23917654770743
1204601,1204611,IBRH12,140.3181,36.8369,200,478,0.14454506255485286,0.05690293407187262,0.3208870401987091,5.0,P0500,460.0,0.0623676859559761
1204621,1204631,IBRH13,140.575,36.7955,100,523,0.23321059149090412,0.07593661796240427,0.4071001750528892,5.0,P0500,503.0,0.0667485946772343
1204641,1204651,IBRH14,140.5484,36.6922,100,511,0.03898312017931502,0.014033796994235627,0.09344490038081227,5.0,P0500,491.0,-0.0984691161409486
1204661,1204671,IBRH15,140.3013,36.5566,107,519,0.10502011715036771,0.027857804066475013,0.2610144555875912,5.0,P0500,498.0,-0.0247754404975974
1204681,1204691,IBRH16,140.3976,36.6405,300,518,0.18909166832557664,0.07381496535769691,0.3838431492360059,5.0,P0500,498.0,-0.0144906367798011
1204701,1204711,IBRH17,140.314,36.0864,510,461,0.5118187386319203,0.4366915124718021,0.5902246871161395,5.0,P0500,440.0,-0.0417373995450573
1204721,1204731,IBRH18,140.6198,36.3631,504,484,0.20520673963511935,0.10474809033604648,0.36597529674490475,5.0,P0500,465.0,-0.1487137577191938
1204741,1204751,IBRH19,140.0893,36.2137,209,433,0.04176459774287942,0.024660020210763658,0.09216221665723262,5.0,P0500,416.0,-0.0812000214261867
1204761,1204771,IBRH20,140.7323,35.8284,921,301,0.5928233534584868,0.547123418758614,0.6386090788568745,5.0,P0500,289.0,0.011748579928386
1204781,1204791,IBRH21,140.105,35.9814,929,109,0.6821684627983232,0.6206107770961625,0.7574885017455744,5.0,P0500,104.0,-0.04262882932615
1204871,1204881,IBUH01,141.8191,42.8739,100,191,0.06319070436309113,0.023717656529348156,0.19777632621230135,5.0,P0500,186.0,0.1117154807072569
1204891,1204901,IBUH02,142.1285,42.8714,102,152,0.02126384932996613,0.009933606669868611,0.0490240499566492,5.0,P0500,148.0,0.1791100374571364
1204911,1204921,IBUH03,141.8641,42.6486,153,108,0.351308027801267,0.25469985615504015,0.4725325841937878,5.0,P0500,102.0,0.1082441884246509
1204931,1204941,IBUH04,140.665,42.6415,103,50,0.07784977850016722,0.03494584344599978,0.21213404092598892,5.0,P0500,49.0,-0.2209812728288396
1204951,1204961,IBUH05,141.3497,42.5629,177,197,0.05103736988696137,0.032600181052485,0.07800981868613027,5.0,P0500,192.0,0.027872143331127
1204971,1204981,IBUH06,141.0017,42.4116,562,128,0.3689853068102615,0.25840539047962485,0.5309179336595945,5.0,P0500,125.0,-0.0020333278012966
1204991,1205001,IBUH07,141.0643,42.6476,200,122,0.16282319901924294,0.0836677976683235,0.30242372077943774,5.0,P0500,119.0,0.0934287489589233
1205011,1205021,IKRH01,141.5836,43.4087,200,114,0.0782894546567838,0.05281007158129824,0.13347372600315685,5.0,P0500,111.0,-0.0015890362464333
1205031,1205041,IKRH02,141.6523,43.2204,127,139,0.11119750382836592,0.08786588450973126,0.14417019243218823,5.0,P0500,135.0,0.2818502189296174
1205051,1205061,IKRH03,141.6399,42.888,252,168,0.14224207207810197,0.1135285191453363,0.1805133673391381,5.0,P0500,164.0,0.0923674971731329
1205071,1205081,ISKH01,137.2844,37.5266,200,31,0.2029225165482422,0.10205790771264639,0.2778706699035426,5.0,P0500,31.0,-0.007026961427039
1205091,1205101,ISKH02,137.0413,37.3644,102,50,0.035011746515860705,0.01281856055802119,0.06976625946172352,5.0,P0500,47.0,-0.2476937551589816
1205111,1205121,ISKH03,137.2436,37.3458,207,59,0.038059017305600656,0.019592777041425025,0.11800696519819204,5.0,P0500,56.0,-0.1135744497482839
1205131,1205141,ISKH04,136.7176,37.1902,116,39,0.1336079145277697,0.03820686724461138,0.23868594648786284,5.0,P0500,36.0,-0.1393099551545049
1205151,1205161,ISKH05,136.9689,37.2224,105,34,0.00955835812845137,-0.001133910448429218,0.045738496132359564,5.0,P0500,32.0,-0.1743199528695742
1205171,1205181,ISKH06,136.8206,37.0533,200,47,0.23101389513991177,0.12193230678138986,0.3040738582297975,5.0,P0500,44.0,-0.0920335523301036
1205191,1205201,ISKH07,136.6357,36.515,802,42,0.32355895903233756,0.29586550735091627,0.36486687327428274,5.0,P0500,42.0,-0.1547762295284112
1205211,1205221,ISKH08,136.7906,36.738,100,37,0.010158003160283298,0.0007889943172276786,0.03245998094717314,5.0,P0500,34.0,-0.1092160025125272
1205231,1205241,ISKH09,136.7168,36.2667,106,51,0.020144888804973338,0.007916048012259176,0.08188650737303885,5.0,P0500,51.0,-0.1630901725787541
1205251,1205261,IWTH01,141.3423,40.2383,200,402,0.21019441559286084,0.11252502905473162,0.3584369177371094,5.0,P0500,390.0,0.2484892607469938
1205271,1205281,IWTH02,141.3826,39.825,102,460,0.2918025205942291,0.08728439078959781,0.4710923473499856,5.0,P0500,445.0,0.2205192663282251
1205291,1205301,IWTH03,141.652,39.802,101,473,0.04066345341286514,0.010748245965365076,0.09588711416337092,5.0,P0500,457.0,-0.1371897905271038
1205311,1205321,IWTH04,141.3909,39.1809,106,546,0.16875440166014122,0.05979822991630493,0.3250109224341195,5.0,P0500,524.0,0.0918507194753221
1205331,1205341,IWTH05,141.3512,38.8654,101,524,0.09089156409302453,0.03219388087972579,0.2515001655123295,5.0,P0500,499.0,-0.0345734488348651
1205351,1205361,IWTH06,141.1709,40.2611,100,308,0.042336076769772524,0.017476735329915012,0.08767480606568859,5.0,P0500,299.0,-0.0090668358428001
1205371,1205381,IWTH07,141.5709,40.2705,120,406,0.034047871610367104,0.011340206579397268,0.09430471082016698,5.0,P0500,396.0,-0.0953495733725914
1205391,1205401,IWTH08,141.7831,40.2686,100,363,0.19317746530156082,0.05026497199209659,0.38764347841960545,5.0,P0500,355.0,-0.0213129564433079
1205411,1205421,IWTH09,141.712,40.0861,100,432,0.028844878705520556,0.006000256064187876,0.0706181381850008,5.0,P0500,419.0,-0.1749884613149809
1205431,1205441,IWTH10,140.9529,40.1391,100,386,0.03305898508098403,0.008970255648510051,0.08360589386084262,5.0,P0500,375.0,-0.0746969095860638
1205451,1205461,IWTH11,141.1915,40.0811,300,403,0.20516908322564092,0.11821280112171603,0.30988624728851133,5.0,P0500,390.0,-0.0635860405214925
1205471,1205481,IWTH12,141.4245,40.1533,100,421,0.2173841445500301,0.07687884337198968,0.35903789029546224,5.0,P0500,411.0,0.0452398707938638
1205491,1205501,IWTH13,141.5492,39.9398,117,379,0.020326055291245537,0.005611809709290182,0.05137506656048292,5.0,P0500,369.0,-0.0642432490201638
1205511,1205521,IWTH14,141.9087,39.7435,100,473,0.05207613661582739,0.016934923676544818,0.1542464770538941,5.0,P0500,460.0,-0.0529562014136443
1205531,1205541,IWTH15,141.0929,39.6148,122,511,0.14920741496379306,0.09400142158503424,0.22147342526013986,5.0,P0500,493.0,0.2449745587767659
1205551,1205561,IWTH16,140.9465,39.6436,150,489,0.10782727332983619,0.05750111630760377,0.1707234061221071,5.0,P0500,474.0,0.0019417679578714
1205571,1205581,IWTH17,141.5977,39.6442,103,507,0.031044675576261182,0.011581665291561766,0.07074448667186994,5.0,P0500,491.0,-0.0484950498105229
1205591,1205601,IWTH18,141.6775,39.463,100,489,0.04133401653511617,0.013491544301537643,0.10521916495793031,5.0,P0500,472.0,-0.0851612590594408
1205611,1205621,IWTH19,141.0001,39.4559,100,385,0.0730923864952393,0.030656545839849673,0.14476201927691068,5.0,P0500,376.0,0.0631885769404699
1205631,1205641,IWTH20,141.0473,39.3434,156,451,0.20218643793335314,0.14639100580406797,0.255164399903728,5.0,P0500,436.0,0.3251435385825759
1205651,1205661,IWTH21,141.9336,39.4734,100,497,0.09643224495399821,0.022425791152945403,0.22253857717109643,5.0,P0500,480.0,-0.1171236517600324
1205671,1205681,IWTH22,141.3015,39.334,100,516,0.06490942744927428,0.022436465260041075,0.16321721222759972,5.0,P0500,499.0,0.0225753951665222
1205691,1205701,IWTH23,141.8233,39.2741,103,522,0.046472124339092424,0.01693101404918707,0.12102512790018295,5.0,P0500,502.0,-0.1542148701090152
1205711,1205721,IWTH24,141.0118,39.1979,151,485,0.045832383663305075,0.029030230873703558,0.07715566763279813,5.0,P0500,464.0,0.2765746429896518
1205731,1205741,IWTH25,140.8638,39.0092,261,103,0.12610290008727107,0.05227346401062892,0.22561648932045822,5.0,P0500,101.0,-0.1891429598917975
1205751,1205761,IWTH26,141.0013,38.969,108,568,0.0677578962916312,0.031297098004324786,0.13617698929668065,5.0,P0500,546.0,0.0883660954511669
1205771,1205781,IWTH27,141.532,39.0307,100,556,0.0580695383343127,0.018592197363250348,0.1904762112853865,5.0,P0500,536.0,0.0339104573608166
1205791,1205801,IWTH28,140.864,39.0094,263,359,0.14701543431536207,0.08021300826870831,0.2836448388857398,5.0,P0500,341.0,-0.1503493574560955
1205841,1205851,KGSH01,130.1191,32.1554,201,51,0.03595501659719223,0.011550102777449845,0.06037596057483019,5.0,P0500,49.0,0.0764994280173383
1205861,1205871,KGSH02,130.2077,31.994,201,33,0.022394976558762904,0.003851793691391312,0.03596743437391569,5.0,P0500,32.0,0.0847997497916748
1205881,1205891,KGSH03,130.4438,31.9812,100,68,0.004594564047054689,-0.0034179867302177322,0.015748311281142416,5.0,P0500,66.0,0.0017261314396553
1205901,1205911,KGSH04,130.3602,31.8374,99,57,0.05818140003770472,0.023339392885897467,0.1389180337783721,5.0,P0500,55.0,-0.0422970312612411
1205921,1205931,KGSH05,130.4958,31.8699,106,72,0.04860311150405365,0.029029111197889264,0.07950301303135059,5.0,P0500,69.0,0.0354259936760317
1205941,1205951,KGSH06,130.4594,31.6988,202,54,0.06447127773363237,0.03335410044818451,0.11546754682528368,5.0,P0500,51.0,0.0029925890586269
1205961,1205971,KGSH07,130.6149,31.714,301,66,0.38093275465955523,0.25465616158759474,0.5111515377953493,5.0,P0500,63.0,0.0605408118541628
1205981,1205991,KGSH08,130.9969,31.5618,149,79,0.04980791643624052,0.02324390991414997,0.09301585953708769,5.0,P0500,77.0,-0.1155637038209471
1206001,1206011,KGSH09,130.4333,31.3741,100,68,0.04412429780710729,0.01849183226891641,0.10930099489290065,5.0,P0500,66.0,-0.0922086201145546
1206021,1206031,KGSH10,130.6183,31.2066,202,69,0.05898911154895736,0.03409176387724015,0.08612798375865247,5.0,P0500,68.0,0.0283102997107727
1206041,1206051,KGSH11,130.699,31.0899,199,53,0.029666988558367326,0.010892986474860537,0.07176940757439552,5.0,P0500,51.0,-0.0654012447773772
1206061,1206071,KGSH12,131.0877,31.2583,150,63,0.025391947077435504,0.011240946628050193,0.045725447320867633,5.0,P0500,63.0,-0.0957922999630945
1206081,1206091,KGSH13,130.8541,31.4005,101,19,0.16151183661053498,0.09046653365576227,0.24667884084621006,5.0,P0500,,
1206101,1206111,KGWH01,133.9493,34.2186,117,38,0.08698962855872867,0.014278997837791163,0.2670001595971399,5.0,P0500,38.0,-0.0692019504372292
1206121,1206131,KGWH02,133.7081,34.198,200,38,0.1868536909039124,0.08701072437519056,0.3670115133457045,5.0,P0500,38.0,-0.0088070538805472
1206141,1206151,KGWH03,134.1482,34.27,100,21,0.0038913701310813913,-0.00282456219537161,0.018360299558542008,5.0,P0500,21.0,-0.0597944039905068
1206161,1206171,KGWH04,134.3043,34.2264,105,13,0.118650935916387,0.06291129459427555,0.1576704613413817,5.0,P0500,,
1206181,1206191,KGWH05,134.3241,34.4572,433,20,0.07258577039225508,0.02007661808240132,0.14694740115121596,5.0,P0500,20.0,-0.29799854453365
1206201,1206211,KKWH01,142.3036,44.5973,111,14,0.030100169458207815,0.017766732449005614,0.32097334189165694,5.0,P0500,,
1206221,1206231,KKWH02,142.5736,44.5509,112,40,0.015800697005500314,0.007637589647901444,0.024524494151520283,5.0,P0500,40.0,-0.0868844766289112
1206241,1206251,KKWH03,142.2725,44.4732,100,24,0.0071689138846263625,0.005040311695944348,0.01793476514623963,5.0,P0500,24.0,-0.0209725862762973
1206261,1206271,KKWH04,142.4056,44.4376,100,46,0.03868722094687575,0.018879560797935124,0.058984203548787764,5.0,P0500,46.0,0.2182407196287691
1206281,1206291,KKWH05,142.6303,44.2921,300,51,0.0677947233925076,0.049397129788881465,0.0871995420096155,5.0,P0500,51.0,-0.0610548562423294
1206301,1206311,KKWH06,142.7656,44.3207,100,35,0.0005634091366214173,-0.010399533779827747,0.00903554237551828,5.0,P0500,35.0,-0.2381840556436612
1206321,1206331,KKWH07,142.3409,43.3697,109,82,0.05165399509122555,0.014797883197785973,0.10034168563014621,5.0,P0500,80.0,0.0703276029491167
1206341,1206351,KKWH08,142.6562,43.0406,100,202,0.16969132103964274,0.06273328090971635,0.3288886852628108,5.0,P0500,194.0,0.0946333835534921
1206361,1206371,KKWH09,142.2542,44.7745,106,12,0.009417928633826848,0.0018889444186131052,0.03497865681885351,5.0,P0500,,
1206381,1206391,KKWH10,142.0528,44.6617,105,24,0.023324070988217368,0.014180364318551394,0.032972641171443495,5.0,P0500,24.0,0.292722061856029
1206401,1206411,KKWH11,142.2834,43.9754,105,40,0.02995167698117334,0.01530253128786744,0.18483653600211253,5.0,P0500,40.0,-0.0297698369823397
1206421,1206431,KKWH12,142.6006,43.5038,207,127,0.03145646419871704,0.01915773508991931,0.05324737966031851,5.0,P0500,125.0,-0.2598940482342032
1206441,1206451,KKWH13,142.3906,43.5113,168,96,0.049249626392716045,0.025345960434458033,0.127804969161863,5.0,P0500,94.0,-0.1189864179825779
1206461,1206471,KKWH14,142.5245,43.3841,150,154,0.029309778957034748,0.016198096254173025,0.05892421882087708,5.0,P0500,148.0,-0.3033054615202595
1206481,1206491,KKWH15,142.7656,43.8546,148,67,0.020120265217634017,0.00915431036380775,0.05674537379803507,5.0,P0500,67.0,-0.0795162063744153
1206501,1206511,KMMH01,130.6949,33.1089,99,51,0.015451558491229669,0.001787574015841913,0.041218532191210855,5.0,P0500,50.0,-0.0993598387191343
1206521,1206531,KMMH02,131.0629,33.122,124,53,0.04099552014979298,0.018625441692476843,0.1018913812226881,5.0,P0500,52.0,0.1096833232915292
1206541,1206551,KMMH03,130.8301,32.9984,200,53,0.12989129508229125,0.042245983780486614,0.28199153540430727,5.0,P0500,52.0,-0.1498814195178604
1206561,1206571,KMMH04,131.0199,32.9514,128,23,0.4977787295172326,0.36537909491251025,0.5320115746366583,5.0,P0500,21.0,0.3026769092507147
1206581,1206591,KMMH05,131.2207,32.9553,100,45,0.22996321114655638,0.1403552464299946,0.4796593060511263,5.0,P0500,44.0,-0.1470562590051678
1206601,1206611,KMMH06,131.101,32.8114,111,60,0.10410484740455873,0.06136383470266983,0.19690093467756148,5.0,P0500,59.0,-0.2213732425953105
1206621,1206631,KMMH07,130.5584,32.6234,300,62,0.11962275867385681,0.043402319319464915,0.19935516150141494,5.0,P0500,60.0,0.0054891287784187
1206641,1206651,KMMH08,131.0251,32.6501,103,41,0.10709502676447084,0.04421299615753952,0.20067598218768726,5.0,P0500,41.0,-0.0388810904021583
1206661,1206671,KMMH09,130.9046,32.4901,100,70,0.09709646619497986,0.03758770790384206,0.25008391335763325,5.0,P0500,69.0,-0.0733174797423667
1206681,1206691,KMMH10,130.1811,32.3151,300,51,0.0976091423842838,0.04749499758849807,0.16107719920471902,5.0,P0500,50.0,0.1144294450721852
1206701,1206711,KMMH11,130.5777,32.2918,300,58,0.02549908047051688,0.0099648125101621,0.04747846160807505,5.0,P0500,57.0,0.0207018993630303
1206721,1206731,KMMH12,130.7371,32.2054,123,58,0.09513291142093283,0.04141197140583766,0.17194127944272536,5.0,P0500,57.0,-0.0607451836973975
1206741,1206751,KMMH13,130.9096,32.2209,177,47,0.05778511243536767,0.036745491580608414,0.10421042254607381,5.0,P0500,45.0,-0.0926679694177584
1206761,1206771,KMMH14,130.7521,32.6345,110,68,0.21089094228883953,0.09627626710049458,0.3389129497293032,5.0,P0500,67.0,0.1461605151343974
1206781,1206791,KMMH15,130.3647,32.1704,110,57,0.01239529313102012,-0.0034525440498716095,0.03109484669079706,5.0,P0500,57.0,-0.0955245101070467
1206801,1206811,KMMH16,130.8199,32.7967,252,57,0.1745524687405573,0.09859429108516682,0.2985341630285474,5.0,P0500,57.0,-0.0964786787295358
1206821,1206831,KMMH17,130.5608,32.9873,100,30,0.013499023222134268,0.005124209258430241,0.03214618738209776,5.0,P0500,29.0,-0.1220124430944047
1206841,1206851,KMMH18,131.0071,33.0031,77,10,0.055810625326684224,0.03307069963092498,0.07974076618280848,5.0,P0500,,
1206911,1206921,KNGH10,139.5195,35.4991,2000,328,0.5874223831171073,0.5087749896666973,0.6851244765872466,5.0,P0500,320.0,0.142428401133037
1206931,1206941,KNGH11,139.3539,35.404,1800,193,0.5828850747911829,0.4634555182474408,0.774706265006237,5.0,P0500,189.0,0.0483397421090681
1206951,1206961,KNGH18,139.1283,35.6437,100,299,0.059980152370283535,0.0194842354280293,0.15238039544687065,5.0,P0500,289.0,0.0397944575307769
1206971,1206981,KNGH19,139.0436,35.4173,100,200,0.02446662809430756,0.0002539964240475391,0.06358889130435237,5.0,P0500,199.0,-0.1351498427418556
1206991,1207001,KNGH20,139.126,35.3663,105,260,0.02350854028214555,0.011521738053236337,0.061793832828677675,5.0,P0500,253.0,0.1491330856359226
1207011,1207021,KNGH21,139.2146,35.4628,210,234,0.03274608631202665,0.017608347577112965,0.07089550741050572,5.0,P0500,231.0,-0.0806903509139874
1207031,1207041,KNGH22,139.091,35.3583,2000,18,0.4363946717290448,0.3236802422299988,0.5392523486478652,5.0,P0500,,
1207051,1207061,KNGH23,139.611,35.2624,100,171,0.027319820438389594,0.01343056457133629,0.04668742538909931,5.0,P0500,166.0,-0.0353884590335687
1207071,1207081,KOCH01,134.1197,33.5421,200,32,0.026968127237409923,0.00824656435043269,0.05239843548052339,5.0,P0500,32.0,-0.0677620645825761
1207091,1207101,KOCH02,133.3641,33.7079,100,48,0.02106708188467272,0.013069305171227522,0.03719557008650154,5.0,P0500,48.0,-0.1492600302637619
1207111,1207121,KOCH03,132.9891,33.2683,100,51,0.02127249660065809,0.00952486070978912,0.045346771219099094,5.0,P0500,51.0,-0.1871747168012218
1207131,1207141,KOCH04,132.7066,32.8414,100,64,0.016867315961599492,0.00651990099684424,0.03949954273501676,5.0,P0500,63.0,-0.2633894043588053
1207151,1207161,KOCH05,133.1444,33.6472,100,55,0.03276686240777699,0.010345491865821765,0.06635655556644937,5.0,P0500,55.0,-0.2377726602668313
1207171,1207181,KOCH06,132.9524,33.0754,100,20,0.028765769168848525,0.015321293255213465,0.06428625500336888,5.0,P0500,20.0,-0.0098483022511778
1207191,1207201,KOCH07,133.2866,33.392,104,53,0.03213542811446654,0.016891222829792045,0.07571736430905106,5.0,P0500,53.0,-0.2033010207834818
1207211,1207221,KOCH08,132.9718,32.7797,100,50,0.013324617967825848,0.006281625973043875,0.05013941853176099,5.0,P0500,50.0,-0.3401498432836962
1207231,1207241,KOCH09,133.8243,33.6748,100,24,0.030583130362887463,0.008427910169273377,0.08446672266613586,5.0,P0500,24.0,0.0029483145091691
1207251,1207261,KOCH10,133.4388,33.5313,101,42,0.004139695033235754,-0.0074602336723273155,0.024819146102331966,5.0,P0500,42.0,-0.1372634202343638
1207271,1207281,KOCH11,134.1603,33.2866,300,30,0.04817545297464308,0.025550394578872447,0.10675574889877291,5.0,P0500,30.0,-0.0944549106779353
1207291,1207301,KOCH12,133.8192,33.5294,170,32,0.03064716640947157,0.006698757350053592,0.08002925670975136,5.0,P0500,32.0,-0.0463221955504285
1207311,1207321,KOCH13,133.576,33.7543,152,19,0.019662559384349815,0.0015608297718065732,0.08186666780695076,5.0,P0500,,
1207331,1207341,KSRH01,144.0844,43.4361,107,258,0.2115613513128886,0.16468100744235006,0.25781734104961684,5.0,P0500,249.0,0.2579085029601638
1207351,1207361,KSRH02,144.123,43.1142,105,254,0.09955647127517653,0.06181603850120706,0.19545549074071858,5.0,P0500,245.0,0.2791098222435669
1207371,1207381,KSRH03,144.6279,43.3848,107,228,0.05154257163430638,0.02515141314322219,0.13168856471541768,5.0,P0500,220.0,-0.0230816129535848
1207391,1207401,KSRH04,144.6804,43.2139,240,228,0.1560277415135014,0.11707289562926913,0.21394818212084818,5.0,P0500,221.0,0.2092183483175829
1207411,1207421,KSRH05,144.2338,43.2556,330,271,0.1114952992388398,0.07562404581289478,0.15905594698070774,5.0,P0500,262.0,-0.071939638539918
1207431,1207441,KSRH06,144.4285,43.22,237,268,0.07598199193892037,0.0518823913414259,0.12667399066596347,5.0,P0500,260.0,0.0416031811592302
1207451,1207461,KSRH07,144.3274,43.1359,222,272,0.09805643640048055,0.0766163498028322,0.13820686834886467,5.0,P0500,263.0,0.2292035940585872
1207471,1207481,KSRH08,143.8936,43.1603,100,244,0.031221976392107022,0.010457926069725093,0.08309942647650134,5.0,P0500,240.0,0.0540678796240588
1207491,1207501,KSRH09,143.9841,42.9856,100,271,0.09539414189812923,0.042812637433552465,0.1682765927906383,5.0,P0500,262.0,0.2429622617667507
1207511,1207521,KSRH10,145.1168,43.2084,255,173,0.3788299101149898,0.1905206503261612,0.5484765525333436,5.0,P0500,167.0,0.2056384200143581
1207531,1207541,KYTH01,135.1243,35.5243,155,38,0.06490236980474945,0.04729557187995701,0.19626952002584977,5.0,P0500,38.0,-0.1375512407097711
1207551,1207561,KYTH02,135.2496,35.7101,200,27,0.053949805376554756,0.016777499497860122,0.08107941780453495,5.0,P0500,27.0,0.0805778138651792
1207571,1207581,KYTH03,135.1334,35.313,300,34,0.058047054580568413,0.028950883415164594,0.08196708803110182,5.0,P0500,34.0,-0.2236230708931396
1207591,1207601,KYTH04,135.5508,35.2685,100,42,0.018714486471617886,0.010673731632065255,0.051970190431469276,5.0,P0500,42.0,-0.2289499275041738
1207611,1207621,KYTH05,135.0268,35.6814,150,21,0.4063318318784169,0.1433099226694573,0.6752412860386013,5.0,P0500,21.0,0.2982618919327049
1207631,1207641,KYTH06,135.4846,35.0469,100,16,0.006398493225389969,0.0019070445117923736,0.02805512053965729,5.0,P0500,,
1207651,1207661,KYTH07,135.7461,34.8983,800,33,0.48441071996264656,0.4546000392274189,0.551969362511069,5.0,P0500,33.0,-0.0581452447689448
1207671,1207681,KYTH08,135.7304,35.0094,703,21,0.27011799316640006,0.18122668454996474,0.38280614543237057,5.0,P0500,21.0,-0.2040995855030052
1207701,1207711,MIEH01,136.4563,34.9849,140,65,0.01795736892223271,0.007479689238879022,0.05173752775840817,5.0,P0500,65.0,-0.2139537428238317
1207721,1207731,MIEH02,136.2835,34.7662,200,47,0.051770445205694515,0.02289290433272157,0.09949469504034295,5.0,P0500,47.0,-0.1819468623659766
1207741,1207751,MIEH03,136.3692,34.547,100,45,0.021523795416508743,-0.001754717078702476,0.08837528096054678,5.0,P0500,44.0,-0.14407138974262
1207761,1207771,MIEH04,136.5866,34.3532,112,47,0.006726776623535161,-0.005072990937755489,0.045814377582164056,5.0,P0500,46.0,-0.2942184331090095
1207781,1207791,MIEH05,136.1689,34.0637,100,38,0.024565890826403154,-0.00365927030868546,0.1706591894483504,5.0,P0500,37.0,-0.1611368087575828
1207801,1207811,MIEH06,136.3293,34.358,100,43,0.009743167969503192,9.686991896608923e-05,0.03152108053487271,5.0,P0500,42.0,-0.2920907257712772
1207821,1207831,MIEH07,136.8216,34.2544,207,43,0.024456400328121332,0.004770001219647484,0.07229175708122354,5.0,P0500,42.0,-0.3014558023284678
1207841,1207851,MIEH08,136.5033,34.5424,150,44,0.0187341396016041,0.009286946898275607,0.04383964567583069,5.0,P0500,43.0,-0.198870722636437
1207861,1207871,MIEH09,135.9969,33.7644,100,36,0.0369268040330342,0.013161407390402065,0.07754432984484122,5.0,P0500,35.0,-0.1483722388399596
1207881,1207891,MIEH10,136.4245,34.8224,197,53,0.04661341054905767,0.027928551882142213,0.08529333878422359,5.0,P0500,52.0,-0.2515223172647843
1207901,1207911,MYGH01,140.9969,38.24,1206,150,0.48758013290915214,0.3245693188732072,0.6352444216320522,5.0,P0500,143.0,0.1010914347089979
1207921,1207931,MYGH02,140.6513,38.8587,203,233,0.1102415464088031,0.07161324689766226,0.154620693114353,5.0,P0500,225.0,-0.1361555662538754
1207941,1207951,MYGH03,141.6377,38.9207,117,538,0.024066612223564307,0.0072637994156827205,0.06202948131372924,5.0,P0500,517.0,-0.1285721404406181
1207961,1207971,MYGH04,141.3254,38.786,100,584,0.03604650801381754,0.00987971000841346,0.09669780966128154,5.0,P0500,557.0,-0.020974132795184
1207981,1207991,MYGH05,140.7804,38.5793,337,355,0.11197070920237774,0.08665112551743942,0.16447330924358597,5.0,P0500,337.0,0.1508222886520053
1208001,1208011,MYGH06,141.071,38.5907,100,604,0.04052100834457613,0.017086234406175186,0.08287913251842156,5.0,P0500,578.0,-0.1047934991291726
1208021,1208031,MYGH07,140.6405,38.1802,142,305,0.195436730604839,0.13994560393033872,0.27155777797129027,5.0,P0500,299.0,0.2265403569223024
1208041,1208051,MYGH08,140.8441,38.1133,100,675,0.0857459535963499,0.04465326697889535,0.14250704517691298,5.0,P0500,647.0,-0.0736815062055215
1208061,1208071,MYGH09,140.6027,38.0091,100,650,0.0905835834763481,0.049105171074867116,0.14175248222706874,5.0,P0500,624.0,0.0826442347985127
1208081,1208091,MYGH10,140.8924,37.9411,205,655,0.1269899361702707,0.078350655570745,0.19837888805523057,5.0,P0500,632.0,0.0179125146327098
1208101,1208111,MYGH11,141.3421,38.5158,207,377,0.09291238105424258,0.024858354446870592,0.18850759277900492,5.0,P0500,364.0,0.015082489125823
1208121,1208131,MYGH12,141.4428,38.6416,102,169,0.015271360960329095,0.0012102582375671145,0.043164152142628635,5.0,P0500,159.0,-0.1628069829394868
1208141,1208151,MYGH13,141.4176,38.6993,80,217,0.47680696419744933,0.16195251710369793,0.6985085004957091,5.0,P0500,212.0,0.2686055180978448
1208161,1208171,MYGH14,140.9551,38.34,1034,204,0.5075581677538186,0.40585505720745196,0.6307834468498985,5.0,P0500,198.0,0.2811654629375209
1208191,1208201,MYZH01,131.2257,32.6536,103,29,0.14645306898441385,0.05672369052373661,0.28994795670285917,5.0,P0500,28.0,-0.0303505336430059
1208211,1208221,MYZH02,131.6829,32.6972,210,35,0.034902525474323896,0.013253425588201492,0.09587307087347913,5.0,P0500,34.0,-0.0771403205733346
1208231,1208241,MYZH03,131.1043,32.4754,200,36,0.02980840459522518,0.005981982425260578,0.08786068835372035,5.0,P0500,36.0,-0.1147112931520225
1208251,1208261,MYZH04,131.3349,32.5181,100,68,0.047774777776470295,0.019112289006820125,0.13354150664621656,5.0,P0500,66.0,-0.1073817762871671
1208271,1208281,MYZH05,131.2668,32.347,100,51,0.032527028879978485,0.009887303379344358,0.06319298756323366,5.0,P0500,49.0,-0.1559279585671545
1208291,1208301,MYZH06,131.4643,32.3607,100,26,0.03278904471601564,0.011169162491279073,0.06339739264657492,5.0,P0500,25.0,-0.0964491535037394
1208311,1208321,MYZH07,131.1946,32.1987,100,29,0.02395868938756925,0.007891188848242773,0.06411685094652168,5.0,P0500,29.0,-0.1275801816229725
1208331,1208341,MYZH08,131.5309,32.2132,213,69,0.11153259775862112,0.05956904766328022,0.17552398106973122,5.0,P0500,67.0,-0.1042542724657439
1208351,1208361,MYZH09,131.0618,32.0421,100,44,0.05323626495165437,0.03233893409599625,0.09936621987663605,5.0,P0500,42.0,-0.1372910423186273
1208371,1208381,MYZH10,131.29,32.0215,100,78,0.030093759737367082,0.009630387618215299,0.072169650590931,5.0,P0500,76.0,-0.1904137257704057
1208391,1208401,MYZH11,131.47,32.0208,212,37,0.10746215995322633,0.048794225327730374,0.1573087572649656,5.0,P0500,36.0,0.0399343799097382
1208411,1208421,MYZH12,130.9454,31.8643,101,57,0.055103857188689535,0.018836067933874556,0.10478473866464123,5.0,P0500,55.0,-0.1379558059615651
1208431,1208441,MYZH13,131.0791,31.7301,117,89,0.10076604721310811,0.043552453561283705,0.15938851664127024,5.0,P0500,87.0,0.0300027289764224
1208451,1208461,MYZH14,131.351,31.5649,201,28,0.10998453759615962,0.045771364339395985,0.22921849466205582,5.0,P0500,27.0,-0.0222622422683427
1208471,1208481,MYZH15,131.5893,32.3654,200,61,0.07217067900807156,0.016646075564188356,0.21570980304064327,5.0,P0500,60.0,0.0317586863085474
1208491,1208501,MYZH16,131.6958,32.506,100,61,0.022447476786677672,0.008460099675009793,0.0558784525173078,5.0,P0500,60.0,-0.0508257919921642
1208511,1208521,NARH01,135.6489,33.9666,99,33,0.12618312422149133,0.02582877105237344,0.32103480187746164,5.0,P0500,32.0,0.0711086695376804
1208531,1208541,NARH02,135.8574,33.9692,100,21,0.0505430124030176,-0.027026552609347967,0.10137875055035796,5.0,P0500,21.0,-0.2224162772136026
1208551,1208561,NARH03,136.0022,34.2925,101,36,0.03155853529640868,0.0025968223238505713,0.0871735343494041,5.0,P0500,36.0,-0.2701401407834295
1208571,1208581,NARH04,135.8369,34.3061,101,35,0.02556533366094235,-1.8609982774746292e-05,0.07324315495668288,5.0,P0500,34.0,-0.2015995137061351
1208591,1208601,NARH05,136.0294,34.4237,101,43,0.07621204578561033,0.016291820340402895,0.2819447121575801,5.0,P0500,42.0,-0.1350219879708187
1208611,1208621,NARH06,136.0512,34.6413,101,39,0.07092523224227625,0.016582787498393474,0.23639230194786953,5.0,P0500,39.0,-0.0593908095159616
1208631,1208641,NARH07,135.8541,34.5843,100,24,0.013367772392580773,0.002056878623908245,0.03411434323116278,5.0,P0500,24.0,0.0376435255872639
1208651,1208661,NGNH03,137.7346,35.4786,165,95,0.0585170653722363,0.022609187377780313,0.116285406454307,5.0,P0500,95.0,0.0561376248345938
1208671,1208681,NGNH07,138.376,36.7434,200,67,0.037513792400983036,0.02401847565874577,0.05965294285741232,5.0,P0500,65.0,-0.5335306570347187
1208691,1208701,NGNH08,137.8591,36.2541,250,54,0.045191244792377905,0.03325244750335453,0.06955933314607297,5.0,P0500,51.0,-0.0455432142092867
1208711,1208721,NGNH09,138.2491,36.2859,100,46,0.016796324546831554,0.0063108092693744886,0.03413710561494231,5.0,P0500,43.0,-0.2276963413192321
1208731,1208741,NGNH10,137.7669,35.9632,104,156,0.019151224261382563,0.007224994793126522,0.04604579608247256,5.0,P0500,153.0,-0.0246989028709805
1208751,1208761,NGNH11,138.3052,35.9157,206,158,0.05719408806332748,0.03469386065923476,0.1529026731768116,5.0,P0500,155.0,0.1241464788969793
1208771,1208781,NGNH12,138.4797,35.9696,206,151,0.10846953345078592,0.06533026532845179,0.17797801990844594,5.0,P0500,147.0,-0.1890258191660262
1208791,1208801,NGNH13,137.8767,35.5143,124,106,0.032785383372517206,0.015077971129399695,0.13381697585626318,5.0,P0500,104.0,-0.111390599157506
1208811,1208821,NGNH14,137.6261,35.3095,101,66,0.03904905698352996,0.011259450072129203,0.08536008865707576,5.0,P0500,65.0,-0.0307488686985261
1208831,1208841,NGNH15,137.9305,36.0088,100,69,0.01820118294685981,0.007465521831110408,0.04849841474782317,5.0,P0500,67.0,-0.2478759574855428
1208851,1208861,NGNH16,138.1848,35.9465,247,135,0.06331263150763916,0.03111535247567124,0.19729319847334165,5.0,P0500,133.0,0.0627528480928248
1208871,1208881,NGNH17,138.5504,36.1425,100,140,0.014827318463370494,0.0027883848077099958,0.041927517270710854,5.0,P0500,134.0,-0.2522384769445344
1208891,1208901,NGNH18,137.595,35.9324,100,117,0.10783813712253205,0.0378886202161632,0.2927035934111429,5.0,P0500,115.0,-0.0631244094333086
1208911,1208921,NGNH19,138.5845,35.9735,115,185,0.06491041862653306,0.027026415706979452,0.18317554121228607,5.0,P0500,180.0,-0.1826105808431315
1208931,1208941,NGNH20,137.7173,35.787,100,89,0.016803534718620405,-0.00011024374659803952,0.05173192849566625,5.0,P0500,86.0,-0.0813378067167983
1208951,1208961,NGNH21,137.9236,35.8315,181,106,0.05553485057282958,0.03351178019064409,0.10957962624130711,5.0,P0500,106.0,-0.063329676576041
1208971,1208981,NGNH22,138.0824,35.7946,100,106,0.013081268992032324,0.004864678990995234,0.033998858450850294,5.0,P0500,103.0,-0.174604334671551
1208991,1209001,NGNH23,137.6105,35.6056,102,146,0.03644776351541326,0.010832468499951408,0.08394627925596618,5.0,P0500,145.0,-0.0889274100136123
1209011,1209021,NGNH24,137.8797,35.6152,107,189,0.022576150023543344,0.0081985338186305,0.06250391484919035,5.0,P0500,185.0,-0.0600273563315072
1209031,1209041,NGNH25,137.9268,35.2986,102,125,0.005845712887081267,-0.00568687653298393,0.016644970773215795,5.0,P0500,124.0,-0.2190660571298186
1209051,1209061,NGNH26,138.1474,36.4663,103,59,0.06372424457454456,0.030263456263556233,0.1611157268611352,5.0,P0500,56.0,-0.2465007166406871
1209071,1209081,NGNH27,138.0479,36.577,102,152,0.019474876852874197,0.00848042743640407,0.033975873393436544,5.0,P0500,150.0,-0.2659395908936918
1209091,1209101,NGNH28,138.0964,36.7075,120,144,0.020058792219508997,0.012130542511207543,0.031021832204622804,5.0,P0500,142.0,-0.2205641850684866
1209111,1209121,NGNH29,138.4408,36.9102,110,152,0.0259379286888398,0.01632086896507878,0.05628400852878655,5.0,P0500,150.0,-0.304675413020881
1209131,1209141,NGNH30,137.6849,36.064,101,126,0.02169791406064932,0.0057857137699789596,0.05229350104999536,5.0,P0500,123.0,-0.149145493136513
1209151,1209161,NGNH31,137.9389,36.1184,218,129,0.05027956842099582,0.031340816951489166,0.10686562332260491,5.0,P0500,126.0,-0.0873985265540608
1209171,1209181,NGNH32,137.9898,36.2578,100,80,0.021294910782316906,0.007076859043853852,0.06201512316356127,5.0,P0500,77.0,-0.0264027335370928
1209191,1209201,NGNH33,137.9637,36.4598,106,90,0.011856288149212295,0.0036388231894369863,0.023435987530922422,5.0,P0500,87.0,-0.3833463928724728
1209211,1209221,NGNH34,137.8201,36.5327,106,87,0.023285237594512693,0.016284004369633003,0.036177695526120573,5.0,P0500,85.0,-0.1050955650966013
1209231,1209241,NGNH35,137.8201,36.3824,105,66,0.012818580375534051,0.004698315254313269,0.026429018782294336,5.0,P0500,63.0,-0.1488434417295914
1209251,1209261,NGNH36,137.8482,36.6984,629,19,0.081877363019489,0.07137134965156011,0.11039637423555326,5.0,P0500,,
1209271,1209281,NGNH37,138.4967,36.3308,709,96,0.2597349434280707,0.22110744613530292,0.33447557815409246,5.0,P0500,94.0,0.1055988169098578
1209291,1209301,NGNH54,138.0058,35.4489,104,96,0.018013100037779832,0.0051979125748772975,0.06302165733533088,5.0,P0500,95.0,-0.1556305854452953
1209311,1209321,NGSH01,129.4353,33.2116,207,40,0.04202560542013754,0.021933304013928248,0.09048770304224332,5.0,P0500,38.0,0.0168994245964376
1209331,1209341,NGSH02,129.7652,33.2122,112,18,0.023767835756829905,0.008208870926549858,0.04272214572557775,5.0,P0500,,
1209351,1209361,NGSH03,129.8102,33.1256,200,49,0.023311570092452154,0.009488595852116454,0.03886150361664711,5.0,P0500,47.0,0.0002386649093327
1209371,1209381,NGSH04,129.8026,32.9553,100,32,0.012349348840609585,-0.0019031181448035189,0.035646975685277735,5.0,P0500,30.0,-0.1145688803282827
1209391,1209401,NGSH05,130.1408,32.9103,200,18,0.027215443190707463,0.015927460813305767,0.04125543911547487,5.0,P0500,,
1209411,1209421,NGSH06,129.8625,32.6999,200,37,0.018670571186095823,0.007024911044295846,0.04214974349163064,5.0,P0500,35.0,-0.1497991843830892
1209431,1209441,NIGH01,138.8876,37.4272,100,215,0.03017045446753355,0.014702768142504086,0.05850831765685181,5.0,P0500,205.0,0.0552221458211931
1209451,1209461,NIGH02,139.5486,38.2799,104,462,0.01753194617220185,0.0053283993299999294,0.0354739073522097,5.0,P0500,445.0,0.1442648424661861
1209471,1209481,NIGH03,139.4289,38.1327,221,251,0.06807675264618653,0.05073139413406692,0.09395524600764493,5.0,P0500,245.0,0.0622722857925455
1209491,1209501,NIGH04,139.5428,38.1313,100,375,0.029465116479480098,0.011618185986071564,0.055915007282315105,5.0,P0500,361.0,0.1958039709339272
1209511,1209521,NIGH05,139.2788,37.9759,147,292,0.06883339107126119,0.055101598421285536,0.09166562278888932,5.0,P0500,283.0,-0.1036744906913696
1209531,1209541,NIGH06,139.0676,37.6527,100,232,0.02423443436370739,0.01111927287376947,0.06094952993981204,5.0,P0500,220.0,0.1938944622679562
1209551,1209561,NIGH07,139.261,37.6658,106,249,0.015358680564229765,0.00576628416732529,0.04818872830735383,5.0,P0500,241.0,-0.2121733317195381
1209571,1209581,NIGH08,139.4648,37.6708,300,398,0.18419355136869503,0.14277244435333813,0.2442488481087762,5.0,P0500,383.0,0.3372534234363474
1209591,1209601,NIGH09,139.1279,37.5386,100,230,0.02630845711630786,0.012288105547497399,0.05355437372927201,5.0,P0500,225.0,-0.0258437096636664
1209611,1209621,NIGH10,139.3648,37.5438,100,309,0.05980284157431718,0.027103776107014536,0.11452106793251347,5.0,P0500,300.0,-0.1023254258623302
1209631,1209641,NIGH11,138.744,37.1728,205,296,0.05563794012075923,0.035923117798781226,0.08811305383806135,5.0,P0500,288.0,-0.0910123682159186
1209651,1209661,NIGH12,138.9821,37.2239,110,202,0.05726763830920972,0.03672388373179228,0.10880949087968712,5.0,P0500,194.0,-0.1603577778305403
1209671,1209681,NIGH13,138.3966,37.0544,100,72,0.01745978960052396,0.007648723416992671,0.035901352046371494,5.0,P0500,71.0,0.2728492628355906
1209691,1209701,NIGH14,138.8521,37.0303,387,234,0.105560280107963,0.06945064929220078,0.16018186881546315,5.0,P0500,228.0,-0.3194195940653137
1209711,1209721,NIGH15,138.9951,37.0533,100,240,0.01930667699070862,0.006049182207768489,0.06356903760087834,5.0,P0500,234.0,-0.2039875885671506
1209731,1209741,NIGH16,137.848,36.9378,100,38,0.02409860439837288,0.011362203580864772,0.09314084316292194,5.0,P0500,35.0,-0.2629564297494831
1209751,1209761,NIGH17,138.0966,36.8569,150,138,0.0395129363679928,0.025375123546626216,0.07788619408527292,5.0,P0500,135.0,-0.3338901214653449
1209771,1209781,NIGH18,138.2594,36.9425,110,106,0.02568405248759275,0.016831580222025102,0.0416542633450909,5.0,P0500,103.0,-0.0063554040357381
1209791,1209801,NIGH19,138.7849,36.8114,100,174,0.027725459019496246,0.011755031798296966,0.07981931410346614,5.0,P0500,169.0,-0.172807597639283
1209811,1209821,NMRH01,145.0246,43.785,110,220,0.024236617273751527,0.012115476295264084,0.05013719659851941,5.0,P0500,212.0,0.0438102575722761
1209831,1209841,NMRH02,144.9618,43.6772,103,221,0.20668653298318107,0.08901981248345897,0.38293532581328305,5.0,P0500,213.0,-0.020175800250823
1209851,1209861,NMRH03,144.9665,43.5508,227,229,0.19591193017420322,0.14422119109493903,0.292516442123816,5.0,P0500,220.0,0.2250315142518788
1209871,1209881,NMRH04,145.1224,43.3978,216,223,0.22341739033692612,0.16705180687721438,0.28836882147194054,5.0,P0500,214.0,0.1666078907770091
1209891,1209901,NMRH05,144.8021,43.39,220,221,0.1362362552724284,0.0883449137910126,0.2695843207768356,5.0,P0500,213.0,0.0889601048292486
1209911,1209921,OITH01,131.0326,33.4122,200,38,0.02335175993462879,0.014274871745995243,0.03695313889886825,5.0,P0500,37.0,-0.2721753023254105
1209931,1209941,OITH02,131.4429,33.4581,100,32,0.033508839761880474,0.01257470222642625,0.10625493441190705,5.0,P0500,31.0,-0.2887538351515944
1209951,1209961,OITH03,131.6856,33.4736,400,46,0.04653797295493617,0.015745696230657743,0.1704624899204411,5.0,P0500,46.0,-0.0134287453019359
1209971,1209981,OITH04,131.3473,33.1306,230,37,0.09431812881279188,0.06354407146232587,0.15640631563601662,5.0,P0500,37.0,-0.311977408990495
1209991,1210001,OITH05,131.542,33.1525,100,37,0.015927552488107302,0.006281913670148861,0.043152690669294544,5.0,P0500,37.0,-0.131476503390466
1210011,1210021,OITH06,131.3984,32.9726,104,24,0.07259733142976818,0.024079878242563805,0.13896206426345445,5.0,P0500,24.0,-0.0691169694850618
1210031,1210041,OITH07,131.5881,32.987,101,38,0.271738107463215,0.1302981206744275,0.4570165905434773,5.0,P0500,37.0,0.1891613738223951
1210051,1210061,OITH08,131.5357,32.8392,101,52,0.015423347781603123,0.005850320251812164,0.02909925352581824,5.0,P0500,51.0,-0.0943865778822952
1210071,1210081,OITH09,131.6786,32.8486,100,17,0.006319259692214433,-0.01882961423839757,0.018864381176192924,5.0,P0500,,
1210091,1210101,OITH10,131.8695,32.9278,100,52,0.018577578560174897,0.005745746140753367,0.06010657916702755,5.0,P0500,51.0,-0.0144936066598041
1210111,1210121,OITH11,131.2118,33.2844,160,45,0.06346662297861243,0.03899572668207552,0.10723837570721058,5.0,P0500,44.0,-0.2039157175547303
1210131,1210141,OKYH01,133.8905,34.507,200,23,0.2715387609676352,0.06263211600330028,0.4500616995183789,5.0,P0500,23.0,0.0464259151565431
1210151,1210161,OKYH02,134.0702,34.7501,200,24,0.018216431330900264,-0.003084373644154644,0.057618985133962394,5.0,P0500,24.0,-0.3808057598677198
1210171,1210181,OKYH03,133.789,34.7783,201,32,0.05245059489648181,0.021680377780427702,0.11436642178169318,5.0,P0500,32.0,-0.1998575096179178
1210191,1210201,OKYH04,133.6861,34.6429,100,44,0.041286993294828954,0.01665403998942555,0.05427300140010323,5.0,P0500,44.0,-0.2107488235126368
1210211,1210221,OKYH05,133.8527,34.8684,100,40,0.025732787484324275,0.008612283869485222,0.05820362492937959,5.0,P0500,40.0,-0.1818900328047465
1210231,1210241,OKYH06,133.5283,34.6756,100,35,0.0188818183336539,0.007789435645611128,0.07670109475239274,5.0,P0500,35.0,-0.1805792615170183
1210251,1210261,OKYH07,133.3169,35.0493,100,27,0.007630372274392175,-0.00011925496242229645,0.022342821111576577,5.0,P0500,27.0,-0.1793510823576532
1210271,1210281,OKYH08,133.4055,34.9103,100,41,0.03173330588616114,0.016123042425726854,0.09281033816205563,5.0,P0500,41.0,-0.1781265981991227
1210291,1210301,OKYH09,133.6765,35.1809,100,31,0.03916771904768315,0.01430073190636057,0.10989768452953211,5.0,P0500,31.0,-0.2308779524494012
1210311,1210321,OKYH10,133.9263,35.2826,200,13,0.05284095204150464,0.0415223315552842,0.12438190907463252,5.0,P0500,,
1210331,1210341,OKYH11,134.1162,35.0732,200,31,0.06962479382719858,0.04247560081357624,0.13773079857434126,5.0,P0500,31.0,-0.296262209131661
1210351,1210361,OKYH12,134.319,35.0999,200,37,0.0825366376467421,0.03666131507863864,0.09604883858890037,5.0,P0500,37.0,-0.2686404043412791
1210371,1210381,OKYH13,134.2744,34.7283,102,18,0.0021416070298728926,-0.0022720849558892525,0.03358435266504961,5.0,P0500,,
1210391,1210401,OKYH14,133.6205,34.9363,100,29,0.01519229606742461,0.002399927400460763,0.05291834643332838,5.0,P0500,29.0,-0.2256642369264976
1210411,1210421,OSKH01,135.2836,34.3977,1504,32,0.6307372366830815,0.5803829979802394,0.7028455416481431,5.0,P0500,32.0,-0.2230342371227531
1210431,1210441,OSKH02,135.3896,34.6628,2007,31,1.198014884038606,1.0046728695687006,1.3083611012293632,5.0,P0500,31.0,0.1720760802515401
1210451,1210461,OSKH03,135.6608,34.5248,100,17,0.026916550898858603,0.003856837177517345,0.10204412900712902,5.0,P0500,,
1210471,1210481,OSKH04,135.7052,34.763,200,27,0.02255870263408318,0.0077827618069599225,0.07592565827613756,5.0,P0500,27.0,-0.0821751937140393
1210491,1210501,OSKH05,135.5199,34.7159,982,12,0.5936720319325584,0.5550297835754143,0.6446717009546752,5.0,P0500,,
1210521,1210531,OSMH01,140.4207,41.5977,150,169,0.12366888494098027,0.08043237986730817,0.1713837189035199,5.0,P0500,167.0,0.0655879969061075
1210541,1210551,OSMH02,140.6331,41.8374,360,169,0.1039527494103879,0.08541919210884,0.12440378404278311,5.0,P0500,166.0,0.097180858132253
1210561,1210571,RMIH01,142.0795,45.0167,100,19,0.013646134325643022,0.010118063660566879,0.020312354287373244,5.0,P0500,,
1210581,1210591,RMIH02,141.9251,44.8948,107,20,0.05810256188261538,0.042682183542559475,0.08782234681336362,5.0,P0500,20.0,0.0218191368459339
1210601,1210611,RMIH03,141.8187,44.6359,209,11,0.08106200397244002,0.0722878649588691,0.0976587584517841,5.0,P0500,,
1210621,1210631,RMIH04,141.9621,44.0974,100,27,0.010523404270236644,0.0036092459730695465,0.023826246755821352,5.0,P0500,27.0,0.2169085589748225
1210641,1210651,RMIH05,141.7876,44.0254,105,51,0.03167604829157611,0.013929780415203447,0.08274206282226562,5.0,P0500,51.0,0.1055400099427695
1210661,1210671,SAGH01,129.8877,33.508,200,35,0.03169015442639899,0.013502100895911464,0.04669955344597117,5.0,P0500,34.0,-0.0777210417256618
1210681,1210691,SAGH02,129.8798,33.2656,102,31,0.019711103352848383,0.009694802991675227,0.02861928197922423,5.0,P0500,29.0,-0.016668448404061
1210701,1210711,SAGH03,130.2329,33.4098,103,14,0.028333212695197313,0.01349088748364861,0.06472074424040619,5.0,P0500,,
1210721,1210731,SAGH04,130.4046,33.3654,200,44,0.028135482278706266,0.006310853462944975,0.07887187148344428,5.0,P0500,43.0,-0.2006431105575448
1210741,1210751,SAGH05,130.1046,33.1806,203,52,0.031192449254725543,0.019942548882648195,0.05518846038441816,5.0,P0500,50.0,0.0471912376864547
1210761,1210771,SBSH01,140.6228,43.2341,100,29,0.018578160938117157,0.005681774996985272,0.053705840247906235,5.0,P0500,29.0,-0.4909998095817247
1210781,1210791,SBSH02,140.5017,43.0527,100,48,0.0065101540614609845,0.0022775461461864246,0.015481363550406725,5.0,P0500,47.0,-0.1070808099808416
1210801,1210811,SBSH03,140.8199,43.0842,220,67,0.3512130905187147,0.25057329568509595,0.4339623485960808,5.0,P0500,65.0,0.1140265754643535
1210821,1210831,SBSH04,140.6219,42.9758,200,39,0.025169640892532246,0.014165128137775408,0.04908330643117774,5.0,P0500,38.0,-0.4724846202063382
1210841,1210851,SBSH05,140.8223,42.95,100,40,0.06253702857856348,0.0193708459753799,0.13329464327210414,5.0,P0500,40.0,-0.251003185763746
1210861,1210871,SBSH06,140.4831,42.8309,130,84,0.036568802291955416,0.015996269387441336,0.050693732569903185,5.0,P0500,82.0,-0.0795599454607675
1210881,1210891,SBSH07,140.8084,42.763,100,108,0.08506177748657472,0.05015561421509332,0.1233415825976795,5.0,P0500,105.0,0.0437491210438087
1210901,1210911,SBSH08,140.9766,42.768,100,88,0.1587612933885464,0.04823881857439296,0.30306031994746724,5.0,P0500,87.0,-0.0420255267231919
1210921,1210931,SBSH09,140.4841,42.6104,100,53,0.021214113621260192,0.009093607658474695,0.03301897287510175,5.0,P0500,52.0,-0.5013315002446705
1210941,1210951,SBSH10,140.1557,42.7797,100,44,0.005084604452624635,0.0006083742987409513,0.015400960815779805,5.0,P0500,43.0,-0.4269473088269591
1210961,1210971,SIGH01,136.3599,35.2383,100,44,0.03295114077713676,0.004444754629540753,0.07563086956194272,5.0,P0500,44.0,-0.0276977698577182
1210981,1210991,SIGH02,135.8671,35.2482,100,19,0.028596173757492318,0.005212275066721116,0.07654591114043455,5.0,P0500,,
1211001,1211011,SIGH03,136.0316,34.853,200,37,0.21643967395784108,0.0650006964428752,0.43665379274094446,5.0,P0500,37.0,0.0388488630954779
1211021,1211031,SIGH04,136.261,34.9638,200,37,0.03613159145024195,0.022255387020197047,0.1088408809583411,5.0,P0500,37.0,-0.1195097739921188
1211041,1211051,SITH01,139.7349,35.929,3510,207,0.7663583928926798,0.6562654625199673,0.8937958308661602,5.0,P0500,201.0,-0.0345986667367752
1211061,1211071,SITH03,139.3843,35.899,1800,226,0.5463111243854384,0.4835188333270929,0.6110781688978473,5.0,P0500,218.0,-0.0816434081729774
1211081,1211091,SITH04,139.5353,35.8028,2000,296,0.556729785847676,0.432081017729692,0.7232794158036768,5.0,P0500,281.0,-0.0880689488654793
1211101,1211111,SITH05,139.0504,36.1509,100,303,0.04343659318606222,0.01510016125311479,0.135896831726333,5.0,P0500,292.0,-0.1504356508169187
1211121,1211131,SITH06,139.2894,36.1131,200,371,0.07131773762228448,0.032224026166600125,0.1686749483746088,5.0,P0500,357.0,-0.0828684278459267
1211141,1211151,SITH07,139.1485,35.9118,102,352,0.033007016703465855,0.009860574819278807,0.09823103725511012,5.0,P0500,339.0,-0.1495867263266548
1211161,1211171,SITH08,138.9691,36.0274,100,340,0.046311295387819994,0.02066854442319036,0.1000788996935992,5.0,P0500,331.0,-0.0713421722118098
1211181,1211191,SITH09,139.0993,36.0715,122,198,0.030663847111421116,0.009894143654437146,0.06957367880897468,5.0,P0500,188.0,-0.1453538564371667
1211201,1211211,SITH10,139.2191,35.9964,102,291,0.0579381310208352,0.013634665985364215,0.1941670155788391,5.0,P0500,282.0,-0.1197994023472938
1211221,1211231,SITH11,139.2726,35.8637,101,347,0.19357878242051943,0.046069605619448825,0.4526043977831734,5.0,P0500,334.0,0.0595977359951307
1211241,1211251,SITH12,139.2194,35.9969,100,21,0.12767022203143955,0.03745300898629993,0.20674746882861003,5.0,P0500,,
1211281,1211291,SMNH01,133.2604,35.2963,101,20,0.03213035518302443,0.015150834942145096,0.0659834781364715,5.0,P0500,20.0,-0.2512986577177053
1211301,1211311,SMNH02,133.0856,35.2235,101,24,0.028910139527765954,0.012969579048777288,0.07662815488034089,5.0,P0500,24.0,-0.1370242446429081
1211321,1211331,SMNH03,132.7223,35.2243,101,28,0.07272476749131851,0.034177845933384673,0.15048643026647368,5.0,P0500,28.0,-0.0201398568776029
1211341,1211351,SMNH04,132.5308,35.0918,101,30,0.057266125997664424,0.020605967073250617,0.17941405034721472,5.0,P0500,30.0,-0.0607027387745252
1211361,1211371,SMNH05,132.6396,34.8697,101,26,0.0213181122095294,0.009000698126511738,0.07362124272685205,5.0,P0500,26.0,-0.1101173919152091
1211381,1211391,SMNH06,132.2026,34.8839,201,27,0.059268687111901745,0.0323141791510502,0.1622194994447818,5.0,P0500,27.0,0.0054117845451
1211401,1211411,SMNH07,132.0402,34.694,209,37,0.03023937561832026,0.005869482131544653,0.06973587069799593,5.0,P0500,37.0,0.044736504255758
1211421,1211431,SMNH08,132.4208,34.8801,100,23,0.02827701896469064,0.01335737958601672,0.05633658212533546,5.0,P0500,23.0,-0.1301251345252529
1211441,1211451,SMNH09,132.0122,34.5725,200,40,0.014667364574028122,0.006865931768995238,0.025710437697030082,5.0,P0500,40.0,0.0022956596025474
1211461,1211471,SMNH10,133.3004,35.5579,200,20,0.01913259491608086,0.009450914078351124,0.03550836425293294,5.0,P0500,20.0,-0.181375128839314
1211481,1211491,SMNH11,132.8008,35.4259,200,19,0.038277975767962054,0.022368809085597265,0.09766231782654505,5.0,P0500,,
1211501,1211511,SMNH12,132.8558,35.1634,101,22,0.017521441950518205,0.0019714786743942198,0.0840999747600016,5.0,P0500,22.0,-0.0571045815397187
1211521,1211531,SMNH13,132.3069,35.0087,100,23,0.00276525054507409,-0.004420057829443074,0.016382762699832975,5.0,P0500,23.0,-0.1840696184550444
1211541,1211551,SMNH14,131.8925,34.3904,100,18,0.005420855643243778,-0.003083636454397937,0.029676357662557357,5.0,P0500,,
1211561,1211571,SMNH15,133.0226,35.5232,102,12,0.0735717408807747,0.028798659077711397,0.0928353277680139,5.0,P0500,,
1211581,1211591,SMNH16,132.8989,35.3422,99,18,0.20084927629504915,0.09998569246973096,0.4086797328429765,5.0,P0500,,
1211601,1211611,SOYH01,142.1185,45.3346,100,15,0.016735199923316204,0.00944719054383188,0.07674298352941629,5.0,P0500,,
1211621,1211631,SOYH02,142.2254,45.2163,100,12,0.13722327600091272,0.09750939270772215,0.21393644554467764,5.0,P0500,,
1211641,1211651,SOYH03,141.6334,45.2531,137,5,0.02757281163201428,0.022305984333332276,0.04337056488810364,5.0,P0500,,
1211661,1211671,SOYH04,141.8806,45.2303,203,13,0.05170550629199257,0.04474312117451261,0.09158654397015796,5.0,P0500,,
1211681,1211691,SOYH05,141.885,45.4883,202,14,0.02441771378370713,0.015496234471157284,0.04002364943809746,5.0,P0500,,
1211701,1211711,SOYH06,141.7834,45.1019,135,17,0.04208099296922798,0.028823735621790168,0.10251875094484413,5.0,P0500,,
1211721,1211731,SOYH07,142.4307,45.1001,150,11,0.010159327470852702,0.0041321740957111506,0.022318069953043515,5.0,P0500,,
1211741,1211751,SOYH08,142.2247,44.9387,100,19,0.013179251418087767,0.00807684783281858,0.03289407574012612,5.0,P0500,,
1211761,1211771,SOYH09,142.4868,44.857,100,24,0.028646333430208205,0.013558056475209482,0.049842542960025944,5.0,P0500,24.0,0.0319091399859992
1211781,1211791,SOYH10,142.6039,44.7433,100,41,0.011343271979292394,0.004621313236992219,0.021971025686058913,5.0,P0500,41.0,-0.1844932477273461
1211801,1211811,SRCH01,142.1594,44.2803,101,6,-0.014524835518910581,-0.030792326721155838,-0.007428350587435998,5.0,P0500,,
1211821,1211831,SRCH02,142.1414,44.116,101,29,0.038631846767432323,0.023638910269981835,0.07699799097842452,5.0,P0500,29.0,-0.2451777933031225
1211841,1211851,SRCH03,142.1258,43.9994,100,26,0.09646166587012778,0.050959919588994075,0.2746812252464824,5.0,P0500,26.0,-0.1713085259922113
1211861,1211871,SRCH04,141.9397,43.8203,105,44,0.05323249375704447,0.03164172915026402,0.07380447265380385,5.0,P0500,42.0,0.002794630165252
1211881,1211891,SRCH05,142.1594,43.8243,102,36,0.008456777623916374,-0.0008092496780112187,0.0342780102598967,5.0,P0500,36.0,-0.1056079815088963
1211901,1211911,SRCH06,142.0776,43.6948,147,93,0.020479439335045726,0.011892517765734115,0.038685476866277,5.0,P0500,91.0,0.0555035617080067
1211921,1211931,SRCH07,141.8978,43.23,200,117,0.03951258586077944,0.024193731047524772,0.08654167938150907,5.0,P0500,114.0,0.2896234334433463
1211941,1211951,SRCH08,141.909,43.5138,122,132,0.05115256027857061,0.03620114718611702,0.07931405027684597,5.0,P0500,129.0,0.0132933514675563
1211961,1211971,SRCH09,141.8063,43.0587,122,162,0.07927984873774364,0.047845081802155146,0.15859665125157463,5.0,P0500,156.0,0.0315365943972641
1211981,1211991,SRCH10,142.0085,42.993,200,148,0.02862569340705108,0.013773537760661824,0.05900335744208971,5.0,P0500,144.0,0.0675328554637506
1212081,1212091,SZOH24,137.6616,34.8343,299,51,0.016853099135286636,0.004290087947342331,0.0441825125378507,5.0,P0500,51.0,-0.2883893191499514
1212101,1212111,SZOH25,137.5604,34.6913,450,56,0.25174480127043797,0.18959648917329025,0.31993790998580446,5.0,P0500,56.0,-0.1155490918597783
1212121,1212131,SZOH26,137.9034,34.7948,449,22,0.1489891217591466,0.1266940292745706,0.22144595353330032,5.0,P0500,22.0,-0.2080254289863094
1212141,1212151,SZOH28,137.7441,34.6683,995,43,0.59883682007429,0.5535217196664012,0.6364838376091033,5.0,P0500,43.0,0.000397220440138
1212161,1212171,SZOH29,138.1973,35.307,102,33,0.010198112052181348,0.006080280141102003,0.02831607758523638,5.0,P0500,33.0,-0.1313090021837635
1212181,1212191,SZOH30,137.9181,35.2233,102,96,0.0066374410504678565,-0.0005643205133209142,0.022902660333371544,5.0,P0500,96.0,-0.1216685864916191
1212201,1212211,SZOH31,138.0767,34.9398,102,58,0.011274762650025505,0.0034839044885478314,0.026856673321998543,5.0,P0500,58.0,-0.1066699507874214
1212221,1212231,SZOH32,137.8409,35.0086,103,94,0.020478386439159755,0.008674600120401397,0.03549741553357166,5.0,P0500,94.0,-0.1333297954327911
1212241,1212251,SZOH33,138.3526,35.0146,102,87,0.02356281911541562,0.010978771822580405,0.07110594007062407,5.0,P0500,87.0,-0.2660333419273794
1212261,1212271,SZOH34,138.4243,35.1304,119,183,0.055597905586022414,0.021561377221277427,0.1366134255555605,5.0,P0500,182.0,-0.0578403305171128
1212281,1212291,SZOH35,139.0855,34.9467,300,138,0.30303520681810275,0.07951014051376762,0.5332702180289212,5.0,P0500,138.0,0.0845352734032305
1212301,1212311,SZOH36,138.2008,34.9142,100,88,0.011641451611455382,0.003575457113882432,0.022519598918379784,5.0,P0500,88.0,-0.0640310130448727
1212321,1212331,SZOH37,138.5659,35.2028,304,126,0.05306780209502971,0.02918815181048635,0.10287835460903422,5.0,P0500,126.0,-0.0878147287651103
1212341,1212351,SZOH38,138.9779,35.0854,200,185,0.03771323825209156,0.017008098958808473,0.07850135701658435,5.0,P0500,184.0,-0.0722287696578843
1212361,1212371,SZOH39,138.7724,34.7988,103,151,0.022840680203366874,0.0072497213813637424,0.07978533778721375,5.0,P0500,151.0,-0.1008298987405203
1212381,1212391,SZOH40,138.97,34.7832,207,92,0.03866925117848305,0.014534719750624234,0.11587176204491889,5.0,P0500,92.0,-0.3173253217092783
1212401,1212411,SZOH41,138.834,34.6749,109,95,0.01833966768347729,0.008794823186057132,0.044223414539912444,5.0,P0500,95.0,-0.2757037443065337
1212421,1212431,SZOH42,138.9128,34.9756,203,203,0.13909633019501924,0.07265673840859219,0.2828015493790236,5.0,P0500,202.0,0.1682847033759804
1212441,1212451,SZOH43,138.4924,34.9739,239,32,0.05934755279066595,0.04684703512812553,0.09169429493733236,5.0,P0500,32.0,0.0088389627977317
1212481,1212491,SZOH53,138.0174,34.8768,100,57,0.007473323442872667,-0.00039508770158288117,0.015541640696044507,5.0,P0500,57.0,-0.2440013092712225
1212501,1212511,SZOH54,139.1685,35.0417,110,109,0.018153554191713103,0.010363536565782547,0.03340873509473481,5.0,P0500,109.0,-0.3048295564685635
1212531,1212541,TCGH06,139.9509,36.4458,1647,466,0.5677477229148512,0.5240911303279924,0.609892101483944,5.0,P0500,450.0,0.0826181615167038
1212551,1212561,TCGH07,139.4534,36.8817,100,289,0.05323458968737374,0.02217445482806957,0.17469866662991632,5.0,P0500,280.0,-0.1407170377893814
1212571,1212581,TCGH08,139.6459,36.8828,203,286,0.06320102078782186,0.029549457485944595,0.13274019799545128,5.0,P0500,280.0,-0.0929533354850278
1212591,1212601,TCGH09,139.8364,36.8625,103,511,0.04092299371505831,0.01901487020242912,0.08672860888515874,5.0,P0500,489.0,-0.1344168295901342
1212611,1212621,TCGH10,140.0225,36.8578,132,575,0.027543327479986505,0.015284882017831557,0.060430433858087135,5.0,P0500,556.0,0.0429316227919606
1212631,1212641,TCGH11,139.7694,36.7084,200,356,0.12066689612442585,0.04798981749125568,0.26447636666598695,5.0,P0500,344.0,-0.0661721478892508
1212651,1212661,TCGH12,139.9842,36.6959,120,514,0.02137328730678563,0.00956558805005878,0.04981425695301504,5.0,P0500,497.0,0.1381408884560666
1212671,1212681,TCGH13,140.1781,36.7342,140,496,0.2521349015269455,0.09949444751210335,0.4283067340321216,5.0,P0500,478.0,0.0893160768980448
1212691,1212701,TCGH14,139.6154,36.5509,100,472,0.03353470421860712,0.012201684551978577,0.11538468286049913,5.0,P0500,453.0,-0.0368372501605085
1212711,1212721,TCGH15,139.8637,36.5595,300,214,0.11739943420768097,0.07327769777772339,0.1963432298811788,5.0,P0500,203.0,-0.0847736995431572
1212731,1212741,TCGH16,140.0751,36.548,112,519,0.10864255645691533,0.0391672117962172,0.20652862804324207,5.0,P0500,503.0,0.119848366068226
1212751,1212761,TCGH17,139.6922,36.9853,104,341,0.014653593660549207,0.0029910630056206523,0.03719212178596327,5.0,P0500,330.0,-0.2314458569680031
1212831,1212841,TKCH01,143.683,43.4683,123,225,0.08429531264059069,0.04948792264851625,0.13566435874141225,5.0,P0500,216.0,-0.0850592617899556
1212851,1212861,TKCH02,143.8983,43.3822,103,186,0.022746389643750392,0.006364823446668229,0.05242992649072374,5.0,P0500,178.0,-0.0515057236389165
1212871,1212881,TKCH03,143.4317,43.2708,200,228,0.04917836025324411,0.027494235707872405,0.09374529597202311,5.0,P0500,219.0,0.0706997560381557
1212891,1212901,TKCH04,142.9176,43.1739,172,216,0.10522362733541141,0.05143646380846886,0.21243098653101586,5.0,P0500,207.0,0.0612090590908858
1212911,1212921,TKCH05,143.6181,43.1211,100,233,0.04124932959112974,0.015130304248691823,0.13077422946775413,5.0,P0500,224.0,-0.0016569373414225
1212931,1212941,TKCH06,143.0603,42.892,227,162,0.16120619260744723,0.12849342912657444,0.2009017038487295,5.0,P0500,156.0,0.1145941211199058
1212951,1212961,TKCH07,143.5203,42.8114,99,190,0.21047401085874407,0.1361818779701205,0.3266773753115879,5.0,P0500,182.0,0.2288971872782355
1212971,1212981,TKCH08,143.152,42.4865,100,219,0.10783793184887887,0.048489006013027316,0.2172938185126359,5.0,P0500,211.0,0.1864197348976233
1212991,1213001,TKCH10,142.9448,43.3337,100,166,0.013044358025146833,0.003524495581822166,0.040884390488311856,5.0,P0500,160.0,-0.1070428405966547
1213011,1213021,TKCH11,142.883,42.8742,100,167,0.10240608252661143,0.03198357718789514,0.19134472225445326,5.0,P0500,159.0,0.090608488365872
1213031,1213041,TKSH01,134.4994,33.7751,100,14,0.010116609163851285,-0.0013392428671534049,0.026305035081335804,5.0,P0500,,
1213051,1213061,TKSH02,134.0918,34.0112,100,28,0.0537348756500937,0.009221365669788616,0.2973390603492504,5.0,P0500,28.0,-0.0603512410633643
1213071,1213081,TKSH03,134.1294,33.8778,201,34,0.034507772204910914,0.008093380614608556,0.14931908550394302,5.0,P0500,34.0,-0.0450858550050098
1213091,1213101,TKSH04,134.5337,33.9902,100,28,0.06521123032075551,0.020737040528687765,0.1038662725951614,5.0,P0500,28.0,-0.188670941402304
1213111,1213121,TKSH05,134.3156,33.6628,143,31,0.02719832166923169,0.014112547852434204,0.1406899035673879,5.0,P0500,31.0,-0.0372050350075193
1213131,1213141,TKSH06,133.8933,33.9997,157,27,0.03778222544482529,0.01769440304671945,0.1028763985132864,5.0,P0500,27.0,-0.1633880136479138
1213151,1213161,TKYH02,139.4704,35.6539,2753,101,0.5074572347318661,0.41579037986838235,0.5935689527457378,5.0,P0500,95.0,-0.0503693101567283
1213201,1213211,TKYH11,139.8125,35.6114,3000,134,0.5724312482399645,0.4841261581916171,0.6660374171458667,5.0,P0500,130.0,-0.0369061015771937
1213221,1213231,TKYH12,139.265,35.6701,147,300,0.13175807246211296,0.04355172532719976,0.2582195083878921,5.0,P0500,292.0,-0.0346734846027791
1213241,1213251,TKYH13,139.1275,35.7017,100,280,0.013465077672008417,0.0005373592210489932,0.04920807948784281,5.0,P0500,272.0,-0.1728346744327026
1213391,1213401,TTRH01,134.2173,35.2604,200,15,0.04899734932633922,0.00984378274915454,0.07287597567728518,5.0,P0500,,
1213411,1213421,TTRH02,133.3909,35.2313,100,33,0.10966566933432711,0.04437773935314359,0.21868824575705745,5.0,P0500,33.0,-0.1404664068621395
1213431,1213441,TTRH03,133.4918,35.3553,200,17,0.4694228292501584,0.26304595762973626,0.5416613730764088,5.0,P0500,,
1213451,1213461,TTRH04,133.6307,35.4668,207,18,0.10785526227586857,0.07685424229326458,0.20768850181380913,5.0,P0500,,
1213471,1213481,TTRH05,134.3426,35.5729,152,5,0.024959139680517058,-0.008973880809550465,0.028724490641325248,5.0,P0500,,
1213491,1213501,TTRH06,134.1988,35.3946,100,17,0.08681397721482696,0.033437581237679995,0.14388639884673693,5.0,P0500,,
1213511,1213521,TTRH07,133.7486,35.3649,100,17,0.0530060207848159,0.025960437597219506,0.17279440920013306,5.0,P0500,,
1213551,1213561,TYMH01,136.9276,36.8866,200,33,0.05435480489646748,0.005557266894728327,0.11300988865343967,5.0,P0500,30.0,-0.3615201976673708
1213571,1213581,TYMH02,137.0378,36.7142,212,7,0.07640954997267091,0.0752083293904907,0.08982147616796862,5.0,P0500,,
1213591,1213601,TYMH03,137.2627,36.7294,580,43,0.18508424987899588,0.15388841611070964,0.2568149942731048,5.0,P0500,42.0,-0.170616174059056
1213611,1213621,TYMH04,137.4689,36.7914,100,68,0.007899957433723553,-0.0008479912672376026,0.023811775968218794,5.0,P0500,68.0,-0.3159025770791482
1213631,1213641,TYMH05,136.9584,36.5736,143,32,0.009043687156109885,0.002792347021648416,0.023882579279860604,5.0,P0500,29.0,0.0172395290054168
1213651,1213661,TYMH06,137.1595,36.5711,200,52,0.05064423562008087,0.03569388773605775,0.09563530239974435,5.0,P0500,50.0,-0.070428168532907
1213671,1213681,TYMH07,137.0392,36.4406,100,53,0.014172219517477555,0.007006534712083569,0.03946908884972513,5.0,P0500,53.0,-0.1350777980835262
1213691,1213701,WKYH01,135.2122,33.9804,101,22,0.05886840338933558,0.010209576809563855,0.19955760956793517,5.0,P0500,22.0,-0.0464667561276776
1213711,1213721,WKYH02,135.5369,34.1373,100,19,-0.0029667517485199454,-0.028718096212875563,0.15829207807700976,5.0,P0500,,
1213731,1213741,WKYH03,135.3244,34.1314,100,19,0.00866205960087258,-0.01231845939027718,0.045589996073551506,5.0,P0500,,
1213751,1213761,WKYH04,135.5454,33.5559,100,27,0.007282115791411554,-0.013440927914789387,0.0509926177104388,5.0,P0500,26.0,-0.1395785741991949
1213771,1213781,WKYH05,135.8619,33.6072,100,11,0.013033699882472001,-0.004645381380504244,0.0691566691120813,5.0,P0500,,
1213791,1213801,WKYH06,135.5953,33.6948,100,20,0.002709377603515432,-0.004533627710323931,0.027483888861813008,5.0,P0500,,
1213811,1213821,WKYH07,135.4396,33.6894,100,29,0.047099171265206186,0.008470336580715028,0.09476564993625977,5.0,P0500,28.0,-0.0703469919825152
1213831,1213841,WKYH08,135.4483,34.3228,112,28,0.10290246528124006,0.02107339336340494,0.17606542361203872,5.0,P0500,28.0,0.0900680699323209
1213851,1213861,WKYH09,135.0714,34.2868,200,30,0.06532079661960549,0.010369261384307733,0.1425243907289603,5.0,P0500,30.0,-0.1657052795582193
1213871,1213881,WKYH10,135.2172,33.8248,100,29,0.016167872105512068,0.004822588810851809,0.07580041839074136,5.0,P0500,28.0,-0.1047850676993703
1213891,1213901,YMGH01,131.5618,34.0494,200,21,0.021583067975421758,0.012109724827666304,0.044962457314960284,5.0,P0500,21.0,-0.1060521399200186
1213911,1213921,YMGH02,131.1434,34.1111,200,22,0.006833595158553269,-0.007200395445406295,0.03212137887595213,5.0,P0500,21.0,-0.0053690628920854
1213931,1213941,YMGH03,132.126,34.1891,200,40,0.0235594194035895,0.01205433877007702,0.05045907001991437,5.0,P0500,40.0,-0.0731145499337322
1213951,1213961,YMGH04,132.0626,34.027,100,51,0.010262634476766475,-0.001522541745668786,0.032409442840757946,5.0,P0500,51.0,-0.1106724293275515
1213971,1213981,YMGH05,131.9943,34.1974,200,8,0.013578841992247103,0.0061393666784560685,0.020801044873304447,5.0,P0500,,
1213991,1214001,YMGH06,131.3012,33.9893,200,28,0.01393773662662896,0.005483677704042479,0.03214130561006061,5.0,P0500,27.0,-0.0201693599849224
1214011,1214021,YMGH07,131.0506,34.1149,200,39,0.017209727303452226,0.005225609395206701,0.05027713182926827,5.0,P0500,38.0,-0.0623761251685586
1214031,1214041,YMGH08,130.9323,34.1349,201,40,0.016301198599304123,0.0017584728628596096,0.04897915009640948,5.0,P0500,39.0,-0.0197662485027693
1214051,1214061,YMGH09,131.6681,34.6257,100,32,0.028118799384409626,0.01617465756668846,0.0675057748611483,5.0,P0500,31.0,-0.069529752310652
1214071,1214081,YMGH10,131.6329,34.4837,200,34,0.017680325981624542,0.007009870163786762,0.038100653587374425,5.0,P0500,34.0,0.0342907111675973
1214091,1214101,YMGH11,131.6859,34.2091,200,22,0.018665461262948962,0.0017040171885726165,0.04774543153284273,5.0,P0500,22.0,0.0402194577927614
1214111,1214121,YMGH12,131.3597,34.2176,102,18,0.006505856297310026,-0.001127923190966126,0.011247931145717874,5.0,P0500,,
1214131,1214141,YMGH13,131.177,34.3408,200,20,0.016651211431930525,0.011244732895914242,0.056042538313455355,5.0,P0500,,
1214151,1214161,YMGH14,131.3774,34.3979,100,38,0.08984736534749076,0.062396217746470584,0.12056470998746298,5.0,P0500,37.0,-0.0111074533684895
1214171,1214181,YMGH15,131.8149,33.9725,110,51,0.02182824575126137,0.014376947823084223,0.0395385598166327,5.0,P0500,50.0,-0.1076441064045266
1214191,1214201,YMGH16,132.104,33.826,106,50,0.04583357680853875,0.032241253079731635,0.08537776496086281,5.0,P0500,50.0,-0.0643366140757774
1214211,1214221,YMGH17,132.4046,33.9291,100,44,0.09929997434235374,0.049085348137797115,0.22158416833061517,5.0,P0500,44.0,-0.1956204815856676
1214251,1214261,YMNH08,138.734,35.6895,1206,145,0.2945236525679877,0.1870086317964128,0.4301799141786653,5.0,P0500,143.0,0.0007145660278386
1214271,1214281,YMNH09,138.3325,35.4327,159,107,0.035434298756608584,0.019487187283438755,0.0702233104435036,5.0,P0500,107.0,-0.1862829281872123
1214291,1214301,YMNH10,138.3087,35.5351,107,153,0.018444391984623887,-0.0008160287489304782,0.0491290218196952,5.0,P0500,152.0,-0.1352929975784333
1214311,1214321,YMNH11,138.9777,35.6247,200,260,0.13053007987515958,0.0395598089687698,0.27774554251572137,5.0,P0500,254.0,0.1134394414433885
1214331,1214341,YMNH12,138.449,35.5623,148,193,0.02430021699331462,0.011784535414035575,0.05441642450802255,5.0,P0500,190.0,-0.0794910645435521
1214351,1214361,YMNH13,138.4203,35.3509,204,125,0.02768273002125225,0.013430785803296486,0.044279344565451836,5.0,P0500,124.0,-0.0029335868070656
1214371,1214381,YMNH14,138.9675,35.5115,250,183,0.04854685454928798,0.023144080653107718,0.1082599500908199,5.0,P0500,182.0,-0.0858651632516283
1214391,1214401,YMNH15,138.6045,35.5323,115,180,0.02468649549537543,0.014229964428546786,0.06825439404470389,5.0,P0500,177.0,-0.0210714939320983
1214411,1214421,YMNH16,138.5653,35.7421,256,177,0.03712127223878115,0.013268650080919816,0.06873817807149672,5.0,P0500,174.0,-0.081556629623497
1214431,1214441,YMTH01,140.3805,38.3841,207,324,0.13955664315929925,0.09887274949158446,0.20044745909574077,5.0,P0500,311.0,-0.0741510095493146
1214451,1214461,YMTH02,140.2583,38.2693,150,617,0.07935307504543783,0.05381707563931346,0.1122555307130924,5.0,P0500,595.0,0.1601224607680678
1214471,1214481,YMTH03,140.1553,38.1035,114,361,0.019632769213263585,0.007546978277899184,0.04933493839362777,5.0,P0500,343.0,-0.1143435550925598
1214491,1214501,YMTH04,140.2978,38.0813,100,472,0.03937107764592548,0.014493061676520104,0.10429564980758599,5.0,P0500,452.0,-0.2462346021153605
1214511,1214521,YMTH05,139.8017,37.9883,107,239,0.030970824635545766,0.01658636656194614,0.06975917593749822,5.0,P0500,229.0,-0.0817225291171224
1214531,1214541,YMTH06,140.1836,37.9633,145,370,0.2344830817273909,0.12302368599785136,0.37983465302494707,5.0,P0500,356.0,-0.1802581809741054
1214551,1214561,YMTH07,140.0278,37.896,200,556,0.04846228766205931,0.02948392089240121,0.08047993799606684,5.0,P0500,535.0,0.0698847832801106
1214571,1214581,YMTH08,140.0333,38.9701,107,382,0.02441553896210172,0.010766187888118818,0.05074668119016863,5.0,P0500,364.0,-0.1193105053820326
1214591,1214601,YMTH09,140.178,38.7498,200,175,0.04572899053450924,0.02906707771457164,0.09012411033620336,5.0,P0500,170.0,0.0434429893010138
1214611,1214621,YMTH10,140.3744,38.7107,204,30,0.06892735665711552,0.040400469979763015,0.12302616906196029,5.0,P0500,29.0,0.1241297986089874
1214631,1214641,YMTH11,140.5544,38.7132,109,281,0.05353938509686466,0.03441987505890918,0.08813105945673956,5.0,P0500,274.0,0.1012560262313635
1214651,1214661,YMTH12,140.0055,38.6357,203,477,0.08112946930555018,0.04607313142397772,0.13238707982061307,5.0,P0500,458.0,0.1216836632816576
1214671,1214681,YMTH13,139.7606,38.4704,104,363,0.017447839041074175,0.0069387763214686475,0.04572357378869493,5.0,P0500,347.0,-0.1921921383098977
1214691,1214701,YMTH14,139.9916,38.386,103,546,0.12145832129385745,0.0751256269944176,0.18503266027117055,5.0,P0500,525.0,0.0775191169681185
1214711,1214721,YMTH15,140.1249,38.4257,100,466,0.08002129975096875,0.0380689610785189,0.16523327615190114,5.0,P0500,446.0,-0.066272672786266
