network,station_code,site_name,api_lat,api_lon,api_elevation_m,api_sensor_depth_m,soil_profile_rows,profile_format,vs10_profile_mps,vs20_profile_mps,min_vs_20m_mps,low_vs_le_200_thickness_20m,low_vs_le_300_thickness_20m,depth_to_vs_ge_500_m,depth_to_vs_ge_700_m,fetch_error
K-NET,AIC001,BISAI,35.2974,136.7505,5.0,,20,knet_meter,114.70588235294119,145.79439252336445,78.0,20.0,20.0,,,
K-NET,AIC002,KOMAKI,35.2979,136.9154,21.0,,15,knet_meter,308.1081081081082,359.31628076130454,190.0,3.0,6.0,13.0,,
K-NET,AIC003,TSUSHIMA,35.1734,136.7402,-1.0,,20,knet_meter,130.0,130.0,130.0,20.0,20.0,,,
K-NET,AIC004,NAGOYA,35.0631,136.9738,30.0,,20,knet_meter,247.05882352941174,278.4133097679366,120.0,1.0,14.0,,,
K-NET,AIC005,FUJIOKA,35.1983,137.2061,134.0,,10,knet_meter,313.4980121227921,477.34828561504486,130.0,2.0,2.0,7.0,7.0,
K-NET,AIC006,INABU,35.2158,137.5089,505.0,,10,knet_meter,192.96610169491524,209.86175115207374,110.0,4.0,5.0,,,
K-NET,AIC008,SHITARA,35.1006,137.5757,479.0,,11,knet_meter,427.69134001621455,575.6226529872133,170.0,1.0,3.0,3.0,9.0,
K-NET,AIC009,TOYOTA,35.0813,137.1466,55.0,,20,knet_meter,206.22222222222223,247.7432172347426,160.0,5.0,18.0,,,
K-NET,AIC010,TSUKUDE,34.9803,137.4297,539.0,,20,knet_meter,196.63558366339697,263.06617435525465,130.0,5.0,11.0,18.0,,
K-NET,AIC011,CHITA,34.9966,136.8641,5.0,,20,knet_meter,145.1219512195122,189.0889830508474,140.0,14.0,14.0,,,
K-NET,AIC012,ANJO,34.9119,137.0446,4.0,,20,knet_meter,139.99999999999997,174.054054054054,140.0,10.0,20.0,,,
K-NET,AIC013,NAGASHINO,34.9529,137.6067,92.0,,20,knet_meter,337.80363339457017,448.7716627249077,130.0,2.0,2.0,4.0,17.0,
K-NET,AIC014,GAMAGORI,34.8285,137.2199,10.0,,20,knet_meter,264.25748164878604,307.9960513326752,180.0,2.0,10.0,,,
K-NET,AIC015,TOYOHASHI,34.7552,137.404,17.0,,20,knet_meter,270.00000000000006,316.2518301610541,270.0,0.0,11.0,,,
K-NET,AIC016,MIHAMA,34.7784,136.9082,4.0,,20,knet_meter,170.0,177.7003484320557,170.0,18.0,20.0,,,
K-NET,AIC017,TAHARA,34.6697,137.2638,10.0,,20,knet_meter,269.44084689453234,310.6757394432741,220.0,0.0,13.0,,,
K-NET,AIC018,ATSUMI,34.622,137.1086,22.0,,11,knet_meter,830.935251798561,946.7213114754096,420.0,0.0,0.0,2.0,2.0,
K-NET,AKT001,KOSAKA,40.328,140.7429,166.0,,16,knet_meter,262.5,370.58823529411757,120.0,2.0,7.0,7.0,,
K-NET,AKT002,OHDATE,40.2676,140.5664,69.0,,10,knet_meter,145.21276595744678,205.26315789473682,65.0,6.0,6.0,,,
K-NET,AKT003,FUJISATO,40.2784,140.2631,35.0,,15,knet_meter,358.744394618834,417.7545691906004,320.0,0.0,0.0,7.0,,
K-NET,AKT004,HACHIMORI,40.3886,139.9822,27.0,,10,knet_meter,285.7142857142857,333.33333333333337,200.0,4.0,4.0,,,
K-NET,AKT005,NOSHIRO,40.202,140.0286,17.0,,20,knet_meter,148.11229428848011,186.0182370820669,90.0,14.0,20.0,,,
K-NET,AKT006,KAZUNO,40.2153,140.7873,123.0,,20,knet_meter,181.81818181818178,249.99999999999991,100.0,4.0,4.0,,,
K-NET,AKT007,KOTOOKA,40.0376,140.0919,17.0,,20,knet_meter,377.3675834064643,474.48884649731843,260.0,0.0,1.0,8.0,,
K-NET,AKT008,IITAGAWA,39.884,140.0706,4.0,,10,knet_meter,179.4736842105263,227.33333333333331,110.0,4.0,4.0,,,
K-NET,AKT009,OGA,39.8869,139.8467,16.0,,10,knet_meter,324.5454545454546,366.1538461538462,170.0,2.0,2.0,,,
K-NET,AKT010,AKITA,39.7223,140.0998,6.0,,10,knet_meter,261.9047619047619,316.5467625899281,110.0,2.0,2.0,,,
K-NET,AKT011,MIYATA,39.8133,140.5805,315.0,,10,knet_meter,196.89119170984452,282.5278810408921,80.0,5.0,5.0,5.0,,
K-NET,AKT012,TAZAWAKO,39.7014,140.7178,206.0,,10,knet_meter,278.494623655914,317.79141104294473,140.0,2.0,2.0,,,
K-NET,AKT013,KYOWA,39.6071,140.3209,39.0,,10,knet_meter,415.4135338345866,506.8807339449543,170.0,2.0,2.0,2.0,,
K-NET,AKT014,KAKUNODATE,39.595,140.5573,56.0,,15,knet_meter,275.86206896551727,410.2564102564102,160.0,3.0,3.0,10.0,10.0,
K-NET,AKT015,HONJO,39.3844,140.0519,5.0,,20,knet_meter,102.82258064516128,122.00956937799047,85.0,20.0,20.0,,,
K-NET,AKT016,OHMAGARI,39.4545,140.4758,25.0,,20,knet_meter,101.10864745011085,142.27769110764424,95.0,9.0,20.0,,,
K-NET,AKT017,YOKOTE,39.2978,140.5621,81.0,,10,knet_meter,420.8092485549132,480.5280528052805,130.0,1.0,1.0,1.0,,
K-NET,AKT018,CHOKAI,39.1937,140.1899,114.0,,10,knet_meter,303.44827586206895,359.1836734693877,80.0,1.0,1.0,,,
K-NET,AKT019,OGACHI,39.039,140.449,173.0,,5,knet_meter,253.0120481927711,293.7062937062937,120.0,2.0,2.0,,,
K-NET,AKT020,KISAKATA,39.2027,139.9088,7.0,,20,knet_meter,153.37078651685397,191.23438091631962,130.0,6.0,16.0,,,
K-NET,AKT021,ANI,39.994,140.4035,119.0,,10,knet_meter,402.98507462686564,482.14285714285717,270.0,0.0,4.0,4.0,,
K-NET,AKT022,TAMAGAWA,39.7739,140.6669,270.0,,13,knet_meter,360.1694915254236,418.71921182266,170.0,2.0,2.0,2.0,,
K-NET,AKT023,TSUBAKIDAI,39.1464,140.7161,277.0,,10,knet_meter,354.36241610738256,407.72200772200773,220.0,0.0,3.0,,,
K-NET,AOM001,OHMA,41.5269,140.9246,38.0,,10,knet_meter,295.6953642384106,363.0081300813008,190.0,4.0,4.0,,,
K-NET,AOM002,FUKUURA,41.328,140.8132,13.0,,20,knet_meter,222.9735234215885,314.23124852004474,140.0,2.0,7.0,17.0,17.0,
K-NET,AOM003,OHHATA,41.4054,141.1699,2.0,,20,knet_meter,150.7177033492823,165.48005806317823,100.0,20.0,20.0,,,
K-NET,AOM004,SHIRIYA,41.4064,141.4477,29.0,,20,knet_meter,202.63157894736847,301.2370168333472,110.0,2.0,6.0,10.0,15.0,
K-NET,AOM005,MUTSU,41.2949,141.1972,10.0,,20,knet_meter,207.86516853932585,257.2634715669233,150.0,7.0,10.0,,,
K-NET,AOM006,KAWAUCHI,41.1976,140.9979,1.0,,20,knet_meter,183.67346938775515,241.02251978088856,100.0,6.0,6.0,,,
K-NET,AOM007,MINAMIDORI,41.1689,141.3845,17.0,,20,knet_meter,252.44399386424928,428.88029124055674,110.0,4.0,5.0,6.0,7.0,
K-NET,AOM008,YOKOHAMA,41.0844,141.2554,16.0,,20,knet_meter,243.27542309420392,325.13010408326676,130.0,4.0,4.0,,,
K-NET,AOM009,ROKKASHO,40.9658,141.373,13.0,,20,knet_meter,276.9121813031161,345.7117595048628,170.0,2.0,8.0,,,
K-NET,AOM010,NOHEJI,40.8724,141.1427,21.0,,20,knet_meter,171.61290322580643,218.33105335157327,140.0,10.0,20.0,,,
K-NET,AOM011,MISAWA,40.6803,141.3669,43.0,,20,knet_meter,161.35943849279647,229.70032476069323,130.0,8.0,8.0,,,
K-NET,AOM012,HACHINOHE,40.5127,141.488,12.0,,20,knet_meter,177.29226361031516,207.46018440905272,110.0,6.0,20.0,,,
K-NET,AOM013,NAMBU,40.4126,141.2813,29.0,,10,knet_meter,185.30465949820783,265.8097686375321,110.0,4.0,6.0,,,
K-NET,AOM014,NENOKUCHI,40.4472,140.9403,432.0,,20,knet_meter,236.43569530943773,260.4927904800748,130.0,3.0,18.0,,,
K-NET,AOM015,IKARIGASEKI,40.4791,140.6268,137.0,,20,knet_meter,312.955705633841,361.88522039800165,180.0,1.0,2.0,14.0,,
K-NET,AOM016,HIROSAKI,40.6021,140.4982,28.0,,20,knet_meter,181.60377358490567,230.56829765545356,140.0,5.0,12.0,,,
K-NET,AOM017,FUKAURA,40.6388,139.9295,24.0,,10,knet_meter,438.04347826086945,513.3757961783439,260.0,0.0,3.0,3.0,,
K-NET,AOM018,AJIGASAWA,40.7776,140.206,38.0,,13,knet_meter,387.69230769230774,403.2000000000001,360.0,0.0,0.0,,,
K-NET,AOM019,GOSHOGAWARA,40.8152,140.447,8.0,,20,knet_meter,102.94117647058823,116.991643454039,100.0,20.0,20.0,,,
K-NET,AOM020,AOMORI,40.8194,140.7498,3.0,,20,knet_meter,154.820415879017,165.26257377793465,130.0,20.0,20.0,,,
K-NET,AOM021,TOWADA,40.615,141.2083,71.0,,20,knet_meter,176.2452107279693,223.24678476098023,100.0,5.0,15.0,,,
K-NET,AOM022,HIGASHITAZAWA,40.9923,140.9161,4.0,,13,knet_meter,214.60730365182593,308.25533884217003,100.0,3.0,3.0,11.0,,
K-NET,AOM023,NAKASATO,40.9664,140.4317,6.0,,20,knet_meter,122.82446544007955,178.66184448462926,100.0,12.0,12.0,,,
K-NET,AOM024,KANITA,41.0473,140.6399,2.0,,20,knet_meter,120.0,149.72477064220178,120.0,15.0,20.0,,,
K-NET,AOM025,IMABETSU,41.1797,140.4805,8.0,,20,knet_meter,188.0877742946708,263.5256538231183,120.0,4.0,10.0,,,
K-NET,AOM026,KODOMARI,41.128,140.3107,12.0,,18,knet_meter,154.11558669001752,198.66945265028698,100.0,7.0,16.0,,,
K-NET,AOM027,WAKINOSAWA,41.1457,140.8219,16.0,,20,knet_meter,205.26315789473688,240.2127519863419,130.0,2.0,16.0,16.0,,
K-NET,AOM028,HAKKODA,40.7004,140.919,568.0,,10,knet_meter,283.5051546391753,411.4713216957606,110.0,2.0,4.0,4.0,4.0,
K-NET,AOM029,NISHIMEYA,40.5764,140.2968,123.0,,20,knet_meter,303.7705788635157,391.37872049264473,110.0,1.0,3.0,8.0,,
K-NET,CHB001,NODA,35.9571,139.8731,17.0,,20,knet_meter,151.04477611940297,203.07692307692304,115.0,5.0,12.0,,,
K-NET,CHB002,MATSUDO,35.7871,139.9024,12.0,,20,knet_meter,237.54912099276115,314.45585215605746,130.0,2.0,9.0,,,
K-NET,CHB003,SHIROI,35.7926,140.0577,21.0,,20,knet_meter,123.43260188087774,168.13766764900464,105.0,9.0,16.0,,,
K-NET,CHB004,SAWARA,35.8889,140.4903,36.0,,20,knet_meter,198.8921128989713,277.34544083196954,145.0,7.0,7.0,,,
K-NET,CHB005,CHOSHI,35.7353,140.8271,3.0,,20,knet_meter,360.4277137473159,430.33459091785323,295.0,0.0,3.0,11.0,,
K-NET,CHB006,NARITA,35.779,140.3073,29.0,,20,knet_meter,162.79411764705887,214.2758204290382,135.0,5.0,16.0,12.0,,
K-NET,CHB007,SAKURA,35.7237,140.2246,30.0,,20,knet_meter,154.10733844468785,211.10277569392343,120.0,9.0,9.0,,,
K-NET,CHB008,URAYASU,35.6556,139.9027,0.0,,20,knet_meter,133.58778625954196,129.15129151291507,125.0,20.0,20.0,,,
K-NET,CHB009,CHIBA,35.5871,140.2378,41.0,,20,knet_meter,189.7959183673469,263.28925311976167,120.0,4.0,4.0,15.0,,
K-NET,CHB010,YOKAICHIBA,35.7086,140.5637,9.0,,20,knet_meter,204.31472081218268,226.87676146553935,175.0,4.0,20.0,,,
K-NET,CHB011,HASUNUMA,35.5877,140.4971,2.0,,20,knet_meter,161.70212765957444,195.73639216535005,120.0,10.0,16.0,,,
K-NET,CHB012,TOGANE,35.5721,140.3436,60.0,,20,knet_meter,176.47058823529412,219.22882640175115,160.0,8.0,15.0,,,
K-NET,CHB013,MOBARA,35.4294,140.2892,10.0,,20,knet_meter,180.88107007851121,247.13945172824782,110.0,4.0,8.0,,,
K-NET,CHB014,ANEZAKI,35.471,140.0454,8.0,,20,knet_meter,107.80876494023903,149.296067193291,90.0,9.0,17.0,,,
K-NET,CHB015,KISARAZU,35.3738,139.9199,2.0,,20,knet_meter,108.57142857142856,132.41844453291492,95.0,16.0,16.0,,,
K-NET,CHB016,MISAKI,35.2998,140.3866,7.0,,20,knet_meter,129.68483816013628,147.07718769143773,100.0,13.0,20.0,,,
K-NET,CHB017,ICHIBA,35.2976,140.0734,38.0,,20,knet_meter,194.99999999999997,218.27160493827157,195.0,15.0,15.0,,,
K-NET,CHB018,KATSUURA,35.152,140.3204,38.0,,20,knet_meter,188.3047210300429,286.99918233851196,135.0,6.0,12.0,12.0,12.0,
K-NET,CHB019,KYONAN,35.1106,139.836,5.0,,20,knet_meter,118.69565217391303,133.65973072215417,105.0,20.0,20.0,,,
K-NET,CHB020,KAMOGAWA,35.1132,140.1006,9.0,,20,knet_meter,150.0,157.89473684210526,150.0,20.0,20.0,,,
K-NET,CHB021,SHIRAHAMA,34.9078,139.8994,9.0,,10,knet_meter,453.8212435233162,555.2297939778131,245.0,0.0,3.0,3.0,3.0,
K-NET,CHB022,FUTTSU,35.3033,139.8555,12.0,,20,knet_meter,187.80487804878052,259.5505617977528,165.0,8.0,8.0,,,
K-NET,CHB024,INAGE,35.6337,140.0781,3.0,,20,knet_meter,191.59823753224825,207.6225570725453,127.0,5.0,20.0,,,
K-NET,CHB025,CHIKURA,34.9705,139.9458,74.0,,0,,,,,,,,,
K-NET,CHB026,CHONAN,35.3858,140.2404,46.0,,0,,,,,,,,,
K-NET,CHB027,KATSUURA-N,35.1806,140.2655,98.0,,0,,,,,,,,,
K-NET,CHB029,GYOTOKU,35.6948,139.9176,3.0,,0,,,,,,,,,
K-NET,CHB030,KISARADU-SHIYAKUSYO,35.3766,139.9151,-9999.0,,0,,,,,,,,,
K-NET,EHM001,IYOMISHIMA,33.9788,133.5494,25.0,,19,knet_meter,418.6046511627907,459.8046581517656,360.0,0.0,0.0,10.0,,
K-NET,EHM002,NIIHAMA,33.9211,133.3079,63.0,,10,knet_meter,403.5398230088497,472.53886010362703,240.0,0.0,3.0,3.0,,
K-NET,EHM003,TOYO,33.9253,133.0844,4.0,,17,knet_meter,166.66666666666666,214.28571428571436,150.0,8.0,17.0,,,
K-NET,EHM004,IMABARI,34.0627,132.9986,4.0,,20,knet_meter,232.49999999999994,255.3244592346089,210.0,0.0,10.0,,,
K-NET,EHM005,KAWAUCHI,33.7973,132.9144,136.0,,18,knet_meter,279.66101694915255,315.9866777685262,220.0,0.0,15.0,,,
K-NET,EHM006,MIKAWA,33.6412,133.008,466.0,,10,knet_meter,430.93922651933696,501.6077170418006,260.0,0.0,3.0,3.0,,
K-NET,EHM007,HOJO,33.9616,132.7719,3.0,,20,knet_meter,193.2432432432432,205.75539568345317,130.0,2.0,20.0,,,
K-NET,EHM008,MATSUYAMA,33.8199,132.7282,7.0,,15,knet_meter,204.4750430292599,249.5912308746289,160.0,4.0,14.0,,,
K-NET,EHM009,HIROTA,33.6333,132.7965,252.0,,11,knet_meter,277.32546896151615,337.18551610627793,230.0,0.0,9.0,,,
K-NET,EHM010,HIJIKAWA,33.4511,132.6881,191.0,,16,knet_meter,247.47899159663862,316.7827893900501,190.0,4.0,4.0,,,
K-NET,EHM011,YAWATAHAMA,33.4498,132.4341,8.0,,20,knet_meter,188.88888888888886,242.85714285714275,170.0,8.0,8.0,,,
K-NET,EHM012,UWAJIMA,33.2217,132.5724,34.0,,10,knet_meter,388.8636363636363,468.76712328767115,290.0,0.0,5.0,5.0,,
K-NET,EHM013,MISAKI,33.3917,132.114,15.0,,10,knet_meter,432.09876543209873,463.5761589403973,280.0,0.0,2.0,2.0,,
K-NET,EHM014,NISHIUMI,32.9451,132.5042,3.0,,12,knet_meter,250.0,272.72727272727275,200.0,4.0,12.0,,,
K-NET,EHM015,NAGAHAMA,33.6094,132.4768,3.0,,20,knet_meter,281.3812783684214,325.9211755946604,233.0,0.0,5.0,13.0,,
K-NET,EHM016,IYO,33.7654,132.7089,3.0,,20,knet_meter,177.21518987341776,208.20710548058378,140.0,12.0,20.0,,,
K-NET,FKI001,MIKUNI,36.2193,136.1565,3.0,,20,knet_meter,241.17769889329708,353.38512008974834,110.0,3.0,3.0,5.0,9.0,
K-NET,FKI002,KOSHINO,36.0391,136.0135,17.0,,14,knet_meter,254.20560747663544,290.90909090909076,160.0,3.0,3.0,,,
K-NET,FKI003,FUKUI,36.074,136.2687,12.0,,20,knet_meter,233.76623376623374,268.3033757124067,150.0,3.0,14.0,18.0,,
K-NET,FKI004,OHNO,35.9793,136.4867,176.0,,20,knet_meter,308.82352941176464,366.2790697674418,210.0,0.0,4.0,,,
K-NET,FKI005,TAKEFU,35.9068,136.1748,31.0,,19,knet_meter,246.47887323943658,330.1886792452829,140.0,4.0,4.0,4.0,,
K-NET,FKI006,IMAJO,35.7731,136.2001,127.0,,10,knet_meter,377.99999999999994,472.49999999999994,270.0,0.0,5.0,5.0,,
K-NET,FKI007,TSURUGA,35.6448,136.0575,4.0,,20,knet_meter,126.67946257197696,167.2738792966893,110.0,15.0,15.0,,,
K-NET,FKI008,MIKATA,35.5483,135.9091,13.0,,20,knet_meter,157.89473684210532,180.2575107296138,100.0,3.0,20.0,,,
K-NET,FKI009,OBAMA,35.4956,135.7509,2.0,,20,knet_meter,135.59322033898306,146.78899082568805,100.0,20.0,20.0,,,
K-NET,FKI010,TAKAHAMA,35.4904,135.5518,2.0,,20,knet_meter,177.27272727272728,192.25352112676063,130.0,3.0,20.0,,,
K-NET,FKI011,IZUMI,35.9097,136.6682,436.0,,20,knet_meter,337.94438850592513,531.1105629859717,180.0,3.0,4.0,7.0,7.0,
K-NET,FKO001,GENKAI,33.8425,130.5087,6.0,,20,knet_meter,182.7092001849283,208.98274494476308,160.0,8.0,20.0,,,
K-NET,FKO002,NAKAMA,33.8253,130.7058,3.0,,19,knet_meter,113.58024691358025,119.85277893008764,80.0,13.0,18.0,18.0,18.0,
K-NET,FKO003,KITAKYUSHU,33.8324,130.9013,14.0,,18,knet_meter,180.379746835443,228.86970487853836,150.0,10.0,17.0,17.0,17.0,
K-NET,FKO004,YUKUHASHI,33.7366,131.0121,3.0,,20,knet_meter,157.421875,212.60541145437844,130.0,7.0,7.0,19.0,,
K-NET,FKO005,IIZUKA,33.652,130.6965,28.0,,20,knet_meter,188.05970149253736,220.38412060755155,180.0,7.0,16.0,19.0,,
K-NET,FKO007,MAEBARU,33.5614,130.2024,6.0,,14,knet_meter,177.1186440677966,239.40877598152423,110.0,13.0,13.0,13.0,,
K-NET,FKO008,SOEDA,33.5712,130.8546,70.0,,10,knet_meter,257.89064236496995,387.62214983713346,100.0,1.0,5.0,7.0,7.0,
K-NET,FKO009,CHIKUSHINO,33.4954,130.5164,34.0,,10,knet_meter,185.91971989496065,282.7422268707807,90.0,5.0,8.0,8.0,,
K-NET,FKO010,AMAGI,33.4236,130.6691,61.0,,10,knet_meter,357.37226277372264,420.2575107296138,160.0,1.0,1.0,6.0,,
K-NET,FKO011,KURUME,33.3237,130.5118,10.0,,20,knet_meter,116.12903225806451,166.91253951527918,80.0,7.0,13.0,,,
K-NET,FKO012,UKIHA,33.332,130.794,48.0,,20,knet_meter,356.7578687512857,319.9335854625956,260.0,0.0,14.0,,,
K-NET,FKO013,YAME,33.2254,130.5608,32.0,,14,knet_meter,226.7175572519085,315.5640408400433,110.0,2.0,6.0,13.0,,
K-NET,FKO014,YABE,33.1496,130.8183,325.0,,10,knet_meter,429.00100292461235,617.2672252201795,130.0,1.0,3.0,3.0,6.0,
K-NET,FKO015,YANAGAWA,33.1629,130.4052,3.0,,20,knet_meter,93.88775988744725,133.76055634781792,60.0,9.0,17.0,,,
K-NET,FKO016,OHMUTA,33.0159,130.4472,22.0,,10,knet_meter,241.6820361490225,337.6449368719402,130.0,2.0,7.0,7.0,,
K-NET,FKS001,SOMA,37.7946,140.9192,7.0,,13,knet_meter,181.15412710007308,249.37154348919054,160.0,9.0,9.0,,,
K-NET,FKS002,YANAGAWA,37.8453,140.6008,43.0,,10,knet_meter,324.3243243243243,421.05263157894734,120.0,1.0,4.0,4.0,,
K-NET,FKS003,FUKUSHIMA,37.7624,140.4781,64.0,,20,knet_meter,240.9756097560975,261.8117577779958,130.0,3.0,11.0,,,
K-NET,FKS004,IITATE,37.6798,140.7342,488.0,,10,knet_meter,237.40234375000003,276.14539946989777,170.0,3.0,7.0,,,
K-NET,FKS005,HARAMACHI,37.6389,140.9853,17.0,,10,knet_meter,326.84249445403015,434.96801705756934,170.0,3.0,3.0,7.0,,
K-NET,FKS006,KATSURAO,37.5022,140.7593,471.0,,10,knet_meter,173.33333333333334,208.00000000000003,160.0,8.0,10.0,,,
K-NET,FKS007,OHKUMA,37.4061,140.9632,70.0,,10,knet_meter,330.2980132450331,448.81889763779526,180.0,3.0,3.0,6.0,6.0,
K-NET,FKS008,FUNEHIKI,37.4343,140.567,442.0,,10,knet_meter,250.3236245954692,288.3504193849021,140.0,1.0,8.0,,,
K-NET,FKS009,ONO,37.2796,140.6344,430.0,,10,knet_meter,219.6402241226777,303.31907961718593,80.0,5.0,5.0,,,
K-NET,FKS010,HIRONO,37.2338,141.0018,43.0,,10,knet_meter,260.82365364308345,357.88456894469937,100.0,1.0,7.0,7.0,,
K-NET,FKS011,IWAKI,37.0917,140.9031,162.0,,10,knet_meter,222.050246016488,322.66388882312555,100.0,2.0,4.0,8.0,,
K-NET,FKS012,NAKOSO,36.9066,140.7928,3.0,,20,knet_meter,172.26148409893986,199.3282710280373,130.0,6.0,20.0,,,
K-NET,FKS013,FURUDONO,37.0893,140.5546,303.0,,20,knet_meter,203.09050772626924,236.34672454267604,160.0,5.0,20.0,,,
K-NET,FKS014,YAMATSURI,36.8864,140.4166,163.0,,19,knet_meter,284.49369730361474,449.4790292798737,130.0,3.0,3.0,8.0,8.0,
K-NET,FKS015,TANAGURA,37.0237,140.3763,295.0,,10,knet_meter,462.3853211009174,506.53266331658295,180.0,1.0,1.0,1.0,,
K-NET,FKS016,SHIRAKAWA,37.1232,140.191,375.0,,20,knet_meter,165.7973706773364,250.2426399223554,50.0,3.0,7.0,7.0,,
K-NET,FKS017,SUKAGAWA,37.2844,140.3689,259.0,,20,knet_meter,175.60975609756096,212.63062244434346,150.0,9.0,18.0,,,
K-NET,FKS018,KORIYAMA,37.3959,140.3619,245.0,,20,knet_meter,160.14492753623188,208.8188976377954,130.0,10.0,20.0,,,
K-NET,FKS019,NIHOMMATSU,37.6031,140.4381,224.0,,11,knet_meter,197.78393351800554,250.08756567425567,140.0,2.0,9.0,,,
K-NET,FKS020,INAWASHIRO,37.556,140.1226,527.0,,20,knet_meter,206.50079584485215,227.52183494283105,170.0,10.0,15.0,,,
K-NET,FKS021,KITAKATA,37.6537,139.8607,209.0,,20,knet_meter,255.03052226995248,330.64634325076923,100.0,1.0,3.0,,,
K-NET,FKS022,NISHIAIZU,37.6005,139.6472,159.0,,19,knet_meter,163.013698630137,190.00566451886993,140.0,12.0,18.0,,,
K-NET,FKS023,AIZUWAKAMATSU,37.4775,139.9309,219.0,,20,knet_meter,129.34782608695647,163.76146788990812,70.0,11.0,11.0,,,
K-NET,FKS024,NAKANO,37.3963,140.1326,530.0,,20,knet_meter,224.32210353327852,209.98384739635407,140.0,6.0,20.0,,,
K-NET,FKS025,SHIMOGO,37.3082,139.8994,439.0,,10,knet_meter,398.94144889182917,500.1036699149905,200.0,1.0,4.0,4.0,,
K-NET,FKS026,NANGO,37.2664,139.5368,494.0,,20,knet_meter,215.38832609744327,295.4019186238834,100.0,5.0,5.0,,,
K-NET,FKS027,TAKINOHARA,37.0701,139.6807,771.0,,10,knet_meter,463.6376134176518,560.9614105123086,250.0,0.0,1.0,5.0,5.0,
K-NET,FKS028,TADAMI,37.3037,139.3619,416.0,,20,knet_meter,228.3464566929134,291.21677378863063,150.0,4.0,10.0,15.0,,
K-NET,FKS029,HINOEMATA,37.0159,139.3806,957.0,,20,knet_meter,232.9232995658466,385.0478468899523,90.0,3.0,3.0,3.0,7.0,
K-NET,FKS030,KANEYAMA,37.4548,139.5252,306.0,,10,knet_meter,313.30645161290323,401.8099547511312,180.0,3.0,3.0,6.0,,
K-NET,FKS031,KAWAUCHI,37.3363,140.8087,415.0,,10,knet_meter,436.56716417910445,443.18181818181813,390.0,0.0,0.0,,,
K-NET,GIF001,SHIRAKAWA,36.2743,136.8979,481.0,,10,knet_meter,361.64383561643837,412.50000000000006,320.0,0.0,0.0,,,
K-NET,GIF002,KAWAI,36.2734,137.0261,577.0,,10,knet_meter,342.50936329588006,433.41232227488143,310.0,0.0,0.0,8.0,,
K-NET,GIF003,KAMIOKA,36.3326,137.3019,402.0,,10,knet_meter,376.4460656591974,471.2841143851255,240.0,0.0,3.0,7.0,,
K-NET,GIF004,TOCHIO,36.2493,137.5175,811.0,,15,knet_meter,288.8372093023256,386.3141524105755,230.0,0.0,6.0,12.0,,
K-NET,GIF005,TAKAYAMA,36.1537,137.2513,563.0,,11,knet_meter,282.7868852459017,337.9986004198741,100.0,1.0,3.0,,,
K-NET,GIF006,SHOKAWA,36.0334,136.9533,799.0,,20,knet_meter,409.1584158415843,510.68573217826963,190.0,1.0,3.0,3.0,13.0,
K-NET,GIF007,TAKANE,36.0378,137.4854,994.0,,20,knet_meter,207.1942446043165,263.87434554973805,180.0,7.0,7.0,,,
K-NET,GIF008,OSAKA,35.9517,137.2604,525.0,,17,knet_meter,379.99999999999994,459.56678700361,380.0,0.0,0.0,12.0,,
K-NET,GIF009,SHIROTORI,35.925,136.8318,436.0,,20,knet_meter,292.03539823008856,386.2026485987067,200.0,2.0,2.0,10.0,,
K-NET,GIF010,GERO,35.8005,137.2484,360.0,,10,knet_meter,268.25858405100104,379.77990657905156,150.0,4.0,4.0,8.0,,
K-NET,GIF011,HACHIMAN,35.7596,136.9809,251.0,,10,knet_meter,407.2727272727272,471.57894736842104,320.0,0.0,0.0,5.0,,
K-NET,GIF012,HIGASHISUGIHARA,35.6364,136.4879,217.0,,10,knet_meter,300.89552238805976,369.90825688073403,210.0,0.0,7.0,,,
K-NET,GIF013,KANAYAMA,35.663,137.1618,231.0,,10,knet_meter,377.2870662460568,437.2943327239488,230.0,0.0,3.0,3.0,,
K-NET,GIF014,TSUKECHI,35.6582,137.4253,468.0,,11,knet_meter,481.41592920353986,495.2959028831564,320.0,0.0,0.0,1.0,,
K-NET,GIF015,MINO,35.5456,136.9076,80.0,,11,knet_meter,356.44288034650776,455.29045643153523,220.0,0.0,2.0,8.0,,
K-NET,GIF016,HICHISO,35.5427,137.1195,137.0,,10,knet_meter,389.4905920146856,497.9172777940745,180.0,2.0,2.0,5.0,,
K-NET,GIF017,IBIGAWA,35.483,136.5713,40.0,,20,knet_meter,347.6418570375829,421.0934594336113,170.0,1.0,1.0,12.0,,
K-NET,GIF018,NAKATSUGAWA,35.4955,137.4998,300.0,,11,knet_meter,256.75807757826243,315.76913830408347,130.0,1.0,8.0,,,
K-NET,GIF019,ENA,35.4492,137.4042,275.0,,20,knet_meter,372.94076410795645,508.72579488405427,280.0,0.0,2.0,9.0,9.0,
K-NET,GIF020,GIFU,35.4248,136.7568,14.0,,20,knet_meter,310.6022896963663,380.20156552122916,200.0,2.0,2.0,,,
K-NET,GIF021,MINOKAMO,35.4426,136.9996,72.0,,15,knet_meter,348.14018490647163,450.9678317783037,110.0,1.0,3.0,3.0,,
K-NET,GIF022,KAMIISHIZU,35.2836,136.473,116.0,,10,knet_meter,411.7647058823529,447.4885844748859,300.0,0.0,3.0,,,
K-NET,GIF023,TOKI,35.3879,137.2166,288.0,,15,knet_meter,380.32786885245906,424.39024390243907,290.0,0.0,4.0,,,
K-NET,GIF024,AKECHI,35.3015,137.3869,435.0,,10,knet_meter,398.0487804878049,435.20000000000005,340.0,0.0,0.0,,,
K-NET,GIF026,MIYAMA,35.5909,136.7418,112.0,,10,knet_meter,252.57186081694402,342.1106557377049,90.0,1.0,5.0,5.0,,
K-NET,GNM001,KATASHINA,36.7719,139.2246,804.0,,10,knet_meter,316.56441717791415,414.45783132530124,215.0,0.0,5.0,5.0,,
K-NET,GNM002,MINAKAMI,36.7821,138.9695,494.0,,20,knet_meter,274.4119743406984,394.26523297491,125.0,1.0,6.0,6.0,6.0,
K-NET,GNM003,NUMATA,36.6581,139.0786,463.0,,20,knet_meter,240.86330935251792,333.13432835820873,155.0,5.0,5.0,5.0,,
K-NET,GNM004,KUSATSU,36.6171,138.5921,1222.0,,10,knet_meter,184.8958333333333,243.1506849315068,125.0,5.0,5.0,,,
K-NET,GNM005,TSUMAGOI,36.5134,138.5176,899.0,,20,knet_meter,230.26315789473676,305.77956989247303,175.0,2.0,10.0,,,
K-NET,GNM006,AGATSUMA,36.5105,138.7527,549.0,,10,knet_meter,222.2874406560207,339.6988018027921,145.0,7.0,7.0,7.0,7.0,
K-NET,GNM007,SHIBUKAWA,36.4637,139.0093,184.0,,20,knet_meter,190.12270448439187,251.8675308422623,130.0,5.0,8.0,,,
K-NET,GNM008,MAEBASHI,36.3479,139.1368,77.0,,20,knet_meter,298.0353634577603,330.14145810663763,205.0,0.0,3.0,,,
K-NET,GNM009,KIRYU,36.4105,139.3253,114.0,,20,knet_meter,250.15974440894556,349.5535714285711,135.0,4.0,4.0,4.0,,
K-NET,GNM010,TATEBAYASHI,36.2184,139.4808,19.0,,20,knet_meter,158.54252627723747,191.52747192012524,100.0,9.0,17.0,,,
K-NET,GNM011,OHTA,36.2913,139.3607,42.0,,20,knet_meter,178.24999999999997,232.28538849975567,155.0,6.0,16.0,,,
K-NET,GNM012,ISESAKI,36.3118,139.1955,59.0,,20,knet_meter,286.679465157792,320.0922476711792,220.0,0.0,8.0,,,
K-NET,GNM013,TAKASAKI,36.3181,139.0174,93.0,,20,knet_meter,178.00829875518673,231.26684636118588,130.0,8.0,8.0,,,
K-NET,GNM014,SAKAMOTO,36.3467,138.7211,451.0,,20,knet_meter,213.42188088152406,307.3531769443053,110.0,4.0,6.0,12.0,12.0,
K-NET,GNM015,SHIMONITA,36.2286,138.7578,293.0,,16,knet_meter,576.1363636363636,685.1351351351352,390.0,0.0,0.0,4.0,4.0,
K-NET,GNM016,MAMBA,36.1164,138.925,344.0,,14,knet_meter,316.9751718022612,401.9325368938862,225.0,0.0,2.0,12.0,,
K-NET,HKD022,MASHIKE,43.8516,141.5279,42.0,,20,knet_meter,251.30156654915598,330.3632338231416,90.0,3.0,3.0,6.0,,
K-NET,HKD023,OFUYU,43.7734,141.3686,10.0,,20,knet_meter,184.46115288220548,223.85400825548544,120.0,3.0,14.0,,,
K-NET,HKD037,BIEI,43.5889,142.4673,240.0,,20,knet_meter,178.0918727915194,246.45476772616126,90.0,5.0,5.0,,,
K-NET,HKD038,MINAMIFURANO,43.1666,142.5662,353.0,,20,knet_meter,307.34824281150156,434.31151241534985,130.0,3.0,3.0,3.0,3.0,
K-NET,HKD039,FURANO,43.3421,142.3845,170.0,,20,knet_meter,182.7344348210792,277.9414287900054,56.0,4.0,4.0,14.0,14.0,
K-NET,HKD040,SHIMUKAPPU,42.9806,142.3994,334.0,,10,knet_meter,196.99903194578897,257.1067593177511,100.0,3.0,4.0,,,
K-NET,HKD041,TENNINKYO,43.6246,142.6839,440.0,,20,knet_meter,259.92779783393496,381.96286472148523,100.0,4.0,4.0,6.0,6.0,
K-NET,HKD044,OKOPPE,44.4796,143.1276,3.0,,20,knet_meter,156.92307692307693,163.1999999999999,120.0,20.0,20.0,,,
K-NET,HKD048,YUBETSU,44.2199,143.6155,4.2,,20,knet_meter,174.41303306181123,214.76593432186948,140.0,12.0,14.0,,,
K-NET,HKD049,ENGARU,44.0921,143.5336,58.9,,17,knet_meter,359.29203539823004,317.7045973263776,270.0,0.0,15.0,6.0,,
K-NET,HKD051,SAROMA,44.0221,143.7682,47.0,,20,knet_meter,174.76571263161705,206.22062824635168,120.0,5.0,20.0,,,
K-NET,HKD052,TOKORO,44.1204,144.0712,6.8,,13,knet_meter,184.6153846153846,208.69565217391306,60.0,1.0,20.0,,,
K-NET,HKD053,RUBESHIBE,43.7849,143.6072,208.0,,10,knet_meter,254.8672566371681,283.74384236453204,90.0,1.0,1.0,,,
K-NET,HKD054,KITAMI,43.7996,143.9008,62.8,,13,knet_meter,261.7283950617284,350.41322314049586,120.0,3.0,3.0,3.0,,
K-NET,HKD055,BIHORO,43.8244,144.1087,23.0,,16,knet_meter,172.99069632861102,224.8221026597822,65.0,5.0,5.0,,,
K-NET,HKD056,OKETO,43.6705,143.5781,229.0,,10,knet_meter,233.3333333333333,254.54545454545456,200.0,5.0,10.0,,,
K-NET,HKD057,TSUBETSU,43.7054,144.0273,99.0,,19,knet_meter,179.95675255009863,233.40112831419768,49.0,5.0,5.0,,,
K-NET,HKD058,ABASHIRI,44.0242,144.2637,4.0,,20,knet_meter,213.33333333333334,248.62400413621296,160.0,3.0,17.0,,,
K-NET,HKD059,KOSHIMIZU,43.8574,144.4609,23.0,,20,knet_meter,149.38144329896903,174.57831325301208,70.0,3.0,20.0,,,
K-NET,HKD060,SHARI,43.9136,144.6657,6.0,,19,knet_meter,201.54639175257728,228.05711987127907,170.0,4.0,20.0,,,
K-NET,HKD061,UTORO,44.0699,144.9973,64.2,,10,knet_meter,181.8181818181818,206.89655172413794,100.0,4.0,10.0,,,
K-NET,HKD062,FUJIMI,43.6746,143.3088,500.0,,10,knet_meter,135.3846153846154,146.66666666666669,110.0,10.0,10.0,,,
K-NET,HKD063,AIDOMARI,44.106,145.2478,4.5,,17,knet_meter,146.86483975847656,228.5989697864266,85.0,5.0,5.0,13.0,13.0,
K-NET,HKD064,RAUSU,44.0202,145.1886,16.6,,10,knet_meter,261.686143572621,309.93573900148294,150.0,2.0,4.0,,,
K-NET,HKD065,KUMBETSU,43.7938,145.0565,10.0,,11,knet_meter,630.0,629.9999999999998,630.0,0.0,0.0,0.0,,
K-NET,HKD066,SHIBETSU,43.6619,145.1307,2.5,,20,knet_meter,94.73684210526315,116.12903225806457,60.0,20.0,20.0,,,
K-NET,HKD067,NAKASHIBETSU,43.555,144.9726,30.0,,10,knet_meter,180.92105263157887,209.92366412213738,110.0,3.0,10.0,,,
K-NET,HKD068,KAMINISHISHUMBETSU,43.4108,144.7704,105.0,,20,knet_meter,174.15599534342257,218.23486506199848,80.0,4.0,13.0,,,
K-NET,HKD069,BETSUKAI,43.3941,145.1168,24.9,,20,knet_meter,124.44444444444443,156.27906976744188,80.0,8.0,20.0,,,
K-NET,HKD070,HOMBETSUKAI,43.3852,145.284,6.0,,20,knet_meter,111.56565309904593,131.7278042620941,60.0,20.0,20.0,,,
K-NET,HKD071,ATTOKO,43.2326,145.2604,38.0,,17,knet_meter,185.39325842696633,226.94410156938818,110.0,5.0,11.0,,,
K-NET,HKD072,OCHIISHI,43.1948,145.5209,46.0,,10,knet_meter,148.67256637168143,219.60784313725492,70.0,5.0,5.0,,,
K-NET,HKD073,NEMURO,43.3327,145.6003,36.0,,10,knet_meter,233.3333333333333,254.54545454545456,210.0,0.0,10.0,,,
K-NET,HKD074,NOSAPPU,43.368,145.8026,16.2,,12,knet_meter,176.63885578069127,241.1716842961757,130.0,7.0,7.0,,,
K-NET,HKD075,HAMANAKA,43.1309,145.0288,43.0,,20,knet_meter,213.16872427983543,345.4473423572136,90.0,2.0,7.0,7.0,7.0,
K-NET,HKD076,AKKESHI,43.0509,144.8498,1.8,,20,knet_meter,128.09019959805624,136.56906074036735,85.0,20.0,20.0,,,
K-NET,HKD077,KUSHIRO,42.9845,144.3824,3.0,,20,knet_meter,144.38823406696565,182.56154284375356,98.0,8.0,20.0,,,
K-NET,HKD078,TORO,43.1488,144.4976,25.0,,20,knet_meter,148.50249584026625,192.24555735056543,50.0,5.0,14.0,,,
K-NET,HKD079,SHIBECHA,43.3034,144.5998,32.0,,10,knet_meter,137.97909407665506,163.29896907216497,90.0,10.0,10.0,,,
K-NET,HKD080,TESHIKAGA,43.5077,144.4485,140.0,,20,knet_meter,191.33099824868646,252.80208258008523,150.0,5.0,11.0,,,
K-NET,HKD081,KAWAYU,43.6427,144.3901,130.0,,20,knet_meter,188.14758172433568,266.177410963331,140.0,8.0,8.0,15.0,,
K-NET,HKD082,AKANKOHAN,43.4369,144.0855,429.0,,20,knet_meter,157.89473684210526,153.84615384615384,120.0,20.0,20.0,,,
K-NET,HKD083,TSURUI,43.2329,144.3251,35.0,,9,knet_meter,641.5094339622642,731.1827956989249,200.0,1.0,1.0,1.0,1.0,
K-NET,HKD084,AKAN,43.1141,144.123,30.0,,9,knet_meter,292.9150057862929,407.62279681488775,200.0,3.0,3.0,9.0,,
K-NET,HKD085,SHIRANUKA,42.9581,144.0698,5.0,,14,knet_meter,150.0,150.0,150.0,20.0,20.0,,,
K-NET,HKD086,CHOKUBETSU,42.8542,143.8579,9.3,,20,knet_meter,121.32436236311828,160.6418478105342,105.0,15.0,15.0,,,
K-NET,HKD087,FUTAMATA,43.1502,143.8916,170.0,,10,knet_meter,273.3911939034716,340.1369502238609,175.0,2.0,6.0,,,
K-NET,HKD088,RIKUBETSU,43.4704,143.7488,215.0,,9,knet_meter,317.6895306859205,402.7459954233409,160.0,3.0,3.0,3.0,,
K-NET,HKD089,ASHORO,43.2436,143.5544,89.5,,10,knet_meter,217.66109785202866,299.5073891625616,120.0,5.0,5.0,,,
K-NET,HKD090,HOMBETSU,43.1213,143.6183,65.0,,7,knet_meter,194.64974645377922,317.10679449072717,97.0,5.0,5.0,5.0,5.0,
K-NET,HKD091,URAHORO,42.8088,143.659,16.0,,20,knet_meter,54.561066286069455,76.27910031001433,43.0,20.0,20.0,,,
K-NET,HKD092,IKEDA,42.9283,143.4485,17.0,,13,knet_meter,156.02836879432624,211.87800963081855,100.0,7.0,7.0,,,
K-NET,HKD093,NUKABIRA,43.3191,143.3049,364.0,,1,knet_meter,410.0,410.0,410.0,0.0,0.0,,,
K-NET,HKD094,SHIHORO,43.1692,143.241,204.0,,18,knet_meter,318.1818181818182,333.33333333333337,300.0,0.0,6.0,,,
K-NET,HKD095,OBIHIRO,42.9311,143.2137,34.8,,1,knet_meter,820.0,820.0,820.0,0.0,0.0,0.0,0.0,
K-NET,HKD096,NAKASATSUNAI,42.6977,143.1357,192.0,,14,knet_meter,322.14285714285717,396.60374497763604,110.0,1.0,1.0,13.0,,
K-NET,HKD097,SEIKA,42.6181,143.421,33.0,,10,knet_meter,148.45024469820558,188.99273104880584,70.0,4.0,10.0,,,
K-NET,HKD098,TAIKI,42.4985,143.279,81.0,,1,knet_meter,520.0,520.0,520.0,0.0,0.0,0.0,,
K-NET,HKD099,SHINTOKU,43.0736,142.8392,177.0,,18,knet_meter,198.00000000000003,238.29104402768024,120.0,2.0,17.0,,,
K-NET,HKD100,HIROO,42.2864,143.312,36.1,,11,knet_meter,135.75641576500917,192.54314284922853,100.0,8.0,8.0,,,
K-NET,HKD101,TOMURAUSHI,43.3338,142.9473,370.0,,6,knet_meter,527.7876106194689,605.482233502538,420.0,0.0,0.0,5.0,5.0,
K-NET,HKD102,HIDAKA,42.8778,142.4481,283.0,,13,knet_meter,231.74336797263288,295.5913226032191,110.0,3.0,3.0,,,
K-NET,HKD103,HOROKESHI,42.7275,142.2973,86.0,,7,knet_meter,211.16818558409275,293.3026467203682,135.0,4.0,8.0,,,
K-NET,HKD104,BIRATORI,42.5886,142.131,70.4,,9,knet_meter,242.77108433734932,272.29729729729723,130.0,2.0,2.0,,,
K-NET,HKD105,MOMBETSU,42.4826,142.0538,7.0,,20,knet_meter,209.99999999999997,314.99999999999994,140.0,6.0,6.0,6.0,,
K-NET,HKD106,SHIZUNAI,42.3414,142.3688,4.5,,20,knet_meter,159.31034482758622,199.13793103448273,60.0,3.0,20.0,,,
K-NET,HKD107,NOYA,42.4194,142.4992,45.0,,1,knet_meter,120.0,120.0,120.0,1.0,1.0,,,
K-NET,HKD108,MITSUISHI,42.2528,142.5643,42.0,,9,knet_meter,201.03092783505153,226.7441860465116,150.0,4.0,10.0,,,
K-NET,HKD109,URAKAWA,42.1678,142.7673,3.9,,10,knet_meter,173.2102013251799,213.14144204573532,109.0,3.0,10.0,,,
K-NET,HKD110,SAMANI,42.131,142.9354,4.0,,6,knet_meter,173.63420427553444,192.11563731931668,170.0,9.0,19.0,,,
K-NET,HKD111,ERIMO,42.017,143.1487,22.0,,10,knet_meter,294.8207171314741,328.15964523281593,200.0,3.0,3.0,,,
K-NET,HKD112,ERIMOMISAKI,41.937,143.2403,15.0,,6,knet_meter,167.44186046511626,236.0655737704918,100.0,7.0,7.0,,,
K-NET,HKD113,MEGURO,42.1287,143.3153,15.0,,3,knet_meter,500.0,642.8571428571429,100.0,1.0,1.0,1.0,1.0,
K-NET,HKD118,TAKIKAWA,43.5524,141.9175,29.0,,20,knet_meter,210.85745101563901,298.3594048073254,100.0,3.0,8.0,8.0,,
K-NET,HKD119,ASHIBETSU,43.5199,142.1914,90.0,,9,knet_meter,254.29975429975434,315.068493150685,100.0,2.0,2.0,,,
K-NET,HKD120,TSUKIGATA,43.3442,141.6633,36.0,,20,knet_meter,204.34942867674155,226.32035515640146,90.0,2.0,11.0,,,
K-NET,HKD121,BIBAI,43.3332,141.8553,28.0,,20,knet_meter,160.71428571428575,229.78723404255317,90.0,12.0,12.0,12.0,,
K-NET,HKD122,IWAMIZAWA,43.1974,141.7754,26.0,,20,knet_meter,185.29411764705887,206.16740088105732,90.0,1.0,20.0,,,
K-NET,HKD123,YUBARI,42.9933,142.0085,194.0,,10,knet_meter,354.2225730071034,525.8347978910369,110.0,2.0,2.0,4.0,4.0,
K-NET,HKD124,YUNI,42.9986,141.7903,38.0,,10,knet_meter,287.001733102253,405.38555691554467,120.0,3.0,3.0,8.0,,
K-NET,HKD125,HOBETSU,42.7609,142.1344,69.0,,18,knet_meter,129.03225806451613,179.42328230687073,80.0,12.0,12.0,,,
K-NET,HKD126,MUKAWA,42.5748,141.9284,7.0,,20,knet_meter,91.48514851485149,129.43842445717112,60.0,11.0,20.0,,,
K-NET,HKD127,OIWAKE,42.8743,141.8204,61.0,,10,knet_meter,189.09090909090912,271.304347826087,130.0,7.0,7.0,,,
K-NET,HKD128,HAYAKITA,42.7656,141.8219,31.0,,20,knet_meter,136.41975308641975,152.27059191982462,130.0,14.0,20.0,,,
K-NET,HKD129,TOMAKOMAI,42.6347,141.6057,6.0,,20,knet_meter,314.1914191419142,370.3442348577374,170.0,2.0,2.0,7.0,,
K-NET,HKD130,SHIRAOI,42.5626,141.3502,17.0,,20,knet_meter,316.31395660326814,385.38190000944763,270.0,0.0,3.0,14.0,,
K-NET,HKD131,NOBORIBETSU,42.4206,141.0809,13.0,,15,knet_meter,266.1290322580645,358.6956521739131,120.0,4.0,4.0,4.0,,
K-NET,HKD132,MURORAN,42.3484,141.0318,3.0,,20,knet_meter,145.52238805970146,191.51175026306555,130.0,10.0,20.0,,,
K-NET,HKD133,DATE,42.4727,140.8657,11.0,,20,knet_meter,199.80127750177434,278.59475507174665,90.0,4.0,4.0,,,
K-NET,HKD134,OHTAKI,42.6713,141.079,392.0,,20,knet_meter,232.83582089552237,312.28011837861203,150.0,5.0,5.0,5.0,,
K-NET,HKD135,SOBETSU,42.5533,140.8864,63.0,,20,knet_meter,128.57142857142856,179.10447761194024,120.0,9.0,14.0,,,
K-NET,HKD136,TOYOURA,42.5901,140.6441,4.0,,20,knet_meter,223.26722551625437,258.47947011218895,130.0,2.0,15.0,,,
K-NET,HKD138,SHAKOTAN,43.2923,140.6013,16.0,,15,knet_meter,200.3179650238474,288.32951945080094,140.0,9.0,9.0,13.0,,
K-NET,HKD139,YOICHI,43.1975,140.7819,32.0,,15,knet_meter,211.76470588235298,325.1612903225806,160.0,4.0,10.0,10.0,10.0,
K-NET,HKD140,OTARU,43.1908,140.9933,51.0,,12,knet_meter,203.57142857142853,299.99999999999994,150.0,5.0,10.0,10.0,,
K-NET,HKD142,AKAIGAWA,43.0841,140.8202,143.0,,20,knet_meter,170.3056768558952,205.8047493403694,120.0,6.0,20.0,,,
K-NET,HKD144,KUCCHAN,42.9059,140.767,180.0,,20,knet_meter,147.23926380368098,193.22756334359454,60.0,13.0,13.0,,,
K-NET,HKD145,KIMOBETSU,42.7978,140.9361,259.0,,20,knet_meter,180.79470198675494,226.0284605433376,120.0,4.0,17.0,,,
K-NET,HKD146,NISEKO,42.8076,140.6878,147.0,,20,knet_meter,308.76176683562636,372.689149860061,160.0,2.0,2.0,,,
K-NET,HKD147,RANKOSHI,42.8056,140.5305,33.0,,20,knet_meter,246.1538461538461,278.26086956521726,200.0,5.0,5.0,,,
K-NET,HKD148,KUROMATSUNAI,42.668,140.305,25.0,,20,knet_meter,275.42897441639946,323.05668834096485,140.0,1.0,7.0,,,
K-NET,HKD150,SHIMAMAKI,42.701,140.0619,6.0,,20,knet_meter,162.11530125704377,230.721776681061,110.0,8.0,8.0,,,
K-NET,HKD151,OSHAMAMBE,42.4948,140.3539,10.0,,20,knet_meter,162.79069767441865,189.26669397787788,140.0,14.0,18.0,,,
K-NET,HKD154,MORI,42.0965,140.5636,83.0,,12,knet_meter,180.8695652173913,281.0509383378016,160.0,7.0,10.0,10.0,,
K-NET,HKD155,SHIKABE,42.0438,140.8064,4.0,,20,knet_meter,142.25202965054712,195.0157270747642,100.0,8.0,8.0,,,
K-NET,HKD156,NANAE,41.8996,140.696,84.0,,20,knet_meter,195.583596214511,277.37862789331,100.0,3.0,3.0,15.0,,
K-NET,HKD157,MINAMIKAYABE,41.9053,140.9698,37.0,,10,knet_meter,217.098703888335,327.9367469879518,130.0,5.0,5.0,8.0,,
K-NET,HKD158,TODOHOKKE,41.8349,141.1408,7.0,,20,knet_meter,100.00000000000001,113.20754716981136,90.0,20.0,20.0,,,
K-NET,HKD159,TOI,41.716,141.0046,23.0,,12,knet_meter,147.09677419354838,238.50560398505607,120.0,10.0,10.0,10.0,,
K-NET,HKD160,HAKODATE,41.77,140.7383,4.0,,20,knet_meter,184.46115288220548,224.63483758447774,120.0,3.0,14.0,,,
K-NET,HKD161,KIKONAI,41.68,140.4329,4.0,,20,knet_meter,94.62365591397852,113.358237794667,80.0,17.0,20.0,,,
K-NET,HKD162,FUKUSHIMA,41.4859,140.2469,17.0,,10,knet_meter,190.69767441860466,260.3174603174603,120.0,3.0,9.0,,,
K-NET,HKD163,MATSUMAE,41.4338,140.1117,13.0,,10,knet_meter,305.55142552892244,400.2473977181508,120.0,3.0,3.0,7.0,,
K-NET,HKD165,IMAKANE,42.4287,140.0178,19.0,,20,knet_meter,110.46931407942238,152.61845386533665,80.0,15.0,15.0,,,
K-NET,HKD167,KUMAISHI,42.1297,139.9813,21.0,,13,knet_meter,214.59902896366984,292.95290105673405,130.0,4.0,11.0,11.0,,
K-NET,HKD168,ESASHI,41.8691,140.1266,2.0,,10,knet_meter,269.2307692307692,328.125,150.0,2.0,6.0,,,
K-NET,HKD169,KIMANAI,41.9351,140.3678,111.0,,10,knet_meter,316.62971175166297,390.69767441860466,120.0,1.0,3.0,3.0,,
K-NET,HKD171,CHIISAGO,41.649,139.9979,31.0,,10,knet_meter,330.0262620367669,463.80971908960436,150.0,3.0,3.0,3.0,6.0,
K-NET,HKD174,KITASHIMAUTA,42.595,139.8286,10.0,,10,knet_meter,225.74704003006957,314.82112436115847,110.0,2.0,5.0,7.0,,
K-NET,HKD175,HAMAMASU,43.6015,141.3882,28.5,,10,knet_meter,326.84824902723733,388.8888888888889,160.0,1.0,3.0,,,
K-NET,HKD176,YOMBANGAWA,43.5324,141.5924,156.0,,10,knet_meter,204.4490970950013,308.7136929460581,120.0,3.0,6.0,8.0,,
K-NET,HKD177,ATSUTA,43.4001,141.4346,6.1,,10,knet_meter,282.94036061026355,363.9607493309545,200.0,3.0,6.0,6.0,,
K-NET,HKD178,ISHIKARI,43.172,141.3043,6.0,,20,knet_meter,160.58394160583944,179.38532301902566,110.0,18.0,18.0,,,
K-NET,HKD179,TOBETSU,43.2236,141.5175,15.0,,20,knet_meter,171.30144605116797,169.2307692307692,100.0,13.0,20.0,,,
K-NET,HKD180,SAPPORO,43.1391,141.3513,3.0,,20,knet_meter,100.00000000000001,109.75609756097559,100.0,20.0,20.0,,,
K-NET,HKD181,EBETSU,43.1161,141.5462,8.0,,20,knet_meter,139.5973154362416,178.0313837375178,100.0,6.0,20.0,,,
K-NET,HKD182,HIROSHIMA,42.9721,141.5161,56.0,,20,knet_meter,149.76816074188562,206.03073354595523,120.0,10.0,10.0,,,
K-NET,HKD183,JOZANKEI,42.9714,141.1779,268.0,,20,knet_meter,440.8184865055566,586.975299287771,100.0,1.0,1.0,1.0,4.0,
K-NET,HKD184,CHITOSE,42.7898,141.6008,69.0,,20,knet_meter,195.78313253012044,241.8238449558747,130.0,3.0,15.0,,,
K-NET,HKD185,SHIKOTSUKOHAN,42.7756,141.4016,266.0,,20,knet_meter,184.45475638051045,258.1136599193316,100.0,6.0,6.0,6.0,,
K-NET,HRS001,TAKANO,35.0339,132.9018,556.0,,10,knet_meter,219.6923076923077,307.0967741935484,140.0,5.0,5.0,5.0,,
K-NET,HRS002,TOJO,34.8951,133.2753,306.0,,10,knet_meter,284.5188284518829,332.51833740831296,170.0,3.0,3.0,,,
K-NET,HRS003,MIYOSHI,34.8138,132.8427,156.0,,10,knet_meter,202.91949703714403,294.9889694295618,100.0,4.0,4.0,8.0,,
K-NET,HRS004,GEIHOKU,34.7263,132.2773,583.0,,10,knet_meter,441.64948453608235,519.2727272727273,340.0,0.0,0.0,5.0,,
K-NET,HRS005,YUKI,34.7774,133.2803,485.0,,12,knet_meter,296.3503649635036,392.2705314009661,140.0,2.0,2.0,7.0,,
K-NET,HRS006,TOYOHIRA,34.6666,132.408,367.0,,10,knet_meter,285.74079981440127,404.1260791993929,90.0,1.0,4.0,7.0,,
K-NET,HRS007,KONU,34.7029,133.0886,387.0,,10,knet_meter,402.49999999999994,508.42105263157885,210.0,0.0,2.0,6.0,,
K-NET,HRS008,MUKAIHARA,34.6029,132.7201,207.0,,20,knet_meter,281.7521344858673,363.5642751336381,200.0,3.0,5.0,16.0,,
K-NET,HRS009,YUKI,34.4927,132.2802,218.0,,18,knet_meter,289.36303733919044,393.0862513586667,180.0,3.0,6.0,6.0,16.0,
K-NET,HRS010,SERA,34.5834,133.0515,338.0,,20,knet_meter,182.12103199780935,277.95538080969874,130.0,7.0,9.0,16.0,16.0,
K-NET,HRS011,FUCHU,34.5686,133.2364,28.0,,20,knet_meter,376.55440414507774,472.2208975761868,180.0,1.0,1.0,6.0,18.0,
K-NET,HRS012,HIGASHIHIROSHIMA,34.4274,132.7422,214.0,,11,knet_meter,201.74672489082974,272.56637168141594,110.0,5.0,5.0,,,
K-NET,HRS013,HIROSHIMA,34.3768,132.4502,3.0,,20,knet_meter,124.99999999999997,124.2603550295858,100.0,20.0,20.0,,,
K-NET,HRS014,OHNO,34.2864,132.2765,3.0,,20,knet_meter,175.99999999999997,195.55555555555551,120.0,3.0,20.0,,,
K-NET,HRS015,FUKUYAMA,34.4852,133.3619,2.0,,20,knet_meter,170.0,224.1947755516104,170.0,10.0,14.0,,,
K-NET,HRS016,ONOMICHI,34.4201,133.1979,39.0,,10,knet_meter,366.0080143705955,442.6840477981114,110.0,1.0,1.0,5.0,,
K-NET,HRS017,MIHARA,34.4037,133.0838,16.0,,10,knet_meter,356.7567567567567,394.0298507462686,270.0,0.0,3.0,,,
K-NET,HRS018,TAKEHARA,34.3413,132.9069,3.0,,20,knet_meter,152.61044176706827,151.29396151293963,120.0,20.0,20.0,,,
K-NET,HRS019,KURE,34.253,132.5617,4.0,,20,knet_meter,178.37837837837836,219.08713692946054,150.0,5.0,15.0,,,
K-NET,HRS020,INNOSHIMA,34.2936,133.1776,17.0,,18,knet_meter,367.48329621380844,423.62002567394075,330.0,0.0,0.0,7.0,,
K-NET,HRS021,SAIJO,34.9413,133.1185,325.0,,10,knet_meter,251.23456790123456,299.2647058823529,110.0,2.0,2.0,,,
K-NET,HYG002,KASUMI,35.6394,134.628,6.0,,20,knet_meter,198.14446653412855,245.691540354396,100.0,3.0,7.0,,,
K-NET,HYG003,IZUSHI,35.4613,134.8758,16.0,,10,knet_meter,251.07610383847344,311.43525526351993,120.0,1.0,6.0,,,
K-NET,HYG005,WADAYAMA,35.3408,134.8616,74.0,,15,knet_meter,232.43277165897894,308.8558434867036,110.0,1.0,7.0,,,
K-NET,HYG006,OHYA,35.3329,134.6649,149.0,,10,knet_meter,383.9999999999999,479.99999999999994,100.0,1.0,1.0,4.0,,
K-NET,HYG008,IKUNO,35.1487,134.788,300.0,,10,knet_meter,263.9043824701196,340.5655526992288,180.0,1.0,7.0,,,
K-NET,HYG009,KUROI,35.1699,135.1025,85.0,,20,knet_meter,250.74626865671638,314.0186915887851,80.0,1.0,6.0,,,
K-NET,HYG010,TANNAN,35.0592,135.1776,198.0,,16,knet_meter,254.54545454545456,294.7368421052632,140.0,4.0,4.0,,,
K-NET,HYG011,KOZUKI,34.985,134.3226,82.0,,10,knet_meter,244.8269636707032,366.67775952078864,70.0,2.0,5.0,5.0,5.0,
K-NET,HYG012,YAMASAKI,34.9958,134.5523,90.0,,10,knet_meter,300.8108108108108,383.7931034482758,180.0,3.0,5.0,5.0,,
K-NET,HYG013,ICHIKAWA,34.9895,134.7636,85.0,,15,knet_meter,242.80879864636202,304.9946865037194,140.0,3.0,6.0,,,
K-NET,HYG014,NISHIWAKI,35.0019,134.9994,78.0,,10,knet_meter,417.35489124113053,574.2178122749459,130.0,1.0,3.0,5.0,5.0,
K-NET,HYG016,AKO,34.7553,134.39,2.0,,20,knet_meter,154.23270197139541,169.93185689948888,140.0,16.0,16.0,,,
K-NET,HYG017,TATSUNO,34.8591,134.5446,22.0,,10,knet_meter,333.4228187919464,412.2821576763486,120.0,1.0,3.0,3.0,,
K-NET,HYG018,HIMEJI,34.8145,134.6871,8.0,,20,knet_meter,271.0280373831776,327.5294117647058,80.0,1.0,3.0,,,
K-NET,HYG019,KAKOGAWA,34.8321,134.8234,46.0,,10,knet_meter,204.87804878048777,236.61971830985914,140.0,5.0,10.0,,,
K-NET,HYG020,MIKI,34.7974,134.9889,69.0,,10,knet_meter,323.66433566433557,349.5770392749244,210.0,0.0,4.0,,,
K-NET,HYG021,KOBE,34.6904,135.1591,92.0,,10,knet_meter,378.0541331382589,485.94264221908793,160.0,1.0,1.0,7.0,,
K-NET,HYG022,NISHINOMIYA,34.7463,135.3501,8.0,,20,knet_meter,173.46938775510205,203.72122358877328,160.0,16.0,16.0,,,
K-NET,HYG023,AKASHI,34.7012,134.8803,9.0,,20,knet_meter,304.8655855189005,303.40664182850526,278.0,0.0,17.0,,,
K-NET,HYG024,HIGASHIURA,34.533,134.9904,6.0,,20,knet_meter,202.5974025974026,257.4257425742574,150.0,6.0,14.0,,,
K-NET,HYG025,SUMOTO,34.3389,134.9011,11.0,,14,knet_meter,244.09068982151473,325.5805151302965,200.0,1.0,9.0,12.0,,
K-NET,HYG026,GOSHIKI,34.4147,134.7914,41.0,,10,knet_meter,243.27897752313797,346.1900282220132,160.0,5.0,5.0,8.0,,
K-NET,HYG027,NANDAN,34.2496,134.7292,111.0,,10,knet_meter,638.343923749007,729.1222499432977,310.0,0.0,0.0,1.0,5.0,
K-NET,IBR001,DAIGO,36.7763,140.3582,106.0,,10,knet_meter,119.96792301523652,175.96549696138007,80.0,7.0,7.0,,,
K-NET,IBR002,TAKAHAGI,36.7126,140.7073,9.0,,10,knet_meter,197.4358974358975,290.5660377358491,110.0,5.0,5.0,5.0,,
K-NET,IBR003,HITACHI,36.5914,140.6453,58.0,,19,knet_meter,177.77777777777771,238.7051372273046,100.0,3.0,8.0,17.0,,
K-NET,IBR004,OHMIYA,36.5516,140.4102,57.0,,20,knet_meter,243.75,300.00000000000006,130.0,3.0,3.0,,,
K-NET,IBR005,KASAMA,36.3851,140.2373,63.0,,13,knet_meter,179.3388429752066,266.46201074443593,140.0,6.0,6.0,11.0,,
K-NET,IBR006,MITO,36.3665,140.4543,30.0,,20,knet_meter,202.0811353503727,294.19438248011346,90.0,3.0,5.0,14.0,,
K-NET,IBR007,NAKAMINATO,36.3526,140.5954,24.0,,20,knet_meter,149.50634696755995,236.63744990759218,80.0,9.0,9.0,9.0,,
K-NET,IBR008,SHIMODATE,36.3061,139.9826,31.0,,20,knet_meter,394.73684210526307,476.1904761904763,200.0,2.0,2.0,2.0,,
K-NET,IBR009,KOGA,36.185,139.7037,17.0,,20,knet_meter,254.54545454545456,266.66666666666663,240.0,0.0,20.0,,,
K-NET,IBR010,SHIMOTSUMA,36.1844,139.9652,22.0,,20,knet_meter,152.86013776579816,190.1926165148033,110.0,8.0,20.0,,,
K-NET,IBR011,TSUKUBA,36.1256,140.0901,27.0,,20,knet_meter,188.57142857142856,222.22222222222226,120.0,2.0,20.0,,,
K-NET,IBR012,ISHIOKA,36.1954,140.2713,25.0,,20,knet_meter,177.4193548387097,211.6007082117652,110.0,9.0,17.0,,,
K-NET,IBR013,HOKOTA,36.1587,140.4892,29.0,,20,knet_meter,153.84615384615384,219.5121951219512,100.0,4.0,12.0,,,
K-NET,IBR014,TSUCHIURA,36.0729,140.1948,18.0,,20,knet_meter,165.9674389480275,224.38773659067544,90.0,8.0,8.0,,,
K-NET,IBR015,IWAI,36.0698,139.9082,13.0,,20,knet_meter,147.88732394366198,184.65227817745802,100.0,6.0,16.0,,,
K-NET,IBR016,TORIDE,35.9114,140.0494,20.0,,20,knet_meter,183.0862533692722,232.47887625227273,110.0,6.0,16.0,,,
K-NET,IBR017,EDOSAKI,35.9538,140.3196,14.0,,20,knet_meter,191.84820801124383,234.03343334762118,130.0,3.0,20.0,,,
K-NET,IBR018,KASHIMA,35.9766,140.6306,39.0,,20,knet_meter,192.30769230769224,255.04192944764006,100.0,2.0,11.0,,,
K-NET,IBR019,KITAIBARAKI,36.8808,140.6544,-9999.0,,0,,,,,,,,,
K-NET,ISK001,OHTANI,37.5,137.1767,6.0,,11,knet_meter,304.20850245674006,453.4309823276549,200.0,3.0,3.0,8.0,8.0,
K-NET,ISK002,SHOIN,37.4473,137.2877,4.0,,20,knet_meter,177.59179265658747,150.11410314924692,110.0,13.0,20.0,,,
K-NET,ISK003,WAJIMA,37.3924,136.9078,12.0,,20,knet_meter,378.233088912897,479.2639332892779,230.0,0.0,2.0,4.0,15.0,
K-NET,ISK004,NOTO,37.308,137.1471,9.0,,15,knet_meter,94.54545454545455,132.69537480063798,80.0,13.0,13.0,,,
K-NET,ISK005,ANAMIZU,37.2309,136.9041,3.0,,19,knet_meter,70.9090909090909,99.51605807303122,60.0,16.0,19.0,,,
K-NET,ISK006,TOGI,37.1603,136.6896,75.0,,12,knet_meter,278.5714285714286,325.00000000000006,260.0,0.0,8.0,,,
K-NET,ISK007,NANAO,37.0426,136.968,2.0,,20,knet_meter,122.03389830508475,119.90915972747919,90.0,16.0,20.0,,,
K-NET,ISK008,HAKUI,36.8938,136.7783,14.0,,20,knet_meter,150.68493150684935,201.0279840091376,110.0,11.0,11.0,,,
K-NET,ISK009,NANATSUKA,36.7334,136.7025,38.0,,20,knet_meter,183.70165745856355,220.01789062212794,150.0,8.0,18.0,18.0,,
K-NET,ISK010,KANAZAWA,36.5421,136.6435,29.0,,10,knet_meter,248.53556485355645,340.40114613180515,110.0,3.0,3.0,3.0,,
K-NET,ISK011,KOMATSU,36.3976,136.4409,3.0,,20,knet_meter,145.7142857142857,156.92307692307682,120.0,20.0,20.0,,,
K-NET,ISK012,TORIGOE,36.3579,136.6049,187.0,,10,knet_meter,235.2941176470588,331.3609467455621,100.0,3.0,3.0,3.0,,
K-NET,ISK013,SHIRAMINE,36.1804,136.6246,476.0,,20,knet_meter,286.2870890136327,402.68709061641835,170.0,1.0,5.0,6.0,16.0,
K-NET,ISK014,KAGA,36.3031,136.3154,4.0,,20,knet_meter,95.19230769230768,100.46838407494145,90.0,20.0,20.0,,,
K-NET,ISK015,OHMACHI,37.2265,136.9087,3.0,,20,knet_meter,294.7323340471092,405.38409125876433,120.0,2.0,2.0,6.0,,
K-NET,IWT001,TANEICHI,40.4101,141.7193,14.0,,10,knet_meter,159.16230366492147,212.5874125874126,95.0,6.0,6.0,,,
K-NET,IWT002,KUJI,40.182,141.7643,28.0,,10,knet_meter,260.15624999999994,305.5045871559633,180.0,4.0,4.0,,,
K-NET,IWT003,FUDAI,40.0083,141.8885,7.0,,20,knet_meter,189.99999999999997,204.94382022471908,190.0,13.0,20.0,,,
K-NET,IWT004,TARO,39.7356,141.9671,9.0,,20,knet_meter,125.0,161.1721611721611,120.0,17.0,17.0,,,
K-NET,IWT005,MIYAKO,39.6478,141.9465,6.0,,10,knet_meter,297.45042492917844,373.00177619893424,150.0,2.0,2.0,7.0,,
K-NET,IWT006,YAMADA,39.485,141.9748,17.0,,20,knet_meter,238.09523809523805,316.169060506091,150.0,3.0,6.0,10.0,18.0,
K-NET,IWT007,KAMAISHI,39.2699,141.8567,9.0,,20,knet_meter,254.1720154043646,324.85643970467595,200.0,5.0,5.0,,,
K-NET,IWT008,OHFUNATO,39.0815,141.7093,24.0,,10,knet_meter,750.0,976.7441860465117,300.0,0.0,1.0,1.0,1.0,
K-NET,IWT009,DAITO,39.019,141.4053,148.0,,10,knet_meter,325.666569000879,485.0534584333406,130.0,2.0,2.0,6.0,6.0,
K-NET,IWT010,ICHINOSEKI,38.9346,141.1264,31.0,,20,knet_meter,339.50328022492965,413.1957439982889,230.0,0.0,4.0,8.0,,
K-NET,IWT011,MIZUSAWA,39.1453,141.1527,43.0,,10,knet_meter,249.99999999999994,249.99999999999994,250.0,0.0,10.0,,,
K-NET,IWT012,KITAKAMI,39.3206,141.1388,62.0,,10,knet_meter,158.53658536585363,196.96969696969694,100.0,4.0,10.0,,,
K-NET,IWT013,TONO,39.329,141.5638,298.0,,20,knet_meter,214.67889908256885,289.2459826946848,180.0,7.0,7.0,,,
K-NET,IWT014,ISHIDORIYA,39.4846,141.1466,86.0,,10,knet_meter,189.58333333333334,245.94594594594594,130.0,5.0,5.0,,,
K-NET,IWT015,KAWAJIRI,39.3183,140.7794,247.0,,10,knet_meter,362.9032258064516,401.7857142857143,250.0,0.0,3.0,,,
K-NET,IWT016,KAWAI,39.6,141.679,198.0,,16,knet_meter,279.4117647058823,366.73717609730295,200.0,4.0,4.0,14.0,14.0,
K-NET,IWT017,KADOMA,39.6339,141.4379,617.0,,10,knet_meter,283.01886792452837,384.6153846153847,250.0,0.0,8.0,8.0,,
K-NET,IWT018,MORIOKA,39.6954,141.1477,120.0,,20,knet_meter,236.84210526315786,310.34482758620686,140.0,2.0,6.0,,,
K-NET,IWT019,IWAIZUMI,39.803,141.6584,294.0,,20,knet_meter,651.3525648702929,984.8905262336153,200.0,1.0,1.0,3.0,3.0,
K-NET,IWT020,YABUKAWA,39.7844,141.3296,695.0,,20,knet_meter,121.1864406779661,121.07699254910816,90.0,16.0,20.0,,,
K-NET,IWT021,NISHINE,39.9203,141.0822,283.0,,10,knet_meter,200.0,233.33333333333334,140.0,4.0,10.0,,,
K-NET,IWT022,ASHIRO,40.1009,141.0528,296.0,,10,knet_meter,240.00000000000009,342.85714285714295,150.0,5.0,5.0,5.0,,
K-NET,IWT023,KUZUMAKI,40.037,141.4501,402.0,,10,knet_meter,327.9816513761469,435.97560975609764,110.0,2.0,2.0,2.0,,
K-NET,IWT024,NINOHE,40.2612,141.2908,94.0,,10,knet_meter,245.35315985130117,339.3316195372751,120.0,5.0,5.0,5.0,,
K-NET,IWT025,OHSHIDA,39.5169,140.8299,367.0,,10,knet_meter,273.7642585551331,348.6682808716707,180.0,2.0,9.0,,,
K-NET,IWT026,AISARI,39.2569,141.0983,76.0,,18,knet_meter,208.65384615384613,261.44578313253004,140.0,4.0,4.0,,,
K-NET,KGS001,AZUMA,32.1947,130.1763,77.0,,20,knet_meter,293.99367755532137,355.6405353728489,240.0,0.0,4.0,,,
K-NET,KGS002,IZUMI,32.0916,130.3519,12.0,,20,knet_meter,337.6623376623377,410.9195402298851,120.0,1.0,1.0,7.0,,
K-NET,KGS003,OHKUCHI,32.0559,130.5874,176.0,,20,knet_meter,177.6923076923077,236.08490566037727,70.0,2.0,4.0,,,
K-NET,KGS004,AKUNE,32.0145,130.1927,2.7,,20,knet_meter,162.16216216216213,165.3851733642826,120.0,12.0,18.0,,,
K-NET,KGS005,MIYANOJO,31.9006,130.4513,42.5,,12,knet_meter,264.70588235294116,327.688399661304,180.0,2.0,10.0,,,
K-NET,KGS006,YOKOGAWA,31.906,130.7021,187.5,,20,knet_meter,202.17391304347822,266.8032786885245,150.0,5.0,5.0,,,
K-NET,KGS007,SENDAI,31.8143,130.3032,3.8,,20,knet_meter,153.10136157337368,183.83287920072658,110.0,7.0,20.0,,,
K-NET,KGS008,KAMO,31.7638,130.5659,11.0,,20,knet_meter,201.78626424391751,210.4998758707303,160.0,3.0,20.0,,,
K-NET,KGS009,KOKUBU,31.7368,130.7613,4.0,,20,knet_meter,165.7894736842105,181.29496402877703,140.0,16.0,20.0,,,
K-NET,KGS010,KUSHIKINO,31.7123,130.2735,15.9,,20,knet_meter,210.0,239.22330097087374,140.0,2.0,15.0,,,
K-NET,KGS011,HIYOSHI,31.5896,130.349,18.0,,20,knet_meter,201.54639175257728,233.532423208191,170.0,4.0,15.0,,,
K-NET,KGS012,KAGOSHIMA,31.6057,130.574,3.8,,20,knet_meter,153.21888412017165,191.8885902760811,140.0,9.0,15.0,,,
K-NET,KGS013,OHSUMI,31.5973,130.9938,117.7,,18,knet_meter,192.704548757448,298.98534385569343,130.0,5.0,5.0,9.0,17.0,
K-NET,KGS014,TARUMIZU,31.4963,130.6994,4.0,,20,knet_meter,170.0,215.4455445544554,170.0,11.0,11.0,,,
K-NET,KGS015,OHSAKI,31.4308,131.0109,34.0,,20,knet_meter,175.64575645756454,240.24438836498882,120.0,6.0,10.0,,,
K-NET,KGS016,KASEDA,31.4162,130.3225,10.8,,11,knet_meter,277.72277227722776,301.6129032258065,170.0,2.0,2.0,,,
K-NET,KGS017,KANOYA,31.3954,130.8702,64.4,,20,knet_meter,155.43478260869563,215.26881720430094,130.0,6.0,11.0,,,
K-NET,KGS018,KIIRE,31.3757,130.5449,51.4,,20,knet_meter,162.7620221948212,204.3569611854473,110.0,5.0,16.0,,,
K-NET,KGS019,MAKURAZAKI,31.2776,130.3008,10.0,,10,knet_meter,158.3333333333333,247.8260869565217,90.0,8.0,8.0,8.0,,
K-NET,KGS020,EI,31.2396,130.4915,21.4,,20,knet_meter,174.6268656716418,253.47776510832375,130.0,6.0,6.0,14.0,,
K-NET,KGS021,IBUSUKI,31.2535,130.6324,7.9,,20,knet_meter,145.7142857142857,210.97624657708715,120.0,10.0,15.0,15.0,,
K-NET,KGS022,UCHINOURA,31.2804,131.0504,12.0,,14,knet_meter,188.0877742946708,278.42227378190245,80.0,4.0,12.0,12.0,12.0,
K-NET,KGS023,TASHIRO,31.199,130.849,178.9,,20,knet_meter,135.3846153846154,190.2702702702702,110.0,10.0,10.0,,,
K-NET,KGS024,SATA,31.0888,130.6982,74.6,,15,knet_meter,188.70967741935488,270.9117221418235,130.0,4.0,13.0,13.0,13.0,
K-NET,KGS026,NAKATANE,30.5199,130.9553,114.0,,10,knet_meter,181.3520070577856,272.7649693149776,130.0,5.0,8.0,8.0,,
K-NET,KGS027,KADOKURAZAKI,30.3488,130.8829,15.0,,10,knet_meter,230.76923076923072,315.7894736842105,120.0,3.0,5.0,5.0,,
K-NET,KGS028,KAMIYAKU,30.4204,130.5771,40.8,,10,knet_meter,234.16117587430307,295.3964194373401,110.0,2.0,4.0,,,
K-NET,KGS029,YAKU,30.2363,130.5553,60.0,,10,knet_meter,439.7551546391754,554.4272948822097,130.0,1.0,1.0,3.0,3.0,
K-NET,KGS030,KASARI,28.451,129.6784,3.5,,20,knet_meter,260.0,314.15347137637025,260.0,0.0,10.0,16.0,,
K-NET,KGS031,YAMATO,28.3553,129.3924,12.0,,20,knet_meter,228.65823616357372,315.07484809739884,170.0,3.0,7.0,15.0,17.0,
K-NET,KGS032,SETOUCHI,28.1388,129.3206,1.5,,10,knet_meter,382.6086956521739,454.6125461254612,220.0,0.0,3.0,3.0,,
K-NET,KGS033,ISEN,27.6883,128.9421,136.0,,12,knet_meter,200.00000000000003,250.00000000000003,200.0,11.0,11.0,,,
K-NET,KGS034,CHINA,27.334,128.5743,24.0,,10,knet_meter,708.860759493671,751.6778523489933,350.0,0.0,0.0,1.0,1.0,
K-NET,KGS035,YORON,27.0522,128.4241,44.0,,14,knet_meter,315.7894736842106,440.36697247706434,240.0,0.0,6.0,6.0,13.0,
K-NET,KGS036,KAMIKOSHIKI,31.836,129.8678,6.0,,20,knet_meter,173.74701670644396,190.16107966913373,130.0,4.0,20.0,,,
K-NET,KGW002,UCHINOUMI,34.4724,134.3142,2.0,,10,knet_meter,175.6366139022712,218.77411058722677,110.0,7.0,10.0,,,
K-NET,KGW003,MARUGAME,34.2644,133.7896,13.0,,10,knet_meter,266.9491525423729,335.1063829787234,210.0,0.0,6.0,,,
K-NET,KGW004,TAKAMATSU,34.3473,134.0375,2.0,,19,knet_meter,134.00503778337531,160.65973633776645,80.0,11.0,20.0,,,
K-NET,KGW005,KANONJI,34.1139,133.6353,1.0,,20,knet_meter,185.26315789473682,189.58707360861754,140.0,9.0,18.0,,,
K-NET,KGW006,NAGAO,34.2499,134.1856,71.0,,10,knet_meter,350.0,350.0,350.0,0.0,0.0,,,
K-NET,KGW007,HIKETA,34.213,134.4133,9.0,,20,knet_meter,303.1578947368421,380.04284731257087,160.0,2.0,2.0,17.0,,
K-NET,KGW008,KOTONAMI,34.1645,133.9241,177.0,,11,knet_meter,297.91666666666663,337.79527559055117,220.0,0.0,4.0,,,
K-NET,KMM002,YAMAGA,33.0189,130.6846,33.0,,10,knet_meter,190.47342180618338,292.5097938547049,100.0,3.0,6.0,9.0,,
K-NET,KMM003,TAMANA,32.9335,130.5477,13.0,,20,knet_meter,194.55275229357795,239.12772687787844,130.0,6.0,18.0,,,
K-NET,KMM004,ICHINOMIYA,32.9318,131.1203,554.0,,16,knet_meter,171.87499999999997,238.05229936880073,100.0,3.0,14.0,,,
K-NET,KMM005,OHZU,32.8761,130.8771,125.0,,15,knet_meter,235.17587939698498,327.39322533136976,130.0,3.0,3.0,11.0,,
K-NET,KMM006,KUMAMOTO,32.7934,130.7772,35.0,,20,knet_meter,160.00000000000003,194.8308759757155,160.0,11.0,20.0,,,
K-NET,KMM007,TAKAMORI,32.8268,131.1224,547.0,,17,knet_meter,179.82708933717583,266.94074835412096,120.0,7.0,7.0,15.0,15.0,
K-NET,KMM008,UTO,32.6875,130.6598,3.0,,20,knet_meter,147.8296689150919,195.83233859690995,90.0,5.0,20.0,,,
K-NET,KMM009,YABE,32.6864,130.9886,466.0,,20,knet_meter,183.74133949191685,301.3728425232932,170.0,8.0,10.0,10.0,13.0,
K-NET,KMM010,MISUMI,32.6134,130.4873,6.0,,20,knet_meter,131.08614232209737,149.0564017232716,100.0,12.0,18.0,,,
K-NET,KMM011,TOMOCHI,32.6166,130.8635,142.0,,15,knet_meter,177.1528998242531,210.08753647353058,140.0,11.0,11.0,,,
K-NET,KMM012,YATSUSHIRO,32.5099,130.5908,2.0,,20,knet_meter,183.5456475583864,185.20039275194145,130.0,14.0,20.0,,,
K-NET,KMM013,TANOURA,32.3644,130.5089,6.0,,11,knet_meter,206.4175956613438,309.7197106690778,170.0,6.0,9.0,9.0,,
K-NET,KMM014,ITSUKI,32.3961,130.8273,306.0,,20,knet_meter,388.7257871600105,640.6236000358386,220.0,0.0,5.0,5.0,5.0,
K-NET,KMM015,MINAMATA,32.2161,130.4059,8.0,,17,knet_meter,204.2239685658153,290.58380578826444,140.0,2.0,13.0,13.0,13.0,
K-NET,KMM016,HITOYOSHI,32.1965,130.7757,151.0,,20,knet_meter,173.22834645669295,226.4787134271937,150.0,10.0,12.0,18.0,18.0,
K-NET,KMM017,TARAGI,32.2567,130.9245,153.0,,20,knet_meter,251.25764785859963,329.8527443105757,140.0,3.0,3.0,,,
K-NET,KMM018,RYUGATAKE,32.3941,130.3898,8.0,,10,knet_meter,287.1583290355853,396.440014239943,120.0,2.0,5.0,5.0,,
K-NET,KMM020,SHINWA,32.3636,130.1807,9.6,,10,knet_meter,386.2463384014506,500.31619839190523,200.0,2.0,2.0,6.0,6.0,
K-NET,KMM021,AMAKUSA,32.3793,129.9996,7.0,,20,knet_meter,174.75728155339803,189.27680798004985,150.0,15.0,20.0,,,
K-NET,KMM022,USHIBUKA,32.1945,130.027,3.0,,19,knet_meter,210.0,239.28035982009,210.0,0.0,17.0,17.0,17.0,
K-NET,KNG001,KAWASAKI,35.5291,139.7061,2.0,,20,knet_meter,110.22880215343206,124.82890529272883,70.0,20.0,20.0,,,
K-NET,KNG002,YOKOHAMA,35.4372,139.6334,2.0,,20,knet_meter,95.625,102.47696975709205,85.0,18.0,18.0,,,
K-NET,KNG003,YOKOSUKA,35.2731,139.6582,25.0,,10,knet_meter,286.4548725607377,415.3294290161265,145.0,4.0,4.0,5.0,5.0,
K-NET,KNG004,MISAKI,35.1563,139.64,54.0,,20,knet_meter,535.6366585563666,638.4146930884485,190.0,1.0,1.0,3.0,3.0,
K-NET,KNG005,KAMAKURA,35.3191,139.5461,10.0,,20,knet_meter,258.17452357071204,372.4062042568511,130.0,3.0,4.0,4.0,12.0,
K-NET,KNG006,FUTAMATAGAWA,35.4541,139.5391,60.0,,15,knet_meter,204.46467783307548,303.36384736563554,155.0,7.0,7.0,13.0,,
K-NET,KNG007,FUJISAWA,35.3382,139.4926,10.0,,20,knet_meter,306.35650220487764,361.1402614440413,140.0,2.0,4.0,5.0,,
K-NET,KNG008,SAGAMIHARA,35.5749,139.3262,120.0,,20,knet_meter,186.87943262411346,275.23397961777556,170.0,8.0,8.0,11.0,,
K-NET,KNG009,ATSUGI,35.4425,139.3621,19.0,,20,knet_meter,99.51219512195122,127.69294263309946,85.0,15.0,20.0,,,
K-NET,KNG010,HIRATSUKA,35.3339,139.3446,7.0,,20,knet_meter,177.20706260032102,206.80611926319074,80.0,3.0,20.0,,,
K-NET,KNG011,FUJINO,35.6151,139.1554,214.0,,10,knet_meter,387.58725341426407,488.37476099426385,215.0,0.0,4.0,4.0,,
K-NET,KNG012,HADANO,35.3793,139.2044,139.0,,20,knet_meter,297.024,403.71148967017024,180.0,3.0,5.0,7.0,,
K-NET,KNG013,ODAWARA,35.2642,139.1521,11.0,,20,knet_meter,60.15624999999999,80.78617891865426,55.0,18.0,20.0,,,
K-NET,KNG014,YAMAKITA,35.3609,139.0828,107.0,,20,knet_meter,309.4335035254072,365.03656962569926,165.0,2.0,2.0,,,
K-NET,KOC001,TOYO,33.5277,134.2808,7.0,,12,knet_meter,191.75027870680046,265.2274479568234,80.0,8.0,8.0,,,
K-NET,KOC002,MUROTO,33.2946,134.1666,19.0,,15,knet_meter,177.33812949640287,193.09420737992164,170.0,11.0,15.0,,,
K-NET,KOC003,AKI,33.5014,133.9071,5.0,,15,knet_meter,197.60479041916167,237.90552077404675,110.0,3.0,15.0,,,
K-NET,KOC004,MONOBE,33.6975,133.8764,220.0,,8,knet_meter,330.188679245283,397.72727272727263,140.0,2.0,2.0,2.0,,
K-NET,KOC005,TOSAYAMADA,33.5929,133.6923,27.0,,20,knet_meter,240.90333241531263,359.745013366235,70.0,3.0,3.0,6.0,6.0,
K-NET,KOC006,TOSA,33.4943,133.4166,8.0,,10,knet_meter,140.9478952016485,187.5073428627374,90.0,7.0,10.0,,,
K-NET,KOC007,KOCHI,33.5612,133.5273,3.0,,20,knet_meter,175.48746518105847,162.30677764565993,130.0,20.0,20.0,,,
K-NET,KOC008,HONKAWA,33.7758,133.3467,553.0,,10,knet_meter,567.5675675675676,736.8421052631579,200.0,2.0,2.0,2.0,2.0,
K-NET,KOC009,AGAWA,33.5736,133.172,98.0,,4,knet_meter,710.0,710.0,710.0,0.0,0.0,0.0,0.0,
K-NET,KOC010,SUSAKI,33.3929,133.2852,2.0,,10,knet_meter,203.09477756286267,288.8583218707015,120.0,2.0,8.0,8.0,,
K-NET,KOC012,TAISHO,33.1976,132.9758,147.0,,10,knet_meter,210.90626819328546,300.09664503658706,110.0,5.0,5.0,5.0,,
K-NET,KOC013,SAGA,33.0797,133.1023,4.0,,20,knet_meter,214.19428815231598,198.89305120517844,140.0,13.0,20.0,,,
K-NET,KOC014,NAKAMURA,32.9897,132.9403,6.0,,20,knet_meter,203.11284046692603,190.8592321755028,180.0,17.0,20.0,,,
K-NET,KOC015,SUKUMO,32.9393,132.7258,3.0,,20,knet_meter,128.57142857142858,154.58948208079315,100.0,17.0,17.0,,,
K-NET,KYT002,KUMIHAMA,35.6038,134.8945,3.0,,20,knet_meter,94.4527736131934,117.57527904389333,60.0,15.0,20.0,,,
K-NET,KYT003,INE,35.6762,135.2927,27.0,,10,knet_meter,251.0192837465564,365.2104208416833,80.0,2.0,2.0,4.0,,
K-NET,KYT004,MIYAZU,35.5356,135.1959,2.0,,20,knet_meter,115.34733441033923,132.96089385474855,60.0,20.0,20.0,,,
K-NET,KYT006,FUKUCHIYAMA,35.2766,135.182,70.0,,20,knet_meter,282.60869565217394,384.2364532019707,130.0,2.0,2.0,10.0,,
K-NET,KYT007,ASHIU,35.3063,135.712,406.0,,10,knet_meter,530.9267524284588,535.4249404289118,210.0,0.0,2.0,2.0,2.0,
K-NET,KYT008,HONJO,35.261,135.3967,99.0,,10,knet_meter,309.5238095238096,419.3548387096775,100.0,2.0,2.0,2.0,,
K-NET,KYT011,KAMEOKA,35.0171,135.5637,101.0,,20,knet_meter,189.344262295082,259.55056179775283,70.0,2.0,2.0,,,
K-NET,KYT012,KYOTO,34.9977,135.8177,87.0,,16,knet_meter,264.47368421052636,379.2452830188679,110.0,2.0,2.0,7.0,,
K-NET,KYT013,UJI,34.8784,135.8046,79.0,,20,knet_meter,213.88888888888886,283.43558282208585,110.0,2.0,10.0,,,
K-NET,KYT014,MINAMIYAMASHIRO,34.7731,135.9921,69.0,,10,knet_meter,324.56140350877195,451.2195121951219,100.0,2.0,2.0,2.0,2.0,
K-NET,MIE001,FUJIWARA,35.1719,136.4948,128.0,,20,knet_meter,433.42391304347814,484.8024316109423,290.0,0.0,3.0,3.0,,
K-NET,MIE002,KOMONO,35.0283,136.5069,79.0,,14,knet_meter,234.12322274881515,246.38403990024935,190.0,3.0,14.0,,,
K-NET,MIE003,YOKKAICHI,34.9708,136.6356,2.0,,20,knet_meter,166.89189189189185,196.7837120094422,130.0,13.0,20.0,,,
K-NET,MIE004,KAMEYAMA,34.8568,136.4489,78.0,,10,knet_meter,273.9562624254473,361.2057667103539,260.0,0.0,9.0,9.0,,
K-NET,MIE005,UENO,34.7679,136.1149,134.0,,17,knet_meter,377.67857142857144,458.4028009336446,360.0,0.0,0.0,13.0,,
K-NET,MIE007,HAKUSAN,34.6398,136.3399,52.0,,20,knet_meter,279.35222672064776,393.8542091371429,140.0,3.0,3.0,6.0,11.0,
K-NET,MIE008,NABARI,34.6291,136.1074,222.0,,15,knet_meter,249.99999999999994,269.6078431372548,250.0,0.0,14.0,,,
K-NET,MIE009,MATSUZAKA,34.5752,136.5296,8.0,,20,knet_meter,173.42342342342346,205.9588379522996,110.0,9.0,20.0,,,
K-NET,MIE010,ISE,34.4909,136.7331,17.0,,20,knet_meter,180.0,214.05405405405398,180.0,13.0,13.0,,,
K-NET,MIE011,IITAKA,34.4284,136.3328,143.0,,10,knet_meter,448.1132075471699,608.9743589743591,250.0,0.0,4.0,4.0,4.0,
K-NET,MIE012,SHIMA,34.2544,136.8229,7.0,,10,knet_meter,534.1040462427745,630.7167235494879,240.0,0.0,2.0,2.0,2.0,
K-NET,MIE013,NANTO,34.2778,136.4993,2.0,,20,knet_meter,177.41935483870964,196.4285714285714,100.0,2.0,20.0,,,
K-NET,MIE014,OWASE,34.0636,136.1689,84.0,,12,knet_meter,953.3333333333333,994.7826086956522,880.0,0.0,0.0,0.0,0.0,
K-NET,MIE015,KUMANO,33.8788,136.0816,6.0,,20,knet_meter,412.1212121212121,455.8659217877095,320.0,0.0,0.0,4.0,,
K-NET,MIE016,KIWA,33.8764,135.9191,60.0,,10,knet_meter,305.24861878453044,415.41353383458653,170.0,4.0,4.0,4.0,,
K-NET,MIE017,MIYAKAWA,34.3628,136.3358,116.0,,10,knet_meter,371.53846153846143,467.41935483870964,230.0,0.0,4.0,4.0,,
K-NET,MYG001,KESENNUMA,38.9017,141.5709,36.0,,10,knet_meter,357.1692671744434,416.6846396066082,140.0,1.0,1.0,7.0,,
K-NET,MYG002,UTATSU,38.7261,141.511,65.0,,10,knet_meter,332.960093160747,425.68786325765166,140.0,1.0,4.0,6.0,,
K-NET,MYG003,TOWA,38.7349,141.3116,32.0,,10,knet_meter,301.18077613589276,415.5583079268292,210.0,0.0,4.0,7.0,,
K-NET,MYG004,TSUKIDATE,38.7324,141.027,38.0,,20,knet_meter,163.46153846153845,210.70552982838458,150.0,12.0,14.0,,,
K-NET,MYG005,NARUKO,38.7989,140.6512,304.0,,20,knet_meter,282.60869565217394,322.54819782062026,130.0,2.0,2.0,,,
K-NET,MYG006,FURUKAWA,38.566,140.9767,17.0,,20,knet_meter,101.61290322580643,130.29989658738373,90.0,14.0,18.0,,,
K-NET,MYG007,TOYOSATO,38.5877,141.251,4.0,,12,knet_meter,107.43801652892563,172.78172968925497,100.0,11.0,11.0,11.0,11.0,
K-NET,MYG008,KITAKAMI,38.5676,141.4267,26.0,,20,knet_meter,366.2201894805618,508.20536209283824,200.0,2.0,2.0,6.0,10.0,
K-NET,MYG009,TAIWA,38.4466,140.8871,29.0,,10,knet_meter,343.0470539637238,470.7670901079647,140.0,1.0,3.0,7.0,7.0,
K-NET,MYG010,ISHINOMAKI,38.4292,141.2819,2.0,,20,knet_meter,153.27868852459014,161.20689655172404,110.0,20.0,20.0,,,
K-NET,MYG011,OSHIKA,38.302,141.5079,12.0,,20,knet_meter,914.1274238227148,1254.7528517110266,220.0,0.0,1.0,1.0,1.0,
K-NET,MYG012,SHIOGAMA,38.3288,141.0128,74.0,,20,knet_meter,618.8875203888017,786.1443924065636,350.0,0.0,0.0,3.0,3.0,
K-NET,MYG013,SENDAI,38.2661,140.9286,5.0,,15,knet_meter,154.71898823946577,228.93620742424903,70.0,7.0,7.0,,,
K-NET,MYG014,SAKUNAMI,38.3173,140.6362,259.0,,10,knet_meter,220.22717514344822,316.1315627276293,130.0,6.0,6.0,8.0,,
K-NET,MYG015,IWANUMA,38.1037,140.8708,3.0,,20,knet_meter,142.40506329113924,189.5028759244042,100.0,8.0,17.0,,,
K-NET,MYG016,SHIROISHI,38.0079,140.6212,49.0,,20,knet_meter,285.6083086053412,375.9765625000001,70.0,1.0,3.0,3.0,,
K-NET,MYG017,KAKUDA,37.976,140.7822,12.0,,20,knet_meter,80.00000000000001,110.09174311926608,80.0,18.0,20.0,,,
K-NET,MYG018,ISATOMAE,38.7194,141.5228,24.0,,20,knet_meter,261.64904088266263,399.20370599771115,160.0,4.0,4.0,9.0,15.0,
K-NET,MYG019,NARUKOONSEN,38.7513,140.7226,144.0,,20,knet_meter,213.45048149560415,245.0405559273566,130.0,3.0,16.0,,,
K-NET,MYZ001,TAKACHIHO,32.705,131.3086,362.0,,10,knet_meter,341.6390479059957,392.0816044260027,170.0,1.0,4.0,,,
K-NET,MYZ002,KITAGAWA,32.6978,131.6833,18.0,,17,knet_meter,369.0425846349725,478.43426230232984,140.0,1.0,1.0,7.0,,
K-NET,MYZ003,NOBEOKA,32.5659,131.6602,6.0,,13,knet_meter,191.1949685534591,273.46326836581704,160.0,8.0,8.0,,,
K-NET,MYZ004,NANGO,32.3888,131.3338,289.0,,10,knet_meter,571.7821782178219,629.4277929155313,330.0,0.0,0.0,2.0,2.0,
K-NET,MYZ005,HYUGA,32.4286,131.6009,26.0,,10,knet_meter,667.6973240386775,822.2791470506783,300.0,0.0,2.0,2.0,2.0,
K-NET,MYZ006,TSUNO,32.2564,131.5609,23.0,,12,knet_meter,326.2874346379337,436.6875198812426,180.0,2.0,2.0,8.0,,
K-NET,MYZ007,NISHIMERA,32.2351,131.1155,306.0,,10,knet_meter,323.38884866039103,442.3972263496781,140.0,2.0,4.0,4.0,7.0,
K-NET,MYZ008,SAITO,32.1056,131.3931,59.0,,16,knet_meter,328.35820895522386,376.068376068376,200.0,2.0,2.0,,,
K-NET,MYZ009,EBINO,32.0461,130.8115,230.0,,20,knet_meter,159.4405594405594,191.5966386554622,100.0,8.0,20.0,,,
K-NET,MYZ010,KOBAYASHI,31.9968,130.9722,203.0,,20,knet_meter,253.8443506797937,269.14701708531436,130.0,5.0,5.0,,,
K-NET,MYZ011,AYA,31.9951,131.2559,24.0,,20,knet_meter,199.05213270142178,280.93645484949843,140.0,4.0,12.0,12.0,,
K-NET,MYZ012,TAKASAKI,31.8723,131.0684,150.0,,15,knet_meter,354.43816824692357,493.0288863528279,170.0,2.0,2.0,4.0,11.0,
K-NET,MYZ013,MIYAZAKI,31.9086,131.4188,6.0,,20,knet_meter,169.25601750547045,169.62719298245605,130.0,17.0,20.0,,,
K-NET,MYZ014,TANO,31.8457,131.307,136.0,,20,knet_meter,176.84210526315792,232.48938512344705,160.0,6.0,11.0,,,
K-NET,MYZ015,MIYAKONOJO,31.7182,131.0624,146.0,,20,knet_meter,198.61111111111106,265.1534526854219,130.0,3.0,10.0,,,
K-NET,MYZ016,NICHINAN,31.6131,131.3745,9.0,,20,knet_meter,194.68518446677263,249.2933608206453,90.0,4.0,9.0,,,
K-NET,MYZ017,KUSHIMA,31.4639,131.2281,9.0,,20,knet_meter,191.78082191780825,285.71428571428584,140.0,8.0,8.0,8.0,,
K-NET,MYZ018,TOIMISAKI,31.3987,131.3054,12.0,,20,knet_meter,251.96050775740477,320.43049327354254,140.0,3.0,5.0,,,
K-NET,MYZ019,KITAGO,32.5008,131.4444,142.0,,10,knet_meter,444.44444444444434,571.4285714285713,160.0,2.0,2.0,2.0,2.0,
K-NET,MYZ020,SHIIBA,32.4557,131.1472,600.0,,10,knet_meter,255.7692307692308,353.0973451327434,70.0,1.0,4.0,4.0,,
K-NET,NAR001,IKOMA,34.7153,135.7276,149.0,,10,knet_meter,267.3492098820387,332.6041810881905,210.0,0.0,7.0,,,
K-NET,NAR002,NARA,34.6682,135.8353,93.0,,11,knet_meter,282.9015544041451,316.8278529980658,140.0,1.0,4.0,,,
K-NET,NAR003,YAMATOTAKADA,34.5171,135.7171,67.0,,10,knet_meter,204.8780487804878,221.05263157894737,140.0,6.0,10.0,,,
K-NET,NAR004,HAIBARA,34.5277,135.9511,308.0,,10,knet_meter,299.7101449275362,366.01769911504425,220.0,0.0,5.0,,,
K-NET,NAR005,GOJO,34.3414,135.6844,97.0,,14,knet_meter,201.7241379310345,265.909090909091,180.0,8.0,8.0,,,
K-NET,NAR006,KAWAKAMI,34.3384,135.9545,341.0,,11,knet_meter,386.9636963696369,490.5857740585774,350.0,0.0,0.0,8.0,,
K-NET,NAR007,OHTO,34.2214,135.7368,762.0,,10,knet_meter,446.38979370249734,529.2887029288703,230.0,0.0,2.0,2.0,,
K-NET,NAR008,KAMIKITAYAMA,34.1369,136.0063,332.0,,10,knet_meter,272.77123972271477,406.8285645587881,180.0,5.0,5.0,8.0,8.0,
K-NET,NAR009,TOTSUKAWA,33.9396,135.753,198.0,,10,knet_meter,284.46215139442234,365.2173913043478,140.0,3.0,3.0,3.0,,
K-NET,NGN001,IIYAMA,36.8513,138.3657,315.0,,20,knet_meter,197.6047904191617,271.58292896315976,110.0,3.0,8.0,15.0,,
K-NET,NGN002,SHINANO,36.8068,138.2069,677.0,,10,knet_meter,234.97147871873628,281.17616172223677,170.0,2.0,7.0,,,
K-NET,NGN003,YAMANOUCHI,36.74,138.4137,589.0,,10,knet_meter,332.0158102766799,427.4809160305344,140.0,2.0,2.0,5.0,,
K-NET,NGN004,NAGANO,36.6475,138.1941,361.0,,20,knet_meter,347.4657534246575,412.50423508684736,285.0,0.0,5.0,13.0,,
K-NET,NGN005,HAKUBA,36.6987,137.863,702.0,,20,knet_meter,319.2437456235279,455.4536372718192,255.0,0.0,7.0,7.0,11.0,
K-NET,NGN006,OHMACHI,36.5084,137.8514,733.0,,20,knet_meter,313.18440648269814,365.91606960081873,250.0,0.0,3.0,,,
K-NET,NGN007,KUISEKE,36.5344,138.1188,360.0,,20,knet_meter,202.23345741430074,285.12143251237586,160.0,5.0,9.0,15.0,,
K-NET,NGN008,UEDA,36.4018,138.2483,456.0,,11,knet_meter,377.61674718196457,490.5857740585774,335.0,0.0,0.0,9.0,9.0,
K-NET,NGN009,HOTAKA,36.3371,137.8718,562.0,,20,knet_meter,294.869331283628,356.2804736475505,155.0,2.0,2.0,,,
K-NET,NGN010,KOMORO,36.3282,138.4349,738.0,,20,knet_meter,230.99999999999997,302.697622587932,120.0,2.0,9.0,14.0,,
K-NET,NGN011,NAGATO,36.2718,138.2584,630.0,,20,knet_meter,389.30084745762707,493.80412063302487,245.0,0.0,2.0,5.0,,
K-NET,NGN012,MATSUMOTO,36.2571,137.9796,637.0,,20,knet_meter,380.46391752577324,467.15189873417734,305.0,0.0,0.0,6.0,,
K-NET,NGN013,AZUMI,36.1827,137.785,733.0,,10,knet_meter,588.6243386243386,708.5987261146497,250.0,0.0,2.0,2.0,2.0,
K-NET,NGN014,KOUMI,36.0956,138.4839,855.0,,20,knet_meter,203.00241400120697,261.3373777922443,130.0,4.0,10.0,18.0,18.0,
K-NET,NGN015,SUWA,36.0451,138.1114,761.0,,20,knet_meter,185.0,185.0,185.0,20.0,20.0,,,
K-NET,NGN016,FUJIMI,35.9133,138.2229,965.0,,20,knet_meter,200.09528346831826,259.339302253782,80.0,1.0,9.0,,,
K-NET,NGN017,NARAKAWA,35.9749,137.8259,916.0,,11,knet_meter,351.99999999999994,391.11111111111103,240.0,0.0,3.0,,,
K-NET,NGN018,OTAKI,35.8129,137.5298,1012.0,,20,knet_meter,327.57426644796794,396.29750608371836,220.0,0.0,3.0,13.0,,
K-NET,NGN019,KISOFUKUSHIMA,35.8561,137.708,789.0,,12,knet_meter,219.65317919075142,278.38827838827837,160.0,6.0,6.0,,,
K-NET,NGN020,INA,35.8278,137.9548,633.0,,20,knet_meter,398.0406932931424,506.18112122664115,380.0,0.0,0.0,9.0,,
K-NET,NGN021,KOMAGANE,35.7293,137.9336,677.0,,20,knet_meter,372.9822911769315,480.1925544294482,250.0,0.0,3.0,5.0,12.0,
K-NET,NGN022,NAGISO,35.6053,137.6126,453.0,,10,knet_meter,325.432525951557,408.9130434782609,190.0,2.0,5.0,5.0,,
K-NET,NGN023,OHSHIKA,35.5775,138.0338,673.0,,14,knet_meter,310.6103822019395,410.4787033546928,200.0,3.0,3.0,8.0,,
K-NET,NGN025,TENRYU,35.2864,137.8571,318.0,,20,knet_meter,284.8460024159125,421.4099041651959,160.0,2.0,5.0,13.0,13.0,
K-NET,NGS001,HIRADO,33.3617,129.5377,134.0,,11,knet_meter,167.1204188481675,209.31147540983605,120.0,7.0,11.0,,,
K-NET,NGS002,MATSUURA,33.3442,129.7056,3.0,,20,knet_meter,112.23021582733813,142.12419084152478,80.0,15.0,15.0,,,
K-NET,NGS003,SHIJIKI,33.2016,129.4124,25.0,,10,knet_meter,368.3182135380321,450.5335040546309,260.0,0.0,2.0,7.0,,
K-NET,NGS004,SASEBO,33.181,129.7173,24.0,,10,knet_meter,203.53982300884954,314.3507972665148,90.0,3.0,6.0,6.0,,
K-NET,NGS005,HIGASHISONOGI,33.037,129.9173,3.0,,11,knet_meter,243.37500000000006,344.60176991150445,110.0,2.0,2.0,9.0,,
K-NET,NGS006,OHSETO,32.933,129.6436,23.0,,10,knet_meter,441.1177644710578,535.1089588377723,200.0,2.0,2.0,2.0,,
K-NET,NGS007,KINKAI,32.9062,129.7804,5.0,,10,knet_meter,354.3328748280605,434.0353833192923,230.0,0.0,3.0,5.0,,
K-NET,NGS008,KONAGAI,32.9233,130.1846,7.0,,10,knet_meter,546.8531468531468,685.9649122807017,340.0,0.0,0.0,4.0,4.0,
K-NET,NGS009,ISAHAYA,32.8457,130.0216,25.0,,20,knet_meter,251.65289256198346,314.26728434879493,210.0,0.0,11.0,,,
K-NET,NGS010,NAGASAKI,32.7351,129.8765,77.0,,10,knet_meter,245.56968239163515,329.3718725309455,150.0,2.0,8.0,8.0,,
K-NET,NGS011,CHIJIWA,32.7843,130.2023,38.0,,10,knet_meter,518.4603299293008,652.4962926347008,250.0,0.0,3.0,3.0,3.0,
K-NET,NGS012,SHIMABARA,32.7883,130.3463,100.0,,10,knet_meter,310.9090909090909,342.0,180.0,2.0,2.0,,,
K-NET,NGS014,KUCHINOTSU,32.6104,130.1851,2.0,,16,knet_meter,120.0,171.20622568093387,120.0,14.0,14.0,14.0,14.0,
K-NET,NGS019,OHMURA,32.9003,129.9583,2.0,,15,knet_meter,162.6053563413296,248.39302025316096,110.0,6.0,11.0,11.0,13.0,
K-NET,NGS023,GONOURA,33.75,129.691,41.0,,10,knet_meter,264.15094339622647,256.88073394495416,250.0,0.0,10.0,,,
K-NET,NIG001,IWAYAGUCHI,38.257,138.4318,6.0,,10,knet_meter,424.6666666666669,592.5581395348839,130.0,2.0,2.0,2.0,2.0,
K-NET,NIG002,RYOTSU,38.0748,138.4407,3.0,,20,knet_meter,192.3076923076923,222.22222222222226,160.0,9.0,20.0,,,
K-NET,NIG003,SAWATA,37.9977,138.3231,4.0,,20,knet_meter,136.44067796610165,168.29268292682926,70.0,3.0,20.0,,,
K-NET,NIG004,OGI,37.82,138.2788,42.0,,13,knet_meter,205.8011827654182,261.88855043898945,140.0,4.0,9.0,,,
K-NET,NIG005,MATSUGASAKI,37.9207,138.4971,3.0,,20,knet_meter,197.81579905351293,258.30756021402823,110.0,3.0,7.0,,,
K-NET,NIG006,KANGAWA,38.4514,139.4963,4.0,,20,knet_meter,151.36986301369862,194.07311567472328,130.0,10.0,17.0,17.0,,
K-NET,NIG007,MURAKAMI,38.2306,139.4863,10.0,,20,knet_meter,210.39603960396036,260.5624416899906,170.0,4.0,12.0,,,
K-NET,NIG008,NAKAJO,38.0514,139.4086,23.0,,20,knet_meter,126.82926829268291,197.8554133517814,80.0,9.0,12.0,12.0,,
K-NET,NIG009,SHIBATA,37.951,139.3377,11.0,,20,knet_meter,122.44897959183676,161.43497757847544,100.0,14.0,20.0,,,
K-NET,NIG010,NIIGATA,37.9144,139.0107,7.0,,20,knet_meter,129.2424441255308,155.60187104970285,93.0,12.0,20.0,,,
K-NET,NIG011,NIITSU,37.8012,139.1457,8.0,,20,knet_meter,112.9032258064516,135.04823151125396,100.0,15.0,20.0,,,
K-NET,NIG012,KANOSE,37.6863,139.4771,70.0,,15,knet_meter,160.0,192.00000000000003,140.0,7.0,15.0,,,
K-NET,NIG013,MAKI,37.7634,138.883,7.0,,20,knet_meter,154.00000000000006,156.94267515923565,110.0,14.0,20.0,,,
K-NET,NIG014,SANJO,37.6412,138.9553,9.0,,20,knet_meter,95.90163934426229,115.52703036287336,90.0,20.0,20.0,,,
K-NET,NIG015,MURAMATSU,37.6938,139.1884,34.0,,20,knet_meter,404.78468899521533,434.9614395886888,180.0,1.0,1.0,,,
K-NET,NIG016,TERADOMARI,37.6458,138.773,32.0,,10,knet_meter,225.24752475247524,274.09638554216866,140.0,3.0,6.0,,,
K-NET,NIG017,NAGAOKA,37.441,138.8425,21.0,,20,knet_meter,195.26627218934914,245.35315985130103,100.0,3.0,3.0,,,
K-NET,NIG018,KASHIWAZAKI,37.3727,138.5583,10.0,,20,knet_meter,163.35078534031416,178.02183659023146,80.0,10.0,20.0,,,
K-NET,NIG019,OJIYA,37.3043,138.8121,65.0,,20,knet_meter,246.45412325844106,332.3178471693323,150.0,4.0,4.0,9.0,,
K-NET,NIG020,KOIDE,37.2348,138.9621,93.0,,20,knet_meter,204.37956204379557,296.2962962962963,80.0,4.0,4.0,11.0,,
K-NET,NIG021,TOKAMACHI,37.2011,138.7783,109.0,,20,knet_meter,285.5974192244315,361.4842228771949,100.0,1.0,2.0,8.0,,
K-NET,NIG022,SHIOZAWA,37.0366,138.8461,182.0,,20,knet_meter,144.17344173441734,173.52017395506164,120.0,14.0,20.0,,,
K-NET,NIG023,TSUNAN,37.0134,138.6546,245.0,,12,knet_meter,438.8551604509973,536.4905460328679,200.0,1.0,1.0,4.0,,
K-NET,NIG024,YASUZUKA,37.1274,138.4442,83.0,,10,knet_meter,228.63741339491918,303.2159264931088,110.0,2.0,6.0,,,
K-NET,NIG025,NAOETSU,37.161,138.2234,11.0,,20,knet_meter,109.99999999999999,121.18350645262825,110.0,19.0,20.0,,,
K-NET,NIG026,ARAI,37.0224,138.2506,70.0,,15,knet_meter,184.3791946308725,252.05689343147395,110.0,6.0,10.0,13.0,,
K-NET,NIG027,ITOIGAWA,37.0235,137.8613,107.0,,11,knet_meter,225.4237288135593,321.4501510574018,140.0,6.0,6.0,6.0,,
K-NET,OIT001,KUNIMI,33.6788,131.5949,7.0,,10,knet_meter,297.58551307847074,393.35106382978717,170.0,2.0,7.0,7.0,,
K-NET,OIT002,NAKATSU,33.5691,131.2675,8.0,,18,knet_meter,232.3314378554021,313.529952613339,100.0,1.0,9.0,17.0,,
K-NET,OIT003,BUNGOTAKADA,33.5575,131.446,5.0,,12,knet_meter,259.81080256332007,367.29939603106124,110.0,1.0,4.0,11.0,,
K-NET,OIT004,KUNISAKI,33.5659,131.7316,4.0,,13,knet_meter,226.1666624465095,288.95394917749053,140.0,2.0,9.0,,,
K-NET,OIT005,YABAKEI,33.4524,131.1142,113.0,,20,knet_meter,389.4409937888199,558.9895988112928,190.0,2.0,2.0,6.0,6.0,
K-NET,OIT006,INNAI,33.4211,131.3173,91.0,,10,knet_meter,473.4917733089581,652.6669466610668,200.0,2.0,2.0,4.0,4.0,
K-NET,OIT007,KITSUKI,33.4169,131.6142,21.0,,20,knet_meter,296.43328929986785,324.20718052445284,220.0,0.0,3.0,,,
K-NET,OIT008,AMAGASE,33.2548,131.0197,189.0,,15,knet_meter,316.94162436548226,469.238389669838,270.0,0.0,6.0,10.0,10.0,
K-NET,OIT009,YUFUIN,33.2568,131.3443,455.0,,20,knet_meter,150.197628458498,195.16691907552516,100.0,10.0,20.0,,,
K-NET,OIT010,OHITA,33.2317,131.5934,7.0,,20,knet_meter,147.85992217898834,212.22463543282666,120.0,9.0,9.0,,,
K-NET,OIT011,SAGANOSEKI,33.2468,131.8816,8.0,,18,knet_meter,151.60349854227405,193.92437323544362,130.0,12.0,17.0,17.0,,
K-NET,OIT012,NAOIRI,33.0666,131.3729,460.0,,10,knet_meter,276.9047050394077,426.7468253481382,110.0,2.0,2.0,7.0,7.0,
K-NET,OIT013,INUKAI,33.0727,131.5934,85.0,,20,knet_meter,351.18199943036166,559.056903196554,120.0,2.0,2.0,6.0,6.0,
K-NET,OIT014,TSUKUMI,33.0656,131.8588,8.0,,14,knet_meter,343.2773109243698,426.6489917249137,190.0,2.0,2.0,13.0,,
K-NET,OIT015,TAKEDA,32.9733,131.3998,267.0,,10,knet_meter,230.30707610146857,315.3564899451553,150.0,2.0,8.0,8.0,,
K-NET,OIT016,SAIKI,32.9748,131.903,2.0,,20,knet_meter,139.7849462365591,146.2630592017144,130.0,16.0,20.0,,,
K-NET,OIT017,UME,32.8579,131.6576,251.0,,10,knet_meter,652.9465295204479,830.3192888327811,310.0,0.0,0.0,2.0,5.0,
K-NET,OIT018,KAMAE,32.798,131.9255,12.0,,10,knet_meter,970.453075535283,1111.3103475159337,430.0,0.0,0.0,1.0,1.0,
K-NET,OKN001,KUNIGAMI,26.7402,128.1736,7.0,,10,knet_meter,255.52407932011326,314.8342059336823,220.0,0.0,7.0,,,
K-NET,OKN002,NAGO,26.5916,127.9767,3.0,,17,knet_meter,214.2857142857143,261.6822429906543,150.0,2.0,15.0,15.0,,
K-NET,OKN003,GUSHIKAWA,26.38,127.8572,10.0,,20,knet_meter,239.83957219251337,297.0198675496689,230.0,0.0,9.0,,,
K-NET,OKN005,CHINEN,26.1686,127.8267,73.3,,15,knet_meter,262.5,310.7274969173859,240.0,0.0,13.0,,,
K-NET,OKN006,KUMEJIMA,26.3497,126.7479,30.0,,10,knet_meter,337.5570197668525,432.0467077521894,180.0,2.0,2.0,7.0,,
K-NET,OKN007,KARIMATA,24.853,125.2964,14.0,,17,knet_meter,322.61509644770143,407.9385443231931,250.0,0.0,3.0,11.0,,
K-NET,OKN008,GUSUKUBE,24.7558,125.3864,70.0,,12,knet_meter,359.4855305466238,457.7649237968348,260.0,0.0,3.0,10.0,,
K-NET,OKN009,SHINEI,24.3413,124.1526,3.0,,17,knet_meter,251.23966942148758,281.48148148148135,190.0,4.0,4.0,,,
K-NET,OKN010,IBARUMA,24.5088,124.282,10.0,,10,knet_meter,398.9703989703989,485.51292090837893,250.0,0.0,3.0,5.0,,
K-NET,OKN011,UEHARA,24.4324,123.7798,20.0,,10,knet_meter,281.21664887940227,397.8859947149867,150.0,3.0,3.0,6.0,,
K-NET,OKY003,NISHIAWAKURA,35.1732,134.3346,320.0,,10,knet_meter,341.1584327086881,454.3618831537152,190.0,2.0,2.0,6.0,,
K-NET,OKY004,NIIMI,34.9586,133.5018,165.0,,10,knet_meter,296.7840735068912,375.217812197483,120.0,2.0,2.0,4.0,,
K-NET,OKY005,OCHIAI,35.0096,133.7318,134.0,,10,knet_meter,176.2803931712364,256.39578630549283,100.0,4.0,7.0,,,
K-NET,OKY006,TSUYAMA,35.0685,134.0054,96.0,,10,knet_meter,325.8369891480028,391.40202468450974,180.0,2.0,2.0,,,
K-NET,OKY007,TAKAHASHI,34.7805,133.6104,60.0,,13,knet_meter,201.52671755725194,317.68953068592066,160.0,6.0,6.0,10.0,10.0,
K-NET,OKY008,TAKEBE,34.8688,133.9039,62.0,,13,knet_meter,291.52542372881356,389.24132813949177,240.0,0.0,6.0,11.0,,
K-NET,OKY009,YOSHII,34.9185,134.0931,49.0,,10,knet_meter,226.2479201331115,346.5434851863651,120.0,4.0,4.0,8.0,8.0,
K-NET,OKY010,BIZEN,34.7228,134.1229,8.0,,20,knet_meter,238.2537920828709,347.77912785203176,160.0,2.0,8.0,12.0,14.0,
K-NET,OKY011,OKAYAMA,34.6554,133.9075,2.0,,20,knet_meter,137.0424597364568,190.43743641912508,80.0,8.0,14.0,,,
K-NET,OKY012,KURASHIKI,34.5897,133.754,3.0,,20,knet_meter,183.61538461538458,265.62188478034057,110.0,4.0,6.0,,,
K-NET,OKY013,KASAOKA,34.5094,133.509,9.0,,10,knet_meter,294.3522654754308,422.77726856095325,90.0,1.0,3.0,8.0,8.0,
K-NET,OKY014,SHIMOTSUI,34.4483,133.787,48.0,,10,knet_meter,220.06344171292622,305.6167400881057,150.0,5.0,5.0,8.0,,
K-NET,OKY015,KAMISAIBARA,35.2793,133.926,473.0,,14,knet_meter,192.5566343042071,286.5743527995184,100.0,5.0,5.0,11.0,,
K-NET,OSK001,NOSE,34.9688,135.396,215.0,,20,knet_meter,224.82295937383523,297.4603435522314,160.0,3.0,10.0,,,
K-NET,OSK002,TAKATSUKI,34.8572,135.5958,34.0,,20,knet_meter,269.38775510204084,296.6292134831461,240.0,0.0,6.0,,,
K-NET,OSK003,TOYONAKA,34.7668,135.4684,4.0,,20,knet_meter,154.37499999999997,199.39455095862758,130.0,12.0,12.0,,,
K-NET,OSK004,SHIJONAWATE,34.7407,135.6396,15.0,,20,knet_meter,173.9766081871345,220.23442319555843,140.0,7.0,20.0,,,
K-NET,OSK005,OHSAKA,34.7256,135.5101,4.0,,20,knet_meter,158.4905660377359,213.5117056856189,80.0,2.0,12.0,,,
K-NET,OSK007,HABIKINO,34.5575,135.606,31.0,,20,knet_meter,314.5954962468724,356.01698914582335,230.0,0.0,1.0,,,
K-NET,OSK008,KISHIWADA,34.4404,135.3918,36.0,,20,knet_meter,255.0346514472075,281.77808411657924,170.0,3.0,5.0,,,
K-NET,OSK009,KAWACHINAGANO,34.4364,135.5805,207.0,,12,knet_meter,342.18932606155045,438.43274270027456,180.0,1.0,1.0,7.0,,
K-NET,OSK010,SENNAN,34.3744,135.2553,3.0,,20,knet_meter,145.04132231404955,188.7096774193547,130.0,8.0,20.0,,,
K-NET,SAG001,CHINZEI,33.5274,129.8772,40.0,,10,knet_meter,588.4615384615386,746.3414634146342,360.0,0.0,0.0,4.0,4.0,
K-NET,SAG002,KARATSU,33.4228,129.9192,208.0,,20,knet_meter,203.84287878765682,272.65563443236584,89.0,1.0,9.0,16.0,,
K-NET,SAG003,FUJI,33.3732,130.2081,187.0,,10,knet_meter,275.1091703056768,308.06845965770174,180.0,2.0,7.0,,,
K-NET,SAG004,IMARI,33.2649,129.8813,32.0,,11,knet_meter,276.0364004044489,360.63408190224567,210.0,0.0,8.0,8.0,,
K-NET,SAG005,KYURAGI,33.3213,130.0645,47.0,,10,knet_meter,296.24791550861596,389.86832479882963,170.0,3.0,3.0,6.0,,
K-NET,SAG006,TAKEO,33.1917,130.0317,9.0,,10,knet_meter,167.8203928905519,245.92186429060996,90.0,5.0,5.0,,,
K-NET,SAG007,SAGA,33.2626,130.3005,4.0,,20,knet_meter,99.04761904761905,121.57560355781447,80.0,16.0,20.0,,,
K-NET,SAG008,KASHIMA,33.1041,130.0998,7.0,,20,knet_meter,315.98513011152403,405.56660039761437,170.0,3.0,3.0,3.0,,
K-NET,SIG001,YOGO,35.5399,136.2066,141.0,,20,knet_meter,241.95121951219505,290.59920106524623,160.0,3.0,3.0,,,
K-NET,SIG002,IMAZU,35.4214,136.0243,95.0,,20,knet_meter,225.4545454545454,311.8189438390612,160.0,4.0,4.0,12.0,,
K-NET,SIG003,NAGAHAMA,35.3773,136.2642,86.0,,20,knet_meter,166.79245283018867,223.4104815110403,130.0,8.0,11.0,,,
K-NET,SIG004,KUTSUKI,35.3474,135.9187,187.0,,14,knet_meter,281.11111111111114,329.590570719603,230.0,0.0,4.0,,,
K-NET,SIG005,HIKONE,35.2499,136.2414,92.0,,20,knet_meter,172.064574350747,240.62258991796946,130.0,5.0,9.0,,,
K-NET,SIG006,SHIGA,35.2002,135.921,105.0,,20,knet_meter,189.23687692986329,271.0447095551345,100.0,3.0,5.0,14.0,,
K-NET,SIG007,OMIHACHIMAN,35.1339,136.0957,90.0,,19,knet_meter,187.5,213.29211746522407,150.0,8.0,20.0,,,
K-NET,SIG008,EIGENJI,35.0704,136.2946,220.0,,20,knet_meter,290.0505902192243,360.6626127070664,200.0,3.0,3.0,13.0,,
K-NET,SIG009,KOSEI,35.0052,136.0841,134.0,,20,knet_meter,189.1891891891892,247.11473183978268,120.0,6.0,11.0,,,
K-NET,SIG010,OHTSU,34.9719,135.8965,111.0,,20,knet_meter,409.8939929328622,400.8196391980393,290.0,0.0,4.0,,,
K-NET,SIG011,SHIGARAKI,34.8781,136.0591,283.0,,20,knet_meter,200.0234073264932,254.96407170740196,130.0,4.0,11.0,,,
K-NET,SIG012,KOGA,34.9018,136.2324,225.0,,10,knet_meter,330.30177759404705,444.6299387868669,100.0,2.0,2.0,6.0,,
K-NET,SIT001,HONJO,36.2431,139.1938,48.0,,20,knet_meter,211.03896103896096,261.6838788727462,130.0,2.0,14.0,,,
K-NET,SIT002,KUMAGAYA,36.1478,139.3888,28.0,,20,knet_meter,214.52054794520552,267.4347564642213,145.0,3.0,10.0,,,
K-NET,SIT003,KUKI,36.0721,139.6969,8.0,,20,knet_meter,92.7354260089686,90.30567685589523,88.0,20.0,20.0,,,
K-NET,SIT004,NAGATORO,36.1178,139.1044,144.0,,13,knet_meter,169.86666666666665,248.1117696867062,130.0,5.0,10.0,,,
K-NET,SIT005,OGAWA,36.0563,139.2626,90.0,,10,knet_meter,164.78190630048465,200.19627085377823,100.0,6.0,10.0,,,
K-NET,SIT006,CHICHIBU,35.9959,139.0713,211.0,,10,knet_meter,369.94542176307186,549.8008400926998,165.0,2.0,4.0,4.0,4.0,
K-NET,SIT007,HIGASHIMATSUYAMA,36.0542,139.3933,26.0,,10,knet_meter,312.7378210050337,448.0899700507304,160.0,3.0,5.0,5.0,5.0,
K-NET,SIT008,KASUKABE,35.9829,139.7456,7.0,,20,knet_meter,94.08329101066532,132.40324199524298,80.0,15.0,20.0,,,
K-NET,SIT009,KAWAGOE,35.9033,139.4826,23.0,,20,knet_meter,208.35101867572163,279.6211905440047,165.0,4.0,8.0,,,
K-NET,SIT010,OHMIYA,35.9071,139.6478,6.0,,20,knet_meter,120.0,137.1428571428571,120.0,20.0,20.0,,,
K-NET,SIT011,KAWAGUCHI,35.8098,139.7214,3.0,,20,knet_meter,110.98130841121494,117.57425742574252,95.0,20.0,20.0,,,
K-NET,SIT012,HANNO,35.8403,139.3216,87.0,,20,knet_meter,508.7719298245614,630.2573053319072,300.0,0.0,3.0,3.0,3.0,
K-NET,SIT013,TOKOROZAWA,35.7966,139.4659,76.0,,20,knet_meter,155.99999999999997,225.90434797830795,130.0,11.0,11.0,16.0,16.0,
K-NET,SIT014,NAKATSUGAWA,35.9954,138.801,746.0,,10,knet_meter,186.71893921046257,263.0597969802951,110.0,4.0,4.0,,,
K-NET,SMN002,MATSUE,35.4713,133.0681,3.0,,20,knet_meter,93.75,125.0,90.0,15.0,20.0,,,
K-NET,SMN003,YOKOTA,35.1798,133.0934,333.0,,10,knet_meter,208.28258221680872,294.06706792777294,90.0,5.0,5.0,5.0,,
K-NET,SMN004,KISUKI,35.2875,132.9022,46.0,,13,knet_meter,180.0,262.7737226277372,180.0,11.0,11.0,11.0,,
K-NET,SMN005,IZUMO,35.3608,132.7449,8.0,,20,knet_meter,150.0,163.79310344827584,150.0,20.0,20.0,,,
K-NET,SMN006,OHTA,35.1908,132.4981,36.0,,10,knet_meter,408.0402010050251,472.09302325581393,290.0,0.0,4.0,4.0,,
K-NET,SMN007,OCHI,35.0773,132.5919,79.0,,17,knet_meter,264.70588235294116,346.1098101668402,90.0,3.0,3.0,13.0,15.0,
K-NET,SMN008,MIZUHO,34.8521,132.5308,335.0,,10,knet_meter,247.99325463743676,314.56684491978604,180.0,5.0,5.0,,,
K-NET,SMN009,GOTSU,35.0117,132.2219,21.0,,12,knet_meter,174.03314917127076,273.6527758924936,90.0,2.0,10.0,10.0,,
K-NET,SMN010,HAMADA,34.8876,132.0757,111.0,,10,knet_meter,417.5013178703216,548.6664357464496,110.0,1.0,1.0,1.0,7.0,
K-NET,SMN011,HIKIMI,34.5722,132.0136,260.0,,10,knet_meter,329.33753943217664,513.0221130221129,120.0,2.0,2.0,7.0,7.0,
K-NET,SMN012,MUIKAICHI,34.3551,131.9354,314.0,,10,knet_meter,315.53398058252424,392.7492447129909,250.0,0.0,6.0,6.0,,
K-NET,SMN013,MASUDA,34.6696,131.8461,36.0,,10,knet_meter,516.3934426229508,567.5675675675676,300.0,0.0,2.0,2.0,,
K-NET,SMN014,TSUWANO,34.4668,131.7747,157.0,,11,knet_meter,246.1538461538461,278.2608695652174,160.0,3.0,3.0,,,
K-NET,SMN015,HIROSE,35.3653,133.1706,34.0,,14,knet_meter,470.0,470.0,470.0,0.0,0.0,,,
K-NET,SMN016,KAKEYA,35.1959,132.8144,207.0,,10,knet_meter,152.38095238095235,206.45161290322577,100.0,5.0,5.0,,,
K-NET,SZO001,ATAMI,35.1425,139.0798,74.0,,10,knet_meter,292.436974789916,349.748743718593,240.0,0.0,6.0,,,
K-NET,SZO002,ITO,34.9653,139.103,46.0,,12,knet_meter,231.92174024971033,267.1510119356512,130.0,1.0,6.0,,,
K-NET,SZO003,HIGASHIIZU,34.8158,139.0544,149.0,,10,knet_meter,153.37078651685397,177.27272727272728,130.0,6.0,10.0,,,
K-NET,SZO004,MINAMIIZU,34.6471,138.8193,51.0,,10,knet_meter,279.2965863750554,436.640868661199,140.0,2.0,7.0,7.0,7.0,
K-NET,SZO005,MATSUZAKI,34.755,138.7841,4.0,,20,knet_meter,175.8823529411764,199.33333333333326,130.0,4.0,20.0,,,
K-NET,SZO006,TOI,34.9111,138.7948,10.0,,10,knet_meter,301.2345679012345,403.30578512396687,200.0,5.0,5.0,5.0,,
K-NET,SZO007,SHUZENJI,34.9771,138.9468,46.0,,10,knet_meter,343.2773109243698,381.77570093457945,190.0,2.0,2.0,,,
K-NET,SZO008,NUMAZU,35.1105,138.8436,7.0,,20,knet_meter,152.94117647058823,203.18169132012278,130.0,7.0,17.0,,,
K-NET,SZO009,SUSONO,35.1972,138.9129,181.0,,10,knet_meter,319.78609625668446,437.0280146163215,260.0,0.0,7.0,7.0,,
K-NET,SZO010,GOTEMBA,35.3134,138.9063,537.0,,20,knet_meter,256.41321418177716,289.14244140552944,120.0,3.0,8.0,,,
K-NET,SZO011,FUJINOMIYA,35.2129,138.6015,195.0,,19,knet_meter,197.30941704035868,269.09526025393865,100.0,2.0,6.0,,,
K-NET,SZO012,KAMBARA,35.1257,138.6222,9.0,,20,knet_meter,307.69230769230774,347.82608695652164,160.0,2.0,2.0,,,
K-NET,SZO013,SHIMIZU,35.0409,138.4765,11.0,,20,knet_meter,98.36065573770492,118.81188118811887,80.0,20.0,20.0,,,
K-NET,SZO014,SHIZUOKA,34.9649,138.3741,19.0,,20,knet_meter,322.5806451612904,357.14285714285705,250.0,0.0,4.0,,,
K-NET,SZO015,UMEGASHIMA,35.2433,138.341,451.0,,10,knet_meter,344.8275862068964,408.1632653061223,200.0,3.0,3.0,3.0,,
K-NET,SZO016,YAIZU,34.8564,138.312,3.0,,20,knet_meter,174.8675246025738,203.11126141359486,140.0,8.0,17.0,,,
K-NET,SZO017,HAMAOKA,34.6375,138.1286,9.0,,20,knet_meter,304.68749999999994,300.00933372742406,230.0,0.0,10.0,,,
K-NET,SZO018,HAIBARA,34.7389,138.2247,3.0,,20,knet_meter,309.99999999999994,320.3312508015609,240.0,0.0,4.0,,,
K-NET,SZO019,KAKEGAWA,34.7705,137.9989,36.0,,10,knet_meter,689.9999999999999,689.9999999999999,690.0,0.0,0.0,0.0,,
K-NET,SZO021,HONKAWANE,35.0978,138.1332,441.0,,10,knet_meter,419.9999999999999,503.99999999999994,280.0,0.0,4.0,4.0,,
K-NET,SZO022,SAKUMA,35.0918,137.8127,136.0,,20,knet_meter,283.01886792452825,318.7410129413644,250.0,0.0,13.0,18.0,,
K-NET,SZO023,TENRYU,34.8736,137.8167,46.0,,20,knet_meter,249.99999999999994,249.99999999999986,250.0,0.0,20.0,,,
K-NET,SZO024,HAMAMATSU,34.7104,137.7199,29.0,,20,knet_meter,360.0,388.235294117647,360.0,0.0,0.0,,,
K-NET,SZO025,KOSAI,34.7189,137.5318,3.0,,20,knet_meter,150.0,166.3479923518165,150.0,18.0,20.0,,,
K-NET,SZO026,HARUNO,34.9812,137.8964,133.0,,11,knet_meter,304.57857531266984,418.78130841121487,220.0,0.0,4.0,9.0,,
K-NET,SZO027,NISHIIZU,34.7809,138.7934,14.0,,0,,,,,,,,,
K-NET,SZO028,KAWANA,34.9522,139.1379,9.0,,0,,,,,,,,,
K-NET,TCG001,KUROISO,36.9432,140.0825,253.0,,11,knet_meter,381.1302425298138,451.91849380362254,250.0,0.0,2.0,8.0,,
K-NET,TCG002,SHIOBARA,36.9903,139.8029,619.0,,11,knet_meter,411.8939009967899,463.54216180245265,200.0,1.0,1.0,9.0,,
K-NET,TCG003,FUJIWARA,36.8153,139.7184,403.0,,20,knet_meter,272.72727272727275,321.8847573091115,180.0,3.0,3.0,,,
K-NET,TCG004,YUMOTO,36.8065,139.4221,1492.0,,18,knet_meter,301.52027027027026,383.0472103004294,255.0,0.0,7.0,7.0,,
K-NET,TCG005,YAITA,36.8061,139.9264,196.0,,20,knet_meter,204.08163265306118,236.08768971332205,125.0,3.0,20.0,,,
K-NET,TCG006,OGAWA,36.7638,140.1295,122.0,,20,knet_meter,322.0338983050847,413.92136025504783,200.0,2.0,2.0,11.0,,
K-NET,TCG007,UTSUNOMIYA,36.5677,139.8873,136.0,,10,knet_meter,385.599616628729,471.00314626472533,190.0,2.0,2.0,5.0,,
K-NET,TCG008,KANUMA,36.56,139.7676,152.0,,20,knet_meter,163.80126182965296,237.7978628341647,155.0,9.0,9.0,15.0,,
K-NET,TCG009,IMAICHI,36.7261,139.7159,361.0,,20,knet_meter,144.36619718309862,201.7759708997539,100.0,4.0,13.0,,,
K-NET,TCG010,ASHIO,36.6348,139.4379,637.0,,20,knet_meter,385.6859547838351,461.37543822653345,255.0,0.0,2.0,9.0,,
K-NET,TCG011,KUZUU,36.3869,139.6144,93.0,,11,knet_meter,253.1436135009927,405.62036055143165,125.0,1.0,8.0,8.0,8.0,
K-NET,TCG012,OYAMA,36.2863,139.8048,34.0,,20,knet_meter,267.7927927927928,318.5428913280966,205.0,0.0,14.0,14.0,,
K-NET,TCG013,MOKA,36.4368,140.0227,66.0,,20,knet_meter,270.96774193548384,329.41176470588243,210.0,0.0,9.0,,,
K-NET,TCG014,MOTEGI,36.5428,140.1804,139.0,,16,knet_meter,266.87116564417175,347.99999999999994,225.0,0.0,10.0,10.0,,
K-NET,TCG015,SERINUMA,36.7488,139.7144,343.0,,18,knet_meter,265.06024096385545,311.4256825075834,120.0,3.0,3.0,3.0,,
K-NET,TCG016,KITATAKAOKA,36.5288,140.1558,135.0,,18,knet_meter,689.9999999999999,661.9512195121948,590.0,0.0,0.0,0.0,,
K-NET,TKS001,NARUTO,34.2034,134.6096,2.0,,20,knet_meter,138.69463869463866,147.0951792336217,100.0,20.0,20.0,,,
K-NET,TKS003,ANAN,33.8716,134.604,13.0,,14,knet_meter,196.87499999999997,300.6287280348218,90.0,2.0,11.0,11.0,11.0,
K-NET,TKS004,YUKI,33.775,134.5907,3.0,,16,knet_meter,178.37837837837836,234.59715639810423,150.0,5.0,13.0,,,
K-NET,TKS005,KAMIKATSU,33.8788,134.389,284.0,,10,knet_meter,324.60134408729465,491.30380241355954,130.0,2.0,4.0,4.0,7.0,
K-NET,TKS006,MUGI,33.6689,134.4191,2.0,,20,knet_meter,175.86206896551724,205.36912751677846,150.0,13.0,15.0,,,
K-NET,TKS007,ICHIBA,34.0903,134.2854,50.0,,20,knet_meter,238.1188118811881,306.9693233737036,130.0,3.0,3.0,,,
K-NET,TKS008,KOYADAIRA,33.9341,134.2113,337.0,,10,knet_meter,251.3473787359137,343.0290872617853,150.0,5.0,5.0,5.0,,
K-NET,TKS009,KITO,33.7722,134.1993,365.0,,16,knet_meter,358.6206896551724,424.48979591836735,160.0,2.0,2.0,2.0,,
K-NET,TKS010,SADAMITSU,34.0382,134.0614,54.0,,19,knet_meter,186.04651162790697,260.600646003711,160.0,7.0,15.0,15.0,15.0,
K-NET,TKS012,IKEDA,34.0317,133.8064,128.0,,10,knet_meter,280.0,356.36363636363643,140.0,3.0,3.0,,,
K-NET,TKY001,HIKAWA,35.8031,139.0953,380.0,,19,knet_meter,350.0,401.5936254980079,350.0,0.0,0.0,15.0,15.0,
K-NET,TKY002,HINOHARA,35.7306,139.1454,291.0,,10,knet_meter,295.0167874182717,401.8534119629317,200.0,4.0,6.0,6.0,,
K-NET,TKY003,OUME,35.7968,139.2916,179.0,,20,knet_meter,136.98630136986299,192.90328289531897,125.0,12.0,12.0,12.0,,
K-NET,TKY004,HACHIOJI,35.6301,139.4034,81.0,,20,knet_meter,208.1632653061224,270.33948779035137,150.0,5.0,5.0,,,
K-NET,TKY005,MACHIDA,35.5798,139.4137,106.0,,19,knet_meter,184.61538461538464,245.88893671975887,120.0,3.0,11.0,11.0,,
K-NET,TKY006,KOGANEI,35.6989,139.5028,70.0,,20,knet_meter,157.85876993166292,238.24221815328278,110.0,8.0,8.0,15.0,,
K-NET,TKY007,SHINJUKU,35.7111,139.6864,34.0,,20,knet_meter,163.46153846153845,234.33983495873977,150.0,8.0,12.0,,,
K-NET,TKY008,OKADA,34.7851,139.3909,65.0,,20,knet_meter,299.4791666666666,377.37874350206226,125.0,2.0,2.0,13.0,,
K-NET,TKY009,HABUMINATO,34.6867,139.441,53.0,,20,knet_meter,253.02325581395345,282.5974025974025,170.0,3.0,3.0,,,
K-NET,TKY010,NIIJIMA,34.3779,139.2573,16.0,,20,knet_meter,239.54943679599506,258.32641196013293,110.0,2.0,14.0,,,
K-NET,TKY011,KAMITSUKI,34.1228,139.5315,42.1,,11,knet_meter,253.62256709251474,352.9201216965936,170.0,5.0,5.0,8.0,,
K-NET,TKY012,HACHIJO,33.1195,139.7986,62.0,,20,knet_meter,366.85711704794375,511.07889193814293,130.0,1.0,1.0,7.0,7.0,
K-NET,TKY016,SHINONOME,35.6486,139.799,2.0,,0,,,,,,,,,
K-NET,TKY028,ECCHUJIMA,35.6698,139.7891,4.0,,0,,,,,,,,,
K-NET,TKY029,MIYAKE,34.0757,139.4789,32.0,,20,knet_meter,296.42635819045654,425.288882165713,140.0,2.0,2.0,7.0,13.0,
K-NET,TTR002,TOTTORI,35.4859,134.2201,6.0,,20,knet_meter,166.35186690849957,233.22372747599618,93.0,3.0,8.0,,,
K-NET,TTR003,MOCHIGASE,35.3432,134.2075,84.0,,10,knet_meter,287.192118226601,372.52396166134184,220.0,0.0,6.0,6.0,,
K-NET,TTR004,SHIKANO,35.4606,134.0548,49.0,,20,knet_meter,257.1788071614374,325.08347607872804,180.0,4.0,5.0,,,
K-NET,TTR005,KURAYOSHI,35.4298,133.8258,26.0,,11,knet_meter,109.99999999999999,110.0,110.0,11.0,11.0,,,
K-NET,TTR006,AKASAKI,35.5144,133.6297,19.0,,20,knet_meter,270.1298701298701,314.8922165542207,260.0,0.0,8.0,,,
K-NET,TTR007,KOFU,35.2836,133.4866,155.0,,10,knet_meter,292.5531914893616,369.12751677852344,110.0,2.0,2.0,2.0,,
K-NET,TTR008,YONAGO,35.4259,133.3301,2.0,,20,knet_meter,99.35064935064935,125.40983606557371,90.0,20.0,20.0,,,
K-NET,TYM001,SAKAI,36.9764,137.6257,11.0,,10,knet_meter,214.9006622516556,315.0485436893204,110.0,4.0,4.0,4.0,,
K-NET,TYM002,HIMI,36.8659,136.975,4.0,,20,knet_meter,150.96774193548387,146.97173620457602,130.0,20.0,20.0,,,
K-NET,TYM003,UOZU,36.8164,137.42,47.0,,10,knet_meter,401.53846153846155,474.5454545454546,180.0,2.0,2.0,2.0,,
K-NET,TYM004,UNAZUKI,36.8626,137.5274,116.0,,10,knet_meter,304.29687500000006,349.3273542600897,190.0,3.0,3.0,,,
K-NET,TYM005,SHINMINATO,36.7611,137.0931,1.0,,20,knet_meter,106.77966101694915,132.94026377036457,90.0,16.0,20.0,,,
K-NET,TYM007,TOYAMA,36.6687,137.2123,17.0,,10,knet_meter,198.6111111111111,247.97687861271672,130.0,3.0,7.0,,,
K-NET,TYM008,OHYAMA,36.6085,137.2826,128.0,,10,knet_meter,277.7777777777777,357.1428571428571,100.0,2.0,2.0,2.0,,
K-NET,TYM009,YATSUO,36.5853,137.1403,77.0,,10,knet_meter,264.56692913385825,289.6551724137931,210.0,0.0,4.0,,,
K-NET,TYM010,FUKUMITSU,36.5556,136.8883,79.0,,10,knet_meter,268.9655172413793,318.36734693877554,120.0,2.0,2.0,,,
K-NET,TYM011,ASHIKURA,36.578,137.3851,382.0,,10,knet_meter,293.61702127659566,358.4415584415584,120.0,2.0,2.0,,,
K-NET,TYM012,TOGA,36.4402,137.0395,669.0,,10,knet_meter,286.95652173913044,347.36842105263156,120.0,2.0,2.0,,,
K-NET,WKY001,WAKAYAMA,34.2293,135.1694,11.0,,20,knet_meter,183.3333333333333,199.99999999999997,110.0,2.0,20.0,,,
K-NET,WKY002,NAGA,34.2755,135.4306,59.0,,20,knet_meter,206.06060606060598,297.3532796317605,80.0,2.0,2.0,11.0,,
K-NET,WKY005,RYUJIN,33.8943,135.4885,315.0,,6,knet_meter,580.0,580.0,580.0,0.0,0.0,0.0,,
K-NET,WKY006,GOBO,33.9146,135.1639,10.0,,20,knet_meter,187.50000000000003,302.2718384470438,140.0,3.0,11.0,11.0,13.0,
K-NET,WKY007,HONGU,33.8374,135.7736,60.0,,10,knet_meter,203.70898716119828,291.131498470948,80.0,2.0,5.0,5.0,,
K-NET,WKY008,TANABE,33.7289,135.3771,6.0,,20,knet_meter,151.13350125944584,170.85904129093504,60.0,14.0,20.0,,,
K-NET,WKY009,SHINGU,33.7208,135.9814,8.0,,20,knet_meter,110.8476585655009,167.18819848010725,50.0,9.0,9.0,,,
K-NET,WKY010,SUSAMI,33.5499,135.4973,6.0,,10,knet_meter,358.62068965517227,459.6685082872927,130.0,2.0,2.0,2.0,,
K-NET,WKY011,TAIJI,33.5948,135.9462,10.0,,10,knet_meter,535.7142857142857,625.0,250.0,0.0,2.0,2.0,2.0,
K-NET,WKY012,KUSHIMOTO,33.4719,135.7835,3.0,,10,knet_meter,138.37798696596673,215.81027667984196,60.0,6.0,6.0,,,
K-NET,WKY013,KOYA,34.2159,135.5864,823.0,,10,knet_meter,394.38877755511027,597.268588770865,160.0,2.0,2.0,7.0,7.0,
K-NET,WKY014,KOMORI,33.7056,135.6396,431.0,,20,knet_meter,198.38709677419348,288.9867841409691,90.0,3.0,3.0,16.0,16.0,
K-NET,YMG001,SUSA,34.6172,131.6022,5.0,,20,knet_meter,160.14492753623188,155.89729119638824,130.0,17.0,20.0,,,
K-NET,YMG002,HAGI,34.4077,131.3986,3.0,,20,knet_meter,180.0,168.0,140.0,20.0,20.0,,,
K-NET,YMG003,IKUMONAKA,34.383,131.5999,289.0,,10,knet_meter,204.54545454545453,243.24324324324323,90.0,2.0,10.0,,,
K-NET,YMG005,HOHOKU,34.2907,130.9487,60.0,,10,knet_meter,463.157894736842,537.4045801526718,220.0,0.0,2.0,2.0,,
K-NET,YMG006,TOYOURA,34.1487,130.9299,6.0,,10,knet_meter,143.38235294117644,234.93975903614455,120.0,8.0,8.0,8.0,,
K-NET,YMG007,MINE,34.1659,131.2065,88.0,,10,knet_meter,315.1515151515152,352.54237288135596,260.0,0.0,5.0,,,
K-NET,YMG008,YAMAGUCHI,34.0119,131.4099,5.0,,10,knet_meter,261.63934426229514,322.4242424242425,190.0,5.0,5.0,,,
K-NET,YMG009,KANO,34.226,131.8158,371.0,,20,knet_meter,358.3783783783784,457.5086976106729,340.0,0.0,0.0,12.0,12.0,
K-NET,YMG010,MIKAWA,34.2303,131.9819,61.0,,10,knet_meter,271.6981132075472,346.9879518072289,135.0,3.0,3.0,,,
K-NET,YMG011,SHIMONOSEKI,34.0643,131.0213,25.0,,10,knet_meter,201.01351351351352,255.36480686695282,170.0,7.0,7.0,,,
K-NET,YMG012,UBE,33.9943,131.2179,2.0,,14,knet_meter,90.0,130.9090909090909,90.0,10.0,14.0,,,
K-NET,YMG013,HOFU,34.0313,131.5342,3.0,,15,knet_meter,116.66666666666664,162.93103448275858,70.0,10.0,15.0,,,
K-NET,YMG014,TOKUYAMA,34.0542,131.8077,15.0,,20,knet_meter,400.00000000000006,399.99999999999994,400.0,0.0,0.0,,,
K-NET,YMG015,KUGA,34.0966,132.0761,64.0,,10,knet_meter,277.16701902748406,307.38569753810077,190.0,3.0,3.0,,,
K-NET,YMG016,IWAKUNI,34.1703,132.1764,7.0,,20,knet_meter,226.56249999999997,214.19778416085356,150.0,10.0,20.0,,,
K-NET,YMG017,YANAI,33.9649,132.1011,1.0,,19,knet_meter,90.0,121.87500000000006,90.0,12.0,19.0,,,
K-NET,YMG018,TOWA,33.9091,132.3559,3.0,,10,knet_meter,173.69727047146395,242.21453287197224,70.0,2.0,8.0,,,
K-NET,YMN001,TABAYAMA,35.7895,138.9198,616.7,,10,knet_meter,516.3169270351923,766.8900271098018,150.0,1.0,1.0,4.0,4.0,
K-NET,YMN002,OHTSUKI,35.6133,138.9473,365.0,,20,knet_meter,192.77108433734932,257.6084822305123,100.0,3.0,3.0,,,
K-NET,YMN003,FUJIYOSHIDA,35.4651,138.8129,846.0,,20,knet_meter,242.58005859177695,365.38344491783323,110.0,2.0,8.0,8.0,8.0,
K-NET,YMN004,ENZAN,35.7025,138.7266,394.0,,10,knet_meter,233.10725419159155,322.8601435322948,170.0,5.0,5.0,8.0,,
K-NET,YMN005,KOFU,35.6551,138.5679,263.0,,20,knet_meter,144.37500000000003,171.11111111111117,110.0,5.0,20.0,,,
K-NET,YMN006,MOTOSU,35.4685,138.6069,926.0,,10,knet_meter,267.4418604651163,320.5574912891986,115.0,2.0,2.0,,,
K-NET,YMN007,NAMBU,35.279,138.4651,122.0,,20,knet_meter,302.442688896428,366.50515373094873,220.0,0.0,2.0,,,
K-NET,YMN008,HAYAKAWA,35.4319,138.3321,394.0,,10,knet_meter,275.9331112142044,397.4154163882646,95.0,2.0,2.0,8.0,8.0,
K-NET,YMN009,ROKUGO,35.4966,138.4628,230.0,,15,knet_meter,175.73964497041416,244.1381384391759,135.0,4.0,13.0,13.0,,
K-NET,YMN010,SUTAMA,35.7919,138.4182,521.0,,13,knet_meter,391.71660545138224,454.0585961570781,285.0,0.0,3.0,6.0,,
K-NET,YMN011,ASHIYASU,35.6384,138.3836,643.0,,19,knet_meter,159.5767195767196,205.87030716723538,130.0,8.0,19.0,,,
K-NET,YMT001,SAKATA,38.9142,139.8123,2.0,,20,knet_meter,119.87179487179489,159.7784810126582,85.0,12.0,20.0,,,
K-NET,YMT002,SHINJO,38.7686,140.2965,101.0,,10,knet_meter,222.27050516023905,327.22910835665743,80.0,2.0,2.0,7.0,,
K-NET,YMT003,TSURUOKA,38.726,139.8023,16.0,,20,knet_meter,256.1643835616438,329.3340671436433,220.0,0.0,6.0,,,
K-NET,YMT004,ATSUMI,38.6208,139.5889,6.0,,1,knet_meter,170.0,170.0,170.0,1.0,1.0,,,
K-NET,YMT005,HIJIORI,38.6079,140.1627,330.0,,10,knet_meter,115.38461538461539,130.43478260869566,60.0,10.0,10.0,,,
K-NET,YMT006,OBANAZAWA,38.6001,140.4057,96.0,,10,knet_meter,80.0,96.00000000000001,70.0,10.0,10.0,,,
K-NET,YMT007,HIGASHINE,38.4302,140.3902,120.0,,10,knet_meter,250.0,272.72727272727275,150.0,2.0,10.0,,,
K-NET,YMT008,NAKAMURA,38.3854,139.9924,452.0,,10,knet_meter,205.71428571428575,221.53846153846158,90.0,1.0,10.0,,,
K-NET,YMT009,SAGAE,38.3902,140.2742,104.0,,10,knet_meter,274.5098039215687,277.2277227722773,140.0,2.0,4.0,,,
K-NET,YMT010,YAMAGATA,38.2608,140.3484,147.0,,16,knet_meter,325.07739938080505,453.5637149028079,140.0,3.0,3.0,3.0,3.0,
K-NET,YMT011,KAMINOYAMA,38.1484,140.2671,180.0,,11,knet_meter,146.80851063829783,179.2207792207792,60.0,2.0,11.0,,,
K-NET,YMT012,NAGAI,38.1087,140.043,198.0,,10,knet_meter,227.58620689655177,295.20766773162944,110.0,3.0,3.0,,,
K-NET,YMT013,OGUNI,38.0631,139.7596,164.0,,10,knet_meter,237.84631468897018,348.2587064676617,140.0,3.0,7.0,7.0,,
K-NET,YMT014,SHIMOYACHI,37.9193,139.8816,366.0,,10,knet_meter,216.49484536082468,330.7086614173228,120.0,4.0,6.0,6.0,6.0,
K-NET,YMT015,YONEZAWA,37.9049,140.099,252.0,,11,knet_meter,103.8961038961039,125.98425196850394,100.0,11.0,11.0,,,
K-NET,YMT016,KIYOKAWA,38.7906,140.0207,26.0,,20,knet_meter,228.67513611615246,303.2490974729242,120.0,3.0,3.0,,,
K-NET,YMT017,SHINJO-SHISHO,38.7897,140.3121,127.0,,0,,,,,,,,,
KiK-net,ABSH01,OMU,44.5276,142.8444,105.0,100.0,5,kiknet_layer,443.6619718309859,652.3371041789904,180.0,2.0,2.0,2.0,2.0,
KiK-net,ABSH02,OKOPPE-W,44.4234,143.0264,38.0,113.0,5,kiknet_layer,249.0566037735849,388.2352941176471,120.0,4.0,4.0,4.0,4.0,
KiK-net,ABSH03,OKOPPE-E,44.3843,143.2407,30.0,100.0,6,kiknet_layer,255.40679711637486,398.41416908902204,100.0,2.0,2.0,6.0,12.0,
KiK-net,ABSH04,TAKINOUE-N,44.192,143.0767,134.0,200.0,5,kiknet_layer,645.8823529411765,954.7826086956521,180.0,2.0,2.0,2.0,2.0,
KiK-net,ABSH05,TAKINOUE-S,44.1146,143.0111,255.0,106.0,5,kiknet_layer,345.66473988439304,488.9044615743985,230.0,0.0,4.0,4.0,14.0,
KiK-net,ABSH06,YUBETSU-N,44.2146,143.6202,7.0,100.0,8,kiknet_layer,155.17241379310346,198.88021919113706,100.0,10.0,16.0,16.0,60.0,
KiK-net,ABSH07,SHIRATAKI,43.8494,143.0861,699.0,127.0,5,kiknet_layer,187.5,242.4242424242424,100.0,2.0,14.0,30.0,,
KiK-net,ABSH08,SHARI-N,44.064,144.9935,65.0,105.0,6,kiknet_layer,325.0,436.88524590163934,130.0,2.0,2.0,2.0,14.0,
KiK-net,ABSH09,SHARI-S,43.9269,144.8071,40.0,157.0,6,kiknet_layer,237.93103448275863,321.55339805825247,180.0,6.0,6.0,18.0,18.0,
KiK-net,ABSH10,SAROMA,44.0813,143.9455,5.0,300.0,5,kiknet_layer,300.0,484.61538461538464,200.0,4.0,4.0,10.0,10.0,
KiK-net,ABSH11,MEMAMBETSU,43.9144,144.1913,40.0,122.0,5,kiknet_layer,168.0,227.64227642276418,140.0,6.0,12.0,,,
KiK-net,ABSH12,KOSHIMIZU,43.8566,144.4574,25.0,120.0,4,kiknet_layer,148.64864864864865,223.47629796839726,100.0,4.0,10.0,,,
KiK-net,ABSH13,RUBESHIBE,43.7419,143.4514,321.0,105.0,4,kiknet_layer,324.5454545454545,418.7475149105368,170.0,2.0,2.0,10.0,,
KiK-net,ABSH14,BIHORO,43.7228,144.1835,87.0,103.0,6,kiknet_layer,235.71428571428575,302.64550264550263,110.0,2.0,2.0,14.0,,
KiK-net,ABSH15,OKETO-E,43.6352,143.51,292.0,100.0,5,kiknet_layer,448.7179487179488,498.2206405693951,250.0,0.0,2.0,2.0,,
KiK-net,AICH04,ANJO,34.9319,137.0568,5.0,1055.0,6,kiknet_layer,190.0,212.54237288135593,190.0,15.0,15.0,200.0,300.0,
KiK-net,AICH05,TOKONAME,34.8886,136.8763,50.0,401.0,6,kiknet_layer,237.39130434782606,258.60435743605933,210.0,0.0,18.0,72.0,,
KiK-net,AICH06,ATSUMI,34.6158,137.0419,5.0,300.0,7,kiknet_layer,163.04347826086956,197.3684210526316,150.0,8.0,20.0,70.0,70.0,
KiK-net,AICH07,ASAHI,35.2194,137.4039,621.43,201.0,6,kiknet_layer,198.73949579831933,314.75730688935283,110.0,4.0,4.0,14.0,14.0,
KiK-net,AICH08,NUKATA,34.9189,137.2993,90.0,100.0,6,kiknet_layer,241.86046511627904,351.5889114266396,160.0,2.0,8.0,8.0,16.0,
KiK-net,AICH09,TOYOHASHI,34.6643,137.3902,60.0,360.0,8,kiknet_layer,216.34615384615387,231.95876288659792,180.0,4.0,20.0,68.0,176.0,
KiK-net,AICH10,HORAI,35.0002,137.6243,160.0,100.0,4,kiknet_layer,221.05263157894737,382.1878025169409,140.0,4.0,4.0,10.0,10.0,
KiK-net,AICH11,KASUGAI,35.3059,137.057,162.48,100.0,4,kiknet_layer,215.3846153846154,296.81978798586573,160.0,4.0,14.0,14.0,14.0,
KiK-net,AICH12,HAZU,34.7884,137.1057,10.0,401.0,4,kiknet_layer,137.6470588235294,156.0,130.0,20.0,20.0,,,
KiK-net,AICH13,KIYOSU,35.2177,136.8509,5.0,741.0,0,,,,,,,,,
KiK-net,AICH14,NAGAKUTE,35.1842,137.0474,60.0,207.0,6,kiknet_layer,317.30769230769226,372.18045112781954,220.0,0.0,4.0,58.0,152.0,
KiK-net,AICH15,ASUKE,35.1392,137.3359,150.0,120.0,6,kiknet_layer,388.3248730964467,542.5531914893617,340.0,0.0,0.0,8.0,8.0,
KiK-net,AICH16,SHITARA,35.1543,137.535,655.0,101.0,5,kiknet_layer,307.6923076923077,347.82608695652175,200.0,3.0,3.0,30.0,44.0,
KiK-net,AICH17,TOYONE,35.184,137.7268,755.0,101.0,5,kiknet_layer,170.65868263473052,235.53719008264463,150.0,8.0,8.0,20.0,20.0,
KiK-net,AICH18,OKAZAKI,34.9635,137.2377,200.0,100.0,5,kiknet_layer,250.0,387.3873873873874,150.0,2.0,10.0,10.0,10.0,
KiK-net,AICH19,TSUKUDE,34.9512,137.4114,545.0,100.0,5,kiknet_layer,286.0824742268041,445.80799910749147,150.0,2.0,2.0,10.0,10.0,
KiK-net,AICH20,SHINSHIRO,34.8976,137.4876,55.0,100.0,5,kiknet_layer,301.82926829268285,520.9083356410965,180.0,4.0,4.0,4.0,10.0,
KiK-net,AICH21,MINAMICHITA,34.7401,136.9385,20.0,100.0,0,,,,,,,,,
KiK-net,AICH22,TOYOHASHI-N,34.7853,137.4393,30.0,200.0,6,kiknet_layer,348.33333333333337,388.8372093023256,190.0,2.0,2.0,36.0,64.0,
KiK-net,AKTH01,NISHIKI-N,39.8147,140.579,318.0,100.0,5,kiknet_layer,349.5934959349593,412.87771815871224,200.0,2.0,2.0,16.0,50.0,
KiK-net,AKTH02,NISHIKI-S,39.6634,140.5721,95.0,100.0,3,kiknet_layer,382.6530612244898,536.9928400954655,250.0,0.0,5.2,5.2,5.2,
KiK-net,AKTH03,YASHIMA,39.2223,140.1283,145.0,103.0,5,kiknet_layer,248.93617021276594,277.995867768595,180.0,1.0,16.0,,,
KiK-net,AKTH04,HIGASHINARUSE,39.174,140.7129,280.0,100.0,5,kiknet_layer,313.1067961165048,362.35955056179773,150.0,2.0,2.0,20.0,20.0,
KiK-net,AKTH05,CHOKAI,39.0718,140.3185,275.0,200.0,5,kiknet_layer,580.0,698.0995475113122,580.0,0.0,0.0,0.0,14.0,
KiK-net,AKTH06,OGACHI,38.9801,140.4952,285.0,100.0,4,kiknet_layer,228.26086956521738,276.3157894736842,150.0,4.0,4.0,,,
KiK-net,AKTH07,KOSAKA,40.4563,140.8395,405.0,105.0,5,kiknet_layer,317.1641791044776,332.29751403368084,250.0,0.0,2.0,,,
KiK-net,AKTH08,FUJISATO,40.3188,140.2341,125.0,200.0,5,kiknet_layer,309.0909090909091,402.63157894736844,120.0,2.0,2.0,2.0,16.0,
KiK-net,AKTH09,TASHIRO,40.2755,140.4596,45.0,101.0,5,kiknet_layer,261.0687022900763,302.65486725663715,190.0,2.0,8.0,,,
KiK-net,AKTH10,ODATE,40.3002,140.5812,85.0,100.0,6,kiknet_layer,201.03092783505153,251.84501845018445,150.0,4.0,14.0,20.0,20.0,
KiK-net,AKTH11,OGA,39.9554,139.7623,56.0,350.0,6,kiknet_layer,230.71428571428572,300.22226712467165,190.0,6.0,6.0,140.0,262.0,
KiK-net,AKTH12,GOJOME,39.9155,140.2221,90.0,100.0,4,kiknet_layer,208.33333333333334,308.2706766917293,150.0,6.0,6.0,6.0,16.0,
KiK-net,AKTH13,ANI,39.9819,140.4072,145.0,100.0,6,kiknet_layer,254.2430032595257,419.58820255982187,130.0,4.0,4.0,4.0,8.0,
KiK-net,AKTH14,KAZUNO,40.0622,140.8084,320.0,108.0,3,kiknet_layer,100.0,174.68354430379748,100.0,10.0,10.0,10.0,,
KiK-net,AKTH15,KYOWA,39.6884,140.4075,165.0,100.0,5,kiknet_layer,237.80487804878047,369.6893558702604,130.0,2.0,10.0,10.0,10.0,
KiK-net,AKTH16,NISHISEMBOKU,39.545,140.3481,20.0,154.0,5,kiknet_layer,281.25,346.1538461538462,180.0,4.0,4.0,44.0,,
KiK-net,AKTH17,NAKASEN,39.5575,140.6116,95.0,177.0,7,kiknet_layer,254.09836065573768,279.27927927927925,200.0,4.0,4.0,30.0,,
KiK-net,AKTH18,OMORI,39.3548,140.3869,65.0,100.0,3,kiknet_layer,304.34782608695656,325.5813953488372,200.0,2.0,2.0,,,
KiK-net,AKTH19,YUZAWA,39.1913,140.471,74.0,180.0,5,kiknet_layer,171.875,237.58099352051838,110.0,12.0,12.0,12.0,60.0,
KiK-net,AOMH01,OMA,41.5273,140.9127,10.0,100.0,4,kiknet_layer,180.55555555555554,253.38106603023067,100.0,4.0,4.0,,,
KiK-net,AOMH02,SAI,41.4049,140.8567,30.0,200.0,7,kiknet_layer,510.989010989011,741.3640389725421,300.0,0.0,2.0,2.0,10.0,
KiK-net,AOMH03,KAWAUCHI,41.234,140.9896,20.0,100.0,4,kiknet_layer,530.0,617.6377952755906,530.0,0.0,0.0,0.0,10.0,
KiK-net,AOMH04,AOMORI,40.8524,140.6759,10.0,307.0,0,,,,,,,,,
KiK-net,AOMH05,NOHEJI,40.8564,141.1033,45.0,312.0,9,kiknet_layer,144.06332453825857,204.87804878048777,80.0,4.0,10.0,26.0,26.0,
KiK-net,AOMH06,ROKKASHO,40.9664,141.3738,5.0,100.0,3,kiknet_layer,319.27710843373495,398.49624060150376,200.0,4.0,4.0,4.0,,
KiK-net,AOMH07,FUKAURA,40.7451,140.0233,35.0,109.0,6,kiknet_layer,377.00145560407566,490.0662251655629,200.0,2.0,2.0,6.0,6.0,
KiK-net,AOMH08,AJIGASAWA,40.7618,140.3121,50.0,160.0,8,kiknet_layer,186.6116460339294,251.6857776286618,110.0,8.0,8.0,80.0,,
KiK-net,AOMH09,IWAKI,40.6199,140.3499,160.0,162.0,6,kiknet_layer,144.44444444444443,200.84269662921346,130.0,8.0,16.0,16.0,26.0,
KiK-net,AOMH10,KUROISHI,40.6091,140.6646,102.0,106.0,6,kiknet_layer,239.74358974358975,292.1875,110.0,2.0,2.0,48.0,48.0,
KiK-net,AOMH11,TOWADAKO-W,40.58,140.995,240.0,100.0,5,kiknet_layer,252.34318673395816,419.91601679664063,80.0,2.0,2.0,6.0,6.0,
KiK-net,AOMH12,TOWADAKO-E,40.5846,141.1547,85.0,100.0,8,kiknet_layer,193.5483870967742,235.29411764705884,80.0,2.0,20.0,22.0,,
KiK-net,AOMH13,HACHINOHE,40.5794,141.4451,10.0,150.0,6,kiknet_layer,130.95238095238096,139.83050847457628,110.0,20.0,20.0,,,
KiK-net,AOMH14,NISHIMEYA,40.5488,140.2726,158.0,100.0,4,kiknet_layer,187.5,293.00291545189503,150.0,6.0,10.0,10.0,,
KiK-net,AOMH15,OWANI,40.4841,140.5565,130.0,100.0,5,kiknet_layer,336.44859813084105,489.79591836734687,160.0,2.0,2.0,8.0,8.0,
KiK-net,AOMH16,SHINGO,40.4624,141.0923,315.0,150.0,6,kiknet_layer,135.13513513513513,196.5065502183406,80.0,4.0,10.0,64.0,,
KiK-net,AOMH17,NAGAWA,40.4492,141.3374,65.0,114.0,5,kiknet_layer,226.23711340206188,323.91143911439116,140.0,4.0,4.0,8.0,30.0,
KiK-net,AOMH18,TATSUKO,40.2962,141.0145,235.0,100.0,7,kiknet_layer,189.8477157360406,289.51194184839045,110.0,4.0,4.0,14.0,14.0,
KiK-net,CHBH04,SHIMOSA,35.7966,140.0206,23.0,2300.0,0,,,,,,,,,
KiK-net,CHBH06,SOSA,35.7215,140.5046,35.0,180.0,0,,,,,,,,,
KiK-net,CHBH10,CHIBA,35.5458,140.2417,65.0,2000.0,7,kiknet_layer,240.0,240.0,240.0,0.0,20.0,250.0,550.0,
KiK-net,CHBH11,YORO,35.2867,140.1529,80.0,2000.0,8,kiknet_layer,370.0,370.0,370.0,0.0,0.0,24.0,250.0,
KiK-net,CHBH13,NARITA,35.8307,140.298,12.0,1300.0,7,kiknet_layer,220.0,220.0,220.0,0.0,20.0,200.0,850.0,
KiK-net,CHBH14,CHOSHI-C,35.7342,140.823,2.0,525.0,9,kiknet_layer,125.0,170.8860759493671,80.0,10.0,20.0,50.0,80.0,
KiK-net,CHBH15,TATEYAMA-W,34.9591,139.7885,30.0,500.0,5,kiknet_layer,210.52631578947367,333.33333333333337,100.0,4.0,4.0,4.0,4.0,
KiK-net,CHBH16,KAMOGAWA,35.1384,139.9649,160.0,2003.0,7,kiknet_layer,330.0,330.0,330.0,0.0,0.0,25.0,250.0,
KiK-net,CHBH17,KATSURA-E,35.1714,140.3398,10.0,822.0,8,kiknet_layer,404.3478260869565,489.4736842105263,300.0,0.0,5.0,5.0,45.0,
KiK-net,CHBH20,KAMOGAWA-S,35.0882,140.0997,28.0,306.0,6,kiknet_layer,1800.0,1826.086956521739,1300.0,0.0,0.0,0.0,0.0,
KiK-net,EHMH02,SAIJO,33.865,133.184,75.0,110.0,3,kiknet_layer,218.09628975265016,327.10831401126194,151.0,6.0,6.0,6.0,,
KiK-net,EHMH03,SHINGU,33.9154,133.6497,305.0,101.0,4,kiknet_layer,322.2929936305732,456.40691835596056,230.0,0.0,4.0,12.0,12.0,
KiK-net,EHMH04,TAMBARA,33.9023,133.0658,15.0,200.0,4,kiknet_layer,150.0,216.66666666666666,130.0,8.0,8.0,32.0,,
KiK-net,EHMH05,TOBE,33.7112,132.8032,140.0,134.0,6,kiknet_layer,213.60426382411725,286.24614470715403,164.0,6.0,6.0,18.0,18.0,
KiK-net,EHMH06,HIYOSHI,33.3348,132.798,230.0,200.0,6,kiknet_layer,426.06635071090045,536.4398274973555,290.0,0.0,4.0,4.0,18.0,
KiK-net,EHMH07,KAWABE,33.5022,132.748,290.0,200.0,3,kiknet_layer,200.12165450121654,280.71672354948805,175.0,8.0,8.0,,,
KiK-net,EHMH08,YANADANI,33.5388,133.0016,455.0,100.0,7,kiknet_layer,214.28571428571428,293.4782608695652,120.0,4.0,4.0,18.0,24.0,
KiK-net,EHMH09,IKATA,33.4719,132.3072,5.0,150.0,6,kiknet_layer,250.0,250.0,250.0,0.0,20.0,34.0,34.0,
KiK-net,EHMH10,MIYAKUBO,34.1918,133.0581,5.0,100.0,7,kiknet_layer,191.93548387096777,238.53006681514478,140.0,6.0,18.0,18.0,22.0,
KiK-net,EHMH11,OHZU,33.5807,132.6011,210.0,100.0,7,kiknet_layer,333.6024217961655,542.4118129614438,190.0,1.0,8.0,8.0,8.0,
KiK-net,EHMH12,UWA,33.427,132.5055,250.0,150.0,12,kiknet_layer,247.10929121575506,326.5356300229167,190.0,4.0,9.0,18.0,30.0,
KiK-net,EHMH13,MISAKI,33.3719,132.1157,10.0,222.0,4,kiknet_layer,436.97478991596637,565.2173913043478,260.0,0.0,4.0,4.0,4.0,
KiK-net,FKIH01,EIHEIJI,36.0955,136.3617,65.0,100.0,5,kiknet_layer,321.6374269005848,538.3360522022839,150.0,4.0,4.0,4.0,4.0,
KiK-net,FKIH02,OTA,35.9483,136.0556,120.0,100.0,5,kiknet_layer,220.1834862385321,282.3529411764706,150.0,4.0,4.0,16.0,,
KiK-net,FKIH04,MIKATA,35.5587,135.8694,3.0,200.0,5,kiknet_layer,300.0,300.0,300.0,0.0,20.0,34.0,80.0,
KiK-net,FKIH05,TSURUGA,35.639,136.0303,10.0,122.0,5,kiknet_layer,170.0,170.0,170.0,20.0,20.0,,,
KiK-net,FKIH06,TAKAHAMA,35.4907,135.4841,160.0,100.0,6,kiknet_layer,235.29411764705884,338.0281690140845,200.0,6.0,6.0,10.0,38.0,
KiK-net,FKIH07,OBAMA,35.4573,135.7266,43.0,105.0,4,kiknet_layer,240.0,310.5882352941177,240.0,0.0,10.0,24.0,24.0,
KiK-net,FKOH01,KITAKYUSHU,33.8849,130.9798,15.0,200.0,6,kiknet_layer,282.6086956521739,432.73231622746187,130.0,2.0,2.0,13.0,13.0,
KiK-net,FKOH03,UMI,33.5608,130.5499,185.0,100.0,4,kiknet_layer,302.1978021978022,394.0634595701126,250.0,0.0,6.0,14.0,14.0,
KiK-net,FKOH06,BUZEN,33.5925,131.1348,35.0,303.0,6,kiknet_layer,850.0,958.974358974359,850.0,0.0,0.0,0.0,0.0,
KiK-net,FKOH07,TACHIARAI,33.3678,130.6354,15.0,437.0,9,kiknet_layer,242.44897959183675,255.48387096774192,220.0,0.0,20.0,120.0,175.0,
KiK-net,FKOH08,KOISHIWARA,33.4654,130.8285,480.0,100.0,4,kiknet_layer,271.23287671232873,411.6424116424116,180.0,5.0,5.0,5.0,14.0,
KiK-net,FKOH09,GENKAI,33.8501,130.5432,25.0,200.0,6,kiknet_layer,476.25698324022346,520.2768441535467,310.0,0.0,0.0,2.0,36.0,
KiK-net,FKOH10,UKIHA,33.2891,130.817,190.0,200.0,4,kiknet_layer,665.8878504672897,840.7079646017698,250.0,0.0,2.0,2.0,2.0,
KiK-net,FKSH01,NISHIAIZU,37.7565,139.715,437.7,100.0,5,kiknet_layer,354.54545454545456,544.11161263849,240.0,0.0,4.0,4.0,12.0,
KiK-net,FKSH02,ATSUSHIOKANO,37.7317,139.8821,329.9,100.0,7,kiknet_layer,474.671669793621,506.3474933778083,220.0,0.0,1.0,4.0,44.0,
KiK-net,FKSH03,TAKASATO,37.6078,139.7533,225.0,127.0,7,kiknet_layer,233.99918467183045,302.2565473947229,150.0,3.0,8.0,18.0,96.0,
KiK-net,FKSH04,AIZUTAKADA,37.4508,139.8126,277.8,268.0,7,kiknet_layer,161.53846153846152,203.88349514563106,120.0,4.0,20.0,25.0,84.0,
KiK-net,FKSH05,SHIMOGO,37.2544,139.8725,495.5,105.0,6,kiknet_layer,295.08196721311475,458.01526717557243,240.0,0.0,6.0,12.0,12.0,
KiK-net,FKSH06,INA,37.1723,139.5199,571.9,100.0,6,kiknet_layer,384.23645320197045,559.1397849462365,200.0,1.0,5.0,5.0,12.0,
KiK-net,FKSH07,HINOEMATA,37.0103,139.3755,974.1,200.0,5,kiknet_layer,437.5,641.2213740458014,140.0,1.0,4.0,4.0,4.0,
KiK-net,FKSH08,NAGANUMA,37.2822,140.2144,343.0,105.0,4,kiknet_layer,321.42857142857144,473.6842105263158,200.0,4.0,4.0,8.0,8.0,
KiK-net,FKSH09,KORIYAMA,37.353,140.4264,260.0,200.0,5,kiknet_layer,244.1860465116279,433.5223018504653,140.0,2.0,10.0,10.0,10.0,
KiK-net,FKSH10,NISHIGO,37.1616,140.093,564.9,201.0,7,kiknet_layer,278.57142857142856,401.33171912832927,150.0,4.0,4.0,4.0,16.0,
KiK-net,FKSH11,YABUKI,37.2006,140.3386,285.7,115.0,5,kiknet_layer,221.77419354838713,235.04273504273505,110.0,1.0,20.0,34.0,34.0,
KiK-net,FKSH12,HIRATA,37.2169,140.5703,470.0,105.0,4,kiknet_layer,322.5806451612903,357.1428571428571,250.0,0.0,4.0,22.0,22.0,
KiK-net,FKSH13,IWAKI-W,36.9951,140.5853,580.0,105.0,4,kiknet_layer,297.2972972972973,428.01556420233464,200.0,4.0,4.0,14.0,14.0,
KiK-net,FKSH14,IWAKI-E,37.0264,140.9702,3.0,147.0,5,kiknet_layer,180.54298642533936,219.53232462173315,120.0,8.0,20.0,52.0,52.0,
KiK-net,FKSH15,INAWASHIRO,37.6461,140.1735,756.9,100.0,4,kiknet_layer,576.9230769230769,731.7073170731707,450.0,0.0,0.0,6.0,6.0,
KiK-net,FKSH16,FUKUSHIMA,37.7643,140.3766,135.0,300.0,5,kiknet_layer,332.0388349514563,462.16216216216213,180.0,4.0,4.0,4.0,4.0,
KiK-net,FKSH17,KAWAMATA,37.6636,140.5974,205.0,100.0,3,kiknet_layer,270.4918032786885,434.2105263157895,180.0,6.0,6.0,6.0,6.0,
KiK-net,FKSH18,MIHARU,37.4894,140.538,410.0,100.0,5,kiknet_layer,179.06976744186048,251.6339869281046,140.0,4.0,12.0,12.0,30.0,
KiK-net,FKSH19,MIYAKOJI,37.4703,140.7227,510.0,100.0,4,kiknet_layer,241.57894736842104,255.0,170.0,2.0,20.0,20.0,20.0,
KiK-net,FKSH20,NAMIE,37.4911,140.9871,12.0,109.0,0,,,,,,,,,
KiK-net,FKSH21,TADAMI,37.3421,139.3147,375.0,200.0,7,kiknet_layer,298.2456140350877,317.75700934579436,200.0,2.0,2.0,23.0,60.0,
KiK-net,GIFH03,NEO,35.6325,136.6134,170.0,100.0,4,kiknet_layer,262.03007518796994,344.46612043178567,170.0,4.0,4.0,16.0,16.0,
KiK-net,GIFH04,FURUKAWA,36.2448,137.1983,571.56,100.0,4,kiknet_layer,210.0,296.7391304347826,210.0,0.0,12.0,12.0,12.0,
KiK-net,GIFH05,SHOKAWA,36.0654,136.9479,839.0,100.0,5,kiknet_layer,146.1038961038961,210.4175728577642,90.0,4.0,12.0,24.0,,
KiK-net,GIFH06,TAKATOMI,35.5038,136.7939,39.0,202.0,5,kiknet_layer,170.0,231.8181818181818,170.0,12.0,12.0,12.0,24.0,
KiK-net,GIFH07,KASUGA,35.4179,136.4347,410.0,100.0,5,kiknet_layer,224.1065171688858,330.5775011866463,120.0,2.0,8.0,14.0,14.0,
KiK-net,GIFH08,YAMATO,35.8323,136.9621,515.0,100.0,4,kiknet_layer,226.98127725057705,327.8384886090017,120.0,2.0,8.0,8.0,,
KiK-net,GIFH09,HASHIMA,35.2768,136.7002,5.0,1508.0,6,kiknet_layer,140.0,183.07692307692307,140.0,12.0,12.0,250.0,340.0,
KiK-net,GIFH10,KAMIOKA,36.3779,137.3716,910.0,100.0,7,kiknet_layer,260.11904761904765,308.83392226148413,190.0,2.0,6.0,20.0,28.0,
KiK-net,GIFH11,YAOTSU,35.4865,137.2464,563.0,100.0,6,kiknet_layer,603.6836742691434,730.8255579055607,320.0,0.0,0.0,1.0,6.0,
KiK-net,GIFH12,SAKAUCHI,35.6033,136.4134,260.0,106.0,7,kiknet_layer,439.21568627450984,590.3367496339679,320.0,0.0,0.0,5.0,5.0,
KiK-net,GIFH14,KAMITAKARA,36.2493,137.5174,810.0,100.0,3,kiknet_layer,440.0,528.8461538461539,440.0,0.0,0.0,14.0,14.0,
KiK-net,GIFH15,TAKAYAMA,36.1338,137.2208,625.0,105.0,5,kiknet_layer,320.0,355.55555555555554,320.0,0.0,0.0,50.0,72.0,
KiK-net,GIFH16,ASAHI-N,36.094,137.3438,790.0,100.0,5,kiknet_layer,529.4117647058823,720.0,200.0,2.0,2.0,2.0,2.0,
KiK-net,GIFH17,TAKASU,35.9514,136.8732,610.0,100.0,5,kiknet_layer,250.0,354.6511627906977,150.0,2.0,10.0,10.0,26.0,
KiK-net,GIFH18,MAZE,35.8991,137.1495,570.0,107.0,3,kiknet_layer,353.7102473498233,484.7457627118644,260.0,0.0,6.0,6.0,6.0,
KiK-net,GIFH19,ASAHI-S,36.0216,137.3906,910.0,100.0,4,kiknet_layer,448.54368932038835,613.0448096356026,330.0,0.0,0.0,5.0,5.0,
KiK-net,GIFH20,GERO-N,35.7991,137.2531,355.0,128.0,4,kiknet_layer,586.7346938775511,739.5498392282958,460.0,0.0,0.0,6.0,6.0,
KiK-net,GIFH21,MINAMI,35.6665,136.9618,170.0,200.0,4,kiknet_layer,537.2093023255813,804.3525571273123,220.0,0.0,2.0,2.0,2.0,
KiK-net,GIFH22,KANAYAMA,35.6682,137.1054,435.0,100.0,5,kiknet_layer,602.3076923076923,711.8181818181819,270.0,0.0,2.0,2.0,2.0,
KiK-net,GIFH23,ITADORI,35.7235,136.7847,350.0,100.0,5,kiknet_layer,357.8947368421053,468.9655172413793,170.0,3.0,3.0,3.0,20.0,
KiK-net,GIFH24,HIGASHISHIRAKAWA,35.6401,137.3187,330.0,107.0,4,kiknet_layer,486.48648648648646,746.1139896373056,160.0,2.0,2.0,2.0,2.0,
KiK-net,GIFH25,TANIGUMI,35.5214,136.6127,75.0,103.0,5,kiknet_layer,357.1428571428571,422.53521126760563,300.0,0.0,6.0,6.0,50.0,
KiK-net,GIFH26,KAKAMIGAHARA,35.4121,136.8764,35.0,101.0,6,kiknet_layer,275.86206896551727,358.0517770952172,100.0,1.0,7.0,18.0,42.0,
KiK-net,GIFH27,MINOKAMO,35.4527,137.004,85.0,200.0,5,kiknet_layer,420.56074766355135,592.1052631578947,150.0,1.0,4.0,4.0,4.0,
KiK-net,GIFH28,NAKATSUGAWA,35.4571,137.4706,440.0,401.0,6,kiknet_layer,275.0,338.46153846153845,200.0,5.0,5.0,30.0,140.0,
KiK-net,GNMH06,TATEBAYASHI,36.2441,139.5443,20.0,1203.0,0,,,,,,,,,
KiK-net,GNMH07,TONE,36.6998,139.2104,646.0,200.0,5,kiknet_layer,444.44444444444446,571.4285714285713,160.0,2.0,2.0,2.0,2.0,
KiK-net,GNMH08,TSUMAGOI,36.4917,138.5244,1040.0,150.0,8,kiknet_layer,268.3615819209039,314.56953642384104,250.0,0.0,8.0,54.0,118.0,
KiK-net,GNMH09,TAKAYAMA,36.6212,138.9068,455.0,110.0,6,kiknet_layer,318.2656826568266,503.09879693765953,230.0,0.0,6.0,6.0,6.0,
KiK-net,GNMH10,SHIMONITA,36.2356,138.7291,340.0,100.0,6,kiknet_layer,432.55813953488376,562.273276904474,360.0,0.0,0.0,6.0,14.0,
KiK-net,GNMH11,TOMIOKA,36.2862,138.921,151.0,200.0,6,kiknet_layer,293.7062937062937,375.0,210.0,0.0,4.0,12.0,36.0,
KiK-net,GNMH12,KANNA,36.144,138.9129,930.0,102.0,5,kiknet_layer,221.05263157894737,311.79039301310047,120.0,2.0,12.0,12.0,22.0,
KiK-net,GNMH13,MINAKAMI2,36.862,139.0627,760.0,204.0,6,kiknet_layer,239.99999999999997,266.66666666666663,200.0,5.0,20.0,20.0,52.0,
KiK-net,GNMH14,MIDORI,36.4931,139.3219,360.0,200.0,6,kiknet_layer,614.0350877192983,811.7326057298773,560.0,0.0,0.0,0.0,8.0,
KiK-net,HDKH01,BIRATORI-W,42.7031,142.2296,82.0,100.0,6,kiknet_layer,206.42201834862385,298.9712816116588,120.0,4.0,4.0,8.0,28.0,
KiK-net,HDKH02,BIRATORI-E,42.7061,142.4054,230.0,110.0,8,kiknet_layer,285.4922279792746,382.63888888888886,190.0,4.0,4.0,8.0,26.0,
KiK-net,HDKH03,MOMBETSU-E,42.5934,142.3521,160.0,106.0,7,kiknet_layer,196.36363636363635,288.0,60.0,5.0,5.0,5.0,30.0,
KiK-net,HDKH04,MOMBETSU-W,42.5126,142.0381,10.0,220.0,6,kiknet_layer,186.66666666666666,210.0,140.0,4.0,20.0,26.0,40.0,
KiK-net,HDKH05,NIIKAPPU,42.5977,142.5446,305.0,100.0,4,kiknet_layer,492.9939835338823,672.9885989085211,250.0,0.0,2.0,6.0,6.0,
KiK-net,HDKH06,SHIZUNAI,42.3498,142.3572,10.0,115.0,5,kiknet_layer,280.0,354.7088036117382,280.0,0.0,10.0,18.0,36.0,
KiK-net,HDKH07,SAMANI,42.133,142.9164,40.0,101.0,5,kiknet_layer,348.33333333333337,400.26517383618153,190.0,2.0,2.0,18.0,,
KiK-net,HRSH01,MIHARA,34.3736,133.0236,35.0,205.0,7,kiknet_layer,211.33603238866394,324.22360248447205,180.0,8.0,8.0,8.0,28.0,
KiK-net,HRSH02,DAIWA,34.5482,132.948,360.0,100.0,4,kiknet_layer,181.06508875739644,294.5980608423537,136.0,6.0,6.0,12.0,12.0,
KiK-net,HRSH03,MITSUGI,34.5183,133.1375,160.0,200.0,3,kiknet_layer,370.0,370.0,370.0,0.0,0.0,20.0,20.0,
KiK-net,HRSH04,NUMAKUMA,34.3785,133.3493,25.0,200.0,4,kiknet_layer,280.0,333.5570469798658,280.0,0.0,16.0,16.0,16.0,
KiK-net,HRSH05,KANNABE,34.5566,133.4179,20.0,200.0,6,kiknet_layer,300.0,350.0,280.0,0.0,8.0,32.0,32.0,
KiK-net,HRSH06,KUCHIWA,34.9137,132.9123,340.0,100.0,5,kiknet_layer,208.63636363636365,239.10697674418603,170.0,5.0,19.0,31.0,31.0,
KiK-net,HRSH07,KURE,34.2883,132.6411,230.0,102.0,5,kiknet_layer,558.7155963302752,479.5275590551181,420.0,0.0,0.0,0.0,,
KiK-net,HRSH08,SAIKI,34.3935,132.1611,350.0,100.0,5,kiknet_layer,525.0,668.7898089171974,450.0,0.0,0.0,6.0,6.0,
KiK-net,HRSH09,KISA,34.7016,132.9524,350.0,115.0,6,kiknet_layer,278.6885245901639,409.6385542168675,200.0,6.0,6.0,6.0,14.0,
KiK-net,HRSH10,GEIHOKU,34.7471,132.3794,712.0,100.0,5,kiknet_layer,180.6451612903226,230.9278350515464,140.0,6.0,6.0,26.0,42.0,
KiK-net,HRSH11,JINSEKI,34.8225,133.1674,590.0,100.0,5,kiknet_layer,329.54545454545456,523.3020744529697,200.0,4.0,4.0,4.0,10.0,
KiK-net,HRSH14,OKIMI,34.209,132.4063,40.0,100.0,7,kiknet_layer,394.2940746159473,475.868157739847,220.0,0.0,1.0,10.0,20.0,
KiK-net,HRSH15,KURAHASHI,34.1161,132.5053,180.0,100.0,5,kiknet_layer,290.82125603864733,443.96839332748027,140.0,2.0,5.0,5.0,5.0,
KiK-net,HRSH16,YOSHIDA,34.6629,132.6689,280.0,100.0,4,kiknet_layer,237.36263736263737,331.5912031047865,160.0,2.0,14.0,14.0,14.0,
KiK-net,HRSH17,TOGOUCHI,34.5716,132.2326,265.0,102.0,3,kiknet_layer,696.2765957446808,958.974358974359,510.0,0.0,0.0,0.0,6.0,
KiK-net,HRSH18,HIGASHIHIROSHIMA,34.4572,132.7923,235.0,100.0,7,kiknet_layer,232.75862068965515,315.60114503816794,150.0,2.0,10.0,20.0,20.0,
KiK-net,HYGH01,MIHARA,34.2937,134.7941,65.0,102.0,11,kiknet_layer,304.26229508196724,345.26911832589633,232.0,0.0,4.0,22.0,74.0,
KiK-net,HYGH02,NANKOU,35.0671,134.4234,205.0,103.0,5,kiknet_layer,327.0835623969214,481.90841652695417,191.0,4.0,4.0,4.0,14.0,
KiK-net,HYGH03,HAGA,35.2193,134.5237,365.0,100.0,5,kiknet_layer,228.58610504687303,371.93923426249575,160.0,6.0,6.0,6.0,8.0,
KiK-net,HYGH04,SASAYAMA,35.0708,135.2811,217.85,100.0,6,kiknet_layer,241.61400097228974,360.53681537903515,140.0,4.0,4.0,8.0,8.0,
KiK-net,HYGH06,AIOI,34.7935,134.4792,65.0,200.0,5,kiknet_layer,250.0,305.2325581395349,250.0,0.0,14.0,14.0,32.0,
KiK-net,HYGH07,YUMESAKI,35.0322,134.6701,160.0,100.0,5,kiknet_layer,290.5263157894737,397.9812545061283,230.0,0.0,6.0,14.0,14.0,
KiK-net,HYGH08,KAMI,35.101,134.9036,160.0,110.0,6,kiknet_layer,157.92490118577075,224.14495723514494,131.0,10.0,10.0,24.0,24.0,
KiK-net,HYGH09,TOJO,34.9082,135.0844,140.0,100.0,6,kiknet_layer,194.72049689440996,292.0605548199786,95.0,2.0,10.0,10.0,22.0,
KiK-net,HYGH10,KAKOGAWA,34.8164,134.8078,18.0,100.0,8,kiknet_layer,169.20782851817333,207.14204221334856,136.0,6.0,20.0,52.0,68.0,
KiK-net,HYGH11,SANTO,35.2925,134.9071,180.0,200.0,5,kiknet_layer,230.0,230.0,230.0,0.0,20.0,23.5,23.5,
KiK-net,HYGH12,SHINGU,34.9313,134.5423,70.0,100.0,6,kiknet_layer,460.15228426395936,531.662892425995,370.0,0.0,0.0,13.0,13.0,
KiK-net,HYGH14,IZUSHI,35.4574,134.8621,15.0,102.0,5,kiknet_layer,421.09033028253083,599.4618326016146,220.0,0.0,2.0,6.0,6.0,
KiK-net,HYMH01,KITAHIYAMA,42.4851,139.9678,167.0,112.0,6,kiknet_layer,261.581604038138,350.28163725122045,110.0,2.0,2.0,6.0,,
KiK-net,HYMH02,ASSABU,41.9856,140.3087,85.0,101.0,4,kiknet_layer,364.2857142857143,434.8355663824604,170.0,2.0,2.0,2.0,18.0,
KiK-net,HYMH03,KUMAISHI,42.1344,140.004,70.0,100.0,4,kiknet_layer,329.4392523364486,499.2094046473258,150.0,2.0,2.0,10.0,10.0,
KiK-net,IBRH06,KITAIBARAKI2,36.8809,140.6545,395.0,100.0,0,,,,,,,,,
KiK-net,IBRH07,EDOSAKI,35.9521,140.3301,3.0,1200.0,7,kiknet_layer,90.0,90.0,90.0,20.0,20.0,150.0,650.0,
KiK-net,IBRH08,TAIYO,36.1188,140.5621,40.0,1200.0,0,,,,,,,,,
KiK-net,IBRH09,JOHOKU,36.439,140.3559,50.0,106.0,0,,,,,,,,,
KiK-net,IBRH10,ISHIGE,36.1112,139.9889,15.0,901.0,6,kiknet_layer,110.0,110.0,0.0,20.0,20.0,190.0,410.0,
KiK-net,IBRH11,IWASE,36.3701,140.1401,67.0,103.0,5,kiknet_layer,167.14285714285714,197.05263157894737,130.0,10.0,20.0,,,
KiK-net,IBRH12,DAIGO,36.8369,140.3181,210.0,200.0,9,kiknet_layer,311.1111111111111,400.0,240.0,0.0,6.0,6.0,20.0,
KiK-net,IBRH13,TAKAHAGI,36.7955,140.575,505.0,100.0,7,kiknet_layer,262.98342541436466,287.96128251663646,170.0,1.0,16.0,24.0,34.0,
KiK-net,IBRH14,JUO,36.6922,140.5484,330.0,100.0,6,kiknet_layer,389.76377952755905,646.8363136176066,180.0,2.0,2.0,2.0,10.0,
KiK-net,IBRH15,GOZENYAMA,36.5566,140.3013,45.0,107.0,6,kiknet_layer,213.17467063323414,343.20903181662675,60.0,2.0,2.0,5.0,5.0,
KiK-net,IBRH17,KASUMIGAURA,36.0864,140.314,20.0,510.0,8,kiknet_layer,212.26415094339623,272.3797387703091,90.0,1.0,10.0,235.0,380.0,
KiK-net,IBRH18,HITACHINAKA,36.3631,140.6198,20.0,504.0,9,kiknet_layer,411.42857142857144,487.1948608137045,180.0,1.0,1.0,15.0,15.0,
KiK-net,IBRH19,TSUKUBA,36.2137,140.0893,175.0,210.0,4,kiknet_layer,375.0,571.4285714285713,100.0,2.0,2.0,2.0,2.0,
KiK-net,IBRH20,HASAKI2,35.8284,140.7323,5.7,923.0,9,kiknet_layer,193.84615384615384,229.0909090909091,180.0,8.0,20.0,130.0,450.0,
KiK-net,IBRH21,TSUKUBA-S,35.9814,140.105,22.0,929.0,0,,,,,,,,,
KiK-net,IBUH01,OIWAKE,42.8739,141.8191,60.0,101.0,6,kiknet_layer,182.58426966292134,248.30220713073004,130.0,4.0,12.0,20.0,50.0,
KiK-net,IBUH02,HOBETSU,42.8714,142.1285,175.0,102.0,6,kiknet_layer,309.8686284813452,448.2554161915621,130.0,2.0,5.0,5.0,5.0,
KiK-net,IBUH03,ATSUMA,42.6486,141.8641,10.0,153.0,8,kiknet_layer,81.81818181818181,90.23746701846966,60.0,20.0,20.0,,,
KiK-net,IBUH04,TOYOURA,42.6415,140.665,214.0,103.0,5,kiknet_layer,204.54545454545453,282.319391634981,150.0,4.0,12.0,12.0,26.0,
KiK-net,IBUH05,SHIRAOI,42.5629,141.3497,20.0,177.0,11,kiknet_layer,233.1858407079646,297.06233062330625,170.0,4.0,4.0,14.0,20.0,
KiK-net,IBUH06,MURORAN,42.4116,141.0017,400.0,562.0,8,kiknet_layer,251.85185185185188,289.36170212765956,200.0,5.0,5.0,30.0,30.0,
KiK-net,IBUH07,OTAKI,42.6476,141.0643,350.0,200.0,6,kiknet_layer,250.0,247.6190476190476,200.0,8.0,16.0,48.0,48.0,
KiK-net,IKRH01,TOBETSU,43.4087,141.5836,80.0,200.0,7,kiknet_layer,344.2622950819672,385.3211009174312,200.0,2.0,2.0,34.0,124.0,
KiK-net,IKRH02,SHINSHINOTSU,43.2204,141.6523,10.0,127.0,8,kiknet_layer,93.33333333333333,111.50442477876106,70.0,20.0,20.0,,,
KiK-net,IKRH03,CHITOSE,42.888,141.6399,10.0,253.0,8,kiknet_layer,180.0,248.57142857142858,180.0,12.0,12.0,12.0,22.0,
KiK-net,ISKH01,SUZU,37.5266,137.2844,48.0,201.0,3,kiknet_layer,261.7021276595745,319.48051948051943,240.0,0.0,8.0,,,
KiK-net,ISKH02,YANAGIDA,37.3644,137.0413,121.0,102.0,3,kiknet_layer,590.625,683.1325301204819,420.0,0.0,0.0,4.0,4.0,
KiK-net,ISKH03,UCHIURA,37.3458,137.2436,19.0,207.0,4,kiknet_layer,171.875,255.81395348837208,110.0,10.0,10.0,10.0,,
KiK-net,ISKH04,TOGI,37.1902,136.7176,56.0,117.0,5,kiknet_layer,440.0,440.0,440.0,0.0,0.0,28.0,,
KiK-net,ISKH05,ANAMIZU,37.2224,136.9689,56.0,105.0,5,kiknet_layer,435.23316062176167,531.9170666939026,280.0,0.0,2.0,8.0,18.0,
KiK-net,ISKH06,SHIKA,37.0533,136.8206,20.0,200.0,4,kiknet_layer,375.0,461.53846153846155,240.0,0.0,4.0,4.0,,
KiK-net,ISKH07,KANAZAWA,36.515,136.6357,103.0,803.0,7,kiknet_layer,440.0,440.0,440.0,0.0,0.0,50.0,90.0,
KiK-net,ISKH08,TSUBATA,36.738,136.7906,119.0,100.0,5,kiknet_layer,270.873786407767,373.2441471571907,180.0,2.0,2.0,10.0,,
KiK-net,ISKH09,OGUCHI,36.2667,136.7168,560.0,106.0,5,kiknet_layer,411.7647058823529,550.7411630558723,280.0,0.0,4.0,4.0,12.0,
KiK-net,IWTH01,NINOHE-E,40.2383,141.3423,230.0,200.0,0,,,,,,,,,
KiK-net,IWTH02,TAMAYAMA,39.825,141.3826,675.0,103.0,6,kiknet_layer,225.0,304.2912873862159,150.0,5.0,5.0,19.0,19.0,
KiK-net,IWTH03,IWAIZUMI,39.802,141.652,310.0,100.0,4,kiknet_layer,349.99999999999994,560.0,200.0,5.0,5.0,5.0,5.0,
KiK-net,IWTH04,SUMITA,39.1809,141.3909,620.0,106.0,4,kiknet_layer,283.87096774193543,372.08354559347936,220.0,0.0,5.0,15.0,15.0,
KiK-net,IWTH05,FUJISAWA,38.8654,141.3512,120.0,100.0,6,kiknet_layer,290.50279329608935,372.75985663082434,160.0,2.0,2.0,9.0,26.0,
KiK-net,IWTH06,NINOHE-W,40.2611,141.1709,225.0,100.0,6,kiknet_layer,233.46303501945522,356.08308605341244,80.0,2.0,2.0,6.0,6.0,
KiK-net,IWTH07,KARUMAI,40.2705,141.5709,260.0,120.0,6,kiknet_layer,183.0508474576271,299.2903007772896,80.0,2.0,10.0,10.0,10.0,
KiK-net,IWTH08,KUJI-N,40.2686,141.7831,175.0,100.0,6,kiknet_layer,207.92079207920793,238.63636363636365,150.0,4.0,20.0,20.0,34.0,
KiK-net,IWTH09,KUJI-S,40.0861,141.712,240.0,100.0,5,kiknet_layer,572.0000000000001,785.115144120787,440.0,0.0,0.0,6.0,6.0,
KiK-net,IWTH10,ASHIRO,40.1391,140.9529,308.0,100.0,4,kiknet_layer,274.61538461538464,386.93667997718205,210.0,0.0,6.0,6.0,16.0,
KiK-net,IWTH11,ICHINOHE,40.0811,141.1915,629.0,300.0,7,kiknet_layer,238.7755102040816,331.1320754716981,130.0,4.0,4.0,4.0,50.0,
KiK-net,IWTH12,KUNOHE,40.1533,141.4245,365.0,100.0,5,kiknet_layer,252.52352437981182,312.54632080465854,160.0,2.0,8.0,20.0,,
KiK-net,IWTH13,KUZUMAKI,39.9398,141.5492,570.0,117.0,6,kiknet_layer,288.2882882882883,474.24755283139694,100.0,4.0,4.0,4.0,4.0,
KiK-net,IWTH14,TARO,39.7435,141.9087,200.0,100.0,5,kiknet_layer,422.1873911529084,629.9077562686762,170.0,2.0,2.0,6.0,6.0,
KiK-net,IWTH15,YAHABA,39.6148,141.0929,195.0,122.0,5,kiknet_layer,230.76923076923077,300.0,150.0,4.0,4.0,38.0,,
KiK-net,IWTH16,SHIZUKUISHI,39.6436,140.9465,212.0,150.0,5,kiknet_layer,455.00000000000006,502.0689655172414,260.0,0.0,2.0,2.0,80.0,
KiK-net,IWTH17,KAWAI-N,39.6442,141.5977,305.0,103.0,5,kiknet_layer,731.7073170731707,1056.5338276181649,240.0,0.0,2.0,2.0,2.0,
KiK-net,IWTH18,KAWAI-S,39.463,141.6775,552.0,100.0,5,kiknet_layer,458.26504662333997,683.9027280977067,180.0,2.0,2.0,2.0,8.0,
KiK-net,IWTH19,HANAMAKI-N,39.4559,141.0001,220.0,101.0,6,kiknet_layer,297.0948706309578,417.14467813894197,170.0,4.0,4.0,4.0,8.0,
KiK-net,IWTH20,HANAMAKI-S,39.3434,141.0473,106.0,156.0,5,kiknet_layer,243.67088607594934,283.4355828220859,110.0,2.0,4.0,46.0,,
KiK-net,IWTH21,YAMADA,39.4734,141.9336,13.0,100.0,7,kiknet_layer,269.6629213483146,398.69116536622204,150.0,2.0,2.0,12.0,12.0,
KiK-net,IWTH22,TOWA,39.334,141.3015,260.0,100.0,6,kiknet_layer,261.81102362204723,422.95461115929464,190.0,4.0,4.0,10.0,10.0,
KiK-net,IWTH23,KAMAISHI,39.2741,141.8233,44.0,103.0,5,kiknet_layer,480.51948051948045,750.2223276219837,370.0,0.0,0.0,4.0,10.0,
KiK-net,IWTH24,KANEGASAKI,39.1979,141.0118,200.0,150.0,7,kiknet_layer,360.0,447.15789473684214,180.0,2.0,2.0,10.0,,
KiK-net,IWTH25,ICHINOSEKI-W,39.0092,140.8638,386.0,260.0,7,kiknet_layer,465.10204081632656,495.4347826086956,430.0,0.0,0.0,6.0,64.0,
KiK-net,IWTH26,ICHINOSEKI-E,38.969,141.0013,125.0,108.0,4,kiknet_layer,228.2442748091603,320.8664546899841,130.0,4.0,4.0,10.0,,
KiK-net,IWTH27,RIKUZENTAKATA,39.0307,141.532,80.0,100.0,5,kiknet_layer,311.3207547169811,504.7058823529411,150.0,4.0,4.0,4.0,4.0,
KiK-net,IWTH28,ICHINOSEKI-W2,39.0094,140.864,380.0,263.0,0,,,,,,,,,
KiK-net,KGSH01,NAGASHIMA,32.1554,130.1191,14.866,202.0,5,kiknet_layer,510.33519553072625,563.8888888888889,290.0,0.0,2.0,2.0,20.0,
KiK-net,KGSH02,AKUNE,31.994,130.2077,40.762,202.0,5,kiknet_layer,697.6744186046511,821.9178082191781,600.0,0.0,0.0,0.0,3.0,
KiK-net,KGSH03,MIYANOJO,31.9812,130.4438,110.11,100.0,4,kiknet_layer,909.9999999999999,996.0199004975125,910.0,0.0,0.0,0.0,0.0,
KiK-net,KGSH04,SENDAI,31.8374,130.3602,13.917,101.0,4,kiknet_layer,233.03571428571428,258.4158415841584,180.0,4.0,20.0,,,
KiK-net,KGSH05,KEDOIN,31.8699,130.4958,73.342,107.0,6,kiknet_layer,307.2402281263041,435.90882178804026,190.0,2.0,2.0,8.0,8.0,
KiK-net,KGSH06,KORIYAMA,31.6988,130.4594,131.07,203.0,6,kiknet_layer,235.7473035439137,369.1194209891435,180.0,7.0,7.0,7.0,7.0,
KiK-net,KGSH07,AIRA,31.714,130.6149,6.405,302.0,4,kiknet_layer,260.0,260.0,260.0,0.0,20.0,120.0,,
KiK-net,KGSH08,OHSUMI,31.5618,130.9969,96.897,151.0,8,kiknet_layer,338.49557522123894,469.78367062107463,170.0,2.0,2.0,13.0,13.0,
KiK-net,KGSH09,CHIRAN,31.3741,130.4333,119.391,100.0,5,kiknet_layer,320.0,374.025974025974,320.0,0.0,0.0,28.0,28.0,
KiK-net,KGSH10,YAMAGAWA,31.2066,130.6183,80.744,203.0,5,kiknet_layer,153.6764705882353,218.84816753926702,110.0,6.0,6.0,34.0,54.0,
KiK-net,KGSH11,SATA,31.0899,130.699,86.876,200.0,6,kiknet_layer,264.42307692307696,345.91194968553464,220.0,0.0,7.0,7.0,22.0,
KiK-net,KGSH12,UCHINOURA,31.2583,131.0877,265.0,150.0,6,kiknet_layer,265.20019772614927,363.97557666214385,100.0,2.0,2.0,6.0,24.0,
KiK-net,KGWH01,AYAKAMI,34.2186,133.9493,90.0,117.0,9,kiknet_layer,148.0,198.86474501108648,148.0,10.0,10.0,22.0,22.0,
KiK-net,KGWH02,MINO,34.198,133.7081,5.0,200.0,5,kiknet_layer,120.53554939981534,161.35970333745365,107.0,8.0,20.0,56.0,56.0,
KiK-net,KGWH03,MIKI,34.27,134.1482,50.0,100.0,4,kiknet_layer,902.4793388429752,1206.6298342541436,600.0,0.0,0.0,0.0,5.0,
KiK-net,KGWH05,UCHINOMI,34.4572,134.3241,20.0,433.0,0,,,,,,,,,
KiK-net,KKWH02,BIFUKA-E,44.5509,142.5736,283.0,112.0,4,kiknet_layer,540.3508771929825,609.90099009901,440.0,0.0,0.0,5.0,5.0,
KiK-net,KKWH03,BIFUKA-W,44.4732,142.2725,100.0,100.0,4,kiknet_layer,150.0,227.27272727272728,150.0,12.0,12.0,12.0,12.0,
KiK-net,KKWH04,NAYORO,44.4376,142.4056,84.0,100.0,4,kiknet_layer,248.4641638225256,336.2586605080831,70.0,3.0,3.0,3.0,,
KiK-net,KKWH05,SHIMOKAWA-W,44.2921,142.6303,160.0,300.0,5,kiknet_layer,468.017639647207,557.7327327327326,170.0,1.0,1.0,1.0,130.0,
KiK-net,KKWH06,SHIMOKAWA-E,44.3207,142.7656,200.0,100.0,3,kiknet_layer,715.2466367713005,866.8478260869566,580.0,0.0,0.0,0.0,6.0,
KiK-net,KKWH07,FURANO,43.3697,142.3409,205.0,109.0,5,kiknet_layer,250.0,335.5263157894737,100.0,1.0,10.0,10.0,26.0,
KiK-net,KKWH08,SHIMUKAPPU,43.0406,142.6562,569.0,100.0,5,kiknet_layer,188.52459016393442,267.4418604651163,100.0,4.0,4.0,34.0,34.0,
KiK-net,KKWH10,NAKAGAWA,44.6617,142.0528,65.0,105.0,5,kiknet_layer,194.16243654822335,271.27659574468083,170.0,8.0,8.0,20.0,30.0,
KiK-net,KKWH11,WASSAMU,43.9754,142.2834,195.0,105.0,6,kiknet_layer,170.0,212.5,170.0,12.0,12.0,32.0,32.0,
KiK-net,KKWH12,BIEI-E,43.5038,142.6006,450.0,207.0,5,kiknet_layer,700.0,700.0,700.0,0.0,0.0,0.0,0.0,
KiK-net,KKWH13,BIEI-W,43.5113,142.3906,315.0,168.0,7,kiknet_layer,249.7142857142857,301.37931034482756,230.0,0.0,8.0,24.0,24.0,
KiK-net,KKWH14,NAKAFURANO,43.3841,142.5245,389.0,150.0,4,kiknet_layer,350.0,436.5904365904365,350.0,0.0,0.0,12.0,18.0,
KiK-net,KKWH15,KAMIKAWA,43.8546,142.7656,340.0,148.0,6,kiknet_layer,307.0866141732284,440.6779661016949,120.0,2.0,2.0,8.0,8.0,
KiK-net,KMMH01,KAHOKU,33.1089,130.6949,75.3,100.0,5,kiknet_layer,329.4797687861271,465.0178138069912,150.0,1.0,1.0,10.0,10.0,
KiK-net,KMMH03,KIKUCHI,32.9984,130.8301,178.0,200.0,7,kiknet_layer,313.1067961165048,370.43271611050596,150.0,2.0,2.0,18.0,30.0,
KiK-net,KMMH04,ASO,32.9514,131.0199,475.0,127.0,8,kiknet_layer,129.41176470588235,125.71428571428572,80.0,12.0,20.0,,,
KiK-net,KMMH05,NAMINO,32.9553,131.2207,693.0,100.0,7,kiknet_layer,139.7058823529412,183.8709677419355,100.0,12.0,20.0,24.0,24.0,
KiK-net,KMMH06,HAKUSUI,32.8114,131.101,492.0,111.0,6,kiknet_layer,272.72727272727275,433.21299638989166,100.0,2.0,2.0,12.0,12.0,
KiK-net,KMMH07,MISUMI,32.6234,130.5584,22.0,300.0,8,kiknet_layer,689.3617021276596,744.8275862068966,600.0,0.0,0.0,0.0,5.0,
KiK-net,KMMH08,YABE,32.6501,131.0251,450.0,103.0,7,kiknet_layer,480.0,510.072075401959,460.0,0.0,0.0,10.0,10.0,
KiK-net,KMMH09,IZUMI,32.4901,130.9046,520.0,100.0,7,kiknet_layer,228.26086956521738,319.0940366972477,150.0,4.0,4.0,10.0,22.0,
KiK-net,KMMH10,SHINWA,32.3151,130.1811,158.0,300.0,6,kiknet_layer,267.14285714285717,391.1461318051576,220.0,0.0,5.0,10.0,10.0,
KiK-net,KMMH11,ASHIKITA,32.2918,130.5777,100.0,300.0,10,kiknet_layer,1120.0,1244.4444444444446,400.0,0.0,0.0,1.0,1.0,
KiK-net,KMMH12,HITOYOSHI,32.2054,130.7371,105.0,123.0,4,kiknet_layer,316.9811320754717,381.8181818181818,210.0,0.0,4.0,54.0,,
KiK-net,KMMH13,UE,32.2209,130.9096,175.0,177.0,6,kiknet_layer,281.25,346.1538461538462,150.0,3.0,3.0,22.0,,
KiK-net,KMMH14,TOYONO,32.6345,130.7521,70.0,110.0,7,kiknet_layer,143.47826086956522,200.0,110.0,10.0,10.0,88.0,,
KiK-net,KMMH16,MASHIKI,32.7967,130.8199,55.0,252.0,12,kiknet_layer,177.18120805369128,229.16666666666669,110.0,3.0,15.0,15.0,41.0,
KiK-net,KMMH17,TAMANA,32.9873,130.5608,55.0,100.0,3,kiknet_layer,390.0,597.8443113772455,390.0,0.0,0.0,10.0,10.0,
KiK-net,KNGH10,YOKOHAMA,35.4991,139.5195,62.0,2000.0,6,kiknet_layer,280.0,280.0,280.0,0.0,20.0,20.0,100.0,
KiK-net,KNGH19,YAMAKITA-C,35.4173,139.0436,330.0,100.0,4,kiknet_layer,456.52173913043475,626.865671641791,300.0,0.0,4.0,4.0,4.0,
KiK-net,KNGH20,MATSUDA,35.3663,139.126,465.0,106.0,4,kiknet_layer,130.43478260869566,214.2857142857143,120.0,9.0,9.0,9.0,62.0,
KiK-net,KNGH21,KIYOKAWA,35.4628,139.2146,455.0,210.0,3,kiknet_layer,424.2424242424242,651.1627906976744,250.0,0.0,5.0,5.0,5.0,
KiK-net,KNGH23,HAYAMA,35.2624,139.611,101.5,100.0,4,kiknet_layer,192.3076923076923,286.88524590163934,180.0,9.0,9.0,9.0,16.0,
KiK-net,KOCH01,KITAGAWA,33.5421,134.1197,235.0,200.0,6,kiknet_layer,197.75510204081635,293.6363636363637,170.0,8.0,8.0,8.0,28.0,
KiK-net,KOCH02,GOHOKU,33.7079,133.3641,590.0,100.0,5,kiknet_layer,153.52697095435684,269.7448359659781,80.0,4.0,8.0,8.0,8.0,
KiK-net,KOCH03,TAISHO,33.2683,132.9891,270.0,100.0,5,kiknet_layer,441.15384615384613,592.0848867221107,370.0,0.0,0.0,6.0,10.0,
KiK-net,KOCH04,OTSUKI,32.8414,132.7066,55.0,100.0,5,kiknet_layer,666.6666666666667,923.0769230769231,400.0,0.0,0.0,4.0,4.0,
KiK-net,KOCH05,IKEKAWA,33.6472,133.1444,260.0,100.0,0,,,,,,,,,
KiK-net,KOCH06,NAKAMURA,33.0754,132.9524,31.0,100.0,0,,,,,,,,,
KiK-net,KOCH07,SUSAKI,33.392,133.2866,5.0,104.0,6,kiknet_layer,243.4782608695652,292.41044323011533,210.0,0.0,6.0,18.0,18.0,
KiK-net,KOCH08,TOSASHIMIZU,32.7797,132.9718,5.0,100.0,11,kiknet_layer,334.6180316586373,483.79469305149536,170.0,3.0,3.0,3.0,12.0,
KiK-net,KOCH09,KAHOKU,33.6748,133.8243,190.0,100.0,6,kiknet_layer,344.2953020134228,509.61683912029457,180.0,2.0,2.0,6.0,11.0,
KiK-net,KOCH10,INO,33.5313,133.4388,10.0,101.0,5,kiknet_layer,813.6911281489595,1023.7482774460267,570.0,0.0,0.0,0.0,6.0,
KiK-net,KOCH11,MUROTO,33.2866,134.1603,90.0,300.0,5,kiknet_layer,600.0,693.7738246505718,520.0,0.0,0.0,0.0,6.0,
KiK-net,KOCH12,GEISEI,33.5294,133.8192,40.0,170.0,6,kiknet_layer,358.65702839226617,427.810097652192,210.0,0.0,2.0,6.0,20.0,
KiK-net,KSRH01,AKAN-N,43.4361,144.0844,431.0,107.0,6,kiknet_layer,136.36363636363637,165.6441717791411,100.0,16.0,16.0,16.0,,
KiK-net,KSRH02,AKAN-S,43.1142,144.123,30.0,105.0,6,kiknet_layer,126.0,172.97985698929756,90.0,10.0,18.0,,,
KiK-net,KSRH03,SHIBECHA-N,43.3848,144.6279,83.0,107.0,7,kiknet_layer,168.7056037884767,213.21695760598504,90.0,6.0,16.0,34.0,,
KiK-net,KSRH04,SHIBECHA-S,43.2139,144.6804,30.0,240.0,5,kiknet_layer,114.75409836065573,162.7906976744186,100.0,8.0,20.0,,,
KiK-net,KSRH05,TSURUI-W,43.2556,144.2338,114.0,330.0,7,kiknet_layer,205.88235294117646,318.1818181818182,100.0,4.0,4.0,4.0,4.0,
KiK-net,KSRH06,TSURUI-E,43.22,144.4285,30.0,237.0,6,kiknet_layer,218.57142857142856,279.4780987884436,90.0,2.0,2.0,70.0,,
KiK-net,KSRH07,TSURUI-S,43.1359,144.3274,38.0,222.0,5,kiknet_layer,120.68965517241381,160.30534351145036,100.0,14.0,14.0,,,
KiK-net,KSRH08,SHIRANUKA-N,43.1603,143.8936,174.0,100.0,7,kiknet_layer,373.2283464566929,543.4556656844361,120.0,2.0,2.0,2.0,2.0,
KiK-net,KSRH09,SHIRANUKA-S,42.9856,143.9841,27.0,100.0,5,kiknet_layer,117.85714285714288,185.9154929577465,90.0,6.0,10.0,,,
KiK-net,KSRH10,HAMANAKA,43.2084,145.1168,31.0,255.0,8,kiknet_layer,152.23048327137545,185.88288697231047,90.0,5.0,20.0,36.0,36.0,
KiK-net,KYTH01,NODAGAWA,35.5243,135.1243,15.0,155.0,5,kiknet_layer,162.7906976744186,205.88235294117646,100.0,4.0,20.0,,,
KiK-net,KYTH02,INE,35.7101,135.2496,28.0,200.0,7,kiknet_layer,324.04458598726114,450.7198228128461,110.0,2.0,2.0,2.0,6.0,
KiK-net,KYTH03,FUKUCHIYAMA,35.313,135.1334,40.0,300.0,10,kiknet_layer,382.9787234042553,501.7828200972447,240.0,0.0,2.0,12.0,12.0,
KiK-net,KYTH04,MIYAMA,35.2685,135.5508,190.0,100.0,5,kiknet_layer,762.3762376237623,960.6726335774342,220.0,0.0,1.0,1.0,1.0,
KiK-net,KYTH05,AMINO,35.6814,135.0268,5.0,150.0,5,kiknet_layer,110.0,110.0,110.0,20.0,20.0,35.0,,
KiK-net,KYTH08,KYOTO,35.0094,135.7304,32.0,704.0,5,kiknet_layer,300.0,383.13253012048193,300.0,0.0,10.0,10.0,125.0,
KiK-net,MIEH01,YOKKAICHI,34.9849,136.4563,290.0,140.0,5,kiknet_layer,196.875,280.442714667964,140.0,4.0,12.0,12.0,30.0,
KiK-net,MIEH02,OYAMADA,34.7662,136.2835,280.0,200.0,5,kiknet_layer,218.86792452830187,335.6913183279743,160.0,4.0,10.0,10.0,10.0,
KiK-net,MIEH03,URESHINO,34.547,136.3692,280.0,100.0,5,kiknet_layer,231.87442004330345,335.3956380300889,110.0,2.0,8.0,16.0,16.0,
KiK-net,MIEH04,WATARAI,34.3532,136.5866,90.0,112.0,4,kiknet_layer,347.88732394366195,421.13745182763046,260.0,0.0,2.0,14.0,14.0,
KiK-net,MIEH05,OWASE,34.0637,136.1689,85.0,100.0,5,kiknet_layer,388.2352941176471,488.8888888888889,240.0,0.0,4.0,4.0,24.0,
KiK-net,MIEH06,MIYAGAWA,34.358,136.3293,129.0,100.0,6,kiknet_layer,467.46370623398803,738.8262869069134,170.0,2.0,2.0,2.0,6.0,
KiK-net,MIEH07,SHIMA,34.2544,136.8216,10.0,207.0,6,kiknet_layer,325.21435376309944,488.3643299952313,190.0,2.0,2.0,8.0,8.0,
KiK-net,MIEH08,MATSUSAKA,34.5424,136.5033,35.0,150.0,6,kiknet_layer,603.0790693039709,825.9288321790455,240.0,0.0,2.0,2.0,2.0,
KiK-net,MIEH09,KIHO,33.7644,135.9969,90.0,100.0,6,kiknet_layer,327.2727272727273,467.82884310618067,200.0,3.0,3.0,10.0,10.0,
KiK-net,MIEH10,GEINO,34.8224,136.4245,75.0,197.0,6,kiknet_layer,283.54430379746833,357.38147600040094,140.0,1.0,1.0,16.0,72.0,
KiK-net,MYGH01,SENDAI,38.24,140.9969,2.0,1206.0,5,kiknet_layer,210.0,210.0,210.0,0.0,20.0,50.0,110.0,
KiK-net,MYGH02,NARUKO,38.8587,140.6513,345.0,203.0,6,kiknet_layer,274.8973305954826,341.3001912045889,140.0,2.0,2.0,20.0,62.0,
KiK-net,MYGH03,KARAKUWA,38.9207,141.6377,80.0,117.0,4,kiknet_layer,500.0,767.4418604651163,350.0,0.0,0.0,4.0,4.0,
KiK-net,MYGH04,TOWA,38.786,141.3254,35.0,100.0,4,kiknet_layer,409.3023255813954,669.6443341604632,220.0,0.0,4.0,4.0,4.0,
KiK-net,MYGH05,ONODA,38.5793,140.7804,59.0,337.0,9,kiknet_layer,269.2307692307692,283.7837837837838,120.0,2.0,16.0,2.0,86.0,
KiK-net,MYGH06,TAJIRI,38.5907,141.071,20.0,100.0,3,kiknet_layer,463.0872483221476,554.2168674698796,200.0,2.0,2.0,2.0,,
KiK-net,MYGH07,KAWASAKI,38.1802,140.6405,186.0,142.0,4,kiknet_layer,265.9090909090909,334.2857142857142,130.0,2.0,2.0,,,
KiK-net,MYGH08,IWANUMA,38.1133,140.8441,10.0,100.0,4,kiknet_layer,88.05970149253731,153.24675324675326,20.0,2.0,2.0,2.0,72.0,
KiK-net,MYGH09,SHIROISHI,38.0091,140.6027,130.0,100.0,6,kiknet_layer,281.25,315.7894736842105,150.0,2.0,2.0,38.0,38.0,
KiK-net,MYGH10,YAMAMOTO,37.9411,140.8924,18.0,205.0,5,kiknet_layer,285.391165513571,329.5943454210203,110.0,1.0,3.0,34.0,,
KiK-net,MYGH11,KAHOKU,38.5158,141.3421,5.0,207.0,6,kiknet_layer,409.3220338983051,667.4187279426626,210.0,0.0,3.0,3.0,10.0,
KiK-net,MYGH12,SHIZUGAWA,38.6416,141.4428,18.0,103.0,4,kiknet_layer,384.22712933753945,585.2356244224891,280.0,0.0,6.0,6.0,6.0,
KiK-net,MYGH13,MINAMISANRIKU,38.6993,141.4176,90.0,100.0,5,kiknet_layer,349.3975903614458,448.43732984863334,250.0,0.0,5.0,5.0,16.0,
KiK-net,MYZH01,GOKASE,32.6536,131.2257,605.0,103.0,6,kiknet_layer,475.33632286995515,501.1820330969268,300.0,0.0,1.5,1.5,24.0,
KiK-net,MYZH02,KITAGAWA,32.6972,131.6829,20.0,210.0,6,kiknet_layer,548.4225972120323,771.4138286893706,250.0,0.0,2.0,2.0,8.0,
KiK-net,MYZH03,SHIIBA,32.4754,131.1043,519.0,200.0,6,kiknet_layer,280.0,413.94996209249433,280.0,0.0,10.0,10.0,16.0,
KiK-net,MYZH04,MOROTSUKA,32.5181,131.3349,250.0,100.0,6,kiknet_layer,240.98360655737704,378.5112359550562,180.0,6.0,6.0,10.0,10.0,
KiK-net,MYZH05,NANGO,32.347,131.2668,353.0,100.0,5,kiknet_layer,646.3133640552995,920.7098163914249,330.0,0.0,0.0,2.0,2.0,
KiK-net,MYZH06,TOGO,32.3607,131.4643,100.0,100.0,5,kiknet_layer,383.95904436860064,587.4673629242819,200.0,4.0,4.0,4.0,4.0,
KiK-net,MYZH07,NISHIMERA,32.1987,131.1946,235.0,100.0,5,kiknet_layer,502.710027100271,739.7806580259223,280.0,0.0,2.0,2.0,8.0,
KiK-net,MYZH08,KAWAMINAMI,32.2132,131.5309,68.0,214.0,5,kiknet_layer,272.88135593220335,342.55319148936167,140.0,3.0,3.0,,,
KiK-net,MYZH09,SUKI,32.0421,131.0618,335.0,100.0,5,kiknet_layer,705.8823529411765,888.8888888888889,360.0,0.0,0.0,3.0,3.0,
KiK-net,MYZH10,KUNITOMI,32.0215,131.29,80.0,100.0,5,kiknet_layer,320.2511773940345,435.4322305229456,100.0,1.5,3.5,3.5,,
KiK-net,MYZH11,SADOWARA,32.0208,131.47,12.0,212.0,4,kiknet_layer,330.0,448.54368932038835,330.0,0.0,0.0,10.0,10.0,
KiK-net,MYZH12,MIYAKONOJO-N,31.8643,130.9454,525.0,101.0,6,kiknet_layer,174.41860465116278,256.3059397884459,120.0,4.0,12.0,12.0,32.0,
KiK-net,MYZH13,MIYAKONOJO-S,31.7301,131.0791,152.0,117.0,7,kiknet_layer,225.0,232.25806451612902,180.0,2.0,20.0,43.0,43.0,
KiK-net,MYZH14,NICHINAN,31.5649,131.351,5.0,201.0,6,kiknet_layer,178.94736842105263,262.4035281146637,160.0,8.0,8.0,14.0,14.0,
KiK-net,MYZH15,HYUGA,32.3654,131.5893,170.0,200.0,6,kiknet_layer,230.76923076923077,358.2089552238806,120.0,2.0,10.0,10.0,10.0,
KiK-net,MYZH16,NOBEOKA,32.506,131.6958,2.0,100.0,6,kiknet_layer,516.2790697674419,713.0845536136042,420.0,0.0,0.0,7.0,7.0,
KiK-net,NARH01,TOTSUKAWA-W,33.9666,135.6489,780.0,99.0,5,kiknet_layer,156.53949579831934,256.5867768595041,131.0,8.0,8.0,8.0,8.0,
KiK-net,NARH02,TOTSUKAWA-E,33.9692,135.8574,480.0,100.0,3,kiknet_layer,226.0,328.80236154062413,226.0,0.0,12.0,12.0,12.0,
KiK-net,NARH03,KAWAKAMI,34.2925,136.0022,358.0,101.0,4,kiknet_layer,208.84074941451993,360.345945659798,145.0,6.0,6.0,6.0,12.0,
KiK-net,NARH04,KUROTAKI,34.3061,135.8369,387.0,101.0,4,kiknet_layer,414.87678397305206,472.60678582247806,341.0,0.0,0.0,5.3,,
KiK-net,NARH05,HIGASHIYOSHINO,34.4237,136.0294,390.0,101.0,8,kiknet_layer,189.45360824742266,297.6672450659476,141.0,6.0,6.0,12.0,12.0,
KiK-net,NARH06,YAMAZOE,34.6413,136.0512,276.6,101.0,7,kiknet_layer,178.6145648312611,281.34611972161406,96.0,4.0,4.0,13.8,13.8,
KiK-net,NARH07,TENRI,34.5843,135.8541,130.0,100.0,5,kiknet_layer,329.58034800409416,504.70219435736675,230.0,0.0,5.5,5.5,5.5,
KiK-net,NGNH03,ACHI2,35.4786,137.7346,870.0,165.0,8,kiknet_layer,225.6637168141593,296.04705519739036,150.0,4.0,4.0,17.0,17.0,
KiK-net,NGNH07,NAKANO,36.7434,138.376,378.0,200.0,4,kiknet_layer,0.43165467625899284,0.547945205479452,0.16,20.0,20.0,,,
KiK-net,NGNH08,MISATO,36.2541,137.8591,668.0,250.0,5,kiknet_layer,340.9090909090909,405.4054054054054,150.0,2.0,2.0,2.0,40.0,
KiK-net,NGNH09,TAKESHI,36.2859,138.2491,605.0,100.0,3,kiknet_layer,450.0,600.0,150.0,2.0,2.0,2.0,2.0,
KiK-net,NGNH10,KISO,35.9632,137.7669,960.0,104.0,4,kiknet_layer,327.5862068965517,448.32170156198066,200.0,4.0,4.0,4.0,10.0,
KiK-net,NGNH11,FUJIMI,35.9157,138.3052,1238.0,206.0,6,kiknet_layer,235.15625000000003,315.58206796818513,140.0,4.0,4.0,16.0,44.0,
KiK-net,NGNH12,MINAMIMAKI,35.9696,138.4797,1320.0,206.0,6,kiknet_layer,0.375,0.4615384615384615,0.15,20.0,20.0,,,
KiK-net,NGNH13,TAKAGI,35.5143,137.8767,423.0,124.0,5,kiknet_layer,348.21428571428567,440.6779661016949,130.0,2.0,2.0,2.0,22.0,
KiK-net,NGNH14,HIRAYA,35.3095,137.6261,960.0,101.0,4,kiknet_layer,280.0,371.6814159292036,120.0,2.0,2.0,14.0,14.0,
KiK-net,NGNH15,TATSUNO,36.0088,137.9305,820.0,100.0,5,kiknet_layer,403.1007751937984,605.9795586971057,160.0,2.0,2.0,2.0,10.0,
KiK-net,NGNH16,CHINO,35.9465,138.1848,870.0,247.0,9,kiknet_layer,181.44329896907217,231.57894736842104,110.0,4.0,4.0,22.0,68.0,
KiK-net,NGNH17,SAKU,36.1425,138.5504,860.0,100.0,6,kiknet_layer,358.97435897435895,474.57627118644064,200.0,3.0,3.0,3.0,8.0,
KiK-net,NGNH18,KAIDA,35.9324,137.595,1150.0,100.0,6,kiknet_layer,246.3325183374083,334.30111986727496,100.0,2.0,2.0,6.0,,
KiK-net,NGNH19,KAWAKAMI,35.9735,138.5845,1190.0,115.0,5,kiknet_layer,327.1006746692368,425.8484001596989,170.0,2.0,2.0,7.0,30.0,
KiK-net,NGNH20,AGEMATSU,35.787,137.7173,895.0,100.0,5,kiknet_layer,346.6108517146997,467.9491359634822,130.0,2.0,2.0,5.0,5.0,
KiK-net,NGNH21,INA,35.8315,137.9236,770.0,181.0,6,kiknet_layer,388.2352941176471,471.4285714285715,220.0,0.0,2.0,8.0,52.0,
KiK-net,NGNH22,HASE,35.7946,138.0824,820.0,100.0,5,kiknet_layer,653.6312849162011,846.2929475587704,180.0,1.0,1.0,1.0,1.0,
KiK-net,NGNH23,NAGISO,35.6056,137.6105,430.0,102.0,4,kiknet_layer,339.622641509434,461.53846153846155,200.0,2.0,2.0,8.0,8.0,
KiK-net,NGNH24,MATSUKAWA,35.6152,137.8797,715.0,107.0,4,kiknet_layer,345.93023255813955,427.67295597484275,170.0,2.0,2.0,6.0,,
KiK-net,NGNH25,MINAMISHINANO,35.2986,137.9268,430.0,102.0,4,kiknet_layer,305.10204081632656,494.21487603305786,130.0,2.0,2.0,10.0,10.0,
KiK-net,NGNH26,KAMIYAMADA,36.4663,138.1474,395.0,103.0,5,kiknet_layer,243.77358490566036,283.9560439560439,190.0,5.0,5.0,71.0,71.0,
KiK-net,NGNH27,SHINSHUSHIN,36.577,138.0479,505.0,102.0,4,kiknet_layer,260.204081632653,318.36175395858703,170.0,2.0,10.0,,,
KiK-net,NGNH28,TOGAKUSHI,36.7075,138.0964,935.0,120.0,3,kiknet_layer,323.07692307692304,409.7560975609756,120.0,2.0,2.0,2.0,,
KiK-net,NGNH29,NOZAWAONSEN,36.9102,138.4408,570.0,110.0,4,kiknet_layer,266.66666666666663,392.0529801324503,150.0,3.0,3.0,10.0,10.0,
KiK-net,NGNH30,NAGAWA,36.064,137.6849,1095.0,101.0,6,kiknet_layer,247.57733369833016,373.4875077431344,140.0,3.0,3.0,9.0,9.0,
KiK-net,NGNH31,SHIOJIRI,36.1184,137.9389,720.0,218.0,7,kiknet_layer,322.7650727650728,447.64822490538836,150.0,2.0,4.0,6.0,16.0,
KiK-net,NGNH32,MATSUMOTO,36.2578,137.9898,640.0,100.0,6,kiknet_layer,226.33744855967078,280.6673209028459,200.0,2.0,11.0,36.0,36.0,
KiK-net,NGNH33,IKUSAKA,36.4598,137.9637,490.0,106.0,8,kiknet_layer,293.99367755532137,378.6687421004822,200.0,2.0,2.0,16.0,42.0,
KiK-net,NGNH34,OHMACHI-C,36.5327,137.8201,825.0,106.0,6,kiknet_layer,305.29128808123994,393.20095313741064,140.0,1.0,1.0,15.0,26.0,
KiK-net,NGNH35,HOTAKA,36.3824,137.8201,720.0,105.0,6,kiknet_layer,293.96984924623115,427.007299270073,100.0,2.0,2.0,6.0,6.0,
KiK-net,NGNH37,MIYOTA,36.3308,138.4967,845.0,709.0,7,kiknet_layer,182.6086956521739,278.89701744513224,120.0,2.0,10.0,10.0,105.0,
KiK-net,NGNH54,IIDA,35.4489,138.0058,1168.0,104.0,4,kiknet_layer,600.0,600.0,600.0,0.0,0.0,0.0,22.0,
KiK-net,NGSH01,HIRADO,33.2116,129.4353,30.0,207.0,6,kiknet_layer,222.972972972973,285.1296043656207,150.0,4.0,4.0,18.0,18.0,
KiK-net,NGSH03,SASEBO-S,33.1256,129.8102,10.0,200.0,5,kiknet_layer,416.6666666666667,535.7142857142858,250.0,0.0,4.0,4.0,4.0,
KiK-net,NGSH04,KINKAI,32.9553,129.8026,3.0,100.0,6,kiknet_layer,285.71428571428567,469.2737430167597,240.0,0.0,6.0,10.0,10.0,
KiK-net,NGSH06,NAGASAKI,32.6999,129.8625,155.0,200.0,7,kiknet_layer,1058.8235294117646,1223.3009708737864,900.0,0.0,0.0,0.0,0.0,
KiK-net,NIGH01,NAGAOKA,37.4272,138.8876,85.0,100.0,0,,,,,,,,,
KiK-net,NIGH02,ASAHI,38.2799,139.5486,34.0,105.0,4,kiknet_layer,300.0,342.85714285714283,150.0,2.0,2.0,32.0,,
KiK-net,NIGH03,ARAKAWA,38.1327,139.4289,6.0,221.0,5,kiknet_layer,220.58823529411762,234.375,150.0,2.0,20.0,62.0,,
KiK-net,NIGH04,SEKIKAWA,38.1313,139.5428,78.0,100.0,4,kiknet_layer,286.95652173913044,359.18367346938777,110.0,2.0,2.0,50.0,,
KiK-net,NIGH05,SEIRO,37.9759,139.2788,7.0,147.0,4,kiknet_layer,186.6952789699571,227.15404699738906,120.0,8.0,20.0,,,
KiK-net,NIGH06,KAMO,37.6527,139.0676,30.0,100.0,3,kiknet_layer,160.71428571428572,201.49253731343285,100.0,4.0,10.0,,,
KiK-net,NIGH07,MURAMATSU,37.6658,139.261,75.0,107.0,5,kiknet_layer,269.2307692307692,403.62425019460596,200.0,4.0,4.0,10.0,10.0,
KiK-net,NIGH08,TSUGAWA,37.6708,139.4648,68.0,300.0,6,kiknet_layer,269.2307692307692,304.34782608695656,140.0,2.0,2.0,92.0,,
KiK-net,NIGH09,SHITADA,37.5386,139.1279,93.0,100.0,6,kiknet_layer,300.0,399.2172211350293,150.0,2.0,2.0,12.0,46.0,
KiK-net,NIGH10,KAMIKAWA,37.5438,139.3648,218.0,100.0,4,kiknet_layer,563.2841328413284,628.1893004115227,430.0,0.0,0.0,4.0,4.0,
KiK-net,NIGH11,KAWANISHI,37.1728,138.744,165.0,205.0,6,kiknet_layer,333.33333333333337,363.6363636363636,200.0,2.0,2.0,56.0,56.0,
KiK-net,NIGH12,YUNOTANI,37.2239,138.9821,110.0,110.0,4,kiknet_layer,410.95890410958907,493.18770408737754,240.0,0.0,2.0,2.0,14.0,
KiK-net,NIGH13,MAKI,37.0544,138.3966,230.0,100.0,5,kiknet_layer,459.4594594594594,520.408163265306,340.0,0.0,0.0,4.0,,
KiK-net,NIGH14,SHIOZAWA,37.0303,138.8521,185.0,387.0,8,kiknet_layer,320.0,367.21311475409834,320.0,0.0,0.0,14.0,20.0,
KiK-net,NIGH15,MUIKA,37.0533,138.9951,358.0,100.0,6,kiknet_layer,560.0,614.0350877192983,560.0,0.0,0.0,0.0,16.0,
KiK-net,NIGH16,ITOIGAWA,36.9378,137.848,149.0,100.0,5,kiknet_layer,350.0,466.6666666666667,350.0,0.0,0.0,10.0,10.0,
KiK-net,NIGH17,MYOKO-KOGEN,36.8569,138.0966,1305.0,150.0,9,kiknet_layer,230.53892215568862,314.73911998076454,100.0,2.0,4.0,16.0,78.0,
KiK-net,NIGH18,MYOKO,36.9425,138.2594,240.0,110.0,5,kiknet_layer,229.7297297297297,260.204081632653,170.0,4.0,20.0,22.0,,
KiK-net,NIGH19,YUZAWA,36.8114,138.7849,985.0,100.0,5,kiknet_layer,500.0,563.3802816901408,500.0,0.0,0.0,0.0,14.0,
KiK-net,NMRH01,SHIBETSU-N,43.785,145.0246,80.0,111.0,7,kiknet_layer,293.6170212765957,381.45341061078915,120.0,2.0,2.0,14.0,,
KiK-net,NMRH02,SHIBETSU-S,43.6772,144.9618,165.0,103.0,7,kiknet_layer,181.44329896907217,266.2632375189107,110.0,4.0,4.0,10.0,,
KiK-net,NMRH03,NAKASHIBETSU,43.5508,144.9665,30.0,228.0,7,kiknet_layer,159.67741935483872,169.23076923076923,110.0,20.0,20.0,,,
KiK-net,NMRH04,BEKKAI-E,43.3978,145.1224,30.0,216.0,8,kiknet_layer,129.03225806451613,142.85714285714283,100.0,20.0,20.0,,,
KiK-net,NMRH05,BEKKAI-W,43.39,144.8021,92.0,220.0,6,kiknet_layer,160.3896103896104,173.94366197183098,130.0,20.0,20.0,,,
KiK-net,OITH01,YAMAGUNI,33.4122,131.0326,249.0,200.0,5,kiknet_layer,468.75,714.2857142857142,400.0,0.0,0.0,8.0,8.0,
KiK-net,OITH02,YAMAGA,33.4581,131.4429,165.0,100.0,5,kiknet_layer,240.0,402.6845637583893,200.0,8.0,8.0,8.0,8.0,
KiK-net,OITH03,AKI,33.4736,131.6856,35.0,400.0,8,kiknet_layer,313.71237458193974,427.3348519362187,140.0,3.0,3.0,3.0,50.0,
KiK-net,OITH04,SHONAI,33.1306,131.3473,500.0,230.0,5,kiknet_layer,282.3529411764706,355.5555555555556,270.0,0.0,9.0,20.0,20.0,
KiK-net,OITH05,NOTSUHARA,33.1525,131.542,160.0,100.0,4,kiknet_layer,973.9130434782609,1210.8108108108108,700.0,0.0,0.0,0.0,0.0,
KiK-net,OITH06,TAKETA,32.9726,131.3984,260.0,103.0,5,kiknet_layer,743.2432432432432,734.9421619465496,500.0,0.0,0.0,0.0,4.0,
KiK-net,OITH07,MIE,32.987,131.5881,160.0,101.0,5,kiknet_layer,161.0169491525424,215.79232017306649,100.0,14.0,14.0,14.0,,
KiK-net,OITH08,UME-W,32.8392,131.5357,260.0,101.0,6,kiknet_layer,289.39929328621906,492.2318718634491,150.0,4.0,4.0,4.0,8.0,
KiK-net,OITH10,SAIKI,32.9278,131.8695,80.0,100.0,6,kiknet_layer,552.5078369905956,713.300220750552,470.0,0.0,0.0,6.0,6.0,
KiK-net,OITH11,KOKONOE,33.2844,131.2118,460.0,160.0,7,kiknet_layer,348.2857142857143,462.9113924050633,230.0,0.0,4.0,4.0,64.0,
KiK-net,OKYH01,TAMANO,34.507,133.8905,10.0,201.0,5,kiknet_layer,139.02439024390245,203.57142857142858,120.0,8.0,8.0,44.0,44.0,
KiK-net,OKYH02,SETO,34.7501,134.0702,30.0,200.0,4,kiknet_layer,494.69827150510463,818.5398896136478,413.0,0.0,0.0,8.0,8.0,
KiK-net,OKYH03,OKAYAMA,34.7783,133.789,100.0,201.0,5,kiknet_layer,145.010395010395,219.33962264150944,124.0,8.0,8.0,20.0,20.0,
KiK-net,OKYH04,MABI,34.6429,133.6861,50.0,100.0,7,kiknet_layer,150.7361963190184,263.3087742799732,54.0,2.0,10.0,10.0,10.0,
KiK-net,OKYH05,TAKEBE,34.8684,133.8527,320.0,100.0,6,kiknet_layer,336.5853658536586,487.62212903637806,240.0,0.0,4.0,10.0,10.0,
KiK-net,OKYH06,BISEI,34.6756,133.5283,385.0,100.0,5,kiknet_layer,402.45614035087715,488.0851063829787,370.0,0.0,0.0,8.0,24.0,
KiK-net,OKYH07,SHINGO,35.0493,133.3169,563.5,100.0,5,kiknet_layer,613.1147540983605,795.5028866605895,510.0,0.0,0.0,0.0,6.0,
KiK-net,OKYH08,TETTA,34.9103,133.4055,430.0,100.0,7,kiknet_layer,461.53846153846155,571.4285714285713,400.0,0.0,0.0,6.0,12.0,
KiK-net,OKYH09,YUBARA,35.1809,133.6765,405.0,100.0,4,kiknet_layer,320.0,386.47342995169083,320.0,0.0,0.0,14.0,14.0,
KiK-net,OKYH11,SHOO,35.0732,134.1162,129.0,201.0,5,kiknet_layer,280.0,410.66666666666663,280.0,0.0,10.0,10.0,10.0,
KiK-net,OKYH12,OHARA,35.0999,134.319,280.0,201.0,4,kiknet_layer,380.0,554.4262295081967,380.0,0.0,0.0,12.0,12.0,
KiK-net,OKYH14,HOKUBO,34.9363,133.6205,218.09,100.0,4,kiknet_layer,324.3243243243243,547.2312703583061,120.0,3.0,3.0,3.0,3.0,
KiK-net,OSKH01,TAJIRI,34.3977,135.2836,4.98,1505.0,0,,,,,,,,,
KiK-net,OSKH02,KONOHANA,34.6628,135.3896,6.68,2008.0,0,,,,,,,,,
KiK-net,OSKH04,KATANO,34.763,135.7052,240.0,200.0,4,kiknet_layer,260.59405940594064,401.0128755364807,224.0,0.0,8.0,8.0,8.0,
KiK-net,OSMH01,SHIRIUCHI,41.5977,140.4207,5.0,150.0,6,kiknet_layer,180.0,201.1764705882353,180.0,16.0,16.0,46.0,,
KiK-net,OSMH02,KAMIISO,41.8374,140.6331,10.0,360.0,8,kiknet_layer,245.2830188679245,298.1291490645745,200.0,2.0,10.0,96.0,164.0,
KiK-net,RMIH02,TESHIO,44.8948,141.9251,10.0,107.0,6,kiknet_layer,125.0,141.7910447761194,100.0,20.0,20.0,,,
KiK-net,RMIH04,OBIRA-E,44.0974,141.9621,102.0,100.0,5,kiknet_layer,451.7142857142857,491.12641815235,310.0,0.0,0.0,2.0,36.0,
KiK-net,RMIH05,OBIRA-W,44.0254,141.7876,21.0,105.0,6,kiknet_layer,150.0,171.05263157894734,150.0,16.0,16.0,24.0,34.0,
KiK-net,SAGH01,CHINZEI,33.508,129.8877,118.0,200.0,6,kiknet_layer,485.3251486667946,781.1052794072245,230.0,0.0,2.0,2.0,8.0,
KiK-net,SAGH02,IMARI,33.2656,129.8798,31.0,103.0,4,kiknet_layer,312.1583411875589,466.1505981703026,180.0,2.0,2.0,8.0,8.0,
KiK-net,SAGH04,HIGASHISEFURI,33.3654,130.4046,55.0,200.0,4,kiknet_layer,333.33333333333337,560.0,200.0,2.0,2.0,10.0,10.0,
KiK-net,SAGH05,SHIROISHI,33.1806,130.1046,18.0,203.0,4,kiknet_layer,1000.0,1000.0,960.0,0.0,0.0,0.0,0.0,
KiK-net,SBSH01,FURUBIRA,43.2341,140.6228,28.0,100.0,5,kiknet_layer,414.7201480630544,638.8370035391271,170.0,2.0,2.0,2.0,8.0,
KiK-net,SBSH02,TOMARI,43.0527,140.5017,25.0,100.0,5,kiknet_layer,265.4708520179372,440.32634704644386,160.0,3.0,3.0,10.0,10.0,
KiK-net,SBSH03,AKAIGAWA,43.0842,140.8199,145.0,220.0,9,kiknet_layer,187.80096308186194,218.08014911463187,150.0,8.0,20.0,140.0,,
KiK-net,SBSH04,KYOWA,42.9758,140.6219,20.0,200.0,5,kiknet_layer,333.3333333333333,407.82698249227604,240.0,0.0,3.0,16.0,16.0,
KiK-net,SBSH05,KUCCHAN,42.95,140.8223,240.0,100.0,5,kiknet_layer,216.10738255033556,222.83737024221455,140.0,1.0,20.0,32.0,32.0,
KiK-net,SBSH06,RANKOSHI,42.8309,140.4831,39.0,130.0,4,kiknet_layer,369.2307692307692,417.3913043478261,120.0,1.0,1.0,40.0,,
KiK-net,SBSH07,MAKKARI,42.763,140.8084,228.0,100.0,7,kiknet_layer,174.31192660550457,194.78493425451305,100.0,12.0,20.0,,,
KiK-net,SBSH08,KIMOBETSU,42.768,140.9766,285.0,100.0,5,kiknet_layer,217.10526315789474,261.9047619047619,200.0,8.0,8.0,20.0,,
KiK-net,SBSH09,KUROMATSUNAI,42.6104,140.4841,140.0,100.0,5,kiknet_layer,549.4047619047619,634.7203705003157,520.0,0.0,0.0,0.0,8.0,
KiK-net,SBSH10,SHIMAMAKI,42.7797,140.1557,32.0,100.0,6,kiknet_layer,589.655172413793,777.2727272727273,180.0,1.0,1.0,3.0,3.0,
KiK-net,SIGH01,TAGA,35.2383,136.3599,610.0,100.0,3,kiknet_layer,350.0,444.44444444444446,350.0,0.0,0.0,14.0,14.0,
KiK-net,SIGH03,SHIGARAKI,34.853,136.0316,360.0,200.0,4,kiknet_layer,320.0,347.54098360655735,320.0,0.0,0.0,16.0,38.0,
KiK-net,SIGH04,HINO,34.9638,136.261,320.0,200.0,6,kiknet_layer,378.3783783783784,451.6129032258064,350.0,0.0,0.0,8.0,36.0,
KiK-net,SITH01,IWATSUKI,35.929,139.7349,8.0,3511.0,0,,,,,,,,,
KiK-net,SITH03,HIDAKA,35.899,139.3843,51.0,1800.0,9,kiknet_layer,330.0,330.0,330.0,0.0,0.0,74.0,200.0,
KiK-net,SITH04,TOKOROZAWA,35.8028,139.5353,30.0,2000.0,9,kiknet_layer,290.0,290.0,290.0,0.0,20.0,75.0,450.0,
KiK-net,SITH05,KAMIIZUMI,36.1509,139.0504,150.0,100.0,3,kiknet_layer,388.8888888888889,567.5675675675676,200.0,4.0,4.0,4.0,4.0,
KiK-net,SITH06,KAWAMOTO,36.1131,139.2894,80.0,200.0,4,kiknet_layer,183.33333333333334,294.64285714285717,110.0,4.0,4.0,10.0,10.0,
KiK-net,SITH07,NAGURI,35.9118,139.1485,340.0,102.0,5,kiknet_layer,443.92523364485976,614.8867313915858,190.0,2.0,2.0,2.0,8.0,
KiK-net,SITH08,OGANO,36.0274,138.9691,295.0,100.0,5,kiknet_layer,243.3609958506224,399.5973985754104,170.0,6.0,6.0,6.0,12.0,
KiK-net,SITH09,MINANO,36.0715,139.0993,165.0,122.0,5,kiknet_layer,487.6213924223773,741.8582873790448,250.0,0.0,1.0,8.0,8.0,
KiK-net,SITH10,TOKIGAWA,35.9964,139.2191,180.0,102.0,8,kiknet_layer,234.89932885906043,404.30193188607853,140.0,4.0,7.0,7.0,7.0,
KiK-net,SITH11,HANNO,35.8637,139.2726,155.0,102.0,7,kiknet_layer,199.2753623188406,279.18781725888323,110.0,2.0,14.0,14.0,14.0,
KiK-net,SMNH01,HAKUTA,35.2963,133.2604,170.0,101.0,6,kiknet_layer,290.0,368.3602771362587,290.0,0.0,11.0,11.0,22.0,
KiK-net,SMNH02,NITA,35.2235,133.0856,340.0,101.0,4,kiknet_layer,330.0,421.27659574468083,330.0,0.0,0.0,12.0,12.0,
KiK-net,SMNH03,SADA,35.2243,132.7223,110.0,101.0,0,,,,,,,,,
KiK-net,SMNH04,OCHI,35.0918,132.5308,240.0,101.0,4,kiknet_layer,121.2121212121212,205.64516129032256,100.0,7.0,11.0,11.0,11.0,
KiK-net,SMNH05,HASUMI,34.8697,132.6396,165.0,101.0,4,kiknet_layer,394.7368421052632,545.4545454545455,300.0,0.0,4.0,4.0,14.0,
KiK-net,SMNH06,KANAGI,34.8839,132.2026,260.0,201.0,4,kiknet_layer,228.83211678832114,270.2586206896551,190.0,6.0,6.0,30.0,30.0,
KiK-net,SMNH07,MITO,34.694,132.0402,290.0,209.0,5,kiknet_layer,297.2049689440994,312.7450980392157,290.0,0.0,8.0,36.0,36.0,
KiK-net,SMNH08,IWAMI,34.8801,132.4208,300.0,100.0,4,kiknet_layer,285.91160220994476,395.39830692424573,230.0,0.0,6.0,16.0,16.0,
KiK-net,SMNH09,HIKIMI,34.5725,132.0122,260.0,200.0,4,kiknet_layer,213.88888888888889,349.83435873166115,110.0,2.0,10.0,10.0,10.0,
KiK-net,SMNH10,MIHONOSEKI,35.5579,133.3004,9.0,200.0,4,kiknet_layer,701.7543859649122,864.2640428729408,500.0,0.0,0.0,0.0,4.0,
KiK-net,SMNH12,YOSHIDA,35.1634,132.8558,380.0,101.0,4,kiknet_layer,259.3338990241833,447.4743777452416,120.0,4.0,4.0,4.0,4.0,
KiK-net,SMNH13,GOTSU,35.0087,132.3069,100.0,100.0,5,kiknet_layer,286.7647058823529,483.18584070796464,150.0,2.0,8.0,8.0,8.0,
KiK-net,SOYH09,UTANOBORI-N,44.857,142.4868,20.0,100.0,6,kiknet_layer,270.6766917293233,226.53791906260173,160.0,12.0,14.0,30.0,30.0,
KiK-net,SOYH10,UTANOBORI-S,44.7433,142.6039,73.0,100.0,3,kiknet_layer,430.98591549295776,539.2070484581498,340.0,0.0,0.0,6.0,6.0,
KiK-net,SRCH02,HOROKANAI-C,44.116,142.1414,200.0,101.0,5,kiknet_layer,210.0,210.0,210.0,0.0,20.0,20.0,20.0,
KiK-net,SRCH03,HOROKANAI-S,43.9994,142.1258,155.0,100.0,7,kiknet_layer,139.43661971830986,173.57545397620538,90.0,4.0,20.0,48.0,60.0,
KiK-net,SRCH04,NUMATA,43.8203,141.9397,100.0,105.0,5,kiknet_layer,301.26582278481015,360.9098567818029,280.0,0.0,6.0,42.0,,
KiK-net,SRCH05,FUKAGAWA-N,43.8243,142.1594,200.0,102.0,5,kiknet_layer,294.72361809045225,373.5668789808917,230.0,0.0,6.0,6.0,30.0,
KiK-net,SRCH06,FUKAGAWA-S,43.6948,142.0776,80.0,147.0,6,kiknet_layer,183.07692307692307,255.331599479844,140.0,6.0,6.0,16.0,30.0,
KiK-net,SRCH07,MIKASA,43.23,141.8978,75.0,200.0,6,kiknet_layer,172.1311475409836,253.70226032735775,150.0,8.0,8.0,16.0,30.0,
KiK-net,SRCH08,SUNAGAWA,43.5138,141.909,30.0,122.0,6,kiknet_layer,228.0821917808219,289.9633363886343,90.0,2.0,2.0,18.0,,
KiK-net,SRCH09,KURIYAMA,43.0587,141.8063,30.0,122.0,7,kiknet_layer,138.46153846153845,196.0730749530476,90.0,10.0,16.0,42.0,,
KiK-net,SRCH10,YUBARI,42.993,142.0085,195.0,200.0,4,kiknet_layer,737.9679144385027,919.4053597175956,480.0,0.0,0.0,4.0,4.0,
KiK-net,SZOH24,INASA,34.8343,137.6616,19.2,300.0,7,kiknet_layer,620.6896551724138,935.7045143638851,360.0,0.0,0.0,4.0,4.0,
KiK-net,SZOH25,ARAI,34.6913,137.5604,6.0,450.0,8,kiknet_layer,280.0,298.9583333333333,280.0,0.0,16.0,28.0,222.0,
KiK-net,SZOH26,FUKUROI,34.7948,137.9034,22.7,450.0,8,kiknet_layer,208.69565217391306,252.63157894736844,120.0,1.0,8.0,26.0,290.0,
KiK-net,SZOH28,HAMAMATSU,34.6683,137.7441,5.0,996.0,7,kiknet_layer,133.33333333333331,182.6771653543307,100.0,10.0,20.0,30.0,200.0,
KiK-net,SZOH29,SHIZUOKA-N,35.307,138.1973,880.0,102.0,6,kiknet_layer,251.21908437116295,385.8303527991139,140.0,3.0,3.0,8.0,16.0,
KiK-net,SZOH30,MISAKUBO-N,35.2233,137.9181,540.0,102.0,6,kiknet_layer,268.65671641791045,387.34177215189874,180.0,4.0,4.0,12.0,12.0,
KiK-net,SZOH31,KAWANE,34.9398,138.0767,145.0,102.0,6,kiknet_layer,226.87891440501045,319.51488423373763,140.0,2.0,8.0,8.0,24.0,
KiK-net,SZOH32,TATSUYAMA-E,35.0086,137.8409,325.0,103.0,6,kiknet_layer,387.09677419354836,484.59086078639746,150.0,1.0,1.0,6.0,18.0,
KiK-net,SZOH33,SHIZUOKA-S,35.0146,138.3526,50.0,102.0,6,kiknet_layer,257.5998726722903,405.004691898655,150.0,2.0,8.0,8.0,8.0,
KiK-net,SZOH34,SHIMIZU-N,35.1304,138.4243,540.0,119.0,6,kiknet_layer,267.6923076923077,370.2127659574468,150.0,2.0,8.0,8.0,26.0,
KiK-net,SZOH35,ITO-C,34.9467,139.0855,140.0,300.0,4,kiknet_layer,100.0,122.58064516129032,100.0,15.0,15.0,45.0,,
KiK-net,SZOH36,FUJIEDA,34.9142,138.2008,90.0,100.0,6,kiknet_layer,428.57142857142856,580.6451612903226,200.0,2.0,2.0,2.0,7.0,
KiK-net,SZOH37,SHIBAKAWA,35.2028,138.5659,80.0,304.0,6,kiknet_layer,166.66666666666666,281.73374613003097,100.0,5.0,5.0,5.0,10.0,
KiK-net,SZOH38,KANNAMI,35.0854,138.9779,100.0,200.0,6,kiknet_layer,422.3300970873786,526.8166089965398,300.0,0.0,4.0,4.0,10.0,
KiK-net,SZOH39,NISHIIZU-W,34.7988,138.7724,130.0,103.0,4,kiknet_layer,180.0,285.5172413793104,180.0,10.0,10.0,10.0,22.0,
KiK-net,SZOH40,KAWAZU,34.7832,138.97,235.0,207.0,5,kiknet_layer,267.7165354330709,407.18562874251495,100.0,2.0,2.0,8.0,8.0,
KiK-net,SZOH41,MINAMIIZU,34.6749,138.834,60.0,109.0,4,kiknet_layer,374.29906542056074,526.9736842105264,270.0,0.0,6.0,6.0,6.0,
KiK-net,SZOH42,SHUZENJI,34.9756,138.9128,250.0,203.0,5,kiknet_layer,83.87096774193547,126.82926829268293,50.0,5.0,20.0,30.0,,
KiK-net,SZOH53,KAKEGAWA3,34.8768,138.0174,182.0,100.0,5,kiknet_layer,471.4285714285715,666.1490683229814,300.0,0.0,5.0,5.0,5.0,
KiK-net,SZOH54,HATSUSHIMA2,35.0417,139.1685,20.0,110.0,7,kiknet_layer,533.9464882943145,703.3039647577092,310.0,0.0,0.0,4.0,4.0,
KiK-net,TCGH06,MOKA,36.4458,139.9509,70.0,1648.0,7,kiknet_layer,360.0,360.0,360.0,0.0,0.0,75.0,175.0,
KiK-net,TCGH07,KURIYAMA-W,36.8817,139.4534,1085.0,100.0,5,kiknet_layer,301.36986301369865,343.75,220.0,0.0,4.0,22.0,22.0,
KiK-net,TCGH08,KURIYAMA-E,36.8828,139.6459,702.0,203.0,5,kiknet_layer,474.6753246753247,620.7091752496265,170.0,2.0,2.0,2.0,2.0,
KiK-net,TCGH09,YAITA,36.8625,139.8364,564.0,103.0,3,kiknet_layer,257.1428571428571,378.94736842105266,180.0,6.0,6.0,6.0,6.0,
KiK-net,TCGH10,OTAWARA,36.8578,140.0225,203.0,132.0,6,kiknet_layer,220.58823529411762,306.12244897959187,120.0,4.0,4.0,4.0,22.0,
KiK-net,TCGH11,IMAICHI,36.7084,139.7694,290.0,200.0,7,kiknet_layer,186.66666666666666,256.1576354679803,80.0,2.0,12.0,18.0,26.0,
KiK-net,TCGH12,UJIIE,36.6959,139.9842,162.0,120.0,5,kiknet_layer,228.2442748091603,305.10204081632656,130.0,4.0,4.0,50.0,84.0,
KiK-net,TCGH13,BATO,36.7342,140.1781,135.0,140.0,6,kiknet_layer,295.77464788732397,456.52173913043475,150.0,4.0,4.0,4.0,4.0,
KiK-net,TCGH14,AWANO,36.5509,139.6154,180.0,100.0,5,kiknet_layer,492.2547332185886,668.2242990654205,200.0,2.0,2.0,4.0,4.0,
KiK-net,TCGH15,UTSUNOMIYA,36.5595,139.8637,125.0,300.0,5,kiknet_layer,237.7049180327869,337.2093023255814,100.0,3.0,3.0,3.0,22.0,
KiK-net,TCGH16,HAGA,36.548,140.0751,105.0,112.0,7,kiknet_layer,121.7391304347826,172.8395061728395,80.0,8.0,18.0,76.0,,
KiK-net,TCGH17,FUJIHARA2,36.9853,139.6922,635.0,104.0,6,kiknet_layer,882.608695652174,1224.73604826546,700.0,0.0,0.0,0.0,0.0,
KiK-net,TKCH01,RIKUBETSU,43.4683,143.683,251.0,123.0,4,kiknet_layer,269.0647482014389,376.36572742955724,170.0,4.0,4.0,12.0,12.0,
KiK-net,TKCH02,ASHORO-E,43.3822,143.8983,328.0,103.0,3,kiknet_layer,258.125,359.1304347826087,140.0,4.0,4.0,4.0,,
KiK-net,TKCH03,ASHORO-W,43.2708,143.4317,199.0,200.0,6,kiknet_layer,214.28571428571428,308.0213903743316,120.0,4.0,4.0,14.0,44.0,
KiK-net,TKCH04,SHINTOKU-S,43.1739,142.9176,220.0,172.0,5,kiknet_layer,380.0,380.0,380.0,0.0,0.0,20.0,38.0,
KiK-net,TKCH05,HOMBETSU,43.1211,143.6181,65.0,100.0,6,kiknet_layer,191.71974522292993,271.0231923601637,140.0,6.0,6.0,18.0,30.0,
KiK-net,TKCH06,MEMURO,42.892,143.0603,97.0,227.0,6,kiknet_layer,252.35294117647055,286.0,130.0,2.0,2.0,,,
KiK-net,TKCH07,TOYOKORO,42.8114,143.5203,8.8,100.0,6,kiknet_layer,102.32558139534885,121.88365650969529,80.0,20.0,20.0,,,
KiK-net,TKCH08,TAIKI,42.4865,143.152,360.0,100.0,4,kiknet_layer,231.11111111111111,312.0,130.0,4.0,4.0,36.0,,
KiK-net,TKCH10,SHINTOKU-N,43.3337,142.9448,365.0,100.0,5,kiknet_layer,474.8511438420559,663.3468315639708,190.0,2.0,2.0,2.0,6.0,
KiK-net,TKCH11,SHIMIZU,42.8742,142.883,419.0,100.0,8,kiknet_layer,387.3626373626374,424.69879518072287,150.0,1.0,1.0,22.0,45.0,
KiK-net,TKSH02,SADAMITSU,34.0112,134.0918,190.0,100.0,7,kiknet_layer,174.24361493123774,266.7499508551209,98.0,4.0,4.0,14.0,14.0,
KiK-net,TKSH03,KOYADAIRA,33.8778,134.1294,640.0,201.0,4,kiknet_layer,171.0854572713643,281.762962962963,143.0,8.0,8.0,8.0,8.0,
KiK-net,TKSH04,TOKUSHIMA,33.9902,134.5337,10.0,100.0,6,kiknet_layer,272.72727272727275,361.59999999999997,200.0,2.0,14.0,14.0,14.0,
KiK-net,TKSH05,KAINAN,33.6628,134.3156,40.0,143.0,10,kiknet_layer,255.3191489361702,320.8731241473397,160.0,2.0,10.0,24.0,24.0,
KiK-net,TKSH06,IKAWA,33.9997,133.8933,605.0,157.0,5,kiknet_layer,327.3045507584597,423.5560588901472,170.0,2.0,2.0,6.0,36.0,
KiK-net,TKYH02,FUCHU,35.6539,139.4704,45.0,2753.0,0,,,,,,,,,
KiK-net,TKYH11,KOTO,35.6114,139.8125,6.0,3000.0,0,,,,,,,,,
KiK-net,TKYH12,HACHIOJI,35.6701,139.265,210.0,147.0,0,,,,,,,,,
KiK-net,TKYH13,HINOHARA-S,35.7017,139.1275,360.0,100.0,0,,,,,,,,,
KiK-net,TTRH02,HINO,35.2313,133.3909,410.0,100.0,4,kiknet_layer,210.0,253.64120781527532,210.0,0.0,11.0,20.0,,
KiK-net,TYMH01,HIMI,36.8866,136.9276,30.0,200.0,4,kiknet_layer,205.47945205479454,301.6353725015142,120.0,2.0,12.0,12.0,12.0,
KiK-net,TYMH03,TOYAMA,36.7294,137.2627,8.0,581.0,0,,,,,,,,,
KiK-net,TYMH04,UOZU,36.7914,137.4689,154.0,100.0,3,kiknet_layer,600.0,633.863965267728,530.0,0.0,0.0,0.0,14.0,
KiK-net,TYMH05,INAMI,36.5736,136.9584,89.0,144.0,6,kiknet_layer,436.61971830985914,541.5875427269275,200.0,2.0,2.0,2.0,16.0,
KiK-net,TYMH06,YATSUO,36.5711,137.1595,110.0,200.0,2,kiknet_layer,570.0,570.0,570.0,0.0,0.0,0.0,,
KiK-net,TYMH07,TOGA,36.4406,137.0392,670.0,100.0,5,kiknet_layer,295.45454545454544,353.96039603960395,150.0,2.0,2.0,16.0,24.0,
KiK-net,WKYH01,HIROGAWA,33.9804,135.2122,60.0,101.0,5,kiknet_layer,203.8850346878097,351.3242417778663,139.0,4.0,10.0,10.0,10.0,
KiK-net,WKYH04,SUSAMI,33.5559,135.5454,130.0,100.0,4,kiknet_layer,249.47851279575085,397.5524689257782,121.0,4.0,4.0,4.0,4.0,
KiK-net,WKYH07,KAMITONDA,33.6894,135.4396,21.8,100.0,6,kiknet_layer,264.0740740740741,285.2,230.0,0.0,5.0,27.0,27.0,
KiK-net,WKYH08,NAGA,34.3228,135.4483,560.0,112.0,4,kiknet_layer,240.0,294.1935483870968,240.0,0.0,10.0,25.0,25.0,
KiK-net,WKYH09,WAKAYAMA,34.2868,135.0714,5.0,200.0,7,kiknet_layer,187.69230769230768,287.0588235294117,160.0,8.0,8.0,8.0,40.0,
KiK-net,WKYH10,INAMI,33.8248,135.2172,40.0,100.0,7,kiknet_layer,214.28571428571428,341.8230563002681,150.0,4.0,10.0,10.0,10.0,
KiK-net,YMGH01,HOFU,34.0494,131.5618,35.0,200.0,3,kiknet_layer,1000.0,1186.4406779661015,1000.0,0.0,0.0,0.0,0.0,
KiK-net,YMGH02,MINE,34.1111,131.1434,70.0,200.0,5,kiknet_layer,179.28429093324476,286.68348380244294,151.0,8.0,8.0,8.0,8.0,
KiK-net,YMGH03,IWAKUNI,34.1891,132.126,85.0,200.0,5,kiknet_layer,298.0891719745223,421.6216216216216,260.0,0.0,8.0,8.0,8.0,
KiK-net,YMGH04,SHUTO,34.027,132.0626,175.0,100.0,6,kiknet_layer,325.6209150326797,467.684212727108,188.0,4.0,4.0,4.0,12.0,
KiK-net,YMGH06,UBE,33.9893,131.3012,80.0,200.0,2,kiknet_layer,2100.0,2100.0,2100.0,0.0,0.0,0.0,0.0,
KiK-net,YMGH07,KIKUGAWA,34.1149,131.0506,30.0,200.0,6,kiknet_layer,164.25155925155926,265.11744966442956,138.0,8.0,8.0,8.0,20.0,
KiK-net,YMGH08,TOYOURA,34.1349,130.9323,45.0,201.0,7,kiknet_layer,164.34929577464789,252.989942498185,143.0,8.0,8.0,16.0,16.0,
KiK-net,YMGH09,TAMAGAWA,34.6257,131.6681,10.0,100.0,6,kiknet_layer,182.43243243243242,246.40224640224642,150.0,6.0,14.0,14.0,28.0,
KiK-net,YMGH10,MUTSUMI,34.4837,131.6329,365.0,200.0,5,kiknet_layer,266.94214876033055,395.77944179714086,190.0,6.0,6.0,6.0,18.0,
KiK-net,YMGH11,TOKUJI,34.2091,131.6859,120.0,200.0,5,kiknet_layer,437.5,579.6178343949044,400.0,0.0,0.0,8.0,8.0,
KiK-net,YMGH14,HAGI,34.3979,131.3774,5.0,100.0,5,kiknet_layer,168.10344827586206,235.59183673469389,130.0,6.0,16.0,16.0,16.0,
KiK-net,YMGH15,TOKUYAMA,33.9725,131.8149,100.0,110.0,8,kiknet_layer,300.0,428.57142857142856,150.0,1.0,8.0,8.0,16.0,
KiK-net,YMGH16,KAMINOSEKI,33.826,132.104,65.0,106.0,5,kiknet_layer,548.3870967741935,666.6666666666667,300.0,0.0,3.0,3.0,3.0,
KiK-net,YMGH17,TOWA,33.9291,132.4046,5.0,100.0,4,kiknet_layer,169.01408450704224,198.34710743801654,100.0,3.0,20.0,26.0,,
KiK-net,YMNH08,NISHINOHARA,35.6895,138.734,375.0,1206.0,6,kiknet_layer,380.0,380.0,380.0,0.0,0.0,20.0,20.0,
KiK-net,YMNH09,HAYAKAWA,35.4327,138.3325,393.0,158.0,7,kiknet_layer,483.21991055804006,669.5945035699851,240.0,0.0,2.0,2.0,8.0,
KiK-net,YMNH10,HAYAKAWA-N,35.5351,138.3087,695.0,107.0,6,kiknet_layer,409.09090909090907,612.7659574468084,360.0,0.0,0.0,8.0,8.0,
KiK-net,YMNH11,OHTSUKI,35.6247,138.9777,465.0,200.0,4,kiknet_layer,230.0,268.0314960629921,230.0,0.0,12.5,31.5,31.5,
KiK-net,YMNH12,MASUHO,35.5623,138.449,295.0,148.0,5,kiknet_layer,240.0,363.6363636363636,240.0,0.0,10.0,10.0,10.0,
KiK-net,YMNH13,MINOBU,35.3509,138.4203,255.0,204.0,6,kiknet_layer,441.17647058823525,658.7837837837837,250.0,0.0,4.0,4.0,4.0,
KiK-net,YMNH14,TSURU-S,35.5115,138.9675,1010.0,250.0,7,kiknet_layer,150.087260034904,236.67010663914687,50.0,5.0,5.0,15.0,15.0,
KiK-net,YMNH15,KAMIKUISHIKI,35.5323,138.6045,525.0,116.0,4,kiknet_layer,297.2972972972973,468.0851063829787,200.0,6.0,6.0,6.0,6.0,
KiK-net,YMNH16,KOFU2,35.7421,138.5653,595.0,256.0,6,kiknet_layer,598.8165680473372,785.4179761156505,330.0,0.0,0.0,3.0,3.0,
KiK-net,YMTH01,TENDO,38.3841,140.3805,113.0,207.0,3,kiknet_layer,300.0,300.0,300.0,0.0,20.0,,,
KiK-net,YMTH02,YAMAGATA,38.2693,140.2583,130.0,150.0,4,kiknet_layer,200.0,246.75324675324674,200.0,12.0,12.0,,,
KiK-net,YMTH03,NANYO,38.1035,140.1553,278.0,114.0,4,kiknet_layer,667.0900692840647,827.650429799427,530.0,0.0,0.0,0.0,6.0,
KiK-net,YMTH04,KAMINOYAMA,38.0813,140.2978,315.0,100.0,4,kiknet_layer,170.49180327868854,222.45989304812835,130.0,6.0,6.0,,,
KiK-net,YMTH05,OGUNI,37.9883,139.8017,280.0,107.0,4,kiknet_layer,416.4179104477612,498.2142857142857,180.0,2.0,2.0,2.0,66.0,
KiK-net,YMTH06,TAKAHATA,37.9633,140.1836,233.0,145.0,6,kiknet_layer,170.49180327868854,222.45989304812835,130.0,6.0,6.0,44.0,86.0,
KiK-net,YMTH07,YONEZAWA,37.896,140.0278,352.0,200.0,6,kiknet_layer,221.96261682242988,312.1476661405148,190.0,4.0,10.0,10.0,,
KiK-net,YMTH08,YAWATA,38.9701,140.0333,115.0,106.0,5,kiknet_layer,192.00000000000003,272.6283987915408,120.0,4.0,4.0,28.0,,
KiK-net,YMTH09,TOZAWA,38.7498,140.178,65.0,200.0,5,kiknet_layer,177.27272727272728,251.04790419161674,120.0,4.0,10.0,32.0,32.0,
KiK-net,YMTH10,FUNAGATA,38.7107,140.3744,105.0,204.0,5,kiknet_layer,360.44776119402985,387.9518072289157,230.0,0.0,2.0,54.0,54.0,
KiK-net,YMTH11,MOGAMI,38.7132,140.5544,253.0,109.0,5,kiknet_layer,295.45454545454544,336.2068965517241,150.0,2.0,2.0,20.0,20.0,
KiK-net,YMTH12,TACHIKAWA,38.6357,140.0055,320.0,203.0,6,kiknet_layer,294.392523364486,338.7924712784161,180.0,2.0,2.0,44.0,44.0,
KiK-net,YMTH13,ASAHI,38.4704,139.7606,265.0,104.0,6,kiknet_layer,338.70967741935476,490.6799684956681,150.0,2.0,2.0,6.0,10.0,
KiK-net,YMTH14,NISHIKAWA-W,38.386,139.9916,465.0,103.0,4,kiknet_layer,224.71910112359552,261.437908496732,160.0,2.0,16.0,16.0,,
KiK-net,YMTH15,NISHIKAWA-E,38.4257,140.1249,305.0,100.0,5,kiknet_layer,230.0,241.82242990654203,230.0,0.0,18.0,30.0,,
