siteid2,site_code,network_label,n_records,mean_residual,fold,sa3_correction_log10,sa3_uhs_multiplier,sa3_uhs_delta_pct,fixed_sa_hazard_ratio_beta2,fixed_sa_hazard_delta_pct_beta2,fixed_sa_hazard_ratio_beta3,fixed_sa_hazard_delta_pct_beta3,fixed_sa_hazard_ratio_beta4,fixed_sa_hazard_delta_pct_beta4,corrected_sa3_if_baseline_0p20g,corrected_sa3_if_baseline_0p35g
1207661,KYTH07,KiK-net,33,-0.8583419484653001,0,-0.7890219539667392,0.1625466584912934,-83.74533415087066,0.026421416186685167,-97.35785838133148,0.004294712913753445,-99.57052870862465,0.0006980912333100289,-99.930190876669,0.03250933169825868,0.05689133047195269
1210421,OSKH01,KiK-net,32,-1.0058454528482983,0,-0.7728503045718577,0.16871344575830538,-83.12865542416947,0.028464226779640653,-97.15357732203593,0.004802297780839007,-99.5197702219161,0.000810212206162812,-99.91897877938372,0.03374268915166108,0.05904970601540688
1207911,MYGH01,KiK-net,143,-0.6888811697169461,1,-0.7470398202425115,0.17904416818121086,-82.09558318187892,0.03205681415970172,-96.79431858402982,0.005739585625763456,-99.42604143742365,0.0010276393340696525,-99.89723606659304,0.035808833636242175,0.0626654588634238
1210441,OSKH02,KiK-net,31,-1.085556409199827,0,-0.7324475662766923,0.18516224328449737,-81.48377567155026,0.03428505633814739,-96.57149436618526,0.006348297942706746,-99.36517020572933,0.0011754650881099407,-99.88245349118901,0.037032448656899475,0.06480678514957408
1207681,KYTH08,KiK-net,21,-0.6865766225478003,0,-0.6740288678051747,0.21182203312394338,-78.81779668760566,0.044868573716760965,-95.5131426283239,0.009504152508055837,-99.04958474919442,0.0020131889073764127,-99.79868110926236,0.04236440662478868,0.07413771159338017
1204981,IBUH06,KiK-net,125,-0.7310147321618897,2,-0.6518416644926054,0.2229247742457713,-77.70752257542287,0.04969545497252811,-95.03045450274719,0.01107834808079172,-98.89216519192084,0.0024696382449265683,-99.75303617550735,0.044584954849154264,0.07802367098601995
1206191,KGWH05,KiK-net,20,-0.5418665101308724,0,-0.6320272156774207,0.23333118374158046,-76.66688162584195,0.05444344130624718,-94.55565586937527,0.012703352606951913,-98.72966473930481,0.002964088301266782,-99.70359116987332,0.046666236748316096,0.08166591430955315
1210551,OSMH02,KiK-net,166,-0.5042890956218428,2,-0.6204098661181113,0.23965700845260066,-76.03429915473994,0.0574354817004499,-94.25645182995501,0.013764815723363912,-98.6235184276636,0.0032988345581627158,-99.67011654418373,0.04793140169052013,0.08387995295841022
1208171,MYGH14,KiK-net,198,-0.4679515747070447,1,-0.6133118801681242,0.24360607802130824,-75.63939219786917,0.059343921248923716,-94.06560787510763,0.014456539909855683,-98.55434600901442,0.0035217009891984597,-99.64782990108016,0.04872121560426165,0.08526212730745787
1202351,FKOH07,KiK-net,38,-0.7081050514651516,4,-0.5739648018757006,0.2667074813311388,-73.32925186688612,0.07113288059799976,-92.88671194020003,0.018971671424121147,-98.10283285758788,0.00505988670216929,-99.49401132978308,0.053341496266227764,0.09334761846589858
1200511,AICH13,KiK-net,23,-0.9236963568082056,3,-0.5274165714846409,0.29688170021621274,-70.31182997837873,0.08813874392326922,-91.18612560767308,0.026166780150861553,-97.38332198491383,0.0077684381803716255,-99.22315618196284,0.05937634004324255,0.10390859507567446
1204511,IBRH07,KiK-net,394,-1.056902301984864,3,-0.5272960481873217,0.296964100818296,-70.3035899181704,0.08818767717481907,-91.18123228251808,0.02618857425547431,-97.38114257445257,0.007777066405490104,-99.22229335945099,0.0593928201636592,0.10393743528640359
1213211,TKYH11,KiK-net,130,-0.9140061920409128,3,-0.5082835556936249,0.3102533248253651,-68.97466751746349,0.09625712556519352,-90.37428744348065,0.02986409324473394,-97.0135906755266,0.00926543422207343,-99.07345657779267,0.06205066496507303,0.10858866368887778
1203361,GIFH28,KiK-net,74,-0.5618458094789188,3,-0.5056138810676426,0.3121663733577782,-68.78336266422218,0.09744784465534777,-90.25521553446522,0.030419940257592062,-96.95800597424079,0.00949608242797279,-99.05039175720272,0.06243327467155564,0.10925823067522236
1201621,CHBH12,KiK-net,192,-0.5998235667870382,3,-0.5019703972742378,0.31479628807371735,-68.52037119262826,0.09909670298499083,-90.09032970150092,0.031195274260018783,-96.88047257399812,0.009820156542495491,-99.01798434575045,0.06295925761474347,0.11017870082580106
1211051,SITH01,KiK-net,201,-1.019912278986728,3,-0.5005965410964568,0.3157936979667703,-68.42063020332296,0.09972565967552775,-90.02743403244723,0.03149273485111054,-96.85072651488895,0.009945207197719182,-99.00547928022809,0.06315873959335407,0.1105277942883696
1201581,CHBH10,KiK-net,394,-0.6837541390051373,3,-0.4995811888414767,0.316532866823103,-68.3467133176897,0.10019305577925226,-89.98069442207478,0.03171439518157378,-96.82856048184262,0.010038648426384354,-98.99613515736156,0.0633065733646206,0.11078650338808604
1204791,IBRH21,KiK-net,104,-0.8812270895428662,3,-0.4934575303952323,0.32102767214331196,-67.8972327856688,0.1030587662817538,-89.69412337182462,0.03308471583339307,-96.69152841666069,0.010621109307517152,-98.93788906924829,0.06420553442866239,0.11235968525015917
1200331,AICH04,KiK-net,42,-0.8181218545056197,3,-0.4865693637635495,0.3261599532813645,-67.38400467186355,0.10638031512450187,-89.36196848754982,0.03469699861106436,-96.53030013889357,0.01131677144598832,-98.86832285540117,0.0652319906562729,0.11415598364847757
1200371,AICH06,KiK-net,41,-0.5260651577576151,3,-0.4842905896322229,0.3278758355677628,-67.21241644322372,0.10750256354925862,-89.24974364507415,0.03524749284938969,-96.47525071506104,0.011556801169662389,-98.84431988303376,0.06557516711355256,0.11475654244871697
1206941,KNGH11,KiK-net,189,-0.934554541702215,3,-0.4842851390217666,0.32787995059741865,-67.21200494025814,0.10750526200376569,-89.24947379962343,0.03524881999475724,-96.47511800052428,0.011557381358498308,-98.84426186415017,0.06557599011948373,0.11475798270909651
1200431,AICH09,KiK-net,82,-0.6309545137817459,3,-0.4818564490863903,0.32971867878418837,-67.02813212158117,0.10871440713919078,-89.12855928608093,0.03584517068674032,-96.41548293132597,0.011818822319625737,-98.81811776803742,0.06594373575683768,0.11540153757446592
1213601,TYMH03,KiK-net,42,-0.7189577129746925,3,-0.4806257000724027,0.3306543952158039,-66.93456047841961,0.10933232907552906,-89.0667670924471,0.03615121514800431,-96.38487848519956,0.011953558181079776,-98.80464418189202,0.06613087904316078,0.11572903832553136
1210161,OKYH02,KiK-net,24,-0.485723484349039,0,-0.4781281857091826,0.33256138048719486,-66.74386195128051,0.11059707179154879,-88.94029282084513,0.036780314872838865,-96.32196851271611,0.012231712288864997,-98.7768287711135,0.06651227609743897,0.11639648317051819
1207201,KOCH07,KiK-net,53,-0.3162884189626285,0,-0.4780638896462388,0.332610618898509,-66.7389381101491,0.1106298238040492,-88.93701761959508,0.03679665416409781,-96.32033458359021,0.012238957914914972,-98.77610420850851,0.0665221237797018,0.11641371661447815
1203421,GNMH05,KiK-net,287,-0.6343910783984787,3,-0.4729201980195835,0.3365734093439654,-66.34265906560346,0.11328165987742049,-88.67183401225796,0.03812759448108691,-96.1872405518913,0.01283273446458358,-98.71672655354165,0.06731468186879308,0.11780069327038788
1201751,CHBH19,KiK-net,256,-0.9744750202172712,3,-0.468430005687992,0.34007130995269536,-65.99286900473047,0.11564849585294219,-88.43515041470577,0.03932873547876891,-96.0671264521231,0.013374574593047988,-98.6625425406952,0.06801426199053907,0.11902495848344337
1202981,GIFH09,KiK-net,42,-0.9348182386099742,3,-0.4664302231938172,0.34164083669659207,-65.8359163303408,0.11671846129874748,-88.32815387012525,0.03987579277604289,-96.0124207223957,0.013623199207947216,-98.63768007920528,0.06832816733931842,0.11957429284380722
1201191,AOMH04,KiK-net,151,-0.3466331470834776,1,-0.4616257781158297,0.34544127017981024,-65.45587298201897,0.11932967114344066,-88.06703288565593,0.04122139316992919,-95.87786068300707,0.014239570415201694,-98.57604295847983,0.06908825403596205,0.12090444456293357
1212111,SZOH25,KiK-net,56,-0.6193511741237596,3,-0.4613032467566007,0.3456979094626813,-65.43020905373187,0.1195070446068682,-88.04929553931318,0.04131333548665774,-95.86866645133424,0.014281933710667986,-98.5718066289332,0.06913958189253626,0.12099426831193845
1204771,IBRH20,KiK-net,289,-0.7441292281945247,3,-0.4601507809805344,0.3466164891542549,-65.33835108457451,0.12014299055362171,-87.98570094463783,0.04164354158218917,-95.83564584178109,0.014434338179167637,-98.55656618208324,0.06932329783085099,0.12131577120398922
1204731,IBRH18,KiK-net,465,-0.696185317241439,3,-0.4592315766339603,0.34735089590494106,-65.26491040950589,0.1206526448859652,-87.93473551140349,0.041908804294440716,-95.80911957055594,0.014557060717978824,-98.54429392820212,0.06947017918098822,0.12157281356672936
1212131,SZOH26,KiK-net,22,-0.6889227099908084,3,-0.4571442690658842,0.3490243531904924,-65.09756468095075,0.12181799912004158,-87.81820008799585,0.04251744834983249,-95.74825516501674,0.014839624909610454,-98.51603750903895,0.06980487063809848,0.12215852361667233
1212721,TCGH15,KiK-net,203,-0.3612016171626231,3,-0.4551882872546736,0.35059983934000594,-64.9400160659994,0.12292024734523797,-87.70797526547621,0.04309581897087422,-95.69041810291257,0.015109387207414483,-98.48906127925855,0.07011996786800119,0.12270994376900207
1201501,CHBH04,KiK-net,329,-1.0253800057156237,3,-0.453901162639045,0.3516404582624092,-64.83595417375908,0.12365101188699715,-87.63489881130029,0.043480698484554284,-95.65193015154458,0.015289572740678308,-98.47104272593216,0.07032809165248184,0.12307416039184321
1207991,MYGH05,KiK-net,337,-0.1679184003047704,1,-0.453897052070878,0.3516437865315324,-64.83562134684676,0.12365335260623392,-87.63466473937662,0.043481933127774826,-95.65180668722252,0.015290151610761617,-98.47098483892384,0.07032875730630649,0.12307532528603633
1201641,CHBH13,KiK-net,365,-0.9439906345731714,3,-0.4524886880602678,0.3527859754110109,-64.72140245889891,0.1244579444466984,-87.55420555533016,0.0439070173292779,-95.6092982670722,0.015489779935897466,-98.45102200641026,0.07055719508220219,0.12347509139385382
1204711,IBRH17,KiK-net,440,-0.8859978825837057,3,-0.4523437665938365,0.352903717621046,-64.7096282378954,0.12454103391075497,-87.5458966089245,0.04395099386347419,-95.60490061365257,0.01551046912755982,-98.44895308724402,0.0705807435242092,0.12351630116736609
1205061,IKRH03,KiK-net,164,-0.4374095541607604,2,-0.4513351586596689,0.3537242556311838,-64.62757443688162,0.12512084902183507,-87.4879150978165,0.04425827918419035,-95.57417208158097,0.015655226859944846,-98.43447731400552,0.07074485112623677,0.12380348947091432
1201701,CHBH16,KiK-net,193,-0.6207961845980284,3,-0.4479339255527578,0.3565053687534949,-64.34946312465051,0.1270960779500654,-87.29039220499347,0.045310434136711,-95.4689565863289,0.0161534130302891,-98.3846586969711,0.07130107375069898,0.12477687906372321
1211091,SITH04,KiK-net,281,-0.8105145661282652,3,-0.4474403236471456,0.356910788982993,-64.3089211017007,0.12738531129246256,-87.26146887075375,0.04546519195823698,-95.45348080417631,0.01622701753307759,-98.37729824669225,0.07138215779659861,0.12491877614404755
1211851,SRCH03,KiK-net,26,-0.592599159894421,2,-0.4445851232605439,0.35926497264361273,-64.07350273563873,0.1290713205686158,-87.09286794313842,0.04637080445315873,-95.36291955468413,0.016659405793326386,-98.33405942066736,0.07185299452872256,0.12574274042526445
1203821,HRSH04,KiK-net,44,-0.3475825181188154,0,-0.4437587469918045,0.3599492334360991,-64.00507665639009,0.12956345065123534,-87.04365493487647,0.046636264743248015,-95.3363735256752,0.016786687744655096,-98.3213312255345,0.07198984668721982,0.12598223170263467
1210831,SBSH04,KiK-net,38,-0.7310337449624092,2,-0.440077476140259,0.3630132890903694,-63.69867109096305,0.1317786480562081,-86.82213519437919,0.04783740046276632,-95.21625995372337,0.01736561208352196,-98.2634387916478,0.07260265781807389,0.12705465118162929
1204531,IBRH08,KiK-net,162,-0.7818402324714224,3,-0.437783895612549,0.36493549319525187,-63.50645068047481,0.13317791419366173,-86.68220858063383,0.04860134779897887,-95.13986522010211,0.017736356828974325,-98.22636431710256,0.07298709863905038,0.12772742261833814
1213101,TKSH04,KiK-net,28,-0.3667661674015355,0,-0.4373297312193914,0.3653173248919154,-63.46826751080846,0.13345674786618525,-86.65432521338148,0.04875406211924963,-95.12459378807505,0.01781070355101854,-98.21892964489814,0.07306346497838308,0.12786106371217038
1201601,CHBH11,KiK-net,277,-0.6000291717633907,3,-0.4341160989638901,0.36803057570750153,-63.196942429249845,0.13544650465559502,-86.4553495344405,0.04984845508596742,-95.01515449140325,0.01834575562341812,-98.16542443765819,0.07360611514150031,0.12881070149762552
1204691,IBRH16,KiK-net,498,-0.5676161936644892,3,-0.4340229325822254,0.36810953539170677,-63.189046460829324,0.1355046300462982,-86.44953699537018,0.04988054640976795,-95.01194535902322,0.018361504763984144,-98.16384952360158,0.07362190707834136,0.12883833738709735
1200491,AICH12,KiK-net,56,-0.4379381864196834,3,-0.4338030735517286,0.3682959358598806,-63.17040641401195,0.13564189637090526,-86.43581036290946,0.0499563591657315,-95.00436408342685,0.018398724051095404,-98.16012759489045,0.07365918717197611,0.1289035775509582
1201661,CHBH14,KiK-net,220,-0.5690235123514787,3,-0.4335907921003639,0.36847600148307763,-63.15239985169223,0.13577456366895702,-86.4225436331043,0.05002966832384683,-94.99703316761531,0.018434732139495667,-98.15652678605043,0.07369520029661553,0.12896660051907716
1202531,FKSH06,KiK-net,380,-0.4911604812145444,3,-0.4291305935308027,0.37227974389114693,-62.77202561088531,0.13859220771165795,-86.1407792288342,0.05159507159220466,-94.84049284077953,0.019207800038391343,-98.07921999616087,0.07445594877822939,0.13029791036190141
1203441,GNMH06,KiK-net,85,-0.8958427492949607,3,-0.4290791851323151,0.37232381407620985,-62.767618592379016,0.13862502252825606,-86.1374977471744,0.051613397114120815,-94.83866028858792,0.019216896870959507,-98.07831031290405,0.07446476281524197,0.13031333492667344
1206921,KNGH10,KiK-net,320,-0.571254521080826,3,-0.427000395642826,0.3741102474569863,-62.588975254301374,0.13995847725232752,-86.00415227476725,0.05235990055857123,-94.76400994414288,0.01958837535479028,-98.04116246452097,0.07482204949139726,0.1309385866099452
1211071,SITH03,KiK-net,218,-0.7035511735847043,3,-0.425525302690092,0.3753830834170353,-62.46169165829647,0.1409124593156809,-85.90875406843192,0.05289615346979783,-94.71038465302021,0.01985632119039342,-98.01436788096066,0.07507661668340707,0.13138407919596234
1213161,TKYH02,KiK-net,95,-0.8803669643297942,3,-0.425525302690092,0.3753830834170353,-62.46169165829647,0.1409124593156809,-85.90875406843192,0.05289615346979783,-94.71038465302021,0.01985632119039342,-98.01436788096066,0.07507661668340707,0.13138407919596234
1200201,ABSH10,KiK-net,83,-0.3149867710792424,2,-0.4245185523423747,0.3762542789636092,-62.37457210363908,0.14156728243842545,-85.84327175615746,0.05326529577870738,-94.67347042212926,0.02004129545700092,-97.9958704542999,0.07525085579272184,0.13168899763726322
1212151,SZOH28,KiK-net,43,-0.8051512615038511,3,-0.4244027545648332,0.37635461461182623,-62.364538538817385,0.14164279593961623,-85.83572040603838,0.05330791987839582,-94.66920801216042,0.020062681641591768,-97.99373183584082,0.07527092292236526,0.13172411511413917
1202151,FKIH04,KiK-net,37,-0.4676951421588663,0,-0.4242961682104078,0.37644699245893687,-62.35530075410631,0.14171233813137887,-85.82876618686211,0.0533471834838815,-94.66528165161185,0.020082386778662257,-97.99176132213377,0.07528939849178738,0.1317564473606279
1201771,CHBH20,KiK-net,182,-0.354212113640392,3,-0.4239416151763612,0.3767544449493287,-62.324555505067124,0.14194391178907675,-85.80560882109232,0.05347799970003008,-94.65220002999699,0.0201480740939852,-97.98519259060147,0.07535088898986575,0.13186405573226503
1202171,FKIH05,KiK-net,38,-0.4280238100648745,0,-0.4230045431295834,0.37756824118511345,-62.24317588148865,0.14255777675162,-85.744222324838,0.05382528903536922,-94.61747109646308,0.02032271971236473,-97.96772802876352,0.0755136482370227,0.1321488844147897
1202611,FKSH10,KiK-net,548,-0.4013679671344584,3,-0.419142587940412,0.3809407320687904,-61.905926793120955,0.14511584134910596,-85.48841586508941,0.055280534838306875,-94.47194651616931,0.021058607410458896,-97.89413925895411,0.0761881464137581,0.13332925622407663
1212091,SZOH24,KiK-net,51,-0.5471762836555576,3,-0.4189796567625368,0.3810836737106033,-61.89163262893966,0.14522476636876958,-85.47752336312304,0.05534278748157478,-94.46572125184252,0.021090232766863705,-97.89097672331363,0.07621673474212066,0.13337928579871114
1203681,HDKH04,KiK-net,225,-0.4174729424614678,2,-0.4186437119236659,0.3813785718202052,-61.86214281797948,0.1454496150436194,-85.45503849563806,0.0554713664571342,-94.45286335428658,0.021155590516337076,-97.88444094836629,0.07627571436404104,0.1334825001370718
1212541,TCGH06,KiK-net,450,-0.672572004099413,3,-0.4169929443972353,0.3828309627862631,-61.71690372137368,0.14655954606785718,-85.34404539321429,0.05610753212667544,-94.38924678733245,0.021479700543616347,-97.85202994563836,0.07656619255725262,0.13399083697519207
1200691,AICH22,KiK-net,49,-0.5199933763907101,3,-0.4163025240360115,0.38344005295676625,-61.65599470432337,0.1470262742114877,-85.29737257885122,0.05637576236968889,-94.36242376303112,0.021616725308511577,-97.83832746914885,0.07668801059135326,0.13420401853486819
1200351,AICH05,KiK-net,41,-0.3994827915789342,3,-0.4147833177445051,0.3847837140423086,-61.52162859576914,0.1480585065921931,-85.19414934078068,0.0569705020621017,-94.30294979378982,0.021921321374310493,-97.80786786256895,0.07695674280846172,0.134674299914808
1207811,MIEH06,KiK-net,42,-0.4292052059960308,0,-0.4143283143673485,0.3851870570315743,-61.48129429684257,0.14836906890464527,-85.16309310953547,0.05714984500589518,-94.28501549941049,0.022013380607631375,-97.79866193923687,0.07703741140631487,0.13481546996105098
1212641,TCGH11,KiK-net,344,-0.5491882176230575,3,-0.4130191348797601,0.38634995422027524,-61.36500457797247,0.14926628712600878,-85.07337128739913,0.05766902319776395,-94.23309768022361,0.022280424472384094,-97.77195755276159,0.07726999084405506,0.13522248397709632
1208701,NGNH08,KiK-net,51,-0.2103003343804997,3,-0.4120848611089989,0.38718198219950173,-61.281801780049825,0.14990988733993527,-85.00901126600647,0.05804240733158013,-94.19575926684199,0.022472974322272087,-97.75270256777279,0.07743639643990036,0.13551369376982558
1207221,KOCH08,KiK-net,50,-0.6052894313987724,4,-0.4113132354598424,0.38787051296872477,-61.21294870312752,0.1504435348306217,-84.95564651693783,0.05835261102758144,-94.16473889724185,0.022633257172332482,-97.73667428276676,0.07757410259374496,0.13575467953905365
1209961,OITH03,KiK-net,46,-0.3158532369378088,4,-0.4109828195663861,0.3881657212939678,-61.183427870603225,0.1506726271876663,-84.93273728123337,0.05848594901155759,-94.15140509884424,0.022702240583633477,-97.72977594163666,0.07763314425879357,0.13585800245288873
1213001,TKCH10,KiK-net,160,-0.4388072674113594,2,-0.4102026482571458,0.38886365309666265,-61.113634690333726,0.15121494069968158,-84.87850593003185,0.0588019942432734,-94.11980057567266,0.02286595829080822,-97.71340417091918,0.07777273061933254,0.13610227858383192
1203241,GIFH22,KiK-net,31,-0.346513352255598,3,-0.4095260488111819,0.3894699467497714,-61.05300532502286,0.1516868394212698,-84.83131605787302,0.05907746527204307,-94.09225347279569,0.023008897253614085,-97.69911027463858,0.07789398934995428,0.13631448136242
1214341,YMNH12,KiK-net,190,-0.266949283191595,3,-0.4082051984049958,0.3906562722522808,-60.934372774771916,0.15261232305004813,-84.73876769499519,0.05961896122249263,-94.03810387775073,0.02329052114673225,-97.67094788532677,0.07813125445045616,0.13672969528829826
1214321,YMNH11,KiK-net,254,-0.185778661160485,3,-0.408175411328303,0.39068306722181034,-60.931693277818965,0.1526332590138416,-84.73667409861584,0.05963122979158866,-94.03687702084113,0.023296911757186452,-97.67030882428136,0.07813661344436207,0.13673907352763362
1202331,FKOH06,KiK-net,47,-0.6288975372417425,4,-0.4080983434466751,0.39075240217609464,-60.92475978239054,0.1526874398063884,-84.73125601936115,0.05966298388646413,-94.03370161135358,0.023313454274629483,-97.66865457253705,0.07815048043521894,0.1367633407616331
1200531,AICH14,KiK-net,20,-0.555953998446641,3,-0.4075705396690934,0.3912275773781756,-60.87724226218244,0.15305901730119637,-84.69409826988037,0.05988090853463132,-94.01190914653687,0.023427062777207932,-97.6572937222792,0.07824551547563513,0.13692965208236144
1209021,NGNH24,KiK-net,185,-0.1814856992875415,3,-0.4069724195265512,0.39176675600901917,-60.82332439909808,0.15348119111383035,-84.65188088861697,0.060128828351065616,-93.98711716489345,0.023556476025720117,-97.644352397428,0.07835335120180384,0.1371183646031567
1203321,GIFH26,KiK-net,51,-0.3176400258941107,3,-0.4052597252033845,0.3933147873748098,-60.66852126251903,0.15469652196769185,-84.53034780323081,0.06084442964534531,-93.91555703546547,0.023931013908900563,-97.60689860910995,0.07866295747496196,0.13766017558118343
1203721,HDKH06,KiK-net,229,-0.2618748522008093,2,-0.4043842076364691,0.39410849154160754,-60.58915084583924,0.15532150310520135,-84.46784968947986,0.06121352329276601,-93.87864767072341,0.024124769326859072,-97.5875230673141,0.07882169830832152,0.13793797203956262
1200571,AICH16,KiK-net,93,-0.4425997866390022,3,-0.4036302312785019,0.3947932954840503,-60.520670451594974,0.15586174615915666,-84.41382538408433,0.061533172406071965,-93.8466827593928,0.02429288391578138,-97.57071160842187,0.07895865909681006,0.1381776534194176
1202631,FKSH11,KiK-net,445,-0.1758112164863606,3,-0.4019775933144023,0.39629848007446866,-60.37015199255313,0.15705248530933402,-84.2947514690666,0.062239661220006896,-93.77603387799931,0.024665483141838584,-97.53345168581615,0.07925969601489374,0.138704468026064
1202731,FKSH16,KiK-net,290,-0.4444480903810454,1,-0.4012528803691241,0.3969603406631908,-60.30396593368093,0.1575775120594365,-84.24224879405635,0.06255202286797197,-93.7447977132028,0.024830672306841852,-97.51693276931582,0.07939206813263816,0.13893611923211677
1204571,IBRH10,KiK-net,364,-0.9981993201934284,3,-0.4011725404408005,0.3970337809592303,-60.296621904076964,0.15763582322278208,-84.23641767772179,0.06258674690876201,-93.7413253091238,0.0248490527631242,-97.51509472368758,0.07940675619184606,0.1389618233357306
1214221,YMGH17,KiK-net,44,-0.5039097323347019,0,-0.4009912475802323,0.3971995542273739,-60.280044577262615,0.15776748587842454,-84.22325141215754,0.06266517506248374,-93.73348249375162,0.02489057960039889,-97.51094203996011,0.07943991084547479,0.13901984397958086
1209161,NGNH31,KiK-net,126,-0.223201130093377,3,-0.3990452139225725,0.39898336247921745,-60.10166375207826,0.15918772353522262,-84.08122764647774,0.06351325320149519,-93.64867467985049,0.02534073132432647,-97.46592686756735,0.07979667249584349,0.1396441768677261
1209781,NIGH18,KiK-net,103,-0.2591856904823637,3,-0.396254028446645,0.40155586323802045,-59.84441367619795,0.16124711130083177,-83.87528886991682,0.06474972297304267,-93.52502770269572,0.026000630902862833,-97.39993690971372,0.0803111726476041,0.14054455213330716
1207831,MIEH07,KiK-net,42,-0.4845424540967923,0,-0.3962328023668662,0.4015754897021793,-59.842451029782076,0.16126287392954514,-83.87371260704548,0.0647592175690379,-93.52407824309621,0.026005714508016368,-97.39942854919836,0.08031509794043587,0.14055142139576277
1205201,ISKH07,KiK-net,42,-0.6985421881799975,3,-0.3956467445170715,0.4021177607721767,-59.788223922782336,0.16169869352842953,-83.83013064715705,0.06502191656143855,-93.49780834385615,0.02614646748880098,-97.3853532511199,0.08042355215443535,0.14074121627026184
1203701,HDKH05,KiK-net,204,-0.2744939322386675,2,-0.3948823090761724,0.40282618275903587,-59.71738172409642,0.16226893351621616,-83.77310664837839,0.06536617506871713,-93.4633824931283,0.02633120678449018,-97.36687932155098,0.08056523655180718,0.14098916396566255
1207771,MIEH04,KiK-net,46,-0.4172043401449876,0,-0.3947610870769658,0.40293863689530146,-59.70613631046986,0.1623595451030436,-83.76404548969563,0.06542093379076161,-93.45790662092384,0.026360621886067248,-97.36393781139327,0.0805877273790603,0.1410285229133555
1200391,AICH07,KiK-net,76,-0.37260555348216,3,-0.3944464375133638,0.40323067469632784,-59.67693253036721,0.16259497701605577,-83.74050229839443,0.06556328228441809,-93.44367177155819,0.026437126550851703,-97.35628734491483,0.08064613493926558,0.14113073614371474
1212511,SZOH54,KiK-net,109,-0.4961958785835925,3,-0.3940374281591378,0.40361060769252327,-59.63893923074768,0.16290152264192792,-83.7098477358072,0.06574878254754588,-93.4251217452454,0.026536906079058557,-97.34630939209414,0.08072212153850467,0.14126371269238314
1203201,GIFH20,KiK-net,71,-0.2923751753488733,3,-0.3939368878565493,0.4037040554146711,-59.629594458532885,0.16297696435825182,-83.70230356417481,0.06579446145059857,-93.42055385494015,0.026561490911430882,-97.34385090885691,0.08074081108293422,0.14129641939513488
1200241,ABSH12,KiK-net,203,-0.2794012731294466,2,-0.3939309468048337,0.40370957803394436,-59.62904219660557,0.16298142339634542,-83.70185766036546,0.06579716166671024,-93.42028383332898,0.026562944372298808,-97.34370556277013,0.08074191560678888,0.1412983523118805
1209301,NGNH54,KiK-net,95,-0.3690011805352197,3,-0.3929710583194971,0.40460285380920025,-59.53971461907997,0.16370346931054908,-83.6296530689451,0.06623489086151499,-93.37651091384849,0.02679882586430988,-97.32011741356901,0.08092057076184006,0.14161099883322006
1203081,GIFH14,KiK-net,53,-0.599729456459297,3,-0.3928699504820306,0.4046970601221969,-59.53029398778031,0.16377971047154907,-83.6220289528451,0.06628116733550049,-93.37188326644996,0.026823793562144437,-97.31762064378555,0.08093941202443938,0.1416439710427689
1203301,GIFH25,KiK-net,40,-0.4834492377180363,3,-0.3921423933727005,0.4053756020000238,-59.46243979999761,0.16432937869688172,-83.56706213031183,0.06661512081553832,-93.33848791844616,0.02700414470290316,-97.29958552970969,0.08107512040000477,0.14188146070000832
1206131,KGWH02,KiK-net,38,-0.3306779421980579,0,-0.3915630265248251,0.4059167507400949,-59.408324925990506,0.16476840853139635,-83.52315914686037,0.06688225701568094,-93.3117742984319,0.027148628449969125,-97.28513715500308,0.08118335014801899,0.14207086275903322
1206431,KKWH12,KiK-net,125,-0.4739851830707259,2,-0.3906841408721644,0.40673903987907,-59.326096012093,0.1654366465617477,-83.45633534382523,0.0672895427833383,-93.27104572166617,0.027369284025596626,-97.26307159744034,0.08134780797581401,0.1423586639576745
1209101,NGNH28,KiK-net,142,-0.3275703184348671,3,-0.38859248915241,0.40870270382105905,-59.129729617894085,0.16703790011064432,-83.29620998893557,0.06826884141581231,-93.17311585841877,0.02790166007337359,-97.20983399266264,0.08174054076421182,0.14304594633737067
1213121,TKSH05,KiK-net,31,-0.3068877802321996,0,-0.3883936432959539,0.40888987508447466,-59.11101249155253,0.1671909299465973,-83.28090700534028,0.06836267846112132,-93.16373215388786,0.027952807056408003,-97.2047192943592,0.08177797501689493,0.14311145627956612
1200021,ABSH01,KiK-net,45,-0.396493841655356,2,-0.3883807065923633,0.4089020552205818,-59.109794477941826,0.16720089076361574,-83.27991092363843,0.06836878786795447,-93.16312121320456,0.027956137872146562,-97.20438621278534,0.08178041104411637,0.14311571932720363
1208901,NGNH18,KiK-net,115,-0.3368801275458397,3,-0.3883147668829859,0.40896414426574285,-59.10358557342572,0.16725167129501134,-83.27483287049886,0.06839993662817961,-93.16000633718204,0.027973121550974516,-97.20268784490254,0.08179282885314858,0.14313745049301
1211891,SRCH05,KiK-net,36,-0.3252028258908522,2,-0.3878998204378522,0.4093550755802971,-59.064492441970295,0.16757157790335075,-83.24284220966493,0.06859627593773579,-93.14037240622642,0.02808023372101875,-97.19197662789813,0.08187101511605943,0.14327427645310398
1207851,MIEH08,KiK-net,43,-0.2909940069332106,0,-0.387808482226987,0.4094411777387195,-59.055882226128055,0.1676420780280697,-83.23579219719302,0.06863956986637917,-93.13604301336208,0.028103866325569413,-97.18961336744306,0.08188823554774391,0.14330441220855183
1209861,NMRH03,KiK-net,220,-0.4735560390181845,2,-0.385066346631719,0.41203456827679147,-58.79654317232086,0.16977248545504192,-83.0227514544958,0.06995213274974606,-93.00478672502538,0.028822696817582424,-97.11773031824175,0.0824069136553583,0.144212098896877
1202831,FKSH21,KiK-net,264,-0.4182729283040429,3,-0.3849278588639094,0.41216597875720884,-58.783402124279114,0.16988079404488793,-83.01192059551121,0.07001908374956305,-92.9980916250437,0.02885948418532163,-97.11405158146785,0.08243319575144177,0.1442580925650231
1110961,YMT017,K-NET,166,-0.1215088817728431,1,-0.3844143694677263,0.4126535926597506,-58.73464073402494,0.17028298753499937,-82.97170124650006,0.07026788657515302,-92.9732113424847,0.028996295843844753,-97.10037041561552,0.08253071853195013,0.1444287574309127
1200771,AKTH02,KiK-net,383,-0.2243707016994669,1,-0.3841397115210381,0.41291464694368857,-58.70853530563114,0.170498505660631,-82.9501494339369,0.07040133026928592,-92.9598669730714,0.029069740432508213,-97.09302595674917,0.08258292938873772,0.144520126430291
1208801,NGNH13,KiK-net,104,-0.3714658981453183,3,-0.3841081215201286,0.41294468289631564,-58.70553171036843,0.17052331113233868,-82.94766888676614,0.07041669464197337,-92.95833053580267,0.02907819963953638,-97.09218003604636,0.08258893657926314,0.14453063901371047
1203101,GIFH15,KiK-net,62,-0.3325363837050383,3,-0.3834963875899423,0.4135267539998574,-58.64732460001426,0.17100437627365858,-82.89956237263414,0.07071488464021626,-92.92851153597837,0.029242496704743,-97.0757503295257,0.08270535079997149,0.14473436389995006
1201721,CHBH17,KiK-net,219,-0.7276843150581123,3,-0.3833952100566342,0.41362310450103573,-58.637689549896436,0.17108407257707473,-82.89159274229253,0.07076432523001017,-92.92356747699898,0.02926975988955777,-97.07302401104421,0.08272462090020716,0.1447680865753625
1207261,KOCH10,KiK-net,42,-0.1869956610949291,0,-0.3833914262470809,0.4136267082260136,-58.637329177398634,0.1710870537578878,-82.89129462421123,0.07076617486596216,-92.92338251340378,0.029270779963554386,-97.07292200364456,0.08272534164520273,0.14476934787910475
1212331,SZOH37,KiK-net,126,-0.4046479058508495,3,-0.3827596650070971,0.4142288422372125,-58.57711577627875,0.1715855337411815,-82.84144662588186,0.07107567698626377,-92.89243230137363,0.029441595389246133,-97.05584046107538,0.08284576844744251,0.14498009478302437
1200101,ABSH05,KiK-net,59,-0.3264148400691162,2,-0.3798186489504879,0.41704349456285117,-58.295650543714885,0.17392527635719487,-82.60747236428051,0.07253440504481419,-92.74655949551858,0.030250001755926608,-96.97499982440733,0.08340869891257024,0.1459652230969979
1213141,TKSH06,KiK-net,27,-0.321831803865815,0,-0.3794249604485374,0.41742171642616815,-58.257828357383175,0.17424088934416834,-82.57591106558316,0.07273193110166479,-92.72680688983353,0.030359887519446717,-96.96401124805533,0.08348434328523363,0.14609760074915884
1202881,GIFH04,KiK-net,45,-0.3785709698078447,3,-0.3792870814101068,0.41755425976777216,-58.24457402322278,0.17435155985021217,-82.56484401497879,0.07280123651261176,-92.71987634873882,0.030398466422202113,-96.96015335777979,0.08351085195355444,0.14614399091872024
1203841,HRSH05,KiK-net,32,-0.3424229291784179,0,-0.3792142579414184,0.4176242820692088,-58.23757179307911,0.1744100409738221,-82.5589959026178,0.07283786814735374,-92.71621318526464,0.030418862392490302,-96.95811376075098,0.08352485641384177,0.14616849872422308
1203001,GIFH10,KiK-net,52,-0.4387757145502862,3,-0.3791812564908567,0.41765601797959057,-58.23439820204095,0.17443654935456807,-82.5563450645432,0.07285447459352923,-92.71455254064708,0.030428109750728665,-96.95718902492713,0.08353120359591812,0.1461796062928567
1211951,SRCH08,KiK-net,129,-0.1531172423228889,2,-0.3791664660645757,0.41767024200497255,-58.23297579950275,0.17444843105649233,-82.55515689435077,0.07286191841675292,-92.71380815832471,0.030432255098071757,-96.95677449019283,0.08353404840099452,0.1461845847017404
1203181,GIFH19,KiK-net,79,-0.315556158073139,3,-0.3788313091768466,0.4179926939201655,-58.20073060798345,0.17471789217063718,-82.52821078293628,0.07303080242445763,-92.69691975755424,0.0305263418445504,-96.94736581554496,0.08359853878403312,0.14629744287205793
1202571,FKSH08,KiK-net,474,-0.2069057246968543,3,-0.3782257321928761,0.41857594635957085,-58.142405364042915,0.17520582287081032,-82.47941771291897,0.07333694311585678,-92.66630568841433,0.030697080367837765,-96.93029196321622,0.08371518927191418,0.14650158122584978
1204551,IBRH09,KiK-net,74,-0.5835693240271944,3,-0.3779283193071955,0.4188626930751973,-58.11373069248027,0.17544595565020693,-82.4554044349793,0.07348776547279731,-92.65122345272026,0.03078128335401438,-96.92187166459856,0.08377253861503947,0.14660194257631903
1203281,GIFH24,KiK-net,77,-0.4351339187267926,3,-0.3759235466892358,0.42080069972641065,-57.91993002735894,0.17707322889023683,-82.29267711097631,0.07451253861982653,-92.54874613801735,0.0313549283896142,-96.86450716103859,0.08416013994528214,0.1472802449042437
1203341,GIFH27,KiK-net,58,-0.4216845657276361,3,-0.3757718619725093,0.4209476971799383,-57.90523028200617,0.17719696376109303,-82.28030362389069,0.07459065384250908,-92.5409346157491,0.031398763966150114,-96.86012360338498,0.08418953943598767,0.14733169401297838
1201991,EHMH09,KiK-net,24,-0.4859130396950102,4,-0.3754692930541348,0.42124106970085834,-57.87589302991416,0.1774440388027234,-82.25559611972766,0.07474671671729982,-92.52532832827002,0.03148638690662241,-96.85136130933776,0.08424821394017168,0.1474343743953004
1211971,SRCH09,KiK-net,156,-0.2497835689196078,2,-0.3750477866400429,0.4216501055321405,-57.834989446785954,0.1777888114952652,-82.22111885047347,0.07496467112941241,-92.50353288705875,0.03160886149289895,-96.8391138507101,0.08433002110642811,0.14757753693624917
1209241,NGNH35,KiK-net,63,-0.2979122796349485,3,-0.3747220698349245,0.42196645778886926,-57.80335422111307,0.1780556914988856,-82.19443085011144,0.07513352943093243,-92.48664705690676,0.03170382927514632,-96.82961707248536,0.08439329155777386,0.14768826022610423
1200411,AICH08,KiK-net,46,-0.4528272089206733,3,-0.3735576213025879,0.4230993700343812,-57.69006299656188,0.17901307692349022,-82.09869230765098,0.07574032007424493,-92.42596799257551,0.03204568170961543,-96.79543182903846,0.08461987400687625,0.14808477951203342
1207281,KOCH11,KiK-net,30,-0.2608116616601927,0,-0.3721283753273576,0.42449406702649417,-57.55059329735058,0.18019521294069374,-81.98047870593062,0.07649179879990023,-92.35082012000998,0.032470314766741955,-96.7529685233258,0.08489881340529884,0.14857292345927295
1212991,TKCH10,KiK-net,160,-0.4140853106124645,2,-0.3718922256949173,0.4247249504042976,-57.527504959570244,0.18039128349593303,-81.9608716504067,0.07661667893617775,-92.33833210638223,0.03254101516131008,-96.74589848386898,0.08494499008085953,0.14865373264150414
1200041,ABSH02,KiK-net,51,-0.2732224840759613,2,-0.3716804690593531,0.424932091549903,-57.50679084500969,0.18056728242897516,-81.9432717571025,0.07672883298802648,-92.32711670119735,0.03260454348378528,-96.73954565162147,0.0849864183099806,0.14872623204246604
1204591,IBRH11,KiK-net,499,-0.4084836429816768,3,-0.3715430956913384,0.4250665247244164,-57.493347527558356,0.18068155044129292,-81.93184495587072,0.07680167872789972,-92.31983212721002,0.03264582266986948,-96.73541773301305,0.0850133049448833,0.14877328365354572
1204491,IBRH06,KiK-net,198,-0.4033542232061374,3,-0.3707373493135986,0.42585588249806794,-57.4144117501932,0.18135323265820824,-81.86467673417917,0.07723034093753871,-92.27696590624613,0.03288899499558221,-96.71110050044179,0.08517117649961359,0.14904955887432378
1209441,NIGH01,KiK-net,205,-0.0872781937386325,3,-0.3697899657875668,0.4267858717852303,-57.32141282147697,0.18214618035547905,-81.7853819644521,0.07773741637536291,-92.22625836246371,0.0331772310180907,-96.68227689819093,0.08535717435704607,0.1493750551248306
1211011,SIGH03,KiK-net,37,-0.4271136539048166,0,-0.369757598347961,0.4268176808025839,-57.31823191974161,0.1821733326456964,-81.78266673543035,0.0777547993439138,-92.22452006560862,0.03318712312723956,-96.68128768727604,0.08536353616051678,0.14938618828090436
1203061,GIFH13,KiK-net,43,-0.3174156961910299,3,-0.3691975176259333,0.4273684742758046,-57.26315257241954,0.18264381280482905,-81.73561871951709,0.07805620761431546,-92.19437923856846,0.03335876235588544,-96.66412376441146,0.08547369485516093,0.1495789659965316
1203461,GNMH07,KiK-net,403,-0.4937920114292731,3,-0.3687600212140888,0.42779921053608566,-57.220078946391425,0.18301216453529814,-81.69878354647018,0.07829245950670076,-92.17075404932993,0.03349345236789504,-96.6506547632105,0.08555984210721714,0.14972972368762996
1210591,RMIH02,KiK-net,20,-0.27073486850717,2,-0.3684356051234574,0.42811889407347403,-57.1881105926526,0.18328578746269447,-81.67142125373054,0.07846810862791458,-92.15318913720854,0.033593679885820016,-96.64063201141799,0.08562377881469481,0.1498416129257159
1214261,YMNH08,KiK-net,143,-0.523013504390815,3,-0.3683916583042353,0.42816221816896566,-57.18377818310343,0.18332288506736893,-81.66771149326311,0.07849193311157904,-92.1508066888421,0.033607280189423765,-96.63927198105763,0.08563244363379313,0.14985677635913797
1200061,ABSH03,KiK-net,55,-0.2336813311449886,2,-0.368292087399674,0.42826039438049734,-57.17396056195027,0.18340696539493911,-81.6593034605061,0.07854593933216686,-92.14540606678332,0.0336381149553804,-96.63618850446196,0.08565207887609948,0.14989113803317405
1205181,ISKH06,KiK-net,44,-0.5128627543124549,3,-0.3669397503698777,0.4295960204441122,-57.04039795558877,0.1845527407814181,-81.5447259218582,0.07928312300175103,-92.0716876998249,0.0340597141299333,-96.59402858700668,0.08591920408882245,0.15035860715543928
1202961,GIFH08,KiK-net,67,-0.2399066611790342,3,-0.3649241049964363,0.43159449340574585,-56.84055065942542,0.1862738067381624,-81.37261932618375,0.08039474925391701,-91.9605250746083,0.03469793107672627,-96.53020689232737,0.08631889868114917,0.15105807269201105
1209701,NIGH14,KiK-net,228,-0.5880899372381827,3,-0.3642352671312112,0.43227959197461985,-56.772040802538015,0.18686564563774383,-81.31343543622562,0.0807782050503578,-91.92217949496421,0.03491876951961084,-96.50812304803893,0.08645591839492398,0.15129785719111694
1202671,FKSH13,KiK-net,99,-0.3801690153970161,3,-0.363992345066326,0.4325214546498753,-56.74785453501248,0.18707480873244414,-81.2925191267556,0.08091386840130393,-91.9086131598696,0.03499698406228056,-96.50030159377194,0.08650429092997507,0.15138250912745635
1206491,KKWH15,KiK-net,67,-0.2612264795953023,2,-0.3630859214467823,0.4334251204535129,-56.65748795464871,0.18785733504014215,-81.21426649598578,0.08142208806784955,-91.85779119321505,0.03529037832838422,-96.47096216716157,0.08668502409070258,0.1516987921587295
1209141,NGNH30,KiK-net,123,-0.351016752200923,3,-0.3630793912674192,0.4334316376098987,-56.65683623901012,0.18786298448119856,-81.21370155188015,0.08142576100996889,-91.85742389900311,0.035292500938183057,-96.4707499061817,0.08668632752197974,0.15170107316346454
1205121,ISKH03,KiK-net,56,-0.2538950953382862,3,-0.3625588737581664,0.4339514324034526,-56.604856759654744,0.18831384568500828,-81.16861543149916,0.08171906307641207,-91.82809369235879,0.03546210447667711,-96.4537895523323,0.08679028648069052,0.15188300134120838
1206471,KKWH14,KiK-net,148,-0.4947266962297449,2,-0.3615051699935147,0.43500558214117296,-56.49944178588271,0.18922985649398077,-81.07701435060193,0.08231604388265473,-91.76839561173453,0.03580793858873256,-96.41920614112675,0.0870011164282346,0.15225195374941053
1208921,NGNH19,KiK-net,180,-0.4621690387611881,3,-0.3614206186931411,0.43509028012772083,-56.49097198722792,0.1893035518616186,-81.06964481383814,0.08236413540864415,-91.76358645913558,0.035835834747424515,-96.41641652525756,0.08701805602554417,0.1522815980447023
1200011,ABSH01,KiK-net,45,-0.3897971431168378,2,-0.3613890154156567,0.4351219424668419,-56.48780575331581,0.18933110481611765,-81.06688951838822,0.08238211809698236,-91.76178819030176,0.03584626725089173,-96.41537327491083,0.08702438849336838,0.15229267986339465
1200081,ABSH04,KiK-net,33,-0.3867403291024913,2,-0.3612262867198297,0.4352850117582383,-56.471498824176166,0.18947304146136965,-81.05269585386303,0.08247477508038147,-91.75252249196186,0.035900033440621905,-96.40999665593782,0.08705700235164766,0.1523497541153834
1210531,OSMH01,KiK-net,167,-0.3709667707686441,1,-0.3611149216239346,0.4353966451656686,-56.46033548343314,0.18957023862151914,-81.04297613784809,0.0825382459190647,-91.74617540809353,0.03593687537101971,-96.40631246289803,0.08707932903313373,0.15238882580798402
1204651,IBRH14,KiK-net,491,-0.3756710053777584,3,-0.3607046399708608,0.4358081623929435,-56.41918376070565,0.18992875440831422,-81.00712455916857,0.08277250144426809,-91.7227498555732,0.03607293175109374,-96.39270682489062,0.08716163247858871,0.1525328568375302
1204921,IBUH03,KiK-net,102,-0.4400461840730075,2,-0.3606934539153504,0.43581938758064925,-56.41806124193507,0.18993853859117218,-81.00614614088279,0.08277889756676816,-91.72211024332319,0.0360766484421502,-96.39233515578498,0.08716387751612986,0.15253678565322723
1205041,IKRH02,KiK-net,135,-0.0692003435686977,2,-0.3605399209408316,0.43597348688119736,-56.40265131188027,0.19007288126334956,-80.99271187366504,0.08286673680593831,-91.71332631940616,0.036127700191751384,-96.38722998082486,0.08719469737623947,0.15259072040841906
1203641,HDKH02,KiK-net,134,-0.0414323163484068,2,-0.3601960054479584,0.43631886870415865,-56.36811312958414,0.19037415518727682,-80.96258448127232,0.08306383602182256,-91.69361639781775,0.03624231896326936,-96.37576810367307,0.08726377374083173,0.1527116040464555
1207481,KSRH08,KiK-net,240,-0.1780927503931339,2,-0.3599582379569204,0.436557809908023,-56.3442190091977,0.19058272139168955,-80.94172786083105,0.08320037545706692,-91.6799624542933,0.03632177369306236,-96.36782263069377,0.08731156198160461,0.15279523346780804
1202011,EHMH10,KiK-net,47,-0.4704340781882566,0,-0.3596692297911997,0.43684842092647413,-56.315157907352585,0.19083654286595392,-80.91634571340461,0.08336664240605937,-91.66333575939406,0.036418586093029066,-96.3581413906971,0.08736968418529484,0.15289694732426592
1202231,FKOH01,KiK-net,45,-0.4579738097150646,4,-0.358895478463226,0.4376274161583282,-56.23725838416718,0.19151775537341456,-80.84822446265855,0.08381342043251018,-91.61865795674899,0.03667905062327106,-96.33209493767289,0.08752548323166565,0.15316959565541485
1209281,NGNH37,KiK-net,94,-0.446076653102419,3,-0.3585524956718727,0.437973167634855,-56.202683236514495,0.1918204955681088,-80.81795044318912,0.08401223006125227,-91.59877699387478,0.03679510251999485,-96.32048974800051,0.087594633526971,0.15329060867219924
1211791,SOYH10,KiK-net,41,-0.3417043484586793,2,-0.3565033348740464,0.44004456879501685,-55.99554312049831,0.19363922252599233,-80.63607774740078,0.0852098881782526,-91.47901118217474,0.03749614850047077,-96.25038514995292,0.08800891375900338,0.15401559907825588
1208961,NGNH21,KiK-net,106,-0.2377414815860387,3,-0.3559913780714844,0.44056360980751613,-55.943639019248394,0.19409629428662933,-80.59037057133706,0.08551176406117938,-91.44882359388207,0.03767337145580182,-96.23266285441981,0.08811272196150323,0.15419726343263063
1203501,GNMH09,KiK-net,317,-0.3738822822959755,3,-0.3557240753029489,0.4408348546104109,-55.916514538958914,0.19433536903938212,-80.5664630960618,0.08566980415613655,-91.43301958438634,0.03776623565967283,-96.22337643403272,0.08816697092208219,0.1542921991136438
1207521,KSRH10,KiK-net,167,-0.5543970856392253,2,-0.3552273956173823,0.44133930257545206,-55.86606974245479,0.19478037999778644,-80.52196200022136,0.08596423706360459,-91.40357629363955,0.03793939643208208,-96.2060603567918,0.08826786051509042,0.1544687559014082
1208981,NGNH22,KiK-net,103,-0.253892882337987,3,-0.3551046876469812,0.44146401864669377,-55.853598135330614,0.19489047975968837,-80.51095202403116,0.08603713439069417,-91.39628656093059,0.03798229910096151,-96.20177008990385,0.08829280372933876,0.15451240652634282
1207801,MIEH06,KiK-net,42,-0.4011352586360837,0,-0.3550497206052315,0.44151989664617786,-55.84801033538221,0.19493981913445158,-80.50601808655485,0.08606980879646767,-91.39301912035323,0.038001533084172694,-96.19984669158274,0.08830397932923557,0.15453196382616224
1206231,KKWH02,KiK-net,40,-0.3426372689984987,2,-0.3550247395000099,0.44154529409578935,-55.845470590421066,0.1949622467381371,-80.50377532618629,0.0860846625735666,-91.39153374264333,0.03801027765318225,-96.19897223468178,0.08830905881915788,0.15454085293352626
1201531,CHBH06,KiK-net,173,-0.6583948424486094,3,-0.3539490819238616,0.44264026588307026,-55.735973411692974,0.19593040498103514,-80.4069595018965,0.08672668655538303,-91.3273313444617,0.03838872359603244,-96.16112764039676,0.08852805317661405,0.1549240930590746
1208561,NARH03,KiK-net,36,-0.3683822056785756,0,-0.3539152540263598,0.44267474518995087,-55.73252548100491,0.19596093002898793,-80.4039069971012,0.08674695476776802,-91.3253045232232,0.038400686097825903,-96.15993139021741,0.08853494903799018,0.1549361608164828
1203601,GNMH14,KiK-net,317,-0.3940199763760988,3,-0.3533799884094796,0.443220675795494,-55.6779324204506,0.1964445674526144,-80.35554325473856,0.08706829394270127,-91.29317060572988,0.03859046808164477,-96.14095319183552,0.0886441351590988,0.1551272365284229
1213061,TKSH02,KiK-net,28,-0.3061790359013744,0,-0.3533110029054478,0.4432910847726428,-55.67089152273572,0.19650698583890638,-80.34930141610937,0.08710979491793117,-91.28902050820689,0.03861499548349215,-96.13850045165078,0.08865821695452857,0.15515187967042496
1212391,SZOH40,KiK-net,92,-0.674563649719293,3,-0.3529571267165483,0.44365243886488503,-55.6347561135115,0.19682748651076054,-80.31725134892395,0.08732299442614418,-91.26770055738558,0.03874105944614363,-96.12589405538564,0.08873048777297701,0.15527835360270975
1200301,ABSH15,KiK-net,180,-0.3769775316232003,2,-0.3529328240089593,0.4436772659295193,-55.632273407048075,0.19684951630269337,-80.31504836973068,0.08733765519272733,-91.26623448072728,0.038749732068604346,-96.12502679313957,0.08873545318590387,0.15528704307533173
1200631,AICH19,KiK-net,69,-0.2984884763168274,3,-0.3528555082490797,0.44375625910121297,-55.6243740898787,0.19691961749150286,-80.3080382508497,0.0873843128016711,-91.26156871983288,0.0387773357529998,-96.12226642470002,0.0887512518202426,0.15531469068542453
1206611,KMMH06,KiK-net,59,-0.5143519785255996,4,-0.3525504178284631,0.44406810591150275,-55.59318940884972,0.19719648268782963,-80.28035173121704,0.08756866855959494,-91.24313314404051,0.03888645278445149,-96.11135472155485,0.08881362118230056,0.15542383706902596
1208461,MYZH14,KiK-net,27,-0.4748779485545527,4,-0.3523574264775395,0.4442654843079248,-55.57345156920752,0.19737182054735497,-80.26281794526452,0.08768548744420747,-91.23145125557926,0.03895563554617729,-96.10443644538226,0.08885309686158496,0.15549291950777366
1205741,IWTH25,KiK-net,101,-0.5375629187202341,1,-0.352078118574879,0.44455129676094635,-55.54487032390536,0.19762585545183897,-80.2374144548161,0.08785483031460636,-91.21451696853936,0.03905597874307116,-96.09440212569288,0.08891025935218927,0.1555929538663312
1203691,HDKH05,KiK-net,204,-0.245582075681559,2,-0.351627659295571,0.445012633835037,-55.4987366164963,0.1980362442727967,-80.19637557272033,0.08812863065863602,-91.1871369341364,0.0392183540456748,-96.07816459543253,0.0890025267670074,0.15575442184226293
1207021,KNGH21,KiK-net,231,-0.2831024886273212,3,-0.3515270620977193,0.4451157256563979,-55.48842743436021,0.1981280092266217,-80.18719907733784,0.0881898925997652,-91.18101074002348,0.03925470804010429,-96.07452919598957,0.08902314513127958,0.15579050397973926
1213561,TYMH01,KiK-net,30,-0.50922704128843,3,-0.3514457730731232,0.44519904794384785,-55.48009520561521,0.19820219229010855,-80.17978077098915,0.08823942730793978,-91.17605726920603,0.03928410902860516,-96.07158909713948,0.08903980958876957,0.15581966678034673
1208841,NGNH15,KiK-net,67,-0.4089113473913925,3,-0.3511372439796537,0.4455154361691384,-55.44845638308615,0.19848400386497764,-80.15159961350223,0.08842768755450246,-91.15723124454975,0.03939589979027246,-96.06041002097275,0.08910308723382769,0.15593040265919844
1206181,KGWH05,KiK-net,20,-0.4427595416774917,0,-0.3509176364875579,0.44574077467246154,-55.425922532753845,0.19868483820560612,-80.13151617943939,0.08856193369743956,-91.14380663025604,0.03947566493278788,-96.05243350672121,0.08914815493449231,0.15600927113536153
1202551,FKSH07,KiK-net,159,-0.4625713529513855,3,-0.3503751460723002,0.4462979108947726,-55.370208910522734,0.19918182526903838,-80.08181747309617,0.08889443250577947,-91.11055674942206,0.03967339951750574,-96.03266004824943,0.08925958217895452,0.1562042688131704
1208781,NGNH12,KiK-net,147,-0.503299775331605,3,-0.3502435354714642,0.4464331795652221,-55.35668204347779,0.19930258381671384,-80.06974161832862,0.08897528618885973,-91.10247138111403,0.039721519916018244,-96.02784800839818,0.08928663591304442,0.15625161284782774
1207871,MIEH09,KiK-net,35,-0.3416735297475878,0,-0.3500164954711118,0.44666662643606725,-55.33333735639327,0.19951107517177724,-80.04889248282228,0.08911493888361036,-91.08850611163896,0.03980466911619855,-96.01953308838014,0.08933332528721345,0.15633331925262353
1207081,KOCH01,KiK-net,32,-0.203473518028599,0,-0.3500064955579632,0.4466769113443052,-55.33230886556948,0.1995202631280883,-80.04797368719116,0.08912109488465754,-91.08789051153424,0.039808335398701586,-96.01916646012984,0.08933538226886105,0.1563369189705068
1201891,EHMH04,KiK-net,31,-0.1765840313376411,0,-0.3485252619508744,0.4482029782609694,-55.17970217390307,0.200885909722003,-79.91140902779969,0.09003766302806597,-90.9962336971934,0.04035514872483674,-95.96448512751633,0.08964059565219389,0.15687104239133928
1209801,NIGH19,KiK-net,169,-0.3921452281308664,3,-0.3479430933650345,0.44880419395734744,-55.11958060426525,0.20142520451370435,-79.85747954862956,0.09040047655446694,-90.9599523445533,0.04057211301338762,-95.94278869866125,0.0897608387914695,0.1570814678850716
1207241,KOCH09,KiK-net,24,-0.0358205126841194,0,-0.3476669811683595,0.44908962174403827,-55.09103782559617,0.20168148835820338,-79.83185116417965,0.09057306331956021,-90.94269366804399,0.04067542274638012,-95.93245772536199,0.08981792434880766,0.15718136761041338
1200651,AICH20,KiK-net,58,-0.3629784712136543,3,-0.3476222251451539,0.4491359048585516,-55.08640951414484,0.2017230610331099,-79.82769389668901,0.09060106954794264,-90.93989304520574,0.04069219335256778,-95.93078066474322,0.08982718097171033,0.15719756670049304
1206981,KNGH19,KiK-net,199,-0.3270675101575069,3,-0.3472811384238604,0.4494887863095034,-55.05112136904966,0.2020401690179904,-79.79598309820096,0.09081479035766343,-90.91852096423365,0.04082022989681813,-95.9179770103182,0.08989775726190069,0.15732107520832617
1207711,MIEH01,KiK-net,65,-0.3862437632907059,0,-0.3468530374137956,0.4499320833897771,-55.00679166102229,0.20243887966346533,-79.75611203365347,0.09108374688607533,-90.89162531139246,0.04098149999939899,-95.9018500000601,0.08998641667795543,0.15747622918642196
1103361,HKD113,K-NET,190,-0.3408850426649028,2,-0.3468357730111703,0.44994996978567503,-55.0050030214325,0.20245497531012988,-79.75450246898701,0.09109461002375252,-90.89053899762474,0.0409880170278253,-95.90119829721748,0.08998999395713501,0.15748248942498624
1206351,KKWH08,KiK-net,194,-0.2630069790117086,2,-0.3466754186542954,0.4501161352860418,-54.98838647139582,0.20260453524484226,-79.73954647551578,0.09119557039583304,-90.8804429604167,0.04104859770177853,-95.89514022982215,0.09002322705720836,0.1575406473501146
1205561,IWTH16,KiK-net,474,-0.1460402212867854,1,-0.3455603926692461,0.45127326725093897,-54.872673274906106,0.20364756173533738,-79.63524382646627,0.091900700551993,-90.8099299448007,0.041472329400748055,-95.8527670599252,0.0902546534501878,0.15794564353782864
1211031,SIGH04,KiK-net,37,-0.3483288074125029,0,-0.3451176995329708,0.4517335020464773,-54.82664979535228,0.20406315687117468,-79.59368431288253,0.0921821644920754,-90.78178355079245,0.04164177199222965,-95.83582280077704,0.09034670040929546,0.15810672571626705
1214061,YMGH09,KiK-net,31,-0.2204693225792164,4,-0.345012557894698,0.4518428788685286,-54.81571211314714,0.20416198718419978,-79.58380128158002,0.09224914004482847,-90.77508599551716,0.041682117011001364,-95.83178829889987,0.09036857577370572,0.158145007603985
1207471,KSRH08,KiK-net,240,-0.1353974208074756,2,-0.3445727458702007,0.4523006940121807,-54.769930598781926,0.20457591780390033,-79.54240821960997,0.09252982960088295,-90.7470170399117,0.04185130614530818,-95.81486938546918,0.09046013880243614,0.15830524290426323
1209181,NGNH32,KiK-net,77,-0.3209093920399281,3,-0.344288780519971,0.45259652950923596,-54.7403470490764,0.2048436185238047,-79.51563814761953,0.09271151083598785,-90.72884891640122,0.04196090804992602,-95.80390919500739,0.0905193059018472,0.15840878532823258
1210341,OKYH11,KiK-net,31,-0.4082762523832688,0,-0.3442575019922276,0.4526291273512415,-54.73708726487585,0.2048731269267464,-79.51268730732536,0.09273154465857336,-90.72684553414267,0.04197299813674274,-95.80270018632572,0.0905258254702483,0.15842019457293452
1209821,NMRH01,KiK-net,212,-0.3426216602423722,2,-0.3441943493338115,0.452694950916302,-54.730504908369795,0.20493271858511308,-79.5067281414887,0.0927720069810321,-90.7227993018968,0.04199741914668516,-95.80025808533148,0.0905389901832604,0.1584432328207057
1207791,MIEH05,KiK-net,37,-0.3723684236746327,0,-0.344128058327366,0.45276405585688817,-54.72359441431118,0.20499529027597935,-79.50047097240207,0.09281449905691252,-90.71855009430875,0.04202306903533303,-95.7976930964667,0.09055281117137765,0.15846741954991084
1103061,HKD083,K-NET,213,-0.2103745114697839,2,-0.3440424394432103,0.4528533247200407,-54.71466752799593,0.2050761337099946,-79.49238662900053,0.09286940897130268,-90.71305910286974,0.04205622061743959,-95.79437793825603,0.09057066494400814,0.15849866365201423
1212581,TCGH08,KiK-net,280,-0.3692883241687029,3,-0.3440321075615303,0.4528640982454239,-54.713590175457604,0.20508589147964096,-79.4914108520359,0.09287603730778646,-90.71239626922136,0.04206022288399906,-95.79397771160009,0.09057281964908478,0.15850243438589837
1204101,HRSH18,KiK-net,41,-0.3388350495832498,0,-0.3435158605279122,0.4534027391110764,-54.659726088892356,0.20557404383342684,-79.44259561665731,0.09320783456421622,-90.67921654357838,0.042260687498027694,-95.77393125019724,0.0906805478222153,0.15869095868887673
1201151,AOMH02,KiK-net,21,-0.6215752132016318,1,-0.3429244161133813,0.45402062676654925,-54.59793732334508,0.20613472952949022,-79.38652704705098,0.09358941909933226,-90.64105809006678,0.04249152671819609,-95.75084732818038,0.09080412535330985,0.15890721936829222
1207731,MIEH02,KiK-net,47,-0.3813156313354466,0,-0.3405466844262453,0.45651317474299385,-54.34868252570062,0.20840427871392725,-79.15957212860727,0.09513929890571866,-90.48607010942813,0.04343234338627227,-95.65676566137277,0.09130263494859878,0.15977961116004785
1202191,FKIH06,KiK-net,34,-0.2642782654468306,0,-0.3404186186544512,0.4566478122649968,-54.335218773500316,0.20852722444640776,-79.14727755535922,0.09522350084114406,-90.47764991588559,0.043483603335322515,-95.65163966646774,0.09132956245299936,0.15982673429274888
1205461,IWTH11,KiK-net,390,-0.4536439076685783,1,-0.3401270030785246,0.4569545403922578,-54.30454596077422,0.20880745198509956,-79.11925480149004,0.09541551325232961,-90.45844867476704,0.043600552004509664,-95.63994479954904,0.09139090807845157,0.1599340891372902
1200091,ABSH05,KiK-net,59,-0.3048144734120075,2,-0.3400780554632199,0.4570060448356092,-54.29939551643908,0.20885452501628685,-79.11454749837131,0.09544778042371305,-90.4552219576287,0.04362021261977878,-95.63797873802213,0.09140120896712184,0.1599521156924632
1203161,GIFH18,KiK-net,66,-0.2658978415893456,3,-0.3399053166941235,0.45718785318588545,-54.28121468141145,0.20902073310071875,-79.09792668992812,0.09556174023765755,-90.44382597623425,0.0436896668659619,-95.63103331340382,0.0914375706371771,0.1600157486150599
1210791,SBSH02,KiK-net,47,-0.2519181789361887,2,-0.339715917512058,0.45738727982679683,-54.261272017320316,0.20920312374735656,-79.07968762526434,0.09568684770207217,-90.43131522979279,0.043765946985651775,-95.62340530143483,0.09147745596535937,0.16008554793937887
1207931,MYGH02,KiK-net,225,-0.5138100827472849,1,-0.33938896833382,0.45773174356168567,-54.22682564383143,0.20951834906402078,-79.04816509359792,0.0959031992252401,-90.40968007747598,0.04389793859451285,-95.61020614054871,0.09154634871233713,0.16020611024658998
1208341,MYZH08,KiK-net,67,-0.4446680196456906,4,-0.3393811066875579,0.4577400295468211,-54.2259970453179,0.20952593464952463,-79.04740653504754,0.0959084075172987,-90.40915924827013,0.043901117290756866,-95.60988827092432,0.09154800590936422,0.16020901034138738
1213761,WKYH04,KiK-net,26,-0.2505683993563612,0,-0.3389693574830677,0.4581742129732799,-54.182578702672004,0.20992360943368446,-79.00763905663155,0.09618158453678859,-90.38184154632114,0.0440679217976661,-95.59320782023339,0.09163484259465599,0.16036097454064796
1211981,SRCH10,KiK-net,144,-0.1792969194045127,2,-0.3388218130397635,0.4583298966084266,-54.16701033915734,0.210066294125091,-78.9933705874909,0.0962796628672683,-90.37203371327317,0.04412784792744925,-95.58721520725507,0.09166597932168533,0.1604154638129493
1200191,ABSH10,KiK-net,83,-0.260500878892301,2,-0.3387816045260873,0.4583723323698977,-54.162766763010225,0.21010519508221998,-78.98948049177801,0.09630640831286953,-90.36935916871305,0.044144193000537714,-95.58558069994622,0.09167446647397955,0.1604303163294642
1206811,KMMH16,KiK-net,57,-0.3619744964544287,4,-0.3383863254235119,0.4587897161746023,-54.12102838253977,0.21048800366757212,-78.95119963324278,0.09656973146080407,-90.3430268539196,0.04430519968795986,-95.56948003120401,0.09175794323492047,0.16057640066111079
1203881,HRSH07,KiK-net,68,-0.2579195912312531,0,-0.3383826127543956,0.45879363826378783,-54.120636173621214,0.2104916025113234,-78.95083974886766,0.09657220814014512,-90.34277918598549,0.04430671472778497,-95.56932852722151,0.09175872765275757,0.16057777339232573
1209221,NGNH34,KiK-net,85,-0.1406456219690458,3,-0.33826464628408,0.45891827631374554,-54.10817236862544,0.2106059843347793,-78.93940156652206,0.09665093531227661,-90.33490646877233,0.0443548806376213,-95.56451193623788,0.09178365526274912,0.16062139670981093
1200071,ABSH04,KiK-net,33,-0.377003099463969,2,-0.3382469145247313,0.4589370138176714,-54.10629861823286,0.21062318265188149,-78.93768173481185,0.09666277448702845,-90.33372255129716,0.044362125070407835,-95.56378749295922,0.09178740276353428,0.16062795483618497
1211471,SMNH10,KiK-net,20,-0.1997404752010932,0,-0.3378060155122257,0.45940316669415066,-54.05968333058493,0.2110512695686136,-78.89487304313865,0.09695762157464191,-90.30423784253581,0.04454263838652359,-95.54573616134763,0.09188063333883013,0.1607911083429527
1210151,OKYH02,KiK-net,24,-0.4622909361751697,0,-0.3373704312197175,0.45986416538696046,-54.01358346130396,0.21147505060704572,-78.85249493929543,0.0972497976475743,-90.27502023524256,0.04472169702925255,-95.52783029707474,0.0919728330773921,0.16095245788543616
1202511,FKSH05,KiK-net,287,-0.2853247030124333,3,-0.3372152485758963,0.4600285139827242,-53.997148601727574,0.21162623367715347,-78.83737663228464,0.09735410179826166,-90.26458982017384,0.04478566278037717,-95.52143372196228,0.09200570279654485,0.16100997989395346
1208741,NGNH10,KiK-net,153,-0.1036299138511086,3,-0.3371303022811771,0.46011850255345155,-53.98814974465485,0.2117090363920306,-78.82909636079694,0.0974112448017353,-90.25887551982647,0.04482071609004214,-95.51792839099579,0.09202370051069031,0.16104147589370804
1210671,SAGH01,KiK-net,34,-0.400405155657083,4,-0.3364983776417241,0.4607884900168256,-53.921150998317444,0.21232603253198618,-78.76739674680138,0.0978373919216773,-90.21626080783227,0.04508234409077405,-95.4917655909226,0.09215769800336512,0.16127597150588896
1203741,HDKH07,KiK-net,299,0.0282626079604728,2,-0.3363148142518628,0.46098329280348826,-53.90167071965117,0.2125055962439466,-78.74944037560535,0.0979615294957031,-90.20384705042969,0.04515862843499525,-95.48413715650047,0.09219665856069766,0.1613441524812209
1202811,FKSH20,KiK-net,416,-0.4859176815847954,1,-0.3361969947418518,0.4611083696715107,-53.88916303284893,0.21262092858111856,-78.73790714188814,0.0980412897360823,-90.19587102639177,0.04520765927069712,-95.47923407293028,0.09222167393430214,0.16138792938502874
1204081,HRSH17,KiK-net,42,-0.2205856279605354,0,-0.336152437810792,0.46115568003044655,-53.88443199695534,0.2126645612243436,-78.73354387756564,0.0980714703497887,-90.19285296502113,0.04522621560074259,-95.47737843992574,0.09223113600608931,0.1614044880106563
1201171,AOMH03,KiK-net,281,-0.2120461114649131,1,-0.3360189984511358,0.46129739441058154,-53.87026055894184,0.21279528608999163,-78.72047139100083,0.0981619110161674,-90.18380889838326,0.04528183378212138,-95.47181662178787,0.09225947888211632,0.16145408804370354
1209061,NGNH26,KiK-net,56,-0.6299250106925852,3,-0.3359579242298685,0.4613622705750149,-53.863772942498514,0.21285514471013325,-78.71448552898667,0.09820333286704044,-90.17966671329596,0.045307312629571765,-95.46926873704282,0.09227245411500298,0.1614767947012552
1210361,OKYH12,KiK-net,37,-0.3785415238235628,0,-0.3358840349245548,0.4614407717745665,-53.85592282254335,0.21292758585590757,-78.70724141440924,0.09825346954944525,-90.17465304505548,0.04533815681842489,-95.46618431815752,0.0922881543549133,0.16150427012109828
1212491,SZOH53,KiK-net,57,-0.4591709898246608,3,-0.3353811071086942,0.46197544544497743,-53.80245545550226,0.2134213121940853,-78.65786878059147,0.09859540576831416,-90.14045942316858,0.04554865649864523,-95.44513435013548,0.09239508908899549,0.1616914059057421
1211371,SMNH05,KiK-net,26,-0.2367513026678717,0,-0.3351126996315838,0.46226104886400715,-53.77389511359929,0.213685277296852,-78.63147227031479,0.09877838041003903,-90.12216195899609,0.045661397733432536,-95.43386022665675,0.09245220977280144,0.1617913671024025
1200031,ABSH02,KiK-net,51,-0.2598676759206859,2,-0.3351089187706424,0.46226507321251936,-53.77349267874807,0.21368899791217588,-78.63110020878241,0.09878096026458189,-90.1219039735418,0.04566298782870991,-95.43370121712901,0.09245301464250388,0.16179277562438177
1201851,EHMH02,KiK-net,30,-0.4665854032677212,0,-0.3348708674278831,0.46251852562917156,-53.74814743708285,0.21392338655018264,-78.60766134498174,0.09894352934478982,-90.10564706552103,0.04576321531309886,-95.42367846869011,0.09250370512583432,0.16188148397021004
1214161,YMGH14,KiK-net,37,-0.2442075673311627,4,-0.3348406316864929,0.4625507274597941,-53.74492725402059,0.2139531754735847,-78.60468245264153,0.09896419695763958,-90.10358030423605,0.04577596129523053,-95.42240387047694,0.09251014549195882,0.16189275461092792
1202711,FKSH15,KiK-net,144,-0.3967460061594541,1,-0.3343268780273103,0.46309823094401614,-53.690176905598385,0.21445997150347731,-78.55400284965228,0.09931603341156446,-90.06839665884355,0.0459930793772723,-95.40069206227277,0.09261964618880324,0.16208438083040563
1200761,AKTH02,KiK-net,383,-0.1795671404521791,1,-0.3342465673936174,0.46318387594512767,-53.681612405487236,0.2145393029355514,-78.54606970644487,0.0993711458762546,-90.06288541237454,0.0460271125040723,-95.39728874959278,0.09263677518902554,0.16211435658079468
1210281,OKYH08,KiK-net,41,-0.3042842480176632,0,-0.3341166668482245,0.4633224382336664,-53.667756176633354,0.21466768177078963,-78.53323182292104,0.09946035372801104,-90.0539646271989,0.04608221359684501,-95.3917786403155,0.0926644876467333,0.16216285338178324
1207251,KOCH10,KiK-net,42,-0.1760572099561108,0,-0.3335837617500409,0.46389131130577155,-53.610868869422845,0.21519514870498824,-78.48048512950118,0.0998271597193975,-90.01728402806025,0.046308952026162004,-95.3691047973838,0.09277826226115432,0.16236195895702002
1212761,TCGH17,KiK-net,330,-0.4278511323944425,3,-0.3334980257337854,0.46398289920459584,-53.601710079540425,0.21528013075430213,-78.47198692456978,0.09988629920852558,-90.01137007914744,0.04634553469758943,-95.36544653024106,0.09279657984091917,0.16239401472160853
1212901,TKCH04,KiK-net,207,-0.4211885506528284,2,-0.332897222215645,0.4646252179053896,-53.53747820946104,0.21587659311363075,-78.41234068863693,0.1003017091160938,-89.96982908839061,0.04660270345434808,-95.33972965456519,0.09292504358107792,0.16261882626688634
1208401,MYZH11,KiK-net,36,-0.2833382259662297,4,-0.3328048785311125,0.4647240212936639,-53.52759787063361,0.21596841596735378,-78.40315840326461,0.10036571074077139,-89.96342892592286,0.04664235669544796,-95.3357643304552,0.09294480425873279,0.16265340745278237
1103521,HKD129,K-NET,100,-0.069525574886791,2,-0.3327545322245959,0.46477789831772265,-53.52221016822774,0.21601849476463933,-78.39815052353607,0.10040062199446705,-89.95993780055329,0.04666399008038051,-95.33360099196196,0.09295557966354454,0.16267226441120292
1203191,GIFH20,KiK-net,71,-0.2200354354464603,3,-0.3318422062534061,0.4657552872962446,-53.42447127037554,0.21692798764440735,-78.30720123555926,0.10103535720791715,-89.89646427920829,0.04705775182345215,-95.29422481765478,0.09315105745924893,0.1630143505536856
1203231,GIFH22,KiK-net,31,-0.2886272182707213,3,-0.3312976550026665,0.46633965276722006,-53.36603472327799,0.21747267174305138,-78.25273282569486,0.1014161302270142,-89.85838697729858,0.047294362955060974,-95.27056370449391,0.09326793055344401,0.163218878468527
1206421,KKWH12,KiK-net,125,-0.4311828958321867,2,-0.3311678386801205,0.4664790686476427,-53.35209313523572,0.21760272148637216,-78.23972785136279,0.10150711485415528,-89.84928851458447,0.047350944398275654,-95.26490556017244,0.09329581372952855,0.16326767402667494
1208681,NGNH07,KiK-net,65,-0.7620826661595868,3,-0.3309909160318904,0.4666691413484251,-53.33308586515749,0.21778008748687636,-78.22199125131236,0.10163124643028547,-89.83687535697146,0.047428166505791514,-95.25718334942084,0.09333382826968502,0.16333419947194877
1201871,EHMH03,KiK-net,43,-0.1850418778241653,0,-0.3305615726318039,0.4671307184474426,-53.286928155255744,0.21821110811722388,-78.17888918827761,0.10193311170801136,-89.80668882919886,0.04761608770574677,-95.23839122942532,0.09342614368948852,0.1634957514566049
1202861,GIFH03,KiK-net,70,-0.1535636543023519,3,-0.3299261587811004,0.46781467503847873,-53.21853249615213,0.21885057018135745,-78.11494298186426,0.10238150837137752,-89.76184916286225,0.04789557206870527,-95.21044279312947,0.09356293500769575,0.16373513626346756
1214421,YMNH16,KiK-net,174,-0.2265614850422761,3,-0.3295666375165705,0.46820210560852266,-53.17978943914774,0.2192132116962542,-78.07867883037459,0.10263608729339305,-89.7363912706607,0.04805443218218676,-95.19455678178133,0.09364042112170454,0.16387073696298293
1202651,FKSH12,KiK-net,564,-0.3896473611774028,3,-0.3293285717169784,0.46845882879751544,-53.15411712024846,0.21945367427833987,-78.05463257216601,0.10280501122774253,-89.71949887722575,0.0481599151542637,-95.18400848457364,0.0936917657595031,0.16396059007913039
1210731,SAGH04,KiK-net,43,-0.4552292400287515,4,-0.3289691041616716,0.4688467348547478,-53.11532651452522,0.2198172607839582,-78.01827392160419,0.10306060498327341,-89.69393950167266,0.048319628138562686,-95.16803718614372,0.09376934697094957,0.1640963571991617
1102611,HKD038,K-NET,101,-0.2918745524624638,2,-0.3289446140884303,0.4688731740914878,-53.11268259085122,0.21984205338262663,-78.01579466173733,0.10307804136830247,-89.69219586316976,0.04833052843548966,-95.16694715645103,0.09377463481829756,0.16410561093202072
1206451,KKWH13,KiK-net,94,-0.4368465501554067,2,-0.3284828511670453,0.469371967876544,-53.0628032123456,0.22031004422829945,-77.96899557717005,0.10340735900240536,-89.65926409975947,0.048536515587875265,-95.14634844121247,0.0938743935753088,0.1642801887567904
1109371,SZO019,K-NET,34,-0.1905313355919236,3,-0.3284184663549221,0.4694415581371841,-53.0558441862816,0.22037537650626718,-77.96246234937328,0.10345336012217066,-89.65466398778294,0.048565306570279014,-95.1434693429721,0.09388831162743683,0.16430454534801442
1207161,KOCH05,KiK-net,55,-0.3703370979555944,0,-0.3283120881611125,0.46955655950999536,-53.04434404900047,0.2204833625788638,-77.95166374211362,0.10352940916172615,-89.64705908382739,0.04861291317408273,-95.13870868259173,0.09391131190199908,0.16434479582849837
1208861,NGNH16,KiK-net,133,-0.080107871342512,3,-0.3283093327257795,0.46955953867941447,-53.044046132058554,0.22048616036482452,-77.95138396351756,0.10353137974610241,-89.64686202538977,0.04861414691242312,-95.13858530875768,0.0939119077358829,0.16434583853779505
1205971,KGSH07,KiK-net,63,-0.4262221656082756,4,-0.327928836238243,0.4699711120525121,-53.00288879474879,0.22087284616387487,-77.91271538361251,0.10380385713383969,-89.61961428661603,0.04878481417253073,-95.12151858274692,0.09399422241050243,0.1644898892183792
1207841,MIEH08,KiK-net,43,-0.2551547423839388,0,-0.3279041297814001,0.4699978488676549,-53.00021511323452,0.22089797794022298,-77.91020220597771,0.10382157445111947,-89.61784255488806,0.04879591665807923,-95.12040833419208,0.09399956977353098,0.1644992471036792
1211781,SOYH10,KiK-net,41,-0.3395547678219726,2,-0.3277110753484327,0.4702068207564793,-52.97931792435207,0.22109445428591584,-77.89055457140842,0.10396012043666923,-89.60398795633307,0.048882757715986935,-95.1117242284013,0.09404136415129587,0.16457238726476775
1205701,IWTH23,KiK-net,502,-0.4557924424765492,1,-0.3275896519594508,0.47033830317273456,-52.96616968272654,0.22121811943140718,-77.87818805685929,0.10404735492443139,-89.59526450755686,0.048937456364768324,-95.10625436352316,0.09406766063454691,0.16461840611045708
1209761,NIGH17,KiK-net,135,-0.4481486575804733,3,-0.3275065765276732,0.47042828196970415,-52.95717180302959,0.22130276847696748,-77.86972315230325,0.10410708116975902,-89.5892918830241,0.048974915335570274,-95.10250846644297,0.09408565639394084,0.16464989868939645
1102981,HKD075,K-NET,174,-0.135161722656543,2,-0.3268341504313306,0.47115721885768064,-52.88427811423193,0.22198912488170436,-77.80108751182956,0.10459177869591418,-89.54082213040859,0.04927917156574494,-95.0720828434255,0.09423144377153614,0.16490502660018821
1209201,NGNH33,KiK-net,87,-0.5080176484009717,3,-0.3266716524420965,0.4713335425944568,-52.86664574055432,0.22215530837464062,-77.78446916253594,0.10470924850238338,-89.52907514976167,0.04935298103903168,-95.06470189609684,0.09426670851889137,0.16496673990805988
1202591,FKSH09,KiK-net,552,-0.4372464025478909,1,-0.3266419421101235,0.4713657878925387,-52.86342121074613,0.22218570599555376,-77.78142940044462,0.10473074036505416,-89.52692596349459,0.04936648794874266,-95.06335120512574,0.09427315757850774,0.16497802576238854
1203861,HRSH06,KiK-net,25,-0.1924839485211854,0,-0.3265240877552831,0.4714937196334576,-52.850628036654236,0.22230632765379352,-77.76936723462065,0.10481603732354128,-89.51839626764587,0.0494201033149158,-95.05798966850843,0.09429874392669152,0.16502280187171015
1200751,AKTH01,KiK-net,245,-0.2902796770290489,1,-0.3261746327135262,0.47187325971871236,-52.81267402812877,0.22266437323756336,-77.73356267624366,0.10506936362283305,-89.4930636377167,0.049579423109276925,-95.04205768907231,0.09437465194374248,0.16515564090154933
1214301,YMNH10,KiK-net,152,-0.2966654418709102,3,-0.3257056783325345,0.47238306713819883,-52.76169328618012,0.22314576211889206,-77.6854237881108,0.10541027952861313,-89.45897204713869,0.04979403115162116,-95.02059688483789,0.09447661342763977,0.1653340734983696
1212251,SZOH33,KiK-net,87,-0.5244826603641686,3,-0.3257034994059498,0.4723854371674027,-52.76145628325972,0.22314800124783818,-77.68519987521618,0.10541186612249218,-89.45881338775078,0.04979503046090519,-95.02049695390949,0.09447708743348054,0.16533490300859094
1201251,AOMH07,KiK-net,154,-0.3093759553014515,1,-0.3256289010808302,0.47246658530665636,-52.75334146933437,0.223224674231332,-77.67753257686681,0.10546619959026819,-89.45338004097319,0.04982925518568429,-95.01707448143158,0.09449331706133128,0.16536330485732972
1204341,HYGH12,KiK-net,34,-0.365145062234358,0,-0.3253652113892362,0.47275353898185934,-52.724646101814066,0.2234959086198724,-77.65040913801275,0.10565848174801092,-89.43415182519891,0.04995042116982235,-95.00495788301777,0.09455070779637187,0.16546373864365077
1202521,FKSH06,KiK-net,380,-0.4577084630951843,3,-0.3253470236901436,0.4727733377117895,-52.72266622882105,0.22351462885114573,-77.64853711488543,0.105671757109368,-89.43282428906319,0.049958789310465435,-95.00412106895347,0.0945546675423579,0.16547066819912631
1102941,HKD071,K-NET,186,-0.2819354094055231,2,-0.3247567831150151,0.47341631092432074,-52.65836890756792,0.22412300344919311,-77.58769965508068,0.10610348548619582,-89.38965145138042,0.05023112067508703,-94.9768879324913,0.09468326218486416,0.16569570882351226
1206631,KMMH07,KiK-net,60,-0.3116269053969462,4,-0.3247530633785965,0.47342036575694635,-52.657963424305365,0.22412684271344085,-77.58731572865591,0.10610621185334676,-89.38937881466532,0.050232841624695455,-94.97671583753046,0.09468407315138927,0.16569712801493122
1204241,HYGH07,KiK-net,28,-0.4882722493832649,0,-0.3245580063702814,0.4736330433401132,-52.636695665988675,0.22432825974361753,-77.56717402563824,0.10624927636956098,-89.37507236304391,0.050323168119599936,-94.96768318804001,0.09472660866802264,0.1657715651690396
1212601,TCGH09,KiK-net,489,-0.347435286637252,3,-0.3243854891776641,0.4738212245801433,-52.61787754198567,0.2245065528626266,-77.54934471373733,0.10637596980363641,-89.36240301963636,0.05040319227825935,-94.95968077217405,0.09476424491602867,0.16583742860305015
1207821,MIEH07,KiK-net,42,-0.4443387880166956,0,-0.3241138106178517,0.47411772233710475,-52.58822776628953,0.22478761463412397,-77.5212385365876,0.10657579185992169,-89.34242081400782,0.05052947169289942,-94.94705283071005,0.09482354446742096,0.16594120281798666
1211331,SMNH03,KiK-net,28,-0.0782072513724497,0,-0.3240633748923348,0.4741727860343537,-52.58272139656464,0.22483983101558097,-77.5160168984419,0.10661292908415132,-89.33870709158487,0.050552949611115006,-94.9447050388885,0.09483455720687074,0.16596047511202378
1211531,SMNH13,KiK-net,23,-0.2213991548470642,0,-0.3239369435630936,0.4743108467864597,-52.56891532135404,0.22497077937928844,-77.50292206207115,0.1067060808696001,-89.32939191303998,0.05061185157452447,-94.93881484254756,0.09486216935729194,0.1660087963752609
1206011,KGSH09,KiK-net,66,-0.4485939588283148,4,-0.3235976444347433,0.47468155409621116,-52.53184459037888,0.22532257779919423,-77.46774222008057,0.10695647140268597,-89.30435285973141,0.05077026406607394,-94.9229735933926,0.09493631081924224,0.1661385439336739
1207141,KOCH04,KiK-net,63,-0.444171969762262,4,-0.3235417714016629,0.474742626952087,-52.5257373047913,0.22538056184536845,-77.46194381546316,0.10699775999440754,-89.30022400055925,0.05079639765773396,-94.9203602342266,0.09494852539041741,0.16615991943323044
1203961,HRSH11,KiK-net,35,-0.2810637126583773,0,-0.3234526819206407,0.474840023797743,-52.5159976202257,0.2254730482002411,-77.45269517997588,0.10706362757315215,-89.29363724268478,0.05083809546470826,-94.91619045352917,0.0949680047595486,0.16619400832921002
1209661,NIGH12,KiK-net,194,-0.495377043625891,3,-0.3234345688197405,0.47485982834277063,-52.51401716572294,0.22549185657372559,-77.45081434262744,0.10707702430529199,-89.2922975694708,0.050846577381065634,-94.91534226189343,0.09497196566855413,0.1662009399199697
1210751,SAGH05,KiK-net,50,-0.2549551666836482,4,-0.3229622580458871,0.4753765362992313,-52.46234637007687,0.2259828512638544,-77.40171487361455,0.10742694509683547,-89.25730549031645,0.05106824906534134,-94.89317509346587,0.09507530725984627,0.16638178770473094
1201291,AOMH09,KiK-net,127,-0.4430399478528857,1,-0.3224230291077374,0.47596714013595076,-52.403285986404924,0.2265447184891958,-77.34552815108043,0.10782784177220657,-89.21721582277934,0.05132250947534897,-94.8677490524651,0.09519342802719016,0.16658849904758274
1203661,HDKH03,KiK-net,208,-0.2141781453986173,2,-0.3220461155641954,0.47638039966184337,-52.361960033815656,0.22693828518197762,-77.30617148180224,0.10810895099356388,-89.18910490064361,0.0515009852813366,-94.84990147186633,0.09527607993236868,0.16673313988164518
1204751,IBRH19,KiK-net,416,-0.376673603055433,3,-0.3217111926253938,0.47674792047492753,-52.32520795250725,0.22728857967716784,-77.27114203228321,0.10835935770878964,-89.16406422912104,0.05166009845166427,-94.83399015483357,0.0953495840949855,0.16686177216622464
1205801,IWTH28,KiK-net,341,-0.5368113991277175,1,-0.3212877679646549,0.47721296268493096,-52.2787037315069,0.22773221175452932,-77.22677882454707,0.108676763470171,-89.1323236529829,0.051861960270609776,-94.81380397293903,0.0954425925369862,0.16702453693972583
1200551,AICH15,KiK-net,74,-0.4160491307226275,3,-0.3211688430032548,0.4773436581154555,-52.26563418845445,0.22785696794304486,-77.21430320569551,0.1087660786050291,-89.1233921394971,0.05191879784019777,-94.80812021598022,0.09546873162309111,0.1670702803404094
1213021,TKCH11,KiK-net,159,-0.2604891255589441,2,-0.320895077203351,0.47764465564345987,-52.23553443565401,0.22814441706475935,-77.18555829352407,0.10897196152587488,-89.10280384741252,0.05204987503781886,-94.7950124962181,0.09552893112869199,0.16717562947521095
1210301,OKYH09,KiK-net,31,-0.3945480465704766,0,-0.3204990707321979,0.4780803891053283,-52.19196108946718,0.2285608584471021,-77.14391415528978,0.10927046414063844,-89.07295358593615,0.05224006601407625,-94.77599339859238,0.09561607782106567,0.1673281361868649
1210921,SBSH09,KiK-net,52,-0.7444037954459704,2,-0.3202537139199271,0.4783505592919099,-52.16494407080901,0.228819257574883,-77.1180742425117,0.10945581983770487,-89.0544180162295,0.052358252637120656,-94.76417473628793,0.09567011185838198,0.16742269575216845
1210871,SBSH06,KiK-net,82,-0.2458470526024186,2,-0.3201217085574833,0.4784959777558978,-52.15040222441022,0.22895840072857265,-77.10415992714273,0.10955567382204504,-89.0444326177955,0.052421949264185655,-94.75780507358144,0.09569919555117956,0.16747359221456423
1206331,KKWH07,KiK-net,80,-0.1892143684652801,2,-0.3198690038311226,0.47877448320916294,-52.122551679083706,0.22922500577220103,-77.0774994227799,0.10974708367720294,-89.0252916322797,0.0525441032712656,-94.74558967287344,0.0957548966418326,0.16757106912320702
1211311,SMNH02,KiK-net,24,-0.2640539526176047,0,-0.3198298746964044,0.4788176218535852,-52.11823781464149,0.2292663149975229,-77.07336850024771,0.10977675171824886,-89.02232482817512,0.05256304319254339,-94.74369568074566,0.09576352437071704,0.1675861676487548
1209041,NGNH25,KiK-net,124,-0.3537829792613816,3,-0.3195573758104348,0.47911815114106704,-52.0881848858933,0.22955420275283436,-77.04457972471657,0.10998358520959964,-89.00164147904005,0.052695132001489384,-94.73048679985106,0.09582363022821341,0.16769135289937345
1206221,KKWH02,KiK-net,40,-0.3162540356028988,2,-0.3192269295184203,0.4794828416235594,-52.05171583764405,0.22990379541140338,-77.00962045885966,0.11023492512390112,-88.9765074876099,0.05285575514456842,-94.71442448554316,0.09589656832471188,0.16781899456824578
1204021,HRSH14,KiK-net,49,-0.3787729660145943,0,-0.3179465341787317,0.4808985480349848,-51.910145196501524,0.23126341350215657,-76.87365864978435,0.11121423976680138,-88.87857602331987,0.053482766424669446,-94.65172335753306,0.09617970960699695,0.16831449181224467
1212961,TKCH07,KiK-net,182,-0.2355738789497018,2,-0.3177943180454083,0.4810671279965061,-51.89328720034939,0.23142558163880678,-76.85744183611932,0.11133123990390173,-88.86687600960983,0.053557799836860015,-94.644220016314,0.09621342559930122,0.1683734947987771
1214381,YMNH14,KiK-net,182,-0.2041156955002795,3,-0.3173413608924137,0.48156912946923275,-51.84308705307672,0.23190882645775465,-76.80911735422453,0.11168013167349228,-88.83198683265077,0.053781703789012966,-94.62182962109871,0.09631382589384656,0.16854919531423146
1213421,TTRH02,KiK-net,33,-0.3511087126581914,0,-0.3173112796768556,0.48160248629759356,-51.83975137024064,0.2319409548080238,-76.80590451919763,0.11170334050978205,-88.8296659490218,0.05379660651725773,-94.62033934827423,0.09632049725951872,0.16856087020415775
1204321,HYGH11,KiK-net,33,-0.4141322623139129,0,-0.3163418081190285,0.48267876391171843,-51.732123608828154,0.23297878913134443,-76.70212108686556,0.11245391395556623,-88.75460860444338,0.05427911618510745,-94.57208838148925,0.09653575278234369,0.16893756736910145
1211881,SRCH05,KiK-net,36,-0.3067538685800065,2,-0.3157198189232395,0.48337054351536357,-51.66294564846364,0.23364708233833797,-76.6352917661662,0.11293811718066134,-88.70618828193386,0.05459095908521809,-94.5409040914782,0.09667410870307272,0.16917969023037724
1207761,MIEH04,KiK-net,46,-0.4091841063864977,0,-0.3155619343869917,0.48354630123541714,-51.64536987645829,0.23381702543845279,-76.61829745615472,0.11306135781663128,-88.69386421833687,0.054670401384886075,-94.53295986151139,0.09670926024708343,0.16924120543239599
1205721,IWTH24,KiK-net,464,0.0930571035366971,1,-0.3153609939872496,0.48377008134917115,-51.62299186508288,0.23403349160858367,-76.59665083914163,0.1132184012739151,-88.67815987260849,0.05477167519450501,-94.5228324805495,0.09675401626983424,0.1693195284722099
1202321,FKOH06,KiK-net,47,-0.5066522711776505,4,-0.3152940809135734,0.4838446230214391,-51.6155376978561,0.23410561922675852,-76.58943807732415,0.11327074508197155,-88.67292549180284,0.054805440953544046,-94.5194559046456,0.09676892460428782,0.16934561805750367
1205951,KGSH06,KiK-net,51,-0.3842241993531267,4,-0.31479267437247,0.4844035593404007,-51.55964406595993,0.2346468083016491,-76.53531916983509,0.1136637491291835,-88.63362508708164,0.055059124646150856,-94.49408753538492,0.09688071186808014,0.16954124576914023
1206551,KMMH03,KiK-net,52,-0.5186176501692594,4,-0.3147752697190403,0.4844229725389575,-51.55770274610425,0.23466561632347957,-76.53343836765204,0.11367741541210648,-88.63225845878935,0.055067951484478524,-94.49320485155215,0.09688459450779151,0.1695480403886351
1207601,KYTH04,KiK-net,42,-0.302228144105059,0,-0.3145430460379879,0.48468206993059404,-51.531793006940596,0.23491670891220526,-76.50832910877948,0.11385991673685047,-88.61400832631496,0.055185860126141774,-94.48141398738582,0.09693641398611881,0.1696387244757079
1212481,SZOH53,KiK-net,57,-0.4506296128335367,3,-0.3145390519239448,0.48468652746907204,-51.5313472530928,0.23492102991002753,-76.50789700899725,0.11386305821654925,-88.61369417834507,0.055187890293988046,-94.4812109706012,0.09693730549381441,0.1696402846141752
1213901,YMGH01,KiK-net,21,-0.1821198359718588,4,-0.3143866021792225,0.48485669612372373,-51.51433038762762,0.23508601577601299,-76.4913984223987,0.11398302891404724,-88.60169710859527,0.05526543481343982,-94.47345651865602,0.09697133922474475,0.1696998436433033
1202491,FKSH04,KiK-net,287,-0.3756498248763705,3,-0.3143474359910552,0.4849004241601213,-51.50995758398786,0.23512842135066556,-76.48715786493344,0.11401387124503745,-88.59861287549626,0.05528537452685611,-94.47146254731439,0.09698008483202426,0.16971514845604244
1103341,HKD111,K-NET,106,-0.2341505789300378,2,-0.3141683459981133,0.48510042375692036,-51.48995762430797,0.2353224211291437,-76.46775788708563,0.11415500620925208,-88.58449937907478,0.05537664188608206,-94.4623358113918,0.09702008475138407,0.1697851483149221
1207271,KOCH11,KiK-net,30,-0.1955907103703955,0,-0.3141599958759604,0.4851097508078143,-51.489024919218565,0.2353314703288197,-76.46685296711803,0.11416159092845028,-88.58384090715498,0.05538090092712415,-94.46190990728759,0.09702195016156287,0.16978841278273502
1210431,OSKH02,KiK-net,31,0.0895864249269545,0,-0.3141477595729007,0.4851234190301826,-51.48765809698175,0.2353447316915341,-76.46552683084658,0.114171240888938,-88.5828759111062,0.05538714273496018,-94.46128572650399,0.09702468380603652,0.1697931966605639
1209741,NIGH16,KiK-net,35,-0.5863812493924788,3,-0.3141093198810967,0.48516635952514403,-51.483364047485594,0.23538639641488132,-76.46136035851187,0.11420156103035038,-88.57984389696496,0.05540675561718365,-94.45932443828163,0.0970332719050288,0.1698082258338004
1213881,WKYH10,KiK-net,28,-0.3317331883256747,0,-0.3139866841884271,0.485303379718648,-51.4696620281352,0.23551937036634227,-76.44806296336577,0.11429834642799389,-88.57016535720061,0.055469373817758294,-94.45306261822417,0.09706067594372961,0.1698561829015268
1201971,EHMH08,KiK-net,50,-0.3253387217151059,0,-0.3133330928431143,0.48603428674004145,-51.39657132599586,0.23622932788690085,-76.3770672113099,0.11481555288658923,-88.51844471134108,0.05580429535389691,-94.41957046461032,0.0972068573480083,0.1701120003590145
1206771,KMMH14,KiK-net,67,-0.2870155062737317,4,-0.3133060117644703,0.4860645950761551,-51.393540492384496,0.23625879058654664,-76.37412094134534,0.11483703337963193,-88.51629666203681,0.0558182161294177,-94.41817838705823,0.09721291901523103,0.1701226082766543
1209121,NGNH29,KiK-net,150,-0.4958958164978619,3,-0.3130682476184933,0.4863307747750967,-51.366922522490334,0.23651762249334582,-76.34823775066542,0.1150257985951527,-88.49742014048473,0.05594058574990484,-94.40594142500952,0.09726615495501933,0.17021577117128384
1203271,GIFH24,KiK-net,77,-0.4172541967587563,3,-0.3120078766143823,0.4875196480866114,-51.24803519133886,0.23767540727049344,-76.23245927295066,0.115871430911353,-88.4128569088647,0.056489599221194925,-94.35104007788051,0.0975039296173223,0.17063187683031397
1209481,NIGH03,KiK-net,245,-0.3509755065416562,1,-0.3119180251659655,0.4876205217564463,-51.237947824355366,0.23777377323802895,-76.2226226761971,0.11594337136632663,-88.40566286336734,0.05653636723984961,-94.34636327601504,0.09752410435128928,0.1706671826147562
1212271,SZOH34,KiK-net,182,-0.3569229162191972,3,-0.3114449445283796,0.48815198030704293,-51.18480196929571,0.23829235587768763,-76.17076441223124,0.11632288541372383,-88.36771145862762,0.056783246869738534,-94.32167531302615,0.0976303960614086,0.17085319310746502
1205731,IWTH25,KiK-net,101,-0.3785800072708945,1,-0.3110550392125313,0.48859043514619993,-51.14095648538001,0.238720613316353,-76.1279386683647,0.11663660833860465,-88.33633916613954,0.056987531222135734,-94.30124687778643,0.09771808702924,0.17100665230116996
1205601,IWTH18,KiK-net,472,-0.3662052939837659,1,-0.310391528092127,0.48933746963616276,-51.06625303638373,0.23945115918992252,-76.05488408100774,0.11717242433944268,-88.28275756605574,0.05733685763739761,-94.26631423626024,0.09786749392723255,0.17126811437265696
1205991,KGSH08,KiK-net,77,-0.4530617576213155,4,-0.3102732529998856,0.4894707531994487,-51.052924680055135,0.23958161823763563,-76.04183817623644,0.11726819513151829,-88.27318048684816,0.05739935179736418,-94.26006482026358,0.09789415063988975,0.17131476361980705
1106751,MIE015,K-NET,30,-0.3966152368201524,0,-0.3096919153307024,0.4901263874029142,-50.98736125970858,0.24022387562863154,-75.97761243713684,0.11774006032978813,-88.22599396702118,0.05770751042204023,-94.22924895779597,0.09802527748058285,0.17154423559101997
1204631,IBRH13,KiK-net,503,-0.4103362339137872,3,-0.3096651661411965,0.49015657633674925,-50.98434236632507,0.24025346932616348,-75.97465306738364,0.1177618179779385,-88.22381820220615,0.057721729523257784,-94.22782704767421,0.09803131526734986,0.17155480171786222
1206391,KKWH10,KiK-net,24,0.0103460548931815,2,-0.3093304610459748,0.49053447922357507,-50.946552077642494,0.240624075307144,-75.93759246928559,0.11803440546944419,-88.19655945305558,0.05789994561741811,-94.2100054382582,0.09810689584471502,0.17168706772825126
1214331,YMNH12,KiK-net,190,-0.2262988161170339,3,-0.3092542196097625,0.490620601285229,-50.9379398714771,0.24070857440547966,-75.92914255945203,0.11809658550932671,-88.19034144906733,0.05794061779231833,-94.20593822076818,0.09812412025704581,0.17171721044983013
1213701,WKYH01,KiK-net,22,-0.1795359892315467,0,-0.3089872722860774,0.49092226322595356,-50.90777367740464,0.24100466853089245,-75.89953314691076,0.11831455732320646,-88.16854426767935,0.05808325025368533,-94.19167497463147,0.09818445264519071,0.17182279212908375
1209291,NGNH54,KiK-net,95,-0.3326603547939212,3,-0.3086680582732346,0.49128323228797066,-50.871676771202935,0.24135921432731614,-75.8640785672684,0.11857573495720895,-88.1424265042791,0.05825427034069933,-94.17457296593007,0.09825664645759413,0.17194913130078973
1200051,ABSH03,KiK-net,55,-0.2503015311608595,2,-0.3084611978331512,0.4915172929930932,-50.84827070069068,0.24158924931125825,-75.84107506887418,0.11874529383770316,-88.12547061622968,0.05836536538277729,-94.16346346172227,0.09830345859861865,0.1720310525475826
1208011,MYGH06,KiK-net,578,-0.3010621606382022,1,-0.3083851020393817,0.49160342274394336,-50.83965772560566,0.2416739252535603,-75.83260747464398,0.11880772884261417,-88.11922711573858,0.058406286147463446,-94.15937138525365,0.09832068454878867,0.17206119796038016
1205661,IWTH21,KiK-net,480,-0.4731003098705398,1,-0.3079226142200033,0.49212721871094767,-50.787278128905236,0.24218919939617292,-75.7810800603827,0.11918789710066971,-88.08121028993303,0.0586556083041592,-94.13443916958408,0.09842544374218953,0.17224452654883168
1209811,NMRH01,KiK-net,212,-0.2981227617272275,2,-0.3075867792186025,0.4925079222902682,-50.74920777097318,0.24256405351867685,-75.74359464813232,0.11946471802078895,-88.05352819792111,0.05883732005941152,-94.11626799405884,0.09850158445805364,0.17237777280159386
1205931,KGSH05,KiK-net,69,-0.2127917502533397,4,-0.3074469461338111,0.4926665243292978,-50.73334756707022,0.24272030419471058,-75.72796958052894,0.11958016865175795,-88.0419831348242,0.05891314606837284,-94.10868539316272,0.09853330486585957,0.17243328351525422
1210621,RMIH04,KiK-net,27,-0.0869617745003809,2,-0.3072618068331093,0.49287659234566983,-50.71234076543302,0.2429273352822796,-75.70726647177204,0.11973319720154398,-88.0266802798456,0.059013690227349085,-94.0986309772651,0.09857531846913398,0.17250680732098442
1206831,KMMH17,KiK-net,29,-0.2188806908991408,4,-0.3068902321053106,0.49329846934736604,-50.67015306526339,0.24334337986045423,-75.66566201395457,0.12004091681097673,-87.99590831890232,0.059216000521909326,-94.07839994780906,0.09865969386947321,0.1726544642715781
1200161,ABSH08,KiK-net,103,-0.7095584722916094,2,-0.3067224695296928,0.49348906124129827,-50.65109387587017,0.24353145356481784,-75.64685464351821,0.12018010840243078,-87.98198915975692,0.05930756887539302,-94.0692431124607,0.09869781224825966,0.1727211714344544
1213621,TYMH04,KiK-net,68,-0.4129024330033215,3,-0.3066174439590681,0.49360841628684254,-50.63915837131574,0.24364926862920486,-75.63507313707952,0.12026732961750927,-87.97326703824908,0.05936496610354643,-94.06350338964535,0.09872168325736852,0.17276294570039488
1201141,AOMH02,KiK-net,21,-0.5364174991955122,1,-0.305867609567371,0.49446139574350295,-50.55386042564971,0.24449207188061303,-75.55079281193869,0.12089189111030878,-87.91081088896912,0.05977637321247485,-94.02236267875251,0.0988922791487006,0.173061488510226
1212621,TCGH10,KiK-net,556,-0.1995160696201146,3,-0.3057727982104658,0.49456935399641516,-50.54306460035849,0.24459884591243142,-75.54011540875686,0.1209710932111799,-87.902890678882,0.059828595421693366,-94.01714045783066,0.09891387079928304,0.1730992738987453
1207441,KSRH06,KiK-net,260,-0.4140633500269539,2,-0.3053835078492797,0.495012871946123,-50.498712805387704,0.24503774339234874,-75.49622566076512,0.12129683709184368,-87.87031629081564,0.06004349568681455,-93.99565043131855,0.0990025743892246,0.17325450518114302
1201211,AOMH05,KiK-net,317,-0.23667890494545,1,-0.3050749239503585,0.4953647237192302,-50.463527628076974,0.24538620950542925,-75.46137904945708,0.1215556718761661,-87.84443281238339,0.060214391815442414,-93.97856081845576,0.09907294474384604,0.17337765330173055
1200261,ABSH13,KiK-net,201,-0.2295386639576582,2,-0.3038636817121314,0.49674821852733214,-50.32517814726678,0.24675879261007813,-75.32412073899218,0.12257699063501172,-87.74230093649884,0.06088990173038355,-93.91100982696165,0.09934964370546644,0.17386187648456625
1208541,NARH02,KiK-net,21,-0.3582057377875224,0,-0.3037976228166921,0.4968237827718179,-50.31762172281822,0.24683387112769847,-75.31661288723015,0.12263293756987456,-87.73670624301253,0.06092695993588526,-93.90730400641148,0.09936475655436358,0.17388832397013626
1102881,HKD065,K-NET,129,-0.266395927003691,2,-0.3034839258685138,0.49718277514119225,-50.28172248588078,0.24719071189709732,-75.28092881029028,0.12289896413012577,-87.71010358698742,0.061103248048193774,-93.88967519518062,0.09943655502823845,0.17401397129941729
1102741,HKD051,K-NET,32,-0.24286641354577,2,-0.3031898174681554,0.4975195861315645,-50.24804138684355,0.24752573858452323,-75.24742614154768,0.12314890301748181,-87.68510969825182,0.061268991261813725,-93.87310087381863,0.09950391722631291,0.17413185514604756
1200291,ABSH15,KiK-net,180,-0.3169088091892157,2,-0.3031148875944615,0.49760543179024147,-50.23945682097586,0.24761116574715267,-75.23888342528473,0.12321266104769694,-87.67873389523031,0.06131128940266391,-93.8688710597336,0.0995210863580483,0.1741619011265845
1201371,AOMH13,KiK-net,375,-0.1730929654608618,1,-0.3030783095679992,0.4976473438842937,-50.23526561157063,0.2476528788750925,-75.23471211249075,0.12324379737748849,-87.67562026225116,0.061331948415121226,-93.86680515848788,0.09952946877685875,0.1741765703595028
1208091,MYGH10,KiK-net,632,-0.0508234939576208,1,-0.3029672025160743,0.4977746750040122,-50.222532499598785,0.24777962707534995,-75.222037292465,0.12333842334004766,-87.66615766599524,0.06139474359359949,-93.86052564064005,0.09955493500080244,0.17422113625140426
1213961,YMGH04,KiK-net,51,-0.2714157852854512,4,-0.3027679421172219,0.4980031134070709,-50.19968865929292,0.24800710096313588,-75.1992899036864,0.12350830842670345,-87.64916915732965,0.06150752212813908,-93.8492477871861,0.09960062268141417,0.1743010896924748
1208001,MYGH06,KiK-net,578,-0.2443275681195593,1,-0.3027396231676549,0.4980355876508241,-50.196441234917586,0.2480394465667017,-75.19605534332983,0.12353247153143247,-87.64675284685676,0.06152356705311567,-93.84764329468844,0.09960711753016482,0.17431245567778844
1211431,SMNH08,KiK-net,23,-0.1957608225173399,0,-0.302680582812952,0.49810329792058067,-50.18967020794194,0.24810689539935873,-75.18931046006414,0.12358286283525713,-87.64171371647429,0.06155703154470834,-93.84429684552916,0.09962065958411614,0.17433615427220323
1210761,SBSH01,KiK-net,29,-0.7185352491328915,2,-0.3022633808540662,0.49858202727982376,-50.14179727201762,0.24858403792645892,-75.14159620735411,0.12393953357877849,-87.60604664212215,0.06179402391182317,-93.82059760881768,0.09971640545596476,0.1745037095479383
1207891,MIEH10,KiK-net,52,-0.3325750123186758,0,-0.3019815808754791,0.4989056463988018,-50.109435360119825,0.24890684400860627,-75.10931559913936,0.12418102990319943,-87.58189700968005,0.06195461699432465,-93.80453830056753,0.09978112927976036,0.1746169762395806
1211171,SITH08,KiK-net,331,-0.2832597382983842,3,-0.3018275769748597,0.49908259324762405,-50.091740675237595,0.24908343488277335,-75.09165651172268,0.12431320661632023,-87.56867933836799,0.062042557533000794,-93.79574424669993,0.09981651864952482,0.1746789076366684
1212841,TKCH01,KiK-net,216,-0.3505051090312139,2,-0.301809616252678,0.49910323377964716,-50.089676622035284,0.2491040379693011,-75.08959620306989,0.1243286308980462,-87.56713691019537,0.062052821732611015,-93.79471782673889,0.09982064675592944,0.17468613182287648
1100181,AIC018,K-NET,31,-0.4279055898972465,3,-0.3017665990955897,0.4991526727351245,-50.084732726487545,0.24915339069861828,-75.08466093013817,0.12436558088823402,-87.5634419111766,0.06207741209661833,-93.79225879033817,0.0998305345470249,0.17470343545729355
1213091,TKSH04,KiK-net,28,-0.2649774072416865,0,-0.3013725304589738,0.49960579772077074,-50.039420227922925,0.2496059531162077,-75.03940468837924,0.12470458132247625,-87.52954186775237,0.06230313183105047,-93.76968681689495,0.09992115954415415,0.17486202920226976
1201131,AOMH01,KiK-net,200,-0.3596868522601746,1,-0.3008195381347461,0.5002423569026573,-49.975764309734274,0.25024241563952554,-74.97575843604744,0.12518185579653066,-87.48181442034694,0.06262126658510506,-93.7378733414895,0.10004847138053147,0.17508482491593003
1209721,NIGH15,KiK-net,234,-0.4233724087905789,3,-0.3003905750502856,0.5007367023845083,-49.92632976154917,0.25073724511491163,-74.92627548850884,0.125553341283817,-87.4446658716183,0.06286916608781527,-93.71308339121848,0.10014734047690166,0.1752578458345779
1212661,TCGH12,KiK-net,497,-0.0994180275643829,3,-0.3001992060332973,0.5009573973507989,-49.90426026492011,0.25095831396048623,-74.90416860395138,0.12571942380518986,-87.42805761948101,0.06298007534588998,-93.701992465411,0.10019147947015979,0.17533508907277962
1203591,GNMH14,KiK-net,317,-0.3446516022468577,3,-0.3001706861970987,0.500990295977507,-49.9009704022493,0.2509912766636301,-74.900872333637,0.12574419398348438,-87.42558060165156,0.06299662096123888,-93.7003379038761,0.1001980591955014,0.17534660359212745
1209981,OITH04,KiK-net,37,-0.53046319607713,4,-0.3001372948447431,0.5010288168137598,-49.897118318624024,0.251029875277796,-74.89701247222041,0.12577320139533985,-87.42267986046602,0.06301599828198584,-93.69840017180142,0.10020576336275196,0.1753600858848159
1214521,YMTH05,KiK-net,229,-0.3784187763723033,1,-0.2993820088839484,0.5019009192580246,-49.80990807419754,0.25190453275205016,-74.80954672479498,0.12643111655351713,-87.35688834464828,0.0634558936210287,-93.65441063789713,0.10038018385160492,0.1756653217403086
1106711,MIE011,K-NET,33,-0.3475482686486592,0,-0.2991929725222129,0.5021194303822922,-49.78805696177078,0.25212392236743764,-74.78760776325623,0.12659632028488704,-87.3403679715113,0.0635664722299417,-93.64335277700583,0.10042388607645845,0.17574180063380226
1110461,WKY011,K-NET,20,-0.3365783905901358,0,-0.2990867995477629,0.5022421996846895,-49.77578003153105,0.25224722714411557,-74.77527728558843,0.12668920222522412,-87.33107977747758,0.06362866360189502,-93.6371336398105,0.10044843993693792,0.1757847698896413
1212411,SZOH41,KiK-net,95,-0.5722866385661296,3,-0.2985410869406924,0.5028736886426577,-49.71263113573423,0.2528819467290726,-74.71180532709273,0.1271676773427848,-87.28323226572152,0.06394927898148553,-93.60507210185145,0.10057473772853154,0.1760057910249302
1207131,KOCH04,KiK-net,63,-0.4299620447079094,4,-0.298323948778286,0.5031251778392773,-49.68748221607227,0.25313494457580443,-74.68650554241955,0.12735856400703724,-87.26414359929628,0.06407730016539559,-93.59226998346044,0.10062503556785547,0.17609381224374707
1207581,KYTH03,KiK-net,34,-0.3064564526727553,0,-0.2978975738913598,0.5036193708079904,-49.63806291920096,0.25363247065303607,-74.63675293469639,0.12773422528675812,-87.22657747132419,0.06432943016956322,-93.56705698304368,0.10072387416159807,0.17626677978279662
1209921,OITH01,KiK-net,37,-0.5213372193857972,4,-0.2975976524846799,0.5039672877267651,-49.60327122732349,0.2539830270986721,-74.60169729013279,0.12799913729555126,-87.20008627044487,0.0645073780542048,-93.54926219457951,0.10079345754535303,0.1763885507043678
1210411,OSKH01,KiK-net,32,-0.0743354650701327,0,-0.2973656028242968,0.5042366365009225,-49.57633634990775,0.2542545855897635,-74.57454144102364,0.12820447705271829,-87.17955229472817,0.06464539429342236,-93.53546057065776,0.10084732730018452,0.17648282277532287
1209001,NGNH23,KiK-net,145,-0.2913183849351926,3,-0.2972434177171832,0.5043785192039715,-49.56214807960285,0.25439769063439105,-74.5602309365609,0.1283127304910842,-87.16872695089158,0.06471818500011133,-93.52818149998888,0.1008757038407943,0.17653248172139
1210771,SBSH01,KiK-net,29,-0.7524066019151217,2,-0.2972412022942676,0.5043810921461253,-49.561890785387476,0.2544002861145181,-74.55997138854819,0.1283146941527274,-87.16853058472726,0.06471950557514866,-93.52804944248514,0.10087621842922506,0.17653338225114382
1208201,MYZH01,KiK-net,28,-0.3388915413200074,4,-0.297150115529925,0.5044868896218018,-49.55131103781982,0.25450702180028,-74.549297819972,0.12839545581493136,-87.16045441850686,0.0647738241456482,-93.52261758543519,0.10089737792436036,0.1765704113676306
1208971,NGNH22,KiK-net,103,-0.2327237915055461,3,-0.2970986531309528,0.5045466731211153,-49.54533268788847,0.25456734535758563,-74.54326546424144,0.12844110718544383,-87.15588928145561,0.06480453332240826,-93.51954666775917,0.10090933462422308,0.17659133559239035
1212501,SZOH54,KiK-net,109,-0.46013758914513,3,-0.2970623476735088,0.5045888531722216,-49.541114682777845,0.2546099107456578,-74.53900892543422,0.12847332286943317,-87.15266771305669,0.06482620664991182,-93.51737933500883,0.10091777063444432,0.17660609861027754
1204261,HYGH08,KiK-net,40,-0.4372021445592409,0,-0.2970510283284875,0.5046020048239112,-49.539799517608884,0.2546231832723105,-74.53768167276895,0.12848336875385402,-87.1516631246146,0.0648329654597246,-93.51670345402754,0.10092040096478223,0.1766107016883689
1106771,MIE017,K-NET,36,-0.3448298951543696,0,-0.2968920608125437,0.5047867412487098,-49.521325875129016,0.2548096541404919,-74.51903458595082,0.12862453495228973,-87.13754650477102,0.0649279598431971,-93.50720401568029,0.10095734824974197,0.17667535943704843
1210481,OSKH04,KiK-net,27,-0.2519560668953409,0,-0.2966752276749456,0.5050388324588787,-49.49611675411213,0.25506422229142733,-74.49357777085727,0.12881733702809436,-87.11826629719056,0.06505775749313067,-93.49422425068693,0.10100776649177574,0.17676359136060754
1109921,TKY018,K-NET,173,-0.2092835982451987,3,-0.2966033078610438,0.5051224745681772,-49.48775254318228,0.25514871431387876,-74.48512856861213,0.12888134995711534,-87.11186500428848,0.06510086641602533,-93.48991335839747,0.10102449491363544,0.176792866098862
1211191,SITH09,KiK-net,188,-0.3674778880063468,3,-0.2961343336889747,0.5056682271694323,-49.43317728305677,0.2557003559686766,-74.42996440313235,0.12929954568927343,-87.07004543107266,0.0653826720425079,-93.46173279574921,0.10113364543388646,0.17698387950930128
1205691,IWTH23,KiK-net,502,-0.3961849862224988,1,-0.2960308626532607,0.5057887174145335,-49.42112825854665,0.2558222266638388,-74.41777733361612,0.12939199591043307,-87.0608004089567,0.06544501165524451,-93.45549883447555,0.1011577434829067,0.1770260510950867
1202371,FKOH08,KiK-net,54,-0.2761166746154617,4,-0.2958569569127445,0.50599129234562,-49.400870765438,0.25602718792959067,-74.39728120704093,0.12954752769610853,-87.04524723038915,0.06554992095913395,-93.44500790408661,0.101198258469124,0.177096952320967
1209791,NIGH19,KiK-net,169,-0.3392843616887767,3,-0.2958273659294447,0.5060257696199304,-49.39742303800696,0.2560620795194429,-74.39379204805572,0.1295740108593059,-87.04259891406942,0.06556778856782149,-93.44322114321784,0.10120515392398609,0.17710901936697562
1206651,KMMH08,KiK-net,41,-0.277566068607895,4,-0.2954724616881305,0.5064394614807263,-49.35605385192737,0.25648092814488804,-74.3519071855112,0.12989206312977394,-87.0107936870226,0.06578246650206322,-93.42175334979368,0.10128789229614527,0.17725381151825417
1205551,IWTH16,KiK-net,474,-0.0445720271110599,1,-0.295469461544124,0.5064429600206027,-49.35570399793973,0.25648447175442984,-74.351552824557,0.1298947550746341,-87.01052449253659,0.0657842842511489,-93.4215715748851,0.10128859200412055,0.17725503600721096
1211291,SMNH01,KiK-net,20,-0.3594668667713044,0,-0.2954285978132566,0.5064906146036958,-49.35093853963042,0.2565327426816295,-74.34672573183705,0.1299314265067903,-87.00685734932097,0.06580904806775915,-93.4190951932241,0.10129812292073917,0.17727171511129353
1206511,KMMH01,KiK-net,50,-0.2615406860070963,4,-0.2951621713950868,0.5068014264742663,-49.31985735257337,0.25684768587635115,-74.3152314123649,0.130170773588749,-86.9829226411251,0.06597073374003674,-93.40292662599633,0.10136028529485326,0.1773804992659932
1210941,SBSH10,KiK-net,43,-0.5622411593246928,2,-0.2949040772666313,0.5071026998095414,-49.28973001904586,0.2571531481541258,-74.28468518458742,0.13040305569348018,-86.95969443065198,0.06612774160557779,-93.38722583944222,0.10142053996190828,0.17748594493333947
1201411,AOMH15,KiK-net,219,-0.2375163567448728,1,-0.2945595144732853,0.5075051872045346,-49.249481279546536,0.25756151503950975,-74.24384849604903,0.13071380490680995,-86.928619509319,0.0663379340294476,-93.36620659705524,0.10150103744090694,0.1776268155215871
1213251,TKYH13,KiK-net,272,-0.3901506954454954,3,-0.2944996205599356,0.50757518249361,-49.242481750639,0.2576325658834215,-74.23674341165784,0.13076789664457467,-86.92321033554254,0.06637453900367551,-93.36254609963245,0.10151503649872201,0.17765131387276348
1207861,MIEH09,KiK-net,35,-0.3067313902382775,0,-0.2944111548490608,0.5076785860018058,-49.23214139981942,0.25773754668479293,-74.22624533152072,0.1308478332605101,-86.91521667394899,0.06642864297109582,-93.35713570289042,0.10153571720036117,0.17768750510063203
1207781,MIEH05,KiK-net,37,-0.2910746961532466,0,-0.2940182148221681,0.5081381302018657,-49.18618697981343,0.2582043593650482,-74.17956406349518,0.1312034803777262,-86.87965196222737,0.06666949119511496,-93.3330508804885,0.10162762604037315,0.177848345570653
1210931,SBSH09,KiK-net,52,-0.7799321420518797,2,-0.2939802296948217,0.5081825759328517,-49.18174240671483,0.25824953048174853,-74.17504695182515,0.13123791163366447,-86.87620883663355,0.06669281999404357,-93.33071800059565,0.10163651518657034,0.17786390157649806
1213201,TKYH11,KiK-net,130,-0.1665247506500921,3,-0.2939083699463214,0.5082666683976859,-49.173333160231415,0.2583350062040832,-74.16649937959167,0.13130307293384486,-86.86969270661551,0.06673697543046368,-93.32630245695364,0.10165333367953718,0.17789333393919005
1211131,SITH06,KiK-net,357,-0.3229413718943633,3,-0.2935865745845497,0.5086434138393928,-49.13565861606072,0.25871812244219183,-74.12818775578081,0.13159526902111449,-86.84047309788855,0.06693506688001297,-93.30649331199871,0.10172868276787857,0.17802519484378748
1203521,GNMH10,KiK-net,86,-0.4920521474124191,3,-0.2933770338315626,0.5088888860812267,-49.11111139187733,0.25896789837699175,-74.10321016230083,0.13178588533586366,-86.82141146641364,0.06706437238979593,-93.29356276102041,0.10177777721624535,0.17811111012842934
1109871,TKY013,K-NET,295,-0.2620294950632262,3,-0.2933472459968109,0.5089237914704252,-49.10762085295748,0.25900342552463285,-74.09965744753671,0.13181300532182405,-86.8186994678176,0.06708277443349403,-93.2917225566506,0.10178475829408505,0.1781233270146488
1109951,TKY021,K-NET,353,-0.3020736219979193,3,-0.2933472459968109,0.5089237914704252,-49.10762085295748,0.25900342552463285,-74.09965744753671,0.13181300532182405,-86.8186994678176,0.06708277443349403,-93.2917225566506,0.10178475829408505,0.1781233270146488
1109901,TKY016,K-NET,264,-0.2414631870936404,3,-0.2933472459968109,0.5089237914704252,-49.10762085295748,0.25900342552463285,-74.09965744753671,0.13181300532182405,-86.8186994678176,0.06708277443349403,-93.2917225566506,0.10178475829408505,0.1781233270146488
1109891,TKY015,K-NET,270,-0.2788836002126877,3,-0.2933472459968109,0.5089237914704252,-49.10762085295748,0.25900342552463285,-74.09965744753671,0.13181300532182405,-86.8186994678176,0.06708277443349403,-93.2917225566506,0.10178475829408505,0.1781233270146488
1109881,TKY014,K-NET,264,-0.2885710378492869,3,-0.2933472459968109,0.5089237914704252,-49.10762085295748,0.25900342552463285,-74.09965744753671,0.13181300532182405,-86.8186994678176,0.06708277443349403,-93.2917225566506,0.10178475829408505,0.1781233270146488
1109971,TKY023,K-NET,285,-0.2805628409491952,3,-0.2933472459968109,0.5089237914704252,-49.10762085295748,0.25900342552463285,-74.09965744753671,0.13181300532182405,-86.8186994678176,0.06708277443349403,-93.2917225566506,0.10178475829408505,0.1781233270146488
1109941,TKY020,K-NET,261,-0.2587980127084064,3,-0.2933472459968109,0.5089237914704252,-49.10762085295748,0.25900342552463285,-74.09965744753671,0.13181300532182405,-86.8186994678176,0.06708277443349403,-93.2917225566506,0.10178475829408505,0.1781233270146488
1110011,TKY027,K-NET,286,-0.2514254681268851,3,-0.2933472459968109,0.5089237914704252,-49.10762085295748,0.25900342552463285,-74.09965744753671,0.13181300532182405,-86.8186994678176,0.06708277443349403,-93.2917225566506,0.10178475829408505,0.1781233270146488
1110021,TKY028,K-NET,277,-0.2718649839930361,3,-0.2933472459968109,0.5089237914704252,-49.10762085295748,0.25900342552463285,-74.09965744753671,0.13181300532182405,-86.8186994678176,0.06708277443349403,-93.2917225566506,0.10178475829408505,0.1781233270146488
1101031,CHB029,K-NET,337,-0.2481881924712217,3,-0.2933472459968109,0.5089237914704252,-49.10762085295748,0.25900342552463285,-74.09965744753671,0.13181300532182405,-86.8186994678176,0.06708277443349403,-93.2917225566506,0.10178475829408505,0.1781233270146488
1109911,TKY017,K-NET,297,-0.2338759983952086,3,-0.2933472459968109,0.5089237914704252,-49.10762085295748,0.25900342552463285,-74.09965744753671,0.13181300532182405,-86.8186994678176,0.06708277443349403,-93.2917225566506,0.10178475829408505,0.1781233270146488
1110001,TKY026,K-NET,326,-0.2621870923330625,3,-0.2933472459968109,0.5089237914704252,-49.10762085295748,0.25900342552463285,-74.09965744753671,0.13181300532182405,-86.8186994678176,0.06708277443349403,-93.2917225566506,0.10178475829408505,0.1781233270146488
1204301,HYGH10,KiK-net,39,-0.3395578415349726,0,-0.293261257196491,0.5090245665912924,-49.097543340870764,0.259106009393453,-74.0893990606547,0.13189132413270174,-86.81086758672983,0.06713592410380018,-93.28640758961998,0.10180491331825847,0.17815859830695233
1202051,EHMH12,KiK-net,53,-0.3389472646640787,4,-0.2928594977276913,0.5094956756421211,-49.0504324357879,0.25958584349802144,-74.04141565019786,0.13225786472015433,-86.77421352798457,0.06738481014457927,-93.26151898554207,0.10189913512842422,0.17832348647474236
1204071,HRSH17,KiK-net,42,-0.2025584800172762,0,-0.2925816858374579,0.5098216969112832,-49.01783030887168,0.2599181626415003,-74.00818373584997,0.13251191873595258,-86.74880812640474,0.0675574512709334,-93.24425487290667,0.10196433938225664,0.17843759391894912
1211831,SRCH02,KiK-net,29,-0.4448379727018811,2,-0.2924637985661369,0.5099601044874568,-49.00398955125432,0.2600593081688578,-73.99406918311422,0.13261987196672645,-86.73801280332736,0.06763084376526496,-93.23691562347351,0.10199202089749136,0.17848603657060985
1204141,HYGH02,KiK-net,37,-0.3217846413333974,0,-0.2924525922347907,0.5099732634288521,-49.00267365711479,0.26007272941227333,-73.99272705877267,0.13263013854722586,-86.73698614527741,0.06763782458394955,-93.23621754160504,0.10199465268577042,0.17849064220009822
1212561,TCGH07,KiK-net,280,-0.5140532945933739,3,-0.2923559846371686,0.5100867181789739,-48.99132818210261,0.26018846006259594,-73.9811539937404,0.13271867770137058,-86.72813222986294,0.06769803474974508,-93.23019652502549,0.10201734363579479,0.17853035136264084
1203901,HRSH08,KiK-net,30,-0.1172945985510438,0,-0.2923416262343391,0.5101035826613829,-48.98964173386171,0.2602056650439783,-73.97943349560217,0.1327318419677211,-86.7268158032279,0.06770698812097903,-93.2293011879021,0.10202071653227658,0.178536253931484
1210951,SBSH10,KiK-net,43,-0.5647226082636642,2,-0.2922519278022836,0.5102089494549132,-48.97910505450868,0.2603131721038862,-73.96868278961138,0.13281411006839983,-86.71858899316001,0.06776294757078749,-93.22370524292126,0.10204178989098266,0.17857313230921962
1201931,EHMH06,KiK-net,54,-0.3167950349145162,4,-0.2921575413126486,0.5103198467081318,-48.96801532918682,0.26042634594421116,-73.95736540557888,0.13290073294100874,-86.70992670589912,0.06782188166185393,-93.21781183381461,0.10206396934162637,0.1786119463478461
1201161,AOMH03,KiK-net,281,-0.1811544022638353,1,-0.2921362235315213,0.5103448968855006,-48.96551031144995,0.2604519137770722,-73.95480862229277,0.1329203050801912,-86.70796949198088,0.06783519939013945,-93.21648006098606,0.10206897937710012,0.17862071390992518
1202451,FKSH02,KiK-net,213,-0.436309420033415,1,-0.2920635988238611,0.5104302462271013,-48.956975377289865,0.26053903626345926,-73.94609637365409,0.1329870044317292,-86.70129955682708,0.06788058941709214,-93.21194105829078,0.10208604924542027,0.17865058617948545
1211111,SITH05,KiK-net,292,-0.3947445907205226,3,-0.2919813685908797,0.5105269013163944,-48.947309868360556,0.26063771696771953,-73.93622830322805,0.1330625660097093,-86.69374339902906,0.06793201950614508,-93.2067980493855,0.1021053802632789,0.17868441546073804
1210631,RMIH04,KiK-net,27,-0.1154862536303853,2,-0.2919435989587734,0.5105713026443996,-48.94286973556004,0.26068305508399914,-73.93169449160008,0.13309728701155923,-86.69027129884408,0.06795565520792733,-93.20443447920726,0.10211426052887994,0.17869995592553986
1212081,SZOH24,KiK-net,51,-0.5125331767647864,3,-0.2918127806938061,0.5107251201928719,-48.92748798071281,0.26084014839602343,-73.91598516039765,0.13321761614068559,-86.67823838593144,0.06803758301525951,-93.19624169847404,0.10214502403857438,0.17875379206750514
1203581,GNMH13,KiK-net,211,-0.3826521792087037,3,-0.291707836778175,0.5108485478954796,-48.91514521045204,0.2609662388869201,-73.90337611130799,0.133314224185128,-86.6685775814872,0.06810337783878506,-93.18966221612149,0.10216970957909594,0.17879699176341785
1109961,TKY022,K-NET,191,-0.1963978127314687,3,-0.2916500042260043,0.5109165792513879,-48.90834207486121,0.2610357509539397,-73.89642490460602,0.1333674929397041,-86.66325070602959,0.06813966327608724,-93.18603367239128,0.10218331585027758,0.17882080273798576
1210721,SAGH04,KiK-net,43,-0.3853390444488114,4,-0.2914144228037472,0.5111937992263066,-48.88062007736934,0.26131910036742545,-73.86808996325746,0.13358470372722475,-86.64152962727752,0.06828767221684058,-93.17123277831594,0.10223875984526132,0.1789178297292073
1213081,TKSH03,KiK-net,34,-0.2179930642228942,0,-0.2909392495878992,0.5117534161334157,-48.82465838665843,0.261891558924221,-73.8108441075779,0.13402389993597583,-86.59761000640242,0.0685871886357587,-93.14128113642413,0.10235068322668316,0.1791136956466955
1212241,SZOH33,KiK-net,87,-0.4886688192746538,3,-0.290864520696703,0.5118414809312549,-48.81585190687451,0.2619817016019002,-73.80182983980998,0.1340931021248067,-86.59068978751932,0.06863441197422708,-93.1365588025773,0.10236829618625098,0.17914451832593922
1206111,KGWH01,KiK-net,38,-0.2883410575648112,0,-0.2908284196691484,0.511884029874878,-48.811597012512195,0.262025260040945,-73.7974739959055,0.13412654603877178,-86.58734539612283,0.06865723689952485,-93.13427631004751,0.10237680597497562,0.17915941045620729
1212371,SZOH39,KiK-net,151,-0.3479838515561702,3,-0.290601840663702,0.5121511583774284,-48.78488416225716,0.26229880902734176,-73.77011909726583,0.13433663888437297,-86.5663361115627,0.06880066521716191,-93.11993347828381,0.10243023167548569,0.17925290543209993
1206291,KKWH05,KiK-net,51,-0.1709312164161114,2,-0.2899061952335209,0.5129721706587945,-48.70278293412055,0.2631404478703954,-73.68595521296047,0.1349837267322041,-86.5016273267796,0.06924289530543229,-93.07571046945678,0.10259443413175891,0.17954025973057808
1209381,NGSH04,KiK-net,30,-0.2785507051348908,4,-0.2897426767102987,0.5131653489017045,-48.68346510982955,0.2633386753134081,-73.66613246865919,0.13513628319651777,-86.48637168034823,0.06934725791582058,-93.06527420841795,0.10263306978034091,0.17960787211559656
1206051,KGSH11,KiK-net,51,-0.485181017524419,4,-0.2896832782144484,0.5132355393730877,-48.67644606269123,0.2634107188755843,-73.65892811244157,0.1351917423787633,-86.48082576212367,0.0693852068185521,-93.06147931814479,0.10264710787461756,0.1796324387805807
1206281,KKWH05,KiK-net,51,-0.0690515160682841,2,-0.2896790987549565,0.5132404785504375,-48.67595214495625,0.26341578882268213,-73.65842111773179,0.13519564551309438,-86.48043544869056,0.06938787780107586,-93.06121221989241,0.10264809571008751,0.17963416749265312
1213611,TYMH04,KiK-net,68,-0.3877732101422676,3,-0.2896545976858186,0.5132694342376329,-48.673056576236704,0.2634455121226198,-73.65544878773802,0.13521852895962053,-86.47814710403794,0.06940353785754942,-93.05964621424506,0.10265388684752659,0.17964430198317152
1105661,KGW003,K-NET,25,-0.2411101759955911,0,-0.2896427668610681,0.5132834166474738,-48.67165833525262,0.26345986580530417,-73.65401341946958,0.13522958007003147,-86.47704199299685,0.06941110089014889,-93.05888991098512,0.10265668332949476,0.17964919582661582
1203021,GIFH11,KiK-net,65,-0.2378356218740392,3,-0.2895820904257415,0.5133551338464104,-48.66448661535896,0.2635334934464659,-73.64665065535341,0.13528627180122263,-86.47137281987773,0.0694499021680985,-93.05500978319014,0.10267102676928208,0.17967429684624364
1213131,TKSH06,KiK-net,27,-0.2386477801063576,0,-0.2895367646408852,0.513408713708865,-48.6591286291135,0.2635885073121913,-73.64114926878086,0.13532863648759189,-86.46713635124081,0.06947890118706912,-93.05210988129309,0.102681742741773,0.17969304979810274
1210261,OKYH07,KiK-net,27,-0.242640659349877,0,-0.2894032374519025,0.5135665894475848,-48.64334105524152,0.2637506417968241,-73.62493582031759,0.13545351757220658,-86.45464824277934,0.06956440104823663,-93.04355989517634,0.10271331788951697,0.17974830630665467
1205911,KGSH04,KiK-net,55,-0.3150568737121297,4,-0.2891666831569147,0.5138463983780628,-48.615360162193724,0.2640381211261068,-73.59618788738932,0.13567503757516067,-86.43249624248394,0.06971612940780465,-93.02838705921953,0.10276927967561256,0.17984623943232197
1206481,KKWH15,KiK-net,67,-0.2224452559197894,2,-0.2890174519941901,0.5140229953066803,-48.597700469331976,0.26421963970405143,-73.57803602959486,0.13581497061952838,-86.41850293804715,0.06981201800533876,-93.01879819946612,0.10280459906133606,0.1799080483573381
1212701,TCGH14,KiK-net,453,-0.3480726079257655,3,-0.2883701134162633,0.5147897446904613,-48.521025530953864,0.2650084812384704,-73.49915187615296,0.13642364839755908,-86.3576351602441,0.0702294951283207,-92.97705048716793,0.10295794893809228,0.18017641064166146
1212741,TCGH16,KiK-net,503,-0.2052125389778983,3,-0.2883653992182297,0.5147953326821921,-48.520466731780786,0.26501423455136885,-73.49857654486311,0.13642809104138842,-86.35719089586115,0.07023254451484795,-92.97674554851521,0.10295906653643844,0.18017836643876722
1209941,OITH02,KiK-net,31,-0.477757996020575,4,-0.2883042488208338,0.5148678230242009,-48.51321769757991,0.2650888751856798,-73.49111248143203,0.13648573207478507,-86.3514267925215,0.07027211174720893,-92.97278882527911,0.10297356460484018,0.1802037380584703
1212451,SZOH43,KiK-net,32,-0.2040396951317701,3,-0.2880001327139492,0.5152284871355522,-48.47715128644477,0.2654603939559899,-73.45396060440102,0.13677275717235238,-86.32272428276477,0.07046922075926937,-92.95307792407306,0.10304569742711045,0.1803299704974433
1211151,SITH07,KiK-net,339,-0.3796293883735495,3,-0.2875786015230602,0.5157288165709677,-48.42711834290323,0.2659762122416908,-73.40237877583091,0.13717159717543576,-86.28284028245643,0.07074334547843697,-92.92566545215631,0.10314576331419355,0.18050508579983868
1106341,KOC006,K-NET,26,-0.1695779675080781,0,-0.2874050634760164,0.5159349358263058,-48.40650641736942,0.26618885800609426,-73.38111419939057,0.13733613137305187,-86.26638686269482,0.07085650812658861,-92.91434918734114,0.10318698716526116,0.18057722753920702
1211041,SITH01,KiK-net,201,-0.2373088322969068,3,-0.2873638921694209,0.5159838490020545,-48.40161509979455,0.266239332430975,-73.3760667569025,0.137375195503472,-86.2624804496528,0.07088338213329122,-92.91166178667088,0.10319676980041091,0.18059434715071906
1210271,OKYH08,KiK-net,41,-0.2520013509011655,0,-0.2873588704914656,0.5159898152756502,-48.40101847243498,0.26624548946819965,-73.37545105318004,0.1373799609286714,-86.26200390713285,0.07088666066216122,-92.91133393378388,0.10319796305513006,0.18059643534647757
1206411,KKWH11,KiK-net,40,-0.3508528686372483,2,-0.2872768977099286,0.5160872171865488,-48.391278281345116,0.26634601574335603,-73.3653984256644,0.13745777407371332,-86.25422259262866,0.07094020010236005,-92.90597998976399,0.10321744343730976,0.1806305260152921
1207621,KYTH05,KiK-net,21,-0.2336542868804059,0,-0.2871205949020547,0.5162729906699883,-48.37270093300117,0.26653780089533385,-73.34621991046662,0.1376062675948359,-86.2393732405164,0.07104239930612063,-92.89576006938793,0.10325459813399768,0.1806955467344959
1101041,CHB030,K-NET,52,-0.2938327091606288,3,-0.2871016197521555,0.5162955481092582,-48.37044518907418,0.2665610929974393,-73.34389070025607,0.13762430561371586,-86.23756943862841,0.07105481629998948,-92.89451837000105,0.10325910962185164,0.18070344183824033
1210021,OITH06,KiK-net,24,-0.2547475055873975,4,-0.2870608533726401,0.5163440140442591,-48.36559859557409,0.26661114083933807,-73.33888591606619,0.1376630666499031,-86.23369333500969,0.07108150041965335,-92.89184995803467,0.10326880280885183,0.18072040491549068
1210241,OKYH06,KiK-net,35,-0.2565173685744232,0,-0.2869085117583758,0.516525168725668,-48.3474831274332,0.2667982499270798,-73.32017500729202,0.13780801105929782,-86.21919889407022,0.07118130616415254,-92.88186938358474,0.10330503374513361,0.18078380905398378
1210351,OKYH12,KiK-net,37,-0.2900021633059012,0,-0.2867290812866656,0.516738617219261,-48.326138278073905,0.2670187985256739,-73.29812014743261,0.13797892472170517,-86.20210752782948,0.07129903876609443,-92.87009612339055,0.1033477234438522,0.18085851602674133
1201091,AKTH18,KiK-net,306,-0.2493565234010054,1,-0.2858849644938227,0.517743953311672,-48.2256046688328,0.2680588011907988,-73.19411988092013,0.1387858234485117,-86.12141765514882,0.0718555208958482,-92.81444791041518,0.10354879066233441,0.18121038365908518
1205361,IWTH06,KiK-net,299,-0.1607518153849117,1,-0.2856225927705067,0.518056834134101,-48.194316586589906,0.2683828833930474,-73.16171166069526,0.13903758690638374,-86.09624130936162,0.07202937209836609,-92.79706279016338,0.1036113668268202,0.18131989194693532
1211991,SRCH10,KiK-net,144,-0.218565209115558,2,-0.285484641483973,0.5182214182157246,-48.177858178427535,0.268553438297517,-73.1446561702483,0.13917014366124836,-86.08298563387517,0.07212094922141826,-92.78790507785817,0.10364428364314493,0.18137749637550363
1201271,AOMH08,KiK-net,185,-0.0829229054583561,1,-0.2854776909878235,0.5182297119540629,-48.17702880459371,0.26856203435199094,-73.1437965648009,0.13917682570402942,-86.08231742959705,0.07212556629527998,-92.787443370472,0.10364594239081258,0.181380399183922
1202901,GIFH05,KiK-net,20,-0.3786155795472884,3,-0.2851905004386573,0.5185725205828802,-48.14274794171198,0.2689174591036817,-73.10825408963183,0.1394532045961398,-86.05467954038602,0.07231659981078031,-92.76834001892198,0.10371450411657604,0.18150038220400805
1211351,SMNH04,KiK-net,30,-0.1752191422544356,0,-0.2849640736092372,0.5188429576964118,-48.11570423035882,0.2691980147511605,-73.08019852488394,0.1396714941794944,-86.03285058205056,0.07246757114596604,-92.7532428854034,0.10376859153928236,0.1815950351937441
1106301,KOC002,K-NET,36,-0.1408587283110715,0,-0.2848282561780876,0.519005241447479,-48.0994758552521,0.2693664406499559,-73.06335593500441,0.13980259456737837,-86.01974054326216,0.07255827934842622,-92.74417206515739,0.1038010482894958,0.18165183450661762
1102971,HKD074,K-NET,28,-0.295551304712096,2,-0.2847025679770015,0.5191554673384954,-48.08445326615046,0.26952239926745153,-73.04776007325484,0.13992402714988636,-86.00759728501136,0.07264232370688356,-92.73576762931164,0.10383109346769909,0.18170441356847336
1102972,HKD074,K-NET,163,-0.3475083000260263,2,-0.2847025679770015,0.5191554673384954,-48.08445326615046,0.26952239926745153,-73.04776007325484,0.13992402714988636,-86.00759728501136,0.07264232370688356,-92.73576762931164,0.10383109346769909,0.18170441356847336
1210741,SAGH05,KiK-net,50,-0.1954677598227466,4,-0.2841112180792637,0.5198628482808756,-48.01371517191244,0.2702573810227047,-72.97426189772953,0.1404967718673931,-85.9503228132607,0.07303905199725137,-92.69609480027486,0.10397256965617513,0.18195199689830643
1204441,HYMH02,KiK-net,115,-0.4867296354685456,2,-0.2840895974314992,0.5198887294554667,-48.011127054453326,0.2702842910148195,-72.97157089851805,0.1405177566474661,-85.94822433525339,0.07305359796938361,-92.69464020306164,0.10397774589109335,0.18196105530941334
1211391,SMNH06,KiK-net,27,-0.1646459318552574,0,-0.284019153584324,0.5199730637817567,-48.002693621824335,0.2703719870585868,-72.96280129414131,0.14058615047161485,-85.94138495283852,0.07310101138600862,-92.68989886139913,0.10399461275635134,0.18199057232361482
1204611,IBRH12,KiK-net,460,-0.2873424301182568,3,-0.284011921763441,0.5199817223844482,-48.001827761555184,0.27038099161389734,-72.96190083861028,0.14059317371940938,-85.94068262805906,0.07310588062611442,-92.68941193738856,0.10399634447688964,0.18199360283455684
1209641,NIGH11,KiK-net,288,-0.2559789895777758,3,-0.2838164588396321,0.5202158032382663,-47.97841967617337,0.27062448193883465,-72.93755180611655,0.14078313224775055,-85.92168677522494,0.07323761022466263,-92.67623897753374,0.10404316064765327,0.1820755311333932
1212571,TCGH08,KiK-net,280,-0.2876156545418222,3,-0.2837353934289462,0.520312915786558,-47.968708421344196,0.27072553033430985,-72.92744696656901,0.140861990066107,-85.9138009933893,0.07329231277479331,-92.67076872252066,0.10406258315731161,0.1821095205252953
1207421,KSRH05,KiK-net,262,-0.5603942221045122,2,-0.2835511872195928,0.5205336535649245,-47.946634643507544,0.27095528449364886,-72.90447155063511,0.1410413441902026,-85.89586558097974,0.07341676619503419,-92.65832338049658,0.10410673071298492,0.18218677874772357
1106761,MIE016,K-NET,37,-0.3341593024994612,0,-0.2831127688989835,0.5210593952626356,-47.894060473736445,0.2715028933914635,-72.84971066085365,0.14146913344261178,-85.85308665573882,0.07371382111993638,-92.62861788800636,0.10421187905252711,0.18237078834192244
1200851,AKTH06,KiK-net,436,-0.3277610877721358,1,-0.2830769068415678,0.5211024237473688,-47.889757625263115,0.27154773603538235,-72.84522639646175,0.14150418341114845,-85.84958165888516,0.07373817294594168,-92.62618270540584,0.10422048474947376,0.18238584831157909
1200681,AICH22,KiK-net,49,-0.3915962967639241,3,-0.283019919305602,0.5211708065907963,-47.882919340920374,0.2716190096425012,-72.83809903574988,0.14155989834077562,-85.84401016592244,0.07377688639917315,-92.62231136008269,0.10423416131815927,0.18240978230677868
1205301,IWTH03,KiK-net,457,-0.4290962872590731,1,-0.2829444414489698,0.5212613909189803,-47.873860908101975,0.27171343766279,-72.828656233721,0.14163372444748354,-85.83662755525164,0.07382819220653085,-92.61718077934692,0.10425227818379607,0.18244148682164307
1207101,KOCH02,KiK-net,48,-0.1676628841044462,0,-0.2825379020238981,0.5217495677922811,-47.82504322077189,0.2722226114914321,-72.77773885085679,0.14203202988894076,-85.79679701110592,0.0741051502072152,-92.58948497927848,0.10434991355845623,0.18261234872729837
1212751,TCGH17,KiK-net,330,-0.4071886010528543,3,-0.2825045652777993,0.5217896191886873,-47.82103808113127,0.2722644066930753,-72.77355933069248,0.14206474108701364,-85.79352589129864,0.07412790715193229,-92.58720928480678,0.10435792383773745,0.18262636671604054
1211511,SMNH12,KiK-net,22,-0.1130335020420909,0,-0.2823069414785101,0.5220271112972408,-47.79728887027592,0.2725123049293418,-72.74876950706582,0.14225881133521714,-85.77411886647829,0.07426295633790257,-92.57370436620974,0.10440542225944816,0.18270948895403427
1212291,SZOH35,KiK-net,138,-0.4378617799906026,3,-0.2821939835520415,0.5221629057217749,-47.78370942782251,0.2726541001118072,-72.73458998881928,0.14236985717133696,-85.7630142828663,0.07434025830777939,-92.56597416922206,0.104432581144355,0.1827570170026212
1202701,FKSH15,KiK-net,144,-0.361263549126803,1,-0.2820584937370319,0.5223258338625354,-47.76741661374646,0.27282427672019294,-72.7175723279807,0.14250316783581787,-85.74968321641822,0.0744330859678964,-92.55669140321035,0.10446516677250708,0.18281404185188738
1106381,KOC010,K-NET,33,-0.1994803008955109,0,-0.2819186833975931,0.5224940107816046,-47.75059892183954,0.27299999130264757,-72.70000086973525,0.1426408603990635,-85.73591396009364,0.07452899525124565,-92.54710047487544,0.10449880215632093,0.1828729037735616
1207591,KYTH04,KiK-net,42,-0.2713056165137438,0,-0.2816874874834754,0.5227722336110804,-47.722776638891965,0.273290808234718,-72.67091917652819,0.14286884624624097,-85.7131153753759,0.07468786586558541,-92.53121341344146,0.10455444672221609,0.1829702817638781
1214001,YMGH06,KiK-net,27,-0.0929374053821563,4,-0.2813796353776409,0.5231429350442428,-47.68570649557572,0.2736785304867049,-72.63214695132952,0.14317298969741005,-85.68270103025898,0.07489993804936224,-92.51000619506378,0.10462858700884857,0.18310002726548497
1205421,IWTH09,KiK-net,419,-0.3997228315988241,1,-0.2812646194890693,0.5232814993599983,-47.67185006400017,0.27382352757244793,-72.61764724275521,0.14328678606815443,-85.67132139318457,0.07497932425221916,-92.50206757477808,0.10465629987199968,0.1831485247759994
1203141,GIFH17,KiK-net,43,-0.3270186198144726,3,-0.2810981901062635,0.5234820685816709,-47.65179314183291,0.2740334761265452,-72.59665238734547,0.1434516109433498,-85.65483890566502,0.07509434603799782,-92.49056539620022,0.10469641371633419,0.1832187240035848
1103351,HKD112,K-NET,156,-0.1287234828465443,2,-0.2810371056180414,0.5235557026813042,-47.64442973186958,0.2741105738101143,-72.58894261898857,0.14351215408352988,-85.64878459164701,0.0751366066745101,-92.486339332549,0.10471114053626085,0.1832444959384565
1109651,TKS003,K-NET,32,-0.2658583455777888,0,-0.2809697806574694,0.5236368713370824,-47.63631286629176,0.27419557302368813,-72.58044269763118,0.14357891199260256,-85.64210880073975,0.0751832122657887,-92.48167877342112,0.10472737426741648,0.18327290496797882
1201401,AOMH15,KiK-net,219,-0.2004997168735554,1,-0.2806824471609495,0.5239834292667369,-47.60165707332631,0.27455863414612947,-72.54413658538705,0.14386417465468035,-85.61358253453196,0.07538244358418818,-92.46175564158118,0.1047966858533474,0.1833942002433579
1206031,KGSH10,KiK-net,68,-0.3050345336408311,4,-0.280107115905354,0.5246780358693267,-47.53219641306733,0.27528704132369447,-72.47129586763054,0.1444370641419942,-85.55629358580057,0.07578295512075348,-92.42170448792464,0.10493560717386535,0.18363731255426433
1205141,ISKH04,KiK-net,36,-0.4227331070736736,3,-0.2800278312929161,0.5247738296079795,-47.52261703920205,0.2753875722414247,-72.46124277585753,0.14451619091157653,-85.54838090884235,0.0758383149450259,-92.41616850549741,0.1049547659215959,0.1836708403627928
1208441,MYZH13,KiK-net,87,-0.2003149489144588,4,-0.2799481232435589,0.5248701525841989,-47.51298474158011,0.27548867707376024,-72.45113229262398,0.14459578397092362,-85.54042160290763,0.07589401119585054,-92.41059888041494,0.10497403051683979,0.1837045534044696
1202441,FKSH02,KiK-net,213,-0.3844770825619876,1,-0.2798622629801242,0.5249739299667764,-47.50260700332236,0.2755976271447618,-72.44023728552382,0.14468156941170396,-85.53184305882961,0.07595405208782317,-92.40459479121769,0.10499478599335528,0.18374087548837173
1212231,SZOH32,KiK-net,94,-0.2902765565177787,3,-0.279656438508127,0.5252227889669813,-47.477721103301874,0.27585897805025417,-72.41410219497459,0.14488742181313574,-85.51125781868643,0.0760981757709306,-92.39018242290695,0.10504455779339626,0.18382797613844343
1207461,KSRH07,KiK-net,263,-0.2717035233381334,2,-0.2791332212186121,0.5258559336610991,-47.414406633890096,0.2765244629665862,-72.34755370334139,0.1454120296534282,-85.45879703465718,0.07646577861895891,-92.35342213810411,0.10517118673221981,0.18404957678138467
1214481,YMTH03,KiK-net,343,-0.3474519780273773,1,-0.2786591444346089,0.5264302725391378,-47.35697274608622,0.27712883184563086,-72.28711681543692,0.14588900647694833,-85.41109935230516,0.07680038944012395,-92.3199610559876,0.10528605450782756,0.1842505953886982
1208601,NARH05,KiK-net,42,-0.3755590591315482,0,-0.2785625854268326,0.526547329600983,-47.34526703990169,0.27725209030992626,-72.27479096900737,0.14598634777898228,-85.40136522210177,0.07686872158122351,-92.31312784187764,0.10530946592019662,0.18429156536034405
1205401,IWTH08,KiK-net,355,-0.4596785014686349,1,-0.2783314867276086,0.5268275928541144,-47.31724071458856,0.2775473125924605,-72.24526874075394,0.14621958259621443,-85.37804174037855,0.077032510727297,-92.2967489272703,0.10536551857082288,0.18438965749894004
1206461,KKWH14,KiK-net,148,-0.4598393914080173,2,-0.2783134198035236,0.5268495096697912,-47.315049033020884,0.2775704058392994,-72.24295941607006,0.1462378322152798,-85.37621677847203,0.07704533019779336,-92.29546698022067,0.10536990193395823,0.1843973283844269
1103111,HKD088,K-NET,98,-0.37995555870578,2,-0.2781999532270047,0.5269871757526076,-47.30128242473924,0.2777154834077097,-72.22845165922904,0.14635249826379906,-85.3647501736201,0.07712588972437788,-92.28741102756221,0.10539743515052152,0.18444551151341262
1212401,SZOH41,KiK-net,95,-0.5257674002549368,3,-0.2780441077339166,0.5271763177225368,-47.28236822774632,0.2779148699674931,-72.20851300325069,0.14651013778980063,-85.34898622101994,0.0772366749490486,-92.27633250509514,0.10543526354450737,0.18451171120288787
1205241,ISKH09,KiK-net,51,-0.3347246342014446,3,-0.2779622972209657,0.5272756342674318,-47.27243657325681,0.27801959449212255,-72.19804055078775,0.14659295802460812,-85.34070419753918,0.07729489492156426,-92.27051050784357,0.10545512685348638,0.18454647199360114
1103101,HKD087,K-NET,129,-0.0679626375129496,2,-0.277951553411071,0.5272886784563051,-47.27113215436949,0.2780333504281967,-72.19666495718033,0.14660383791406262,-85.33961620859374,0.07730254395032844,-92.26974560496716,0.10545773569126103,0.18455103745970677
1204881,IBUH01,KiK-net,186,-0.3151138459538494,2,-0.2779178217364887,0.5273296345853932,-47.26703654146068,0.2780765435119643,-72.19234564880357,0.1466380020769333,-85.33619979230667,0.07732656405156137,-92.26734359484387,0.10546592691707864,0.1845653721048876
1211361,SMNH05,KiK-net,26,-0.1902173320827435,0,-0.277842185822719,0.5274214813248453,-47.25785186751546,0.27817341896289416,-72.18265810371058,0.14671463669460647,-85.32853633053935,0.07738045101750586,-92.26195489824941,0.10548429626496908,0.18459751846369585
1210201,OKYH04,KiK-net,44,-0.269502903326924,0,-0.2775569049686391,0.5277680495778527,-47.223195042214726,0.2785391141552108,-72.14608858447892,0.14700404500883849,-85.29959549911615,0.07758403811436956,-92.24159618856305,0.10555360991557056,0.18471881735224843
1201111,AKTH19,KiK-net,414,-0.3207844354821834,1,-0.2770470627220315,0.5283879894208472,-47.16120105791528,0.2791938673642053,-72.08061326357947,0.14752268623520315,-85.24773137647969,0.07794921557378147,-92.20507844262185,0.10567759788416944,0.1849357962972965
1210221,OKYH05,KiK-net,40,-0.2209610593397769,0,-0.2769612687242338,0.5284923817119271,-47.15076182880728,0.2793041975275453,-72.06958024724547,0.14761014057347097,-85.2389859426529,0.07801083475650604,-92.1989165243494,0.10569847634238544,0.18497233359917448
1203291,GIFH25,KiK-net,40,-0.4138017827905386,3,-0.2767941883634868,0.5286957406976515,-47.13042593023486,0.2795191862318383,-72.04808137681617,0.14778060320404654,-85.22193967959535,0.07813097547170911,-92.18690245282909,0.1057391481395303,0.185043509244178
1205591,IWTH18,KiK-net,472,-0.3119288386211991,1,-0.2767268876761234,0.5287776766773622,-47.12223233226378,0.279605831352309,-72.0394168647691,0.1478493218879163,-85.21506781120837,0.07817942092621585,-92.18205790737841,0.10575553533547244,0.18507218683707677
1204181,HYGH04,KiK-net,34,-0.3450595152338294,0,-0.2766531102689917,0.5288675124026356,-47.113248759736436,0.27970084567495196,-72.02991543250481,0.14792469046902532,-85.20753095309746,0.07823256307128329,-92.17674369287168,0.10577350248052714,0.18510362934092245
1104461,HYG017,K-NET,28,-0.2722544361510207,0,-0.2766223706956542,0.5289049472255938,-47.10950527744062,0.27974044319970814,-72.02595568002918,0.14795610434740586,-85.20438956525942,0.07825471556156914,-92.17452844384309,0.10578098944511877,0.1851167315289578
1209901,NMRH05,KiK-net,213,-0.5174763744533483,2,-0.2762572671219074,0.5293497750721238,-47.06502249278762,0.280211184368908,-71.9788815631092,0.14832972741837488,-85.1670272581625,0.07851830784542617,-92.14816921545739,0.10586995501442475,0.18527242127524332
1200931,AKTH10,KiK-net,200,-0.3043843988443855,1,-0.2757923131625953,0.5299167983256405,-47.00832016743595,0.2808118131476976,-71.91881868523025,0.1488068969552459,-85.11931030447542,0.07885527440329743,-92.11447255967026,0.10598335966512812,0.18547087941397417
1102961,HKD073,K-NET,188,-0.3662361649704632,2,-0.275615604227495,0.5301324586443577,-46.98675413556423,0.28104042370831156,-71.89595762916885,0.14898865079893925,-85.10113492010606,0.0789837197581473,-92.10162802418526,0.10602649172887153,0.18554636052552517
1204331,HYGH12,KiK-net,34,-0.3435491532976339,0,-0.2755073082877632,0.530264669284428,-46.973533071557206,0.2811806194913237,-71.88193805086762,0.14910014820375736,-85.08998517962426,0.07906254077752459,-92.09374592224754,0.10605293385688559,0.18559263424954978
1202431,FKSH01,KiK-net,272,-0.3707145316283691,1,-0.27531964733191,0.5304938489800773,-46.95061510199226,0.2814237238056971,-71.85762761943029,0.1492935544359905,-85.07064455640095,0.0791993123206653,-92.08006876793347,0.10609876979601547,0.18567284714302706
1214021,YMGH07,KiK-net,38,-0.2305671401243261,4,-0.2751455946259778,0.5307064982275257,-46.92935017724743,0.28164938726092276,-71.83506127390773,0.1494731600411726,-85.05268399588275,0.07932637734445322,-92.06736226555468,0.10614129964550514,0.18574727437963398
1109991,TKY025,K-NET,293,-0.2938149580812228,3,-0.2751310217515816,0.5307243065332274,-46.92756934667726,0.28166828954517514,-71.83317104548249,0.14948820764126342,-85.05117923587366,0.07933702533530464,-92.06629746646954,0.1061448613066455,0.1857535072866296
1209011,NGNH24,KiK-net,185,-0.1452597753793307,3,-0.2750271641338269,0.5308512396527607,-46.91487603472393,0.2818030386408728,-71.81969613591272,0.14959549240042214,-85.04045075995779,0.07941295258722923,-92.05870474127707,0.10617024793055214,0.18579793387846624
1107231,NAR003,K-NET,34,-0.210998876763153,0,-0.2744098268413601,0.5316063662070368,-46.839363379296316,0.28260532859185017,-71.73946714081498,0.15023479180345906,-84.9765208196541,0.07986577174850759,-92.01342282514923,0.10632127324140737,0.18606222817246287
1201311,AOMH10,KiK-net,222,-0.1721025276091842,1,-0.2743871355154084,0.5316341426789379,-46.83658573210621,0.2826348616619693,-71.73651383380306,0.1502583423708413,-84.97416576291587,0.07988246502668055,-92.01175349733195,0.1063268285357876,0.18607194993762827
1106651,MIE005,K-NET,41,-0.2374872627036209,0,-0.2743793343479664,0.5316436924300566,-46.83563075699434,0.28264501570066464,-71.73549842993354,0.15026643979405266,-84.97335602059474,0.07988820490042896,-92.0111795099571,0.10632873848601132,0.1860752923505198
1204481,IBRH06,KiK-net,198,-0.2754653490144721,3,-0.2737473515747499,0.5324179003761029,-46.75820996238971,0.28346882064089785,-71.65311793591022,0.15092387430771695,-84.9076125692283,0.08035457227554152,-91.96454277244584,0.10648358007522059,0.18634626513163602
1214441,YMTH01,KiK-net,311,-0.324496384398675,1,-0.2734694428627387,0.5327587081247235,-46.72412918752765,0.2838318410827243,-71.61681589172757,0.15121388497989402,-84.87861150201059,0.08056051401240887,-91.94394859875912,0.1065517416249447,0.1864655478436532
1200151,ABSH08,KiK-net,103,-0.6593936411507104,2,-0.273435933732029,0.532799816107138,-46.7200183892862,0.28387564404380006,-71.61243559562,0.15124889094383204,-84.8751109056168,0.08058538128128229,-91.94146187187178,0.1065599632214276,0.1864799356374983
1200141,ABSH07,KiK-net,154,-0.204197732536892,2,-0.2734012826647163,0.5328423283185485,-46.71576716814515,0.28392094684793184,-71.60790531520682,0.15128509837685886,-84.87149016231412,0.08061110405902613,-91.93888959409739,0.1065684656637097,0.18649481491149197
1203631,HDKH02,KiK-net,134,0.0067033939950047,2,-0.2732840768341166,0.5329861492930744,-46.70138507069256,0.28407423533825943,-71.59257646617405,0.15140763280631347,-84.85923671936865,0.0806981711830168,-91.93018288169831,0.10659722985861489,0.18654515225257604
1210661,SAGH01,KiK-net,34,-0.3131940663705586,4,-0.2732699887243225,0.5330034391493652,-46.69965608506348,0.2840926661450511,-71.59073338549489,0.15142236809242465,-84.85776319075752,0.08070864295740345,-91.92913570425965,0.10660068782987304,0.18655120370227782
1207951,MYGH03,KiK-net,517,-0.3680502705878589,1,-0.2728419573883864,0.5335290148741144,-46.647098512588556,0.284653209712543,-71.5346790287457,0.15187074655868776,-84.81292534413123,0.08102744979965298,-91.89725502003469,0.10670580297482289,0.18673515520594003
1205161,ISKH05,KiK-net,32,-0.2292550105832789,3,-0.2727595301779245,0.5336302859789628,-46.636971402103725,0.2847612821139896,-71.52387178860104,0.15195724441022437,-84.80427555897757,0.08108898779120317,-91.89110122087968,0.10672605719579256,0.18677060009263696
1106671,MIE007,K-NET,25,-0.2852825901549368,0,-0.2725974604843138,0.5338294628965189,-46.61705371034811,0.28497389545638585,-71.50261045436142,0.15212746155101117,-84.78725384489888,0.08121012109158712,-91.87898789084129,0.10676589257930379,0.1868403120137816
1203331,GIFH27,KiK-net,58,-0.3764442429134255,3,-0.2725337488054193,0.5339077822572518,-46.60922177427482,0.28505751995485695,-71.4942480045143,0.15219442829484997,-84.78055717051501,0.08125778968281368,-91.87422103171863,0.10678155645145036,0.1868677237900381
1203451,GNMH07,KiK-net,403,-0.4259847406293604,3,-0.2724268192745888,0.5340392541959262,-46.596074580407375,0.28519792502214114,-71.48020749778588,0.15230688717704993,-84.769311282295,0.08133785643693482,-91.86621435630651,0.10680785083918526,0.18691373896857416
1202411,FKOH10,KiK-net,54,-0.2555791667414741,4,-0.2724251554868378,0.5340413001111028,-46.59586998888972,0.28520011022435704,-71.47998897756429,0.15230863765604546,-84.76913623439546,0.0813391028719854,-91.86608971280145,0.10680826002222057,0.18691445503888598
1206571,KMMH04,KiK-net,21,-0.0348308432837729,4,-0.2723720894329589,0.5341065581262139,-46.589344187378614,0.28526981543343066,-71.47301845665693,0.15236447925844995,-84.763552074155,0.0813788675974236,-91.86211324025764,0.10682131162524278,0.18693729534417486
1204641,IBRH14,KiK-net,491,-0.3213161602987919,3,-0.2722850444068916,0.5342136190736081,-46.57863809263919,0.28538419080372207,-71.46158091962779,0.15245612139564946,-84.75438786043506,0.08144413636069524,-91.85558636393047,0.10684272381472162,0.18697476667576282
1209091,NGNH28,KiK-net,142,-0.285972278640572,3,-0.2722178980726848,0.53429622030575,-46.570377969425,0.2854724510330105,-71.45275489669896,0.1525268515883558,-84.74731484116442,0.08149452029879459,-91.85054797012054,0.10685924406115,0.1870036771070125
1208581,NARH04,KiK-net,34,-0.2909996879315928,0,-0.2721833617640036,0.5343387107210833,-46.56612892789167,0.28551785777506955,-71.44821422249305,0.15256324401137628,-84.74367559886238,0.08152044710846484,-91.84795528915352,0.10686774214421667,0.18701854875237914
1102001,GIF019,K-NET,49,-0.3688531929934696,3,-0.2721775563718825,0.5343458534931048,-46.56541465068952,0.28552549114527465,-71.44745088547253,0.1525693622600597,-84.74306377399404,0.0815248060937503,-91.84751939062497,0.10686917069862097,0.18702104872258668
1205871,KGSH02,KiK-net,32,-0.0841595726797716,4,-0.2720555424642606,0.5344959976642444,-46.55040023357556,0.2856859715190959,-71.43140284809041,0.1526980083657781,-84.7301991634222,0.08161647432280969,-91.83835256771903,0.10689919953284888,0.18707359918248553
1209911,OITH01,KiK-net,37,-0.4764214654058555,4,-0.2720383431568757,0.5345171656582649,-46.54828343417351,0.285708600383345,-71.4291399616655,0.15271615128109542,-84.72838487189046,0.08162940433300993,-91.83705956669901,0.10690343313165299,0.1870810079803927
1109711,TKS009,K-NET,27,-0.2052112249930786,0,-0.2719969674915357,0.5345680920637952,-46.54319079362048,0.2857630450527262,-71.42369549472738,0.1527598057761762,-84.72401942238238,0.08166051791780643,-91.83394820821935,0.10691361841275904,0.18709883222232832
1208131,MYGH12,KiK-net,159,-0.3604505411944821,1,-0.2717341983081806,0.5348916295030262,-46.510837049697386,0.2861090553124026,-71.38909446875974,0.15303733881162246,-84.69626611883776,0.08185839153175545,-91.81416084682445,0.10697832590060524,0.18721207032605913
1208151,MYGH13,KiK-net,212,-0.4303791528084681,1,-0.2716461965380911,0.535000026412411,-46.499997358758904,0.28622502826128043,-71.37749717387196,0.1531303976796781,-84.68696023203219,0.08192476680317078,-91.80752331968293,0.1070000052824822,0.18725000924434382
1103251,HKD102,K-NET,79,0.1000083944107275,2,-0.2714775479242798,0.5352078221309838,-46.479217786901614,0.2864474128701908,-71.35525871298091,0.1533088959973096,-84.66911040026905,0.08205212034002557,-91.79478796599744,0.10704156442619678,0.18732273774584432
1212351,SZOH38,KiK-net,184,-0.3600653146776356,3,-0.2712240215455253,0.5355203495053668,-46.44796504946333,0.28678204473435015,-71.32179552656498,0.15357762082800291,-84.64223791719971,0.08224394118201482,-91.77560588179851,0.10710406990107335,0.18743212232687836
1205481,IWTH12,KiK-net,411,-0.4182467925051442,1,-0.2710711527646816,0.5357088823002826,-46.42911176997174,0.286984006575418,-71.3015993424582,0.15373988140057412,-84.62601185994258,0.08235982003007956,-91.76401799699204,0.10714177646005651,0.1874981088050989
1203951,HRSH11,KiK-net,35,-0.2377084842375954,0,-0.2709408534025374,0.5358696326687061,-46.41303673312939,0.28715626321649407,-71.28437367835059,0.15387832128834095,-84.6121678711659,0.0824587195044604,-91.75412804955397,0.10717392653374123,0.18755437143404713
1109671,TKS005,K-NET,24,-0.2274047095117425,0,-0.2709314996295958,0.5358811742771257,-46.41188257228743,0.28716863294463113,-71.28313670553689,0.15388826423792581,-84.61117357620742,0.08246582374728828,-91.75341762527117,0.10717623485542514,0.18755841099699397
1209081,NGNH27,KiK-net,150,-0.325742625523472,3,-0.2708573783575952,0.5359726412094955,-46.40273587905045,0.2872666721250826,-71.27333278749174,0.15396707699034268,-84.60329230096573,0.08252214091381971,-91.74778590861803,0.10719452824189911,0.1875904244233234
1214361,YMNH13,KiK-net,124,-0.2109622389374709,3,-0.2707262491820458,0.5361344951239223,-46.38655048760777,0.28744019686178307,-71.2559803138217,0.1541066048228129,-84.58933951771871,0.08262186677194061,-91.73781332280593,0.10722689902478447,0.1876470732933728
1203541,GNMH11,KiK-net,353,-0.3576087154641397,3,-0.2705721130054807,0.5363248092792424,-46.36751907207576,0.28764430104841576,-71.23556989515842,0.15427077490005256,-84.57292250999474,0.08273924392563163,-91.72607560743684,0.1072649618558485,0.18771368324773482
1202821,FKSH21,KiK-net,264,-0.3128956487362614,3,-0.2705441567841946,0.5363593344649538,-46.36406655350462,0.28768133566768817,-71.23186643323119,0.15430056973671016,-84.56994302632899,0.08276055089154505,-91.7239449108455,0.10727186689299076,0.1877257670627338
1214081,YMGH10,KiK-net,34,-0.1139479912635058,4,-0.2705392270412179,0.5363654227962109,-46.36345772037891,0.2876878667713581,-71.23121332286419,0.15430582429415948,-84.56941757058405,0.08276430868745469,-91.72356913125454,0.10727308455924218,0.1877278979786738
1105852,KMM014,K-NET,39,-0.2497455948664187,4,-0.2705176888257908,0.5363920237339875,-46.36079762660125,0.28771640312544267,-71.22835968745574,0.15432878373391995,-84.567121626608,0.08278072862744222,-91.72192713725578,0.1072784047467975,0.18773720830689564
1207111,KOCH03,KiK-net,51,-0.2654768145755284,0,-0.2703886088494768,0.5365514725939705,-46.344852740602946,0.28788748274275827,-71.21125172572418,0.15446645280699822,-84.55335471930017,0.08287920271996195,-91.7120797280038,0.1073102945187941,0.18779301540788967
1203041,GIFH12,KiK-net,46,-0.1844652484540326,3,-0.2703280460328394,0.5366263004714735,-46.33736995285265,0.2879677863577002,-71.20322136422999,0.15453108784809233,-84.54689121519077,0.08292544597975406,-91.70745540202459,0.10732526009429472,0.1878192051650157
1200521,AICH14,KiK-net,20,-0.3317826148418908,3,-0.2702988522992484,0.5366623742703939,-46.333762572960616,0.2880065039575363,-71.19934960424636,0.15456225421916703,-84.5437745780833,0.08294774632184237,-91.70522536781576,0.10733247485407878,0.18783183099463785
1106721,MIE012,K-NET,26,-0.4211126456040288,0,-0.2702305193922836,0.5367468206236806,-46.32531793763194,0.28809714944962955,-71.19028505503704,0.15463522899783402,-84.5364771002166,0.08299996752100221,-91.70000324789977,0.10734936412473613,0.1878613872182882
1203071,GIFH14,KiK-net,53,-0.529731233846131,3,-0.2701599889641419,0.5368339966271463,-46.31660033728537,0.28819073993467487,-71.18092600653252,0.15471058671006604,-84.5289413289934,0.08305390258409541,-91.69460974159045,0.10736679932542925,0.1878918988195012
1208941,NGNH20,KiK-net,86,-0.1466214690854955,3,-0.2701308954954853,0.5368699604416908,-46.31300395583092,0.28822935442466263,-71.17706455753374,0.15474168210810268,-84.52583178918974,0.08307616075205777,-91.69238392479421,0.10737399208833816,0.18790448615459177
1201071,AKTH17,KiK-net,400,-0.0956104654804692,1,-0.2700514470326153,0.536968182723072,-46.3031817276928,0.28833482925691845,-71.16651707430816,0.15482662928185476,-84.51733707181452,0.08313697376261632,-91.68630262373837,0.10739363654461441,0.18793886395307519
1208071,MYGH09,KiK-net,624,-0.0827746193421661,1,-0.2700115199882352,0.5370175513863017,-46.29824486136983,0.28838785049693916,-71.16121495030609,0.15486933732342512,-84.51306626765749,0.08316755231424494,-91.6832447685755,0.10740351027726035,0.18795614298520558
1103241,HKD101,K-NET,39,-0.2388252809684832,2,-0.2699595293767516,0.5370818431129692,-46.291815688703075,0.2884569062016241,-71.15430937983758,0.15492496684143317,-84.50750331585668,0.08320738673541257,-91.67926132645874,0.10741636862259385,0.18797864508953924
1104471,HYG018,K-NET,36,-0.2668145029797684,0,-0.2694656285105971,0.5376929862244273,-46.23070137755727,0.28911374743494217,-71.0886252565058,0.15545443421682892,-84.45455657831711,0.08358675895587553,-91.64132410441245,0.10753859724488546,0.18819254517854955
1213111,TKSH05,KiK-net,31,-0.1951697622096489,0,-0.2692805746177611,0.537922147280958,-46.2077852719042,0.28936023653535664,-71.06397634646433,0.15565327977482496,-84.4346720225175,0.08372934648779756,-91.62706535122025,0.10758442945619161,0.18827275154833528
1207671,KYTH08,KiK-net,21,-0.237314255114701,0,-0.2690240589067512,0.5382399644450354,-46.17600355549646,0.28970225932579297,-71.0297740674207,0.15592933375916124,-84.40706662408388,0.08392739905846901,-91.6072600941531,0.10764799288900709,0.18838398755576238
1201681,CHBH15,KiK-net,93,-0.4559170373162219,3,-0.2689001146923279,0.5383935958006031,-46.16064041993969,0.2898676639991032,-71.01323360008969,0.15606289392679817,-84.39371060732019,0.08402326263229698,-91.5976737367703,0.10767871916012062,0.18843775853021108
1201241,AOMH07,KiK-net,154,-0.2710391866416112,1,-0.2688700718977895,0.538430841053128,-46.1569158946872,0.28990777059717876,-71.00922294028213,0.15609528475047627,-84.39047152495237,0.08404651545262644,-91.59534845473736,0.1076861682106256,0.1884507943685948
1102641,HKD041,K-NET,21,-0.10939479208963,2,-0.2688519452484901,0.5384533146306621,-46.154668536933784,0.28993197203674687,-71.00680279632532,0.1561148313605908,-84.38851686394092,0.08406054840911696,-91.5939451590883,0.10769066292613244,0.18845866012073173
1213751,WKYH04,KiK-net,26,-0.2255352031216837,0,-0.2687123087008943,0.5386264686855705,-46.13735313144295,0.29011847276868785,-70.98815272313121,0.1562654884878492,-84.37345115121508,0.08416872824163589,-91.58312717583641,0.1077252937371141,0.18851926403994967
1214701,YMTH14,KiK-net,525,-0.1180434171136879,1,-0.2686104467414154,0.5387528160939761,-46.124718390602396,0.2902545968491896,-70.97454031508104,0.1563754814367226,-84.36245185632774,0.08424773099208559,-91.57522690079144,0.10775056321879523,0.1885634856328916
1208831,NGNH15,KiK-net,67,-0.3800066303291515,3,-0.2685956846515048,0.5387711291350363,-46.12288708649637,0.290274329589442,-70.9725670410558,0.15639142831181935,-84.36085716881807,0.0842591864186,-91.57408135814,0.10775422582700728,0.1885698951972627
1101271,FKI005,K-NET,36,-0.2214828675470106,0,-0.2684506578105941,0.5389510746002074,-46.10489253997926,0.2904682608127183,-70.95317391872817,0.15654818130226786,-84.34518186977321,0.08437181053956536,-91.56281894604346,0.10779021492004148,0.1886328761100726
1201761,CHBH20,KiK-net,182,-0.2925541263610882,3,-0.2683489243193463,0.5390773386885352,-46.092266131146474,0.29060437708751374,-70.93956229124862,0.15665823421157646,-84.33417657884236,0.08445090398242187,-91.55490960175781,0.10781546773770706,0.1886770685409873
1208911,NGNH19,KiK-net,180,-0.357510067390583,3,-0.2681451055509085,0.539330392481256,-46.0669607518744,0.2908772722539857,-70.91227277460143,0.15687895340861926,-84.31210465913807,0.0846095875139193,-91.53904124860807,0.10786607849625121,0.1887656373684396
1206971,KNGH19,KiK-net,199,-0.2854856083773607,3,-0.2681405575003544,0.5393360405261571,-46.06639594738429,0.2908833646104326,-70.91166353895673,0.1568838821239172,-84.31161178760827,0.08461313180708588,-91.53868681929141,0.10786720810523143,0.188767614184155
1210121,OITH11,KiK-net,44,-0.4329329769310566,4,-0.268120056234874,0.5393615009747569,-46.06384990252431,0.2909108287337427,-70.90891712662572,0.1569061012356419,-84.30938987643582,0.08462911027455296,-91.5370889725447,0.10787230019495138,0.1887765253411649
1106692,MIE009,K-NET,22,-0.3938554347116718,0,-0.2678583400008741,0.539686631061187,-46.0313368938813,0.29126165974617374,-70.87383402538264,0.15719002390570225,-84.28099760942978,0.08483335443809589,-91.5166645561904,0.1079373262122374,0.18889032087141544
1208791,NGNH13,KiK-net,104,-0.2888503333785976,3,-0.2677625924304336,0.5398056272319066,-46.01943727680934,0.29139011519123215,-70.86098848087678,0.15729402389998057,-84.27059761000194,0.08490819923115953,-91.50918007688405,0.10796112544638133,0.1889319695311673
1212191,SZOH30,KiK-net,96,-0.2311312102042785,3,-0.2676901164097155,0.5398957187023217,-46.01042812976783,0.29148738707309646,-70.85126129269035,0.15737279233649124,-84.26272076635087,0.08496489682270116,-91.50351031772989,0.10797914374046434,0.18896350154581257
1212891,TKCH04,KiK-net,207,-0.2672955585336036,2,-0.2671732003452252,0.5405387085046216,-45.94612914953784,0.29218209539184425,-70.78179046081557,0.15793573249128165,-84.20642675087183,0.08537037686756879,-91.46296231324312,0.10810774170092433,0.18918854797661755
1211411,SMNH07,KiK-net,37,-0.0574493714981359,0,-0.2669639265877074,0.5407992410014532,-45.92007589985469,0.2924638190677478,-70.75361809322523,0.15816421137222433,-84.18357886277757,0.08553508546369233,-91.44649145363076,0.10815984820029063,0.1892797343505086
1106691,MIE009,K-NET,24,-0.4107808756917694,0,-0.2669131700096256,0.5408624486269619,-45.913755137303816,0.292532188334753,-70.74678116652471,0.15821967568493805,-84.17803243150618,0.08557508121191938,-91.44249187880806,0.10817248972539238,0.18930185701943664
1209521,NIGH05,KiK-net,283,-0.4509535673001451,1,-0.2664614765461958,0.5414252720858115,-45.85747279141885,0.293141325253195,-70.6858674746805,0.15871412178480646,-84.12858782151935,0.08593183657119946,-91.40681634288006,0.1082850544171623,0.18949884523003402
1211461,SMNH10,KiK-net,20,-0.1470737724476764,0,-0.2663444348668201,0.541571205008001,-45.842879499199896,0.2932993700938183,-70.67006299061818,0.15884249328979683,-84.11575067102032,0.08602452049743059,-91.39754795025694,0.10831424100160021,0.18954992175280036
1203311,GIFH26,KiK-net,51,-0.2111863907712733,3,-0.2662510841963447,0.5416876270926686,-45.83123729073314,0.293425485345286,-70.6574514654714,0.15894495488520258,-84.10550451147975,0.08609851545011665,-91.39014845498833,0.10833752541853373,0.189590669482434
1203921,HRSH09,KiK-net,32,-0.0581121220209973,0,-0.2661663247491754,0.5417933563302121,-45.82066436697879,0.2935400409635562,-70.64599590364438,0.15903804401095303,-84.0961955989047,0.08616575564888623,-91.38342443511138,0.10835867126604243,0.1896276747155742
1100482,AOM004,K-NET,155,-0.3382569931945497,2,-0.2659891601820188,0.5420144186976632,-45.79855813023368,0.29377963007616575,-70.62203699238343,0.1592327954209475,-84.07672045790525,0.0863064710476888,-91.36935289523112,0.10840288373953265,0.1897050465441821
1200991,AKTH13,KiK-net,231,-0.3036049862780605,1,-0.2655060832529834,0.5426176507176821,-45.73823492823179,0.29443391487037646,-70.55660851296236,0.15976503917857365,-84.02349608214263,0.08669133022589608,-91.3308669774104,0.10852353014353643,0.18991617775118871
1212681,TCGH13,KiK-net,478,-0.4360660772133137,3,-0.2654644191781224,0.54266970928124,-45.733029071876,0.2944904133713856,-70.55095866286145,0.159811027010362,-84.01889729896381,0.08672460356764955,-91.32753964323504,0.10853394185624801,0.189934398248434
1206731,KMMH12,KiK-net,57,-0.3493401639931777,4,-0.265355857886401,0.5428053782592395,-45.71946217407606,0.29463767866715607,-70.53623213328439,0.15993091661834988,-84.006908338165,0.08681136169037029,-91.31886383096297,0.1085610756518479,0.1899818823907338
1211211,SITH10,KiK-net,282,-0.3817062155185673,3,-0.2652964057723064,0.5428796899016064,-45.71203100983936,0.2947183577076643,-70.52816422923357,0.15999661064064752,-84.00033893593525,0.08685891036990279,-91.31410896300972,0.10857593798032128,0.19000789146556224
1104251,HRS017,K-NET,29,-0.2859143381172409,0,-0.2652181992135287,0.5429774589894582,-45.70225410105419,0.2948245209706487,-70.51754790293514,0.16008306924442706,-83.9916930755573,0.08692149816557249,-91.30785018344275,0.10859549179789163,0.19004211064631035
1100172,AIC017,K-NET,25,-0.2737841675292371,3,-0.2652095537039705,0.5429882681609591,-45.70117318390409,0.29483625936043767,-70.51637406395623,0.16009262986117942,-83.99073701388205,0.08692841983365526,-91.30715801663447,0.10859765363219183,0.1900458938563357
1210971,SIGH01,KiK-net,44,-0.1179045560126696,0,-0.2651879076546581,0.5430153323863471,-45.69846676136529,0.2948656512066551,-70.5134348793345,0.1601165695992985,-83.98834304007015,0.08694575226152476,-91.30542477384752,0.10860306647726943,0.1900553663352215
1202091,FKIH01,KiK-net,47,-0.414841870085359,3,-0.2651511836979143,0.5430612517234945,-45.693874827650546,0.2949155231234887,-70.50844768765113,0.16015719314013094,-83.98428068598692,0.08697516577920097,-91.3024834220799,0.1086122503446989,0.19007143810322308
1102951,HKD072,K-NET,220,-0.2355891399780311,2,-0.2651453623459145,0.5430685310512852,-45.69314689487148,0.29492342941820066,-70.50765705817994,0.16016363358674962,-83.98363664132505,0.0869798292197924,-91.30201707802075,0.10861370621025704,0.1900739858679498
1212171,SZOH29,KiK-net,33,-0.3152856655150552,3,-0.2650842798068213,0.5431449177866774,-45.68550822133226,0.29500640171749654,-70.49935982825035,0.16023122780739318,-83.97687721926069,0.08702877705430495,-91.2971222945695,0.10862898355733548,0.19010072122533708
1201571,CHBH10,KiK-net,394,-0.2340167919134588,3,-0.264952489311244,0.5433097649191229,-45.66902350808771,0.29518550065647253,-70.48144993435275,0.16037716496920168,-83.96228350307983,0.08713447979781236,-91.28655202021876,0.10866195298382458,0.19015841772169298
1202541,FKSH07,KiK-net,159,-0.4330002026460121,3,-0.2647240934134363,0.5435955672074154,-45.640443279258456,0.2954961406875517,-70.45038593124482,0.1606303922046519,-83.93696077953481,0.08731796916123734,-91.26820308387626,0.10871911344148309,0.19025844852259538
1210401,OKYH14,KiK-net,29,-0.2729187956342674,0,-0.2647004509333091,0.5436251607154136,-45.63748392845864,0.29552831536285923,-70.44716846371408,0.16065662793508975,-83.93433720649102,0.08733698518120957,-91.26630148187904,0.10872503214308271,0.19026880625039475
1204161,HYGH03,KiK-net,29,-0.3332607114165744,0,-0.2645452787249444,0.5438194311747838,-45.61805688252162,0.2957395737232654,-70.42604262767345,0.16082892675805927,-83.91710732419408,0.08746189546601875,-91.25381045339812,0.10876388623495677,0.19033680091117433
1206311,KKWH06,KiK-net,35,-0.4365969155697593,2,-0.2640330067946972,0.5444612716941793,-45.553872830582065,0.296438076374843,-70.3561923625157,0.16139905204162328,-83.86009479583767,0.08787553312481725,-91.21244668751828,0.10889225433883587,0.19056144509296277
1205641,IWTH20,KiK-net,436,0.0163318839340519,1,-0.2636405092419488,0.5449535558958791,-45.504644410412084,0.29697437808356303,-70.3025621916437,0.16183724334660493,-83.81627566533952,0.08819378123811905,-91.1806218761881,0.10899071117917583,0.19073374456355768
1203051,GIFH13,KiK-net,43,-0.2358902334047322,3,-0.2634360228123928,0.5452102062800417,-45.478979371995834,0.2972541690319256,-70.27458309680745,0.16206600681549854,-83.79339931845014,0.0883600410068606,-91.16399589931395,0.10904204125600835,0.19082357219801457
1203121,GIFH16,KiK-net,60,-0.1714232178997351,3,-0.2632058655939934,0.5454992205921686,-45.45007794078314,0.2975693996666634,-70.24306003333366,0.16232387559024442,-83.76761244097555,0.08854754761797846,-91.14524523820215,0.10909984411843372,0.190924727207259
1106291,KOC001,K-NET,31,-0.2682886294214405,0,-0.2630988761106145,0.545633622183048,-45.4366377816952,0.29771604965659315,-70.22839503434068,0.16244388655615513,-83.75561134438449,0.08863484622312705,-91.1365153776873,0.1091267244366096,0.1909717677640668
1105651,KGW002,K-NET,40,-0.36828994226275,0,-0.2629304040110904,0.545845326171208,-45.41546738287921,0.2979471201029524,-70.20528798970476,0.16263304295436812,-83.73669570456319,0.08877248637764314,-91.12275136223569,0.1091690652342416,0.19104586415992278
1205021,IKRH01,KiK-net,111,-0.3212654863677313,2,-0.2627455368736812,0.5460777268744762,-45.39222731255238,0.29820088378839504,-70.1799116211605,0.16284086077112658,-83.71591392288734,0.08892376709217988,-91.10762329078202,0.10921554537489525,0.19112720440606665
1109131,SMN015,K-NET,20,-0.1739337636806439,0,-0.2621817499319054,0.5467870875164198,-45.32129124835802,0.2989761190746889,-70.10238809253111,0.1634762813858115,-83.65237186141886,0.08938671977696257,-91.06132802230374,0.10935741750328397,0.1913754806307469
1201391,AOMH14,KiK-net,156,-0.3513282397383739,1,-0.2620375016023157,0.5469687297600413,-45.30312702399587,0.2991747913353131,-70.08252086646868,0.1636392555929016,-83.63607444070983,0.08950555577052813,-91.04944442294719,0.10939374595200826,0.19143905541601444
1213591,TYMH03,KiK-net,42,-0.2649765452388206,3,-0.261720773894746,0.5473677754441146,-45.26322245558853,0.2996114815946387,-70.03885184053613,0.16399767017797268,-83.60023298220274,0.08976703990333453,-91.02329600966654,0.10947355508882294,0.1915787214054401
1204461,HYMH03,KiK-net,24,-0.5818121657168257,2,-0.2617169834727042,0.5473725527646229,-45.26274472353771,0.2996167115200599,-70.03832884799401,0.1640019642356768,-83.59980357643232,0.0897701738220948,-91.02298261779052,0.10947451055292459,0.19158039346761802
1207211,KOCH08,KiK-net,50,-0.5787396247908579,4,-0.2616455077217901,0.5474626462047397,-45.25373537952603,0.29971534898949603,-70.0284651010504,0.16408295806596657,-83.59170419340333,0.08982929041989539,-91.01707095801046,0.10949252924094795,0.1916119261716589
1206961,KNGH18,KiK-net,289,-0.2373502383739601,3,-0.2616213998136305,0.547493036978906,-45.250696302109404,0.29974862554038567,-70.02513744596143,0.1641102853273586,-83.58897146726414,0.08984923851335035,-91.01507614866496,0.1094986073957812,0.19162256294261706
1214281,YMNH09,KiK-net,107,-0.3128305629286948,3,-0.2614536838796757,0.5477045087850466,-45.22954912149534,0.2999802289434692,-70.00197710565308,0.16430052393870861,-83.56994760612913,0.0899881377569762,-91.00118622430237,0.10954090175700933,0.1916965780747663
1206791,KMMH15,KiK-net,57,-0.1935717585838171,4,-0.2614474658529386,0.547712350620027,-45.2287649379973,0.29998881902171537,-70.00111809782847,0.16430758122610958,-83.56924187738905,0.0899932915380435,-91.00067084619565,0.1095424701240054,0.19169932271700943
1209191,NGNH33,KiK-net,87,-0.4812618330951425,3,-0.2613831349511893,0.5477934878221633,-45.22065121778367,0.3000777053003706,-69.99222946996294,0.16438061280416125,-83.56193871958388,0.09004662921833605,-90.9953370781664,0.10955869756443266,0.19172772073775715
1106611,MIE001,K-NET,43,-0.0164646490996484,0,-0.2612561035645438,0.5479537411695111,-45.20462588304889,0.3002533024616636,-69.97466975383364,0.16452492038236935,-83.54750796176307,0.09015204563913523,-90.98479543608647,0.10959074823390223,0.19178380940932888
1205051,IKRH03,KiK-net,164,-0.1620055110893623,2,-0.2607480883039383,0.5485950841947819,-45.14049158052181,0.3009565664026798,-69.90434335973201,0.1651032928846506,-83.48967071153494,0.09057485486089062,-90.94251451391094,0.10971901683895638,0.19200827946817364
1208951,NGNH21,KiK-net,106,-0.1476184691952593,3,-0.2607302376730368,0.5486176333406431,-45.13823666593569,0.30098130761228825,-69.90186923877117,0.16512365266202567,-83.48763473379744,0.0905897475320029,-90.94102524679971,0.10972352666812862,0.19201617166922505
1210911,SBSH08,KiK-net,87,-0.6187067488345894,2,-0.2605517688594088,0.5488431283970574,-45.11568716029426,0.30122877958866884,-69.87712204113312,0.16532734575267266,-83.46726542473273,0.09073877765247883,-90.92612223475211,0.10976862567941148,0.1920950949389701
1206821,KMMH17,KiK-net,29,-0.191115824271228,4,-0.2605312104488877,0.5488691098678846,-45.113089013211535,0.301257299767164,-69.8742700232836,0.16535082596440578,-83.46491740355943,0.09075596066300291,-90.92440393369971,0.10977382197357693,0.1921041884537596
1208191,MYZH01,KiK-net,28,-0.1793108685698755,4,-0.2605118957733599,0.5488935206420194,-45.11064793579806,0.3012840970027909,-69.8715902997209,0.1653728887173136,-83.46271112826864,0.09077210710678713,-90.92278928932129,0.10977870412840388,0.19211273222470676
1106672,MIE007,K-NET,20,-0.2950322254097701,0,-0.2604346879921488,0.5489911102266031,-45.10088897733969,0.30139123910783827,-69.86087608921618,0.1654611109703837,-83.45388890296162,0.09083667901095813,-90.91633209890418,0.10979822204532062,0.19214688857931106
1200121,ABSH06,KiK-net,175,-0.0900521671866865,2,-0.2603596156854715,0.5490860172379722,-45.091398276202774,0.30149545432625874,-69.85045456737413,0.16554693823135838,-83.44530617686416,0.09089950897939716,-90.91004910206028,0.10981720344759445,0.19218010603329028
1200611,AICH18,KiK-net,58,-0.1551191440565852,3,-0.2603447275538823,0.5491048408826251,-45.089515911737486,0.30151612628073304,-69.84838737192669,0.16556396454492742,-83.44360354550726,0.09091197440733896,-90.90880255926609,0.10982096817652504,0.19218669430891877
1110162,TTR004,K-NET,20,0.0869985639554695,0,-0.2602408052642199,0.5492362518553627,-45.076374814463726,0.30166046035212746,-69.83395396478726,0.16568286057676573,-83.43171394232343,0.09099903333985745,-90.90009666601425,0.10984725037107256,0.19223268814937694
1202601,FKSH10,KiK-net,548,-0.2256293229331401,3,-0.260120568550463,0.5493883318543707,-45.061166814562924,0.3018275391777282,-69.81724608222719,0.16582052825656182,-83.41794717434382,0.09109986340608305,-90.8900136593917,0.10987766637087415,0.19228591614902976
1100171,AIC017,K-NET,23,-0.4547898887638816,3,-0.2601156184846068,0.5493945937896131,-45.06054062103869,0.301834419685254,-69.8165580314746,0.1658261983947037,-83.41738016052963,0.09110401690673403,-90.88959830932659,0.10987891875792262,0.19228810782636457
1106913,MYG012,K-NET,38,-0.1480652134012044,1,-0.2596715085964904,0.5499566924974623,-45.00433075025377,0.30245236362274824,-69.75476363772518,0.1663357015360064,-83.36642984639936,0.09147743226098713,-90.85225677390129,0.10999133849949246,0.1924848423741118
1214561,YMTH07,KiK-net,535,-0.0858855950412054,1,-0.2595310041614459,0.5501346451505422,-44.986535484945776,0.302648127794913,-69.73518722050869,0.16649722038993042,-83.35027796100695,0.091595889257766,-90.8404110742234,0.11002692903010845,0.19254712580268976
1212981,TKCH08,KiK-net,211,-0.2451361616034167,2,-0.2594592606618263,0.5502255324322046,-44.977446756779536,0.3027481365403031,-69.72518634596969,0.16657975462074603,-83.3420245379254,0.09165643417862598,-90.8343565821374,0.11004510648644093,0.1925789363512716
1108961,SIT012,K-NET,156,-0.5136316360693198,3,-0.2593835175042804,0.5503215029208335,-44.96784970791665,0.30285375657704494,-69.71462434229551,0.16666693448469963,-83.33330655153004,0.09172039787282799,-90.8279602127172,0.1100643005841667,0.1926125260222917
1110711,YMN003,K-NET,133,-0.1363805589089002,3,-0.2591697823899486,0.550592406611047,-44.9407593388953,0.3031519982177445,-69.68480017822554,0.1669131882676558,-83.30868117323442,0.0919011340234114,-90.80988659765886,0.11011848132220942,0.19270734231386644
1109701,TKS008,K-NET,37,-0.2576155912608971,0,-0.2585790630487012,0.5513418217985184,-44.86581782014816,0.30397780446410927,-69.60221955358907,0.1675956764995558,-83.24043235004441,0.09240250560682024,-90.75974943931797,0.11026836435970369,0.19296963762948144
1203781,HRSH02,KiK-net,24,-0.2065617198887625,0,-0.2585135435408747,0.5514250058391498,-44.85749941608502,0.30406953706470635,-69.59304629352935,0.16767154625141328,-83.23284537485867,0.09245828337074484,-90.75417166292551,0.11028500116782997,0.1929987520437024
1213891,YMGH01,KiK-net,21,-0.1535145253070495,4,-0.2584304399987608,0.5515305327518677,-44.84694672481323,0.304185928557559,-69.5814071442441,0.1677678272329721,-83.22321727670278,0.09252907913242439,-90.74709208675756,0.11030610655037354,0.1930356864631537
1214511,YMTH05,KiK-net,229,-0.2910522040971269,1,-0.2583880005699261,0.5515844311674835,-44.841556883251656,0.3042453847063563,-69.57546152936438,0.1678170174585877,-83.21829825414123,0.09256525411511875,-90.74347458848813,0.1103168862334967,0.1930545509086192
1203171,GIFH19,KiK-net,79,-0.2934056526648998,3,-0.2579754210223208,0.5521086850911789,-44.789131490882106,0.3048240001531106,-69.51759998468894,0.1682959779087672,-83.17040220912328,0.09291767106934357,-90.70823289306564,0.1104217370182358,0.19323803978191262
1203831,HRSH05,KiK-net,32,-0.1883296522026428,0,-0.2579636291133689,0.55212367608002,-44.787632391998,0.30484055368811486,-69.5159446311885,0.16830968712055067,-83.16903128794493,0.09292776317287643,-90.70722368271235,0.110424735216004,0.193243286628007
1206641,KMMH08,KiK-net,41,-0.1618393036478525,4,-0.2578610445259899,0.5522541084750113,-44.77458915249887,0.30498460032752955,-69.50153996724704,0.1684289985524875,-83.15710014475125,0.09301560643694295,-90.6984393563057,0.11045082169500227,0.19328893796625396
1209711,NIGH15,KiK-net,234,-0.3678752759845696,3,-0.2572638778940183,0.5530139950892109,-44.69860049107891,0.3058244787645298,-69.41755212354703,0.16912521679764814,-83.08747832023519,0.09352861181159633,-90.64713881884036,0.11060279901784219,0.1935548982812238
1104191,HRS011,K-NET,20,-0.1139992636693537,0,-0.2572604391271041,0.55301837390091,-44.698162609909,0.30582932187200673,-69.41706781279933,0.16912923427287516,-83.08707657271248,0.09353157411669148,-90.64684258833086,0.11060367478018202,0.19355643086531849
1214291,YMNH10,KiK-net,152,-0.272691661947693,3,-0.2571934309306197,0.5531037068358923,-44.68962931641077,0.3059237105156047,-69.40762894843952,0.16920753829517138,-83.07924617048286,0.09358931665563548,-90.64106833443645,0.11062074136717846,0.19358629739256228
1200911,AKTH09,KiK-net,281,-0.280939744513699,1,-0.2571823215014956,0.5531178556341791,-44.688214436582086,0.30593936222135265,-69.40606377786473,0.16922052398596296,-83.07794760140371,0.09359889335640802,-90.6401106643592,0.11062357112683584,0.19359124947196268
1208361,MYZH09,KiK-net,42,-0.408988957080831,4,-0.2571112215578257,0.5532084160012755,-44.679158399872456,0.30603955153464024,-69.39604484653597,0.16930365553821905,-83.0696344461781,0.09366020710352373,-90.63397928964763,0.1106416832002551,0.1936229456004464
1212691,TCGH14,KiK-net,453,-0.2778295981487562,3,-0.2570191684280311,0.5533256865760005,-44.66743134239996,0.3061693154248023,-69.38306845751977,0.16941134666593277,-83.05886533340671,0.09373964970769208,-90.62603502923079,0.1106651373152001,0.19366399030160014
1100981,CHB024,K-NET,295,-0.285859438625721,3,-0.2568067741065039,0.5535963600040286,-44.64036399959714,0.30646892980971,-69.353107019029,0.16966008399698557,-83.03399160030145,0.09392320493870895,-90.6076795061291,0.11071927200080572,0.19375872600140998
1212381,SZOH40,KiK-net,92,-0.5942688461639143,3,-0.2566531997153968,0.5537921563155489,-44.62078436844511,0.3066857523966253,-69.33142476033747,0.16984016413098368,-83.01598358690163,0.0940561507230842,-90.59438492769158,0.11075843126310979,0.1938272547104421
1205171,ISKH06,KiK-net,44,-0.1641501086296215,3,-0.2565935248288498,0.5538682561879846,-44.61317438120154,0.306770045212719,-69.3229954787281,0.16991018999267787,-83.00898100073222,0.09410786063981365,-90.58921393601864,0.11077365123759693,0.19385388966579462
1106361,KOC008,K-NET,25,-0.0820996419077073,0,-0.2565462862673818,0.5539285041619826,-44.60714958380174,0.30683678772313155,-69.31632122768686,0.16996564284534205,-83.0034357154658,0.0941488143002501,-90.58511856997498,0.11078570083239653,0.19387497645669388
1101231,FKI001,K-NET,23,-0.4221935493762275,3,-0.2562742240207941,0.5542756194331251,-44.57243805668749,0.30722146229797453,-69.27785377020254,0.1702853663183603,-82.97146336816397,0.09438502689650577,-90.56149731034942,0.11085512388662502,0.19399646680159377
1108521,OKY013,K-NET,37,-0.2238558270300001,0,-0.2560912376057014,0.554509208122547,-44.5490791877453,0.3074804618926941,-69.2519538107306,0.1705007474372728,-82.94992525627272,0.09454423444574454,-90.54557655542554,0.1109018416245094,0.19407822284289145
1204061,HRSH16,KiK-net,29,-0.0339431927067978,0,-0.2560709594904989,0.5545350999185243,-44.546490008147565,0.30750917704164776,-69.24908229583522,0.17052463221665334,-82.94753677833467,0.09456189396483147,-90.54381060351685,0.11090701998370488,0.1940872849714835
1208621,NARH06,KiK-net,39,-0.1869340111113502,0,-0.2560665629624766,0.5545407137164158,-44.545928628358425,0.3075154031691118,-69.24845968308881,0.1705298111521906,-82.94701888478095,0.09456572318626137,-90.54342768137387,0.11090814274328316,0.19408924980074552
1210011,OITH06,KiK-net,24,-0.175831754106584,4,-0.2557984825244889,0.5548831251809806,-44.51168748190194,0.3078952826106118,-69.21047173893882,0.1708458966434575,-82.91541033565424,0.0947995050538685,-90.52004949461315,0.11097662503619612,0.1942090938133432
1202941,GIFH07,KiK-net,44,-0.1607098764414302,0,-0.2557853507486237,0.5548999034530946,-44.51000965469054,0.3079139028522537,-69.20860971477462,0.1708613949645811,-82.9138605035419,0.09481097156970712,-90.5189028430293,0.11097998069061893,0.19421496620858308
1203891,HRSH08,KiK-net,30,-0.0909075947978393,0,-0.2556559679431612,0.555065241040011,-44.4934758959989,0.3080974218108055,-69.19025781891945,0.1710141697012207,-82.89858302987794,0.09492402132646541,-90.50759786735347,0.1110130482080022,0.19427283436400383
1205321,IWTH04,KiK-net,524,-0.3308323357264544,1,-0.2555848128068935,0.5551561907992008,-44.48438092007992,0.3081983961826786,-69.18016038173214,0.1710982476351988,-82.89017523648012,0.09498625140957531,-90.50137485904247,0.11103123815984016,0.19430466677972025
1202421,FKSH01,KiK-net,272,-0.3541252674166517,1,-0.2554849399614721,0.5552838723757711,-44.471612762422886,0.3083401789206317,-69.16598210793683,0.1712163285600865,-82.87836714399135,0.09507366593680718,-90.49263340631927,0.11105677447515423,0.1943493553315199
1214471,YMTH03,KiK-net,343,-0.3154266177462267,1,-0.2554614294753647,0.555313933423477,-44.4686066576523,0.30837356465425386,-69.16264353457461,0.17124413715197262,-82.87558628480274,0.09509425537757128,-90.49057446224286,0.11106278668469541,0.19435987669821694
1102631,HKD040,K-NET,73,0.0821795169101579,2,-0.2551671348967197,0.5556903629458235,-44.430963705417646,0.30879177947086106,-69.1208220529139,0.17159261600884948,-82.84073839911505,0.09535236306878091,-90.46476369312191,0.11113807258916471,0.19449162703103823
1203561,GNMH12,KiK-net,329,-0.3397576659668556,3,-0.2549657363709582,0.5559481170232553,-44.40518829767447,0.3090783088217032,-69.09216911782968,0.1718315038021581,-82.8168496197842,0.09552940098408412,-90.44705990159159,0.11118962340465106,0.19458184095813935
1202071,EHMH13,KiK-net,49,-0.2132826157407538,4,-0.2548329367251653,0.5561181422139128,-44.38818577860872,0.3092673880994537,-69.07326119005464,0.17198920531721734,-82.80107946827826,0.09564631734185812,-90.43536826581419,0.11122362844278255,0.19464134977486947
1214501,YMTH04,KiK-net,452,-0.538649639679529,1,-0.2547714889207616,0.556196832268382,-44.3803167731618,0.3093549162253827,-69.06450837746173,0.17206222445120853,-82.79377755487914,0.09570046419281353,-90.42995358071865,0.11123936645367641,0.1946688912939337
1203871,HRSH07,KiK-net,68,-0.1082127706859169,0,-0.2544652053607752,0.5565892250746711,-44.34107749253289,0.30979156546922293,-69.0208434530777,0.17242664735918403,-82.7573352640816,0.09597081403587182,-90.40291859641282,0.11131784501493423,0.19480622877613488
1206711,KMMH11,KiK-net,57,-0.1583302533326116,4,-0.2544520863101602,0.5566060386258631,-44.33939613741369,0.3098102822347758,-69.01897177652242,0.17244227392025918,-82.75577260797408,0.09598241097839144,-90.40175890216085,0.11132120772517262,0.1948121135190521
1204451,HYMH03,KiK-net,24,-0.5690995261943691,2,-0.2541601610698639,0.5569803053531215,-44.30196946468785,0.31022706055125643,-68.97729394487435,0.17279036291464012,-82.72096370853599,0.09624082909827293,-90.3759170901727,0.1113960610706243,0.1949431068735925
1201031,AKTH15,KiK-net,251,-0.2973804142519773,1,-0.2540956819531043,0.557063005607884,-44.2936994392116,0.3103191922168894,-68.96808077831106,0.17286734191415112,-82.7132658085849,0.09629800105814276,-90.37019989418572,0.1114126011215768,0.1949720519627594
1206671,KMMH09,KiK-net,69,-0.4905654791573028,4,-0.2540762383405018,0.5570879461958798,-44.29120538041202,0.3103469797967434,-68.96530202032565,0.17289056158306199,-82.71094384169379,0.09631524786896027,-90.36847521310398,0.11141758923917595,0.1949807811685579
1214681,YMTH13,KiK-net,347,-0.3750417639131406,1,-0.2540624824553867,0.5571055917324236,-44.28944082675764,0.3103666403395338,-68.96333596604663,0.17290699082036026,-82.70930091796399,0.09632745143564954,-90.36725485643504,0.11142111834648472,0.19498695710634825
1213641,TYMH05,KiK-net,29,-0.2692422010126949,3,-0.2540568432802865,0.5571128256175143,-44.28871743824857,0.3103747004675309,-68.96252995324691,0.17291372637765576,-82.70862736223442,0.09633245469030952,-90.36675453096905,0.11142256512350286,0.19498948896613
1100791,CHB005,K-NET,206,-0.1851566823797395,3,-0.2539049995585798,0.557307644751874,-44.2692355248126,0.310591810898881,-68.9408189101119,0.1730951906112748,-82.69048093887253,0.09646727299744624,-90.35327270025537,0.11146152895037481,0.19505767566315588
1106741,MIE014,K-NET,31,-0.2314070341180984,0,-0.2539044995092723,0.5573082864396547,-44.26917135603453,0.3105925261343042,-68.94074738656958,0.17309578852087273,-82.69042114791273,0.09646771729048843,-90.35322827095116,0.11146165728793095,0.19505790025387912
1200831,AKTH05,KiK-net,196,-0.331219998385324,1,-0.253867061717416,0.5573563305475508,-44.264366945244916,0.3106460792014308,-68.93539207985692,0.1731405588026933,-82.68594411973066,0.09650098652322159,-90.34990134767784,0.11147126610951018,0.19507471569164278
1202691,FKSH14,KiK-net,574,-0.1867619675235901,3,-0.2535634849997201,0.5577460650773235,-44.22539349226765,0.311080673109238,-68.89193268907621,0.17350402134828263,-82.64959786517174,0.09677118518209657,-90.32288148179035,0.11154921301546471,0.1952111227770632
1211521,SMNH13,KiK-net,23,-0.1945930907315692,0,-0.2535362357666468,0.5577810612146457,-44.22189387853543,0.3111197122497363,-68.88802877502638,0.1735366832634531,-82.6463316736547,0.0967954753503587,-90.32045246496413,0.11155621224292914,0.19522337142512597
1201951,EHMH07,KiK-net,44,-0.264512117915689,0,-0.2534726208474918,0.5578627702795507,-44.213722972044934,0.3112108704639747,-68.87891295360254,0.17361295833814333,-82.63870416618566,0.09685220589494485,-90.31477941050552,0.11157255405591014,0.19525196959784272
1205861,KGSH02,KiK-net,32,-0.0592279156922684,4,-0.2534283759881209,0.5579196068689847,-44.20803931310153,0.3112742877288424,-68.87257122711577,0.17366602823809899,-82.6333971761901,0.09689168220109817,-90.3108317798902,0.11158392137379694,0.19527186240414462
1202111,FKIH02,KiK-net,23,-0.2662090792057158,0,-0.2532170576724546,0.558191144557423,-44.1808855442577,0.31157735386232593,-68.84226461376741,0.17391971977058493,-82.60802802294151,0.09708044743984907,-90.29195525601509,0.11163822891148462,0.19536690059509804
1101631,FKS014,K-NET,289,-0.139603599536793,3,-0.2531969766243731,0.5582169549759932,-44.17830450240068,0.31160616882267006,-68.839383117733,0.17394384671192614,-82.60561532880739,0.09709840444834235,-90.29015955516576,0.11164339099519865,0.1953759342415976
1110031,TKY029,K-NET,44,-0.4817843307126049,3,-0.2530049311845077,0.5584638536386763,-44.15361463613237,0.31188187582096094,-68.81181241790391,0.17417475425103296,-82.5825245748967,0.09727030446560128,-90.27296955343988,0.11169277072773527,0.19546234877353671
1107331,NGN004,K-NET,55,-0.133980666544114,3,-0.2528398945339478,0.5586761163363562,-44.13238836636438,0.31211900296467376,-68.78809970353262,0.17437343241107958,-82.56265675889203,0.09741827201166203,-90.2581727988338,0.11173522326727124,0.19553664071772464
1202271,FKOH03,KiK-net,49,-0.3540440272145157,4,-0.2528139213994244,0.5587095291574783,-44.12904708425217,0.3121563379713711,-68.78436620286288,0.1744047206115074,-82.55952793884927,0.09744157933569685,-90.25584206643032,0.11174190583149567,0.19554833520511739
1212831,TKCH01,KiK-net,216,-0.2611199608783258,2,-0.2527936058055109,0.5587356652975087,-44.126433470249125,0.3121855436754497,-68.78144563245503,0.17442919744176685,-82.55708025582331,0.09745981367993611,-90.25401863200639,0.11174713305950175,0.19555748285412805
1210251,OKYH07,KiK-net,27,-0.2266876193935637,0,-0.2527175791607245,0.5588334849062423,-44.11665150937577,0.31229486385245536,-68.77051361475446,0.1745208270849881,-82.5479172915012,0.09752808198862362,-90.24719180113763,0.11176669698124847,0.19559171971718478
1203731,HDKH07,KiK-net,299,0.0950369534261312,2,-0.2525144571947927,0.5590949155941779,-44.09050844058221,0.3125871246432609,-68.7412875356739,0.17476587206825073,-82.52341279317493,0.09771071049274153,-90.22892895072584,0.11181898311883559,0.19568322045796224
1210861,SBSH06,KiK-net,82,-0.1991021673780399,2,-0.2523834388171613,0.5592636093314235,-44.07363906685765,0.3127757847224111,-68.7224215277589,0.17492411427532392,-82.50758857246761,0.09782869150872005,-90.217130849128,0.1118527218662847,0.19574226326599822
1102021,GIF021,K-NET,41,-0.2740650840636547,3,-0.2522137369550874,0.559482185954133,-44.0517814045867,0.3130203164000151,-68.69796835999848,0.1751292908675348,-82.48707091324651,0.09798171847916555,-90.20182815208344,0.1118964371908266,0.19581876508394655
1203711,HDKH06,KiK-net,229,-0.1179447225488028,2,-0.2520141345100993,0.5597393839697844,-44.02606160302156,0.3133081779668737,-68.66918220331263,0.17537092652787348,-82.46290734721265,0.09816201438092222,-90.18379856190778,0.11194787679395689,0.19590878438942452
1206931,KNGH11,KiK-net,189,-0.1347101049284653,3,-0.2519640896216564,0.5598038879186271,-44.01961120813729,0.3133803929288108,-68.66196070711892,0.17543156235901536,-82.45684376409847,0.09820727067221587,-90.1792729327784,0.11196077758372543,0.19593136077151949
1204131,HYGH02,KiK-net,37,-0.2892283921361439,0,-0.2517473311999632,0.5600833584128022,-43.99166415871978,0.31369336837096345,-68.63066316290364,0.17569443526903353,-82.43055647309664,0.09840352935992099,-90.1596470640079,0.11201667168256045,0.19602917544448076
1207011,KNGH21,KiK-net,231,-0.2394247171050374,3,-0.2517426924286494,0.5600893407878956,-43.991065921210435,0.3137000696642195,-68.62999303357805,0.17570006522334963,-82.42999347766504,0.09840773370733616,-90.15922662926639,0.11201786815757914,0.19603126927576345
1205291,IWTH03,KiK-net,457,-0.3803008974037196,1,-0.2516173467422127,0.5602510166046708,-43.97489833953292,0.31388120160656713,-68.61187983934329,0.17585226229317485,-82.41477377068252,0.09852140872198244,-90.14785912780175,0.11205020332093417,0.19608785581163476
1200871,AKTH07,KiK-net,281,-0.2573330774609917,1,-0.2515121372142558,0.5603867560342586,-43.96132439657414,0.31403331633859966,-68.59666836614004,0.175980111429668,-82.4019888570332,0.098616923770619,-90.1383076229381,0.11207735120685172,0.1961353646119905
1206591,KMMH05,KiK-net,44,-0.6496662201274996,4,-0.251338439892927,0.5606109291479522,-43.93890708520478,0.3142846138801303,-68.57153861198697,0.17619138940424522,-82.38086105957547,0.09877481852178258,-90.12251814782174,0.11212218582959044,0.19621382520178327
1213991,YMGH06,KiK-net,27,-0.0590409598008755,4,-0.2513078369785053,0.5606504344455902,-43.93495655544098,0.314328909644029,-68.56710903559711,0.1762286397507335,-82.37713602492664,0.09880266343800413,-90.11973365619959,0.11213008688911803,0.19622765205595655
1211181,SITH09,KiK-net,188,-0.3211766597488211,3,-0.2511517908970639,0.5608519176013448,-43.91480823986552,0.31455487347710565,-68.54451265228944,0.1764187039804831,-82.35812960195169,0.09894476842819794,-90.10552315718022,0.11217038352026897,0.19629817116047066
1202791,FKSH19,KiK-net,568,-0.4403978243770474,1,-0.2511356082612582,0.5608728163965159,-43.912718360348414,0.3145783161725598,-68.54216838274402,0.17643842616897726,-82.35615738310227,0.098959517005963,-90.1040482994037,0.11217456327930318,0.19630548573878054
1206621,KMMH07,KiK-net,60,-0.1642830352723369,4,-0.2510174947694985,0.561025375682404,-43.89746243175961,0.3147494721595825,-68.52505278404175,0.1765824408641681,-82.3417559135832,0.0990672302247358,-90.09327697752641,0.1122050751364808,0.19635888148884137
1204041,HRSH15,KiK-net,51,-0.2187421641814724,0,-0.2509503723370732,0.5611120917233813,-43.88879082766187,0.31484677947818823,-68.51532205218118,0.17666433500537637,-82.33356649946236,0.0991284945477869,-90.0871505452213,0.11222241834467626,0.19638923210318343
1211001,SIGH03,KiK-net,37,-0.1579996518622781,0,-0.2506243521199404,0.5615334707047973,-43.84665292952027,0.31531983872177544,-68.46801612782245,0.17706264341951553,-82.29373565804845,0.09942660069152649,-90.05733993084735,0.11230669414095946,0.19653671474667905
1110781,YMN010,K-NET,128,-0.2106535187652074,3,-0.2504519308201623,0.5617564520159002,-43.824354798409985,0.3155703113814924,-68.44296886185076,0.17727365848322,-82.272634151678,0.09958462142541205,-90.04153785745879,0.11235129040318004,0.19661475820556507
1204281,HYGH09,KiK-net,40,-0.2909346487129192,0,-0.2504130844466853,0.5618067017377886,-43.81932982622114,0.3156267701174925,-68.43732298825074,0.1773212346998597,-82.26787653001402,0.09962025801480047,-90.03797419851995,0.11236134034755772,0.19663234560822598
1106873,MYG008,K-NET,174,-0.2630394126491476,1,-0.2502703015335301,0.5619914371849503,-43.80085628150498,0.3158343754692059,-68.41656245307941,0.1774962145823502,-82.25037854176497,0.09975135272802332,-90.02486472719767,0.11239828743699005,0.19669700301473259
1207751,MIEH03,KiK-net,44,-0.2590357037651171,0,-0.2502057814053465,0.5620749345689617,-43.792506543103826,0.31592823207070264,-68.40717679292973,0.17757534036962794,-82.2424659630372,0.09981064781931973,-90.01893521806804,0.11241498691379236,0.1967262270991366
1204741,IBRH19,KiK-net,416,-0.3152266651110507,3,-0.2500090150669902,0.5623296522534069,-43.76703477465931,0.31621463780343756,-68.37853621965624,0.17781686731344407,-82.21831326865559,0.0999916971611592,-90.00083028388408,0.11246593045068139,0.19681537828869242
1205411,IWTH09,KiK-net,419,-0.3664402071458527,1,-0.249937524782312,0.562422226342144,-43.7577773657856,0.3163187606836539,-68.3681239316346,0.17790470161748845,-82.20952983825116,0.10005755836044268,-89.99424416395573,0.11248444526842881,0.19684777921975039
1202721,FKSH16,KiK-net,290,-0.1842697261134239,1,-0.2495731970809115,0.5628942377926303,-43.710576220736975,0.3168499229401462,-68.31500770598538,0.1783529958680472,-82.16470041319528,0.10039387366717657,-89.96061263328234,0.11257884755852605,0.19701298322742058
1213241,TKYH13,KiK-net,272,-0.3632873573991246,3,-0.2495721283914398,0.5628956229354558,-43.71043770645442,0.31685148231989485,-68.31485176801051,0.17835431251847977,-82.16456874815202,0.10039486184831463,-89.96051381516854,0.11257912458709117,0.19701346802740952
1100861,CHB012,K-NET,417,-0.2689588564788653,3,-0.2494552511085064,0.5630471297290708,-43.695287027092924,0.31702207029614504,-68.2977929703855,0.1784983667410122,-82.15016332589879,0.10050299305485394,-89.9497006945146,0.11260942594581416,0.19706649540517476
1213011,TKCH11,KiK-net,159,-0.1408646652997373,2,-0.2494469334975511,0.5630579133149012,-43.69420866850988,0.3170342137465308,-68.29657862534692,0.17850862284155197,-82.1491377158448,0.10051069268588096,-89.9489307314119,0.11261158266298024,0.1970702696602154
1200971,AKTH12,KiK-net,162,0.0162965477406663,1,-0.2494330212262579,0.5630759507071319,-43.69240492928681,0.31705452626474045,-68.29454737352596,0.17852577880251805,-82.1474221197482,0.10052357262495898,-89.94764273750411,0.11261519014142639,0.19707658274749615
1110471,WKY012,K-NET,22,-0.360453453656322,0,-0.2492986196919941,0.5632502333336863,-43.67497666663137,0.31725082535045207,-68.2749174649548,0.1786916014039467,-82.13083985960533,0.10064808618554302,-89.9351913814457,0.11265004666673727,0.19713758166679018
1208641,NARH07,KiK-net,24,-0.0222257145230062,0,-0.2492422415063396,0.5633233567298742,-43.66766432701258,0.3173332042374131,-68.2666795762587,0.1787612058128663,-82.12387941871337,0.10070036251158375,-89.92996374884163,0.11266467134597485,0.19716317485545595
1202661,FKSH13,KiK-net,99,-0.298056938710226,3,-0.2492268538474651,0.56334331641524,-43.665668358476,0.31735569214972126,-68.26443078502787,0.17878020809887793,-82.1219791901122,0.10071463533982866,-89.92853646601714,0.11266866328304802,0.197170160745334
1201611,CHBH12,KiK-net,192,-0.0719202317628811,3,-0.2489788884257404,0.5636650555925784,-43.63349444074216,0.31771829489618447,-68.22817051038155,0.17908670035543706,-82.09132996445629,0.10094491491173886,-89.90550850882612,0.11273301111851569,0.19728276945740242
1211871,SRCH04,KiK-net,42,-0.0777114693851968,2,-0.2488835053759848,0.5637888655850025,-43.621113441499745,0.317857884957624,-68.2142115042376,0.17920473637750708,-82.07952636224928,0.10103363502973416,-89.89663649702658,0.11275777311700051,0.19732610295475086
1209231,NGNH35,KiK-net,63,-0.2761774201535749,3,-0.2488784007032833,0.5637954923662886,-43.620450763371146,0.3178653572125458,-68.21346427874542,0.17921105557583342,-82.07889444241665,0.1010383853158593,-89.89616146841406,0.11275909847325771,0.197328422328201
1110691,YMN001,K-NET,129,-0.4275058689328472,3,-0.2487905150829648,0.5639095958893694,-43.60904041106306,0.3179940323361119,-68.20059676638881,0.17931988626988793,-82.0680113730112,0.10112020460138017,-89.88797953986199,0.11278191917787389,0.19736835856127927
1201921,EHMH06,KiK-net,54,-0.2817792556209746,4,-0.2487392180364855,0.5639762064644174,-43.60237935355826,0.31806916145799513,-68.19308385420048,0.17938343907239837,-82.06165609276016,0.10116799147059218,-89.88320085294077,0.11279524129288349,0.19739167226254606
1206321,KKWH07,KiK-net,80,-0.1087348787513244,2,-0.2485727510207803,0.5641924225003125,-43.58075774996875,0.3183130896067712,-68.16869103932288,0.17958983313880328,-82.04101668611968,0.10132322301500833,-89.86767769849916,0.11283848450006251,0.1974673478751094
1204941,IBUH04,KiK-net,49,-0.6005428719189557,2,-0.2484293160712273,0.5643787897697262,-43.56212102302738,0.3185234183419408,-68.14765816580592,0.1797678613571408,-82.02321386428592,0.10145716803223505,-89.85428319677649,0.11287575795394525,0.19753257641940417
1200891,AKTH08,KiK-net,187,-0.1480990487916604,1,-0.2483086394785759,0.5645356344349342,-43.546436556506585,0.3187004825468536,-68.12995174531464,0.17991777910930767,-82.00822208906924,0.10156999757559734,-89.84300024244027,0.11290712688698684,0.19758747205222693
1109561,TCG010,K-NET,344,-0.3881942234336403,3,-0.2481625643739891,0.5647255481348177,-43.527445186518236,0.31891494471617027,-68.10850552838296,0.18009941696322435,-81.99005830367756,0.10170674196331794,-89.8293258036682,0.11294510962696354,0.19765394184718618
1211021,SIGH04,KiK-net,37,-0.2602087299309147,0,-0.2478465619837327,0.5651366046184428,-43.48633953815572,0.3193793818796622,-68.06206181203378,0.18049297946060933,-81.95070205393907,0.10200318956983509,-89.79968104301649,0.11302732092368857,0.197797811616455
1200811,AKTH04,KiK-net,455,-0.3863249740113151,1,-0.2477444475701663,0.5652694991872896,-43.47305008127103,0.31952960671144925,-68.04703932885508,0.18062034076129252,-81.93796592387075,0.10209916956517343,-89.79008304348267,0.11305389983745794,0.19784432471555136
1208351,MYZH09,KiK-net,42,-0.3375703803090173,4,-0.2476667524222976,0.5653706347713465,-43.46293652286535,0.3196439546617553,-68.03560453382447,0.1807173055479401,-81.928269445206,0.10217225775180629,-89.78277422481938,0.11307412695426931,0.19787972216997127
1107541,NGN025,K-NET,61,-0.2074200426335117,3,-0.2475602392338902,0.5655093121357462,-43.449068786425386,0.3198007821122448,-68.01992178877552,0.1808503203127692,-81.91496796872309,0.10227254023960347,-89.77274597603966,0.11310186242714924,0.19792825924751115
1200821,AKTH05,KiK-net,196,-0.297519245215801,1,-0.2475051990696636,0.5655809863087927,-43.44190136912073,0.3198818520740268,-68.01181479259732,0.1809190933983114,-81.90809066016887,0.10232439928630956,-89.76756007136905,0.11311619726175855,0.19795334520807745
1210781,SBSH02,KiK-net,47,-0.2347421917524882,2,-0.2474282526440667,0.5656812023893932,-43.43187976106068,0.31999522273670966,-68.00047772632904,0.18101528235656364,-81.89847176434364,0.10239694257431643,-89.76030574256836,0.11313624047787865,0.19798842083628762
1202501,FKSH05,KiK-net,287,-0.2182965628975991,3,-0.2470473872819977,0.5661775082002591,-43.38224917997409,0.3205569707918545,-67.94430292081455,0.18149214695915544,-81.85078530408445,0.10275677152324986,-89.72432284767503,0.11323550164005183,0.1981621278700907
1213821,WKYH07,KiK-net,28,-0.2973495517213588,0,-0.2469929319075118,0.5662485045922155,-43.375149540778445,0.32063736895292033,-67.93626310470798,0.18156043068597363,-81.84395693140264,0.10280832236905117,-89.71916776309489,0.11324970091844311,0.19818697660727544
1103471,HKD124,K-NET,87,-0.3233607049437572,2,-0.2468016201533318,0.5664979985716319,-43.35020014283681,0.3209199823856646,-67.90800176143354,0.18180052772312236,-81.81994722768776,0.10298963509441528,-89.70103649055847,0.11329959971432638,0.19827429950007114
1208731,NGNH10,KiK-net,153,-0.0718489305834057,3,-0.2466150603944086,0.5667414012336371,-43.32585987663629,0.3211958158722665,-67.88041841277335,0.18203496675782962,-81.79650332421704,0.10316675213385092,-89.6833247866149,0.11334828024672744,0.19835949043177298
1109291,SZO011,K-NET,46,-0.2283056539398032,3,-0.2464414493236847,0.5669680038146975,-43.30319961853025,0.32145271734962283,-67.8547282650377,0.18225340547652583,-81.77465945234742,0.10333184949145649,-89.66681505085435,0.1133936007629395,0.1984388013351441
1209131,NGNH30,KiK-net,123,-0.3090637875746996,3,-0.2463618236977761,0.567071963968176,-43.29280360318239,0.32157061231872436,-67.84293876812757,0.18235367868202798,-81.7646321317972,0.10340765870703932,-89.65923412929607,0.11341439279363522,0.1984751873888616
1203491,GNMH09,KiK-net,317,-0.3510705387011797,3,-0.2462073093604191,0.567273754092636,-43.2726245907364,0.32179951208235247,-67.82004879176475,0.18254841728413468,-81.74515827158653,0.10355492597644013,-89.64450740235598,0.11345475081852721,0.1985458139324226
1106621,MIE002,K-NET,41,-0.1333169809014637,0,-0.2461884284304854,0.5672984168255892,-43.27015831744107,0.32182749373282,-67.81725062671799,0.18257222768557602,-81.7427772314424,0.10357293572234828,-89.64270642776518,0.11345968336511786,0.1985544458889562
1206151,KGWH03,KiK-net,21,-0.086952164319408,0,-0.2460527091429292,0.567475728239468,-43.252427176053196,0.32202870214091456,-67.79712978590855,0.18274347226142623,-81.72565277385738,0.10370248500256186,-89.62975149974382,0.1134951456478936,0.1986165048838138
1202401,FKOH10,KiK-net,54,-0.192018762479607,4,-0.2459401711442141,0.5676227963244967,-43.237720367550324,0.3221956389072411,-67.78043610927588,0.18288558952008602,-81.7114410479914,0.10381002973084531,-89.61899702691547,0.11352455926489935,0.19866797871357386
1200641,AICH20,KiK-net,58,-0.336481613286739,3,-0.2458134820052031,0.5677884031561047,-43.221159684389534,0.3223836707585593,-67.76163292414408,0.18304570962360575,-81.69542903763943,0.10393123117176314,-89.60687688282368,0.11355768063122094,0.19872594110463662
1203351,GIFH28,KiK-net,74,-0.1089663252357607,3,-0.2457771939548235,0.5678358474499092,-43.216415255009075,0.3224375496491566,-67.75624503508433,0.183091599254701,-81.6908400745299,0.10396597342375231,-89.60340265762477,0.11356716948998186,0.1987425466074682
1102031,GIF022,K-NET,33,-0.3199976755613056,0,-0.2457750988935818,0.5678385867288887,-43.21614132711113,0.3224406605782616,-67.75593394217384,0.18309424900668936,-81.69057509933107,0.1039679795941457,-89.60320204058543,0.11356771734577774,0.198743505355111
1103501,HKD127,K-NET,147,-0.2401471297381224,2,-0.2457576689520356,0.5678613767766558,-43.21386232233442,0.32246654323467905,-67.75334567653209,0.18311629520565387,-81.68837047943461,0.10398467150572314,-89.60153284942768,0.11357227535533117,0.19875148187182953
1212941,TKCH06,KiK-net,156,-0.1021422771349092,2,-0.2449049378924866,0.5689774598892371,-43.10225401107629,0.3237353498620084,-67.62646501379916,0.18419811704083902,-81.5801882959161,0.10480457675027699,-89.5195423249723,0.11379549197784743,0.19914211096123297
1104051,HKD182,K-NET,71,-0.2242983747235833,2,-0.2449000763045777,0.5689838291836609,-43.10161708163391,0.32374259787250137,-67.62574021274986,0.18420430300736193,-81.57956969926381,0.10480926967723612,-89.51907303227638,0.11379676583673218,0.1991443402142813
1109862,TKY012,K-NET,26,-0.2116099481316074,3,-0.2448118723372992,0.5690993999078316,-43.090060009216835,0.3238741269754541,-67.61258730245459,0.18431657130740378,-81.56834286925962,0.10489445012411257,-89.51055498758875,0.11381987998156634,0.19918478996774105
1105173,IWT019,K-NET,69,-0.3294248923386352,1,-0.2442745855142664,0.5698038961438289,-43.01961038561711,0.32467648006068733,-67.53235199393126,0.1850019233248438,-81.49980766751563,0.10541481670459789,-89.45851832954021,0.11396077922876578,0.1994313636503401
1103801,HKD157,K-NET,155,-0.2972387350763589,2,-0.2441072248329943,0.5700235193469517,-42.99764806530483,0.32492681260868467,-67.50731873913153,0.1852159252533899,-81.47840747466101,0.10557743355203927,-89.44225664479607,0.11400470386939035,0.1995082317714331
1200401,AICH08,KiK-net,46,-0.4324945738483434,3,-0.2440525825938758,0.5700952433091091,-42.99047566908909,0.3250085864436723,-67.49914135563277,0.18528584916615498,-81.4714150833845,0.10563058126211401,-89.4369418737886,0.11401904866182183,0.19953333515818816
1203261,GIFH23,KiK-net,48,-0.1578769631792927,3,-0.2439147660440172,0.5702761828106859,-42.97238171893141,0.3252149246811269,-67.47850753188732,0.18546232584021777,-81.45376741597823,0.10576474723535102,-89.4235252764649,0.11405523656213719,0.19959666398374007
1109401,SZO022,K-NET,84,-0.3291620405576289,3,-0.2438564900878853,0.5703527106530007,-42.96472893469993,0.3253022145492256,-67.46977854507745,0.18553699984957484,-81.44630001504251,0.1058215307906304,-89.41784692093697,0.11407054213060015,0.19962344872855026
1211451,SMNH09,KiK-net,40,-0.0721976530093857,0,-0.243386015944055,0.5709709123850559,-42.90290876149441,0.32600778278982323,-67.39922172101768,0.1861409611841345,-81.38590388158656,0.10628107443953655,-89.37189255604633,0.11419418247701119,0.19983981933476958
1210231,OKYH06,KiK-net,35,-0.2034991251587682,0,-0.2430542295217363,0.5714072816820461,-42.85927183179539,0.3265062815592652,-67.34937184407347,0.18656806679789253,-81.34319332021074,0.10660635189765817,-89.33936481023417,0.11428145633640924,0.19999254858871612
1102201,GNM013,K-NET,161,-0.1214985361833818,3,-0.2430191938525004,0.5714533804580936,-42.85466195419064,0.32655896603698265,-67.34410339630173,0.1866132250607335,-81.33867749392665,0.10664075829914318,-89.33592417008568,0.11429067609161872,0.20000868316033274
1209621,NIGH10,KiK-net,300,-0.2769621816193808,3,-0.2430079365326588,0.5714681932570636,-42.85318067429365,0.32657589590449254,-67.34241040955075,0.1866277371938472,-81.33722628061528,0.10665181578582195,-89.33481842141781,0.11429363865141272,0.20001386763997223
1101972,GIF016,K-NET,22,-0.2988927132220069,3,-0.2430057566808181,0.5714710616313377,-42.85289383686624,0.32657917428204813,-67.34208257179519,0.18663054743364768,-81.33694525663523,0.10665395707474436,-89.33460429252557,0.11429421232626753,0.20001487157096817
1207571,KYTH03,KiK-net,34,-0.2416858455183169,0,-0.242891779445655,0.571621059483236,-42.83789405167639,0.3267506356447373,-67.32493643552627,0.18677754453406556,-81.32224554659344,0.10676597789423986,-89.32340221057602,0.11432421189664721,0.20006737081913262
1212861,TKCH02,KiK-net,178,-0.2404009361573079,2,-0.2428698423534155,0.5716499339477726,-42.83500660522274,0.3267836469824928,-67.32163530175073,0.18680585021275428,-81.31941497872457,0.10678755193517848,-89.32124480648214,0.11432998678955453,0.20007747688172042
1208551,NARH03,KiK-net,36,-0.3125824261293297,0,-0.24286268101531,0.5716593602987352,-42.83406397012648,0.32679442421715915,-67.32055757828408,0.1868150914971747,-81.31849085028253,0.10679459569942458,-89.32054043005753,0.11433187205974704,0.20008077610455732
1212921,TKCH05,KiK-net,224,-0.3224344826881565,2,-0.2428232637833438,0.5717112473319711,-42.82887526680289,0.3268537503258782,-67.31462496741219,0.1868659652939405,-81.31340347060595,0.10683337410209154,-89.31666258979085,0.11434224946639422,0.20009893656618988
1103151,HKD092,K-NET,169,-0.1977724910894993,2,-0.2427772951375323,0.5717717642941871,-42.82282357058129,0.3269229504440874,-67.30770495559126,0.18692531216367697,-81.3074687836323,0.10687861552706725,-89.31213844729328,0.11435435285883742,0.20012011750296546
1101001,CHB026,K-NET,229,-0.174064613855089,3,-0.2423730411786785,0.572304233894165,-42.769576610583506,0.32753213613318705,-67.2467863866813,0.18744802824542298,-81.25519717545771,0.10727730019996859,-89.27226998000314,0.114460846778833,0.2003064818629577
1204231,HYGH07,KiK-net,28,-0.4675503231221493,0,-0.241968603884213,0.5728374411840067,-42.71625588159933,0.3281427340222403,-67.18572659777597,0.18797244410042424,-81.20275558995758,0.10767765389159077,-89.23223461084092,0.11456748823680135,0.20049310441440232
1213661,TYMH06,KiK-net,50,-0.2073402748683136,3,-0.241925987980354,0.5728936546154711,-42.71063453845289,0.32820713949867075,-67.17928605013293,0.18802778761828323,-81.19722123817168,0.10771992641789992,-89.22800735821001,0.11457873092309423,0.2005127791154149
1203221,GIFH21,KiK-net,42,-0.104365802362963,3,-0.2418799578656361,0.572954377832702,-42.704562216729805,0.3282767190776586,-67.17232809223415,0.18808758333610057,-81.19124166638994,0.10776560428839199,-89.2234395711608,0.1145908755665404,0.20053403224144567
1102761,HKD053,K-NET,89,-0.3014030847241545,2,-0.241763748019423,0.5731077112318999,-42.68922887681001,0.32845244867346673,-67.15475513265332,0.18823863110776357,-81.17613688922364,0.10788101103959628,-89.21189889604038,0.11462154224637998,0.20058769893116493
1201861,EHMH03,KiK-net,43,-0.1534444038899787,0,-0.2417066812799156,0.5731830231197647,-42.68169768802353,0.32853877799271264,-67.14612220072873,0.18831284998193626,-81.16871500180638,0.10793772864494494,-89.2062271355055,0.11463660462395293,0.20061405809191762
1101081,EHM002,K-NET,24,-0.3350255551173886,0,-0.2415182940836815,0.5734317109808034,-42.65682890191967,0.3288239271583716,-67.11760728416284,0.18855806716185208,-81.14419328381479,0.10812517507185407,-89.1874824928146,0.11468634219616068,0.20070109884328116
1108481,OKY009,K-NET,36,-0.3440796529715041,0,-0.2414921201305936,0.5734662714636449,-42.65337285363551,0.3288635645064149,-67.11364354935851,0.18859216215773764,-81.14078378422623,0.10815124405986491,-89.18487559401352,0.11469325429272899,0.20071319501227572
1208671,NGNH07,KiK-net,65,-0.6834973107899861,3,-0.2414253581828218,0.5735544343801646,-42.644556561983535,0.32896468919715055,-67.10353108028495,0.18867915624351836,-81.13208437564816,0.10821776673857787,-89.17822332614222,0.11471088687603292,0.20074405203305762
1203811,HRSH04,KiK-net,44,-0.3045247198203624,0,-0.2413447708727904,0.5736608725220212,-42.63391274779787,0.3290867966627267,-67.09132033372734,0.1887842189090168,-81.12157810909832,0.10829811973773484,-89.17018802622651,0.11473217450440426,0.20078130538270741
1207721,MIEH02,KiK-net,47,-0.2849386006805363,0,-0.2413228245861995,0.5736898621697001,-42.63101378302999,0.32912005795628946,-67.08799420437106,0.18881284068622742,-81.11871593137727,0.10832001254915134,-89.16799874508486,0.11473797243394002,0.20079145175939503
1208121,MYGH12,KiK-net,159,-0.3303857978754734,1,-0.2408570501728079,0.5743054661223632,-42.56945338776368,0.3298267684180249,-67.01732315819751,0.18942131597594652,-81.05786840240535,0.10878569716507742,-89.12143028349226,0.11486109322447265,0.20100691314282712
1208051,MYGH08,KiK-net,647,-0.3704690298574929,1,-0.2408317184342248,0.5743389654663223,-42.56610345336777,0.32986524725292543,-67.01347527470746,0.18945446485053782,-81.05455351494622,0.10881108134523362,-89.11889186547664,0.11486779309326448,0.2010186379132128
1204901,IBUH02,KiK-net,148,-0.1125396767534807,2,-0.2407677934485594,0.5744235102023453,-42.557648979765474,0.3299623690731839,-67.00376309268161,0.18953814227770005,-81.04618577222999,0.10887516500438801,-89.11248349956121,0.11488470204046906,0.20104822857082083
1209051,NGNH26,KiK-net,56,-0.4609702828086648,3,-0.2406909658684107,0.5745251358822029,-42.54748641177971,0.3300791317604637,-66.99208682395363,0.18963875802655994,-81.03612419734401,0.10895223322374155,-89.10477667762584,0.11490502717644058,0.201083797558771
1209881,NMRH04,KiK-net,214,-0.5069862976823991,2,-0.2406721428091852,0.574550037315375,-42.5449962684625,0.3301077453790988,-66.98922546209012,0.18966341742565554,-81.03365825743445,0.10897112355927194,-89.10288764407281,0.114910007463075,0.20109251306038126
1106321,KOC004,K-NET,30,0.0297630153140031,0,-0.2406228489876248,0.574615254295014,-42.53847457049859,0.33018269046852367,-66.98173095314763,0.18972801064738262,-81.02719893526174,0.10902060908503289,-89.09793909149671,0.11492305085900281,0.2011153390032549
1205281,IWTH02,KiK-net,445,-0.3104019904226334,1,-0.2405280329145361,0.5747407191858825,-42.52592808141175,0.3303268942903055,-66.96731057096945,0.18985231679084918,-81.01476832091508,0.10911585709147865,-89.08841429085214,0.11494814383717651,0.20115925171505888
1107501,NGN021,K-NET,48,-0.1099313073456169,3,-0.2405062082140481,0.5747696024891693,-42.52303975108307,0.3303600959455577,-66.96399040544424,0.18988094102491204,-81.0119058975088,0.1091377929931581,-89.0862207006842,0.11495392049783387,0.20116936087120924
1110901,YMT011,K-NET,435,-0.0439670707156817,1,-0.240398861596166,0.5749116885652666,-42.50883114347334,0.33052344964896613,-66.94765503510338,0.190021794548104,-80.9978205451896,0.10924575076785266,-89.07542492321473,0.11498233771305333,0.20121909099784333
1203411,GNMH05,KiK-net,287,-0.2790383448926315,3,-0.240019082989064,0.575414652943189,-42.458534705681096,0.3311020228217307,-66.88979771782692,0.19052095555075405,-80.94790444492459,0.10962854951664189,-89.0371450483358,0.11508293058863782,0.20139512853011615
1108491,OKY010,K-NET,32,-0.3797393759413309,0,-0.2399084667229866,0.5755612316579973,-42.44387683420027,0.3312707313876709,-66.87292686123291,0.19066659016973345,-80.93334098302665,0.10974029747412238,-89.02597025258775,0.11511224633159947,0.20144643108029905
1203151,GIFH18,KiK-net,66,-0.2291176272302363,3,-0.2398085761392118,0.5756936297478469,-42.43063702521531,0.33142315533225103,-66.85768446677488,0.19079819927570807,-80.92018007242919,0.10984130789038538,-89.01586921096147,0.11513872594956938,0.2014927704117464
1210291,OKYH09,KiK-net,31,-0.2924576316038487,0,-0.2395412844313457,0.576048056301021,-42.3951943698979,0.33183136316818423,-66.81686368318158,0.1911508117727507,-80.88491882272493,0.11011205358205536,-88.98879464179447,0.1152096112602042,0.20161681970535733
1102071,GIF026,K-NET,39,-0.2575732700231999,3,-0.2394687050591882,0.5761443336008183,-42.38556663991817,0.331942293140331,-66.80577068596689,0.19124667127526349,-80.87533287247365,0.11018568597526143,-88.98143140247386,0.11522886672016366,0.2016505167602864
1211301,SMNH02,KiK-net,24,-0.1910125022226382,0,-0.2394649273727721,0.5761493451820829,-42.385065481791706,0.33194806795374293,-66.8051932046257,0.19125166198600657,-80.87483380139935,0.11018951981822275,-88.98104801817772,0.11522986903641659,0.20165227081372902
1101091,EHM003,K-NET,26,0.0011239921287275,0,-0.239342891994141,0.5763112640778363,-42.368873592216374,0.33213467310299355,-66.78653268970065,0.19141295330006514,-80.85870466999349,0.11031344107723239,-88.96865589227676,0.11526225281556726,0.2017089424272427
1203011,GIFH11,KiK-net,65,-0.2064846370888816,3,-0.2393194134426547,0.5763424210922748,-42.365757890772514,0.33217058635050506,-66.7829413649495,0.19144399995289063,-80.85560000471094,0.11033729843643834,-88.96627015635616,0.11526848421845498,0.20171984738229617
1108591,OSK005,K-NET,27,-0.153476647315816,0,-0.2393013123639497,0.5763664431265645,-42.36335568734355,0.3321982767623673,-66.78017232376328,0.1914679391902997,-80.85320608097003,0.11035569508388637,-88.96443049161135,0.1152732886253129,0.20172825509429756
1200501,AICH13,KiK-net,23,-0.0453596483317867,3,-0.2392708755253321,0.576406838268313,-42.35931617316871,0.3322448432024731,-66.77551567975269,0.1915081996012889,-80.84918003987111,0.11038663583463593,-88.96133641653641,0.11528136765366259,0.20174239339390954
1107271,NAR007,K-NET,39,-0.088033431907416,0,-0.2391848994326661,0.5765209592518432,-42.34790407481568,0.33237641645666544,-66.76235835433346,0.1916219704482869,-80.83780295517131,0.11047408221657472,-88.95259177834252,0.11530419185036865,0.2017823357381451
1207941,MYGH03,KiK-net,517,-0.334775908755609,1,-0.2391773169723826,0.5765310249690457,-42.34689750309543,0.3323880227518584,-66.76119772481415,0.19163200744456343,-80.83679925554365,0.11048179766888996,-88.95182023311101,0.11530620499380916,0.201785858739166
1204121,HYGH01,KiK-net,35,-0.3308809746081286,0,-0.2391652240894586,0.5765470786366483,-42.34529213633517,0.33240653388445357,-66.75934661155465,0.19164801603081574,-80.83519839691843,0.11049410376907637,-88.95058962309237,0.11530941572732967,0.20179147752282692
1207121,KOCH03,KiK-net,51,-0.2884619187845367,0,-0.2391177246344779,0.576610139925263,-42.3389860074737,0.33247925346463136,-66.75207465353687,0.19171090886248807,-80.8289091137512,0.11054245398439859,-88.94575460156014,0.1153220279850526,0.20181354897384204
1204501,IBRH07,KiK-net,394,0.0938031802961725,3,-0.2390807362044707,0.5766592513299776,-42.334074867002236,0.33253589214445034,-66.74641078555497,0.1917598986043649,-80.82401013956351,0.1105801195643055,-88.94198804356945,0.11533185026599553,0.20183073796549217
1109661,TKS004,K-NET,30,-0.1806977873472518,0,-0.2389021932969844,0.5768963705893351,-42.310362941066494,0.3328094223991474,-66.71905776008526,0.19199654788000112,-80.8003452119999,0.11076211163765413,-88.92378883623458,0.11537927411786703,0.20191372970626725
1210331,OKYH11,KiK-net,31,-0.3008326537021349,0,-0.2388421952128477,0.5769760747288439,-42.30239252711561,0.3329013908095045,-66.70986091904956,0.19207613774104074,-80.79238622589592,0.11082333600290245,-88.91766639970974,0.11539521494576879,0.20194162615509537
1107411,NGN012,K-NET,65,-0.1310538150798715,3,-0.2387629257579435,0.5770813967053445,-42.29186032946555,0.3330229384233912,-66.69770615766089,0.19218134244028856,-80.78186575597115,0.11090427751614983,-88.90957224838502,0.1154162793410689,0.20197848884687059
1101901,GIF009,K-NET,30,-0.2531870301607387,3,-0.2387283282195358,0.5771273710197956,-42.28726289802044,0.33307600238022084,-66.69239976197791,0.19222727760348002,-80.77727223965199,0.11093962336158886,-88.9060376638411,0.11542547420395913,0.20199457985692845
1107621,NGS008,K-NET,26,-0.7137618466753776,4,-0.2387129051375729,0.577147866884171,-42.2852133115829,0.3330996602489487,-66.69003397510514,0.19224775837252284,-80.77522416274772,0.11095538365796508,-88.90446163420349,0.1154295733768342,0.20200175340945983
1110911,YMT012,K-NET,153,-0.2970101368921298,1,-0.2386602298860446,0.5772178729608783,-42.27821270391217,0.3331804728654807,-66.68195271345193,0.1923177238595124,-80.76822761404875,0.11100922749886531,-88.89907725011346,0.11544357459217568,0.2020262555363074
1107601,NGS006,K-NET,22,-0.3148551439955632,4,-0.2386472327743618,0.5772351475930286,-42.276485240697134,0.33320041561674557,-66.67995843832544,0.1923349910865906,-80.76650089134094,0.11102251696717197,-88.89774830328281,0.11544702951860573,0.20203230165756
1203511,GNMH10,KiK-net,86,-0.4547292733822966,3,-0.2386269906499766,0.5772620526964782,-42.27379473035218,0.33323147748335163,-66.67685225166484,0.1923618867151198,-80.76381132848802,0.11104321758573747,-88.89567824142625,0.11545241053929566,0.20204171844376737
1102861,HKD063,K-NET,105,-0.0656514322233036,2,-0.2385231620052582,0.577400077710072,-42.25999222899281,0.33339084973959715,-66.66091502604029,0.19249990254747032,-80.75000974525297,0.11114945869009063,-88.88505413099094,0.1154800155420144,0.20209002719852517
1102901,HKD067,K-NET,134,-0.1021014224114555,2,-0.2384782859344459,0.5774597441037926,-42.25402558962074,0.33345975606041767,-66.65402439395824,0.1925595854035619,-80.74404145964381,0.11119540891187327,-88.88045910881267,0.11549194882075853,0.20211091043632742
1200541,AICH15,KiK-net,74,-0.3661990055417564,3,-0.238402901945906,0.5775599871388678,-42.24400128611322,0.33357553874384915,-66.64244612561508,0.1926598838667384,-80.73401161332616,0.1112726400482492,-88.87273599517508,0.11551199742777357,0.2021459954986037
1109221,SZO004,K-NET,70,-0.4664633188374472,3,-0.2382095259799914,0.57781721142721,-42.218278857279,0.3338727298215171,-66.61272701784829,0.19291740971705928,-80.70825902829407,0.11147099971847174,-88.85290002815283,0.115563442285442,0.20223602399952348
1206271,KKWH04,KiK-net,46,0.0983255573310399,2,-0.2378439524576639,0.5783038020054613,-42.16961979945387,0.33443528741397177,-66.55647125860283,0.19340519823628907,-80.65948017637109,0.1118469614676659,-88.8153038532334,0.11566076040109226,0.20240633070191144
1105282,KGS002,K-NET,27,-0.2517505001752165,4,-0.2376401365395859,0.5785752656951767,-42.14247343048233,0.3347493380742443,-66.52506619257557,0.19367768721759043,-80.63223127824095,0.1120571193411447,-88.79428806588552,0.11571505313903535,0.20250134299331182
1207921,MYGH02,KiK-net,225,-0.3274369266017267,1,-0.2375541807155821,0.5786897889912196,-42.131021100878044,0.33488187188270224,-66.51181281172978,0.1937927197767856,-80.62072802232144,0.1121458681156626,-88.78541318843374,0.11573795779824392,0.20254142614692686
1208721,NGNH09,KiK-net,43,-0.3209304883124174,3,-0.2374898159784222,0.5787755602316365,-42.12244397683635,0.3349811491214446,-66.50188508785554,0.19387890224980148,-80.61210977501985,0.11221237026672352,-88.77876297332764,0.1157551120463273,0.20257144608107275
1202561,FKSH08,KiK-net,474,-0.1327278359532203,3,-0.2374402535414424,0.5788416148680826,-42.11583851319174,0.3350576151030897,-66.49423848969103,0.1939452910001209,-80.6054708999879,0.11226360543857018,-88.77363945614299,0.11576832297361653,0.2025945652038289
1101841,GIF003,K-NET,36,-0.3827865316070456,3,-0.2371323466665363,0.5792521485398897,-42.07478514601103,0.33553305158807845,-66.44669484119215,0.1943582410385401,-80.564175896146,0.11258242870800812,-88.74175712919919,0.11585042970797794,0.2027382519889614
1107211,NAR001,K-NET,42,-0.1794785957726931,0,-0.2371076877477451,0.579285038981291,-42.0714961018709,0.33557115638755586,-66.44288436124441,0.19439135040896222,-80.56086495910377,0.11260800099928148,-88.73919990007185,0.11585700779625821,0.20274976364345185
1208661,NGNH03,KiK-net,95,-0.0646938566656346,3,-0.2370990061013842,0.5792966191379069,-42.07033808620931,0.33558457294460914,-66.44154270553908,0.19440300854165035,-80.55969914583497,0.11261700559841568,-88.73829944015843,0.11585932382758138,0.2027538166982674
1214671,YMTH13,KiK-net,347,-0.3469956475785736,1,-0.2370263904281811,0.5793934878128038,-42.06065121871963,0.3356968137198856,-66.43031862801145,0.19450054774880957,-80.54994522511905,0.11269235074168356,-88.73076492583164,0.11587869756256075,0.2027877207344813
1101941,GIF013,K-NET,32,-0.1906286820654017,3,-0.2368171524315997,0.5796727000667832,-42.03272999332168,0.3360204392027148,-66.39795607972852,0.19478187527026403,-80.5218124729736,0.11290973556198533,-88.70902644380146,0.11593454001335664,0.2028854450233741
1204011,HRSH14,KiK-net,49,-0.302238772079507,0,-0.2367301002558121,0.5797889042315426,-42.02110957684574,0.3361551734700129,-66.38448265299871,0.1948990396779429,-80.51009603220571,0.11300030065065446,-88.69996993493456,0.11595778084630853,0.2029261164810399
1201841,EHMH02,KiK-net,30,-0.3961270022625938,0,-0.2366937695204536,0.5798374082747729,-42.01625917252271,0.3362114200348057,-66.37885799651943,0.1949479584253628,-80.50520415746372,0.11303811896182055,-88.69618810381795,0.11596748165495459,0.20294309289617052
1103851,HKD162,K-NET,127,-0.3694874744890951,1,-0.236681837609372,0.579853339086072,-42.014666091392805,0.33622989484926713,-66.37701051507328,0.1949640272289064,-80.50359727710936,0.11305054219034924,-88.69494578096507,0.11597066781721439,0.20294866868012518
1107281,NAR008,K-NET,32,-0.4071334806347687,0,-0.236651335899939,0.5798940652290481,-42.01059347709519,0.3362771268878715,-66.37228731121286,0.1950051101545522,-80.49948898454477,0.1130823060679616,-88.69176939320384,0.11597881304580962,0.20296292283016681
1110811,YMT002,K-NET,164,-0.1054883352716294,1,-0.2366325679945355,0.5799191257181369,-42.008087428186315,0.33630619237368825,-66.36938076263117,0.19503039305494482,-80.49696069450552,0.1131018550288882,-88.68981449711117,0.11598382514362737,0.2029716940013479
1209211,NGNH34,KiK-net,85,-0.1091848793434769,3,-0.2365022170089752,0.5800932112252619,-41.99067887747381,0.33650813370963634,-66.34918662903637,0.19520608388704275,-80.47939161129572,0.11323772405274249,-88.67622759472576,0.11601864224505239,0.20303262392884167
1108031,NIG026,K-NET,54,-0.052209268624781,3,-0.2364272291725297,0.5801933821745892,-41.980661782541084,0.3366243607191889,-66.33756392808111,0.1953072263680251,-80.46927736319749,0.11331596022960258,-88.66840397703974,0.11603867643491783,0.2030676837611062
1107351,NGN006,K-NET,51,-0.2138319512975819,3,-0.2363465918545142,0.5803011191684845,-41.96988808315155,0.3367493889081956,-66.32506110918044,0.19541604726272915,-80.45839527372709,0.11340015093004319,-88.65998490699567,0.11606022383369691,0.20310539170896955
1208891,NGNH18,KiK-net,115,-0.195784654046857,3,-0.2360732980700739,0.5806664072525595,-41.933359274744056,0.33717347651159524,-66.28265234884047,0.19578531122684326,-80.42146887731568,0.11368595326291528,-88.63140467370847,0.1161332814505119,0.2032332425383958
1208881,NGNH17,KiK-net,134,-0.4129031246758504,3,-0.2358538477783476,0.580959893856527,-41.9040106143473,0.33751439826978713,-66.24856017302129,0.19608232899386513,-80.39176710061349,0.11391596903941649,-88.60840309605835,0.11619197877130541,0.20333596284978445
1100051,AIC005,K-NET,40,-0.2639126725198017,3,-0.2357154260476174,0.5811450914456019,-41.88549085543981,0.337729617311317,-66.2270382688683,0.19626990933627345,-80.37300906637266,0.11406129440924861,-88.59387055907514,0.11622901828912038,0.20340078200596065
1210101,OITH10,KiK-net,51,-0.1846214903117745,4,-0.2356289435217219,0.5812608283521442,-41.87391716478558,0.33786415057662084,-66.21358494233792,0.19638719603466023,-80.36128039653397,0.11415218424486152,-88.58478157551384,0.11625216567042884,0.20344128992325047
1204381,HYGH14,KiK-net,28,-0.2577727993558191,0,-0.235519780663626,0.5814069505599807,-41.85930494400193,0.33803404215945587,-66.19659578405441,0.19653534163739317,-80.34646583626068,0.11426701365866078,-88.57329863413392,0.11628139011199615,0.20349243269599324
1207231,KOCH09,KiK-net,24,0.0014473600351483,0,-0.235393136033973,0.5815765193847497,-41.84234806152502,0.3382312478996802,-66.17687521003198,0.19670735190065647,-80.32926480993436,0.11440037705577492,-88.55996229442252,0.11631530387694995,0.2035517817846624
1211101,SITH05,KiK-net,292,-0.3297316533143209,3,-0.2353843285138001,0.581588313913762,-41.8411686086238,0.33824496688105254,-66.17550331189474,0.1967193199781676,-80.32806800218324,0.11440965762036433,-88.55903423796356,0.1163176627827524,0.20355590986981667
1200281,ABSH14,KiK-net,189,-0.2610119265156959,2,-0.2353030360626659,0.5816971874240608,-41.83028125759392,0.338371617857063,-66.1628382142937,0.19682981841158265,-80.31701815884173,0.11449535177120626,-88.55046482287938,0.11633943748481218,0.20359401559842127
1209651,NIGH12,KiK-net,194,-0.3902504212235801,3,-0.2352647521539774,0.5817484674299573,-41.82515325700427,0.33843127935710415,-66.15687206428959,0.1968818780963551,-80.31181219036449,0.11453573084728626,-88.54642691527137,0.11634969348599147,0.20361196360048506
1207401,KSRH04,KiK-net,221,-0.2890987746534808,2,-0.235232985544572,0.5817910211647912,-41.82089788352088,0.3384807923079705,-66.15192076920296,0.19692508580152177,-80.30749141984782,0.11456924676143147,-88.54307532385685,0.11635820423295824,0.20362685740767691
1103071,HKD084,K-NET,198,0.0464569589174875,2,-0.2349480978560461,0.5821727885613475,-41.78272114386525,0.3389251557412954,-66.10748442587047,0.19731300303149893,-80.2686996968501,0.11487026119426133,-88.51297388057387,0.1164345577122695,0.2037604759964716
1101981,GIF017,K-NET,25,-0.2907055526142496,3,-0.234587518608117,0.5826563466157346,-41.734365338426535,0.3394884182515951,-66.05115817484048,0.19780508149682888,-80.21949185031711,0.11525238612696996,-88.474761387303,0.11653126932314693,0.2039297213155071
1201741,CHBH19,KiK-net,256,-0.2616856302067883,3,-0.234549599811701,0.5827072212937416,-41.729277870625836,0.3395477057478736,-66.04522942521265,0.19785690011300844,-80.21430998869916,0.11529264447864455,-88.47073555213555,0.11654144425874834,0.20394752745280956
1100082,AIC008,K-NET,23,-0.3033109174427588,3,-0.2345289836695322,0.5827348833077836,-41.726511669221644,0.3395799442237361,-66.04200557762638,0.19788507917088252,-80.21149208291175,0.11531453851899573,-88.46854614810043,0.11654697666155672,0.20395720915772422
1205341,IWTH05,KiK-net,499,-0.4054033693069176,1,-0.2341955856229708,0.5831824074466998,-41.68175925533002,0.3401017203553286,-65.98982796446714,0.19834134005358478,-80.16586599464152,0.11566918018865412,-88.43308198113459,0.11663648148933997,0.2041138426063449
1203941,HRSH10,KiK-net,43,-0.0920170614338585,0,-0.2341178868062528,0.5832867528586595,-41.67132471413405,0.3402234360603989,-65.97765639396012,0.19844782326608584,-80.15521767339142,0.11575198644474435,-88.42480135552556,0.1166573505717319,0.2041503635005308
1213921,YMGH02,KiK-net,21,-0.1221725197951712,4,-0.2340551557559717,0.5833710109712605,-41.66289890287395,0.3403217364416306,-65.96782635583693,0.1985338354434489,-80.1466164556551,0.11581888429464667,-88.41811157053533,0.11667420219425212,0.20417985383994117
1208821,NGNH14,KiK-net,65,-0.2210731858483704,3,-0.2339170070272552,0.5835566103430542,-41.64433896569458,0.3405383174750752,-65.94616825249248,0.1987233862376817,-80.12766137623183,0.11596634566875508,-88.40336543312449,0.11671132206861085,0.20424481362006894
1205791,IWTH28,KiK-net,341,-0.3635914966781177,1,-0.233890897371468,0.5835916946484697,-41.64083053515303,0.3405792660626727,-65.94207339373273,0.19875923104364723,-80.12407689563528,0.11599423647178882,-88.40057635282112,0.11671833892969395,0.20425709312696438
1200621,AICH19,KiK-net,69,-0.2756782810627238,3,-0.2338422168086462,0.5836571137721924,-41.63428862278076,0.34065562645688596,-65.9344373543114,0.1988260797280842,-80.11739202719158,0.11604625583673343,-88.39537441632666,0.11673142275443849,0.20427998982026735
1205581,IWTH17,KiK-net,491,-0.2627480045950295,1,-0.2338136181741779,0.5836955493193688,-41.63044506806312,0.34070049429523974,-65.92995057047602,0.19886536217104045,-80.11346378289595,0.11607682681302069,-88.39231731869793,0.11673910986387377,0.2042934422617791
1211861,SRCH04,KiK-net,42,0.0288243527779452,2,-0.2337652276508003,0.5837605902258374,-41.62394097741626,0.34077642670081804,-65.9223573299182,0.19893184798592134,-80.10681520140787,0.11612857299497799,-88.3871427005022,0.11675211804516748,0.20431620657904306
1213871,WKYH10,KiK-net,28,-0.2611816365718646,0,-0.2336529063357301,0.5839115873939977,-41.60884126060023,0.34095274189297825,-65.90472581070217,0.19908625674506492,-80.09137432549352,0.11624877220433985,-88.37512277956601,0.11678231747879955,0.2043690555878992
1208531,NARH02,KiK-net,21,-0.2973493112414441,0,-0.2336408349751461,0.583927817637702,-41.607218236229805,0.3409716962111293,-65.90283037888707,0.19910285844479023,-80.08971415552098,0.11626169761709466,-88.37383023829052,0.1167855635275404,0.20437473617319568
1204431,HYMH02,KiK-net,115,-0.4069726145004964,2,-0.2336079453499555,0.5839720408436001,-41.60279591563999,0.34102334448703936,-65.89766555129606,0.19914809845540646,-80.08519015445935,0.11629692148512591,-88.37030785148741,0.11679440816872003,0.20439021429526003
1207561,KYTH02,KiK-net,27,0.0308037837892865,0,-0.233507085566094,0.5841076772289071,-41.58923227710929,0.3411817785977491,-65.88182214022508,0.1992868962095585,-80.07131037904415,0.1164050060471235,-88.35949939528764,0.11682153544578143,0.20443768703011747
1210821,SBSH04,KiK-net,38,-0.6924947979276835,2,-0.233449129945024,0.5841856302848977,-41.581436971510236,0.34127285063136314,-65.87271493686369,0.19936669534520662,-80.06333046547934,0.1164671585780567,-88.35328414219433,0.11683712605697955,0.20446497059971416
1101021,CHB028,K-NET,257,-0.2336914029624454,3,-0.2333309541951926,0.5843446145027276,-41.56553854972724,0.3414586284983413,-65.85413715016587,0.1995295106384933,-80.04704893615067,0.11659399497596824,-88.34060050240318,0.11686892290054551,0.20452061507595465
1100371,AKT019,K-NET,134,-0.0592851348862925,1,-0.2331987370615683,0.5845225401614952,-41.54774598385048,0.34166659995684673,-65.83334000431533,0.19971182889511746,-80.02881711048826,0.11673606552607195,-88.3263934473928,0.11690450803229904,0.2045828890565233
1200561,AICH16,KiK-net,93,-0.3477241912648255,3,-0.233080971745566,0.5846810635099963,-41.531893649000374,0.3418519460271803,-65.81480539728197,0.19987435936613362,-80.01256406338663,0.11686275300257018,-88.31372469974298,0.11693621270199926,0.20463837222849868
1109421,SZO024,K-NET,44,-0.1012298390151672,3,-0.2330457997094002,0.584728416762483,-41.5271583237517,0.34190732136956,-65.809267863044,0.19992292670392428,-80.00770732960757,0.11690061640610758,-88.30993835938924,0.11694568335249661,0.20465494586686903
1102841,HKD061,K-NET,117,-0.6390079899357374,2,-0.2329994857449834,0.5847907766041481,-41.520922339585184,0.3419802524012827,-65.80197475987173,0.1999868973850287,-80.00131026149712,0.11695049303244501,-88.3049506967555,0.11695815532082963,0.20467677181145183
1107471,NGN018,K-NET,92,-0.2184434219275254,3,-0.2327805248329722,0.5850856884934145,-41.491431150658556,0.34232526287981285,-65.76747371201873,0.20028961212072438,-79.97103878792757,0.11718658560573296,-88.28134143942671,0.1170171376986829,0.20477999097269506
1203651,HDKH03,KiK-net,208,-0.1317755732752331,2,-0.2327790399969105,0.5850876888822077,-41.49123111177923,0.34232760368152315,-65.76723963184769,0.20029166647860672,-79.97083335213932,0.11718818824233397,-88.2811811757666,0.11701753777644155,0.2047806911087727
1211161,SITH08,KiK-net,331,-0.2250667267461819,3,-0.2327014814125036,0.585192186238282,-41.480781376171805,0.3424498948343401,-65.75501051656599,0.2003990026351772,-79.96009973648228,0.11727193047205058,-88.27280695279495,0.11703843724765639,0.20481726518339868
1101121,EHM006,K-NET,24,-0.2095719565277181,0,-0.2326095897282392,0.5853160192300956,-41.46839807699044,0.3425948423673656,-65.74051576326345,0.20052624934322855,-79.94737506567715,0.11737122601672009,-88.26287739832799,0.11706320384601912,0.20486060673053344
1210891,SBSH07,KiK-net,105,-0.1783971454274355,2,-0.2326054534261813,0.5853215939161325,-41.46784060838675,0.34260136830452187,-65.7398631695478,0.2005319789738507,-79.94680210261494,0.11737569756413066,-88.26243024358693,0.1170643187832265,0.20486255787064636
1200221,ABSH11,KiK-net,179,-0.0917298647767804,2,-0.2325116336956657,0.5854480533773445,-41.45519466226555,0.342749423203322,-65.7250576796678,0.2006619826105925,-79.93380173894074,0.11747716710620995,-88.25228328937901,0.11708961067546891,0.20490681868207056
1100462,AOM002,K-NET,198,-0.4435922620307204,1,-0.2324070191559564,0.585589095362461,-41.4410904637539,0.3429145886074254,-65.70854113925746,0.20080704372921268,-79.91929562707874,0.1175904150797998,-88.24095849202001,0.11711781907249219,0.20495618337686133
1210001,OITH05,KiK-net,37,-0.1956352868640156,4,-0.2323488480266928,0.5856675367469184,-41.43324632530816,0.343006463599203,-65.6993536400797,0.20088775062441677,-79.91122493755832,0.11765343407083138,-88.23465659291686,0.11713350734938369,0.20498363786142143
1205011,IKRH01,KiK-net,111,-0.2130195640324836,2,-0.2322447236363637,0.5858079704589177,-41.41920295410822,0.34317097825319626,-65.68290217468038,0.2010322942909063,-79.89677057090937,0.11776632031525569,-88.22336796847443,0.11716159409178356,0.2050327896606212
1207381,KSRH03,KiK-net,220,-0.3763097156042548,2,-0.2321104709387455,0.5859890882505261,-41.40109117494739,0.34338321154868284,-65.66167884513172,0.20121881505595018,-79.87811849440499,0.11791202997348749,-88.20879700265125,0.11719781765010523,0.2050961808876841
1209841,NMRH02,KiK-net,213,-0.5225892861544631,2,-0.231965828957143,0.5861842846954987,-41.38157153045013,0.3436120156239734,-65.63879843760265,0.20141996359131736,-79.85800364086826,0.11806921728116976,-88.19307827188302,0.11723685693909974,0.2051644996434245
1206071,KGSH12,KiK-net,63,-0.2982466253330642,4,-0.231788186754529,0.5864241043833086,-41.35758956166914,0.34389323020176565,-65.61067697982344,0.20166727952455338,-79.83327204754467,0.11826255377860456,-88.17374462213954,0.11728482087666173,0.205248436534158
1100871,CHB013,K-NET,204,-0.2155115172383005,3,-0.2316047044849919,0.5866719112575635,-41.33280887424365,0.34418393145860243,-65.58160685413976,0.2019230448929605,-79.80769551070395,0.11846257867429992,-88.15374213257002,0.1173343822515127,0.2053351689401472
1110891,YMT010,K-NET,278,-0.2778654081848297,1,-0.2314435029085728,0.5868897127603774,-41.31102872396226,0.3444395349439583,-65.55604650560417,0.20214801972657764,-79.78519802734223,0.11863859323241024,-88.13614067675898,0.11737794255207548,0.20541139946613207
1109851,TKY011,K-NET,66,-0.3110555484518933,3,-0.2313819940073,0.5869728395311801,-41.30271604688199,0.34453711434729645,-65.54628856527036,0.2022339283323115,-79.77660716676885,0.11870582316276204,-88.1294176837238,0.11739456790623602,0.205440493835913
1109361,SZO018,K-NET,97,-0.2986167035100674,3,-0.2313178088361742,0.5870595957251532,-41.29404042748468,0.3446389689329803,-65.53610310670197,0.20232361377292907,-79.7676386227071,0.11877601890718778,-88.12239810928122,0.11741191914503064,0.20547085850380362
1102871,HKD064,K-NET,139,-0.2055200139556136,2,-0.2313011508942226,0.5870821136078914,-41.29178863921086,0.34466540811830915,-65.53345918816909,0.2023468962856234,-79.76531037143766,0.11879424355336059,-88.12057564466394,0.11741642272157829,0.20547873976276199
1100211,AKT003,K-NET,120,-0.0233467549535191,1,-0.2312283762303404,0.5871804991162404,-41.281950088375964,0.34478093854239716,-65.52190614576028,0.20244864357909056,-79.75513564209095,0.11887389558217624,-88.11261044178238,0.11743609982324808,0.20551317469068411
1110361,WKY001,K-NET,24,-0.3080121828079873,0,-0.2312129443303789,0.5872013639259264,-41.279863607407364,0.3448054417964682,-65.51945582035317,0.20247022571196777,-79.75297742880323,0.11889079269245763,-88.11092073075424,0.11744027278518528,0.20552047737407422
1209031,NGNH25,KiK-net,124,-0.334132198655469,3,-0.2312074746861996,0.5872087593750543,-41.27912406249457,0.3448141270867905,-65.51858729132096,0.20247787578162654,-79.75221242183734,0.11889678223862529,-88.11032177613747,0.11744175187501088,0.205523065781269
1104491,HYG020,K-NET,31,-0.1902492771347508,0,-0.2311637600407907,0.5872678688404511,-41.27321311595489,0.3448835497724053,-65.51164502275947,0.2025390272729701,-79.74609727270298,0.11894466290361516,-88.10553370963848,0.11745357376809024,0.20554375409415787
1205441,IWTH10,KiK-net,375,-0.2859587269417181,1,-0.2310712231723026,0.5873930136946036,-41.260698630539636,0.3450305525372288,-65.49694474627712,0.20266853607155708,-79.73314639284429,0.11904608218414539,-88.09539178158546,0.11747860273892073,0.20558755479311125
1208381,MYZH10,KiK-net,76,-0.4301528168332154,4,-0.2310677282964858,0.58739774061144,-41.260225938855996,0.3450361056754246,-65.49638943245755,0.20267342890311443,-79.73265710968856,0.11904991421966274,-88.09500857803373,0.117479548122288,0.205589209214004
1208271,MYZH05,KiK-net,49,-0.315204162000422,4,-0.2308866156695135,0.5876427525518391,-41.235724744816096,0.34532400462670193,-65.46759953732982,0.20292714860105915,-79.7072851398941,0.11924866817142248,-88.07513318285775,0.11752855051036781,0.20567496339314367
1101911,GIF010,K-NET,62,-0.1611099984730607,3,-0.2304803404457377,0.5881927397296848,-41.180726027031525,0.3459706990707127,-65.40293009292873,0.2034974533525968,-79.65025466474032,0.11969572461547764,-88.03042753845224,0.11763854794593696,0.20586745890538966
1200181,ABSH09,KiK-net,158,-0.38227091655631,2,-0.2302980843304134,0.5884396326228004,-41.15603673771996,0.3462612012412563,-65.37387987587438,0.20375381404993442,-79.62461859500655,0.1198968194850378,-88.01031805149621,0.11768792652456009,0.20595387141798013
1104591,IBR003,K-NET,514,-0.3105622719197453,3,-0.2301673855639442,0.5886167472560322,-41.13832527439678,0.34646967515027166,-65.35303248497284,0.20393785320980704,-79.60621467901929,0.12004123579873478,-87.99587642012652,0.11772334945120644,0.20601586153961127
1205521,IWTH14,KiK-net,460,-0.3243263892419862,1,-0.2297849045206548,0.5891353675093929,-41.086463249060714,0.3470804812504274,-65.29195187495726,0.2044773868768075,-79.55226131231925,0.1204648604650283,-87.95351395349718,0.11782707350187858,0.2061973786282875
1214101,YMGH11,KiK-net,22,-0.0751587208211787,4,-0.2297641203695807,0.5891635625981974,-41.083643740180264,0.34711370349340004,-65.28862965066,0.2045067461768259,-79.5493253823174,0.12048792315290402,-87.9512076847096,0.11783271251963948,0.20620724690936906
1206141,KGWH03,KiK-net,21,-0.0686996822810173,0,-0.2297391353190151,0.5891974582737237,-41.080254172627626,0.3471536448362164,-65.28463551637836,0.2045420451679577,-79.54579548320423,0.12051565312306987,-87.94843468769301,0.11783949165474475,0.2062191103958033
1101961,GIF015,K-NET,36,-0.2260011480847217,3,-0.2296326085359579,0.5893419984666509,-41.065800153334905,0.34732399115666596,-65.2676008843334,0.20469261506368291,-79.5307384936317,0.12063395483299579,-87.93660451670043,0.11786839969333018,0.20626969946332782
1210211,OKYH05,KiK-net,40,-0.1957538506763835,0,-0.229483025778002,0.5895450187408624,-41.04549812591376,0.3475633291221638,-65.24366708778362,0.2049042293809626,-79.50957706190374,0.12080026775048155,-87.91997322495185,0.11790900374817248,0.20634075655930184
1104561,HYG027,K-NET,21,-0.4493872733602151,0,-0.2294472387361411,0.5895936008491709,-41.04063991508291,0.34762061416229145,-65.23793858377086,0.2049548896333457,-79.50451103666542,0.1208400913905687,-87.91599086094313,0.11791872016983418,0.2063577602972098
1206601,KMMH06,KiK-net,59,-0.3725215572977403,4,-0.2294238157483473,0.5896254005074894,-41.037459949251065,0.3476581129236172,-65.23418870763828,0.20498805407226575,-79.50119459277343,0.12086616348161058,-87.91338365183894,0.11792508010149788,0.20636889017762125
1102791,HKD056,K-NET,69,-0.3418209643530664,2,-0.2292500047506587,0.5898614244355037,-41.01385755644963,0.34793650003708143,-65.20634999629186,0.20523431952497656,-79.47656804750234,0.12105980805805398,-87.89401919419461,0.11797228488710075,0.20645149855242628
1104121,HRS004,K-NET,29,-0.0837680393691949,0,-0.2291420297655273,0.5900080949533957,-40.99919050466043,0.3481095521105352,-65.18904478894648,0.20538745367581668,-79.46125463241833,0.1211802602705974,-87.88197397294026,0.11800161899067914,0.20650283323368848
1203091,GIFH15,KiK-net,62,-0.1647567357639747,3,-0.22910201865079,0.5900624543110192,-40.993754568898076,0.34817369998754366,-65.18263000124563,0.2054442279411985,-79.45557720588015,0.12122492536301606,-87.8775074636984,0.11801249086220385,0.20652185900885672
1102721,HKD049,K-NET,31,-0.2103465855250819,2,-0.2287980969513902,0.5904755278245506,-40.95244721754494,0.34866134895968165,-65.13386510403183,0.20587599405898782,-79.41240059410121,0.12156473625838488,-87.84352637416151,0.11809510556491012,0.2066664347385927
1213231,TKYH12,KiK-net,292,-0.4086998115833138,3,-0.2287328156025566,0.5905642923329125,-40.943570766708746,0.34876618337867377,-65.12338166213263,0.20596885427667727,-79.40311457233227,0.1216378506685267,-87.83621493314733,0.11811285846658251,0.20669750231651937
1108121,OIT002,K-NET,50,-0.3197405940299809,4,-0.228625215746218,0.5907106273847083,-40.92893726152917,0.3489390453052356,-65.10609546947643,0.20612200237127687,-79.38779976287232,0.12175845733852929,-87.82415426614708,0.11814212547694165,0.20674871958464788
1200741,AKTH01,KiK-net,245,-0.2018248467726851,1,-0.2285818768961792,0.5907695781606714,-40.92304218393286,0.34900869448013766,-65.09913055198624,0.20618371921243758,-79.38162807875624,0.12180706882273008,-87.819293117727,0.11815391563213429,0.206769352356235
1208991,NGNH23,KiK-net,145,-0.2280001547795853,3,-0.2285419870204726,0.5908238427399216,-40.91761572600784,0.34907281314996763,-65.09271868500323,0.2062405408612985,-79.37594591387015,0.12185182888043221,-87.81481711195678,0.11816476854798433,0.20678834495897255
1103231,HKD100,K-NET,145,-0.0385621720724499,2,-0.2285152287953205,0.5908602463441832,-40.91397536558168,0.34911583070990887,-65.08841692900911,0.20627866573591092,-79.37213342640891,0.12188186325226975,-87.81181367477302,0.11817204926883665,0.20680108622046411
1102011,GIF020,K-NET,24,-0.2226849147792878,3,-0.2284906819536515,0.5908936434132511,-40.910635658674884,0.3491552978261864,-65.08447021738137,0.20631364604955407,-79.36863539504459,0.1219094220000929,-87.80905779999071,0.11817872868265022,0.2068127751946379
1212121,SZOH26,KiK-net,22,-0.326660212545225,3,-0.2283374923417875,0.5911021073426249,-40.889789265737505,0.34940170130489207,-65.05982986951079,0.20653208195042008,-79.34679180495799,0.12208154887475302,-87.7918451125247,0.11822042146852499,0.2068857375699187
1205921,KGSH05,KiK-net,69,-0.1524230211207988,4,-0.22829863977438,0.5911549904961879,-40.88450095038121,0.34946422278854805,-65.05357772114519,0.2065875193013218,-79.34124806986782,0.12212524300920392,-87.78747569907961,0.1182309980992376,0.20690424667366575
1214581,YMTH08,KiK-net,364,-0.2859204506855159,1,-0.2281922320763258,0.5912998487687573,-40.87001512312427,0.34963551115395525,-65.03644888460447,0.2067394248695209,-79.32605751304791,0.12224499065988757,-87.77550093401125,0.11825996975375147,0.20695494706906503
1214661,YMTH12,KiK-net,458,-0.1280972744456859,1,-0.2281617743278244,0.5913413190023679,-40.86586809976321,0.3496845555594602,-65.03154444405398,0.20678292631928796,-79.3217073680712,0.1222792883968172,-87.77207116031828,0.11826826380047357,0.20696946165082875
1204091,HRSH18,KiK-net,41,-0.2430649921934715,0,-0.2279648633002214,0.5916094965482608,-40.83905034517392,0.3500017964060866,-64.99982035939134,0.20706438656279175,-79.29356134372082,0.12250125748748769,-87.74987425125123,0.11832189930965216,0.20706332379189127
1203111,GIFH16,KiK-net,60,-0.1437331628498899,3,-0.2278698990143415,0.591738874006635,-40.8261125993365,0.3501548950106403,-64.98451049893596,0.20720026330150781,-79.27997366984923,0.12260845049991254,-87.73915495000875,0.11834777480132702,0.20710860590232225
1209601,NIGH09,KiK-net,225,-0.1687760788176794,3,-0.2277036915488861,0.5919653798565596,-40.803462014344035,0.3504230109487209,-64.9576989051279,0.20743829078673892,-79.2561709213261,0.12279628660236738,-87.72037133976326,0.11839307597131193,0.20718788294979584
1110871,YMT008,K-NET,320,0.0265908340669851,1,-0.2276701866552167,0.5920110504856361,-40.798894951436395,0.35047708389710636,-64.95229161028936,0.20748630660906833,-79.25136933909317,0.12283418633701931,-87.71658136629807,0.11840221009712722,0.20720386766997262
1101011,CHB027,K-NET,103,-0.2405852504321038,3,-0.2275093327113341,0.5922303600867934,-40.776963991320656,0.350736799408533,-64.9263200591467,0.20771698100940492,-79.2283018990595,0.1230163024593415,-87.69836975406585,0.11844607201735868,0.2072806260303777
1204421,HYMH01,KiK-net,75,-0.3963111829163721,2,-0.2273582120876859,0.5924364732154624,-40.75635267845376,0.35098097479597534,-64.90190252040247,0.20793393087385276,-79.20660691261472,0.12318764466873308,-87.6812355331267,0.11848729464309249,0.20735276562541186
1107081,MYZ008,K-NET,76,-0.2822696746502763,4,-0.2273186765783761,0.592490407457828,-40.7509592542172,0.35104488292954306,-64.8955117070457,0.20799072572291047,-79.20092742770896,0.12323250983101658,-87.67674901689834,0.1184980814915656,0.2073716426102398
1100761,CHB002,K-NET,356,-0.2922675449252893,3,-0.2273062733562633,0.5925073289140504,-40.74926710859496,0.35106493481686274,-64.89350651831373,0.20800854680372458,-79.19914531962753,0.1232465884579681,-87.6753411542032,0.1185014657828101,0.20737756511991765
1101261,FKI004,K-NET,36,-0.2418173106374645,3,-0.2272335246323019,0.5926065882053957,-40.73934117946043,0.3511825683844394,-64.88174316155606,0.2081131036875107,-79.18868963124893,0.12332919633709147,-87.66708036629085,0.11852131764107915,0.20741230587188847
1202211,FKIH07,KiK-net,34,-0.2924708247129439,0,-0.2272010944823556,0.5926508416759783,-40.73491583240217,0.35123502013924546,-64.87649798607545,0.20815973031160298,-79.1840269688397,0.12336603937221616,-87.66339606277839,0.11853016833519565,0.20742779458659238
1108341,OKN006,K-NET,53,-0.1857222923621913,4,-0.2271060441259323,0.592780564343319,-40.7219435656681,0.3513887974631838,-64.86112025368162,0.20829644966414634,-79.17035503358537,0.12347408698262241,-87.65259130173776,0.11855611286866381,0.20747319752016166
1210471,OSKH04,KiK-net,27,-0.2036057061121124,0,-0.2271038639863214,0.5927835400837129,-40.721645991628705,0.35139232539417886,-64.86076746058211,0.20829958660540934,-79.17004133945906,0.12347656634592849,-87.65234336540715,0.11855670801674259,0.2074742390292995
1101142,EHM008,K-NET,35,0.0199771385352017,0,-0.2271000602714915,0.5927887319282112,-40.72112680717888,0.35139848070105667,-64.86015192989434,0.20830505977627942,-79.16949402237205,0.12348089223901092,-87.6519107760989,0.11855774638564226,0.2074760561748739
1202991,GIFH10,KiK-net,52,-0.3719402581216546,3,-0.2267755679404507,0.5932318121066713,-40.67681878933287,0.351923982895365,-64.8076017104635,0.20877250209681456,-79.12274979031855,0.12385048973693713,-87.61495102630629,0.11864636242133426,0.20763113423733495
1105031,IWT005,K-NET,399,-0.4023301122122894,1,-0.2267075295048957,0.5933247576262451,-40.66752423737549,0.3520342680122425,-64.79657319877575,0.20887064674449643,-79.11293532555035,0.12392812585491542,-87.60718741450846,0.11866495152524903,0.2076636651691858
1207651,KYTH07,KiK-net,33,0.0820853249183368,0,-0.2264906820719991,0.5936210843863186,-40.63789156136814,0.35238599182798874,-64.76140081720112,0.20918375459147906,-79.08162454085209,0.12417588723659534,-87.58241127634047,0.11872421687726371,0.2077673795352115
1202221,FKOH01,KiK-net,45,-0.3937790895619164,4,-0.2264172725301947,0.5937214336581134,-40.62785663418866,0.3525051407850455,-64.74948592149545,0.20928985755875232,-79.07101424412477,0.12425987427988475,-87.57401257201153,0.11874428673162268,0.20780250178033965
1200591,AICH17,KiK-net,67,-0.2411580640277738,3,-0.2263286226685779,0.5938426387328953,-40.615736126710466,0.35264907957724806,-64.73509204227518,0.20941805996287977,-79.05819400371202,0.12436137332668022,-87.56386266733199,0.11876852774657908,0.20784492355651335
1205231,ISKH09,KiK-net,51,-0.2681858297821983,3,-0.2261115958060387,0.59413946961045,-40.586053038954994,0.3530017093489869,-64.69982906510131,0.20973224836418933,-79.02677516358106,0.12461020680330663,-87.53897931966934,0.11882789392209002,0.2079488143636575
1105231,IWT025,K-NET,341,-0.2119917934033437,1,-0.2260034618649223,0.5942874213898804,-40.57125786101196,0.3531775392222333,-64.68224607777667,0.20988896907720442,-79.01110309227955,0.12473437421107215,-87.52656257889278,0.1188574842779761,0.20800059748645813
1101281,FKI006,K-NET,30,-0.1779376477456882,0,-0.2259327664768004,0.5943841686463194,-40.56158313536806,0.35329253993737625,-64.67074600626236,0.20999149263962397,-79.00085073603759,0.12481561877540258,-87.51843812245974,0.11887683372926389,0.20803445902621176
1202031,EHMH11,KiK-net,51,-0.2438757932237011,4,-0.2259261463247944,0.5943932291886505,-40.560677081134955,0.35330331090531153,-64.66966890946885,0.21000109585204987,-78.99989041479502,0.12482322949665522,-87.51767705033447,0.1188786458377301,0.20803763021602764
1205761,IWTH26,KiK-net,546,-0.1358360807849859,1,-0.2256274727719712,0.5948021466498477,-40.519785335015236,0.3537895936592669,-64.62104063407331,0.21043480977090925,-78.95651902290908,0.12516707658158915,-87.48329234184109,0.11896042932996953,0.20818075132744668
1202751,FKSH17,KiK-net,560,-0.3349666808917974,1,-0.2255703948006132,0.5948803247810021,-40.51196752189979,0.3538826008115505,-64.61173991884495,0.21051779650512087,-78.94822034948791,0.1252328951571472,-87.47671048428528,0.11897606495620042,0.2082081136733507
1209431,NIGH01,KiK-net,205,-0.0368911186397815,3,-0.225375959850778,0.5951467141243956,-40.485328587560446,0.35419961133306505,-64.5800388666935,0.21080073482901168,-78.91992651709883,0.12545736466849433,-87.45426353315057,0.11902934282487912,0.20830134994353844
1104381,HYG009,K-NET,35,-0.2535679251255954,0,-0.225263807480239,0.5953004248822596,-40.469957511774034,0.3543825958649989,-64.56174041350012,0.21096410988931194,-78.9035890110688,0.12558702425201512,-87.44129757479848,0.11906008497645193,0.20835514870879088
1203481,GNMH08,KiK-net,298,-0.1894831806813905,3,-0.2252286678692327,0.5953485937458766,-40.465140625412346,0.3544399480751928,-64.55600519248073,0.21101532465392753,-78.89846753460725,0.12562767679154535,-87.43723232084545,0.11906971874917532,0.20837200781105678
1206341,KKWH08,KiK-net,194,-0.1095676013243846,2,-0.2251848243583328,0.5954086992531831,-40.459130074681696,0.3545115191463674,-64.54884808536325,0.2110792424852085,-78.89207575147915,0.12567841720746523,-87.43215827925349,0.11908173985063662,0.20839304473861406
1100961,CHB022,K-NET,183,-0.2034881487767469,3,-0.2251290317258051,0.5954851947050969,-40.45148052949031,0.35460261711296714,-64.53973828870329,0.21116060849445215,-78.88393915055478,0.12574301606336558,-87.42569839366344,0.11909703894101938,0.2084198181467839
1206301,KKWH06,KiK-net,35,-0.4381448778183023,2,-0.2251275157802094,0.5954872733056118,-40.45127266943882,0.3546050926689524,-64.53949073310477,0.21116281973371825,-78.88371802662817,0.12574477174675633,-87.42552282532436,0.11909745466112237,0.2084205456569641
1102091,GNM002,K-NET,256,-0.350006188054521,3,-0.2251150808296762,0.5955043238579586,-40.44956761420414,0.3546253997335244,-64.53746002664755,0.21118095889117075,-78.88190411088293,0.125759174136162,-87.4240825863838,0.11910086477159172,0.2084265133502855
1203801,HRSH03,KiK-net,44,-0.1385318409127624,0,-0.2250597507238718,0.5955801972977954,-40.441980270220455,0.3547157714132809,-64.5284228586719,0.21126168912296156,-78.87383108770385,0.12582327848931898,-87.4176721510681,0.11911603945955909,0.2084530690542284
1110541,YMG005,K-NET,22,-0.2598583555924907,4,-0.2249772801101579,0.595693306099225,-40.4306693900775,0.35485051493142494,-64.51494850685751,0.21138207641051293,-78.8617923589487,0.12591888794709746,-87.40811120529025,0.11913866121984501,0.20849265713472873
1106411,KOC013,K-NET,61,-0.2445624407437807,0,-0.2249427257054359,0.5957407039993576,-40.42592960006424,0.35490698640165025,-64.50930135983496,0.21143253793320957,-78.85674620667903,0.12595896899670114,-87.40410310032989,0.11914814079987153,0.20850924639977517
1103461,HKD123,K-NET,50,-0.0828275929891794,2,-0.2248671504890508,0.5958443828443634,-40.41556171556366,0.35503052856718026,-64.49694714328199,0.21154294618501965,-78.84570538149804,0.1260466762146914,-87.39533237853085,0.11916887656887268,0.20854553399552717
1109501,TCG004,K-NET,279,-0.3487825950753414,3,-0.2248194525604412,0.5959098271563916,-40.409017284360836,0.3551085221015605,-64.48914778984395,0.2116126580273026,-78.83873419726974,0.1261020624691545,-87.38979375308456,0.11918196543127833,0.20856843950473705
1107611,NGS007,K-NET,27,-0.4585310673014412,4,-0.2247561260293847,0.5959967259202043,-40.400327407979574,0.35521209730760306,-64.4787902692397,0.21170524700258042,-78.82947529974196,0.12617563407366608,-87.3824365926334,0.11919934518404085,0.2085988540720715
1108241,OIT014,K-NET,55,-0.2601826446937406,4,-0.2247561260293847,0.5959967259202043,-40.400327407979574,0.35521209730760306,-64.4787902692397,0.21170524700258042,-78.82947529974196,0.12617563407366608,-87.3824365926334,0.11919934518404085,0.2085988540720715
1110431,WKY008,K-NET,27,-0.1674940083971428,0,-0.2246346756333845,0.5961634196347954,-40.383658036520465,0.3554108229106531,-64.45891770893468,0.21188293156163163,-78.81170684383683,0.1263168530420276,-87.36831469579724,0.11923268392695907,0.20865719687217837
1214041,YMGH08,KiK-net,39,-0.1721318279710218,4,-0.2245925935979164,0.5962211891592201,-40.37788108407799,0.3554797064024345,-64.45202935975655,0.2119445332732299,-78.80554667267701,0.12636582166396101,-87.36341783360389,0.11924423783184401,0.20867741620572702
1108471,OKY008,K-NET,32,-0.2907029708066748,0,-0.2244838901161712,0.5963704414146236,-40.36295585853764,0.355657703393073,-64.4342296606927,0.2121037415650382,-78.78962584349618,0.12649240198283507,-87.35075980171649,0.11927408828292473,0.20872965449511824
1212261,SZOH34,KiK-net,182,-0.27865226758794,3,-0.2243648275547412,0.5965339597858864,-40.34660402141136,0.35585276517782954,-64.41472348221704,0.21227825911228784,-78.77217408877122,0.1266311904847075,-87.33688095152925,0.11930679195717729,0.20878688592506023
1210111,OITH11,KiK-net,44,-0.3305247971612803,4,-0.2242555298561876,0.5966841067406485,-40.33158932593515,0.35603192323688565,-64.39680767631144,0.21243859008775626,-78.75614099122437,0.12675873036375565,-87.32412696362444,0.11933682134812972,0.20883943735922697
1106902,MYG011,K-NET,320,-0.3215631865852504,1,-0.224072837944724,0.5969351628693766,-40.306483713062335,0.35633158866988923,-64.36684113301108,0.21270685491816405,-78.72931450818359,0.1269722010840071,-87.30277989159929,0.11938703257387534,0.2089273070042818
1106331,KOC005,K-NET,26,-0.137741371740514,0,-0.2240138752930863,0.5970162121824866,-40.298378781751346,0.3564283576087238,-64.35716423912761,0.21279350797398508,-78.72064920260149,0.1270411741076523,-87.29588258923478,0.11940324243649732,0.2089556742638703
1214271,YMNH09,KiK-net,107,-0.2789078947383637,3,-0.2239081485514782,0.5971615703789275,-40.28384296210725,0.35660194113742677,-64.33980588625732,0.21294897516979963,-78.70510248302004,0.12716494442298076,-87.28350555770193,0.1194323140757855,0.2090065496326246
1202361,FKOH08,KiK-net,54,-0.2211121790261752,4,-0.2237812730568675,0.5973360516144013,-40.26639483855987,0.3568103585582827,-64.31896414417173,0.21313569075632338,-78.68643092436767,0.12731363197449025,-87.26863680255097,0.11946721032288027,0.20906761806504043
1102161,GNM009,K-NET,371,-0.1288253793808274,3,-0.2237200673809158,0.5974202408792961,-40.257975912070386,0.3569109442122762,-64.30890557877238,0.21322582226375508,-78.6774177736245,0.12738542209849854,-87.26145779015015,0.11948404817585923,0.20909708430775364
1211321,SMNH03,KiK-net,28,0.010857346383362,0,-0.2236508698235441,0.5975154373800835,-40.24845626199165,0.3570246979075125,-64.29753020924875,0.2133277685256995,-78.66722314743004,0.12746663491595056,-87.25333650840494,0.1195030874760167,0.20913040308302921
1101461,FKO013,K-NET,45,-0.2882600896943463,4,-0.2233383310904963,0.5979455923499066,-40.205440765009335,0.3575389314106807,-64.24610685893192,0.21378882813051212,-78.62111718694878,0.12783408747429145,-87.21659125257085,0.11958911846998133,0.20928095732246732
1105691,KGW006,K-NET,36,0.0016193229245913,0,-0.2232069320159195,0.5981265326746232,-40.18734673253768,0.3577553490893671,-64.2244650910633,0.2139829664966226,-78.60170335033774,0.12798888980205494,-87.20111101979451,0.11962530653492465,0.20934428643611813
1204671,IBRH15,KiK-net,498,-0.3764060640351238,3,-0.2228878622844192,0.5985661288529514,-40.143387114704865,0.35828141061000796,-64.17185893899921,0.2144551169888072,-78.55448830111928,0.12836556918869713,-87.16344308113028,0.11971322577059028,0.20949814509853296
1206001,KGSH09,KiK-net,66,-0.3641893155306426,4,-0.2223427437479009,0.5993179098858616,-40.068209011413835,0.35918195710995776,-64.08180428900422,0.2152641798038531,-78.4735820196147,0.12901167831333954,-87.09883216866605,0.11986358197717234,0.20976126846005155
1104731,IBR017,K-NET,463,-0.3048465824059893,3,-0.2222313442966392,0.5994716586726274,-40.05283413273726,0.35936626955171114,-64.0633730448289,0.21542989367915877,-78.45701063208412,0.1291441156915131,-87.08558843084869,0.11989433173452549,0.20981508053541958
1107491,NGN020,K-NET,52,-0.0731165337051579,3,-0.2221536466417949,0.5995789170208274,-40.04210829791725,0.3594948777358683,-64.05051222641318,0.21554554946740667,-78.44544505325933,0.12923656711832687,-87.07634328816731,0.11991578340416549,0.2098526209572896
1203211,GIFH21,KiK-net,42,-0.0564134777662493,3,-0.2221055982637376,0.5996452553911658,-40.03547446088342,0.3595744323131364,-64.04255676868635,0.21561710229654413,-78.43828977034559,0.12929377237331433,-87.07062276266856,0.11992905107823315,0.20987583938690801
1210391,OKYH14,KiK-net,29,-0.2359830696956489,0,-0.222096109568166,0.5996583569010268,-40.03416430989732,0.3595901450012392,-64.04098549987609,0.21563123550924504,-78.4368764490755,0.12930507238201222,-87.06949276179878,0.11993167138020536,0.20988042491535935
1208521,NARH01,KiK-net,32,-0.2272767927684524,0,-0.22207684979342,0.5996849507018995,-40.03150492981005,0.35962204009833965,-64.03779599016603,0.21565992538768936,-78.43400746123106,0.12932801172449182,-87.06719882755081,0.11993699014037991,0.20988973274566483
1107941,NIG017,K-NET,72,-0.2147067125788369,3,-0.2220034428735272,0.5997863214250448,-40.02136785749551,0.3597436313685872,-64.02563686314127,0.2157693093146523,-78.42306906853477,0.12941548031025796,-87.05845196897421,0.11995726428500897,0.2099252124987657
1205451,IWTH11,KiK-net,390,-0.2313414951436205,1,-0.221996984522636,0.5997952408552639,-40.02047591447361,0.35975433095262405,-64.02456690473758,0.21577893558245348,-78.42210644175465,0.12942317863917016,-87.05768213608297,0.1199590481710528,0.20992833429934235
1100021,AIC002,K-NET,56,-0.2477121721979424,3,-0.221962833567332,0.599842407896764,-40.0157592103236,0.35981091431138784,-64.0189085688612,0.2158298452280791,-78.41701547719208,0.12946389405759687,-87.05361059424031,0.1199684815793528,0.2099448427638674
1109021,SMN004,K-NET,27,-0.1462897341274367,0,-0.2218990284119471,0.5999305412976038,-40.00694587023962,0.3599166543816359,-64.0083345618364,0.21592499328519743,-78.40750067148025,0.12953999810126995,-87.04600018987301,0.11998610825952077,0.2099756894541613
1205711,IWTH24,KiK-net,464,0.1557944465058076,1,-0.2218971675062658,0.5999331119416969,-40.006688805830315,0.35991973880404854,-64.00802611959516,0.21592776894995555,-78.40722310500445,0.12954221838077454,-87.04577816192256,0.11998662238833938,0.2099765891795939
1211911,SRCH06,KiK-net,91,-0.1864407499882374,2,-0.2217881354107789,0.6000837474638661,-39.99162525361339,0.360100503970277,-63.98994960297231,0.2160904598861106,-78.39095401138894,0.12967237295964745,-87.03276270403526,0.12001674949277322,0.2100293116123531
1101991,GIF018,K-NET,77,-0.386718317269366,3,-0.2217394146764749,0.6001510708170967,-39.98489291829033,0.36018130780290786,-63.98186921970921,0.21616319756621746,-78.38368024337825,0.12973057449061307,-87.02694255093868,0.12003021416341936,0.21005287478598383
1103021,HKD079,K-NET,185,-0.2244611393346375,2,-0.2216240794047113,0.6003104736686532,-39.96895263313468,0.36037266479628277,-63.962733520371714,0.2163354851010913,-78.36645148989088,0.12986845753237397,-87.0131542467626,0.12006209473373064,0.21010866578402862
1200251,ABSH13,KiK-net,201,-0.1719886637631137,2,-0.2216216991707029,0.600313763794087,-39.9686236205913,0.36037661500062285,-63.96233849993771,0.2163390421343965,-78.36609578656035,0.12987130463930713,-87.01286953606927,0.12006275275881739,0.21010981732793044
1102831,HKD060,K-NET,78,-0.1339734053415906,2,-0.2216143514129031,0.6003239204910712,-39.967607950892884,0.36038880951376995,-63.961119048623004,0.21635002302841624,-78.36499769715837,0.12988009402275238,-87.01199059772476,0.12006478409821425,0.2101133721718749
1210061,OITH08,KiK-net,51,-0.2432739968664214,4,-0.2211997684679446,0.6008972708351112,-39.91027291648888,0.36107753009708504,-63.892246990291504,0.21697050239522114,-78.30294976047789,0.13037698274101134,-86.96230172589887,0.12017945416702225,0.21031404479228893
1106731,MIE013,K-NET,40,-0.3814115726490015,0,-0.2210389570289611,0.6011198134909119,-39.888018650908805,0.3613450301713487,-63.865496982865125,0.2172116571424691,-78.27883428575308,0.13057023082953292,-86.9429769170467,0.12022396269818239,0.21039193472181916
1101632,FKS014,K-NET,138,-0.1959130550236721,3,-0.2206270016955456,0.601690283549888,-39.8309716450112,0.3620311973183446,-63.796880268165545,0.21783065376838018,-78.21693462316198,0.13106658783175415,-86.89334121682458,0.1203380567099776,0.21059159924246076
1107651,NGS011,K-NET,30,-0.1931416004862656,4,-0.2206144756881845,0.6017076378703422,-39.82923621296578,0.36205208147150686,-63.79479185284931,0.2178495027282611,-78.21504972717389,0.13108170969785066,-86.89182903021492,0.12034152757406845,0.21059767325461975
1202181,FKIH06,KiK-net,34,-0.113348574656648,0,-0.2205935850876615,0.6017365821391445,-39.82634178608555,0.3620869142844994,-63.79130857155006,0.21788094223886403,-78.2119057761136,0.13110693349607042,-86.88930665039297,0.12034731642782891,0.21060780374870056
1100351,AKT017,K-NET,167,-0.0508785933064636,1,-0.2205273067278827,0.6018284211072543,-39.81715788927457,0.3621974484524506,-63.78025515475494,0.2179807185312145,-78.20192814687856,0.13118699166546563,-86.88130083345344,0.12036568422145087,0.210639947387539
1207541,KYTH01,KiK-net,38,-0.311568729640631,0,-0.220518589923671,0.6018405006371164,-39.81594993628836,0.36221198820713485,-63.77880117928652,0.21799384431934732,-78.20061556806527,0.1311975244009656,-86.88024755990344,0.12036810012742327,0.21064417522299073
1109061,SMN008,K-NET,36,-0.1229574775598273,0,-0.2203626908998459,0.6020565825652349,-39.794341743476515,0.36247212861012945,-63.75278713898705,0.21822873102616083,-78.17712689738391,0.13138604401915824,-86.86139559808417,0.12041131651304698,0.21071980389783218
1104341,HYG005,K-NET,31,-0.3075375849220609,0,-0.2200562396334629,0.6024815617438743,-39.75184382561257,0.3629840322413379,-63.70159677586621,0.2186911866328501,-78.13088133671499,0.1317574076621806,-86.82425923378194,0.12049631234877488,0.210868546610356
1104201,HRS012,K-NET,47,-0.1761320762044955,0,-0.2200502755801854,0.60248983552343,-39.751016447656994,0.3629940019090498,-63.70059980909502,0.21870019650617506,-78.12998034938249,0.13176464542194724,-86.82353545780528,0.12049796710468602,0.2108714424332005
1211281,SMNH01,KiK-net,20,-0.2944317183074688,0,-0.2199375520707131,0.6026462353537283,-39.73537646462717,0.3631824849860213,-63.681751501397876,0.21887055732323768,-78.11294426767623,0.13190151740062156,-86.80984825993785,0.12052924707074567,0.2109261823738049
1201471,AOMH18,KiK-net,242,-0.2880093488886434,1,-0.2199224862637283,0.6026671416966013,-39.733285830339874,0.3632076836807513,-63.67923163192487,0.2188933365661217,-78.11066634338783,0.1319198214847367,-86.80801785152633,0.12053342833932026,0.21093349959381044
1207301,KOCH12,KiK-net,32,-0.1535915551652048,0,-0.2198668872660943,0.6027443009406722,-39.72556990593278,0.3633006923164596,-63.669930768354035,0.2189774218215467,-78.10225781784533,0.13198739303761886,-86.80126069623812,0.12054886018813445,0.21096050532923527
1110191,TTR007,K-NET,31,-0.1658979139105568,0,-0.2197144949588311,0.6029558387703351,-39.70441612296649,0.36355574350723835,-63.64442564927617,0.2192080582661797,-78.07919417338202,0.13217277863710086,-86.78272213628992,0.12059116775406703,0.21103454356961726
1106031,KNG010,K-NET,152,0.0170568465023053,3,-0.2196516881573463,0.6030430433462671,-39.695695665373286,0.3636609121283278,-63.633908787167215,0.21930318319594622,-78.06968168040538,0.13224925901000736,-86.77507409899926,0.12060860866925344,0.21106506517119347
1211231,SITH11,KiK-net,334,-0.3959894266053205,3,-0.2196443217455509,0.6030532721224716,-39.694672787752836,0.3636732490176198,-63.632675098238025,0.21931434280348605,-78.06856571965139,0.1322582320510317,-86.77417679489683,0.12061065442449433,0.21106864524286506
1107341,NGN005,K-NET,48,-0.3713923853069595,3,-0.2193068546194197,0.6035220548315859,-39.64779451684141,0.3642388706681398,-63.57611293318601,0.21982619167517203,-78.0173808324828,0.1326699549056019,-86.73300450943981,0.12070441096631719,0.21123271919105507
1110401,WKY005,K-NET,29,-0.1999994039513742,0,-0.2191713979338628,0.6037103230483064,-39.62896769516936,0.3644661541550905,-63.553384584490956,0.2200319796651435,-77.99680203348565,0.13283557752460218,-86.71644224753979,0.12074206460966129,0.21129861306690723
1204891,IBUH02,KiK-net,148,-0.0811634540585639,2,-0.2191241627720597,0.6037759879526461,-39.62240120473539,0.36454544362819385,-63.545455637180616,0.22010378538024838,-77.98962146197516,0.13289338047007665,-86.71066195299233,0.12075519759052922,0.21132159578342613
1107981,NIG021,K-NET,66,-0.1869793488848279,3,-0.2191032707073464,0.603805033752096,-39.61949662479039,0.36458051878436987,-63.54194812156302,0.22013555244995311,-77.9864447550047,0.13291895467708026,-86.70810453229197,0.12076100675041922,0.2113317618132336
1212341,SZOH38,KiK-net,184,-0.2982593137781698,3,-0.2188601861386493,0.6041430918597768,-39.58569081402232,0.3649888754418907,-63.50111245581094,0.22050550770388677,-77.94944922961132,0.13321687919633599,-86.67831208036641,0.12082861837195535,0.21145008215092187
1207071,KOCH01,KiK-net,32,-0.1562064669453006,0,-0.2188273839007429,0.6041887244769779,-39.581127552302206,0.36504401478511755,-63.49559852148825,0.22055547767097522,-77.94445223290248,0.1332571327304371,-86.6742867269563,0.12083774489539559,0.21146605356694226
1108051,NIG028,K-NET,134,-0.0693389010274046,3,-0.218825663387194,0.6041911180532009,-39.58088819467991,0.365046907134377,-63.4953092865623,0.22055809896338222,-77.94419010366178,0.13325924440837444,-86.67407555916256,0.12083822361064019,0.21146689131862031
1208391,MYZH11,KiK-net,36,-0.1374549000657376,4,-0.218735299769483,0.6043168451298071,-39.56831548701929,0.36519884930764324,-63.48011506923568,0.22069581645863082,-77.93041835413692,0.13337019953562673,-86.66298004643733,0.12086336902596143,0.21151089579543247
1104091,HRS001,K-NET,34,-0.1180945493758115,0,-0.2184456962989991,0.6047199601316801,-39.528003986832,0.36568623018166074,-63.43137698183392,0.22113776253615824,-77.88622374638418,0.13372641894447454,-86.62735810555255,0.12094399202633602,0.211651986046088
1100191,AKT001,K-NET,182,-0.3362860085198424,1,-0.2184375328144396,0.6047313272308731,-39.52686727691269,0.3656999781344133,-63.430002186558674,0.221150233145525,-77.8849766854475,0.13373647400751038,-86.62635259924896,0.12094626544617462,0.21165596453080557
1209351,NGSH03,KiK-net,47,-0.1158680443092945,4,-0.2184272950091427,0.6047455829831716,-39.52544170168284,0.3657172201376561,-63.428277986234384,0.22116587349913175,-77.88341265008683,0.1337490851052148,-86.62509148947852,0.12094911659663432,0.21166095404411006
1204961,IBUH05,KiK-net,192,-0.3233604221044316,2,-0.2183851226049714,0.6048043099864345,-39.519569001356544,0.36578825337816717,-63.42117466218329,0.2212303121855255,-77.87696878144746,0.13380104630945025,-86.61989536905497,0.12096086199728691,0.21168150849525208
1107291,NAR009,K-NET,35,-0.2686805610129834,0,-0.2183576097003311,0.6048426260394526,-39.51573739605474,0.3658346022743011,-63.41653977256989,0.22127236153568697,-77.8727638464313,0.13383495622119607,-86.6165043778804,0.12096852520789053,0.2116949191138084
1107251,NAR005,K-NET,39,-0.1482302724853874,0,-0.2182864382916134,0.6049417546975601,-39.50582453024399,0.3659545265765629,-63.40454734234371,0.22138117344674085,-77.86188265532591,0.13392271552187632,-86.60772844781238,0.12098835093951202,0.211729614144146
1109721,TKS010,K-NET,35,-0.1140251576264118,0,-0.2182863307794632,0.6049419044544636,-39.505809554553636,0.3659547077649934,-63.40452922350066,0.2213813378594318,-77.86186621405682,0.1339228481353617,-86.60771518646384,0.12098838089089273,0.21172966655906225
1101111,EHM005,K-NET,35,-0.0967827806573403,0,-0.2181852416409683,0.6050827309587092,-39.491726904129074,0.3661251113044497,-63.38748886955503,0.22153598222065782,-77.84640177793422,0.13404759712769568,-86.59524028723044,0.12101654619174185,0.21177895583554823
1106571,KYT012,K-NET,30,-0.3430259339806571,0,-0.2180146359990825,0.6053204747268157,-39.46795252731843,0.36641287712349757,-63.35871228765024,0.22179721672641392,-77.82027832735861,0.13425839652191932,-86.57416034780807,0.12106409494536315,0.2118621661543855
1208031,MYGH07,KiK-net,299,-0.0284024681951143,1,-0.2179844865271826,0.605362498576749,-39.463750142325104,0.3664637546830844,-63.35362453169155,0.22184341417276873,-77.81565858272313,0.13429568349642385,-86.57043165035762,0.1210724997153498,0.21187687450186213
1107242,NAR004,K-NET,33,-0.2823805382453783,0,-0.2179578806684778,0.6053995855836861,-39.46004144163139,0.36650865822489886,-63.349134177510116,0.22188418980218663,-77.81158101978134,0.13432859655381574,-86.56714034461844,0.12107991711673723,0.21188985495429014
1108421,OKY003,K-NET,29,-0.2659395938008357,0,-0.2177902425045577,0.6056333156193454,-39.43666843806546,0.36679171298808166,-63.320828701191836,0.22214128127867122,-77.78587187213289,0.13453616071673127,-86.54638392832688,0.12112666312386909,0.21197166046677088
1103281,HKD105,K-NET,161,-0.2633451261816982,2,-0.2177664870144393,0.6056664440847807,-39.43335559152194,0.36683184149030273,-63.31681585096973,0.22217773701250357,-77.78222629874965,0.1345655999311666,-86.54344000688334,0.12113328881695613,0.21198325542967322
1108141,OIT004,K-NET,55,-0.3467202386946796,4,-0.2177375366015053,0.6057068196336883,-39.429318036631166,0.36688075135075743,-63.31192486492425,0.2222221730854853,-77.77778269145146,0.1346014857116963,-86.53985142883037,0.12114136392673767,0.2119973868717909
1214721,YMTH15,KiK-net,446,-0.2675620262323404,1,-0.2176695293711687,0.6058016761660568,-39.419832383394315,0.366995670845604,-63.3004329154396,0.2223265925439534,-77.76734074560466,0.13468582241941493,-86.53141775805851,0.12116033523321137,0.21203058665811989
1207191,KOCH07,KiK-net,53,-0.2687353977303788,0,-0.2176444741124599,0.6058366270028783,-39.41633729971217,0.3670380186182247,-63.29619813817753,0.2223650751814849,-77.7634924818515,0.13471690711119227,-86.52830928888078,0.12116732540057568,0.2120428194510074
1106681,MIE008,K-NET,51,-0.150029097683142,0,-0.2175618603296516,0.605951883397649,-39.4048116602351,0.36717768499315806,-63.28223150068419,0.22249200976319283,-77.75079902368071,0.13481945235693482,-86.51805476430651,0.12119037667952981,0.21208315918917717
1105121,IWT014,K-NET,469,-0.2650722670401584,1,-0.2174147695078524,0.606157147474429,-39.384285252557106,0.3674264874343366,-63.25735125656634,0.2227181915297466,-77.72818084702534,0.13500222366833473,-86.49977763316653,0.1212314294948858,0.2121550016160501
1108841,SIG012,K-NET,41,-0.1996270742580108,0,-0.2173359950008971,0.6062671052639566,-39.373289473604345,0.36755980292513735,-63.24401970748627,0.2228394177308134,-77.71605822691866,0.13510020872636583,-86.48997912736341,0.12125342105279131,0.2121934868423848
1207431,KSRH06,KiK-net,260,-0.243836945149058,2,-0.2173242653333356,0.6062834798851607,-39.371652011483924,0.3675796579816601,-63.24203420183399,0.2228574741761181,-77.71425258238818,0.13511480496191422,-86.48851950380858,0.12125669597703215,0.21219921795980626
1110571,YMG008,K-NET,39,-0.2679387901245977,4,-0.2172311506439086,0.6064134837251913,-39.35865162748087,0.3677373132437229,-63.22626867562771,0.22300086521986792,-77.6999134780132,0.13523073155171197,-86.47692684482881,0.12128269674503828,0.21224471930381694
1105481,KGS022,K-NET,47,-0.4241300321938705,4,-0.2172311506439086,0.6064134837251913,-39.35865162748087,0.3677373132437229,-63.22626867562771,0.22300086521986792,-77.6999134780132,0.13523073155171197,-86.47692684482881,0.12128269674503828,0.21224471930381694
1210851,SBSH05,KiK-net,40,-0.6436890835944143,2,-0.2168955462828907,0.6068822754606286,-39.311772453937145,0.36830609626827027,-63.16939037317297,0.22351844176930916,-77.64815582306909,0.13564938054837236,-86.43506194516276,0.12137645509212572,0.21240879641121999
1212881,TKCH03,KiK-net,219,-0.2245398420431507,2,-0.2168636732653994,0.6069268163885131,-39.30731836114869,0.3683601604514959,-63.16398395485041,0.22356765946718826,-77.64323405328118,0.1356892078078518,-86.43107921921482,0.12138536327770262,0.21242438573597958
1209421,NGSH06,KiK-net,35,-0.3426885038273233,4,-0.2167874979889332,0.6070332807227755,-39.29667192772245,0.36848940390505597,-63.15105960949441,0.22368533176406605,-77.6314668235934,0.1357844407903035,-86.42155592096965,0.1214066561445551,0.21246164825297142
1206441,KKWH13,KiK-net,94,-0.3586085782710048,2,-0.2167527683593904,0.6070818258570201,-39.291817414297995,0.36854834328589325,-63.14516567141067,0.22373900115857992,-77.62609988414201,0.13582788133877663,-86.41721186612233,0.12141636517140403,0.212478639049957
1204601,IBRH12,KiK-net,460,-0.1202708739260543,3,-0.2167252046110421,0.6071203572738387,-39.28796427261613,0.3685951282163136,-63.140487178368645,0.2237816059320847,-77.62183940679152,0.13586236854480066,-86.41376314551994,0.12142407145476775,0.21249212504584356
1202081,FKIH01,KiK-net,47,-0.3206515642663146,3,-0.2167185711030528,0.6071296306325059,-39.28703693674941,0.3686063883919631,-63.139361160803695,0.22379186043319454,-77.62081395668055,0.1358706695633667,-86.41293304366333,0.12142592612650119,0.21249537072137706
1105841,KMM013,K-NET,43,-0.2101607484347196,4,-0.2165204680491911,0.6074066354635517,-39.259336453644835,0.36894282080515195,-63.1057179194848,0.22409831746368938,-77.59016825363106,0.13611880502366247,-86.38811949763375,0.12148132709271034,0.21259232241224307
1103271,HKD104,K-NET,91,-0.2284381649769032,2,-0.2164849353117848,0.6074563337773058,-39.25436662226942,0.36900319744616555,-63.09968025538344,0.22415332947275102,-77.5846670527249,0.13616335972549384,-86.3836640274506,0.12149126675546117,0.212609716822057
1202851,GIFH03,KiK-net,70,-0.0837272874800996,3,-0.2163885417853714,0.6075911762846992,-39.240882371530084,0.36916703749902435,-63.08329625009756,0.22430263455956986,-77.56973654404301,0.13628430157580607,-86.37156984241939,0.12151823525693983,0.2126569116996447
1109111,SMN013,K-NET,26,-0.0452222798160865,0,-0.2163846138578926,0.6075966715994435,-39.24033284005565,0.369173715338722,-63.0826284661278,0.22430872068180793,-77.56912793181921,0.13628923209699575,-86.37107679030042,0.1215193343198887,0.21265883505980523
1104651,IBR009,K-NET,359,-0.0611838791929594,3,-0.2161559871232021,0.6079166144478146,-39.20833855521854,0.3695626101216929,-63.04373898783071,0.22466325077167723,-77.53367492283228,0.1365765227999584,-86.34234772000416,0.12158332288956293,0.21277081505673512
1107661,NGS012,K-NET,38,-0.2928188914284224,4,-0.21585633092092,0.6083362118680862,-39.166378813191386,0.370072946670013,-62.992705332998696,0.225128774492096,-77.4871225507904,0.1369539858570263,-86.30460141429737,0.12166724237361724,0.21291767415383014
1211141,SITH07,KiK-net,339,-0.3298020404210109,3,-0.2158391983573803,0.6083602107094648,-39.16397892905352,0.3701021459744644,-62.98978540255356,0.22515541950905024,-77.48445804909497,0.13697559845490373,-86.30244015450963,0.12167204214189296,0.21292607374831266
1203671,HDKH04,KiK-net,225,-0.3021597987581719,2,-0.2157977792631995,0.6084182333911189,-39.15817666088811,0.37017274672277,-62.982725327723,0.22521984861060582,-77.47801513893941,0.13702786241628004,-86.297213758372,0.12168364667822379,0.2129463816868916
1110451,WKY010,K-NET,27,-0.1792616655611949,0,-0.2157756100993138,0.6084492917359862,-39.155070826401385,0.3702105406140232,-62.978945938597676,0.22525434122979895,-77.47456587702011,0.13705584438172733,-86.29441556182726,0.12168985834719724,0.21295725210759514
1202061,EHMH13,KiK-net,49,-0.1516267802635583,4,-0.2157207788215849,0.608526115549364,-39.147388445063605,0.37030403330559786,-62.96959666944022,0.2253396749597178,-77.46603250402822,0.13712507708239335,-86.28749229176067,0.1217052231098728,0.21298414044227737
1213051,TKSH02,KiK-net,28,-0.1797562816322161,0,-0.215663175442808,0.6086068337867826,-39.13931662132174,0.3704022781319724,-62.95977218680275,0.22542935772131095,-77.45706422786891,0.13719784764535506,-86.2802152354645,0.12172136675735652,0.2130123918253739
1211501,SMNH12,KiK-net,22,-0.0642319838482852,0,-0.2155111058713624,0.608819976687692,-39.1180023312308,0.3706617640140019,-62.9338235985998,0.22566628652602344,-77.43337134739765,0.13739014330197163,-86.26098566980284,0.12176399533753841,0.2130869918406922
1109341,SZO016,K-NET,84,-0.2786213575031243,3,-0.2150199639291921,0.6095088782984664,-39.04911217015336,0.37150107272465477,-62.84989272753452,0.22643320212308135,-77.35667978769186,0.13801304703556924,-86.19869529644308,0.12190177565969329,0.21332810740446326
1209771,NIGH18,KiK-net,103,-0.1933597005830504,3,-0.2148370492961291,0.60976564318692,-39.02343568130801,0.37181413961115817,-62.818586038884185,0.22671948798598912,-77.3280512014011,0.13824575441478582,-86.17542455852141,0.121953128637384,0.21341797511542196
1214641,YMTH11,KiK-net,274,-0.0790938644596381,1,-0.2148288703949895,0.6097771267771639,-39.02228732228361,0.3718281443406134,-62.81718556593866,0.22673229751090382,-77.32677024890961,0.13825616892378403,-86.1743831076216,0.12195542535543279,0.21342199437200735
1102041,GIF023,K-NET,62,-0.2467060555860671,3,-0.2147785376574852,0.6098478012432751,-39.01521987567249,0.37191434068125717,-62.808565931874284,0.22681114291530702,-77.3188857084693,0.13832027680437423,-86.16797231956258,0.12196956024865502,0.21344673043514628
1105131,IWT015,K-NET,296,-0.1451059632033758,1,-0.2143537669658773,0.6104445672783252,-38.95554327216748,0.3726425697196217,-62.73574302803784,0.2274776322219776,-77.25223677780224,0.1388624847672431,-86.1137515232757,0.12208891345566504,0.2136555985474138
1205261,IWTH01,KiK-net,390,-0.1155351751549271,1,-0.2143296745584857,0.6104784325189891,-38.95215674810109,0.372683916570842,-62.7316083429158,0.22751549321320533,-77.24845067867948,0.1388933016705823,-86.11066983294177,0.12209568650379783,0.2136674513816462
1100081,AIC008,K-NET,24,-0.339976049833131,3,-0.2142937206869145,0.6105289741966903,-38.94710258033097,0.3727456283336629,-62.725437166633704,0.22757200610285197,-77.2427993897148,0.13893930344185715,-86.10606965581428,0.12210579483933806,0.21368514096884159
1213651,TYMH06,KiK-net,50,-0.11242256654437,3,-0.2142100241370594,0.6106466457192363,-38.93533542807637,0.37288932592815455,-62.71106740718455,0.22770361610253462,-77.22963838974654,0.13904644939115346,-86.09535506088466,0.12212932914384728,0.2137263260017327
1100271,AKT009,K-NET,73,-0.0226001006293721,1,-0.214078837403673,0.6108311307689667,-38.916886923103334,0.3731146703164945,-62.68853296835055,0.22791005597591452,-77.20899440240855,0.13921455720538636,-86.07854427946137,0.12216622615379334,0.21379089576913832
1101851,GIF004,K-NET,47,-0.4602865896114966,3,-0.2140752873210359,0.6108361239474319,-38.91638760525681,0.3731207703191224,-62.68792296808776,0.22791564510601273,-77.20843548939872,0.1392191092435353,-86.07808907564647,0.12216722478948638,0.21379264338160117
1206251,KKWH03,KiK-net,24,-0.2456402091765937,2,-0.2138609522474577,0.6111376610918404,-38.88623389081596,0.3734892408048052,-62.651075919519485,0.22825334106841583,-77.17466589315842,0.13949421299694978,-86.05057870030502,0.12222753221836809,0.21389818138214414
1211421,SMNH08,KiK-net,23,-0.1546369595918453,0,-0.2137869680718804,0.6112417802307641,-38.87582197692359,0.37361651389967376,-62.63834861003262,0.22837002307964863,-77.16299769203513,0.13958929945854512,-86.04107005414548,0.12224835604615283,0.21393462308076744
1100091,AIC009,K-NET,79,-0.3017103778507841,3,-0.2137223753702574,0.6113326970988929,-38.86673029011071,0.3737276665422068,-62.627233345779324,0.22847194236772295,-77.1528057632277,0.1396723687390829,-86.03276312609171,0.1222665394197786,0.2139664439846125
1109301,SZO012,K-NET,105,-0.1843550382803304,3,-0.2136202271016862,0.6114765025663438,-38.85234974336562,0.3739035131907678,-62.60964868092322,0.2286332125431595,-77.13667874568405,0.1398038371763987,-86.01961628236013,0.12229530051326876,0.21401677589822032
1205131,ISKH04,KiK-net,36,-0.2477623932876814,3,-0.2133950617469232,0.6117936123325274,-38.820638766747265,0.3742914240908828,-62.57085759091172,0.22898910240964715,-77.10108975903529,0.1400940701479811,-85.99059298520189,0.12235872246650548,0.21412776431638458
1213941,YMGH03,KiK-net,40,-0.2277533169747068,4,-0.2131649250222151,0.6121178934256721,-38.788210657432785,0.3746883154518825,-62.53116845481175,0.22935342234562003,-77.064657765438,0.1403913337361694,-85.96086662638307,0.12242357868513443,0.21424126269898525
1214091,YMGH11,KiK-net,22,-0.0173781820567252,4,-0.2130882557977395,0.612225964674283,-38.7774035325717,0.37482063182135644,-62.51793681786435,0.22947492289665422,-77.05250771033458,0.14049050603896085,-85.95094939610391,0.12244519293485662,0.21427908763599904
1210091,OITH10,KiK-net,51,-0.14253788358378,4,-0.2130882557977395,0.612225964674283,-38.7774035325717,0.37482063182135644,-62.51793681786435,0.22947492289665422,-77.05250771033458,0.14049050603896085,-85.95094939610391,0.12244519293485662,0.21427908763599904
1207501,KSRH09,KiK-net,262,-0.0802445717792075,2,-0.2129925722389521,0.6123608648748428,-38.76391351251572,0.37498582883026543,-62.50141711697346,0.22962664645831107,-77.03733535416889,0.14061437182352113,-85.93856281764789,0.12247217297496855,0.21432630270619496
1109292,SZO011,K-NET,135,-0.0677252214595351,3,-0.212841980322354,0.6125732382529706,-38.742676174702936,0.3752459722237307,-62.47540277762693,0.22986564034647497,-77.0134359653525,0.14080953967013288,-85.91904603298671,0.12251464765059412,0.2144006333885397
1107391,NGN010,K-NET,76,-0.0241966288301544,3,-0.2127039895042072,0.6127679055036024,-38.72320944963976,0.3754845060152718,-62.451549398472814,0.2300848543000329,-76.99151456999671,0.14098861425753267,-85.90113857424673,0.12255358110072048,0.21446876692626082
1212221,SZOH32,KiK-net,94,-0.2485767521832945,3,-0.2126275129429518,0.6128758196276426,-38.71241803723574,0.3756167702842547,-62.43832297157452,0.23020643595385054,-76.97935640461495,0.14108795811877456,-85.89120418812254,0.12257516392552853,0.21450653686967489
1103821,HKD159,K-NET,248,-0.2120468995979585,2,-0.2124386378647597,0.613142417865095,-38.685758213490494,0.3759436245854548,-62.40563754145452,0.23050698295929337,-76.94930170407066,0.14133360886644938,-85.86663911335506,0.12262848357301902,0.21459984625278325
1105051,IWT007,K-NET,498,-0.2793362012423962,1,-0.2123357977258838,0.6132876260598858,-38.67123739401141,0.3761217122781704,-62.387828772182964,0.23067079203265853,-76.93292079673415,0.14146754244706278,-85.85324575529371,0.12265752521197718,0.21465066912096004
1101871,GIF006,K-NET,40,-0.2596149673302599,3,-0.2122388205889272,0.6134245873186468,-38.65754126813532,0.37628972432705216,-62.37102756729478,0.23082536885756932,-76.91746311424306,0.14159395663412888,-85.8406043365871,0.12268491746372936,0.21469860556152637
1211081,SITH04,KiK-net,281,-0.2765019742691956,3,-0.212195270095733,0.6134861038332314,-38.65138961667686,0.3763651995964784,-62.36348004035216,0.23089481991886004,-76.910518008114,0.14165076346729705,-85.8349236532703,0.1226972207666463,0.21472013634163098
1201231,AOMH06,KiK-net,320,-0.3944605114836775,1,-0.2121758663302708,0.6135135142814414,-38.64864857185586,0.37639883220596443,-62.36011677940356,0.23092577031811182,-76.90742296818883,0.14167608088601374,-85.83239191139862,0.12270270285628829,0.21472972999850448
1201521,CHBH06,KiK-net,173,-0.4311569381883721,3,-0.212033515071787,0.6137146421776434,-38.62853578223566,0.37664566202323285,-62.33543379767672,0.23115295769634994,-76.884704230365,0.14186195472091934,-85.81380452790806,0.12274292843552868,0.21480012476217517
1213951,YMGH04,KiK-net,51,-0.2498855625460606,4,-0.2119620259711782,0.6138156738988888,-38.61843261011112,0.376769681523947,-62.32303184760531,0.23126713596929124,-76.87328640307088,0.14195539291565645,-85.80446070843435,0.12276313477977777,0.21483548586461107
1101931,GIF012,K-NET,47,-0.3462981508999184,3,-0.2118815272802831,0.6139294583006372,-38.60705416993628,0.37690937976931377,-62.30906202306863,0.23139577135020395,-76.86042286497961,0.1420606805580888,-85.79393194419112,0.12278589166012743,0.214875310405223
1212631,TCGH11,KiK-net,344,-0.3923209093269157,3,-0.2118143755105515,0.614024393048301,-38.597560695169896,0.3770259552583345,-62.29740447416655,0.23150313334095474,-76.84968666590453,0.14214857093845962,-85.78514290615405,0.12280487860966022,0.21490853756690534
1208421,MYZH12,KiK-net,55,-0.4229507654630283,4,-0.2116409910449159,0.6142695804732948,-38.573041952670515,0.3773271174948376,-62.26728825051624,0.23178057016475154,-76.82194298352485,0.142375753596963,-85.7624246403037,0.12285391609465897,0.21499435316565318
1108531,OKY014,K-NET,36,-0.1834472742696263,0,-0.2116246204682712,0.6142927355839323,-38.57072644160677,0.37735556499119094,-62.26444350088091,0.231806782306259,-76.8193217693741,0.14239722242982092,-85.76027775701792,0.12285854711678645,0.2150024574543763
1208761,NGNH11,KiK-net,155,-0.0923942874897786,3,-0.2115891756971656,0.614342872886736,-38.565712711326405,0.3774171654667282,-62.25828345332718,0.23186354570959838,-76.81364542904016,0.1424437167889397,-85.75562832110603,0.12286857457734719,0.21502000551035758
1204681,IBRH16,KiK-net,498,-0.3452970634595851,3,-0.211447432891661,0.6145434116862527,-38.54565883137473,0.3776636048469791,-62.233639515302094,0.23209068019239132,-76.79093198076087,0.14262979842601517,-85.73702015739848,0.12290868233725055,0.21509019409018842
1109521,TCG006,K-NET,484,-0.0416170663974563,3,-0.2114442040460967,0.6145479806440171,-38.54520193559829,0.37766922051363916,-62.23307794863609,0.23209585681805692,-76.79041431819431,0.1426340401233798,-85.73659598766203,0.12290959612880342,0.21509179322540595
1108801,SIG008,K-NET,46,0.1031943909723582,0,-0.2113198214062609,0.6147240133833443,-38.52759866166557,0.377885612630126,-62.211438736987404,0.23229536039581483,-76.77046396041851,0.14279753623284566,-85.72024637671544,0.12294480267666885,0.2151534046841705
1100141,AIC014,K-NET,56,-0.2396342974167391,3,-0.2113180180233594,0.6147265659948158,-38.52734340051842,0.3778887509397786,-62.21112490602214,0.23229825419328032,-76.77017458067196,0.14279990808682602,-85.72000919131739,0.12294531319896317,0.2151542980981855
1106701,MIE010,K-NET,46,-0.1032189417339714,0,-0.2112811962758811,0.6147786879234177,-38.52213120765823,0.377952835124839,-62.2047164875161,0.23235734807498437,-76.76426519250157,0.14284834557890377,-85.71516544210962,0.12295573758468355,0.2151725407731962
1109091,SMN011,K-NET,24,-0.0607793862271418,0,-0.2111864950622473,0.6149127597075145,-38.508724029248555,0.37811770205111145,-62.18822979488885,0.23250939966251263,-76.74906003374873,0.14297299660441307,-85.70270033955869,0.1229825519415029,0.21521946589763005
1207151,KOCH05,KiK-net,55,-0.3113094479963128,0,-0.2111303783647696,0.6149922198531579,-38.500778014684215,0.3782154304799149,-62.17845695200851,0.23259954717356057,-76.74004528264395,0.14304691185310733,-85.69530881468927,0.12299844397063159,0.21524727694860524
1105861,KMM015,K-NET,67,-0.4293842613884198,4,-0.2110562903614978,0.6150971427433822,-38.49028572566178,0.37834449501107276,-62.16555049889272,0.23271861785399867,-76.72813821460014,0.14314455690518363,-85.68554430948163,0.12301942854867645,0.21528399996018377
1104421,HYG013,K-NET,27,-0.3594269980244047,0,-0.2110481244697195,0.6151087083149738,-38.48912916850262,0.37835872304491547,-62.164127695508455,0.23273174541186087,-76.7268254588139,0.14315532330417907,-85.68446766958209,0.12302174166299476,0.2152880479102408
1100721,AOM028,K-NET,225,0.0416013587830844,1,-0.2109058761573236,0.6153102133085546,-38.46897866914454,0.37860665860181897,-62.139334139818104,0.23296054386432435,-76.70394561356757,0.14334300193763433,-85.66569980623657,0.12306204266171093,0.2153585746579941
1109461,SZO028,K-NET,83,-0.4962586649921399,3,-0.2108536345303505,0.6153842339130421,-38.46157660869579,0.3786977553487417,-62.13022446512583,0.23304462805987405,-76.6955371940126,0.14341198990617543,-85.65880100938246,0.12307684678260843,0.21538448186956471
1200861,AKTH07,KiK-net,281,-0.1051277704284227,1,-0.2108405041736889,0.615402839575699,-38.4597160424301,0.37872065495783347,-62.127934504216654,0.23306576646701924,-76.69342335329807,0.14342933449169035,-85.65706655083096,0.1230805679151398,0.21539099385149463
1208771,NGNH12,KiK-net,147,-0.3243058906026607,3,-0.2107776829210124,0.6154918648227727,-38.45081351772273,0.3788302356630143,-62.11697643369857,0.23316692819947918,-76.68330718005208,0.143512347452495,-85.6487652547505,0.12309837296455456,0.21542215268797044
1108511,OKY012,K-NET,34,-0.22724842099014,0,-0.2105758894852778,0.6157779174501535,-38.422208254984646,0.3791824436192481,-62.08175563807519,0.23349217546552084,-76.65078245344792,0.14377932554906425,-85.62206744509358,0.12315558349003071,0.21552227110755373
1205651,IWTH21,KiK-net,480,-0.3708752945615552,1,-0.2103496942071334,0.6160987189842853,-38.39012810157148,0.3795776315340773,-62.04223684659227,0.23385729254323406,-76.61427074567659,0.14407917836101974,-85.59208216389803,0.12321974379685706,0.21563455164449982
1100841,CHB010,K-NET,368,-0.3926541385603147,3,-0.2103304153254367,0.6161260689932044,-38.38739310067956,0.3796113328930189,-62.038866710698116,0.23388843828064645,-76.61115617193536,0.14410476406081443,-85.58952359391856,0.12322521379864089,0.21564412414762155
1104481,HYG019,K-NET,24,-0.2754838714269019,0,-0.2102886852177236,0.6161852736195197,-38.38147263804803,0.37968429142556237,-62.03157085744376,0.23395586900109358,-76.60441309989065,0.14416016115533137,-85.58398388446686,0.12323705472390395,0.21566484576683187
1209991,OITH05,KiK-net,37,-0.168684986363145,4,-0.2102449025011674,0.6162473965021181,-38.375260349788185,0.3797608536956388,-62.023914630436124,0.2340266373833592,-76.59733626166408,0.14421830599964036,-85.57816940003596,0.12324947930042363,0.21568658877574134
1105991,KNG006,K-NET,152,-0.2252686021855047,3,-0.2101090588708754,0.6164401836103025,-38.35598163896975,0.37999849996950347,-62.00015000304966,0.23424634509284026,-76.57536549071597,0.14439885997907273,-85.56011400209272,0.12328803672206051,0.21575406426360585
1209611,NIGH10,KiK-net,300,-0.1799130216938199,3,-0.2100480050754838,0.6165268498241235,-38.34731501758765,0.38010535655405736,-61.98946434459427,0.23434515807754827,-76.56548419224517,0.1444800820810871,-85.5519917918913,0.12330536996482472,0.21578439743844322
1110631,YMG014,K-NET,35,0.0254206629580899,4,-0.2099838164213155,0.6166179791270726,-38.338202087292736,0.38021773218275495,-61.97822678172451,0.23444908964680888,-76.55509103531911,0.14456552386619717,-85.54344761338028,0.12332359582541452,0.21581629269447541
1213631,TYMH05,KiK-net,29,-0.2234624759711823,3,-0.2098577183714667,0.6167970410701656,-38.32029589298344,0.3804385898729116,-61.956141012708834,0.23465339654251816,-76.53466034574818,0.14473352066448944,-85.52664793355106,0.12335940821403313,0.21587896437455797
1101491,FKO016,K-NET,34,-0.2192811060742213,4,-0.2098296119760157,0.6168369598424551,-38.31630401575449,0.3804878350276826,-61.95121649723174,0.23469895941551333,-76.53010405844867,0.14477099260405302,-85.5229007395947,0.12336739196849103,0.21589293594485928
1201691,CHBH16,KiK-net,193,-0.1042544818048267,3,-0.2098215448617718,0.6168484178292557,-38.315158217074426,0.38050197057845603,-61.9498029421544,0.2347120385322346,-76.52879614677654,0.1447817496140882,-85.52182503859117,0.12336968356585115,0.21589694624023947
1201711,CHBH17,KiK-net,219,-0.260499340953195,3,-0.209683245941687,0.6170448814230327,-38.29551185769673,0.3807443856903645,-61.92556143096355,0.2349363743207964,-76.50636256792036,0.14496628723473304,-85.50337127652669,0.12340897628460655,0.21596570849806143
1204371,HYGH14,KiK-net,28,-0.2243037652309705,0,-0.2096788332636683,0.6170511509805127,-38.294884901948734,0.38075212292637545,-61.92478770736245,0.2349435356899936,-76.50564643100064,0.14497217911294172,-85.50278208870583,0.12341023019610253,0.21596790284317943
1110701,YMN002,K-NET,199,-0.1916808062593966,3,-0.2096631737799673,0.6170734005762402,-38.292659942375984,0.38077958169872494,-61.922041830127505,0.23496895134883047,-76.50310486511695,0.14499308983865594,-85.5006910161344,0.12341468011524803,0.21597569020168406
1105421,KGS016,K-NET,48,-0.4052875483936276,4,-0.2096054466211981,0.6171554284702566,-38.28445715297434,0.38088082289030606,-61.9119177109694,0.23506266744697074,-76.49373325530293,0.14507020124559666,-85.49297987544034,0.12343108569405133,0.2160043999645898
1110411,WKY006,K-NET,26,-0.264999621017304,0,-0.2095563432496412,0.6172252109031896,-38.27747890968104,0.3809669609744869,-61.90330390255131,0.23514241283462486,-76.4857587165375,0.14513582535413622,-85.48641746458638,0.12344504218063793,0.21602882381611635
1206501,KMMH01,KiK-net,50,-0.2297563181842456,4,-0.2094891396529158,0.6173207289569216,-38.267927104307844,0.38108488239990507,-61.891511760009486,0.23525159739757212,-76.47484026024279,0.14522568759374946,-85.47743124062505,0.12346414579138432,0.21606225513492255
1203031,GIFH12,KiK-net,46,-0.1235389761457093,3,-0.2094875461103151,0.6173229940759264,-38.26770059240736,0.38108767901486623,-61.89123209851337,0.2352541870149028,-76.47458129850972,0.14522781909693772,-85.47721809030622,0.12346459881518529,0.21606304792657421
1213551,TYMH01,KiK-net,30,-0.4104428325018036,3,-0.2094837195140452,0.6173284333720075,-38.26715666279925,0.3810943946495371,-61.89056053504629,0.2352604056158523,-76.47395943841477,0.14523293763329712,-85.47670623667028,0.1234656866744015,0.21606495168020262
1206381,KKWH10,KiK-net,24,0.0391188370844378,2,-0.2094759423695884,0.6173394883026857,-38.266051169731426,0.3811080438178218,-61.88919561821782,0.23527304475853164,-76.47269552414684,0.1452433410626468,-85.47566589373533,0.12346789766053715,0.21606882090593998
1110921,YMT013,K-NET,253,-0.1650884363544976,1,-0.2094576304159931,0.6173655188668926,-38.26344811331074,0.3811401838857875,-61.88598161142125,0.23530280738567208,-76.46971926143279,0.14526783977249194,-85.4732160227508,0.12347310377337853,0.2160779316034124
1108821,SIG010,K-NET,43,0.1100705601530877,0,-0.2094446407351781,0.6173839844502718,-38.26160155497283,0.3811629842556934,-61.88370157443066,0.2353239219447362,-76.46760780552638,0.14528522056670598,-85.4714779433294,0.12347679689005436,0.2160843945575951
1201051,AKTH16,KiK-net,424,0.05395424531509,1,-0.2093933512863776,0.6174569007673385,-38.25430992326615,0.3812530243052069,-61.87469756947931,0.23540731079566785,-76.45926892043322,0.1453538685418667,-85.46461314581333,0.12349138015346771,0.21610991526856846
1201591,CHBH11,KiK-net,277,-0.2293641481800743,3,-0.2093045050224445,0.6175832306030483,-38.24167693969517,0.38140904672209797,-61.8590953277902,0.23555183125586224,-76.44481687441377,0.1454728609214595,-85.45271390785405,0.12351664612060967,0.2161541307110669
1110282,TYM007,K-NET,24,-0.4777232923612827,3,-0.2092579235393346,0.6176494747918944,-38.23505252081056,0.38149087371070295,-61.8509126289297,0.23562763778531656,-76.43723622146834,0.1455352867245555,-85.44647132754444,0.12352989495837888,0.21617731617716301
1100321,AKT014,K-NET,224,-0.5354331333221338,1,-0.2090729645934242,0.6179125776643665,-38.208742233563356,0.3818159536358217,-61.81840463641783,0.23592888010448884,-76.40711198955111,0.14578342245083195,-85.42165775491681,0.1235825155328733,0.21626940218252824
1108132,OIT003,K-NET,30,-0.456200564136793,4,-0.2090157305219782,0.6179940154549628,-38.20059845450372,0.3819166031381488,-61.80833968618512,0.236022175142264,-76.3977824857736,0.14586029175258225,-85.41397082474178,0.12359880309099257,0.21629790540923696
1105042,IWT006,K-NET,165,-0.424883988341171,1,-0.2087736309026455,0.6183386153336207,-38.16613846663793,0.3823426432126993,-61.765735678730074,0.23641722058713704,-76.35827794128629,0.14618589681887348,-85.38141031811264,0.12366772306672413,0.21641851536676723
1208331,MYZH08,KiK-net,67,-0.2766666221895623,4,-0.2086175948153375,0.6185608158837159,-38.143918411628405,0.3826174829467283,-61.738251705327166,0.23667218242290203,-76.3327817577098,0.14639613825648992,-85.360386174351,0.12371216317674319,0.21649628555930056
1208501,MYZH16,KiK-net,60,-0.3667751446555421,4,-0.2085934590220143,0.6185951931818167,-38.14048068181833,0.38266001302764907,-61.733998697235094,0.23671164468179506,-76.32883553182049,0.14642868557032057,-85.35713144296795,0.12371903863636334,0.21650831761363581
1205781,IWTH27,KiK-net,536,-0.277802291102751,1,-0.2085054651297249,0.6187205415705898,-38.127945842941024,0.3828151085614039,-61.718489143859614,0.23685557129051593,-76.31444287094841,0.14654740734287944,-85.34525926571206,0.12374410831411796,0.2165521895497064
1110371,WKY002,K-NET,30,-0.2944095523879452,0,-0.2084966626840617,0.6187330821608311,-38.12669178391689,0.3828306269602418,-61.716937303975826,0.23686997376467378,-76.31300262353263,0.14655928893877182,-85.34407110612283,0.12374661643216622,0.2165565787562909
1102811,HKD058,K-NET,26,-0.1676122239129373,2,-0.2084428336107255,0.6188097764178176,-38.11902235821824,0.38292553939026946,-61.70744606097305,0.23695806741476488,-76.30419325852351,0.1466319687173288,-85.33680312826712,0.12376195528356354,0.21658342174623615
1108351,OKN007,K-NET,62,-0.2424627166989696,4,-0.2083674637156411,0.6189171774490408,-38.108282255095915,0.3830584725414875,-61.69415274585125,0.23708146862331836,-76.29185313766817,0.14673379338581755,-85.32662066141825,0.12378343548980818,0.21662101210716428
1101801,FKS031,K-NET,492,-0.1565622132707395,1,-0.2082707583544228,0.6190550085197961,-38.09449914802039,0.38322910357344486,-61.67708964265552,0.2372398959776927,-76.27601040223072,0.1468645458257061,-85.3135454174294,0.12381100170395923,0.21666925298192863
1103692,HKD146,K-NET,45,0.1673114677850198,2,-0.2082181643439514,0.6191299819732816,-38.087001802671836,0.38332193457823605,-61.66780654217639,0.2373261024453867,-76.26738975546132,0.14693570552880145,-85.30642944711985,0.12382599639465633,0.21669549369064856
1100851,CHB011,K-NET,234,-0.2628768184801475,3,-0.2081331409687292,0.619251203117251,-38.0748796882749,0.3834720525621629,-61.652794743783716,0.23746552991096107,-76.25344700890389,0.1470508150962382,-85.29491849037618,0.12385024062345021,0.21673792109103784
1108811,SIG009,K-NET,44,-0.1185057694394104,0,-0.2080558534926987,0.6193614154809896,-38.06385845190105,0.38360856298661494,-61.639143701338504,0.2375923425620182,-76.24076574379818,0.14715552959665573,-85.28444704033443,0.12387228309619791,0.21677649541834634
1214181,YMGH15,KiK-net,50,-0.1452897811660446,4,-0.2080037695475504,0.6194356985349397,-38.056430146506024,0.38370058461946877,-61.629941538053124,0.23767783966202538,-76.23221603379746,0.1472261386373221,-85.27738613626778,0.12388713970698795,0.2168024944872289
1103321,HKD109,K-NET,204,-0.0178700218291905,2,-0.2079948134528041,0.6194484727750923,-38.05515272249077,0.38371641042339427,-61.628358957660566,0.23769254441551207,-76.2307455584488,0.14723828362821476,-85.27617163717852,0.12388969455501847,0.21680696547128228
1104291,HRS021,K-NET,36,-0.2311884455585356,0,-0.2079529427453659,0.6195081972182747,-38.049180278172535,0.38379040642063666,-61.620959357936336,0.23776130279131757,-76.22386972086824,0.14729507606051748,-85.27049239394825,0.12390163944365494,0.21682786902639611
1101421,FKO009,K-NET,39,-0.3079437070566003,4,-0.2078594666482367,0.6196415524492722,-38.03584475507278,0.38395565352174416,-61.60443464782559,0.23791487721988844,-76.20851227801116,0.14742194387130966,-85.25780561286903,0.12392831048985445,0.21687454335724526
1207001,KNGH20,KiK-net,253,-0.0647245344130715,3,-0.2076134185943093,0.6199927077158558,-38.00072922841442,0.3843909576208386,-61.560904237916134,0.2383195906368345,-76.16804093631654,0.14775640830066533,-85.22435916993348,0.12399854154317116,0.21699744770054952
1109351,SZO017,K-NET,52,-0.2206071710128364,3,-0.2075116199602872,0.6201380510507745,-37.986194894922555,0.38457120236105297,-61.542879763894696,0.23848723592243637,-76.15127640775637,0.14789500968542593,-85.2104990314574,0.1240276102101549,0.21704831786777104
1209461,NIGH02,KiK-net,445,0.0314997655684473,1,-0.2074996982740176,0.6201550745062182,-37.98449254937818,0.38459231643581304,-61.540768356418695,0.23850687665377068,-76.14931233462293,0.14791124986146456,-85.20887501385354,0.12403101490124364,0.21705427607717637
1102192,GNM012,K-NET,32,-0.0695543544167928,3,-0.2073263042706789,0.6204027236119456,-37.95972763880544,0.3848995394651202,-61.510046053487976,0.2387927226011441,-76.12072773988558,0.14814765548046158,-85.18523445195385,0.12408054472238912,0.21714095326418095
1105191,IWT021,K-NET,418,0.0397480153946135,1,-0.2072568676285206,0.6205019238727904,-37.94980761272097,0.3850226375298341,-61.49773624701659,0.23890728732183808,-76.1092712678162,0.14824243141043003,-85.175756858957,0.12410038477455808,0.2171756733554766
1100291,AKT011,K-NET,234,-0.1703986151946448,1,-0.2072345633625489,0.6205337921002683,-37.946620789973174,0.38506218713833895,-61.493781286166104,0.23894409917937662,-76.10559008206234,0.14827288796376117,-85.17271120362389,0.12410675842005366,0.2171868272350939
1205501,IWTH13,KiK-net,369,-0.2514925054819251,1,-0.2071599354727288,0.6206404319689208,-37.93595680310792,0.38519454579456863,-61.48054542054313,0.23906730929401335,-76.09326907059867,0.14837483810988403,-85.1625161890116,0.12412808639378417,0.21722415118912228
1110772,YMN009,K-NET,168,-0.1175963368358243,3,-0.2071218841290925,0.6206948126666956,-37.930518733330445,0.3852620504713443,-61.47379495286557,0.23913015624489808,-76.0869843755102,0.14842684753338464,-85.15731524666154,0.12413896253333911,0.21724318443334345
1206541,KMMH03,KiK-net,52,-0.3363732589380488,4,-0.2070859410061331,0.6207461847981094,-37.92538152018906,0.3853258259414086,-61.46741740585915,0.23918953635730975,-76.08104636426903,0.1484759921374287,-85.15240078625713,0.12414923695962188,0.2172611646793383
1214071,YMGH10,KiK-net,34,-0.0781295374050446,4,-0.2069034571959297,0.6210070675296724,-37.89929324703276,0.3856497779218031,-61.43502220781969,0.23949123768068833,-76.05087623193117,0.14872575121113604,-85.12742487888639,0.12420141350593449,0.21735247363538532
1106951,MYG016,K-NET,470,-0.0595445201807682,1,-0.2068194677732916,0.6211271774344669,-37.88728225655331,0.38579897054770773,-61.420102945229225,0.2396302256334207,-76.03697743665792,0.14884084567567105,-85.1159154324329,0.12422543548689338,0.2173945121020634
1214351,YMNH13,KiK-net,124,-0.1565757718384761,3,-0.2066816573811878,0.6213243048809876,-37.867569511901245,0.38604389183584237,-61.395610816415754,0.2398584527484559,-76.0141547251544,0.14902988642376358,-85.09701135762364,0.12426486097619752,0.21746350670834563
1107361,NGN007,K-NET,65,-0.2980528944866037,3,-0.2066738647981914,0.6213354534560976,-37.86645465439024,0.3860577457214945,-61.39422542785056,0.23987136449810362,-76.01286355018964,0.1490405830315621,-85.0959416968438,0.12426709069121954,0.21746740870963416
1108631,OSK009,K-NET,29,-0.243447214023556,0,-0.2065760493656924,0.6214754115799395,-37.85245884200605,0.38623168719845513,-61.376831280154484,0.24003349676687435,-75.99665032331256,0.1491749161961653,-85.08250838038347,0.1242950823159879,0.2175163940529788
1209411,NGSH06,KiK-net,35,-0.3094752240824496,4,-0.2065370150931781,0.6215312721349526,-37.84687278650474,0.38630112224169255,-61.36988777583075,0.240098227934039,-75.9901772065961,0.14922855704519108,-85.07714429548089,0.12430625442699053,0.2175359452472334
1104061,HKD183,K-NET,25,-0.3340091965896248,2,-0.2065356934958284,0.6215331635136508,-37.846683648634915,0.38630347334728665,-61.36965266527133,0.24010041986585037,-75.98995801341496,0.1492303735201778,-85.07696264798223,0.12430663270273018,0.21753660722977777
1109321,SZO014,K-NET,73,-0.195734838895187,3,-0.2065301649256324,0.6215410756832461,-37.84589243167539,0.3863133087614867,-61.368669123851326,0.2401095894783684,-75.98904105216316,0.14923797252624774,-85.07620274737523,0.12430821513664923,0.21753937648913613
1103131,HKD090,K-NET,186,-0.2359012548872651,2,-0.2063501359095799,0.6217987778376253,-37.82012221623747,0.38663372012036445,-61.33662798796355,0.2404083746416571,-75.9591625358343,0.14948563353411232,-85.05143664658877,0.12435975556752506,0.21762957224316884
1104411,HYG012,K-NET,32,-0.2231762643395768,0,-0.2063463414726517,0.6218042105259274,-37.819578947407265,0.3866404762277718,-61.335952377222824,0.24041467607817824,-75.95853239218218,0.1494908578576382,-85.05091421423619,0.12436084210518548,0.21763147368407457
1205571,IWTH17,KiK-net,491,-0.2294201289712871,1,-0.2062975009004151,0.621874142294459,-37.812585770554094,0.3867274488544691,-61.32725511455309,0.24049580055809724,-75.95041994419027,0.149558119697486,-85.0441880302514,0.1243748284588918,0.21765594980306066
1208241,MYZH03,KiK-net,36,-0.2648571084699732,4,-0.2060351647726802,0.6222498996287747,-37.77501003712253,0.38719493758802026,-61.280506241197976,0.2409320110509153,-75.90679889490846,0.1499199196937909,-85.00800803062091,0.12444997992575496,0.21778746487007114
1207341,KSRH01,KiK-net,249,-0.0282367338899142,2,-0.20573179620552,0.6226847129063932,-37.73152870936068,0.3877362516873173,-61.226374831268274,0.24143743656531816,-75.85625634346819,0.15033940087253064,-84.96605991274694,0.12453694258127863,0.2179396495172376
1207701,MIEH01,KiK-net,65,-0.3349740636519501,0,-0.2055640480884149,0.6229252740187984,-37.70747259812016,0.38803589701139507,-61.19641029886049,0.24171736747495348,-75.82826325250464,0.15057185736943798,-84.94281426305619,0.12458505480375968,0.21802384590657942
1202001,EHMH10,KiK-net,47,-0.380113846536423,0,-0.2055333020942549,0.6229693757414839,-37.703062425851606,0.3880908431117342,-61.19091568882658,0.24176871026430322,-75.82312897356968,0.15061450250717667,-84.93854974928233,0.12459387514829678,0.21803928150951937
1201881,EHMH04,KiK-net,31,-0.044568635401675,0,-0.205463176359633,0.623069975021801,-37.693002497819904,0.3882161937736677,-61.178380622633235,0.24188585415761774,-75.81141458423822,0.15071181310811388,-84.92881868918862,0.1246139950043602,0.21807449125763032
1106801,MYG001,K-NET,498,-0.2341938662148912,1,-0.2054435624596942,0.623098115163159,-37.690188483684096,0.3882512611198814,-61.17487388801186,0.2419186290135176,-75.80813709864825,0.15073904176117833,-84.92609582388216,0.12461962303263181,0.21808434030710566
1206721,KMMH12,KiK-net,57,-0.2329778574141648,4,-0.2053840330958177,0.6231835299640841,-37.68164700359159,0.3883577120184965,-61.164228798150354,0.24201812986446186,-75.79818701355381,0.15082171248424148,-84.91782875157585,0.12463670599281683,0.21811423548742942
1206701,KMMH11,KiK-net,57,-0.1066000917964259,4,-0.20500546140367,0.6237269918499466,-37.62730081500534,0.3890353603621834,-61.09646396378166,0.2426518550419646,-75.73481449580353,0.1513485116121339,-84.86514883878661,0.12474539836998932,0.21830444714748132
1200671,AICH21,KiK-net,30,-0.1568086849934856,3,-0.2049815349603173,0.6237613555829828,-37.62386444170171,0.3890782287187204,-61.09217712812796,0.24269196337341487,-75.73080366265852,0.15138186806289688,-84.8618131937103,0.12475227111659658,0.21831647445404398
1100731,AOM029,K-NET,66,-0.072766825810293,1,-0.2049147712621556,0.6238572532233237,-37.61427467766762,0.3891978723993503,-61.08021276006497,0.2428039156354203,-75.71960843645797,0.15147498388018096,-84.8525016119819,0.12477145064466476,0.2183500386281633
1205941,KGSH06,KiK-net,51,-0.2531707973017388,4,-0.2048019567997236,0.6240193304900721,-37.598066950992795,0.3894001248252778,-61.059987517472216,0.24299320518622033,-75.70067948137796,0.15163245721394192,-84.83675427860581,0.12480386609801442,0.21840676567152523
1104111,HRS003,K-NET,32,-0.0465884209871786,0,-0.2046022823984902,0.6243063001372071,-37.56936998627929,0.38975835639100853,-61.02416436089915,0.2433285974260295,-75.66714025739705,0.15191157637662042,-84.80884236233796,0.12486126002744143,0.21850720504802248
1102221,GNM015,K-NET,114,-0.418777912373078,3,-0.2045779874114644,0.6243412256044809,-37.56587743955191,0.38980196598930533,-61.019803401069474,0.24336943718879908,-75.66305628112009,0.15194557268912756,-84.80544273108724,0.12486824512089618,0.2185194289615683
1103541,HKD131,K-NET,111,-0.4562101648717901,2,-0.2043821211832068,0.6246228661639757,-37.53771338360244,0.39015372493489986,-60.984627506510016,0.24369893791338854,-75.63010620866115,0.1522199290805775,-84.77800709194226,0.12492457323279514,0.21861800315739147
1100711,AOM027,K-NET,238,-0.2256075810795371,1,-0.2042740249737462,0.6247783545952014,-37.522164540479864,0.3903479923706872,-60.96520076293128,0.24388097639289816,-75.61190236071018,0.15237155514782605,-84.76284448521739,0.12495567091904028,0.21867242410832047
1211201,SITH10,KiK-net,282,-0.2984236581448111,3,-0.20420088079699,0.6248835890590098,-37.511641094099026,0.39047949987526936,-60.95205001247306,0.24400423133602547,-75.59957686639746,0.1524742398228405,-84.75257601771595,0.12497671781180196,0.2187092561706534
1106931,MYG014,K-NET,410,-0.0714038607169277,1,-0.2039120669004611,0.6252992864594958,-37.47007135405042,0.3909991976467546,-60.90008023532454,0.24449151929475105,-75.5508480705249,0.1528803725604059,-84.71196274395942,0.12505985729189917,0.21885475026082352
1104131,HRS005,K-NET,34,-0.1735314181197899,0,-0.2038472225081059,0.6253926566982467,-37.46073433017533,0.3911159750520911,-60.88840249479088,0.24460105871495244,-75.53989412850476,0.15297170594094794,-84.7028294059052,0.12507853133964936,0.21888742984438633
1104171,HRS009,K-NET,52,-0.1022114769522461,0,-0.2038363709109563,0.6254082834083262,-37.45917165916738,0.39113552095574927,-60.886447904425076,0.24461939474095656,-75.53806052590434,0.1529869957533254,-84.70130042466747,0.12508165668166524,0.21889289919291416
1104321,HYG003,K-NET,29,-0.3851465749563411,0,-0.203590001428403,0.625763169859922,-37.4236830140078,0.39157954475313755,-60.84204552468624,0.24503605717702853,-75.49639428229715,0.15333453986907447,-84.66654601309256,0.1251526339719844,0.21901710945097266
1103771,HKD154,K-NET,97,-0.1249698927346956,2,-0.203560378336456,0.625805854427439,-37.419414557256104,0.39163296743565695,-60.83670325643431,0.24508620380802468,-75.49137961919753,0.15337638118245833,-84.66236188175417,0.1251611708854878,0.21903204904960363
1106841,MYG005,K-NET,367,0.5298515236000676,1,-0.2035192524145237,0.6258651185038021,-37.41348814961979,0.39170714655977823,-60.829285344022175,0.2451558397004218,-75.48441602995783,0.1534344886660036,-84.65655113339963,0.12517302370076042,0.21905279147633072
1108131,OIT003,K-NET,20,-0.3815346628011887,4,-0.2034576747008529,0.6259538649120704,-37.40461350879296,0.3918182409983585,-60.81817590016415,0.2452601422959715,-75.47398577040285,0.15352153397904772,-84.64784660209523,0.12519077298241407,0.21908385271922462
1209151,NGNH31,KiK-net,126,-0.1287640848911443,3,-0.2033197358646194,0.6261527093936895,-37.38472906063105,0.39206721548105816,-60.79327845189418,0.24549394923790405,-75.4506050762096,0.1537167014550705,-84.62832985449296,0.12523054187873792,0.21915344828779132
1207971,MYGH04,KiK-net,557,-0.2775171670383968,1,-0.2031204835744924,0.6264400512575379,-37.355994874246214,0.3924271378195467,-60.75728621804532,0.2458320763305257,-75.41679236694743,0.1539990584972415,-84.60009415027585,0.12528801025150757,0.21925401794013824
1103712,HKD148,K-NET,23,-0.2069080880473824,2,-0.2030782049818048,0.6265010382009003,-37.34989617990997,0.39250355086680594,-60.7496449133194,0.2459038821155938,-75.40961178844063,0.15405903744305133,-84.59409625569488,0.12530020764018007,0.21927536337031509
1209731,NIGH16,KiK-net,35,-0.4623661503072085,3,-0.2028754625805425,0.6267935769801668,-37.32064230198332,0.39287018814359226,-60.71298118564077,0.24624851051539332,-75.37514894846066,0.1543469847319816,-84.56530152680185,0.12535871539603335,0.21937775194305836
1100661,AOM022,K-NET,210,-0.4448559545031141,1,-0.2028509047781871,0.6268290209211587,-37.31709790788413,0.3929146214689784,-60.708537853102165,0.24629028748100737,-75.37097125189926,0.15438189976411054,-84.56181002358895,0.12536580418423174,0.21939015732240552
1204871,IBUH01,KiK-net,186,-0.2139816488746802,2,-0.2026768062826542,0.6270803523812619,-37.29196476187381,0.39322976834260764,-60.67702316573924,0.2465866616990844,-75.34133383009156,0.15462965071078086,-84.53703492892191,0.1254160704762524,0.21947812333344166
1107631,NGS009,K-NET,32,-0.3638131408190376,4,-0.2026755825046992,0.6270821194039262,-37.29178805960738,0.39323198447611996,-60.67680155238801,0.24658874624269714,-75.34112537573029,0.15463139361502745,-84.53686063849726,0.12541642388078525,0.21947874179137417
1201491,CHBH04,KiK-net,329,-0.2921678191176471,3,-0.2025255966569207,0.627298722860836,-37.2701277139164,0.3935036877028359,-60.649631229716405,0.2468443607370182,-75.31556392629818,0.15484515223573103,-84.5154847764269,0.12545974457216721,0.2195545530012926
1102911,HKD068,K-NET,163,-0.1625298257464089,2,-0.2023810407243762,0.6275075554590026,-37.24924445409974,0.3937657321581332,-60.623426784186684,0.24709097201007454,-75.29090279899255,0.15505145182203073,-84.49485481779692,0.12550151109180052,0.21962764441065089
1103221,HKD099,K-NET,140,-0.2122175534670325,2,-0.2023687773420429,0.6275252749420727,-37.247472505792736,0.39378797069112387,-60.62120293088762,0.24711190457682838,-75.28880954231715,0.15506896586103344,-84.49310341389665,0.12550505498841455,0.21963384622972543
1106921,MYG013,K-NET,461,-0.2518916478943257,1,-0.2023371889354048,0.6275709196492923,-37.24290803507076,0.39384525918945856,-60.615474081054145,0.24716583150904242,-75.28341684909576,0.15511408818601177,-84.48859118139882,0.12551418392985847,0.2196498218772523
1105551,KGS029,K-NET,32,-0.6398376059854138,4,-0.2023202285165926,0.6275954285341948,-37.24045714658052,0.39387602191701965,-60.612397808298034,0.24719479076435583,-75.28052092356442,0.15513832064117652,-84.48616793588235,0.12551908570683898,0.21965839998696818
1208631,NARH07,KiK-net,24,0.0026636438528265,0,-0.2023153404400568,0.6276024922936486,-37.23975077063514,0.3938848883331993,-60.61151116668007,0.24720313759472134,-75.27968624052787,0.15514530525725687,-84.48546947427431,0.12552049845872973,0.219660872302777
1107511,NGN022,K-NET,73,-0.1852685523885961,3,-0.2022872729489754,0.627643054164264,-37.2356945835736,0.39393580344064527,-60.606419655935476,0.24725107081613978,-75.27489291838603,0.1551854172324267,-84.48145827675732,0.1255286108328528,0.2196750689574924
1205511,IWTH14,KiK-net,460,-0.2476766131658059,1,-0.202268787246892,0.6276697702979681,-37.23302297020319,0.39396934054590405,-60.6030659454096,0.24728264548488957,-75.27173545151105,0.1552118412901745,-84.47881587098254,0.12553395405959364,0.21968441960428883
1104822,ISK003,K-NET,35,0.0763918673328225,3,-0.2021926684757302,0.6277797915872588,-37.222020841274116,0.39410746672534214,-60.589253327465784,0.24741270332381782,-75.25872966761821,0.15532069532866666,-84.46793046713333,0.12555595831745178,0.21972292705554058
1213861,WKYH09,KiK-net,30,-0.2577981428471736,0,-0.2018731862937745,0.628241778223437,-37.1758221776563,0.3946877319053462,-60.53122680946539,0.24795932253518982,-75.20406774648102,0.1557784057165864,-84.42215942834136,0.1256483556446874,0.21988462237820292
1109611,TCG015,K-NET,298,-0.1498758491795023,3,-0.2015628864907405,0.6286908121564958,-37.13091878435042,0.3952521372899943,-60.47478627100057,0.24849138719943728,-75.15086128005628,0.1562242520323085,-84.37757479676915,0.12573816243129918,0.22004178425477353
1205381,IWTH07,KiK-net,396,-0.3435347191204569,1,-0.2015443811514597,0.6287176013171598,-37.12823986828402,0.3952858222060031,-60.47141777939969,0.24852315397203958,-75.14768460279603,0.1562508812370759,-84.37491187629242,0.12574352026343197,0.22005116046100592
1105521,KGS026,K-NET,34,-0.4495750988711454,4,-0.2014963957926285,0.6287870723966382,-37.121292760336175,0.3953731824131352,-60.46268175868648,0.24860554587369726,-75.13944541263027,0.15631995337149024,-84.36800466285096,0.12575741447932764,0.22007547533882335
1106511,KYT006,K-NET,31,-0.2108898538784356,0,-0.2014538996020816,0.6288486029104725,-37.115139708952746,0.39545056538245316,-60.45494346175468,0.24867853556091213,-75.13214644390878,0.15638114966130184,-84.36188503386981,0.1257697205820945,0.22009701101866536
1110141,TTR002,K-NET,28,-0.0346663931046932,0,-0.2013866199019504,0.6289460299433753,-37.10539700566247,0.3955731085815332,-60.44268914184667,0.24879413619471505,-75.1205863805285,0.15647808423285745,-84.35219157671425,0.12578920598867507,0.22013111048018136
1107311,NGN002,K-NET,66,-0.1471613635179351,3,-0.2011294083101493,0.629318634548415,-37.0681365451585,0.3960419437898815,-60.39580562101185,0.24923657528974832,-75.07634247102517,0.15684922124086764,-84.31507787591323,0.125863726909683,0.22026152209194522
1105982,KNG005,K-NET,127,-0.1563835034435595,3,-0.2010874818320941,0.6293793914510735,-37.06206085489265,0.39611841838332357,-60.38815816166765,0.2493087691046579,-75.0691230895342,0.15690980138250576,-84.30901986174942,0.1258758782902147,0.2202827870078757
1110771,YMN009,K-NET,20,-0.0344390945698983,3,-0.2010427645008914,0.6294441991261897,-37.05558008738103,0.3961999998136103,-60.38000001863897,0.24938579157647442,-75.06142084235256,0.1569744398523048,-84.30255601476952,0.12588883982523794,0.22030546969416637
1109011,SMN003,K-NET,21,-0.2579516059315128,0,-0.2010240195638998,0.6294713676650002,-37.05286323349998,0.3962342027100459,-60.37657972899542,0.24941808549554353,-75.05819145044565,0.15700154339726574,-84.29984566027342,0.12589427353300006,0.22031497868275007
1204541,IBRH09,KiK-net,74,-0.3798348213929151,3,-0.2007969479598342,0.629800573889261,-37.019942611073894,0.39664876287124257,-60.33512371287575,0.24980961848877398,-75.0190381511226,0.1573302410872872,-84.26697589127127,0.1259601147778522,0.22043020086124135
1110561,YMG007,K-NET,27,-0.1946686825767081,4,-0.2007612204970229,0.6298523868942166,-37.014761310578336,0.396714029276342,-60.328597072365795,0.2498712782541261,-75.01287217458739,0.1573820210246703,-84.26179789753296,0.12597047737884334,0.22044833541297582
1201911,EHMH05,KiK-net,49,-0.4084151487120293,0,-0.2006993615085905,0.6299421066766691,-37.005789332333094,0.3968270577642399,-60.31729422357601,0.24997807275430953,-75.00219272456906,0.15747171377382338,-84.25282862261766,0.1259884213353338,0.22047973733683415
1209111,NGNH29,KiK-net,150,-0.4303266966728043,3,-0.2005011120488532,0.6302297322306554,-36.977026776934466,0.39718951538752356,-60.28104846124764,0.25032064192750275,-74.96793580724972,0.15775951113377581,-84.22404888662241,0.12604594644613107,0.22058040628072936
1214461,YMTH02,KiK-net,595,0.019856664283535,1,-0.2004598855124351,0.6302895612714166,-36.971043872858345,0.39726493104771476,-60.27350689522852,0.2503919390985837,-74.96080609014163,0.15781942544034555,-84.21805745596545,0.1260579122542833,0.22060134644499577
1203851,HRSH06,KiK-net,25,-0.0160205047181562,0,-0.2003334264653538,0.6304731174210572,-36.95268825789428,0.39749635179062615,-60.250364820937385,0.2506107640769333,-74.93892359230668,0.1580033496868572,-84.19966503131428,0.12609462348421144,0.22066559109737
1103861,HKD163,K-NET,43,-0.5585471591696771,1,-0.2002139874259643,0.6306465330698127,-36.93534669301874,0.39771504967297433,-60.22849503270257,0.2508176172259496,-74.91823827740505,0.15817726073637642,-84.18227392636236,0.12612930661396254,0.2207262865744344
1100911,CHB017,K-NET,310,-0.2980968690898371,3,-0.2002110557630931,0.630650790202572,-36.9349209797428,0.39772041918312845,-60.22795808168715,0.25082269663753815,-74.91773033624618,0.15818153183520342,-84.18184681647965,0.1261301580405144,0.22072777657090017
1103121,HKD089,K-NET,122,-0.0323750987176317,2,-0.2000598253364425,0.6308704342448335,-36.91295657551665,0.39799750480426477,-60.200249519573525,0.2510848586842267,-74.89151413157732,0.15840201383042074,-84.15979861695793,0.1261740868489667,0.22080465198569169
1207411,KSRH05,KiK-net,262,-0.3505246340494108,2,-0.1999879444112711,0.6309748594801388,-36.902514051986124,0.39812927329598086,-60.18707267040191,0.2512095622728613,-74.87904377271387,0.1585069182551858,-84.14930817448142,0.12619497189602777,0.22084120081804856
1104511,HYG022,K-NET,37,-0.1557800911360357,0,-0.1999803560305665,0.6309858845322158,-36.90141154677842,0.3981431864789028,-60.18568135210972,0.2512227306908654,-74.87772693091345,0.15851799693957436,-84.14820030604257,0.12619717690644316,0.2208450595862755
1204721,IBRH18,KiK-net,465,-0.4473861005427143,3,-0.1997089466590983,0.6313803380956065,-36.861966190439354,0.3986411313337223,-60.135886866627764,0.25169417228030067,-74.83058277196993,0.15891475159103005,-84.10852484089699,0.1262760676191213,0.22098311833346224
1212591,TCGH09,KiK-net,489,-0.2916764156619923,3,-0.1995150544668965,0.6316622828459493,-36.83377171540507,0.39899723957015604,-60.100276042984405,0.2520315071961169,-74.79684928038832,0.15919879718460447,-84.08012028153955,0.12633245656918987,0.22108179899608224
1206911,KNGH10,KiK-net,320,-0.0664252552164883,3,-0.199227728307843,0.6320803244182733,-36.791967558172665,0.3995255365167097,-60.04744634832904,0.2525322307348665,-74.74677692651335,0.15962065432896472,-84.03793456710353,0.12641606488365467,0.22122811354639565
1110481,WKY013,K-NET,21,-0.2480186663408556,0,-0.1991913876810894,0.6321332174601492,-36.78667825398508,0.39959240461652024,-60.04075953834798,0.2525956324028787,-74.74043675971214,0.15967408982721282,-84.03259101727872,0.12642664349202984,0.2212466261110522
1200231,ABSH12,KiK-net,203,-0.1901690578578539,2,-0.199097313002235,0.6322701617989994,-36.77298382010006,0.3997655575013329,-60.02344424986671,0.25275983372303495,-74.7240166276965,0.1598125009643515,-84.01874990356485,0.12645403235979988,0.22129455662964978
1100611,AOM017,K-NET,41,-0.2347990262129756,1,-0.1990209993639946,0.6323812732175014,-36.761872678249865,0.3999060747161881,-60.00939252838119,0.2528931126964363,-74.71068873035638,0.15992486859490943,-84.00751314050906,0.1264762546435003,0.22133344562612547
1100451,AOM001,K-NET,106,-0.3679442937354843,1,-0.1989154019760449,0.6325350535036718,-36.74649464963282,0.4001005939108929,-59.98994060891071,0.2530776505762775,-74.69223494237225,0.16008048524784926,-83.99195147521507,0.12650701070073436,0.2213872687262851
1107221,NAR002,K-NET,40,0.0937394761934622,0,-0.1988077092433715,0.6326919237329864,-36.730807626701356,0.4002990703569471,-59.97009296430529,0.25326598889266294,-74.6734011107337,0.1602393457286361,-83.97606542713639,0.1265383847465973,0.22144217330654523
1204171,HYGH04,KiK-net,34,-0.3050113914373248,0,-0.1988014888276419,0.6327009858674216,-36.729901413257835,0.40031053751760726,-59.96894624823928,0.2532768717405076,-74.67231282594923,0.16024852644763565,-83.97514735523643,0.12654019717348433,0.22144534505359756
1101782,FKS029,K-NET,237,-0.4311947918501116,3,-0.1987485937574951,0.6327780506300554,-36.722194936994455,0.400408061359173,-59.95919386408271,0.2533694325234171,-74.6630567476583,0.16032661560141126,-83.96733843985888,0.1265556101260111,0.2214723177205194
1108112,OIT001,K-NET,51,-0.2650946251840305,4,-0.1986646770035458,0.6329003312776906,-36.709966872230936,0.4005628293314105,-59.94371706685895,0.2535163473813788,-74.64836526186211,0.16045058024198472,-83.95494197580153,0.12658006625553814,0.2215151159471917
1102711,HKD048,K-NET,59,0.1649120244147423,2,-0.1986423714355032,0.6329328381699745,-36.706716183002555,0.4006039776338991,-59.93960223661009,0.2535554125460047,-74.64445874539953,0.16048354689610153,-83.95164531038985,0.1265865676339949,0.22152649335949104
1105781,KMM007,K-NET,61,-0.2597529872777017,4,-0.1986096681186716,0.6329805011805856,-36.701949881941445,0.4006643148748253,-59.933568512517475,0.2536126988346429,-74.63873011653571,0.16053189321411315,-83.94681067858869,0.12659610023611712,0.22154317541320492
1105681,KGW005,K-NET,44,-0.1010662971546873,0,-0.1985668591007994,0.6330428980340319,-36.695710196596806,0.40074331075132574,-59.92566892486742,0.25368770680577185,-74.63122931942281,0.16059520111193362,-83.94047988880664,0.12660857960680638,0.22156501431191114
1105711,KGW008,K-NET,32,-0.1757473349660025,0,-0.1983763348155853,0.6333206738526745,-36.66793261473254,0.40109507592920574,-59.89049240707942,0.25402180376647426,-74.59781962335256,0.16087725993465535,-83.91227400653447,0.12666413477053493,0.22166223584843608
1210961,SIGH01,KiK-net,44,-0.0688816296539974,0,-0.1983584366734197,0.6333467747991682,-36.66532252008318,0.4011281371485083,-59.88718628514918,0.25405321194420616,-74.59467880557938,0.1609037824122325,-83.90962175877675,0.12666935495983364,0.22167137117970886
1209751,NIGH17,KiK-net,135,-0.3762577155069105,3,-0.1983541495355659,0.6333530269125333,-36.664697308746675,0.40113605669926805,-59.88639433007319,0.254060735714239,-74.5939264285761,0.16091013598423842,-83.90898640157616,0.12667060538250666,0.22167355941938663
1108741,SIG002,K-NET,43,-0.0976211376764424,0,-0.1983454919788602,0.6333656527796075,-36.66343472203925,0.4011520501209384,-59.884794987906155,0.254075930088726,-74.5924069911274,0.16092296731623187,-83.9077032683768,0.12667313055592153,0.22167797847286264
1200841,AKTH06,KiK-net,436,-0.2712146715714214,1,-0.1981767118398739,0.6336118459095463,-36.638815409045364,0.4014639712769027,-59.85360287230973,0.2543723279069354,-74.56276720930646,0.16117332023342174,-83.88266797665781,0.12672236918190927,0.2217641460683412
1107151,MYZ015,K-NET,74,-0.0161947457400946,4,-0.1980841137267287,0.6337469558846549,-36.62530441153451,0.40163520409306674,-59.83647959069332,0.2545350879700931,-74.54649120299068,0.16131083716687936,-83.86891628331206,0.126749391176931,0.2218114345596292
1100151,AIC015,K-NET,58,-0.0528848233678744,3,-0.1979625806585682,0.6339243285960712,-36.60756714039288,0.4018600543859796,-59.81399456140204,0.25474886516621276,-74.52511348337872,0.16149150331110249,-83.85084966888975,0.12678486571921424,0.2218735150086249
1208571,NARH04,KiK-net,34,-0.2507107643555518,0,-0.1979602495701816,0.6339277312126547,-36.60722687873454,0.4018643684004237,-59.813563159957624,0.25475296731528707,-74.5247032684713,0.1614949705898715,-83.85050294101285,0.12678554624253094,0.22187470592442912
1108541,OKY015,K-NET,29,-0.1823608026479133,0,-0.1978131092357587,0.6341425443065365,-36.58574556934635,0.4021367664995676,-59.78632335004323,0.25501203226723934,-74.49879677327607,0.16171397897072776,-83.82860210292722,0.1268285088613073,0.22194989050728775
1109581,TCG012,K-NET,391,-0.0319364130825295,3,-0.1978025745419782,0.6341579269071013,-36.58420730928987,0.4021562762591124,-59.784372374088754,0.25503059044515825,-74.49694095548418,0.16172967053459553,-83.82703294654044,0.12683158538142025,0.22195527441748542
1105611,KGS035,K-NET,49,-0.4161242017271296,4,-0.1977032825821967,0.6343029298591004,-36.56970701408996,0.4023402068278389,-59.765979317216114,0.2552055719910146,-74.47944280089854,0.16187764203026817,-83.81223579697318,0.1268605859718201,0.22200602545068512
1104401,HYG011,K-NET,23,-0.3394699892219337,0,-0.197656393979973,0.6343714160697002,-36.562858393029984,0.40242709352627665,-59.75729064737234,0.25528824518507776,-74.47117548149222,0.1619475656040066,-83.80524343959934,0.12687428321394004,0.22202999562439504
1104941,ISK015,K-NET,20,-0.3688905613861485,3,-0.1974676671630083,0.6346471481368834,-36.53528518631166,0.4027770026382792,-59.72229973617208,0.25562127605950585,-74.43787239404942,0.16222931385427639,-83.77706861457236,0.1269294296273767,0.22212650184790916
1103181,HKD095,K-NET,176,0.0183865319614916,2,-0.197205363233459,0.635030576271625,-36.4969423728375,0.4032638327998721,-59.67361672001279,0.256084864132407,-74.3915135867593,0.16262171884444318,-83.73782811555569,0.127006115254325,0.22226070169506873
1200601,AICH18,KiK-net,58,-0.1006944441182495,3,-0.1969755524373496,0.6353666972841683,-36.463330271583175,0.40369084001779193,-59.630915998220814,0.256491715745976,-74.3508284254024,0.16296629431427048,-83.70337056857295,0.12707333945683366,0.2223783440494589
1108861,SIT002,K-NET,260,-0.1752763171967282,3,-0.196642098614693,0.6358547228507201,-36.41452771492799,0.40431122857156604,-59.568877142843405,0.25708320418880726,-74.29167958111927,0.16346756954904912,-83.6532430450951,0.12717094457014402,0.22254915299775202
1110441,WKY009,K-NET,23,-0.4768790043907503,0,-0.1963073717284215,0.6363449886090897,-36.36550113909103,0.4049349445279025,-59.506505547209755,0.25767832266303053,-74.23216773369694,0.1639723092998155,-83.60276907001844,0.12726899772181796,0.2227207460131814
1206401,KKWH11,KiK-net,40,-0.2269500783481239,2,-0.196159493123988,0.6365617029252313,-36.34382970747687,0.4052108016310704,-59.47891983689295,0.25794167792997225,-74.20583220700277,0.1641957937584947,-83.58042062415053,0.12731234058504626,0.22279659602383092
1104071,HKD184,K-NET,139,-0.2438967522500698,2,-0.1961140935815984,0.6366282502146898,-36.33717497853102,0.40529552897141774,-59.47044710285822,0.25802258342891077,-74.19774165710893,0.1642644658042213,-83.57355341957788,0.12732565004293797,0.22281988757514143
1200381,AICH07,KiK-net,76,-0.3107188654484959,3,-0.1958091963889975,0.6370753531058037,-36.29246468941963,0.4058650055348844,-59.41349944651155,0.2585665917144254,-74.14334082855746,0.16472640271783176,-83.52735972821682,0.12741507062116073,0.22297637358703126
1206261,KKWH04,KiK-net,46,0.1666181478765629,2,-0.195208240165603,0.63795751814436,-36.204248185564005,0.4069897949569114,-59.30102050430885,0.25964219950079315,-74.03578004992069,0.16564069319906877,-83.43593068009312,0.127591503628872,0.22328513135052597
1102621,HKD039,K-NET,40,0.0109010501310707,2,-0.1951165808276116,0.638092175473201,-36.190782452679905,0.40716162440012227,-59.283837559987774,0.2598066466826764,-74.01933533173236,0.16578058838414625,-83.42194116158538,0.1276184350946402,0.22333226141562032
1209631,NIGH11,KiK-net,288,-0.1513224127549222,3,-0.1945386296016499,0.6389419022515114,-36.105809774848865,0.4082467544527799,-59.17532455472201,0.26084595787806486,-73.91540421219351,0.16666541252122838,-83.33345874787716,0.12778838045030227,0.22362966578802895
1110551,YMG006,K-NET,34,-0.2483231200955796,4,-0.1944968695494685,0.6390033433500332,-36.099665664996685,0.4083252728125204,-59.16747271874796,0.26092121450151495,-73.9078785498485,0.1667295284174192,-83.32704715825808,0.12780066867000664,0.2236511701725116
1207291,KOCH12,KiK-net,32,-0.0842281259903973,0,-0.1944607265392159,0.6390565249270744,-36.094347507292554,0.4083932420518685,-59.160675794813145,0.26098636606936865,-73.90136339306314,0.16678504015363604,-83.3214959846364,0.1278113049854149,0.22366978372447605
1202021,EHMH11,KiK-net,51,-0.2141402189928554,4,-0.1943508610217987,0.6392182105117564,-36.07817894882436,0.4085999206498522,-59.14000793501478,0.26118451009304416,-73.88154899069559,0.16695389515506548,-83.30461048449345,0.1278436421023513,0.22372637367911474
1105021,IWT004,K-NET,84,-0.3420219785137955,1,-0.194207774610527,0.6394288475619512,-36.05711524380488,0.408869251094405,-59.1130748905595,0.26144279403081344,-73.85572059691864,0.1671740644904996,-83.28259355095004,0.12788576951239025,0.2238000966466829
1102151,GNM008,K-NET,231,-0.2780368047556647,3,-0.194154477272622,0.6395073241441519,-36.04926758558481,0.40896961763401335,-59.10303823659866,0.26153906582938485,-73.84609341706152,0.1672561481477111,-83.2743851852289,0.12790146482883039,0.22382756345045315
1204781,IBRH21,KiK-net,104,-0.3357811726003972,3,-0.1941257175224364,0.6395496748546533,-36.04503251453467,0.40902378660669275,-59.09762133933072,0.26159102973212944,-73.84089702678706,0.16730045801007734,-83.26995419899227,0.12790993497093067,0.22384238619912863
1100991,CHB025,K-NET,135,-0.1570561270900412,3,-0.1937546162497906,0.6400963986530298,-35.99036013469702,0.40972339956857845,-59.02766004314215,0.26226247250772344,-73.77375274922767,0.167873264154033,-83.2126735845967,0.12801927973060598,0.22403373952856043
1105731,KMM002,K-NET,53,0.0001957997224732,4,-0.1937382542379329,0.6401205146908647,-35.98794853091353,0.40975427332809755,-59.02457266719024,0.26229211633956306,-73.77078836604369,0.16789856451063728,-83.21014354893627,0.12802410293817296,0.22404218014180263
1103201,HKD097,K-NET,217,-0.1329330121683208,2,-0.193585967717893,0.6403450140173879,-35.96549859826121,0.41004173697692864,-58.99582630230713,0.2625681818122054,-73.74318181877946,0.16813422606305675,-83.18657739369432,0.12806900280347758,0.22412075490608574
1101621,FKS013,K-NET,535,-0.1389316934957152,3,-0.1935844558809684,0.6403472431475336,-35.965275685246645,0.41004459180664643,-58.99554081933536,0.2625709239309418,-73.74290760690583,0.1681365672698793,-83.18634327301207,0.12806944862950673,0.22412153510163674
1210051,OITH08,KiK-net,51,-0.2188239465566103,4,-0.1935641534737524,0.6403771788131071,-35.962282118689295,0.4100829311446341,-58.99170688553659,0.2626077505258104,-73.73922494741896,0.1681680104161747,-83.18319895838253,0.12807543576262143,0.22413201258458745
1105531,KGS027,K-NET,37,-0.437593010113243,4,-0.1935230613085083,0.6404377730202657,-35.95622269797343,0.4101605411111574,-58.98394588888426,0.2626823035300168,-73.73176964699833,0.16823166948459745,-83.17683305154026,0.12808755460405316,0.224153220557093
1110671,YMG018,K-NET,56,-0.2106919283331611,4,-0.193337343978721,0.6407117019623094,-35.928829803769055,0.4105114850314392,-58.94885149685608,0.26301951224956854,-73.69804877504315,0.16851967934271755,-83.14803206572824,0.1281423403924619,0.2242490956868083
1109691,TKS007,K-NET,32,0.1095233977295186,0,-0.1932232648221706,0.6408800242740386,-35.91199757259614,0.41072720551349223,-58.92727944865077,0.2632268614394949,-73.6773138560505,0.1686968373489225,-83.13031626510775,0.1281760048548077,0.22430800849591348
1109051,SMN007,K-NET,25,-0.1230887565859647,0,-0.1928641940878552,0.641410117166822,-35.85898828331781,0.41140693840395626,-58.85930615960437,0.2638805725649251,-73.61194274350748,0.16925566896691666,-83.07443310330834,0.1282820234333644,0.22449354100838767
1110821,YMT003,K-NET,180,-0.2307124120638254,1,-0.1927788672423993,0.6415361488826056,-35.846385111739444,0.4115686303231247,-58.84313696768753,0.26403615409838616,-73.59638459016138,0.16938873746605285,-83.06112625339472,0.12830722977652112,0.22453765210891194
1209501,NIGH04,KiK-net,361,0.2768083836867672,1,-0.1927669998042161,0.6415536796018025,-35.84463203981974,0.4115911238106123,-58.84088761893877,0.2640577999721394,-73.59422000278606,0.16940725319968278,-83.05927468003172,0.12831073592036052,0.22454378786063087
1108831,SIG011,K-NET,47,-0.0526170275083576,0,-0.1927587808963596,0.6415658209498775,-35.84341790501225,0.4116067026110902,-58.839329738890974,0.2640727920691562,-73.59272079308438,0.16942007763437447,-83.05799223656255,0.1283131641899755,0.2245480373324571
1209971,OITH04,KiK-net,37,-0.4126700284869383,4,-0.1925886852867557,0.6418171455859872,-35.81828544140128,0.4119292483681443,-58.80707516318557,0.2643832543710236,-73.56167456289764,0.16968570566114435,-83.03142943388556,0.12836342911719745,0.2246360009550955
1201081,AKTH18,KiK-net,306,-0.1693492775950682,1,-0.1925623177066196,0.6418561137964243,-35.814388620357576,0.41197927081784835,-58.80207291821517,0.26443141373182877,-73.55685862681712,0.16972691958360603,-83.0273080416394,0.12837122275928486,0.22464963982874847
1108361,OKN008,K-NET,62,-0.2708941364078556,4,-0.1925080099299807,0.6419363818160708,-35.806361818392915,0.41208231829910824,-58.79176817008918,0.26453063241930797,-73.54693675806921,0.16981183705476757,-83.01881629452325,0.12838727636321418,0.22467773363562477
1209951,OITH03,KiK-net,46,-0.1894150488985928,4,-0.1924537842432333,0.6420165385204123,-35.79834614795877,0.41218523573373206,-58.78147642662679,0.2646297382749908,-73.53702617250092,0.16989666855687224,-83.01033314431278,0.12840330770408245,0.2247057884821443
1100511,AOM007,K-NET,219,-0.1444289828600582,1,-0.192128905779308,0.6424969852891778,-35.750301471082224,0.4128023761056819,-58.71976238943182,0.26522428216810995,-73.477571783189,0.17040580171849687,-82.95941982815032,0.12849939705783556,0.2248739448512122
1100391,AKT021,K-NET,77,-0.1109228582776588,1,-0.1920232503573769,0.6426533113557353,-35.73466886442647,0.4130032785964917,-58.699672140350835,0.2654179245908107,-73.45820754091893,0.17057170813145134,-82.94282918685487,0.12853066227114707,0.22492865897450734
1209691,NIGH14,KiK-net,228,-0.4255194623725344,3,-0.1919258603092513,0.6427974417964899,-35.720255820351014,0.41318855118011183,-58.681144881988814,0.2655965436781739,-73.4403456321826,0.1707247788263199,-82.92752211736801,0.12855948835929798,0.22497910462877144
1209931,OITH02,KiK-net,31,-0.4434272867290038,4,-0.1919209732520684,0.6428046751500343,-35.71953248499658,0.41319785039474105,-58.68021496052589,0.265605509995684,-73.4394490004316,0.17073246357083482,-82.92675364291652,0.12856093503000685,0.22498163630251197
1202641,FKSH12,KiK-net,564,-0.1229440300595378,3,-0.1918335742587256,0.6429340485066536,-35.70659514933464,0.413364190729156,-58.6635809270844,0.2657659126531728,-73.42340873468271,0.17086995417717005,-82.913004582283,0.1285868097013307,0.22502691697732874
1104162,HRS008,K-NET,23,-0.0673390495581965,0,-0.1915287004904805,0.6433855452467129,-35.66144547532871,0.41394495983241003,-58.60550401675899,0.2663262036839038,-73.36737963160962,0.17135042977065554,-82.86495702293445,0.12867710904934257,0.2251849408363495
1102601,HKD037,K-NET,21,-0.4089333117441981,2,-0.1915203021753087,0.6433979870507331,-35.660201294926686,0.4139609697409354,-58.603903025906455,0.26634165464888726,-73.36583453511128,0.1713636844688556,-82.86363155311443,0.12867959741014665,0.2251892954677566
1103991,HKD176,K-NET,40,0.0250234252548684,2,-0.1912709703106589,0.643767472928182,-35.6232527071818,0.4144365592003376,-58.55634407996624,0.26680077640545224,-73.31992235945476,0.17175766160181494,-82.8242338398185,0.12875349458563642,0.2253186155248637
1104141,HRS006,K-NET,29,-0.1240716928332369,0,-0.1912633518562804,0.6437787660860399,-35.62212339139601,0.4144510996632641,-58.55489003367359,0.2668148175442185,-73.31851824557816,0.17176971401208885,-82.82302859879111,0.12875575321720797,0.22532256813011395
1105391,KGS013,K-NET,64,-0.1550888433223001,4,-0.1909678707288389,0.6442169231655992,-35.57830768344008,0.41501544409295155,-58.49845559070484,0.267359972459766,-73.26400275402341,0.1722378188356698,-82.77621811643301,0.12884338463311984,0.2254759231079597
1203911,HRSH09,KiK-net,32,-0.0285165555906462,0,-0.1908843001454953,0.6443409007121355,-35.56590992878645,0.415175196330526,-58.4824803669474,0.2675143599569488,-73.24856400430512,0.17237044364809082,-82.76295563519092,0.1288681801424271,0.2255193152492474
1109081,SMN010,K-NET,22,0.0001524773856771,0,-0.1908170592716536,0.6444406703413462,-35.55593296586538,0.4153037775900037,-58.46962224099963,0.26763864482539534,-73.23613551746047,0.17247722768052723,-82.75227723194728,0.12888813406826924,0.22555423461947116
1200451,AICH10,KiK-net,41,-0.2231110378920978,3,-0.1907141692340782,0.6445933648438352,-35.54066351561648,0.41550060600069766,-58.44993939993024,0.26782893371664235,-73.21710662833576,0.172640753586947,-82.7359246413053,0.12891867296876705,0.22560767769534232
1108571,OSK003,K-NET,40,-0.0171871664673019,0,-0.1906097554591916,0.644748357644026,-35.525164235597394,0.41570044468466893,-58.4299555315331,0.2680221789823316,-73.19778210176683,0.1728068597110315,-82.71931402889685,0.1289496715288052,0.2256619251754091
1214401,YMNH15,KiK-net,177,-0.2187825426544071,3,-0.1906018224073917,0.6447601350647567,-35.523986493524326,0.41571563176872334,-58.42843682312766,0.2680368668877327,-73.19631331122673,0.17281948649686876,-82.71805135031313,0.12895202701295136,0.22566604727266484
1100701,AOM026,K-NET,143,-0.0236396088373351,1,-0.1905486225572684,0.6448391212019581,-35.51608787980419,0.4158174922325136,-58.41825077674865,0.2681353862716161,-73.1864613728384,0.1729041868465365,-82.70958131534634,0.12896782424039163,0.22569369242068532
1205841,KGSH01,KiK-net,49,-0.0614542065709693,4,-0.1904385079543251,0.6450026397573682,-35.499736024263186,0.4160284052939732,-58.39715947060268,0.268339419628661,-73.1660580371339,0.17307963401144646,-82.69203659885535,0.12900052795147363,0.22575092391507884
1100061,AIC006,K-NET,23,-0.2081289655793838,3,-0.1903459527234303,0.6451401149787624,-35.48598850212375,0.41620576795481085,-58.37942320451892,0.2685110369931908,-73.14889630068092,0.17322724127885383,-82.67727587211462,0.1290280229957525,0.22579904024256683
1106631,MIE003,K-NET,43,-0.1392863438050498,0,-0.1903151909342265,0.6451858129277761,-35.48141870722239,0.4162647332032753,-58.37352667967247,0.268568100284919,-73.14318997150811,0.17327632810879398,-82.67236718912059,0.12903716258555523,0.22581503452472163
1110661,YMG017,K-NET,51,-0.0508529520294518,4,-0.190178326417884,0.6453891702426554,-35.461082975734456,0.41652718106650327,-58.34728189334968,0.2688221317720228,-73.11778682279773,0.17349489256720757,-82.65051074327926,0.1290778340485311,0.2258862095849294
1103211,HKD098,K-NET,220,0.2113082128110966,2,-0.1900443376709096,0.6455883167454196,-35.44116832545804,0.41678427471818424,-58.321572528181576,0.2690710583612731,-73.09289416387269,0.17370913165236287,-82.62908683476371,0.12911766334908392,0.22595591086089684
1106311,KOC003,K-NET,34,0.1545142960502238,0,-0.1899847118201937,0.6456769579711227,-35.432304202887735,0.4168987340548429,-58.31012659451571,0.26918190638654305,-73.08180936134569,0.17380455445653065,-82.61954455434693,0.12913539159422455,0.22598693528989292
1203251,GIFH23,KiK-net,48,-0.1144672402318283,3,-0.1899174023826226,0.6457770364264795,-35.422296357352046,0.4170279807757667,-58.29720192242333,0.2693070935322935,-73.06929064677065,0.17391233674991324,-82.60876632500867,0.12915540728529593,0.22602196274926784
1105161,IWT018,K-NET,374,-0.304235434610777,1,-0.1898618050911111,0.6458597124766597,-35.414028752334026,0.4171347682004336,-58.28652317995664,0.26941054145395016,-73.05894585460499,0.17400141484162945,-82.59985851583706,0.12917194249533195,0.2260508993668309
1205981,KGSH08,KiK-net,77,-0.3602851144388946,4,-0.1897594496193877,0.646011948042752,-35.398805195724805,0.4173314370139913,-58.266856298600864,0.26960109460488957,-73.03989053951105,0.17416552832016297,-82.5834471679837,0.1292023896085504,0.22610418181496317
1104671,IBR011,K-NET,451,0.1106719292299049,3,-0.1897187307833771,0.6460725200482941,-35.392747995170595,0.41740970116155335,-58.25902988384466,0.26967693752205013,-73.03230624779499,0.17423085862377727,-82.57691413762227,0.1292145040096588,0.2261253820169029
1205621,IWTH19,KiK-net,376,-0.2444063482314983,1,-0.1895913234470276,0.6462620837144444,-35.373791628555566,0.4176546808469355,-58.234531915306455,0.2699143843172318,-73.00856156827682,0.17443543243335558,-82.55645675666445,0.12925241674288887,0.22619172930005552
1207371,KSRH03,KiK-net,220,-0.2836045870048509,2,-0.1895772976026394,0.6462829555379871,-35.37170444620129,0.4176816586189158,-58.23183413810842,0.26994053680624147,-73.00594631937585,0.17445796794664853,-82.55420320533516,0.12925659110759743,0.22619903443829548
1208931,NGNH20,KiK-net,86,-0.1167187858815552,3,-0.1895586043931184,0.6463107739036503,-35.368922609634964,0.4177176164639354,-58.228238353606464,0.26997539596999426,-73.00246040300058,0.17448800710431145,-82.55119928956886,0.12926215478073008,0.2262087708662776
1103161,HKD093,K-NET,100,-0.0552370466767243,2,-0.1893804298581575,0.6465759850718845,-35.34240149281155,0.4180605044716778,-58.193949552832215,0.2703078824984241,-72.9692117501576,0.17477458539911375,-82.52254146008863,0.1293151970143769,0.22630159477515957
1211941,SRCH08,KiK-net,129,-0.081597892958638,2,-0.1893388164133709,0.6466379419796418,-35.33620580203583,0.41814062800766655,-58.18593719923335,0.2703855951529524,-72.96144048470477,0.17484158479064577,-82.51584152093542,0.12932758839592837,0.2263232796928746
1103531,HKD130,K-NET,96,-0.2534379371412257,2,-0.1891889069514876,0.6468611865342662,-35.31388134657338,0.41842939464451867,-58.15706053554813,0.2706657347005681,-72.93342652994319,0.17508315830257837,-82.49168416974216,0.12937223730685324,0.22640141528699315
1207361,KSRH02,KiK-net,245,-0.092551292949496,2,-0.1891039966943843,0.6469876687291606,-35.30123312708394,0.418593043487594,-58.140695651240605,0.2708245373522826,-72.91754626477174,0.1752201360562068,-82.47798639437931,0.12939753374583213,0.22644568405520618
1208491,MYZH16,KiK-net,60,-0.3303618709033878,4,-0.1889250271725617,0.6472543424727164,-35.27456575272836,0.4189381838497885,-58.10618161502114,0.2711595587244088,-72.88404412755912,0.17550920188735916,-82.44907981126408,0.1294508684945433,0.22653901986545072
1200981,AKTH13,KiK-net,231,-0.2595070083078728,1,-0.1888669380017209,0.6473409219349308,-35.265907806506924,0.41905026921156613,-58.094973078843395,0.27126838760849614,-72.87316123915039,0.17560312812628603,-82.4396871873714,0.12946818438698615,0.22656932267722574
1108441,OKY005,K-NET,39,-0.2538536029834111,0,-0.1888338328002437,0.6473902690239463,-35.26097309760537,0.4191141604268975,-58.08858395731025,0.2713304290705145,-72.86695709294855,0.17565667947034316,-82.43433205296569,0.12947805380478924,0.22658659415838117
1102781,HKD055,K-NET,70,-0.0511400138522788,2,-0.1888299127991451,0.6473961124829923,-35.260388751700766,0.41912172645809126,-58.08782735419087,0.2713377763661284,-72.86622236338715,0.17566302158921107,-82.4336978410789,0.12947922249659846,0.2265886393690473
1110831,YMT004,K-NET,42,-0.0625577272083076,1,-0.1887359633161281,0.6475361766833266,-35.246382331667334,0.4193031001136604,-58.069689988633954,0.2715139263190658,-72.84860736809343,0.17581508976492632,-82.41849102350737,0.12950723533666533,0.2266376618391643
1101131,EHM007,K-NET,49,-0.2307517325440215,0,-0.1886864499217284,0.6476100057167787,-35.238999428322124,0.4193987195044862,-58.06012804955139,0.27160680713590996,-72.83931928640901,0.17589528592200268,-82.41047140779973,0.12952200114335574,0.22666350200087254
1106051,KNG012,K-NET,156,-0.2389570316621102,3,-0.1886853187322935,0.6476116925228078,-35.23883074771922,0.4194009042922558,-58.05990957077442,0.2716089294743039,-72.83910705256962,0.17589711852116188,-82.41028814788382,0.12952233850456157,0.2266640923829827
1108761,SIG004,K-NET,33,-0.2250395227248498,0,-0.1886723653133722,0.6476310087034313,-35.23689912965688,0.41942592343422386,-58.05740765657761,0.27163323387007454,-72.83667661299255,0.17591810524865142,-82.40818947513486,0.12952620174068627,0.22667085304620094
1202951,GIFH08,KiK-net,67,-0.2085245988874554,3,-0.1885924980715185,0.6477501197235987,-35.22498802764012,0.41958021760193653,-58.04197823980635,0.27178313618530797,-72.82168638146919,0.1760475590028884,-82.39524409971116,0.12955002394471976,0.22671254190325954
1105761,KMM005,K-NET,32,-0.1429913101933216,4,-0.1885804570524978,0.6477680791496603,-35.22319208503397,0.41960348436524053,-58.03965156347595,0.27180574307177635,-72.81942569282236,0.17606708409145067,-82.39329159085493,0.12955361582993205,0.22671882770238108
1107531,NGN024,K-NET,97,-0.0842642025114435,3,-0.1885397727501372,0.6478287643021021,-35.21712356978979,0.41968210785718857,-58.03178921428114,0.271882141332824,-72.8117858667176,0.17613307165545286,-82.3866928344547,0.12956575286042044,0.22674006750573572
1106401,KOC012,K-NET,39,-0.2136911165143124,0,-0.1883479459683135,0.6481149718440427,-35.18850281559573,0.4200530167284042,-57.994698327159576,0.27224264910993484,-72.77573508900652,0.17644453686263303,-82.3555463137367,0.12962299436880853,0.2268402401454149
1212431,SZOH42,KiK-net,202,-0.0742515125562139,3,-0.1882078785406818,0.6483240337623831,-35.16759662376169,0.4203240527539277,-57.96759472460723,0.27250618536877913,-72.74938146312209,0.1766723093234866,-82.33276906765134,0.12966480675247663,0.22691341181683408
1104922,ISK013,K-NET,24,-0.1489094220723217,3,-0.1882078648098004,0.6483240542601351,-35.16759457398649,0.42032407933229854,-57.967592066770145,0.2725062112158744,-72.74937887841256,0.17667233166654442,-82.33276683334556,0.12966481085202702,0.22691341899104725
1200361,AICH06,KiK-net,41,-0.2718428639162303,3,-0.1880175468396094,0.648608227241402,-35.1391772758598,0.42069263244523414,-57.93073675547659,0.27286470254382206,-72.7135297456178,0.17698229099370089,-82.30177090062992,0.1297216454482804,0.22701287953449067
1213691,WKYH01,KiK-net,22,-0.078041981283635,0,-0.187868742214862,0.6488305014001863,-35.116949859981375,0.4209810195472171,-57.90189804527829,0.2731453259927825,-72.68546740072175,0.1772250188190144,-82.27749811809856,0.12976610028003727,0.22709067549006517
1100301,AKT012,K-NET,232,-0.1974967193853524,1,-0.1877893693682304,0.6489490942730117,-35.10509057269883,0.4211349269577623,-57.88650730422378,0.2732951294159708,-72.67048705840293,0.17735462670371976,-82.26453732962801,0.12978981885460236,0.2271321829955541
1213841,WKYH08,KiK-net,28,-0.1171102666862331,0,-0.1876683493138062,0.649129954959383,-35.0870045040617,0.42136969842557054,-57.86303015744294,0.2735236933602394,-72.64763066397606,0.1775524227512563,-82.24475772487438,0.1298259909918766,0.22719548423578403
1108181,OIT008,K-NET,32,-0.4982969518242812,4,-0.1875960597215696,0.6492380135402654,-35.076198645973456,0.4215099982257099,-57.84900017742901,0.27366031393542073,-72.63396860645793,0.17767067860423796,-82.2329321395762,0.1298476027080531,0.2272333047390929
1207881,MIEH10,KiK-net,52,-0.2414979413656664,0,-0.1875227341831905,0.6493476390315481,-35.06523609684519,0.42165235631584574,-57.83476436841543,0.2737989620657835,-72.62010379342165,0.17779070958670493,-82.2209290413295,0.12986952780630964,0.22727167366104184
1101681,FKS019,K-NET,520,-0.1793699944750463,1,-0.1874282494363247,0.6494889259332823,-35.05110740667177,0.4218358649099687,-57.81641350900313,0.27397772282051275,-72.60222771794874,0.17794549692434136,-82.20545030756587,0.12989778518665648,0.2273211240766488
1109451,SZO027,K-NET,64,-0.5874009231379657,3,-0.1872555282999757,0.6497472823719169,-35.02527176280831,0.42217153094969156,-57.78284690503084,0.2743048049293537,-72.56951950706463,0.17822880154440637,-82.17711984555936,0.12994945647438338,0.2274115488301709
1202381,FKOH09,KiK-net,29,-0.2213730808855038,4,-0.1872466368412041,0.6497605850053917,-35.02394149946083,0.4221888178265488,-57.78111821734512,0.2743216532537131,-72.56783467462868,0.17824339789777885,-82.1756602102221,0.12995211700107834,0.22741620475188706
1110251,TYM004,K-NET,42,-0.3087114025787065,3,-0.1870622664265451,0.6500364854960122,-34.99635145039878,0.4225474324760073,-57.74525675239928,0.2746712479620673,-72.53287520379327,0.17854633269206596,-82.1453667307934,0.13000729709920245,0.22751276992360425
1212161,SZOH29,KiK-net,33,-0.2771723726257768,3,-0.1868768028717241,0.6503141400091411,-34.96858599908589,0.4229084806958288,-57.70915193041712,0.2750233649262804,-72.49766350737197,0.1788515830444542,-82.11484169555459,0.13006282800182822,0.22760994900319936
1104682,IBR012,K-NET,118,-0.1555017226151392,3,-0.1868523172483503,0.6503508059044262,-34.96491940955738,0.4229561707405366,-57.70438292594634,0.27506988650335806,-72.49301134966419,0.17889192236749796,-82.11080776325021,0.13007016118088524,0.22762278206654915
1212181,SZOH30,KiK-net,96,-0.2166849477021583,3,-0.186824622079473,0.6503922804118518,-34.96077195881482,0.4230101184193289,-57.69898815806711,0.2751225155560348,-72.48774844439652,0.17893756028513466,-82.10624397148653,0.13007845608237037,0.22763729814414813
1208111,MYGH11,KiK-net,364,-0.2916897332673568,1,-0.1867049516179792,0.6505715216226875,-34.94284783773125,0.42324330474645894,-57.6756695253541,0.2753500407855186,-72.46499592144814,0.1791348950127039,-82.08651049872961,0.1301143043245375,0.2277000325679406
1204151,HYGH03,KiK-net,29,-0.2593837526773216,0,-0.1866034114945203,0.6507236461336984,-34.927635386630165,0.4234412636375347,-57.65587363624653,0.27554324299767724,-72.44567570023229,0.17930250375095216,-82.06974962490479,0.13014472922673967,0.22775327614679441
1102051,GIF024,K-NET,57,-0.2142799671968817,3,-0.1864528410541953,0.6509492919496712,-34.90507080503288,0.4237349806897783,-57.62650193102217,0.27582998565431877,-72.41700143456814,0.17955133386016678,-82.04486661398333,0.13018985838993424,0.2278322521823849
1210651,RMIH05,KiK-net,51,-0.2645474178166511,2,-0.186378713952095,0.6510604080353616,-34.89395919646384,0.4238796549111715,-57.61203450888285,0.2759712610843556,-72.40287389156444,0.17967396184761386,-82.03260381523862,0.13021208160707232,0.22787114281237653
1108701,SAG006,K-NET,24,-0.1690699981119932,4,-0.1863451407092584,0.6511107403674313,-34.88892596325687,0.4239451962218246,-57.60548037781754,0.27603527058720817,-72.39647294127917,0.17972952939956133,-82.02704706004387,0.13022214807348628,0.22788875912860096
1105971,KNG004,K-NET,226,-0.2692242644053997,3,-0.1863442663229839,0.6511120512817795,-34.88879487182205,0.4239469033243667,-57.60530966756333,0.27603693785808664,-72.39630621419133,0.1797309768383199,-82.026902316168,0.13022241025635592,0.22788921794862282
1104521,HYG023,K-NET,31,-0.2457049436937186,0,-0.1862397313789436,0.6512687932088748,-34.873120679112525,0.4241510410077441,-57.5848958992256,0.2762363366154014,-72.37636633845985,0.179904105587953,-82.0095894412047,0.13025375864177496,0.22794407762310614
1103451,HKD122,K-NET,78,0.0230884357434426,2,-0.1862064803578093,0.6513186584094088,-34.86813415905912,0.4242159947922322,-57.57840052077678,0.2762997926038894,-72.37002073961105,0.17995921023756317,-82.00407897624369,0.13026373168188177,0.22796153044329306
1210811,SBSH03,KiK-net,65,-0.4062924789308051,2,-0.1861951514783239,0.651335648740015,-34.86643512599849,0.4242381273195763,-57.57618726804237,0.2763214158779453,-72.36785841220548,0.179977988671621,-82.00220113283791,0.130267129748003,0.22796747705900525
1210181,OKYH03,KiK-net,32,-0.3459549209025251,0,-0.1860061110915271,0.6516192248613555,-34.83807751386445,0.42460761420891374,-57.539238579108634,0.2766824844410419,-72.33175155589582,0.18029162604418575,-81.97083739558141,0.1303238449722711,0.2280667287014744
1106351,KOC007,K-NET,46,-0.0600893384751197,0,-0.1857617260599918,0.6519860054793403,-34.80139945206597,0.4250857513409063,-57.491424865909366,0.27714996100294165,-72.28500389970584,0.18069789599306285,-81.93021040069371,0.13039720109586805,0.22819510191776907
1205541,IWTH15,KiK-net,493,0.0107229999429351,1,-0.185754693925676,0.6519965625793565,-34.800343742064356,0.4250995176152967,-57.49004823847032,0.277163424239316,-72.2836575760684,0.18070959987675794,-81.92904001232421,0.1303993125158713,0.22819879690277475
1213221,TKYH12,KiK-net,292,-0.255147722032601,3,-0.1855879262924481,0.6522469751615242,-34.77530248384758,0.42542611660735796,-57.457388339264206,0.2774828977118631,-72.25171022881369,0.18098738069161732,-81.90126193083826,0.13044939503230485,0.22828644130653344
1104621,IBR006,K-NET,401,-0.230836766733681,3,-0.185453616823398,0.6524487195906378,-34.75512804093622,0.4256893316954627,-57.43106683045374,0.27774045940809894,-72.2259540591901,0.18121140711932965,-81.87885928806705,0.13048974391812757,0.2283570518567232
1200271,ABSH14,KiK-net,189,-0.2056582521151745,2,-0.1854344290065631,0.6524775464434013,-34.75224535565987,0.42572694861280086,-57.427305138719916,0.2777772748857163,-72.22227251142837,0.18124343477516638,-81.87565652248337,0.13049550928868026,0.22836714125519042
1214541,YMTH06,KiK-net,356,-0.6001749339439912,1,-0.1854265126484355,0.6524894399700742,-34.75105600299258,0.4257424692724611,-57.425753072753885,0.2777924653470647,-72.22075346529353,0.1812566501422125,-81.87433498577875,0.13049788799401485,0.22837130398952596
1108151,OIT005,K-NET,39,-0.4614658657609976,4,-0.1853223453606004,0.6526459609713612,-34.73540390286388,0.4259467503722315,-57.40532496277685,0.2779924262193135,-72.20075737806864,0.1814306341526641,-81.85693658473359,0.13052919219427225,0.2284260863399764
1204761,IBRH20,KiK-net,289,-0.1895626171742397,3,-0.1851563949609136,0.652895394381317,-34.710460561868295,0.42627239600433553,-57.372760399566445,0.2783112841031196,-72.16887158968804,0.18170815559527706,-81.82918444047229,0.1305790788762634,0.22851338803346094
1103411,HKD118,K-NET,41,0.1290471051429446,2,-0.1850629556803223,0.653035881174845,-34.6964118825155,0.4264558621018063,-57.35441378981937,0.2784909796898313,-72.15090203101687,0.18186460232099483,-81.81353976790051,0.130607176234969,0.22856255841119574
1106521,KYT007,K-NET,27,-0.2385491366003247,0,-0.1849795062338046,0.6531613737175439,-34.683862628245606,0.4266197801165891,-57.33802198834109,0.27865156163602783,-72.13484383639721,0.1820044367867268,-81.79955632132732,0.13063227474350877,0.22860648080114035
1211821,SRCH02,KiK-net,29,-0.3645648997415627,2,-0.1848664237958572,0.6533314672841708,-34.66685327158292,0.42684200614368756,-57.31579938563125,0.2788693141723744,-72.11306858276257,0.18219409820876778,-81.78059017912322,0.13066629345683417,0.22866601354945976
1103441,HKD121,K-NET,55,-0.1735815940402516,2,-0.1847968870004513,0.6534360834276048,-34.65639165723952,0.42697871512520774,-57.30212848747922,0.27900329931836676,-72.09967006816332,0.18231082316997332,-81.76891768300267,0.13068721668552097,0.22870262919966167
1109811,TKY007,K-NET,250,-0.2374598076936342,3,-0.184680816446312,0.6536107456155344,-34.638925438446556,0.4272070067840949,-57.27929932159051,0.27922709023633296,-72.0772909763667,0.1825058266454257,-81.74941733545744,0.1307221491231069,0.22876376096543705
1101641,FKS015,K-NET,385,-0.0428506391629955,3,-0.1845808477802001,0.6537612152115171,-34.62387847884829,0.42740372651483954,-57.25962734851604,0.27941997963227244,-72.05800203677275,0.18267394543877177,-81.73260545612283,0.13075224304230343,0.22881642532403096
1201021,AKTH15,KiK-net,251,-0.2775676764718939,1,-0.184474487661522,0.6539213430478011,-34.607865695219886,0.42761312289344,-57.238687710656,0.27962534762734276,-72.03746523726574,0.18285298287068025,-81.71470171293198,0.13078426860956024,0.2288724700667304
1209171,NGNH32,KiK-net,77,-0.2743488248559708,3,-0.1843851593654216,0.654055859348704,-34.5944140651296,0.4277890671483717,-57.22109328516283,0.2797979459337087,-72.02020540662912,0.18300348597167407,-81.6996514028326,0.1308111718697408,0.2289195507720464
1107111,MYZ011,K-NET,73,-0.4734862450129353,4,-0.1843355248381989,0.6541306141749423,-34.586938582505766,0.42788686040088725,-57.21131395991128,0.2798938947914202,-72.01061052085798,0.1830871653037284,-81.69128346962717,0.13082612283498848,0.2289457149612298
1108451,OKY006,K-NET,35,-0.2639102531505877,0,-0.1843026913918541,0.6541800694989266,-34.58199305010734,0.4279515633296204,-57.20484366703795,0.2799573834411454,-72.00426165588546,0.18314254055626614,-81.6857459443734,0.13083601389978533,0.2289630243246243
1201631,CHBH13,KiK-net,365,-0.3705347582884977,3,-0.1842738559487259,0.6542235059210388,-34.57764940789612,0.4280083956996155,-57.199160430038454,0.28001315319824177,-71.99868468017583,0.18319118678935867,-81.68088132106413,0.13084470118420777,0.22897822707236357
1209561,NIGH07,KiK-net,241,-0.3844624847223664,3,-0.184039642977556,0.6545764207344117,-34.54235792655883,0.42847029058147357,-57.152970941852644,0.28046654919985425,-71.95334508001457,0.18358678991097238,-81.64132100890275,0.13091528414688233,0.22910174725704407
1108771,SIG005,K-NET,41,-0.1883052515979467,0,-0.1840186392809125,0.6546080786476662,-34.53919213523338,0.4285117366307892,-57.14882633692109,0.2805072445938557,-71.94927554061444,0.18362230843033484,-81.63776915696653,0.13092161572953326,0.22911282752668316
1108172,OIT007,K-NET,25,-0.2414977411690677,4,-0.183895162276377,0.6547942208614442,-34.520577913855576,0.42875547167354583,-57.124452832645424,0.28074660501456045,-71.92533949854396,0.18383125449000473,-81.61687455099953,0.13095884417228884,0.22917797730150546
1101171,EHM011,K-NET,46,-0.161535037302927,4,-0.1837868314525354,0.6549575737200594,-34.50424262799407,0.428969423373267,-57.103057662673294,0.28095677273264785,-71.90432272673522,0.18401476618919319,-81.59852338108068,0.13099151474401188,0.22923515080202075
1205771,IWTH27,KiK-net,536,-0.1783285553339327,1,-0.1837768401365934,0.654972641752454,-34.5027358247546,0.4289891614441884,-57.10108385558116,0.28097616435427003,-71.90238356457299,0.18403170063658794,-81.59682993634121,0.1309945283504908,0.22924042461335886
1211061,SITH03,KiK-net,218,-0.2508976317009687,3,-0.1837083150009296,0.6550759947353906,-34.49240052646094,0.42912455887856144,-57.08754411214385,0.28110919727275935,-71.88908027272407,0.18414788703271998,-81.585211296728,0.1310151989470781,0.22927659815738669
1109861,TKY012,K-NET,73,-0.4866847633101802,3,-0.1836002557956604,0.6552390080858091,-34.47609919141909,0.42933815771727507,-57.0661842282725,0.281319108596056,-71.8680891403944,0.18433125367206377,-81.56687463279361,0.13104780161716184,0.22933365283003318
1105881,KMM017,K-NET,62,0.0531560231561914,4,-0.1835692350376073,0.6552858121266698,-34.47141878733302,0.4293994955745092,-57.060050442549084,0.28137939718432464,-71.86206028156754,0.18438392679964294,-81.5616073200357,0.13105716242533397,0.22935003424433442
1109411,SZO023,K-NET,78,-0.2089398261357536,3,-0.1835465982051233,0.6553199686319227,-34.46800313680774,0.4294442612877441,-57.0555738712256,0.28142339983624365,-71.85766001637563,0.18442237355297622,-81.55776264470238,0.13106399372638453,0.2293619890211729
1102851,HKD062,K-NET,51,-0.4494367256389291,2,-0.1834381056099917,0.6554836968124067,-34.45163031875933,0.4296588767868591,-57.03411232131409,0.28163438892451675,-71.83656110754832,0.18460675040174537,-81.53932495982546,0.13109673936248134,0.22941929388434232
1106561,KYT011,K-NET,41,-0.0528662201975965,0,-0.1833270598210954,0.6556513204268118,-34.434867957318815,0.4298786539774219,-57.0121346022578,0.2818505071035972,-71.81494928964027,0.18479565714544002,-81.520434285456,0.13113026408536238,0.22947796214938412
1205881,KGSH03,KiK-net,66,-0.1615000212601842,4,-0.1831814876523001,0.6558711265413226,-34.41288734586774,0.43016693463058364,-56.98330653694163,0.28213407201698837,-71.78659279830116,0.18504359164947282,-81.49564083505271,0.13117422530826453,0.2295548942894629
1104101,HRS002,K-NET,27,-0.2733721417783203,0,-0.1831733726306372,0.6558833819540623,-34.41166180459378,0.43018301072349835,-56.98169892765017,0.2821498879325087,-71.78501120674913,0.18505742271513348,-81.49425772848666,0.13117667639081246,0.22955918368392178
1213681,TYMH07,KiK-net,53,-0.3145032740581774,3,-0.1831348970994205,0.6559414913256211,-34.40585086743789,0.43025924004247984,-56.97407599575202,0.2822248875700926,-71.77751124299074,0.1851230136419323,-81.48769863580677,0.1311882982651242,0.22957952196396736
1203761,HRSH01,KiK-net,50,-0.1760336929937062,0,-0.1831288003762235,0.6559506996438081,-34.40493003561919,0.4302713203632014,-56.97286796367986,0.2822367736289071,-71.77632263710929,0.1851334091270927,-81.48665908729073,0.13119013992876163,0.22958274487533284
1104311,HYG002,K-NET,24,-0.0944318230614183,0,-0.1830499529297403,0.6560698002427983,-34.39301997572017,0.4304275827906252,-56.95724172093748,0.282390538260436,-71.76094617395641,0.1852679040269805,-81.47320959730196,0.13121396004855965,0.22962443008497938
1106531,KYT008,K-NET,26,-0.3292690477712012,0,-0.1829554786273362,0.6562125339900147,-34.37874660099853,0.43061488976559614,-56.938511023440384,0.28257488798691266,-71.74251120130873,0.18542918328783653,-81.45708167121634,0.13124250679800295,0.22967438689650513
1212851,TKCH02,KiK-net,178,-0.2117199740000636,2,-0.1828788319415361,0.6563283562179527,-34.36716437820473,0.4307669111757598,-56.92330888242402,0.2827245387250713,-71.72754612749287,0.18556013176390496,-81.4439868236095,0.13126567124359054,0.22971492467628343
1109681,TKS006,K-NET,33,-0.0550169843841633,0,-0.1828428921067277,0.6563826726086348,-34.36173273913652,0.4308382129008543,-56.91617870991457,0.2827947376457907,-71.72052623542093,0.18562156569560184,-81.43784343043981,0.13127653452172697,0.22973393541302217
1101101,EHM004,K-NET,49,-0.1269021397599155,0,-0.1827617630798527,0.6565053006039135,-34.349469939608646,0.4309992097210349,-56.90007902789651,0.2829532657379572,-71.70467342620428,0.1857603187801566,-81.42396812198433,0.13130106012078271,0.22977685521136973
1212911,TKCH05,KiK-net,224,-0.2532550268647417,2,-0.1823244197508468,0.6571667477120636,-34.283325228793636,0.43186813429845106,-56.8131865701549,0.2838093772573898,-71.61906227426103,0.18651008542242498,-81.3489914577575,0.13143334954241273,0.23000836169922226
1101213,EHM015,K-NET,29,-0.6232690227004195,4,-0.1822789286573325,0.657235587637494,-34.2764412362506,0.43195861765720206,-56.80413823427979,0.2838985759110108,-71.61014240889891,0.1865882473683209,-81.34117526316791,0.1314471175274988,0.2300324556731229
1200171,ABSH09,KiK-net,158,-0.2969996617142016,2,-0.1820583591033925,0.6575694693361862,-34.24305306638138,0.43239760700307356,-56.76023929969265,0.2843314649792479,-71.56685350207522,0.18696769054198442,-81.30323094580156,0.13151389386723725,0.23014931426766516
1109551,TCG009,K-NET,434,0.0013433541721954,3,-0.1820230987511067,0.6576228595434612,-34.237714045653874,0.43246782539411893,-56.753217460588104,0.2844007279962228,-71.55992720037771,0.18702842000111813,-81.29715799988819,0.13152457190869224,0.2301680008402114
1104272,HRS019,K-NET,21,-0.1475267727475798,0,-0.1819217912406099,0.6577762805712928,-34.22237194287072,0.4326696352822041,-56.733036471779585,0.28459982341206597,-71.5400176587934,0.1872030132952355,-81.27969867047645,0.13155525611425856,0.23022169819995245
1202141,FKIH04,KiK-net,37,-0.0562224734592986,0,-0.1817459635464989,0.6580426406256591,-34.195735937434094,0.4330201168815903,-56.697988311840966,0.28494570115679324,-71.50542988432068,0.18750642162414613,-81.24935783758539,0.13160852812513182,0.23031492421898067
1108931,SIT009,K-NET,76,-0.2091922673233713,3,-0.1817447537047335,0.6580444737794572,-34.19555262205428,0.43302252947168274,-56.69774705283173,0.2849480825408429,-71.50519174591571,0.18750851103005434,-81.24914889699457,0.13160889475589144,0.23031556582281
1108932,SIT009,K-NET,178,-0.2232720650898769,3,-0.1817447537047335,0.6580444737794572,-34.19555262205428,0.43302252947168274,-56.69774705283173,0.2849480825408429,-71.50519174591571,0.18750851103005434,-81.24914889699457,0.13160889475589144,0.23031556582281
1108611,OSK007,K-NET,37,-0.0798085600531172,0,-0.1816893980724492,0.6581283541671016,-34.18716458328984,0.4331329305586979,-56.68670694413021,0.28505706272416936,-71.49429372758307,0.1876041355343658,-81.23958644656342,0.13162567083342033,0.23034492395848555
1201121,AOMH01,KiK-net,200,-0.2831686950983456,1,-0.1816863297916024,0.6581330038456981,-34.18669961543019,0.4331390507509616,-56.68609492490384,0.2850631045536046,-71.49368954463954,0.1876094372854441,-81.2390562714556,0.13162660076913962,0.2303465513459943
1109101,SMN012,K-NET,31,0.005419888347801,4,-0.181685843614015,0.6581337406031482,-34.18662593968518,0.433140020520292,-56.685997947970804,0.28506406190994416,-71.49359380900559,0.18761027737631897,-81.23897226236811,0.13162674812062966,0.23034680921110187
1108371,OKN009,K-NET,109,-0.3003390017300412,4,-0.1816627112254434,0.6581687965652075,-34.183120343479246,0.43318616477209354,-56.68138352279064,0.2851096167567465,-71.48903832432535,0.1876502533499554,-81.23497466500447,0.13163375931304153,0.23035907879782264
1202261,FKOH03,KiK-net,49,-0.3066614191695146,4,-0.1815354697193763,0.6583616580032462,-34.16383419967538,0.4334400727287833,-56.65599272712167,0.2853603249267694,-71.46396750732306,0.18787029664713295,-81.2129703352867,0.13167233160064926,0.23042658030113616
1105591,KGS033,K-NET,62,-0.577082982704737,4,-0.1815138399908917,0.6583944480549684,-34.16055519450316,0.43348324922960646,-56.65167507703936,0.28540296461760106,-71.45970353823989,0.18790772736265712,-81.20922726373429,0.1316788896109937,0.23043805681923893
1109121,SMN014,K-NET,32,-0.0393891744992789,4,-0.1814115681940266,0.6585495113013183,-34.14504886986817,0.4336874588352052,-56.63125411647948,0.285604664073435,-71.4395335926565,0.18808481195093782,-81.19151880490621,0.13170990226026366,0.2304923289554614
1213811,WKYH07,KiK-net,28,-0.1977678889174752,0,-0.1811703468441756,0.6589153928259833,-34.10846071740167,0.4341694949030199,-56.583050509698005,0.28608096328708216,-71.39190367129177,0.18850315030434345,-81.14968496956566,0.13178307856519667,0.23062038748909414
1110751,YMN007,K-NET,64,-0.2278709272949448,3,-0.181151016611878,0.6589447214764756,-34.10552785235244,0.4342081459617101,-56.579185403828994,0.2861191658035559,-71.38808341964442,0.18853671401950572,-81.14632859804942,0.13178894429529514,0.23063065251676645
1204581,IBRH11,KiK-net,499,-0.0093237542218372,3,-0.1811070567251644,0.6590114241462306,-34.09885758537694,0.43429605715524305,-56.5703942844757,0.2862060631269695,-71.37939368730305,0.18861306526059013,-81.13869347394098,0.13180228482924614,0.2306539984511807
1202041,EHMH12,KiK-net,53,-0.2573416793818839,4,-0.1811028605075044,0.6590177916430584,-34.09822083569416,0.43430444970209353,-56.56955502979064,0.2862143593434274,-71.37856406565726,0.1886203550310383,-81.13796449689616,0.13180355832861168,0.2306562270750704
1100281,AKT010,K-NET,80,-0.1001238539282889,1,-0.1810217435261697,0.6591408936597964,-34.08591063402036,0.4344667176946351,-56.55332823053649,0.28637478056668025,-71.36252194333197,0.18876132878434973,-81.12386712156503,0.1318281787319593,0.23069931278092873
1104991,IWT001,K-NET,352,-0.3926841072575537,1,-0.1810091680130565,0.6591599801444461,-34.08400198555539,0.43449187942402656,-56.55081205759734,0.2863996586140644,-71.36003413859355,0.18878319328542284,-81.12168067145772,0.13183199602888923,0.2307059930505561
1202621,FKSH11,KiK-net,445,-0.0426565435904237,3,-0.1808955858695761,0.659332394480178,-34.0667605519822,0.43471920641096506,-56.5280793589035,0.28662445528946434,-71.33755447105356,0.18898078842257923,-81.10192115774207,0.13186647889603562,0.2307663380680623
1100691,AOM025,K-NET,123,-0.1003006755386207,1,-0.1808612450392233,0.6593845317235804,-34.06154682764196,0.43478796067632536,-56.521203932367456,0.2866924558496093,-71.33075441503907,0.18904057074907785,-81.09594292509222,0.13187690634471608,0.23078458610325311
1104182,HRS010,K-NET,22,-0.1712196684852175,0,-0.1808488897630633,0.6594032908702221,-34.05967091297779,0.4348127000104787,-56.51872999895213,0.28671692529907633,-71.32830747009237,0.18906208409040257,-81.09379159095974,0.13188065817404443,0.2307911518045777
1200321,AICH04,KiK-net,42,-0.121014385230041,3,-0.1808160120609495,0.6594532120331881,-34.054678796681195,0.4348785388608889,-56.51214611391111,0.2867820492961128,-71.32179507038872,0.18911934356178167,-81.08806564382182,0.13189064240663761,0.2308086242116158
1104681,IBR012,K-NET,367,-0.0580271950426794,3,-0.1807472540939325,0.6595576256364701,-34.04423743635299,0.4350162615352181,-56.49837384647819,0.28691829257142215,-71.30817074285778,0.18923914780007725,-81.07608521999228,0.13191152512729404,0.23084516897276453
1108202,OIT010,K-NET,31,-0.1025701507920353,4,-0.1807374845763013,0.659572462648212,-34.0427537351788,0.435035833483827,-56.496416651617295,0.2869376560311453,-71.30623439688547,0.18925617641496809,-81.0743823585032,0.1319144925296424,0.2308503619268742
1105291,KGS003,K-NET,72,-0.1294451210484162,4,-0.1806928701758953,0.659640222987542,-34.0359777012458,0.4351252237830541,-56.487477621694595,0.2870260996437579,-71.2973900356242,0.18933396037225292,-81.0666039627747,0.1319280445975084,0.23087407804563967
1209831,NMRH02,KiK-net,213,-0.3294533101369651,2,-0.180507146660257,0.659922374627974,-34.0077625372026,0.43549754053462403,-56.450245946537606,0.2873945710942514,-71.26054289057487,0.1896581078117065,-81.03418921882934,0.1319844749255948,0.2309728311197909
1107301,NGN001,K-NET,62,-0.1900447436752658,3,-0.1804827901350875,0.6599593860737284,-34.00406139262716,0.4355463912668125,-56.44536087331875,0.28744292898707346,-71.25570710129266,0.1897006589455433,-81.02993410544566,0.13199187721474567,0.23098578512580492
1101431,FKO010,K-NET,38,-0.1958415089321851,4,-0.1804297431302497,0.6600400018963445,-33.995999810365554,0.4356528041033264,-56.43471958966736,0.28754827764650737,-71.24517223534926,0.18979336572309133,-81.02066342769086,0.1320080003792689,0.23101400066372055
1204221,HYGH06,KiK-net,23,-0.3677963256265514,0,-0.1804076873159134,0.6600735231359848,-33.992647686401526,0.4356970559451514,-56.43029440548486,0.2875920907376924,-71.24079092623077,0.18983192455927242,-81.01680754407276,0.13201470462719697,0.23102573309759467
1108851,SIT001,K-NET,231,-0.2464050948554393,3,-0.1803790022306528,0.6601171223328314,-33.988287766716866,0.4357546151969783,-56.424538480302175,0.28764908262707956,-71.23509173729204,0.1898820846654666,-81.01179153345333,0.13202342446656629,0.23104099281649096
1103091,HKD086,K-NET,40,0.2454852005805831,2,-0.1801989345388252,0.6603908776234161,-33.96091223765839,0.4361161112482257,-56.388388875177434,0.28800710145292713,-71.19928985470729,0.1901972624902748,-80.98027375097251,0.13207817552468323,0.23113680716819562
1106001,KNG007,K-NET,54,-0.064997124474141,3,-0.1800992600573899,0.6605424606510754,-33.945753934892466,0.43631634232297745,-56.36836576770226,0.2882054703802964,-71.17945296197036,0.19037195057810163,-80.96280494218983,0.13210849213021508,0.23118986122787635
1108581,OSK004,K-NET,45,-0.0414173983785464,0,-0.180085686972302,0.660563105028334,-33.943689497166595,0.4363436157246739,-56.365638427532616,0.2882324936623808,-71.17675063376193,0.19039575098368186,-80.96042490163181,0.1321126210056668,0.2311970867599169
1109621,TCG016,K-NET,246,-0.2098493361942881,3,-0.1799237968842088,0.6608093861986521,-33.919061380134785,0.43666904488823943,-56.333095511176055,0.28855500352454916,-71.14449964754508,0.19067985476360724,-80.93201452363927,0.13216187723973044,0.23128328516952823
1204031,HRSH15,KiK-net,51,-0.1682504407794054,0,-0.179900073189181,0.6608454844434858,-33.91545155565142,0.4367167543093454,-56.32832456906546,0.28860229506614615,-71.13977049338538,0.19072152349448918,-80.92784765055107,0.13216909688869716,0.23129591955522
1204111,HYGH01,KiK-net,35,-0.1965197658027022,0,-0.1797949302674548,0.6610054948502053,-33.89945051497947,0.4369282642221648,-56.30717357778352,0.2888119835062133,-71.11880164937867,0.19090630807619388,-80.90936919238061,0.13220109897004106,0.23135192319757183
1210141,OKYH01,KiK-net,23,-0.2676882646780635,0,-0.1797113027951516,0.6611327899081156,-33.886721009188435,0.43709656589168855,-56.29034341083114,0.28897887206722855,-71.10211279327714,0.19105340791430725,-80.89465920856928,0.13222655798162314,0.23139647646784045
1108781,SIG006,K-NET,28,-0.1850416023089031,0,-0.17954252409853,0.6613897740986793,-33.86102259013207,0.437436433282302,-56.2563566717698,0.28931598379111373,-71.06840162088864,0.19135063316274184,-80.86493668372582,0.13227795481973587,0.23148642093453772
1104351,HYG006,K-NET,22,-0.2626435859363463,0,-0.1795084111506461,0.6614417269600579,-33.85582730399421,0.43750515816390373,-56.249484183609624,0.2893841673698658,-71.06158326301342,0.19141076342002245,-80.85892365799776,0.1322883453920116,0.23150460443602025
1104391,HYG010,K-NET,39,-0.2264845308293554,0,-0.1794827379230659,0.6614808291053281,-33.851917089467186,0.4375568872738723,-56.24431127261277,0.28943549257466766,-71.05645074253324,0.19145602960080021,-80.85439703991997,0.13229616582106563,0.23151829018686482
1104641,IBR008,K-NET,393,-0.0708920076048072,3,-0.1794454460889074,0.6615376313294419,-33.846236867055815,0.43763203766496855,-56.23679623350315,0.28951006159076037,-71.04899384092396,0.19152180039079245,-80.84781996092076,0.13230752626588838,0.23153817096530463
1209681,NIGH13,KiK-net,71,0.0776645343147858,3,-0.1789019432173338,0.662366038530464,-33.763396146953596,0.4387287689985402,-56.12712310014598,0.29059903671091014,-70.940096328909,0.19248293274697445,-80.75170672530255,0.1324732077060928,0.2318281134856624
1109841,TKY010,K-NET,93,-0.0887469768009591,3,-0.17881515776655,0.6624984129481202,-33.750158705187985,0.43890414715877796,-56.1095852841222,0.2907733009290386,-70.92266990709615,0.1926368503931742,-80.73631496068258,0.13249968258962405,0.23187444453184206
1109281,SZO010,K-NET,114,0.2150544049470846,3,-0.178800776655694,0.662520351105896,-33.7479648894104,0.43893321562947973,-56.106678437052025,0.2908021881308829,-70.9197811869117,0.19266236778283535,-80.73376322171646,0.13250407022117922,0.23188212288706359
1214311,YMNH11,KiK-net,254,-0.0239483674151159,3,-0.17875215497527,0.662594528092709,-33.740547190729096,0.4390315086583998,-56.096849134160024,0.2908998752973425,-70.91001247026576,0.19274866559487056,-80.72513344051295,0.13251890561854182,0.23190808483244815
1207511,KSRH10,KiK-net,167,-0.23695505961126,2,-0.1786432668540802,0.6627606773802208,-33.72393226197792,0.43925171548148917,-56.074828451851076,0.2911187644929358,-70.88812355070641,0.1929420695534311,-80.70579304465689,0.13255213547604416,0.23196623708307726
1105461,KGS020,K-NET,59,-0.3125573956442136,4,-0.1786164478364461,0.6628016061505911,-33.71983938494088,0.43930596911580333,-56.06940308841967,0.2911727019214964,-70.88272980785035,0.19298973450077514,-80.70102654992249,0.13256032123011824,0.23198056215270688
1208311,MYZH07,KiK-net,29,-0.3131505860805019,4,-0.17859928822154,0.6628277949360533,-33.717220506394675,0.4393406857397907,-56.06593142602093,0.291207217954599,-70.8792782045401,0.1930202381463095,-80.69797618536904,0.13256555898721065,0.23198972822761862
1108232,OIT013,K-NET,31,-0.354264721538238,4,-0.1785816839491959,0.6628546634273743,-33.71453365726257,0.4393763048274177,-56.062369517258226,0.29124263265434136,-70.87573673456586,0.19305153724379587,-80.6948462756204,0.13257093268547487,0.231999132199581
1100261,AKT008,K-NET,47,0.0670620180320478,1,-0.1785002532188992,0.6629789611153267,-33.70210388846733,0.4395411028815579,-56.04588971184421,0.2914065037559002,-70.85934962440999,0.19319638112233628,-80.68036188776637,0.13259579222306536,0.23204263639036435
1106891,MYG010,K-NET,308,0.0372964189138098,1,-0.1784923003609726,0.6629911017848082,-33.700889821519176,0.43955720104583396,-56.04427989541661,0.29142251301882394,-70.8577486981176,0.1932105329912477,-80.67894670087523,0.13259822035696164,0.23204688562468287
1207961,MYGH04,KiK-net,557,-0.2246211260330748,1,-0.1783918585813608,0.6631444532779928,-33.68555467220072,0.43976056591336793,-56.023943408663214,0.2916247800558411,-70.83752199441588,0.1933893553324456,-80.66106446675543,0.13262889065559855,0.23210055864729745
1100591,AOM015,K-NET,96,0.0940211418056012,1,-0.1782729820985803,0.6633259961563013,-33.66740038436987,0.4400013771767494,-55.999862282325054,0.29186435182591175,-70.81356481740883,0.1936012119174361,-80.6398788082564,0.13266519923126027,0.23216409865470544
1109041,SMN006,K-NET,27,-0.0145859688880201,0,-0.1782702745304367,0.6633301316127931,-33.66698683872069,0.4400068635054454,-55.99931364945546,0.2918698106795994,-70.81301893204007,0.19360603993189965,-80.63939600681003,0.1326660263225586,0.23216554606447756
1201301,AOMH10,KiK-net,222,-0.1086797895269156,1,-0.178270046396611,0.6633304800585751,-33.666951994142494,0.44000732577473967,-55.99926742252603,0.2918702706354479,-70.81297293645521,0.1936064467354379,-80.63935532645621,0.13266609601171503,0.23216566802050126
1105581,KGS032,K-NET,49,-0.8440940359531631,4,-0.1781991190984742,0.6634388214784191,-33.65611785215808,0.4401510698446737,-55.98489301553262,0.29201330705021566,-70.79866929497844,0.19373296428541084,-80.62670357145892,0.13268776429568382,0.23220358751744669
1110611,YMG012,K-NET,53,-0.0775719020841742,4,-0.1781592287384197,0.6634997617620563,-33.65002382379437,0.44023193385830545,-55.97680661416946,0.292093783235035,-70.7906216764965,0.1938041555886234,-80.61958444113766,0.13269995235241125,0.23222491661671968
1201181,AOMH04,KiK-net,151,-0.0834753839101524,1,-0.1780341035198823,0.6636909511897027,-33.630904881029736,0.4404856786910923,-55.95143213089078,0.2923463590759328,-70.76536409240673,0.1940276331319522,-80.59723668680479,0.13273819023794053,0.2322918329163959
1200421,AICH09,KiK-net,82,-0.2315560406364579,3,-0.1779681254318033,0.6637917868858688,-33.62082131141312,0.4406195363371347,-55.93804636628653,0.29247962936204963,-70.75203706379504,0.19414557580195155,-80.58544241980485,0.13275835737717376,0.23232712541005407
1108662,SAG002,K-NET,29,-0.342553190401401,4,-0.1778390878259396,0.663989042049308,-33.6010957950692,0.44088144796155765,-55.911855203844226,0.2927404502893065,-70.72595497106934,0.19437645115667967,-80.56235488433204,0.1327978084098616,0.23239616471725777
1209071,NGNH27,KiK-net,150,-0.2898097371083098,3,-0.177758338867439,0.6641125099049486,-33.588749009505136,0.4410454258122505,-55.89545741877495,0.2929037847182705,-70.70962152817295,0.19452106762990937,-80.54789323700906,0.13282250198098974,0.23243937846673202
1202161,FKIH05,KiK-net,38,0.0377808797563645,0,-0.1776937880572443,0.6642112267627696,-33.57887732372304,0.44117655375770326,-55.882344624229674,0.29303441999037505,-70.6965580009625,0.19463675158552365,-80.53632484144764,0.13284224535255393,0.23247392936696934
1104751,IBR019,K-NET,172,-0.1935981623038455,3,-0.1775993651113648,0.664355653186931,-33.5644346813069,0.44136843392143377,-55.863156607856624,0.2932256142139669,-70.67743857860332,0.19480609446225905,-80.5193905537741,0.1328711306373862,0.23252447861542583
1212321,SZOH37,KiK-net,126,-0.3190398914399345,3,-0.1775951197759074,0.6643621474587063,-33.56378525412937,0.44137706297594376,-55.86229370240563,0.2932342133977146,-70.67657866022854,0.1948137117212702,-80.51862882787297,0.13287242949174125,0.23252675161054717
1213151,TKYH02,KiK-net,95,-0.1658584942837362,3,-0.1775921903347408,0.6643666287875494,-33.56333712124506,0.4413830174465334,-55.86169825534666,0.2932401473050295,-70.67598526949706,0.19481896809020682,-80.51810319097932,0.13287332575750987,0.23252832007564225
1206691,KMMH10,KiK-net,50,-0.0640566932277569,4,-0.1775290399300197,0.664463240818579,-33.5536759181421,0.4415113983991289,-55.84886016008711,0.29336809463862795,-70.66319053613721,0.19493231491635432,-80.50676850836457,0.1328926481637158,0.23256213428650263
1100521,AOM008,K-NET,188,-0.2436493411961298,1,-0.1774516619745965,0.6645816383338914,-33.541836166610864,0.4416687540105592,-55.833124598944075,0.29352494414122593,-70.6475055858774,0.19507128826923986,-80.49287117307603,0.13291632766677827,0.23260357341686197
1110311,TYM010,K-NET,33,-0.079774761348119,3,-0.1772137617477609,0.6649457862578981,-33.50542137421019,0.44215289866213436,-55.78471013378656,0.2940077068471017,-70.59922931528983,0.19549918579532766,-80.45008142046723,0.13298915725157964,0.23273102519026434
1206781,KMMH15,KiK-net,57,-0.1781972425049186,4,-0.1771789441268047,0.664999097454285,-33.500090254571504,0.4422237996150136,-55.77762003849864,0.29407842761678865,-70.59215723832114,0.1955618889459397,-80.44381110540603,0.132999819490857,0.23274968410899974
1105542,KGS028,K-NET,26,-0.6691741764622043,4,-0.1771691187702647,0.6650141423775205,-33.49858576224795,0.4422438095621092,-55.775619043789085,0.2940983877377136,-70.59016122622864,0.1955795870960071,-80.44204129039929,0.13300282847550413,0.23275494983213219
1108391,OKN011,K-NET,99,-0.3234173448769364,4,-0.1771260673715871,0.6650800681703596,-33.491993182964045,0.44233149707749014,-55.76685029225099,0.2941858622301944,-70.58141377698057,0.19565715330681369,-80.43428466931863,0.13301601363407192,0.23277802385962584
1108221,OIT012,K-NET,51,-0.3276138547623439,4,-0.1770993094894827,0.6651210465457185,-33.48789534542816,0.4423860065580718,-55.76139934419282,0.2942402436590858,-70.57597563409142,0.19570537879839833,-80.42946212016017,0.1330242093091437,0.23279236629100145
1110841,YMT005,K-NET,298,-0.2184690200361879,1,-0.1768487508905821,0.6655048872048405,-33.44951127951595,0.4428967548935274,-55.710324510647254,0.29474995490880684,-70.52500450911931,0.1961575354952173,-80.38424645047827,0.1331009774409681,0.23292671052169414
1104532,HYG024,K-NET,29,-0.2603818123390353,0,-0.1765675370669249,0.6659359536497871,-33.40640463502129,0.4434706943634514,-55.652930563654856,0.2953230797666582,-70.46769202333418,0.19666625675920169,-80.33337432407983,0.1331871907299574,0.23307758377742546
1208431,MYZH13,KiK-net,87,-0.0862690747976236,4,-0.1764946916804517,0.6660476622543079,-33.39523377456921,0.4436194883944286,-55.63805116055713,0.29547172317556125,-70.45282768244388,0.19679825048333457,-80.32017495166654,0.1332095324508616,0.23311668178900774
1102081,GNM001,K-NET,250,-0.3414549807267268,3,-0.1764087553612318,0.6661794699337767,-33.38205300662233,0.44379508616124774,-55.620491383875226,0.2956471752581148,-70.43528247418853,0.19695407850086932,-80.30459214991306,0.13323589398675537,0.23316281447682186
1200951,AKTH11,KiK-net,26,-0.0738731027978924,1,-0.1762399654389524,0.6664384330093018,-33.356156699069814,0.44414018499189367,-55.58598150081063,0.29599208892245904,-70.4007911077541,0.19726050392463354,-80.27394960753665,0.13328768660186038,0.23325345155325564
1108792,SIG007,K-NET,33,-0.0288147117053988,0,-0.1761721137483841,0.6665425616795588,-33.345743832044114,0.4442789865303485,-55.572101346965155,0.2961308537823367,-70.38691462176632,0.1973838178724336,-80.26161821275663,0.13330851233591176,0.23328989658784557
1214191,YMGH16,KiK-net,50,-0.142345430667605,4,-0.1761686827222165,0.6665478275397064,-33.34521724602936,0.4442860063979022,-55.57139936020978,0.29613787237081385,-70.3862127629186,0.1973900554809968,-80.26099445190032,0.1333095655079413,0.23329173963889724
1204311,HYGH11,KiK-net,33,-0.2069896137005697,0,-0.1759238488029514,0.6669237004386044,-33.307629956139564,0.4447872222067213,-55.521277779327875,0.2966391401419144,-70.33608598580857,0.1978356730383713,-80.21643269616288,0.1333847400877209,0.2334232951535115
1108731,SIG001,K-NET,40,-0.0763257295991854,0,-0.1757918793441813,0.6671263899435156,-33.28736100564844,0.44505762015906764,-55.49423798409323,0.29690968345357116,-70.30903165464288,0.1980762852616529,-80.19237147383471,0.13342527798870313,0.23349423648023043
1105561,KGS030,K-NET,80,-0.5328189797321894,4,-0.1755359986964223,0.6675195679328539,-33.248043206714605,0.445582373573264,-55.441762642673595,0.2974349534861207,-70.25650465138793,0.1985436516391838,-80.14563483608161,0.1335039135865708,0.23363184877649887
1103041,HKD081,K-NET,138,-0.1428084496782999,2,-0.175500821778058,0.6675736377709903,-33.24263622290097,0.4456545618467934,-55.43454381532066,0.29750723704130067,-70.24927629586993,0.1986079884948574,-80.13920115051427,0.13351472755419808,0.2336507732198466
1100801,CHB006,K-NET,251,-0.3122943700696135,3,-0.1754882274934679,0.6675929972946278,-33.24070027053722,0.44568041003682496,-55.4319589963175,0.29753312077198274,-70.24668792280173,0.19863102789059245,-80.13689721094075,0.13351859945892558,0.23365754905311972
1104231,HRS015,K-NET,21,-0.0800585520506432,0,-0.1752164556872267,0.6680108928527434,-33.19891071472566,0.44623855296991943,-55.37614470300806,0.2980922141947521,-70.19077858052478,0.19912884615668758,-80.08711538433124,0.13360217857054868,0.23380381249846016
1107951,NIG018,K-NET,75,0.0823802759151317,3,-0.1750830320643947,0.6682161501827748,-33.178384981722516,0.44651282336508863,-55.34871766349114,0.2983670798362609,-70.16329201637392,0.19937370142946287,-80.06262985705371,0.13364323003655496,0.23387565256397116
1205681,IWTH22,KiK-net,499,-0.2535557474060497,1,-0.1750153231616682,0.6683203368839428,-33.167966311605724,0.44665207269266677,-55.33479273073332,0.29850666369187434,-70.14933363081258,0.19949807404065525,-80.05019259593448,0.13366406737678857,0.23391211790937996
1110721,YMN004,K-NET,179,-0.1262319804443534,3,-0.1749503406885132,0.668420343583131,-33.15796564168691,0.4467857557157908,-55.32142442842092,0.29864068834359775,-70.13593116564023,0.19961751151053034,-80.03824884894696,0.1336840687166262,0.2339471202540958
1208141,MYGH13,KiK-net,212,-0.0552729452683889,1,-0.1746727198100942,0.6688477650100855,-33.115223498991455,0.44735733275898654,-55.26426672410134,0.2992139521767212,-70.07860478232789,0.2001285831732346,-79.98714168267654,0.1337695530020171,0.2340967177535299
1206751,KMMH13,KiK-net,45,-0.1528100925190261,4,-0.1746482509171856,0.6688854500972049,-33.11145499027951,0.4474077453517404,-55.25922546482596,0.29926453112657453,-70.07354688734256,0.2001736906007278,-79.98263093992722,0.133777090019441,0.2341099075340217
1214431,YMTH01,KiK-net,311,-0.1124122115851229,1,-0.1744856432056593,0.6691359398025882,-33.086406019741176,0.447742905935493,-55.225709406450704,0.29960087015308795,-70.03991298469121,0.2004737098155597,-79.95262901844403,0.13382718796051765,0.23419757893090587
1107731,NGS019,K-NET,33,-0.2252540991382347,4,-0.174395140297872,0.6692753960037547,-33.072460399624525,0.44792955569598275,-55.20704443040172,0.29978823077021477,-70.02117692297853,0.20064088686600048,-79.93591131339996,0.13385507920075096,0.23424638860131414
1108651,SAG001,K-NET,22,-0.1556738054957491,4,-0.1743743098016469,0.6693074978920757,-33.06925021079243,0.44797252673455085,-55.20274732654491,0.2998313709930932,-70.01686290069068,0.2006793847089379,-79.9320615291062,0.13386149957841514,0.23425762426222646
1109031,SMN005,K-NET,24,0.1470431769373817,0,-0.1741913860816709,0.6695894678689304,-33.04105321310696,0.4483500554809973,-55.16499445190026,0.3002104750685264,-69.97895249314736,0.20101777224981338,-79.89822277501865,0.13391789357378608,0.2343563137541256
1205311,IWTH04,KiK-net,524,-0.1498468856360485,1,-0.1738095332191195,0.6701784624425472,-32.98215375574528,0.4491391715218566,-55.08608284781433,0.3010033993932374,-69.89966006067625,0.20172599539533975,-79.82740046046602,0.13403569248850944,0.2345624618548915
1100241,AKT006,K-NET,185,-0.0862924055090283,1,-0.1737775729052305,0.6702277835899803,-32.977221641001975,0.4492052818959374,-55.07947181040627,0.3010698604620264,-69.89301395379736,0.20178538528320858,-79.82146147167914,0.13404555671799606,0.23457972425649307
1203131,GIFH17,KiK-net,43,-0.2492711601629751,3,-0.1733834655393406,0.6708362683932305,-32.91637316067695,0.4500212989917544,-54.99787010082456,0.3018906089131028,-69.81093910868972,0.202519169546226,-79.7480830453774,0.1341672536786461,0.23479269393763066
1105411,KGS015,K-NET,74,-0.1608093265565103,4,-0.1733302312751703,0.6709185021433625,-32.90814978566375,0.4501316365182931,-54.9868363481707,0.30200164334019364,-69.79983566598064,0.2026184901946367,-79.73815098053633,0.1341837004286725,0.23482147575017684
1205111,ISKH03,KiK-net,56,-0.167050132315517,3,-0.1731595686246597,0.6711822016260339,-32.88177983739661,0.45048554777957006,-54.95144522204299,0.3023578817594017,-69.76421182405983,0.20293722875825929,-79.70627712417408,0.1342364403252068,0.23491377056911186
1104611,IBR005,K-NET,546,-0.009701892725781,3,-0.1731341140468196,0.6712215416614137,-32.87784583385863,0.4505383579903249,-54.946164200967516,0.30241105122786777,-69.75889487721322,0.20298481202061816,-79.70151879793819,0.13424430833228274,0.23492753958149476
1104151,HRS007,K-NET,26,-0.0029846329147784,0,-0.1731234535469273,0.6712380181429122,-32.87619818570878,0.4505604770004245,-54.943952299957544,0.3024333216352901,-69.75666783647098,0.20300474343485006,-79.699525656515,0.13424760362858243,0.23493330635001924
1107261,NAR006,K-NET,42,-0.1872046986179912,0,-0.1731234535469273,0.6712380181429122,-32.87619818570878,0.4505604770004245,-54.943952299957544,0.3024333216352901,-69.75666783647098,0.20300474343485006,-79.699525656515,0.13424760362858243,0.23493330635001924
1214691,YMTH14,KiK-net,525,0.0009946709105947,1,-0.1730734526765446,0.6713153030697521,-32.86846969302479,0.45066423613563306,-54.9335763864367,0.30253779826409083,-69.74622017359091,0.20309825373171364,-79.69017462682864,0.1342630606139504,0.2349603560744132
1103171,HKD094,K-NET,128,-0.0173333068355085,2,-0.1730617129857978,0.6713334500665471,-32.86665499334529,0.4506886011782531,-54.93113988217468,0.3025623335346627,-69.74376664653373,0.20312021523201046,-79.68797847679896,0.13426669001330943,0.23496670752329146
1101821,GIF001,K-NET,46,-0.2070730061368816,3,-0.1729383467908832,0.6715241769138152,-32.847582308618485,0.45094472017977694,-54.905527982022306,0.3028202820523554,-69.71797179476447,0.20335114065801732,-79.66488593419827,0.13430483538276303,0.2350334619198353
1105151,IWT017,K-NET,432,-0.2261461172432938,1,-0.1728717801874386,0.671627112851091,-32.8372887148909,0.4510829787166921,-54.89170212833079,0.30295955865176205,-69.70404413482379,0.20347585368792373,-79.65241463120762,0.1343254225702182,0.23506948949788184
1205191,ISKH07,KiK-net,42,-0.1675953948954887,3,-0.1728436876346354,0.6716705587873512,-32.83294412126489,0.45114133954171254,-54.88586604582875,0.3030183556220562,-69.69816443779438,0.20352850824349078,-79.64714917565092,0.13433411175747023,0.23508469557557288
1103941,HKD171,K-NET,43,-0.4994683002407181,1,-0.1728254498535542,0.6716987655418295,-32.83012344581705,0.4511792316304176,-54.88207683695824,0.30305653292426266,-69.69434670757373,0.20356269905461405,-79.6437300945386,0.1343397531083659,0.23509456793964031
1213411,TTRH02,KiK-net,33,-0.2031752520161104,0,-0.1725935443677964,0.6720575364490524,-32.79424635509476,0.4516613322979694,-54.83386677020305,0.3035424022934702,-69.64575977065299,0.20399795909317675,-79.60020409068233,0.1344115072898105,0.23522013775716832
1105872,KMM016,K-NET,51,-0.0622156394590965,4,-0.1724686474148463,0.6722508384891359,-32.77491615108641,0.4519211898493463,-54.80788101506538,0.30380439880723104,-69.6195601192769,0.2042327618348489,-79.5767238165151,0.1344501676978272,0.23528779347119755
1202871,GIFH04,KiK-net,45,-0.3319341484863471,3,-0.1722956812819387,0.6725186286419005,-32.748137135809955,0.45228130587038246,-54.77186941296175,0.30416760358431755,-69.58323964156826,0.20455837963981846,-79.54416203601815,0.1345037257283801,0.23538152002466514
1105541,KGS028,K-NET,20,-0.6749975824393434,4,-0.1720051367139997,0.672968696551205,-32.703130344879504,0.4528868665378278,-54.71131334621722,0.30477868425912147,-69.52213157408785,0.2051065138824522,-79.48934861175478,0.134593739310241,0.2355390437929217
1110881,YMT009,K-NET,266,-0.1319487891791493,1,-0.1719853918110211,0.6729992933104028,-32.700070668959725,0.4529280487963015,-54.70719512036985,0.30482025676037056,-69.51797432396293,0.2051438173864249,-79.48561826135752,0.13459985866208055,0.23554975265864095
1204291,HYGH10,KiK-net,39,-0.0435659541325305,0,-0.1718141195493356,0.673264755681117,-32.6735244318883,0.45328543124235415,-54.67145687576458,0.30518110511919333,-69.48188948808067,0.20546768217656697,-79.45323178234331,0.13465295113622341,0.23564266448839094
1214571,YMTH08,KiK-net,364,-0.2364908699060786,1,-0.1717704458829299,0.6733324641602287,-32.666753583977126,0.45337660729208573,-54.66233927079143,0.3052731881805844,-69.47268118194157,0.2055503480396821,-79.44496519603179,0.13466649283204576,0.23566636245608005
1214051,YMGH09,KiK-net,31,-0.1693123612204002,4,-0.1717563399436996,0.6733543344382695,-32.66456655617305,0.4534060597068049,-54.65939402931951,0.30530293556415394,-69.46970644358461,0.20557705497885076,-79.44229450211493,0.13467086688765392,0.23567401705339433
1103921,HKD169,K-NET,73,-0.1743281758459475,2,-0.1716541765551433,0.6735127528740015,-32.64872471259985,0.45361942828391577,-54.63805717160842,0.3055184699006308,-69.44815300993692,0.20577058571662663,-79.42294142833734,0.1347025505748003,0.2357294635059005
1211841,SRCH03,KiK-net,26,-0.4253994858158736,2,-0.1715288706335843,0.6737071078935324,-32.62928921064676,0.4538812672262677,-54.61187327737322,0.30578303587006034,-69.42169641299397,0.20600820473892262,-79.39917952610773,0.13474142157870647,0.23579748776273632
1101891,GIF008,K-NET,40,-0.3325855024591532,3,-0.1715279747815778,0.6737084976014657,-32.62915023985343,0.4538831397404241,-54.61168602595758,0.3057849281611572,-69.42150718388427,0.20600990454062534,-79.39900954593746,0.13474169952029313,0.23579797416051296
1211771,SOYH09,KiK-net,24,-0.1488552338952077,2,-0.1714108225236166,0.6738902570326262,-32.61097429673738,0.45412807852349896,-54.58719214765011,0.30603248756193335,-69.39675124380666,0.20623231170344525,-79.37676882965548,0.13477805140652524,0.23586158996141915
1209321,NGSH01,KiK-net,38,-0.0813482661635313,4,-0.1712603094856217,0.6741238470325991,-32.58761529674009,0.45444296113803107,-54.555703886196895,0.30635083721925543,-69.36491627807446,0.206518404927902,-79.3481595072098,0.13482476940651983,0.23594334646140966
1101831,GIF002,K-NET,50,-0.2979642541280894,3,-0.1711558004118647,0.6742860884132639,-32.57139115867361,0.4546617290276599,-54.53382709723401,0.3065720788172721,-69.34279211827278,0.20671728784242124,-79.32827121575787,0.13485721768265277,0.23600013094464234
1205001,IBUH07,KiK-net,119,-0.3821447160069073,2,-0.1711463716868664,0.6743007276209375,-32.56992723790625,0.45468147127012576,-54.53185287298743,0.3065920469132042,-69.34079530867959,0.2067352403163662,-79.32647596836337,0.1348601455241875,0.2360052546673281
1208691,NGNH08,KiK-net,51,-0.1021152543141992,3,-0.1709922725404357,0.6745400297717425,-32.545997022825745,0.4550042517644633,-54.49957482355367,0.3069185815314705,-69.30814184685295,0.2070288691237391,-79.29711308762609,0.13490800595434851,0.23608901042010988
1103631,HKD140,K-NET,48,-0.3719511465870811,2,-0.1709105795941881,0.6746669260317517,-32.53330739682483,0.45517546108113316,-54.482453891886685,0.30709182913269334,-69.29081708673066,0.20718470037042214,-79.28152996295779,0.13493338520635034,0.23613342411111307
1212531,TCGH06,KiK-net,450,-0.1183557105922537,3,-0.1708360292396505,0.6747827483085682,-32.52172516914318,0.45533175741486454,-54.46682425851355,0.30725001466057256,-69.27499853394275,0.20732700931050904,-79.26729906894909,0.13495654966171364,0.23617396190799886
1110651,YMG016,K-NET,58,-0.1963858032588852,4,-0.1708229635181519,0.6748030494094397,-32.51969505905603,0.45535915549227873,-54.464084450772134,0.30727774670269686,-69.27222532973032,0.20735196049064125,-79.26480395093587,0.13496060988188793,0.23618106729330388
1108671,SAG003,K-NET,31,-0.296601927430238,4,-0.1706180696026569,0.675121486933135,-32.4878513066865,0.4557890221188072,-54.421097788119276,0.30771296234064865,-69.22870376593512,0.2077436326840185,-79.22563673159814,0.135024297386627,0.23629252042659724
1109842,TKY010,K-NET,74,-0.1898829087217777,3,-0.1705651644082456,0.6752037343726491,-32.479626562735085,0.45590008291077094,-54.40999170892291,0.3078254384821529,-69.21745615178472,0.2078448855980478,-79.21551144019521,0.13504074687452983,0.23632130703042717
1201101,AKTH19,KiK-net,414,-0.235487161539426,1,-0.170370015236118,0.675507203709584,-32.449279629041605,0.45630998226354136,-54.36900177364586,0.30824068014361466,-69.17593198563854,0.20821879991335343,-79.17812000866465,0.1351014407419168,0.23642752129835437
1108381,OKN010,K-NET,57,-0.5013038059911124,4,-0.1700642183419018,0.6759830116124645,-32.401698838753546,0.4569530319886574,-54.304696801134256,0.30889248672913944,-69.11075132708606,0.20880607344362692,-79.11939265563731,0.13519660232249292,0.23659405406436257
1109201,SZO002,K-NET,103,-0.1838439795069144,3,-0.1697990000713365,0.6763959521559417,-32.36040478440583,0.457511484092943,-54.24885159070569,0.30945891590532415,-69.05410840946759,0.20931675807692723,-79.06832419230727,0.13527919043118836,0.23673858325457958
1205431,IWTH10,KiK-net,375,-0.2452327686688503,1,-0.1697055991784678,0.6765414358827869,-32.34585641172131,0.4577083144663431,-54.22916855336569,0.3096586402845499,-69.03413597154501,0.2094969011316208,-79.05030988683792,0.13530828717655738,0.2367895025589754
1102171,GNM010,K-NET,310,-0.0694304932699458,3,-0.1696718022195667,0.6765940866388117,-32.34059133611883,0.45777955807460785,-54.22204419253922,0.30973094197740814,-69.0269058022592,0.20956212379098327,-79.04378762090167,0.13531881732776235,0.23680793032358408
1101501,FKS001,K-NET,540,-0.2409329175334013,1,-0.1696063639405619,0.6766960416261653,-32.33039583738348,0.4579175327525208,-54.20824672474792,0.3098709818048507,-69.01290181951494,0.20968846680215594,-79.03115331978441,0.13533920832523305,0.2368436145691578
1209371,NGSH04,KiK-net,30,-0.2206418750631881,4,-0.1695286895000803,0.6768170808962655,-32.31829191037345,0.45808136099294194,-54.191863900705805,0.31003728956023135,-68.99627104397686,0.209838533289146,-79.0161466710854,0.1353634161792531,0.2368859783136929
1205351,IWTH06,KiK-net,299,-0.1133906232657925,1,-0.1695218324124033,0.6768277672643797,-32.317223273562036,0.4580958265400853,-54.19041734599147,0.3100519754702565,-68.99480245297435,0.2098517862934439,-79.01482137065561,0.13536555345287593,0.23688971854253285
1208511,NARH01,KiK-net,32,-0.0631508893098384,0,-0.1692968818234361,0.677178433112234,-32.282156688776595,0.4585706302723404,-54.14293697276595,0.3105341408791131,-68.9465859120887,0.21028702294837154,-78.97129770516284,0.13543568662244682,0.2370124515892819
1200801,AKTH04,KiK-net,455,-0.2638311729427575,1,-0.1688050387828243,0.6779457791982711,-32.20542208017289,0.459610479532751,-54.038952046724894,0.31159098467452195,-68.8409015325478,0.21124179289632533,-78.87582071036748,0.13558915583965422,0.23728102271939489
1105771,KMM006,K-NET,25,-0.125915591311245,4,-0.1687527350845908,0.6780274316443673,-32.19725683556327,0.45972119806225714,-54.027880193774294,0.3117035831946237,-68.82964168053762,0.2113435799477971,-78.8656420052203,0.13560548632887345,0.23730960107552854
1211901,SRCH06,KiK-net,91,-0.138393610678455,2,-0.1687153766437933,0.678085758743165,-32.1914241256835,0.4598002962102938,-54.01997037897062,0.31178403272608907,-68.8215967273911,0.2114163123950739,-78.85836876049261,0.135617151748633,0.23733001556010774
1212551,TCGH07,KiK-net,280,-0.4170558547893815,3,-0.1686422490978382,0.6781999460620292,-32.18000539379708,0.45995516683853926,-54.004483316146064,0.31194156934084893,-68.80584306591511,0.2115587555014685,-78.84412444985315,0.13563998921240583,0.23736998112171018
1201961,EHMH08,KiK-net,50,-0.222317647543592,0,-0.1686153575340551,0.6782419415801025,-32.17580584198975,0.46001213131834723,-53.99878686816528,0.3119995210957569,-68.80004789042431,0.21161116096004834,-78.83888390399517,0.13564838831602052,0.23738467955303588
1208101,MYGH11,KiK-net,364,-0.1856516114092783,1,-0.168614001197297,0.678244059787796,-32.1755940212204,0.4600150046374314,-53.99849953625686,0.3120024443085933,-68.79975556914066,0.21161380449157605,-78.8386195508424,0.1356488119575592,0.2373854209257286
1109271,SZO009,K-NET,70,-0.0398862851749606,3,-0.168571348496138,0.6783106744076541,-32.168932559234584,0.4601053710153666,-53.98946289846334,0.3120943845120172,-68.79056154879828,0.21169695243718814,-78.8303047562812,0.13566213488153084,0.23740873604267893
1103031,HKD080,K-NET,197,0.0433092287535506,2,-0.1685332883695051,0.6783701219081714,-32.162987809182866,0.4601860222977073,-53.98139777022928,0.31217644804653216,-68.7823551953468,0.21177117511818594,-78.8228824881814,0.13567402438163428,0.23742954266785996
1108721,SAG008,K-NET,33,-0.0254061455057323,4,-0.1682124435828375,0.6788714682143978,-32.11285317856022,0.46086647035557216,-53.91335296444279,0.3128690973810745,-68.71309026189255,0.21239790349800344,-78.76020965019966,0.13577429364287957,0.2376050138750392
1207181,KOCH06,KiK-net,20,-0.1570912075521309,4,-0.1681275170342925,0.6790042349213884,-32.09957650786116,0.46104675104118,-53.895324895882,0.31305269645370826,-68.69473035462917,0.2125641066456278,-78.7435893354372,0.1358008469842777,0.23765148222248592
1109541,TCG008,K-NET,361,-0.2441566439023538,3,-0.1680991130899388,0.6790486449473302,-32.09513550526698,0.4611070622048053,-53.88929377951948,0.3131141257658173,-68.68858742341827,0.21261972281514618,-78.73802771848538,0.13580972898946606,0.23766702573156556
1110491,WKY014,K-NET,27,-0.1701441165485041,0,-0.1680899788005887,0.6790629271735453,-32.09370728264547,0.46112645906150374,-53.88735409384962,0.31313388308747675,-68.68661169125232,0.21263761124660066,-78.73623887533994,0.13581258543470906,0.23767202451074085
1208711,NGNH09,KiK-net,43,-0.2985838825015343,3,-0.1679596061120205,0.6792668085324567,-32.07331914675433,0.4614033971738692,-53.859660282613085,0.31341601304432765,-68.65839869556723,0.21289309492358727,-78.71069050764127,0.13585336170649134,0.23774338298635983
1101361,FKO003,K-NET,39,-0.2520181968622793,4,-0.1674885885147269,0.6800039124941809,-31.99960875058191,0.4624053210073936,-53.759467899260635,0.31443742744315534,-68.55625725568446,0.21381868089595077,-78.61813191040493,0.13600078249883618,0.2380013693729633
1206951,KNGH18,KiK-net,289,-0.1557138982728727,3,-0.1674810011319515,0.680015792670553,-31.998420732944698,0.46242147828136054,-53.75785217186395,0.3144539081013883,-68.55460918986117,0.21383362357591879,-78.61663764240812,0.1360031585341106,0.23800552743469353
1105211,IWT023,K-NET,249,-0.2638903533489988,1,-0.1672627377621411,0.6803576340874344,-31.964236591256558,0.4628865102610513,-53.71134897389487,0.31492837097219784,-68.50716290278022,0.21426392138165437,-78.57360786183456,0.13607152681748688,0.23812517193060204
1105741,KMM003,K-NET,54,-0.1746705251912593,4,-0.1671876468241393,0.6804752803205896,-31.952471967941044,0.46304660712738493,-53.69533928726151,0.31509176978650516,-68.49082302134948,0.2144121603721828,-78.55878396278172,0.13609505606411793,0.23816634811220633
1100401,AKT022,K-NET,152,-0.0533347116347199,1,-0.1670375419392065,0.6807105131446066,-31.92894868553934,0.46336680270559366,-53.66331972944063,0.31541865404390035,-68.45813459560996,0.21470879384960456,-78.52912061503955,0.13614210262892132,0.2382486796006123
1107901,NIG013,K-NET,106,0.0058781818298888,3,-0.1669884642287727,0.6807874415941865,-31.921255840581352,0.46347154063235785,-53.652845936764216,0.31552560439881894,-68.44743956011811,0.21480586897613133,-78.51941310238686,0.1361574883188373,0.23827560455796526
1202921,GIFH06,KiK-net,44,-0.1001661944989902,3,-0.1668858136011389,0.680948372760928,-31.9051627239072,0.4636906863657558,-53.63093136342443,0.31574941834515924,-68.42505816548407,0.21500905262234568,-78.49909473776543,0.1361896745521856,0.23833193046632478
1212931,TKCH06,KiK-net,156,0.1079938643920707,2,-0.166753814909065,0.6811553704533707,-31.88446295466293,0.4639726386974687,-53.60273613025313,0.3160374545922022,-68.39625454077978,0.21527060945989182,-78.47293905401081,0.13623107409067414,0.23840437965867972
1100221,AKT004,K-NET,24,-0.5186399369183642,1,-0.1666619164433596,0.6812995209305943,-31.87004790694057,0.4641690372202573,-53.58309627797426,0.31623814268897654,-68.37618573110234,0.21545289511398064,-78.45471048860193,0.13625990418611886,0.238454832325708
1208371,MYZH10,KiK-net,76,-0.3907259979752517,4,-0.166654050857221,0.6813118601815379,-31.868813981846213,0.4641858508240274,-53.58141491759726,0.31625532549486796,-68.37446745051321,0.21546850410522625,-78.45314958947738,0.1362623720363076,0.23845915106353824
1105802,KMM009,K-NET,21,-0.2930238650809348,4,-0.1665075730196503,0.6815416902247632,-31.845830977523683,0.46449907551442704,-53.550092448557294,0.3165754850339425,-68.34245149660575,0.21575939115375742,-78.42406088462425,0.13630833804495265,0.2385395915786671
1204621,IBRH13,KiK-net,503,-0.1653307641257596,3,-0.1664839137203601,0.6815788199575309,-31.84211800424691,0.4645496878147003,-53.54503121852997,0.3166272280323828,-68.33727719676173,0.21580641244873552,-78.41935875512644,0.1363157639915062,0.2385525869851358
1105321,KGS006,K-NET,61,-0.1292873558093286,4,-0.1663841929811586,0.6817353389794857,-31.82646610205143,0.46476307241347425,-53.52369275865257,0.3168454107169471,-68.31545892830529,0.21600471347921232,-78.39952865207877,0.13634706779589714,0.23860736864281998
1103261,HKD103,K-NET,106,0.1807077927387932,2,-0.16616105000266,0.682085708482963,-31.7914291517037,0.4652409137167056,-53.475908628329435,0.3173341782477202,-68.26658217522798,0.2164491077959551,-78.35508922040448,0.1364171416965926,0.23872999796903704
1106581,KYT013,K-NET,40,-0.3296421791735794,0,-0.1661487900584034,0.682104963737511,-31.789503626248905,0.46526718155535113,-53.47328184446489,0.3173610540030667,-68.26389459969333,0.21647355023246007,-78.352644976754,0.1364209927475022,0.2387367373081288
1110621,YMG013,K-NET,61,-0.1218126583090018,4,-0.1661473583922947,0.6821072123227669,-31.789278767723307,0.4652702491027363,-53.47297508972637,0.3173641925921868,-68.26358074078132,0.21647640470012225,-78.35235952998778,0.1364214424645534,0.2387375243129684
1101381,FKO005,K-NET,43,-0.2130296639494268,4,-0.1661046976605743,0.6821742189812791,-31.782578101872094,0.4653616650427181,-53.46383349572819,0.3174577303943438,-68.25422696056562,0.21656147929133093,-78.3438520708669,0.1364348437962558,0.23876097664344764
1102461,HKD023,K-NET,36,-0.4550868512283361,2,-0.1660958056343964,0.6821881864005417,-31.781181359945833,0.4653807216644602,-53.46192783355398,0.3174772304980534,-68.25227695019467,0.21657921609693379,-78.34207839030663,0.13643763728010835,0.23876586524018958
1104551,HYG026,K-NET,31,-0.3098695015633133,0,-0.1660602600522262,0.6822440235562374,-31.775597644376262,0.46545690767820375,-53.45430923217962,0.31755519348642186,-68.24448065135782,0.2166501329053559,-78.33498670946442,0.13644880471124748,0.23878540824468306
1104021,HKD179,K-NET,84,-0.2525125396829432,2,-0.1659077143977693,0.6824837034172546,-31.75162965827454,0.46578400543013115,-53.42159945698688,0.31788999301847853,-68.21100069815215,0.21695473971453647,-78.30452602854635,0.13649674068345094,0.2388692961960391
1110181,TTR006,K-NET,20,0.0227392688463202,0,-0.1657817502347427,0.6826816818870635,-31.731831811293652,0.46605427878414973,-53.39457212158503,0.3181667188910257,-68.18332811089742,0.21720659077301394,-78.27934092269861,0.1365363363774127,0.23893858866047218
1105201,IWT022,K-NET,343,-0.2443213354015125,1,-0.165663418700359,0.6828677164342586,-31.71322835657414,0.466308318148139,-53.3691681851861,0.31842689636811944,-68.15731036318806,0.21744344757414602,-78.25565524258539,0.13657354328685173,0.23900370075199048
1200471,AICH11,KiK-net,63,-0.1025525569760882,3,-0.1655578761306708,0.6830336876236502,-31.696631237634975,0.4665350184287622,-53.346498157123776,0.3186591340429651,-68.1340865957035,0.2176549234203255,-78.23450765796744,0.13660673752473004,0.23906179066827757
1211401,SMNH07,KiK-net,37,0.0199568840733369,0,-0.1655057758607196,0.6831156328834597,-31.688436711654035,0.4666469678897696,-53.335303211023046,0.31877383880316745,-68.12261611968326,0.2177593926407157,-78.22406073592842,0.13662312657669193,0.23909047150921087
1208281,MYZH05,KiK-net,49,-0.3541717680273439,4,-0.1654507766441232,0.6832021483823,-31.679785161770003,0.4667651755541902,-53.32348244458098,0.3188949707286642,-68.11050292713358,0.21786972911013402,-78.21302708898659,0.13664042967646,0.23912075193380497
1103561,HKD133,K-NET,26,-0.1587801123241389,2,-0.165416288059718,0.6832564056007476,-31.674359439925237,0.46683931579445337,-53.316068420554664,0.3189709529028305,-68.10290470971695,0.21793894677143336,-78.20610532285667,0.13665128112014954,0.23913974196026166
1108161,OIT006,K-NET,38,-0.3963186020096656,4,-0.1652875490000188,0.6834589751233114,-31.654102487668855,0.46711617067660727,-53.288382932339275,0.3192547392741598,-68.07452607258402,0.21819751690757727,-78.18024830924227,0.1366917950246623,0.239210641293159
1211381,SMNH06,KiK-net,27,-0.0351417974525242,0,-0.1652830619027553,0.6834660366054797,-31.653396339452033,0.4671258231932029,-53.2874176806797,0.31926463497393043,-68.07353650260696,0.21820653469392742,-78.17934653060725,0.13669320732109594,0.23921311281191787
1101761,FKS027,K-NET,250,-0.3122855772639669,3,-0.1652655581616913,0.6834935834754362,-31.65064165245638,0.46716347865209307,-53.28365213479069,0.31930324009276956,-68.06967599072304,0.21824171578632462,-78.17582842136754,0.13669871669508724,0.23922275421640266
1210541,OSMH02,KiK-net,166,-0.2427471856923883,2,-0.1649720508425247,0.6839556620460805,-31.60443379539195,0.4677953476448923,-53.22046523551077,0.3199512767005387,-68.00487232994612,0.21883248727820562,-78.11675127217944,0.13679113240921612,0.23938448171612817
1100131,AIC013,K-NET,41,-0.2859697573512899,3,-0.164895075268721,0.6840768990125651,-31.592310098743493,0.46796120376264716,-53.20387962373528,0.3201214491281388,-67.98785508718612,0.21898768822698578,-78.10123117730143,0.13681537980251302,0.23942691465439775
1108971,SIT013,K-NET,157,-0.2707394526414791,3,-0.1645626774376955,0.6846006743004065,-31.53993256995935,0.46867808325257126,-53.13219167474288,0.32085733182453235,-67.91426681754676,0.21965914572130413,-78.03408542786958,0.1369201348600813,0.23961023600514225
1214211,YMGH17,KiK-net,44,-0.3146812885029353,0,-0.1643370575227057,0.6849564229476734,-31.504357705232657,0.46916530133727213,-53.08346986627279,0.32135778657514524,-67.86422134248548,0.22011607997889335,-77.98839200211066,0.1369912845895347,0.23973474803168568
1105801,KMM009,K-NET,29,-0.2646856254402742,4,-0.1643216143120795,0.6849807799561648,-31.50192200438352,0.46919866890935585,-53.080133109064406,0.3213920701839249,-67.8607929816075,0.22014739090631133,-77.98526090936888,0.13699615599123297,0.23974327298465767
1109631,TKS001,K-NET,39,-0.3953770119006792,0,-0.1642195172618544,0.6851418290622577,-31.485817093774227,0.469419325930776,-53.058067406922405,0.32161881556538396,-67.83811844346161,0.2203545035573041,-77.96454964426958,0.13702836581245156,0.2397996401717902
1103301,HKD107,K-NET,89,-0.0672508844701876,2,-0.1641893301356334,0.6851894538480988,-31.481054615190118,0.46948458766465595,-53.05154123353441,0.32168588821204547,-67.83141117879545,0.220415778054652,-77.95842219453479,0.13703789076961978,0.23981630884683458
1214151,YMGH14,KiK-net,37,-0.1076312216934798,4,-0.1641360022213799,0.6852735948387186,-31.472640516128138,0.4695998997831803,-53.04001002168197,0.32180441146032196,-67.8195588539678,0.220524065876373,-77.9475934123627,0.13705471896774374,0.2398457581935515
1110241,TYM003,K-NET,27,-0.313515388087923,3,-0.164112551305979,0.6853105990551113,-31.46894009448887,0.46965061717727546,-53.034938282272456,0.3218565458043614,-67.81434541956386,0.22057170221499575,-77.94282977850042,0.13706211981102226,0.23985870966928893
1104581,IBR002,K-NET,508,-0.256278906844103,3,-0.164088480619352,0.6853485833135091,-31.46514166864909,0.46970268064983395,-53.02973193501661,0.3219100667619213,-67.80899332380787,0.22062060820963988,-77.93793917903601,0.13706971666270182,0.23987200415972817
1205251,IWTH01,KiK-net,390,0.0905240875559013,1,-0.1639779438650521,0.6855230406291886,-31.447695937081143,0.4699418392334881,-53.00581607665119,0.32215595855021406,-67.7844041449786,0.22084533226215358,-77.91546677378464,0.13710460812583772,0.23993306422021599
1200211,ABSH11,KiK-net,179,0.0436593037292496,2,-0.1639485218230379,0.6855694841640887,-31.44305158359113,0.47000551761701465,-52.99944823829854,0.32222144026697225,-67.77785597330276,0.22090518659043787,-77.9094813409562,0.13711389683281774,0.23994931945743103
1107381,NGN009,K-NET,49,-0.008834516919138,3,-0.1638947699544578,0.6856543411514895,-31.43456588485105,0.4701218755398831,-52.987812446011695,0.3223411048342011,-67.76588951657989,0.22101457786113737,-77.89854221388626,0.1371308682302979,0.2399790194030213
1107061,MYZ006,K-NET,72,-0.2525706193774889,4,-0.1638414827154284,0.685738475005074,-31.4261524994926,0.4702372561022845,-52.97627438977155,0.32245977889015104,-67.75402211098489,0.22112307702660552,-77.88769229733946,0.1371476950010148,0.24000846625177588
1212311,SZOH36,KiK-net,88,-0.2595119110122289,3,-0.1637120428252092,0.6859428873232585,-31.405711267674153,0.47051764466936846,-52.94823553306316,0.3227482317210456,-67.72517682789544,0.2213868539452101,-77.861314605479,0.1371885774646517,0.24008001056314046
1207451,KSRH07,KiK-net,263,-0.0934693541636712,2,-0.1636281760134503,0.6860753628677976,-31.39246371322024,0.4706994035341801,-52.930059646581995,0.3229352640813685,-67.70647359186314,0.22155792848743294,-77.84420715125671,0.13721507257355953,0.24012637700372913
1107681,NGS014,K-NET,57,-0.3300206468199768,4,-0.163494518764045,0.6862865399876089,-31.371346001239107,0.4709892149681639,-52.901078503183605,0.32323355871198134,-67.67664412880187,0.22183084061632732,-77.81691593836727,0.13725730799752178,0.2402002889956631
1204661,IBRH15,KiK-net,498,-0.2412746224781349,3,-0.1634839379512365,0.6863032603425117,-31.369673965748834,0.4710121651567613,-52.898783484323864,0.32325718460807085,-67.67428153919292,0.22185245972566023,-77.81475402743398,0.13726065206850233,0.24020614111987906
1105311,KGS005,K-NET,58,-0.1041552029732498,4,-0.1629699142680652,0.68711603830013,-31.288396169987,0.47212845008926574,-52.78715499107343,0.32440703019411693,-67.55929698058831,0.2229052733836923,-77.70947266163077,0.137423207660026,0.2404906134050455
1104042,HKD181,K-NET,136,-0.2265355799906303,2,-0.1629586309376824,0.6871338903758748,-31.28661096241252,0.47215298330308475,-52.78470166969152,0.32443231626962404,-67.55676837303758,0.222928439642003,-77.7071560357997,0.13742677807517498,0.24049686163155617
1209361,NGSH03,KiK-net,47,-0.1629844427036587,4,-0.1629468106690204,0.6871525924733245,-31.28474075266755,0.47217868534281077,-52.782131465718926,0.3244588077439586,-67.55411922560415,0.22295271089206511,-77.70472891079349,0.1374305184946649,0.24050340736566356
1106071,KNG014,K-NET,123,-0.2287728047830842,3,-0.1628804239863552,0.6872576393246368,-31.27423606753632,0.4723230628100726,-52.767693718992746,0.3246076331454326,-67.53923668545674,0.22308907566228775,-77.69109243377123,0.13745152786492737,0.24054017376362286
1109261,SZO008,K-NET,99,-0.1380403919387635,3,-0.162437647146531,0.6879586773384677,-31.204132266153227,0.47328714172529396,-52.671285827470605,0.3256019960226371,-67.43980039773629,0.22400071852249848,-77.59992814775015,0.13759173546769354,0.24078553706846367
1214631,YMTH11,KiK-net,274,-0.0078456310884754,1,-0.1623866743948595,0.6880394271666644,-31.196057283333555,0.47339825333583174,-52.66017466641683,0.3257166630468852,-67.42833369531148,0.22410590626141633,-77.58940937385836,0.13760788543333288,0.24081379950833254
1100501,AOM006,K-NET,216,-0.1615671371437634,1,-0.1623211764770371,0.688143201334073,-31.185679866592697,0.47354106554230657,-52.645893445769346,0.32586406480543095,-67.41359351945691,0.22424114075494309,-77.5758859245057,0.13762864026681462,0.24085012046692555
1102751,HKD052,K-NET,60,-0.0589727402416006,2,-0.1622249023419743,0.6882957654074944,-31.170423459250564,0.4737510606778885,-52.62489393221115,0.3260808489218996,-67.39191510781004,0.22444006749342443,-77.55599325065756,0.13765915308149887,0.24090351789262301
1203431,GNMH06,KiK-net,85,0.027525577114465,3,-0.1620444444992924,0.6885818251738647,-31.141817482613533,0.47414492995977076,-52.58550700402292,0.3264875812686332,-67.35124187313669,0.2248134146065559,-77.51865853934441,0.13771636503477294,0.24100363881085263
1107521,NGN023,K-NET,83,-0.2987487690602122,3,-0.1616465815845328,0.6892129331236319,-31.078706687636814,0.47501446718487983,-52.49855328151202,0.3273861142046502,-67.26138857953498,0.22563874403493528,-77.43612559650647,0.13784258662472637,0.24122452659327112
1200881,AKTH08,KiK-net,187,-0.0733856692608722,1,-0.1615306955823941,0.6893968654365825,-31.06031345634175,0.4752680380737855,-52.47319619262145,0.32764829569026205,-67.2351704309738,0.2258797080145052,-77.41202919854948,0.13787937308731651,0.24128890290280386
1105501,KGS024,K-NET,34,-0.3689312333045441,4,-0.1614681142956789,0.6894962138126137,-31.050378618738627,0.47540502886192954,-52.45949711380704,0.3277899674277768,-67.22100325722232,0.22600994146721207,-77.3990058532788,0.13789924276252274,0.24132367483441478
1206041,KGSH11,KiK-net,51,-0.4288961933731589,4,-0.1614270568215595,0.6895614007130174,-31.043859928698257,0.47549492535329857,-52.450507464670146,0.32788294675855223,-67.21170532414477,0.226095424036739,-77.3904575963261,0.13791228014260348,0.24134649024955607
1110591,YMG010,K-NET,30,-0.1736768934704029,4,-0.1612837433218198,0.6897889876821957,-31.021101231780435,0.47580884752762825,-52.41911524723717,0.3282077032663149,-67.17922967336851,0.2263940593855698,-77.36059406144302,0.13795779753643914,0.24142614568876847
1207551,KYTH02,KiK-net,27,0.1168094733814085,0,-0.1610941510431487,0.69009018242781,-30.990981757219004,0.476224459883248,-52.3775540116752,0.3286378243974159,-67.1362175602584,0.2267897361910913,-77.32102638089087,0.138018036485562,0.24153156384973345
1104281,HRS020,K-NET,26,-0.0445720031309748,0,-0.1607488064006207,0.6906391503200918,-30.93608496799082,0.4769824359548584,-52.30175640451415,0.329422744285471,-67.05772557145289,0.2275122442094306,-77.24877557905694,0.13812783006401838,0.24172370261203213
1104881,ISK009,K-NET,21,-0.2210832805111446,3,-0.1607243608544899,0.6906780260762376,-30.93219739237624,0.477036135704568,-52.2963864295432,0.32947837657546725,-67.05216234245329,0.227563474767947,-77.2436525232053,0.13813560521524754,0.24173730912668315
1109801,TKY006,K-NET,153,-0.2700894342155195,3,-0.1606880227268265,0.6907358186509861,-30.92641813490139,0.47711597116744797,-52.2884028832552,0.32956109093580743,-67.04389090641925,0.22763964994305702,-77.23603500569429,0.13814716373019723,0.24175753652784512
1105061,IWT008,K-NET,321,-0.31688312789375,1,-0.1606686269104566,0.6907666679590673,-30.92333320409327,0.4771585895632723,-52.28414104367277,0.3296052490006698,-67.03947509993301,0.22768031959401136,-77.23196804059886,0.13815333359181345,0.24176833378567353
1108281,OIT018,K-NET,48,-0.3126640595515245,4,-0.1604471179394097,0.6911190787033511,-30.88809212966489,0.4776455809477688,-52.23544190522311,0.3301099738513489,-66.98900261486511,0.22814530099893157,-77.18546990010684,0.13822381574067022,0.24189167754617286
1108171,OIT007,K-NET,24,-0.0934653422561625,4,-0.1603753835071611,0.6912332434727706,-30.87667565272294,0.47780339688188656,-52.219660311811346,0.3302735917689739,-66.97264082310261,0.2282960860718696,-77.17039139281304,0.13824664869455414,0.2419316352154697
1108621,OSK008,K-NET,21,0.0724087629401032,0,-0.1602988792910386,0.6913550200960741,-30.864497990392593,0.477971763812043,-52.202823618795705,0.33044817837563095,-66.9551821624369,0.2284570070015954,-77.15429929984046,0.13827100401921483,0.2419742570336259
1212211,SZOH31,KiK-net,58,-0.3334833930312265,3,-0.1602959341231817,0.6913597085357661,-30.864029146423388,0.4779782465866595,-52.20217534133405,0.33045490124658944,-66.95450987534106,0.22846320421005745,-77.15367957899426,0.13827194170715323,0.24197589798751812
1105371,KGS011,K-NET,38,-0.3042562950374289,4,-0.1601272886609818,0.6916282298351049,-30.837177016489512,0.47834960830484063,-52.165039169515936,0.3308400928341927,-66.91599071658074,0.22881834776539445,-77.11816522346055,0.138325645967021,0.2420698804422867
1207061,KNGH23,KiK-net,166,-0.2795754409499117,3,-0.1600731724742241,0.6917144170099933,-30.828558299000676,0.4784688346994748,-52.15311653005252,0.33096379105159807,-66.90362089484019,0.22893242577867337,-77.10675742213266,0.13834288340199866,0.24210004595349763
1101321,FKI010,K-NET,40,-0.1863714242296727,0,-0.1600662293713415,0.6917254755957067,-30.827452440429326,0.4784841335881067,-52.151586641189326,0.33097966487123276,-66.90203351287673,0.22894706609556112,-77.10529339044389,0.13834509511914136,0.24210391645849735
1204251,HYGH08,KiK-net,40,-0.325371520767964,0,-0.1598796577117048,0.692022702708798,-30.797729729120206,0.47889542106438937,-52.110457893561055,0.3314065035998465,-66.85934964001534,0.22934082431643876,-77.06591756835613,0.1384045405417596,0.24220794594807926
1107872,NIG010,K-NET,42,0.0013319056753281,3,-0.1597663139666377,0.6922033328670645,-30.77966671329355,0.47914545403227204,-52.0854545967728,0.33166608020924154,-66.83339197907586,0.22958036611979216,-77.04196338802079,0.1384406665734129,0.24227116650347255
1106041,KNG011,K-NET,125,-0.1781377009933567,3,-0.1596568529518245,0.6923778200682661,-30.76221799317339,0.47938704572248425,-52.061295427751574,0.33191695768629986,-66.80830423137,0.2298119396065312,-77.01880603934687,0.1384755640136532,0.24233223702389312
1203531,GNMH11,KiK-net,353,-0.2932895768141155,3,-0.1591782463787489,0.6931412634241008,-30.685873657589923,0.48044481106115866,-51.95551889388413,0.3330161233444849,-66.69838766555152,0.23082721647559243,-76.91727835244076,0.13862825268482015,0.24259944219843524
1200481,AICH12,KiK-net,56,-0.1051049342378218,3,-0.1591487678689601,0.6931883132159847,-30.681168678401527,0.48051003757922217,-51.94899624207778,0.3330839424328904,-66.69160575671096,0.2308898962143855,-76.91101037856146,0.13863766264319696,0.24261590962559465
1212671,TCGH13,KiK-net,478,-0.2094360896123644,3,-0.1591289183931282,0.6932199961861496,-30.67800038138504,0.4805539631123253,-51.94460368876748,0.3331296164759652,-66.68703835240348,0.23093211146296208,-76.90678885370379,0.13864399923722992,0.24262699866515233
1212611,TCGH10,KiK-net,556,-0.1434305654003472,3,-0.1588442275235479,0.6936745681665172,-30.632543183348282,0.4811844065210041,-51.881559347899596,0.3337853854019194,-66.62146145980806,0.23153843307897093,-76.84615669210291,0.13873491363330345,0.242786098858281
1205901,KGSH04,KiK-net,55,-0.200628708411388,4,-0.1587784171088995,0.6937796914685188,-30.622030853148118,0.48133026029415316,-51.86697397058468,0.33393715948133945,-66.60628405186606,0.23167881947483723,-76.83211805251628,0.13875593829370378,0.24282289201398158
1107011,MYZ001,K-NET,69,-0.1040342177214931,4,-0.1587565050324118,0.693814696604004,-30.6185303395996,0.48137883322370606,-51.86211667762939,0.33398770912469505,-66.6012290875305,0.23172558107581662,-76.82744189241834,0.1387629393208008,0.24283514381140137
1105471,KGS021,K-NET,44,-0.1034586660208402,4,-0.1586204153675815,0.6940321430804998,-30.596785691950025,0.4816806156289113,-51.831938437108874,0.33430182994526775,-66.56981700547323,0.23201621547264697,-76.7983784527353,0.13880642861609996,0.2429112500781749
1206661,KMMH09,KiK-net,69,-0.3549783770443629,4,-0.1585567695069236,0.6941338609511913,-30.586613904880867,0.48182181691900783,-51.81781830809922,0.33444883806850895,-66.5551161931491,0.2321522632591339,-76.78477367408661,0.13882677219023828,0.24294685133291696
1101301,FKI008,K-NET,41,-0.1319501355703687,0,-0.1585188341356704,0.6941944957897576,-30.580550421024245,0.4819059979847957,-51.809400201520425,0.33453649128911517,-66.54635087108849,0.23223339089372194,-76.7766609106278,0.13883889915795153,0.24296807352641514
1204051,HRSH16,KiK-net,29,0.0432238984309891,0,-0.1585063073931217,0.6942145193486657,-30.578548065133425,0.481933798874499,-51.80662011255011,0.3345654405435369,-66.54345594564631,0.23226018649760605,-76.7739813502394,0.13884290386973316,0.242975081772033
1202931,GIFH07,KiK-net,44,-0.1265772248453794,0,-0.15842688479083,0.6943414870350431,-30.565851296495694,0.4821101006180349,-51.788989938196515,0.33474904417774054,-66.52509558222594,0.2324301491179317,-76.75698508820683,0.13886829740700862,0.24301952046226505
1200961,AKTH12,KiK-net,162,0.0629021186581263,1,-0.1583087946497179,0.6945303129039697,-30.54696870960303,0.4823723555424861,-51.76276444575139,0.3350222230311478,-66.49777769688522,0.2326830893916066,-76.73169106083935,0.13890606258079394,0.24308560951638938
1213071,TKSH03,KiK-net,34,-0.1005048812674792,0,-0.1581329346629599,0.6948116078071069,-30.518839219289305,0.482763170343497,-51.72368296565031,0.33542945457642137,-66.45705454235787,0.23306027864010428,-76.69397213598957,0.13896232156142138,0.2431840627324874
1104601,IBR004,K-NET,111,-0.0945298024054166,3,-0.1581261595981522,0.6948224470661498,-30.51775529338502,0.48277823294699257,-51.72217670530075,0.3354451532065011,-66.4554846793499,0.23307482220742062,-76.69251777925794,0.13896448941322997,0.24318785647315241
1104501,HYG021,K-NET,29,0.0010789759804437,0,-0.1580243887968819,0.6949852880094002,-30.50147119905998,0.4830045505495089,-51.69954494504911,0.33568105667350134,-66.43189433264986,0.2332933958515331,-76.6706604148467,0.13899705760188005,0.24324485080329006
1104371,HYG008,K-NET,28,-0.2481335131429609,0,-0.1577852224426897,0.6953681224243703,-30.46318775756297,0.48353682568399403,-51.64631743160059,0.33623609459891896,-66.3763905401081,0.23380786179255322,-76.61921382074468,0.13907362448487406,0.2433788428485296
1106371,KOC009,K-NET,26,-0.0093300602256711,0,-0.1577241406707861,0.6954659300315905,-30.453406996840947,0.48367285983470515,-51.63271401652949,0.33637799529598233,-66.36220047040176,0.23393943534068234,-76.60605646593177,0.13909318600631812,0.24341307551105668
1107821,NIG005,K-NET,49,-0.2357948609290741,3,-0.1576925092439523,0.6955165854779297,-30.44834145220703,0.4837433206748783,-51.62566793251217,0.33645150264354656,-66.35484973564533,0.23400760029755815,-76.59923997024418,0.13910331709558596,0.2434308049172754
1212651,TCGH12,KiK-net,497,-0.0396849050317773,3,-0.1575742565518343,0.6957059913083964,-30.42940086916036,0.4840068263423985,-51.59931736576016,0.33672644892056924,-66.32735510794308,0.2342626079460407,-76.57373920539592,0.13914119826167928,0.24349709695793872
1101651,FKS016,K-NET,532,0.0929290174954994,3,-0.1575450977140183,0.6957527030674359,-30.424729693256413,0.48407182382564357,-51.592817617435635,0.3367942799054751,-66.32057200945249,0.2343255306218849,-76.56744693781151,0.13915054061348717,0.24351344607360254
1100411,AKT023,K-NET,238,-0.1722771605883443,1,-0.157479576997365,0.6958576771265581,-30.41423228734419,0.4842179068159692,-51.578209318403076,0.33694674786004447,-66.30532521399554,0.2344669812812386,-76.55330187187614,0.13917153542531163,0.24355018699429531
1205471,IWTH12,KiK-net,411,-0.2116975830162588,1,-0.1574493412288375,0.6959061247236313,-30.409387527636866,0.4842853344278623,-51.57146655721376,0.3370171303421815,-66.29828696578186,0.23453228514190647,-76.54677148580934,0.13918122494472626,0.24356714365327095
1102101,GNM003,K-NET,329,-0.1944334766344621,3,-0.1574143781989019,0.6959621511460211,-30.40378488539789,0.4843633158277971,-51.563668417220285,0.3370985352197333,-66.29014647802667,0.23460782171969835,-76.53921782803017,0.13919243022920422,0.24358675290110737
1102451,HKD022,K-NET,25,0.2796937934783832,2,-0.1572336871872215,0.6962517709189022,-30.374822908109778,0.4847665285077075,-51.523347149229245,0.3375195539556998,-66.24804460443,0.234998587161414,-76.5001412838586,0.13925035418378046,0.24368811982161576
1208811,NGNH14,KiK-net,65,-0.1356133643578508,3,-0.1571052839885571,0.6964576546581657,-30.354234534183433,0.48505326473195276,-51.494673526804725,0.33781905913950216,-66.21809408604979,0.23527666962712585,-76.47233303728743,0.13929153093163313,0.24376017913035797
1101861,GIF005,K-NET,44,-0.2045964032140433,3,-0.1570723848348248,0.6965104154835634,-30.34895845164366,0.4851267588770861,-51.48732411229139,0.33789584038767373,-66.21041596123263,0.23534797217858647,-76.46520278214135,0.1393020830967127,0.24377864541924718
1203791,HRSH03,KiK-net,44,-0.011351036820508,0,-0.157001352285033,0.6966243449923911,-30.33756550076089,0.48528547803607797,-51.4714521963922,0.3380616782712022,-66.19383217287978,0.2355019951927047,-76.44980048072954,0.13932486899847824,0.24381852074733687
1209671,NIGH13,KiK-net,71,0.1241697579925507,3,-0.156941736026363,0.6967199782308048,-30.328002176919522,0.4854187280659331,-51.45812719340669,0.33820092565092186,-66.17990743490782,0.2356313415571483,-76.43686584428518,0.13934399564616096,0.24385199238078165
1109071,SMN009,K-NET,30,-0.1269138061565469,0,-0.1568470609951037,0.6968718778720788,-30.312812212792117,0.4856304141689575,-51.43695858310424,0.3384221786737168,-66.15778213262831,0.23583689916591324,-76.41631008340867,0.13937437557441576,0.24390515725522757
1200921,AKTH10,KiK-net,200,-0.2595554176331431,1,-0.1566051050229538,0.6972602302399472,-30.27397697600528,0.4861718286742642,-51.38281713257358,0.3389882811975936,-66.10117188024064,0.2363630469964781,-76.36369530035219,0.13945204604798944,0.2440410805839815
1101401,FKO007,K-NET,32,-0.2057949457353891,4,-0.1565926202599567,0.6972802748276865,-30.271972517231347,0.48619978166377403,-51.3800218336226,0.3390175173796775,-66.09824826203226,0.23639022768990153,-76.36097723100985,0.1394560549655373,0.24404809618969026
1207741,MIEH03,KiK-net,44,-0.2143136634096624,0,-0.1565380818230684,0.6973678443588448,-30.26321556411552,0.486321910345702,-51.36780896542981,0.33914526228225755,-66.08547377177425,0.236509000482293,-76.34909995177071,0.13947356887176895,0.24407874552559566
1106981,MYG019,K-NET,75,-0.436762827331734,1,-0.1564875924494947,0.6974489223228243,-30.255107767717572,0.486434999249269,-51.35650007507311,0.3392635660065065,-66.07364339934935,0.23661900849463632,-76.33809915053637,0.13948978446456486,0.2441071228129885
1110641,YMG015,K-NET,35,-0.017627107665687,4,-0.1563222865645048,0.6977144434400714,-30.22855565599286,0.48680544458488856,-51.31945554151114,0.33965118983214204,-66.03488101678579,0.236979540877491,-76.30204591225089,0.1395428886880143,0.24420005520402496
1106912,MYG012,K-NET,318,-0.2330112410644292,1,-0.1562814001490902,0.697780132475133,-30.221986752486696,0.48689711327701424,-51.310288672298576,0.33974713220419483,-66.02528677958051,0.2370687989174896,-76.29312010825105,0.1395560264950266,0.24422304636629655
1107041,MYZ004,K-NET,59,-0.3186129422158393,4,-0.1562497556463739,0.697830977490878,-30.216902250912202,0.48696807314587426,-51.30319268541257,0.3398214064902348,-66.01785935097652,0.23713790426340553,-76.28620957365945,0.1395661954981756,0.24424084212180727
1200111,ABSH06,KiK-net,175,-0.0208580887648329,2,-0.1562480135322562,0.6978337767519477,-30.216622324805233,0.48697197997588715,-51.30280200241128,0.3398254959589472,-66.01745040410528,0.23714170928163586,-76.2858290718364,0.13956675535038954,0.24424182186318166
1105672,KGW004,K-NET,21,-0.0483607415588542,0,-0.1561724793538035,0.6979551572605097,-30.204484273949028,0.48714140154654284,-51.28585984534572,0.3400028535245224,-65.99971464754776,0.2373067451007301,-76.26932548992698,0.13959103145210194,0.24428430504117837
1107101,MYZ010,K-NET,45,-0.2188609895844499,4,-0.1560714573943445,0.6981175286507977,-30.188247134920232,0.4873680838094973,-51.26319161905026,0.3402402022123611,-65.97597977876389,0.23752764911614122,-76.24723508838588,0.13962350573015955,0.24434113502777918
1104001,HKD177,K-NET,48,-0.2440022578774504,2,-0.1560545033851631,0.6981447823289163,-30.18552176710837,0.48740613709308994,-51.259386290691,0.3402800514866332,-65.97199485133667,0.23756474247600798,-76.2435257523992,0.13962895646578327,0.24435067381512068
1103911,HKD168,K-NET,37,-0.2291095546067943,2,-0.1560406432153354,0.6981670634309329,-30.183293656906706,0.4874372484597723,-51.25627515402277,0.34031263236401327,-65.96873676359867,0.23759507118603382,-76.24049288139662,0.1396334126861866,0.24435847220082652
1108431,OKY004,K-NET,34,-0.1878760826744911,0,-0.1560178224375399,0.6982037508278408,-30.179624917215918,0.4874884776700656,-51.251152232993434,0.3403662835945939,-65.9633716405406,0.23764501586107806,-76.23549841389219,0.13964075016556818,0.24437131278974428
1209891,NMRH05,KiK-net,213,-0.2002585211701495,2,-0.1559731261437728,0.698275611574831,-30.172438842516904,0.48758882972020423,-51.24111702797958,0.34047138826993173,-65.95286117300682,0.23774286686791832,-76.22571331320816,0.1396551223149662,0.24439646405119084
1110521,YMG003,K-NET,23,-0.0255111546183068,4,-0.1556867622662298,0.698736190420255,-30.126380957974497,0.4882322638030109,-51.17677361969891,0.3411455520499728,-65.88544479500271,0.23837074341821282,-76.16292565817872,0.139747238084051,0.24455766664708925
1104852,ISK006,K-NET,32,-0.2883054349700058,3,-0.1548670296575771,0.7000563033012585,-29.994369669874153,0.49007882779182355,-50.99211722081765,0.34308277251015806,-65.69172274898419,0.24017725744980786,-75.9822742550192,0.14001126066025169,0.24501970615544044
1105071,IWT009,K-NET,434,-0.3158817573998621,1,-0.1547474667709045,0.700249057937953,-29.9750942062047,0.49034874314299065,-50.965125685700926,0.3433662454469385,-65.66337545530615,0.24044188990191062,-75.95581100980894,0.1400498115875906,0.24508717027828353
1105141,IWT016,K-NET,407,-0.244104265427675,1,-0.154745034704388,0.7002529793717417,-29.97470206282583,0.4903542351190009,-50.96457648809991,0.3433720140896319,-65.6627985910368,0.24044727589914042,-75.95527241008597,0.14005059587434834,0.24508854278010958
1108552,OSK001,K-NET,40,-0.1974871708984992,0,-0.1547151045863687,0.7003012401197042,-29.96987598802958,0.4904218269131956,-50.95781730868044,0.3434430135690818,-65.65569864309182,0.24051356831287635,-75.94864316871237,0.14006024802394085,0.24510543404189644
1109441,SZO026,K-NET,51,-0.2652277974809507,3,-0.1545059880285645,0.7006385224331841,-29.936147756681585,0.49089433911735547,-50.91056608826445,0.3439394844299984,-65.60605155700017,0.2409772521774652,-75.90227478225347,0.14012770448663683,0.24522348285161444
1110601,YMG011,K-NET,52,0.0116873166496487,4,-0.1544109828599025,0.7007918091200225,-29.920819087997753,0.49110915972971403,-50.889084027028595,0.34416527652240037,-65.58347234775997,0.24118820677042577,-75.88117932295742,0.1401583618240045,0.24527713319200786
1104622,IBR006,K-NET,72,-0.2207574233009885,3,-0.1542543281751635,0.701044637849635,-29.8955362150365,0.4914635842577259,-50.8536415742274,0.344537910442241,-65.5462089557759,0.24153645465145082,-75.84635453485492,0.140208927569927,0.24536562324737224
1202771,FKSH18,KiK-net,564,-0.2964683285878227,1,-0.1540633105846271,0.7013530491166232,-29.86469508833768,0.4918960995051845,-50.810390049481555,0.34499282923653507,-65.50071707634649,0.24196177270841437,-75.80382272915857,0.14027060982332465,0.24547356719081811
1101292,FKI007,K-NET,25,-0.1288961847615873,0,-0.1540207624089175,0.7014217645985074,-29.857823540149266,0.4919924918524839,-50.800750814751616,0.34509424180438597,-65.4905758195614,0.2420566120392164,-75.79433879607835,0.14028435291970148,0.24549761760947755
1104571,IBR001,K-NET,516,-0.0564184057534582,3,-0.1538696360275523,0.7016658887659641,-29.833411123403586,0.49233501945773034,-50.76649805422697,0.34545468899841664,-65.45453110015833,0.24239377138444373,-75.76062286155563,0.14033317775319284,0.24558306106808744
1107461,NGN017,K-NET,81,-0.211742017191996,3,-0.1538606268885443,0.7016804444910758,-29.83195555089242,0.4923554461811937,-50.76445538188064,0.34547618832402194,-65.4523811675978,0.24241388538428235,-75.75861146157177,0.14033608889821517,0.24558815557187652
1104721,IBR016,K-NET,388,-0.366572573541579,3,-0.1536310512810168,0.7020514630181309,-29.794853698186905,0.4928762567258981,-50.712374327410195,0.3460244971213166,-65.39755028786833,0.24292700444413337,-75.70729955558666,0.1404102926036262,0.2457180120563458
1202581,FKSH09,KiK-net,552,-0.3511286736998239,1,-0.1535807114083541,0.702132843811656,-29.786715618834403,0.4929905303590433,-50.70094696409567,0.3461448430532116,-65.38551569467884,0.24303966302369076,-75.69603369763092,0.1404265687623312,0.24574649533407958
1208871,NGNH17,KiK-net,134,-0.3915746875909239,3,-0.1532215484721464,0.7027137501089511,-29.72862498910489,0.4938066145921854,-50.61933854078147,0.34700469796868005,-65.299530203132,0.2438449726149951,-75.61550273850048,0.14054275002179023,0.24594981253813286
1210691,SAGH02,KiK-net,29,-0.1724290450659124,4,-0.1532131441716628,0.7027273488878901,-29.727265111210986,0.4938257268750024,-50.617427312499764,0.34702484385950577,-65.29751561404942,0.24386384852362453,-75.61361514763755,0.14054546977757804,0.24595457211076152
1106811,MYG002,K-NET,434,-0.2384140255244235,1,-0.1530834151046969,0.702937293486273,-29.7062706513727,0.4941208385738067,-50.58791614261933,0.3473359649222393,-65.26640350777608,0.24415540311288192,-75.58445968871182,0.1405874586972546,0.24602805272019554
1104221,HRS014,K-NET,37,0.0311074908102913,0,-0.1529697209830706,0.7031213398039391,-29.68786601960609,0.4943796184876864,-50.562038151231356,0.3476088597228223,-65.23911402771778,0.24441120717603035,-75.55887928239696,0.14062426796078784,0.24609246893137868
1110581,YMG009,K-NET,24,-0.1263551976610277,4,-0.1528489379761029,0.7033169142901776,-29.668308570982237,0.49465468192665707,-50.53453180733429,0.34789900453184575,-65.21009954681543,0.24468325435196225,-75.53167456480378,0.14066338285803553,0.24616092000156214
1101151,EHM009,K-NET,38,-0.1558356239112846,0,-0.1527280591243522,0.7035126984345582,-29.64873015654418,0.49493011685867366,-50.50698831413263,0.3481896220477767,-65.18103779522232,0.24495582057374035,-75.50441794262596,0.14070253968691165,0.24622944445209535
1208291,MYZH06,KiK-net,25,-0.247904253178492,4,-0.1527184764374907,0.703528221579681,-29.6471778420319,0.4949519585590687,-50.50480414409313,0.34821267117244153,-65.17873288275584,0.24497744128145807,-75.5022558718542,0.1407056443159362,0.24623487755288834
1105701,KGW007,K-NET,34,-0.2080379479251468,0,-0.1526844375407272,0.7035833644930547,-29.64166355069453,0.4950295507913667,-50.49704492086333,0.34829455686927524,-65.17054431307247,0.24505425615670226,-75.49457438432977,0.14071667289861095,0.24625417757256912
1211441,SMNH09,KiK-net,40,-0.0350936943553043,0,-0.1526744239126422,0.703599587364072,-29.6400412635928,0.4950523793388924,-50.494762066110766,0.3483186498264468,-65.16813501735533,0.24507685828909864,-75.49231417109013,0.1407199174728144,0.2462598555774252
1103731,HKD150,K-NET,20,-0.3734789759047791,2,-0.1526278101992982,0.7036751101971022,-29.632488980289786,0.49515866071090386,-50.484133928909614,0.3484308251407948,-65.15691748592052,0.245182099277016,-75.48179007229841,0.14073502203942043,0.24628628856898574
1104891,ISK010,K-NET,40,-0.1467225637467663,3,-0.1525629191684516,0.703780259161024,-29.621974083897594,0.4953066531847582,-50.46933468152418,0.34858704474254854,-65.14129552574515,0.2453286806890863,-75.46713193109137,0.14075605183220483,0.2463230907063584
1105001,IWT002,K-NET,314,-0.186830733547545,1,-0.1524252456764702,0.704003396338976,-29.5996603661024,0.49562078205681337,-50.43792179431866,0.348918713864176,-65.1081286135824,0.24563995960660728,-75.43600403933928,0.14080067926779521,0.24640118871864158
1102771,HKD054,K-NET,46,0.084307084411989,2,-0.1522815589914095,0.7042363549744443,-29.576364502555574,0.49594884366769143,-50.40511563323086,0.3492652059183255,-65.07347940816746,0.24596525553532025,-75.40347444646798,0.14084727099488886,0.24648272424105547
1103311,HKD108,K-NET,183,-0.1013083595895561,2,-0.1522594191929896,0.7042722569925844,-29.572774300741557,0.4959994119694289,-50.400058803057114,0.3493186253347044,-65.06813746652955,0.24601541667401924,-75.39845833259807,0.1408544513985169,0.24649528994740455
1105091,IWT011,K-NET,404,0.0040903370702358,1,-0.152134622144918,0.7044746628061359,-29.55253371938641,0.4962845505358189,-50.37154494641811,0.34961989139461574,-65.03801086053842,0.24629835510053977,-75.37016448994602,0.14089493256122718,0.24656613198214755
1204271,HYGH09,KiK-net,40,-0.1774105057891892,0,-0.1521321753151418,0.7044786318513555,-29.55213681486445,0.4962901427351577,-50.37098572648423,0.3496258007553778,-65.03741992446221,0.2463039057760832,-75.36960942239168,0.14089572637027112,0.24656752114797442
1109591,TCG013,K-NET,476,-0.2650662503357426,3,-0.152106819440223,0.704519763374491,-29.548023662550904,0.49634809698524873,-50.365190301475124,0.34968704383942634,-65.03129561605736,0.24636143338087788,-75.36385666191221,0.1409039526748982,0.2465819171810718
1208061,MYGH09,KiK-net,624,-0.0007291042589879,1,-0.1519555287481651,0.7047652324157154,-29.52347675842846,0.4966940328219774,-50.330596717802266,0.3500526854812799,-64.99473145187201,0.24670496224095956,-75.32950377590404,0.14095304648314308,0.24666783134550038
1105101,IWT012,K-NET,545,-0.1241785685665124,1,-0.1516918101425012,0.7051933201621619,-29.480667983783814,0.49729761880133333,-50.27023811986666,0.35069095891124935,-64.93090410887507,0.2473049216654762,-75.26950783345238,0.14103866403243237,0.24681766205675662
1102231,GNM016,K-NET,255,-0.3422956361113525,3,-0.1516750981291018,0.7052204571106193,-29.47795428893807,0.49733589312731086,-50.266410687268916,0.35073144588876026,-64.92685541112397,0.24734299059273995,-75.26570094072599,0.14104409142212387,0.24682715998871674
1212871,TKCH03,KiK-net,219,-0.146587160681158,2,-0.1516444098996663,0.705270291342334,-29.4729708657666,0.49740618385010066,-50.25938161498993,0.350805804199439,-64.91941958005609,0.24741291173232013,-75.25870882676799,0.14105405826846681,0.2468446019698169
1109231,SZO005,K-NET,121,-0.2623003869213458,3,-0.1514145546883475,0.7056436623278252,-29.435633767217485,0.49793297818342575,-50.20670218165743,0.3513632503191536,-64.86367496808464,0.24793725076261594,-75.2062749237384,0.14112873246556504,0.2469752818147388
1101411,FKO008,K-NET,47,-0.2249550390008771,4,-0.1512823066073365,0.7058585723349895,-29.41414276650105,0.4982363241387896,-50.17636758612104,0.3516843804420391,-64.83156195579609,0.24823943469133303,-75.1760565308667,0.14117171446699792,0.24705050031724632
1104741,IBR018,K-NET,397,-0.1780655790204556,3,-0.1511480532951774,0.7060768078960429,-29.392319210395712,0.4985444586486654,-50.145554135133466,0.35201067995691043,-64.79893200430895,0.24854657724929088,-75.14534227507092,0.14121536157920858,0.247126882763615
1103831,HKD160,K-NET,82,0.0461500693083372,2,-0.1510633015474982,0.7062146108967517,-29.378538910324824,0.4987390766440505,-50.126092335594954,0.35221682295118334,-64.77831770488167,0.24874066657176006,-75.125933342824,0.14124292217935036,0.2471751138138631
1103191,HKD096,K-NET,170,-0.1242770416205834,2,-0.1510092537347658,0.7063025045537286,-29.369749544627144,0.4988632279388698,-50.11367720611302,0.35234834732298126,-64.76516526770187,0.2488645201895887,-75.11354798104112,0.1412605009107457,0.24720587659380497
1107122,MYZ012,K-NET,47,-0.1281770814498612,4,-0.1509716106277627,0.7063637270056555,-29.363627299434448,0.49894971482932027,-50.10502851706797,0.35243998015524763,-64.75600198447525,0.24895081792826,-75.104918207174,0.1412727454011311,0.2472273044519794
1201351,AOMH12,KiK-net,348,0.1684055897674478,1,-0.1507513679432374,0.7067220343384002,-29.327796566159982,0.4994560338194069,-50.05439661805931,0.35297658428344003,-64.70234157165599,0.24945632971861254,-75.05436702813874,0.14134440686768004,0.24735271201844006
1100751,CHB001,K-NET,309,-0.1687567193944651,3,-0.1506614247576062,0.7068684129280997,-29.313158707190034,0.4996629531954904,-50.03370468045097,0.3531959587242636,-64.68040412757364,0.24966306679603884,-75.03369332039611,0.14137368258561994,0.24740394452483486
1213931,YMGH03,KiK-net,40,-0.1828391804731021,4,-0.1505682398271866,0.7070200992925563,-29.297990070744373,0.4998774208036561,-50.01225791963439,0.3534233836907079,-64.65766163092921,0.24987743582931551,-75.01225641706844,0.14140401985851125,0.24745703475239467
1107031,MYZ003,K-NET,65,-0.1613550689698288,4,-0.1505520799576804,0.7070464076284602,-29.295359237153985,0.49991462254031066,-50.00853774596894,0.35346283798806427,-64.65371620119357,0.24991462982962126,-75.00853701703787,0.14140928152569204,0.24746624266996103
1214251,YMNH08,KiK-net,143,-0.1138562751305088,3,-0.1502501871942725,0.7075380703339799,-29.246192966602013,0.5006101209719318,-49.93898790280682,0.3542007189821409,-64.57992810178591,0.2506104932195322,-74.93895067804678,0.141507614066796,0.24763832461689295
1109481,TCG002,K-NET,343,-0.3992945228245652,3,-0.1502478799295041,0.7075418292626939,-29.245817073730606,0.5006154401563991,-49.93845598436009,0.3542063642854073,-64.57936357145927,0.25061581892298523,-74.93841810770148,0.1415083658525388,0.24763964024194285
1103291,HKD106,K-NET,151,-0.1090631844576152,2,-0.1502287565326729,0.7075729853138114,-29.242701468618858,0.5006595295458992,-49.93404704541008,0.35425315794660023,-64.57468420533998,0.25065996452512107,-74.93400354748789,0.1415145970627623,0.24765054485983398
1105431,KGS017,K-NET,47,-0.2352457166056707,4,-0.1502055669153727,0.7076107679371316,-29.238923206286838,0.5007129989005772,-49.928700109942284,0.3543099096681415,-64.56900903318585,0.2507135072680094,-74.92864927319907,0.14152215358742634,0.24766376877799606
1105171,IWT019,K-NET,43,-0.2982790913196656,1,-0.1500949076181085,0.7077910918657462,-29.22089081342538,0.5009682297245052,-49.90317702754948,0.35458085030675746,-64.54191496932425,0.2509691671933046,-74.90308328066955,0.14155821837314925,0.24772688215301114
1103481,HKD125,K-NET,156,0.0081706977176262,2,-0.1498288654819527,0.7082248066588083,-29.17751933411917,0.5015823767669063,-49.84176232330937,0.35523308180920776,-64.47669181907922,0.2515848806831388,-74.84151193168613,0.14164496133176166,0.24787868233058288
1210191,OKYH04,KiK-net,44,-0.2329696484035696,0,-0.1497893010382969,0.7082893292304889,-29.171067076951108,0.5016737739017759,-49.83262260982241,0.35533018080941686,-64.46698191905831,0.2516765754208502,-74.83234245791498,0.1416578658460978,0.2479012652306711
1100491,AOM005,K-NET,188,-0.0774403277531331,1,-0.1497570396210008,0.7083419462157551,-29.16580537842449,0.5017483127687237,-49.82516872312763,0.3554093763770691,-64.45906236229308,0.25175136936626097,-74.8248630633739,0.14166838924315103,0.24791968117551427
1103621,HKD139,K-NET,54,-0.0909990914772159,2,-0.1497424151809684,0.7083657993365402,-29.163420066345978,0.5017821056696955,-49.82178943303045,0.35544528237548617,-64.4554717624514,0.2517852815703135,-74.82147184296866,0.14167315986730805,0.24792802976778905
1100512,AOM007,K-NET,73,-0.675683872895669,1,-0.1495834675139783,0.708625101958123,-29.137489804187698,0.5021495351251603,-49.785046487483974,0.35583576552629076,-64.41642344737093,0.2521541556264145,-74.78458443735855,0.1417250203916246,0.24801878568534302
1105361,KGS010,K-NET,68,-0.0392848841584458,4,-0.1493665993235242,0.7089790475562223,-29.102095244377768,0.5026512898737282,-49.73487101262718,0.3563692327475824,-64.36307672524175,0.25265831921172266,-74.73416807882774,0.14179580951124446,0.2481426666446778
1201981,EHMH09,KiK-net,24,-0.1854736226067406,4,-0.1491132569488565,0.7093927457299918,-29.060725427000822,0.5032380676943368,-49.67619323056633,0.356993434597541,-64.30065654024591,0.25324855277672986,-74.67514472232702,0.14187854914599837,0.24828746100549712
1213851,WKYH09,KiK-net,30,-0.2069623728551416,0,-0.1489056644632266,0.7097319160655905,-29.02680839344095,0.5037193926821344,-49.62806073178656,0.35750572972768685,-64.2494270272313,0.25373322656405833,-74.62667734359417,0.14194638321311812,0.24840617062295667
1206241,KKWH03,KiK-net,24,-0.2266533534466844,2,-0.1488520546918739,0.7098195315334397,-29.01804684665603,0.5038437673463517,-49.615623265364825,0.3576381469038308,-64.23618530961693,0.25385854189376467,-74.61414581062354,0.14196390630668795,0.24843683603670388
1109471,TCG001,K-NET,413,-0.1666448909530728,3,-0.1487819256625993,0.70993416106732,-29.006583893268,0.5040065130503595,-49.59934869496405,0.3578114410148722,-64.21885589851277,0.25402256519718214,-74.59774348028179,0.141986832213464,0.24847695637356199
1100852,CHB011,K-NET,73,-0.2962899451600848,3,-0.1486890806799202,0.7100859494822775,-28.991405051772247,0.5042220556521476,-49.57779443478524,0.358040997137661,-64.1959002862339,0.25423988140607745,-74.57601185939225,0.1420171898964555,0.2485300823187971
1206021,KGSH10,KiK-net,68,-0.2156709470098727,4,-0.1485066103934348,0.7103843571650659,-28.961564283493413,0.5046459349048239,-49.53540650951761,0.35849257806332696,-64.1507421936673,0.25466751961596373,-74.53324803840363,0.14207687143301317,0.24863452500777303
1110321,TYM011,K-NET,48,-0.263519039256287,3,-0.1484780966724669,0.7104309991721499,-28.95690008278501,0.5047122045847393,-49.52877954152607,0.3585631957975149,-64.14368042024851,0.2547344094567877,-74.52655905432123,0.14208619983443,0.24865084971025245
1107441,NGN015,K-NET,161,0.2282018925991387,3,-0.1483754968511553,0.7105988546417413,-28.940114535825867,0.5049507322181547,-49.50492677818453,0.3588174119647293,-64.11825880352706,0.2549752419676505,-74.50247580323494,0.14211977092834827,0.24870959912460944
1101162,EHM010,K-NET,40,-0.2101326303400721,4,-0.1481686775784907,0.7109373358885525,-28.906266411144756,0.5054318955603124,-49.456810443968756,0.3593304053027496,-64.06695946972503,0.2554614010496906,-74.45385989503094,0.1421874671777105,0.24882806756099335
1102821,HKD059,K-NET,97,-0.1334713003029728,2,-0.1479740723699692,0.7112559747760833,-28.874402522391673,0.5058850616546764,-49.41149383453236,0.3598137726518558,-64.01862273481443,0.2559196956053557,-74.40803043946443,0.14225119495521665,0.24893959117162912
1108311,OKN003,K-NET,55,-0.3016692137319685,4,-0.1477658988854619,0.7115969879202252,-28.840301207977483,0.5063702732171371,-49.36297267828629,0.3603315611936562,-63.966843880634386,0.2564108535979981,-74.3589146402002,0.14231939758404505,0.2490589457720788
1105441,KGS018,K-NET,77,-0.1487372494658538,4,-0.1477434770255755,0.7116337273689253,-28.836627263107474,0.5064225619289898,-49.357743807101016,0.3603873753692474,-63.96126246307525,0.2564638112307216,-74.35361887692784,0.14232674547378507,0.24907180457912384
1206801,KMMH16,KiK-net,57,-0.1520562674726233,4,-0.1477417121545934,0.7116366192874727,-28.836338071252733,0.5064266779109033,-49.35733220890967,0.36039176898550107,-63.96082310144989,0.2564679800998738,-74.35320199001262,0.14232732385749455,0.24907281675061543
1100951,CHB021,K-NET,148,-0.3753293700749184,3,-0.1476186328175136,0.7118383261462534,-28.81616738537466,0.5067138025706999,-49.328619742930016,0.36069830505713013,-63.93016949428698,0.2567588777156582,-74.32411222843417,0.14236766522925068,0.24914341415118868
1107421,NGN013,K-NET,52,-0.2908223106543881,3,-0.1475189825475189,0.7120016784868665,-28.799832151313353,0.5069463901681152,-49.305360983188486,0.36094668070255587,-63.90533192974441,0.25699464250448284,-74.30053574955171,0.1424003356973733,0.24920058747040325
1203571,GNMH13,KiK-net,211,-0.2239617126640108,3,-0.1474483112726088,0.7121175495437652,-28.788245045623484,0.5071114043682168,-49.28885956317832,0.361122930624392,-63.88770693756081,0.25716197644030514,-74.28380235596948,0.14242350990875305,0.2492411423403178
1210681,SAGH02,KiK-net,29,-0.1386211325573966,4,-0.1474322064935002,0.7121439572209433,-28.785604277905673,0.5071490158063047,-49.28509841936953,0.3611631070170085,-63.88368929829915,0.25720012423330346,-74.27998757666965,0.14242879144418866,0.24925038502733013
1201061,AKTH17,KiK-net,400,0.0198618542630891,1,-0.1474079938841267,0.7121836614880706,-28.781633851192943,0.5072055676905547,-49.27944323094453,0.36122351832499466,-63.87764816750053,0.2572574878962978,-74.27425121037021,0.1424367322976141,0.24926428152082467
1208451,MYZH14,KiK-net,27,-0.3237672025458046,4,-0.1473172486575534,0.7123324868192129,-28.76675131807871,0.5074175717780441,-49.258242822195584,0.36145002076042065,-63.85499792395793,0.25747259214912654,-74.25274078508734,0.1424664973638426,0.2493163703867245
1108751,SIG003,K-NET,30,-0.1291001590183465,0,-0.1470523984221739,0.7127670282951553,-28.723297170484475,0.5080368366247067,-49.19631633752933,0.36211190630546347,-63.78880936945366,0.25810142736763886,-74.18985726323612,0.14255340565903105,0.24946845990330432
1204931,IBUH04,KiK-net,49,-0.5084138154124351,2,-0.1470245558561617,0.7128127251667847,-28.718727483321526,0.5081019811596982,-49.18980188403018,0.36218155785308676,-63.78184421469133,0.2581676232584103,-74.18323767415897,0.14256254503335694,0.24948445380837464
1212711,TCGH15,KiK-net,203,-0.1867069037388042,3,-0.1468777701165395,0.7130536870747206,-28.694631292527937,0.5084455606508536,-49.15544393491464,0.3625489816988646,-63.74510183011354,0.25851688814556084,-74.14831118544392,0.14261073741494412,0.24956879047615219
1105821,KMM011,K-NET,73,-0.1415307977788262,4,-0.146703011780848,0.7133406747198905,-28.665932528010952,0.5088549182098286,-49.114508179017136,0.36298691069033384,-63.70130893096662,0.2589333277863314,-74.10666722136686,0.1426681349439781,0.24966923615196165
1105221,IWT024,K-NET,209,-0.2016962912891675,1,-0.1465093261730674,0.7136588796279913,-28.634112037200865,0.5093089964718799,-49.069100352812015,0.3634728878065784,-63.65271121934216,0.2593956538871933,-74.06043461128067,0.14273177592559827,0.24978060786979694
1109792,TKY005,K-NET,58,-0.3115853432228977,3,-0.1463294373194412,0.7139545450686307,-28.604545493136936,0.5097310924241554,-49.02689075758446,0.36392483019902394,-63.607516980097614,0.2598257865839228,-74.01742134160772,0.14279090901372612,0.2498840907740207
1101771,FKS028,K-NET,140,0.0343832274773533,3,-0.1462854076913287,0.7140269308528191,-28.59730691471809,0.5098344579830965,-49.016554201690354,0.364035533276681,-63.59644667233191,0.2599311745469178,-74.00688254530823,0.14280538617056382,0.24990942579848666
1201261,AOMH08,KiK-net,185,-0.0146757146496943,1,-0.1460887126234266,0.7143503919850808,-28.564960801491925,0.5102964825292385,-48.970351747076144,0.3645304923233695,-63.546950767663056,0.26040250008171345,-73.95974999182866,0.14287007839701615,0.25002263719477824
1100201,AKT002,K-NET,165,-0.1143406048174131,1,-0.1456460774308481,0.715078832768662,-28.492116723133798,0.5113377370737922,-48.86622629262079,0.36564679217729623,-63.435320782270374,0.26146628135574657,-73.85337186442534,0.1430157665537324,0.25027759146903167
1214601,YMTH09,KiK-net,170,-0.1665918291073793,1,-0.1456202447122108,0.7151213683763197,-28.487863162368033,0.5113985715084199,-48.86014284915801,0.3657120462427964,-63.42879537572036,0.26152849894085245,-73.84715010591476,0.14302427367526394,0.25029247893171186
1104451,HYG016,K-NET,37,-0.1269314138418618,0,-0.145298182285444,0.7156518820061895,-28.434811799381055,0.5121576162190009,-48.78423837809991,0.3665265619309317,-63.34734380690683,0.2623054238511294,-73.76945761488706,0.1431303764012379,0.2504781587021663
1200131,ABSH07,KiK-net,154,-0.1075784121075141,2,-0.145252971026815,0.7157263872276053,-28.42736127723947,0.51226426137388,-48.773573862612,0.36664104909894485,-63.33589509010551,0.26241467348092684,-73.75853265190732,0.14314527744552105,0.25050423552966183
1109781,TKY004,K-NET,210,-0.2191979573847697,3,-0.1451368331449953,0.715917810479084,-28.4082189520916,0.5125383113611656,-48.74616886388344,0.3669353056563327,-63.30646943436673,0.26269552061295515,-73.73044793870449,0.1431835620958168,0.25057123366767936
1214011,YMGH07,KiK-net,38,-0.1536758726857494,4,-0.1450936011375772,0.7159890803338185,-28.401091966618154,0.5126403631572671,-48.73596368427329,0.36704490215896646,-63.29550978410335,0.26280014193801476,-73.71998580619852,0.1431978160667637,0.25059617811683643
1208591,NARH05,KiK-net,42,-0.2414908508042917,0,-0.1450851320126203,0.7160030428877235,-28.399695711227647,0.5126603574244792,-48.733964257552074,0.3670663758838351,-63.29336241161649,0.2628206420745948,-73.71793579254052,0.1432006085775447,0.25060106501070323
1105111,IWT013,K-NET,280,-0.1536070164378506,1,-0.145058806752863,0.716046445551501,-28.3953554448499,0.5127225121869387,-48.72774878130613,0.36713313240569356,-63.286686759430644,0.26288437450328545,-73.71156254967146,0.1432092891103002,0.25061625594302533
1209541,NIGH06,KiK-net,220,-0.0464443140455524,3,-0.1450000559429089,0.7161433179641062,-28.385668203589375,0.5128612518646389,-48.71387481353611,0.36728215856556773,-63.271784143443234,0.26302666366416466,-73.69733363358353,0.14322866359282124,0.25065016128743717
1202341,FKOH07,KiK-net,38,-0.1204080116334656,4,-0.1448745833955227,0.7163502496927922,-28.364975030720785,0.5131576802349257,-48.684231976507434,0.367600632368063,-63.239936763193704,0.2633308047840902,-73.66691952159098,0.14327004993855844,0.2507225873924772
1107961,NIG019,K-NET,48,0.0316368522368173,3,-0.1448303956861223,0.7164231391453711,-28.357686085462884,0.5132621143029078,-48.67378856970922,0.3677128551332795,-63.22871448667205,0.2634379979786912,-73.65620020213089,0.14328462782907422,0.2507480987008799
1202201,FKIH07,KiK-net,34,-0.1552928998892279,0,-0.1448147448064903,0.7164489576966627,-28.355104230333726,0.5132991089846344,-48.67008910153656,0.367752611618667,-63.2247388381333,0.2634759752844196,-73.65240247155805,0.14328979153933255,0.2507571351938319
1105271,KGS001,K-NET,45,-0.2415770625783403,4,-0.1445900465465025,0.7168197348853603,-28.318026511463966,0.5138305323211183,-48.616946767888166,0.36832386595442757,-63.167613404557244,0.26402181594540375,-73.59781840545962,0.14336394697707208,0.2508869072098761
1206061,KGSH12,KiK-net,63,-0.2624004521582348,4,-0.1444923816916617,0.7169809526088863,-28.30190473911137,0.514061686403946,-48.5938313596054,0.3685724376176318,-63.14275623823682,0.264259417428469,-73.57405825715311,0.14339619052177727,0.2509433334131102
1205631,IWTH20,KiK-net,436,0.2409589248536403,1,-0.1444875812968257,0.7169888776708604,-28.30111223291396,0.51407305070372,-48.592694929628,0.3685846596648955,-63.141534033510446,0.26427110145982946,-73.57288985401705,0.14339777553417207,0.25094610718480115
1202101,FKIH02,KiK-net,23,-0.142254319942286,0,-0.1443220739401151,0.7172621704558868,-28.27378295441132,0.5144650211670896,-48.553497883291044,0.36900629770594046,-63.09937022940595,0.264674258004454,-73.5325741995546,0.14345243409117736,0.2510417596595604
1212361,SZOH39,KiK-net,151,-0.3088927240103069,3,-0.1442655517160836,0.7173555262157632,-28.264447378423686,0.5145989509922945,-48.54010490077055,0.3691504012791571,-63.08495987208429,0.26481208036236986,-73.51879196376301,0.14347110524315262,0.2510744341755171
1106641,MIE004,K-NET,53,-0.157015101643449,0,-0.1442259089945824,0.7174210099473902,-28.257899005260978,0.5146929055139334,-48.53070944860666,0.36925150408656277,-63.07484959134373,0.26490878698637477,-73.50912130136253,0.14348420198947806,0.25109735348158657
1109511,TCG005,K-NET,432,-0.2334568829644908,3,-0.144047680047342,0.7177154908523432,-28.22845091476568,0.51511552580942,-48.488447419058,0.3697063924519707,-63.02936075480293,0.26534400492991517,-73.46559950700848,0.14354309817046865,0.2512004217983201
1201431,AOMH16,KiK-net,368,0.0565662733928675,1,-0.1440409096611191,0.7177266796865328,-28.22733203134672,0.5151315867338548,-48.48684132661452,0.36972368334814487,-63.02763166518551,0.265360551650939,-73.4639448349061,0.14354533593730656,0.25120433789028646
1101451,FKO012,K-NET,39,-0.0494928608511741,4,-0.144033469348492,0.7177389758515631,-28.22610241484369,0.5151492374564507,-48.48507625435493,0.3697426861027066,-63.02573138972933,0.2653787368519626,-73.46212631480373,0.14354779517031263,0.25120864154804706
1108301,OKN002,K-NET,57,-0.1792345042752098,4,-0.1440306286385439,0.7177436705806052,-28.225632941939484,0.5151559766585203,-48.48440233414797,0.3697499416084229,-63.025005839157714,0.2653856802869939,-73.46143197130061,0.14354873411612104,0.2512102847032118
1206681,KMMH10,KiK-net,50,0.0711208168291224,4,-0.1439171309497098,0.7179312688502182,-28.20687311497818,0.5154253067928842,-48.457469320711574,0.3700399445033284,-62.99600554966715,0.26566324688253884,-73.43367531174611,0.14358625377004364,0.25127594409757636
1104602,IBR004,K-NET,378,-0.1087877852734263,3,-0.14379890986528,0.7181267264711838,-28.18732735288162,0.5157059952722185,-48.42940047277815,0.37034225820640204,-62.9657741793598,0.2659526735597094,-73.40473264402905,0.14362534529423676,0.2513443542649143
1211961,SRCH09,KiK-net,156,-0.1473838363654651,2,-0.1437560139305718,0.7181976604568073,-28.180233954319267,0.5158078794856316,-48.419212051436844,0.3704520122917674,-62.95479877082326,0.2660577685394638,-73.39422314605362,0.14363953209136146,0.25136918115988255
1105341,KGS008,K-NET,67,0.0922592458143242,4,-0.1436961515161257,0.7182966624266146,-28.17033375733854,0.5159500952532139,-48.40499047467861,0.3706052313990775,-62.93947686009225,0.2662045007918005,-73.37954992081994,0.14365933248532292,0.2514038318493151
1106982,MYG019,K-NET,61,-0.5489331770309528,1,-0.1435987258591648,0.7184578166137592,-28.154218338624084,0.51618163425341,-48.381836574659,0.37085472992182694,-62.9145270078173,0.26644347954052117,-73.35565204594788,0.14369156332275185,0.2514602358148157
1107841,NIG007,K-NET,157,-0.0761354172259298,1,-0.1433536301672021,0.7188633953654496,-28.113660463455037,0.5167645811963427,-48.32354188036573,0.37148314144340755,-62.85168585565925,0.2670456323790315,-73.29543676209684,0.14377267907308994,0.2516021883779074
1212101,SZOH25,KiK-net,56,-0.1580578434692469,3,-0.1433233678888189,0.7189134885696119,-28.10865114303881,0.5168366040473295,-48.31633959526705,0.37156080603613684,-62.84391939638632,0.26712007528317605,-73.2879924716824,0.14378269771392238,0.25161972099936414
1105222,IWT024,K-NET,88,-0.2347934406509056,1,-0.143156966118429,0.7191889960956044,-28.081100390439563,0.5172328121050033,-48.276718789499675,0.37198814688550363,-62.801185311449636,0.2675297819180496,-73.24702180819504,0.14383779921912088,0.25171614863346153
1205101,ISKH02,KiK-net,47,-0.3153251804523035,3,-0.1431567852032562,0.7191892956900824,-28.081070430991762,0.5172332430351968,-48.27667569648032,0.37198861176598036,-62.80113882340197,0.2675302277007069,-73.24697722992931,0.14383785913801647,0.2517162534915288
1109601,TCG014,K-NET,542,-0.0283511211742943,3,-0.1429533242761472,0.7195263048126572,-28.04736951873428,0.5177181033173569,-48.22818966826431,0.3725117938145553,-62.74882061854448,0.26803203450252144,-73.19679654974786,0.14390526096253145,0.25183420668443
1201941,EHMH07,KiK-net,44,-0.2335649045317175,0,-0.1427931414701142,0.7197917399150725,-28.02082600849275,0.5181001488499674,-48.18998511500327,0.37292420759097605,-62.7075792409024,0.26842776423835835,-73.15722357616417,0.14395834798301452,0.25192710897027537
1105922,KMM021,K-NET,33,-0.3015277987314304,4,-0.1426923445538056,0.7199588182707901,-28.00411817292099,0.5183407000058726,-48.16592999941274,0.37318395783788216,-62.68160421621178,0.268677081282578,-73.1322918717422,0.14399176365415803,0.25198558639477653
1214171,YMGH15,KiK-net,50,-0.1046050863228918,4,-0.1424854454331171,0.7203018904038334,-27.96981095961666,0.518834813319336,-48.1165186680664,0.37371769684123773,-62.62823031587623,0.26918956351211026,-73.08104364878898,0.1440603780807667,0.2521056616413417
1101581,FKS009,K-NET,448,-0.162596187505505,1,-0.142391368964636,0.7204579384331596,-27.954206156684037,0.5190596410513585,-48.09403589486415,0.37396063891571757,-62.60393610842825,0.26942291096836507,-73.0577089031635,0.14409158768663194,0.2521602784516059
1205151,ISKH05,KiK-net,32,-0.1808166069775904,3,-0.1421225472651632,0.7209040290207915,-27.909597097920845,0.5197026190584102,-48.02973809415898,0.37465571197186553,-62.534428802813444,0.2700908122561711,-72.99091877438289,0.14418080580415832,0.252316410157277
1207091,KOCH02,KiK-net,48,-0.1379352428300986,0,-0.1419790611915709,0.7211422470558259,-27.885775294417414,0.5200461404887258,-47.995385951127425,0.37502724232474943,-62.49727576752506,0.2704479882372195,-72.95520117627805,0.14422844941116517,0.25239978646953903
1102211,GNM014,K-NET,84,0.0480967556030114,3,-0.1419379593230972,0.7212104995841346,-27.878950041586535,0.520144584710397,-47.9855415289603,0.3751337357949677,-62.48662642050322,0.27055038900355144,-72.94496109964486,0.14424209991682693,0.2524236748544471
1100581,AOM014,K-NET,288,0.0704372910389479,1,-0.1418848184157352,0.7212987533539588,-27.870124664604123,0.520271891589975,-47.9728108410025,0.37527146680895496,-62.4728533191045,0.27068284117861074,-72.93171588213893,0.14425975067079175,0.2524545636738856
1211121,SITH06,KiK-net,357,-0.2312285676486451,3,-0.1414740317197259,0.7219813319246633,-27.80186680753367,0.5212570436477109,-47.87429563522891,0.3763378546478866,-62.36621453521134,0.2717089055523515,-72.82910944476485,0.14439626638493266,0.25269346617363214
1109571,TCG011,K-NET,315,-0.3020819392310408,3,-0.1414489914904303,0.7220229605891814,-27.797703941081863,0.5213171556179665,-47.86828443820335,0.3764029561052152,-62.35970438947849,0.2717715767416071,-72.82284232583929,0.14440459211783627,0.25270803620621346
1101521,FKS003,K-NET,442,-0.1218625257280412,1,-0.1414094392395561,0.722088719964237,-27.791128003576304,0.5214121194995902,-47.85878805004098,0.37650580994329885,-62.349419005670114,0.2718705983610549,-72.8129401638945,0.1444177439928474,0.2527310519874829
1214551,YMTH07,KiK-net,535,-0.0113684506210143,1,-0.1411623295348357,0.7224996989461069,-27.75003010538931,0.5220058149772151,-47.79941850227849,0.37714904416915507,-62.28509558308449,0.2724900708700265,-72.75099291299735,0.14449993978922138,0.2528748946311374
1105451,KGS019,K-NET,41,-0.2355766562664121,4,-0.1411272836285245,0.722558004265382,-27.744199573461803,0.5220900695279718,-47.790993047202825,0.3772403586849058,-62.27596413150942,0.27257804069972236,-72.74219593002776,0.1445116008530764,0.2528953014928837
1103591,HKD136,K-NET,68,-0.6945205298437179,2,-0.1410798796444843,0.7226368770094227,-27.73631229905773,0.5222040560139315,-47.779594398606854,0.3773639081995611,-62.263609180043886,0.2726970761174013,-72.73029238825987,0.14452737540188454,0.25292290695329794
1101371,FKO004,K-NET,48,-0.2586933457185195,4,-0.1408374191311213,0.7230404276725695,-27.69595723274305,0.5227874600489322,-47.721253995106785,0.37799646869563625,-62.20035313043637,0.2733067283844139,-72.66932716155861,0.1446080855345139,0.2530641496853993
1109141,SMN016,K-NET,31,-0.1760659168291657,0,-0.1405438800661231,0.7235292949335606,-27.647070506643946,0.5234946406270552,-47.65053593729448,0.37876370823439093,-62.12362917656091,0.2740466387652497,-72.59533612347504,0.14470585898671212,0.25323525322674617
1110801,YMT001,K-NET,117,0.1732342044822338,1,-0.1404331495197625,0.7237137941890021,-27.628620581099796,0.5237616558994412,-47.62383441005588,0.3790535352416991,-62.094646475830096,0.2743262721905247,-72.56737278094754,0.1447427588378004,0.2532998279661507
1100531,AOM009,K-NET,202,-0.2870158440270809,1,-0.1402698067385885,0.7239860418511184,-27.601395814888164,0.5241557887952493,-47.58442112047507,0.3794814748432233,-62.051852515677666,0.27473929092757,-72.526070907243,0.14479720837022367,0.25339511464789144
1108911,SIT007,K-NET,306,-0.2993585204052886,3,-0.1401524499845574,0.7241817066273262,-27.581829337267383,0.5244391442136667,-47.556085578633336,0.37978923447882756,-62.021076552117236,0.2750364159835631,-72.49635840164369,0.14483634132546525,0.25346359731956414
1101661,FKS017,K-NET,562,-0.072689673001359,3,-0.1399408324964368,0.7245346626580568,-27.546533734194323,0.5249504773930241,-47.504952260697586,0.3803448170501406,-61.965518294985934,0.2755730037151639,-72.44269962848361,0.14490693253161135,0.25358713193031984
1109531,TCG007,K-NET,349,-0.1660453312938756,3,-0.1398167414895051,0.7247417136005884,-27.525828639941164,0.5252505514327173,-47.47494485672827,0.3806709847150015,-61.93290152849985,0.2758881417803736,-72.41118582196265,0.14494834272011767,0.2536595997602059
1101471,FKO014,K-NET,30,-0.3585570102439546,4,-0.1396974698923547,0.7249407789264937,-27.505922107350635,0.5255391329505513,-47.44608670494487,0.38098474839752683,-61.90152516024732,0.2761913802624173,-72.38086197375827,0.14498815578529875,0.25372927262427275
1107171,MYZ017,K-NET,74,-0.149133386539178,4,-0.1396165991284331,0.7250757840344252,-27.49242159655748,0.5257348925931364,-47.42651074068635,0.3811976394412227,-61.88023605587774,0.27639717728991664,-72.36028227100833,0.14501515680688504,0.2537765244120488
1100831,CHB009,K-NET,248,-0.2311593640544913,3,-0.1389875180682526,0.7261268265357822,-27.38731734642178,0.5272601682149259,-47.27398317850741,0.38285775270462685,-61.714224729537314,0.278003284986032,-72.19967150139681,0.14522536530715643,0.25414438928752375
1205331,IWTH05,KiK-net,499,-0.2762725074791684,1,-0.1389199083323558,0.7262398767046478,-27.376012329535214,0.5274243585159821,-47.257564148401784,0.3830366010996748,-61.69633989003251,0.2781764539559952,-72.18235460440047,0.14524797534092956,0.25418395684662676
1106421,KOC014,K-NET,55,-0.0995942504909067,4,-0.138642300607046,0.726704248826289,-27.329575117371096,0.528099065262181,-47.1900934737819,0.38377183452721864,-61.622816547278134,0.2788886227307893,-72.11113772692107,0.14534084976525782,0.25434648708920116
1214411,YMNH16,KiK-net,174,-0.175469006663371,3,-0.1383881195406338,0.7271296940792726,-27.287030592072735,0.5287175920118166,-47.12824079881835,0.3844462609338819,-61.55537390661181,0.27954229210277376,-72.04577078972262,0.14542593881585453,0.2544953929277454
1209581,NIGH08,KiK-net,383,0.1625864472399768,3,-0.1382738292244275,0.7273210730214947,-27.267892697850527,0.5289959432611385,-47.10040567388615,0.384749897076709,-61.52501029232911,0.27983670798674165,-72.01632920132583,0.14546421460429895,0.25456237555752315
1103611,HKD138,K-NET,36,-0.3910878468096735,2,-0.1382731260442816,0.7273222506513601,-27.267774934863986,0.5289976562925599,-47.10023437074401,0.38475176596399935,-61.52482340360006,0.27983852036302137,-72.01614796369786,0.14546445013027204,0.254562787727976
1204521,IBRH08,KiK-net,162,-0.0404853274296027,3,-0.1382549747303063,0.7273526496800657,-27.264735031993425,0.5290418769966124,-47.09581230033876,0.3848000110252015,-61.51999889747985,0.2798853076160988,-72.01146923839012,0.14547052993601314,0.254573427388023
1203771,HRSH02,KiK-net,24,-0.1606811101816631,0,-0.1381802875610167,0.7274777458628396,-27.252225413716037,0.5292238707256783,-47.07761292743216,0.38499858853232327,-61.500141146767675,0.28007790534586946,-71.99220946541305,0.14549554917256793,0.25461721105199386
1207981,MYGH05,KiK-net,337,0.0288423410802054,1,-0.1381531658664183,0.7275231782737225,-27.24768217262775,0.5292899749254986,-47.071002507450146,0.3850707247862176,-61.492927521378235,0.2801478775566349,-71.98521224433651,0.1455046356547445,0.25463311239580283
1108641,OSK010,K-NET,29,-0.1363103369846744,0,-0.1381456064741928,0.727535841757029,-27.2464158242971,0.5293084010411088,-47.06915989588912,0.3850908331005102,-61.49091668994898,0.2801673834126952,-71.98326165873048,0.1455071683514058,0.25463754461496013
1101511,FKS002,K-NET,472,-0.2535623064171493,1,-0.1378388449475265,0.7280499142455666,-27.195008575443335,0.5300566776329769,-46.994332236702306,0.38590771869597884,-61.40922813040211,0.28096008150330964,-71.90399184966904,0.14560998284911333,0.2548174699859483
1205081,ISKH01,KiK-net,31,-0.2392225232450887,3,-0.1377970124819585,0.728120045437869,-27.1879954562131,0.5301588005684444,-46.984119943155555,0.3860192499591819,-61.39807500408181,0.28106835382017165,-71.89316461798283,0.1456240090875738,0.2548420159032541
1211221,SITH11,KiK-net,334,-0.1883829935207935,3,-0.137720036834954,0.728249111040214,-27.175088895978604,0.5303467677308619,-46.96532322691381,0.38622456214305095,-61.37754378569491,0.28126769404257274,-71.87323059574273,0.1456498222080428,0.25488718886407485
1101951,GIF014,K-NET,43,-0.0411837944074684,3,-0.137690275101952,0.7282990188773343,-27.170098112266572,0.5304194608976878,-46.95805391023122,0.38630397296523056,-61.36960270347694,0.2813448044989937,-71.86551955010063,0.14565980377546686,0.25490465660706696
1103081,HKD085,K-NET,215,0.0072642764322578,2,-0.1376836199248067,0.7283101794983534,-27.168982050164658,0.5304357175609238,-46.956428243907624,0.3863217326691343,-61.367826733086574,0.28136205046437207,-71.86379495356279,0.1456620358996707,0.2549085628244237
1208411,MYZH12,KiK-net,55,-0.3398156305020134,4,-0.1374712839017727,0.7286663532575741,-27.13336467424259,0.5309546543696918,-46.90453456303082,0.38688879174469903,-61.3111208255301,0.2819128449968389,-71.80871550031611,0.14573327065151484,0.2550332236401509
1201221,AOMH06,KiK-net,320,-0.3151509483336907,1,-0.1372816799893223,0.7289845432416628,-27.101545675833716,0.5314184642852559,-46.85815357147442,0.3873958464571731,-61.260415354282685,0.2824055841832997,-71.75944158167002,0.14579690864833258,0.25514459013458196
1102801,HKD057,K-NET,61,-0.1096222869524146,2,-0.1370902743851257,0.729305897725844,-27.069410227415602,0.5318870924576992,-46.811290754230086,0.3879083934536513,-61.209160654634864,0.28290387912310505,-71.7096120876895,0.1458611795451688,0.25525706420404537
1105931,KMM022,K-NET,40,-0.272026147636074,4,-0.1369900523091494,0.7294742189653842,-27.052578103461578,0.5321326361351574,-46.786736386484264,0.3881770391306849,-61.18229608693151,0.28316514244015173,-71.68348575598482,0.14589484379307685,0.25531597663788447
1214451,YMTH02,KiK-net,595,0.1393986688872786,1,-0.136973703626127,0.7295016799803179,-27.04983200196821,0.5321727010941062,-46.78272989058938,0.388220879487814,-61.177912051218605,0.28320778378979683,-71.67922162102032,0.14590033599606358,0.2553255879931112
1105961,KNG003,K-NET,136,-0.2409895927052575,3,-0.1367439956895934,0.7298876315794185,-27.01123684205815,0.5327359547326129,-46.726404526738705,0.38883738425698716,-61.11626157430128,0.2838075974648686,-71.61924025351314,0.1459775263158837,0.25546067105279646
1105831,KMM012,K-NET,40,0.0031848534828467,4,-0.1367369691958948,0.7298994405996699,-27.010055940033006,0.5327531933877111,-46.72468066122889,0.3888562578313781,-61.11437421686219,0.2838259650648039,-71.61740349351962,0.14597988811993398,0.2554648042098845
1209851,NMRH03,KiK-net,220,-0.0937788918719329,2,-0.136678903263213,0.7299970359571246,-27.00029640428754,0.5328956725061875,-46.71043274938125,0.38901226140389544,-61.09877385961045,0.2839777977758218,-71.60222022241783,0.14599940719142493,0.2554989625849936
1109791,TKY005,K-NET,196,-0.2604131060528244,3,-0.1366502051100808,0.7300452757109903,-26.995472428900968,0.5329661045879359,-46.703389541206406,0.3890893867685121,-61.091061323148786,0.2840528686396386,-71.59471313603613,0.14600905514219806,0.2555158464988466
1107921,NIG015,K-NET,96,0.0081010751228902,3,-0.1365635596346884,0.7301909405375014,-26.980905946249855,0.533178809643041,-46.682119035695905,0.38932233648791753,-61.06776635120825,0.28427964305237013,-71.57203569476297,0.1460381881075003,0.2555668291881255
1107971,NIG020,K-NET,91,-0.1051373601918458,3,-0.1363961931373231,0.7304723925395971,-26.952760746040294,0.5335899162625232,-46.64100837374768,0.38977270276728854,-61.02272972327114,0.2847181987370465,-71.52818012629535,0.14609447850791943,0.25566533738885894
1107371,NGN008,K-NET,68,0.0542899648284151,3,-0.1363735803889577,0.730510427603646,-26.948957239635398,0.5336454848376618,-46.635451516233815,0.3898335913175153,-61.01664086824847,0.2847775034876231,-71.52224965123769,0.1461020855207292,0.2556786496612761
1208211,MYZH02,KiK-net,34,-0.1675433404208904,4,-0.1363473179774136,0.7305546039548763,-26.944539604512375,0.533710029359666,-46.62899706403339,0.38990431912559625,-61.00956808744038,0.2848463954390957,-71.51536045609043,0.14611092079097526,0.25569411138420667
1209491,NIGH04,KiK-net,361,0.3035962501685286,1,-0.1363205145267599,0.7305996931497882,-26.940030685021178,0.5337759116305647,-46.62240883694353,0.38997651724803906,-61.00234827519609,0.2849167238370404,-71.50832761629596,0.14611993862995765,0.2557098926024259
1105911,KMM020,K-NET,32,-0.2621275131206858,4,-0.1361491820116184,0.7308879772123285,-26.911202278767156,0.5341972352335291,-46.580276476647086,0.39043833669225253,-60.95616633077474,0.28536668613114646,-71.46333138688536,0.1461775954424657,0.25581079202431495
1109751,TKY001,K-NET,160,-0.3058448440192455,3,-0.136137798095545,0.7309071358173485,-26.909286418265154,0.5342252411887198,-46.57747588112802,0.3904690409185794,-60.95309590814206,0.2853966083231459,-71.46033916768542,0.14618142716346968,0.25581749753607197
1208231,MYZH03,KiK-net,36,-0.2129452358036807,4,-0.135970975868684,0.7311879475301966,-26.881205246980343,0.5346358146134215,-46.536418538657855,0.3909192639633223,-60.908073603667766,0.2858354542673568,-71.41645457326432,0.14623758950603932,0.2559157816355688
1201381,AOMH14,KiK-net,156,-0.2433771407744292,1,-0.1358908027234584,0.7313229412987534,-26.86770587012466,0.5348332444698599,-46.51667555301401,0.3911358214500532,-60.886417854994676,0.286046599390157,-71.3953400609843,0.1462645882597507,0.2559630294545637
1206761,KMMH14,KiK-net,67,-0.0624324631801465,4,-0.1358314740272845,0.7314228536903814,-26.85771463096186,0.5349793909005811,-46.50206090994189,0.3912961527580451,-60.87038472419549,0.2862029486883567,-71.37970513116433,0.1462845707380763,0.2559979987916335
1109241,SZO006,K-NET,51,-0.5380096508777478,3,-0.1357578808924722,0.7315468070534773,-26.84531929465227,0.5351607309101375,-46.48392690898625,0.3914951239577163,-60.85048760422838,0.28639700790827266,-71.36029920917272,0.14630936141069548,0.25604138246871705
1103092,HKD086,K-NET,132,-0.14513041224625,2,-0.1355737871964824,0.7318569691866443,-26.814303081335567,0.5356146233470609,-46.43853766529391,0.39199329489482604,-60.8006705105174,0.28688302474321387,-71.31169752567861,0.14637139383732886,0.25614993921532553
1214391,YMNH15,KiK-net,177,-0.1743252753100985,3,-0.1350213916498881,0.7327884379536679,-26.72115620463321,0.5369788947985765,-46.30211052014235,0.39349192553353585,-60.65080744664642,0.28834633345910077,-71.16536665408992,0.1465576875907336,0.25647595328378375
1208611,NARH06,KiK-net,39,-0.0800817368696596,0,-0.1346678391206787,0.7333852327582442,-26.661476724175582,0.537853899627864,-46.214610037213596,0.39445410736851033,-60.55458926314896,0.2892868173449004,-71.07131826550996,0.14667704655164884,0.25668483146538545
1108251,OIT015,K-NET,59,-0.1305763929902677,4,-0.1346375367587689,0.7334364055937009,-26.656359440629906,0.5379289610502078,-46.20710389497922,0.39453668365741834,-60.546331634258166,0.289367567136556,-71.0632432863444,0.1466872811187402,0.2567027419577953
1107591,NGS005,K-NET,30,-0.0946244286825021,4,-0.1341054348991571,0.7343355697926873,-26.566443020731267,0.5392487290627508,-46.07512709372492,0.3959895227162776,-60.40104772837225,0.290789191795792,-70.9210808204208,0.14686711395853747,0.25701744942744054
1105401,KGS014,K-NET,60,-0.1586825121929819,4,-0.1339602490047599,0.7345811013243917,-26.54188986756083,0.5396093944229562,-46.03906055770438,0.3963868632402032,-60.36131367597968,0.29117829854950955,-70.88217014504905,0.14691622026487836,0.25710338546353706
1104431,HYG014,K-NET,23,-0.1827772760790098,0,-0.1339414006947056,0.7346129827168287,-26.538701728317125,0.5396562343761158,-46.034376562388424,0.39643847597677034,-60.35615240232297,0.2912288513010091,-70.87711486989909,0.14692259654336576,0.25711454395089006
1105751,KMM004,K-NET,61,-0.1420383374213458,4,-0.1339316355463984,0.7346295007378345,-26.53704992621655,0.5396805033543199,-46.031949664568,0.3964652187371273,-60.353478126287264,0.2912550457007722,-70.87449542992277,0.1469259001475669,0.2571203252582421
1213911,YMGH02,KiK-net,21,-0.1072390168274414,4,-0.1338504490002989,0.7347668444282782,-26.52331555717218,0.5398823156710896,-46.011768432891046,0.39668762544827807,-60.33123745517219,0.29147291477437803,-70.8527085225622,0.14695336888565566,0.25716839554989734
1103681,HKD145,K-NET,57,-0.5527533460263226,2,-0.1336638658302424,0.7350825854442717,-26.491741455572825,0.5403464074234351,-45.96535925765649,0.3971992342043425,-60.28007657956576,0.2919742400154129,-70.80257599845872,0.14701651708885435,0.2572789049054951
1209511,NIGH05,KiK-net,283,-0.2803864298699904,1,-0.133638718733191,0.7351251504066987,-26.487484959330132,0.5404089867604713,-45.959101323952865,0.3972682376734231,-60.27317623265769,0.2920418729714793,-70.79581270285206,0.14702503008133974,0.2572938026423445
1200341,AICH05,KiK-net,41,-0.1025661456534139,3,-0.1334824774165985,0.7353896658196866,-26.46103341803134,0.5407979605943903,-45.92020394056097,0.3976972315174767,-60.23027684825233,0.29246243418305173,-70.75375658169483,0.14707793316393733,0.25738638303689026
1100941,CHB020,K-NET,236,-0.1824334630128934,3,-0.133333921374959,0.7356412583890202,-26.435874161097985,0.5411680610441811,-45.88319389558188,0.3981055534264875,-60.18944465735125,0.29286287029431857,-70.71371297056814,0.14712825167780405,0.257474440436157
1105891,KMM018,K-NET,32,-0.2008125425074166,4,-0.1333066738966882,0.7356874137026143,-26.431258629738576,0.5412359706804415,-45.87640293195585,0.39818049147271795,-60.18195085272821,0.2929363759583997,-70.70636240416003,0.14713748274052285,0.25749059479591496
1211341,SMNH04,KiK-net,30,-0.0911148912792396,0,-0.1330313826636036,0.7361539001691908,-26.38460998308092,0.5419225647343109,-45.80774352656891,0.3989384096188538,-60.106159038114626,0.2936800661682134,-70.63199338317865,0.14723078003383816,0.2576538650592168
1101611,FKS012,K-NET,483,-0.034093748739922,3,-0.1329900644459315,0.7362239402348542,-26.377605976514584,0.5420256901749341,-45.79743098250659,0.39905228932910625,-60.09477106708938,0.2937918488096137,-70.62081511903864,0.14724478804697083,0.2576783790821989
1207391,KSRH04,KiK-net,221,-0.0475706964599007,2,-0.1329720995084521,0.7362543953549826,-26.37456046450174,0.542070534679531,-45.7929465320469,0.39910181375023024,-60.08981862497698,0.29384046456775265,-70.61595354322475,0.14725087907099652,0.2576890383742439
1209551,NIGH07,KiK-net,241,-0.3595280681838085,3,-0.1328779749052497,0.7364139809953788,-26.35860190046212,0.5423055514054621,-45.76944485945379,0.39936139002639043,-60.06386099736096,0.29409531108518233,-70.59046889148178,0.14728279619907578,0.2577448933483826
1206101,KGWH01,KiK-net,38,-0.1602981363272953,0,-0.1324974569562268,0.737059491232195,-26.294050876780496,0.5432566936154622,-45.674330638453775,0.40041250220469704,-59.958749779530294,0.29512783515800417,-70.48721648419958,0.14741189824643902,0.25797082193126825
1101191,EHM013,K-NET,37,-0.2140093663817004,4,-0.1322901654542368,0.7374113783596299,-26.258862164037012,0.5437755409342492,-45.62244590657508,0.40098627115857804,-59.90137288414219,0.29569183891833534,-70.43081610816645,0.14748227567192598,0.25809398242587045
1202471,FKSH03,KiK-net,410,-0.0398131736008919,3,-0.1322867285618961,0.7374172140624817,-26.258278593751825,0.543784147595672,-45.62158524043281,0.4009957911713418,-59.900420882865824,0.29570119917635157,-70.42988008236483,0.14748344281249634,0.2580960249218686
1105011,IWT003,K-NET,412,-0.1906764515459243,1,-0.1321754942143198,0.7376061103794901,-26.23938896205099,0.5440627740691605,-45.59372259308395,0.4013040265834288,-59.86959734165712,0.2960043021278304,-70.39956978721695,0.14752122207589802,0.2581621386328215
1103841,HKD161,K-NET,56,-0.2130406777558637,1,-0.1321742594165523,0.7376082075640299,-26.23917924359701,0.544065867865821,-45.5934132134179,0.4013074495932766,-59.86925504067234,0.296007668576589,-70.3992331423411,0.14752164151280597,0.25816287264741045
1102181,GNM011,K-NET,285,-0.1550572103274277,3,-0.1321565348537759,0.7376383116761324,-26.236168832386763,0.544110278852415,-45.5889721147585,0.401356587458325,-59.864341254167506,0.2960559955528528,-70.39440044471472,0.1475276623352265,0.2581734090866463
1102921,HKD069,K-NET,204,-0.1272567531984127,2,-0.1320028448877969,0.737899396432263,-26.210060356773702,0.544495519255098,-45.550448074490205,0.40178291501840846,-59.821708498159154,0.2964753704888788,-70.35246295111213,0.1475798792864526,0.25826478875129205
1206121,KGWH02,KiK-net,38,-0.0918064084045199,0,-0.1316936696978459,0.7384248956536178,-26.15751043463822,0.5452713265210564,-45.472867347894365,0.40264192238922075,-59.73580776107792,0.29732081952603245,-70.26791804739676,0.14768497913072356,0.2584487134787662
1202911,GIFH06,KiK-net,44,-0.0318436085936171,3,-0.1316367163021719,0.7385217390737642,-26.147826092623582,0.5454143590845371,-45.45856409154629,0.40280036098691474,-59.719963901308525,0.29747682309559625,-70.25231769044038,0.14770434781475283,0.25848260867581746
1205491,IWTH13,KiK-net,369,-0.224097360701504,1,-0.1313117344947653,0.7390745804292634,-26.092541957073657,0.5462312354366918,-45.37687645633082,0.4037056211477312,-59.62943788522688,0.29836856256669464,-70.16314374333054,0.1478149160858527,0.2586761031502422
1202891,GIFH05,KiK-net,20,-0.2616569746324409,3,-0.1312373492361581,0.7392011787731917,-26.079882122680832,0.5464183826996761,-45.358161730032386,0.40391311259494156,-59.60868874050584,0.2985730489521297,-70.14269510478704,0.14784023575463834,0.25872041257061706
1107161,MYZ016,K-NET,68,-0.3000923823187627,4,-0.1312226320543482,0.7392262289244789,-26.077377107552113,0.546455417529906,-45.3544582470094,0.403954177575984,-59.60458224240159,0.29861352334778396,-70.1386476652216,0.14784524578489577,0.2587291801235676
1105601,KGS034,K-NET,39,-0.2307204213245078,4,-0.1312150482142371,0.739239137728778,-26.076086227122197,0.5464745027499872,-45.35254972500128,0.4039753402036633,-59.60246597963367,0.2986343821558458,-70.13656178441542,0.14784782754575562,0.2587336982050723
1106901,MYG011,K-NET,70,-0.0690564829911639,1,-0.1309060526064227,0.7397652851591218,-26.023471484087825,0.5472526771265568,-45.27473228734432,0.40483853274862003,-59.516146725138,0.2994854926221834,-70.05145073778166,0.14795305703182435,0.2589178498056926
1205851,KGSH01,KiK-net,49,-0.1107772993589035,4,-0.1307638673120925,0.7400075193327488,-25.999248066725123,0.5476111286690085,-45.23888713309915,0.4052363528853597,-59.47636471146402,0.2998779482421454,-70.01220517578545,0.14800150386654976,0.25900263176646204
1211931,SRCH07,KiK-net,114,0.0037596717561771,2,-0.1307139177866079,0.740092634736426,-25.990736526357406,0.5477371079911048,-45.226289200889525,0.405376199396047,-59.462380060395304,0.3000159394704592,-69.99840605295408,0.1480185269472852,0.2590324221577491
1100682,AOM024,K-NET,129,-0.1217463526742789,1,-0.1304410264283414,0.7405578222046703,-25.944217779532973,0.548425888028524,-45.1574111971476,0.40614108127906606,-59.385891872093396,0.30077095465987513,-69.92290453401249,0.14811156444093407,0.25919523777163456
1207171,KOCH06,KiK-net,20,-0.1159043957851306,4,-0.1303222954144459,0.7407603096986818,-25.923969030131822,0.5487258364248869,-45.12741635751131,0.40647432052976745,-59.35256794702326,0.30110004356019177,-69.88999564398082,0.14815206193973637,0.2592661083945386
1110421,WKY007,K-NET,24,-0.2472935349949889,0,-0.1302250940553856,0.7409261210780255,-25.907387892197452,0.5489715168957289,-45.10284831042711,0.4067473365958721,-59.325266340412796,0.3013697263627975,-69.86302736372025,0.1481852242156051,0.2593241423773089
1202391,FKOH09,KiK-net,29,-0.3491541173860624,4,-0.1300884986592873,0.7411591956825407,-25.884080431745925,0.5493169533447907,-45.068304665520934,0.4071313113158088,-59.28686886841912,0.301749115232003,-69.8250884767997,0.14823183913650814,0.25940571848888927
1107791,NIG002,K-NET,61,-0.0193304962902962,3,-0.1300124152940953,0.7412890495669819,-25.871095043301807,0.5495094550079194,-45.04905449920806,0.4073453416308908,-59.26546583691093,0.3019606411431006,-69.80393588568994,0.1482578099133964,0.25945116734844365
1107131,MYZ013,K-NET,78,-0.1111360493080275,4,-0.1299509231016568,0.7413940168600203,-25.860598313997972,0.549665088235836,-45.0334911764164,0.40751840769488396,-59.24815923051161,0.3021317092253094,-69.78682907746906,0.14827880337200405,0.25948790590100707
1209591,NIGH09,KiK-net,225,-0.1287096414458802,3,-0.1298796390994661,0.741515717393774,-25.8484282606226,0.5498455591420033,-45.01544408579967,0.40771912424296336,-59.22808757570366,0.3023301389081822,-69.76698610918177,0.1483031434787548,0.2595305010878209
1100921,CHB018,K-NET,217,-0.2613328826262922,3,-0.1297565365909331,0.7417259327825058,-25.827406721749423,0.5501573593620782,-44.98426406379218,0.4080659805499977,-59.193401945000225,0.30267312006025493,-69.73268799397451,0.14834518655650117,0.259604076473877
1205391,IWTH08,KiK-net,355,-0.2614339795429981,1,-0.1296546021984714,0.7419000456464253,-25.809995435357468,0.550415677730168,-44.958432226983206,0.4083534164325197,-59.16465835674802,0.30295741829116013,-69.70425817088399,0.14838000912928506,0.25966501597624886
1109981,TKY024,K-NET,245,-0.2406798851747725,3,-0.1296099711113524,0.7419762923140837,-25.802370768591633,0.5505288183561545,-44.94711816438455,0.4084793314559532,-59.15206685440468,0.30308197984062385,-69.69180201593761,0.14839525846281673,0.2596917023099293
1205091,ISKH02,KiK-net,47,-0.2548239538394936,3,-0.1296097361460138,0.7419766937439088,-25.802330625609116,0.5505294140591424,-44.94705859408577,0.4084799944523738,-59.152000554762616,0.30308263574430255,-69.69173642556974,0.14839533874878177,0.25969184281036806
1106831,MYG004,K-NET,304,0.0755864063271197,1,-0.1296067242462584,0.7419818394854845,-25.801816051451553,0.5505370501262632,-44.94629498737368,0.40848849315759717,-59.151150684240285,0.30309104356172767,-69.69089564382723,0.1483963678970969,0.25969364381991955
1104241,HRS016,K-NET,23,0.0107083278945218,0,-0.1295807128642916,0.7420262806465533,-25.79737193534467,0.5506030011701575,-44.93969988298425,0.4085618970711218,-59.14381029288782,0.30316366489758445,-69.68363351024156,0.14840525612931066,0.2597091982262936
1101921,GIF011,K-NET,39,-0.2453659747304377,3,-0.1294049728767496,0.7423266069980186,-25.767339300198145,0.5510487914571907,-44.89512085428093,0.4090581796527751,-59.0941820347225,0.3036547705664304,-69.63452294335696,0.14846532139960372,0.2598143124493065
1110931,YMT014,K-NET,238,-0.1176584316566475,1,-0.129380711810499,0.7423680768733898,-25.76319231266102,0.5511103615606952,-44.88896384393048,0.4091267392568118,-59.08732607431881,0.3037226306195602,-69.62773693804398,0.14847361537467796,0.2598288269056864
1100781,CHB004,K-NET,383,-0.3244608508126316,3,-0.1292924955669361,0.7425188860075014,-25.74811139924986,0.5513342960778208,-44.866570392217916,0.40937612734143347,-59.06238726585665,0.3039695060316262,-69.60304939683738,0.1485037772015003,0.25988161010262545
1108291,OKN001,K-NET,48,-0.2662949141628521,4,-0.1291854822688513,0.742701870569088,-25.7298129430912,0.5516060685468224,-44.839393145317764,0.4096788589269855,-59.032114107301446,0.30426925485768164,-69.57307451423183,0.1485403741138176,0.2599456546991808
1101222,EHM016,K-NET,28,0.098273452587061,0,-0.1289186687876097,0.7431582976343244,-25.68417023656756,0.552284255342747,-44.771574465725294,0.41043462701075645,-58.95653729892436,0.30501789869949264,-69.49821013005074,0.14863165952686488,0.2601054041720135
1100651,AOM021,K-NET,242,0.0580980933592629,1,-0.128743922117847,0.7434573817195524,-25.654261828044756,0.5527288784332923,-44.72711215667077,0.4109303647608003,-58.90696352391998,0.30550921305412526,-69.44907869458747,0.1486914763439105,0.26021008360184333
1103331,HKD110,K-NET,248,0.0034149598040678,2,-0.1286042874518859,0.7436964570893521,-25.630354291064794,0.5530844202872545,-44.691557971274555,0.4113269238389493,-58.867307616105066,0.3059023759644883,-69.40976240355117,0.14873929141787043,0.2602937599812732
1110511,YMG002,K-NET,46,-0.0613396851946927,4,-0.1285365908218261,0.7438123914843591,-25.618760851564094,0.5532568737256814,-44.67431262743185,0.41151931835105915,-58.84806816489409,0.3060931683247146,-69.39068316752855,0.1487624782968718,0.2603343370195257
1214651,YMTH12,KiK-net,458,-0.0182132726952296,1,-0.1282854296694036,0.7442426774206665,-25.575732257933346,0.5538971628942823,-44.61028371057177,0.4122339075281517,-58.77660924718483,0.3068020670623351,-69.3197932937665,0.14884853548413332,0.26048493709723325
1104081,HKD185,K-NET,140,-0.4463552370562628,2,-0.1281813329474734,0.7444210874899845,-25.557891251001553,0.5541627554997711,-44.583724450022885,0.412530441095586,-58.7469558904414,0.3070963595830991,-69.29036404169008,0.1488842174979969,0.2605473806214946
1109821,TKY008,K-NET,229,-0.4079211853071228,3,-0.1281707836951637,0.7444391701080754,-25.556082989192465,0.5541896779912,-44.58103220088,0.41256050396623045,-58.743949603376954,0.3071261991919899,-69.28738008080101,0.14888783402161507,0.26055370953782636
1107641,NGS010,K-NET,30,-0.2238524583433028,4,-0.1280839496926493,0.7445880301519032,-25.541196984809677,0.5544113346454915,-44.558866535450846,0.41280804355757417,-58.71919564424258,0.3073719279833952,-69.26280720166048,0.14891760603038065,0.2606058105531661
1101791,FKS030,K-NET,115,-0.256211976668701,3,-0.1279342364908504,0.744844754285073,-25.515524571492698,0.5547937079859908,-44.52062920140092,0.41323518310372986,-58.67648168962701,0.30779605842084484,-69.22039415791552,0.14896895085701461,0.26069566399977556
1100041,AIC004,K-NET,22,-0.0029821867157253,3,-0.127892408809534,0.744916495075394,-25.508350492460597,0.5549005846354096,-44.50994153645904,0.41335459862189633,-58.66454013781037,0.3079146588287193,-69.20853411712807,0.1489832990150788,0.2607207732763879
1100042,AIC004,K-NET,31,0.0615116852587124,3,-0.127892408809534,0.744916495075394,-25.508350492460597,0.5549005846354096,-44.50994153645904,0.41335459862189633,-58.66454013781037,0.3079146588287193,-69.20853411712807,0.1489832990150788,0.2607207732763879
1104801,ISK001,K-NET,43,0.0149194736183068,3,-0.1273813258095523,0.7457936378329592,-25.420636216704086,0.556208150232119,-44.379184976788096,0.4148164997539531,-58.51835002460468,0.3093675063846355,-69.06324936153645,0.14915872756659185,0.2610277732415357
1102142,GNM007,K-NET,78,-0.2823699809714468,3,-0.1272366338149436,0.7460421520359513,-25.395784796404875,0.5565788926144334,-44.34211073855666,0.4152313148238585,-58.47686851761416,0.309780063703909,-69.0219936296091,0.14920843040719026,0.26111475321258293
1109282,SZO010,K-NET,25,0.1328522112662909,3,-0.1266663674432254,0.7470224136162112,-25.297758638378877,0.5580424864449898,-44.195751355501024,0.41687024512452814,-58.31297548754719,0.3114114166777066,-68.85885833222933,0.14940448272324225,0.2614578447656739
1104711,IBR015,K-NET,247,-0.1480586012300226,3,-0.1263532687228443,0.7475611634791755,-25.243883652082456,0.5588476931423385,-44.11523068576615,0.4177728316931398,-58.222716830686025,0.3123107441305133,-68.76892558694867,0.1495122326958351,0.2616464072177114
1105331,KGS007,K-NET,58,-0.1007476895907943,4,-0.1262271209018454,0.7477783361880983,-25.22216638119017,0.5591724400722405,-44.082755992775944,0.41813703687945913,-58.18629631205409,0.31267381773634345,-68.73261822636564,0.14955566723761968,0.2617224176658344
1101701,FKS021,K-NET,213,-0.1743779826931111,1,-0.1259999649333473,0.7481695609213188,-25.183043907868118,0.559757691889199,-44.0242308110801,0.4187936665630729,-58.12063334369271,0.3133286736291234,-68.66713263708766,0.14963391218426378,0.26185934632246155
1100621,AOM018,K-NET,65,0.1172840699603188,1,-0.1258269245232843,0.7484677211977888,-25.153227880221117,0.560203929675011,-43.979607032498905,0.4192945586499018,-58.070544135009825,0.3138284428233246,-68.61715571766753,0.14969354423955777,0.26196370241922606
1101772,FKS028,K-NET,63,-0.2150217066415704,3,-0.1257853557504953,0.748539364690813,-25.146063530918706,0.5603111804917259,-43.96888195082741,0.4194149750744359,-58.05850249255641,0.3139486189840314,-68.60513810159685,0.1497078729381626,0.2619887776417845
1212141,SZOH28,KiK-net,43,-0.0786811178927467,3,-0.1256237239485505,0.7488180011650141,-25.118199883498594,0.560728398868767,-43.9271601131233,0.41988351883736885,-58.01164811626312,0.31441633729793106,-68.55836627020689,0.1497636002330028,0.26208630040775494
1207491,KSRH09,KiK-net,262,0.0113372547346261,2,-0.1256179516654149,0.74882795390083,-25.117204609917,0.5607433045433036,-43.92566954566964,0.419900261404752,-58.0099738595248,0.3144330535901441,-68.5566946409856,0.14976559078016602,0.26208978386529047
1208321,MYZH07,KiK-net,29,-0.3472131185108932,4,-0.1255076232061058,0.749018210818236,-25.098178918176394,0.5610282801373515,-43.89717198626485,0.4202203986069111,-57.97796013930889,0.3147527311138746,-68.52472688861255,0.14980364216364722,0.2621563737863826
1104631,IBR007,K-NET,481,-0.3413830091008586,3,-0.125487735453033,0.7490525115771092,-25.094748842289082,0.5610796650999753,-43.89203349000247,0.4202781323379798,-57.972186766202014,0.3148103905887004,-68.51896094112996,0.14981050231542184,0.2621683790519882
1209451,NIGH02,KiK-net,445,0.0544716400442437,1,-0.1252645590443625,0.7494375356031261,-25.056246439687392,0.5616566197708869,-43.83433802291131,0.4209265529762755,-57.90734470237244,0.3154581585324586,-68.45418414675414,0.14988750712062524,0.2623031374610941
1107141,MYZ014,K-NET,78,-0.2416966570866139,4,-0.125028170554574,0.7498455689478591,-25.015443105214086,0.5622683772707385,-43.77316227292615,0.42161445125596647,-57.83855487440335,0.3161457280786696,-68.38542719213304,0.14996911378957184,0.2624459491317507
1108691,SAG005,K-NET,26,-0.2673682066268388,4,-0.1248844796003294,0.7500937043864948,-24.99062956135052,0.5626405653602543,-43.73594346397457,0.4220331459091849,-57.79668540908152,0.31656440578890654,-68.34355942110935,0.15001874087729897,0.26253279653527317
1101181,EHM012,K-NET,51,-0.0822479351195054,4,-0.1248844796003294,0.7500937043864948,-24.99062956135052,0.5626405653602543,-43.73594346397457,0.4220331459091849,-57.79668540908152,0.31656440578890654,-68.34355942110935,0.15001874087729897,0.26253279653527317
1106971,MYG018,K-NET,147,-0.3119300766579134,1,-0.1248756538645258,0.7501089479514175,-24.98910520485825,0.5626634337967823,-43.73365662032177,0.4220588763760364,-57.794112362396355,0.316590139731986,-68.3409860268014,0.1500217895902835,0.2625381317829961
1106032,KNG010,K-NET,31,-0.054098350505734,3,-0.1247510179921763,0.7503242486366298,-24.967575136337018,0.5629864780921231,-43.70135219078769,0.42242240616705473,-57.75775938329453,0.31695377451457263,-68.30462254854274,0.15006484972732598,0.26261348702282045
1100601,AOM016,K-NET,69,0.0459392224306842,1,-0.124498883721476,0.7507599838155803,-24.92400161844197,0.5636405532987704,-43.63594467012296,0.42315877267238955,-57.68412273276105,0.31769067332294404,-68.23093266770559,0.15015199676311608,0.26276599433545306
1106591,KYT014,K-NET,24,-0.1192529275038715,0,-0.1243995440042744,0.7509317309086593,-24.90682690913407,0.5638984644854751,-43.61015355145249,0.4234492499928129,-57.65507500071871,0.3179814782490766,-68.20185217509234,0.15018634618173188,0.26282610581803073
1202741,FKSH17,KiK-net,560,-0.1922769383004544,1,-0.1243927390214461,0.7509434973891977,-24.905650261080226,0.56391613627112,-43.608386372888,0.4234691556056383,-57.65308443943618,0.31800140874694843,-68.19985912530515,0.15018869947783955,0.2628302240862192
1214031,YMGH08,KiK-net,39,-0.1222409020798905,4,-0.1243878868422436,0.7509518873939687,-24.904811260603132,0.5639287371805638,-43.60712628194362,0.42348334954144173,-57.65166504585583,0.31801562061806543,-68.19843793819345,0.15019037747879374,0.262833160587889
1107201,MYZ020,K-NET,72,-0.129614018986427,4,-0.1239580624726529,0.7516954777809596,-24.830452221904043,0.5650460913163451,-43.49539086836549,0.42474259158030375,-57.52574084196962,0.31927708531187937,-68.07229146881207,0.15033909555619193,0.26309341722333585
1204411,HYMH01,KiK-net,75,-0.3413723677037396,2,-0.1239541544731925,0.7517022419441279,-24.829775805587207,0.5650562605438283,-43.49437394561717,0.42475405787536097,-57.524594212463896,0.3192885775797747,-68.07114224202253,0.1503404483888256,0.26309578468044476
1109771,TKY003,K-NET,275,-0.1801218322735026,3,-0.123739859939436,0.7520732469581891,-24.79267530418109,0.5656141687902333,-43.43858312097667,0.425383284447628,-57.4616715552372,0.3199193879362665,-68.00806120637336,0.15041464939163784,0.2632256364353662
1205891,KGSH03,KiK-net,66,-0.1727336556906538,4,-0.1235193208411492,0.7524552542892834,-24.75447457107166,0.5661889097075501,-43.38110902924499,0.42603182002976675,-57.39681799702332,0.3205698814758244,-67.94301185241756,0.1504910508578567,0.2633593390012492
1109741,TKS012,K-NET,29,-0.0422241210920621,0,-0.1232726880536369,0.7528826897032334,-24.711731029676663,0.5668323444547751,-43.31676555452248,0.4267582601039008,-57.32417398960992,0.32129890672009687,-67.87010932799032,0.15057653794064668,0.2635089413961317
1105351,KGS009,K-NET,72,0.043869342605714,4,-0.1231130890261951,0.7531594176642517,-24.684058233574834,0.5672491084163547,-43.27508915836453,0.42722900816542764,-57.27709918345724,0.3217715509991493,-67.82284490008507,0.15063188353285034,0.2636057961824881
1205961,KGSH07,KiK-net,63,0.1053253686553883,4,-0.1228389099750579,0.7536350528400079,-24.636494715999213,0.5679657928691615,-43.20342071308385,0.42803893032026746,-57.19610696797326,0.3225851418694952,-67.74148581305049,0.15072701056800158,0.26377226849400276
1205671,IWTH22,KiK-net,499,-0.1742515357893694,1,-0.1227399714411199,0.7538067613104796,-24.619323868952037,0.5682246333973944,-43.177536660260564,0.4283315705981245,-57.16684294018754,0.3228792339996033,-67.71207660003967,0.15076135226209594,0.26383236645866787
1214621,YMTH10,KiK-net,29,-0.0453791588994161,1,-0.1226623561396706,0.7539414905548553,-24.605850944514472,0.5684277711800769,-43.15722288199231,0.4285612810762814,-57.14387189237187,0.32311013104874986,-67.68898689512501,0.15078829811097105,0.2638795216941993
1104701,IBR014,K-NET,442,-0.0585970754748425,3,-0.1223902009478641,0.7544141039655832,-24.558589603441682,0.5691406402621937,-43.08593597378063,0.4293677261538012,-57.063227384619886,0.32392106839805984,-67.60789316019402,0.15088282079311666,0.26404493638795407
1108501,OKY011,K-NET,30,-0.1359509676954895,0,-0.122325418605735,0.7545266459386047,-24.547335406139524,0.5693104594313606,-43.06895405686394,0.4295599114525106,-57.04400885474894,0.3241143992179469,-67.5885600782053,0.15090532918772095,0.2640843260785116
1209471,NIGH03,KiK-net,245,-0.1670893919818943,1,-0.1221234350300147,0.7548776461047627,-24.512235389523727,0.5698402605886673,-43.01597394113327,0.4301596745688978,-56.98403254311022,0.32471792258776033,-67.52820774122397,0.15097552922095256,0.26420717613666694
1103511,HKD128,K-NET,177,-0.2165796434742973,2,-0.1220352480920196,0.7550309455599047,-24.49690544400953,0.5700717287530838,-42.99282712469162,0.43042179639741035,-56.95782036025896,0.3249817759235295,-67.50182240764705,0.15100618911198094,0.26426083094596664
1110291,TYM008,K-NET,40,-0.1305523253603839,3,-0.1220082751160426,0.7550778401552587,-24.49221598447413,0.5701425446935304,-42.98574553064696,0.43050200122781396,-56.949799877218595,0.3250625212696143,-67.49374787303857,0.15101556803105176,0.2642772440543405
1101342,FKO001,K-NET,35,-0.237136023479755,4,-0.1218797979101624,0.7553012476491271,-24.46987523508729,0.570479974700328,-42.9520025299672,0.4308842366500002,-56.91157633499998,0.3254474015340869,-67.4552598465913,0.15106024952982544,0.26435543667719447
1107321,NGN003,K-NET,61,-0.6952312795273775,3,-0.1217875453114306,0.7554617053728232,-24.453829462717678,0.5707223882848144,-42.92776117151856,0.4311589087480964,-56.88410912519035,0.32572404448952236,-67.42759555104776,0.15109234107456465,0.2644115968804881
1102671,HKD044,K-NET,29,-0.2121033330434108,2,-0.1217858670902204,0.7554646246691991,-24.453537533080095,0.5707267991265738,-42.92732008734262,0.4311639070908104,-56.883609290918955,0.32572907924126454,-67.42709207587355,0.15109292493383983,0.26441261863421966
1205271,IWTH02,KiK-net,445,-0.0647028999591166,1,-0.1216660356741995,0.7556731027642217,-24.432689723577827,0.571041838241306,-42.89581617586939,0.4315209577119925,-56.84790422880075,0.3260887810220099,-67.39112189779901,0.15113462055284435,0.26448558596747757
1101351,FKO002,K-NET,52,0.0451157398537135,4,-0.1214670653306798,0.756019390803805,-24.398060919619503,0.5715653192713565,-42.843468072864354,0.43211446448011315,-56.788553551988684,0.32668691419376755,-67.33130858062324,0.151203878160761,0.2646067867813317
1105572,KGS031,K-NET,41,-0.5721839683112455,4,-0.1214529087739266,0.7560440349250072,-24.395596507499285,0.5716025827456854,-42.83974172543146,0.4321567230326033,-56.784327696739666,0.32672951260153815,-67.32704873984619,0.15120880698500144,0.2646154122237525
1212971,TKCH08,KiK-net,211,-0.1112566019779514,2,-0.1214320568781888,0.7560803359385263,-24.391966406147368,0.5716574743929148,-42.83425256070852,0.43221897528076453,-56.77810247192354,0.326792268029286,-67.32077319707139,0.15121606718770528,0.2646281175784842
1103431,HKD120,K-NET,77,-0.1341129700885684,2,-0.1212404870059393,0.7564139210276313,-24.358607897236872,0.5721620199243956,-42.783798007560435,0.4327913169541018,-56.72086830458982,0.32736937704396446,-67.26306229560355,0.15128278420552627,0.2647448723596709
1108271,OIT017,K-NET,43,-0.1534870196640257,4,-0.1211792201276775,0.7565206375312089,-24.347936246879108,0.5723234750106267,-42.76765249893732,0.43297452018911625,-56.70254798108838,0.3275541600482395,-67.24458399517606,0.15130412750624178,0.2647822231359231
1207351,KSRH02,KiK-net,245,0.031841212095498,2,-0.1211304949114117,0.7566055193363269,-24.339448066367307,0.572451911890193,-42.754808810980705,0.4331202760907527,-56.687972390924735,0.32770119142673726,-67.22988085732628,0.15132110386726538,0.2648119317677144
1104261,HRS018,K-NET,48,0.0683807442455011,0,-0.120933532103282,0.7569487356372802,-24.305126436271983,0.5729713883828771,-42.70286116171229,0.4337099679927558,-56.62900320072441,0.3282962119054017,-67.17037880945983,0.15138974712745604,0.26493205747304804
1100901,CHB016,K-NET,32,-0.4926007151260861,3,-0.1204391060412843,0.7578109807633062,-24.218901923669378,0.5742774825654441,-42.57225174345559,0.43519378229320166,-56.48062177067983,0.3297946269817039,-67.0205373018296,0.15156219615266125,0.26523384326715715
1102141,GNM007,K-NET,149,-0.2236821432694255,3,-0.1203830966485539,0.757908719214248,-24.209128078575205,0.5744256266609817,-42.557437333901824,0.43536219098646645,-56.46378090135335,0.3299648005648616,-67.00351994351384,0.15158174384284961,0.26526805172498674
1109761,TKY002,K-NET,150,-0.3369766184144765,3,-0.1201501337104744,0.7583153833879572,-24.168461661204276,0.5750422206828245,-42.49577793171755,0.4360633620413584,-56.39366379586416,0.3306735555678343,-66.93264444321657,0.15166307667759146,0.265410384185785
1102121,GNM005,K-NET,75,-0.1460214032715857,3,-0.1201121351715323,0.7583817349960031,-24.161826500399684,0.5751428559755479,-42.485714402445204,0.4361778369852924,-56.382216301470756,0.33078930477970986,-66.92106952202901,0.15167634699920063,0.2654336072486011
1110501,YMG001,K-NET,46,-0.2039025645382372,4,-0.1200319590026813,0.7585217546313399,-24.147824536866015,0.5753552522490065,-42.46447477509935,0.4364194754722736,-56.35805245277263,0.33103366629051795,-66.8966333709482,0.151704350926268,0.2654826141209689
1101071,EHM001,K-NET,27,0.1323490152283878,0,-0.1200255624856273,0.7585329266200993,-24.14670733799007,0.5753722007668529,-42.462779923314706,0.4364387593435283,-56.356124065647165,0.3310531694152917,-66.89468305847083,0.15170658532401987,0.26548652431703473
1208251,MYZH04,KiK-net,66,-0.298832619207718,4,-0.120022830265292,0.7585376986945618,-24.14623013054382,0.5753794403408418,-42.46205596591582,0.436446996552307,-56.3553003447693,0.3310615003669403,-66.89384996330597,0.15170753973891238,0.2654881945430966
1100881,CHB014,K-NET,347,-0.2042616745694205,3,-0.1199993379457628,0.7585787314331942,-24.14212685668058,0.5754416917827941,-42.45583082172059,0.4365178285663632,-56.34821714336369,0.3311331406418443,-66.88668593581556,0.15171574628663886,0.26550255600161793
1208261,MYZH04,KiK-net,66,-0.372266839661833,4,-0.1199221470881605,0.7587135720755616,-24.128642792443845,0.5756462844516583,-42.43537155483417,0.4367506487283425,-56.324935127165745,0.33136864480299955,-66.86313551970005,0.15174271441511233,0.2655497502264465
1205751,IWTH26,KiK-net,546,-0.0580140840312945,1,-0.1195590110991758,0.7593482368792691,-24.06517631207309,0.5766097448516546,-42.33902551483454,0.43784759312050914,-56.215240687949084,0.3324787978578902,-66.75212021421098,0.15186964737585384,0.2657718829077442
1100902,CHB016,K-NET,254,-0.2999654568892157,3,-0.1192965692210164,0.7598072457114646,-24.019275428853536,0.577307050635642,-42.2692949364358,0.4386420800732762,-56.13579199267238,0.3332834307136237,-66.67165692863763,0.15196144914229293,0.2659325359990126
1203551,GNMH12,KiK-net,329,-0.1726924439664011,3,-0.1187667658072434,0.7607347134256517,-23.92652865743483,0.5787173042108084,-42.128269578919166,0.440250342573275,-55.9749657426725,0.33491371819302534,-66.50862818069747,0.15214694268513035,0.26625714969897807
1107091,MYZ009,K-NET,39,0.3739934412923008,4,-0.1186594708825512,0.7609226804865514,-23.907731951344857,0.5790033256788384,-42.09966743211616,0.44057676258616946,-55.94232374138306,0.335244851147155,-66.4755148852845,0.1521845360973103,0.26632293817029296
1208161,MYGH14,KiK-net,198,0.1800093572182761,1,-0.1185188469146257,0.76116910611896,-23.883089388103997,0.5793784081099367,-42.06215918900633,0.4410049450056665,-55.899505499433346,0.3356793397840043,-66.43206602159957,0.15223382122379203,0.266409187141636
1203621,HDKH01,KiK-net,210,-0.015270955872681,2,-0.1182916809150391,0.7615673542623934,-23.84326457376066,0.5799848350782218,-42.001516492177814,0.441697516362832,-55.83024836371679,0.3363824089207122,-66.36175910792879,0.1523134708524787,0.2665485739918377
1103981,HKD175,K-NET,35,-0.3630645111918881,2,-0.118256856430609,0.7616284240086673,-23.837157599133274,0.5800778562579262,-41.99221437420738,0.4418037834640506,-55.81962165359494,0.3364903193207913,-66.35096806792087,0.15232568480173347,0.2665699484030335
1109191,SZO001,K-NET,152,-0.6270420960369965,3,-0.1182485114962672,0.7616430587795864,-23.83569412204136,0.5801001489871245,-41.98998510128755,0.4418292518730473,-55.81707481269527,0.336516182854884,-66.3483817145116,0.15232861175591728,0.26657507057285523
1200441,AICH10,KiK-net,41,-0.1907772419022537,3,-0.1180653113636329,0.761964413411616,-23.803558658838398,0.5805897673057081,-41.94102326942919,0.4423887414778805,-55.761125852211954,0.33708447790009627,-66.29155220999037,0.1523928826823232,0.2666875446940656
1105172,IWT019,K-NET,210,-0.0556619181717779,1,-0.1180371072911061,0.7620138987224139,-23.798610127758614,0.5806651818461332,-41.93348181538668,0.4424749390709314,-55.75250609290686,0.33717205340840295,-66.2827946591597,0.1524027797444828,0.2667048645528448
1208081,MYGH10,KiK-net,632,0.0595194996753578,1,-0.117981032846022,0.7621122933991873,-23.78877066008127,0.580815147750169,-41.9184852249831,0.4426463642928691,-55.73536357071309,0.33734623585605056,-66.26537641439494,0.15242245867983747,0.2667393026897155
1101561,FKS007,K-NET,376,-0.1459523621943961,1,-0.117860529921005,0.7623237846947112,-23.76762153052888,0.5811375527112683,-41.886244728873166,0.4430149786110763,-55.69850213889237,0.33772085517124223,-66.22791448287578,0.15246475693894224,0.2668133246431489
1107192,MYZ019,K-NET,45,-0.24017070000364,4,-0.1177287732515567,0.7625550942890508,-23.74449057109492,0.5814902718261831,-41.850972817381695,0.44341836906058085,-55.658163093941916,0.33813093622848833,-66.18690637715116,0.15251101885781015,0.26689428300116774
1101741,FKS025,K-NET,373,-0.2512535055773509,3,-0.1176506973935848,0.7626921959509947,-23.730780404900532,0.5816993857645505,-41.83006142354495,0.4436575819121098,-55.63424180878902,0.33837417539885534,-66.16258246011446,0.15253843919019894,0.26694226858284814
1110261,TYM005,K-NET,38,-0.0576919552128292,3,-0.1175873036149708,0.7628035339283749,-23.719646607162513,0.5818692313736173,-41.81307686263827,0.4438519059759825,-55.614809402401754,0.3385718024193242,-66.14281975806757,0.152560706785675,0.2669812368749312
1207531,KYTH01,KiK-net,38,-0.1518553189828635,0,-0.1174681538923232,0.7630128396001623,-23.69871603998377,0.582188593394703,-41.7811406605297,0.44421737182891663,-55.57826281710834,0.3389435582789028,-66.1056441721097,0.15260256792003246,0.2670544938600568
1204951,IBUH05,KiK-net,192,-0.2126871638072185,2,-0.1165913050795908,0.7645549332587276,-23.54450667412724,0.5845442459702574,-41.54557540297426,0.44691618696456337,-55.30838130354366,0.3416919754969368,-65.83080245030632,0.15291098665174552,0.26759422664055466
1106011,KNG008,K-NET,108,-0.3462879497069088,3,-0.1165746471304725,0.7645842593541808,-23.541574064581916,0.5845890896521813,-41.54109103478187,0.4469676161382478,-55.30323838617521,0.341744403740366,-65.8255596259634,0.15291685187083617,0.26760449077396326
1103011,HKD078,K-NET,242,0.0035737953394707,2,-0.1158312692090337,0.7658941120004029,-23.410588799959708,0.5865937907968857,-41.34062092031143,0.4492687305073309,-55.073126949266914,0.34409227540146053,-65.59077245985394,0.1531788224000806,0.268062939200141
1200461,AICH11,KiK-net,63,-0.0896615312913193,3,-0.1157927443234573,0.76596205505054,-23.403794494945995,0.5866978697772466,-41.330213022275345,0.4493883060283539,-55.06116939716461,0.3442143904011589,-65.5785609598841,0.15319241101010803,0.268086719267689
1210901,SBSH08,KiK-net,87,-0.4217724995329362,2,-0.1153677763531182,0.7667119348323943,-23.32880651676057,0.5878471910144336,-41.21528089855664,0.4507094572084645,-54.929054279153554,0.34556431998356,-65.443568001644,0.15334238696647887,0.268349177191338
1104841,ISK005,K-NET,64,-0.0444235123366723,3,-0.1149191003747078,0.767504445447856,-23.2495554552144,0.589063073782221,-41.0936926217779,0.452108527777033,-54.789147222296705,0.3469953048937583,-65.30046951062417,0.1535008890895712,0.2686265559067496
1104691,IBR013,K-NET,437,0.0030013281164959,3,-0.1147735021801392,0.7677617961628449,-23.22382038371551,0.5894581756471978,-41.05418243528022,0.4525634676977663,-54.743653230223366,0.3474609408373227,-65.25390591626773,0.153552359232569,0.2687166286569957
1101311,FKI009,K-NET,38,-0.2212803828915851,0,-0.1147339560495084,0.7678317104536049,-23.216828954639514,0.5895655355781085,-41.04344644218914,0.4526871136074347,-54.73128863925653,0.34758752074150195,-65.2412479258498,0.15356634209072098,0.26874109865876167
1205611,IWTH19,KiK-net,376,-0.1652747452745676,1,-0.1145971816307758,0.7680735654141816,-23.19264345858184,0.5899370018880531,-41.006299811194694,0.4531150164099097,-54.68849835900903,0.34802566619666475,-65.19743338033352,0.15361471308283633,0.26882574789496355
1100161,AIC016,K-NET,43,0.0453249838680542,3,-0.1144847967710868,0.7682723499099082,-23.172765009009176,0.5902424036360925,-40.97575963639075,0.4534669184579733,-54.65330815420266,0.3483860950501119,-65.16139049498881,0.15365446998198165,0.26889532246846787
1105381,KGS012,K-NET,38,0.1025937648797886,4,-0.1144323058014845,0.768365212701,-23.1634787299,0.590385100089053,-40.9614899910947,0.4536313730054264,-54.63686269945735,0.3485545664071611,-65.14454335928389,0.1536730425402,0.26892782444534996
1211761,SOYH09,KiK-net,24,-0.1024075043106465,2,-0.114392935485568,0.7684348708560882,-23.15651291439118,0.590492150747613,-40.9507849252387,0.4537547596012757,-54.62452403987243,0.3486809800945416,-65.13190199054584,0.15368697417121766,0.26895220479963083
1105491,KGS023,K-NET,77,-0.3118344032675092,4,-0.1142816873416459,0.7686317370533401,-23.13682629466599,0.590794747205635,-40.920525279436504,0.45410359278665613,-54.58964072133439,0.3490384333257701,-65.09615666742299,0.15372634741066804,0.269021107968669
1106881,MYG009,K-NET,414,0.0220457584933165,1,-0.1141731359335714,0.7688238796871227,-23.117612031287727,0.5910901579771594,-40.890984202284066,0.45444422850087396,-54.5555771499126,0.34938757485746325,-65.06124251425366,0.15376477593742455,0.26908835789049296
1204701,IBRH17,KiK-net,440,-0.0465124913260299,3,-0.1136817623369594,0.7696942420032034,-23.030575799679664,0.5924292261728857,-40.75707738271143,0.4559893641796836,-54.40106358203164,0.35097238802380426,-64.90276119761957,0.15393884840064068,0.26939298470112116
1105981,KNG005,K-NET,90,-0.2447549642364109,3,-0.1135651838781784,0.7699008801633576,-23.009911983664246,0.5927473652763127,-40.72526347236873,0.4563567182407443,-54.36432817592557,0.35134943904201044,-64.86505609579896,0.15398017603267153,0.2694653080571751
1201901,EHMH05,KiK-net,49,-0.3491269359146582,0,-0.1135546662265667,0.7699195256852872,-23.00804743147128,0.5927760760314577,-40.72239239685423,0.4563898752957256,-54.36101247042744,0.35138347631525246,-64.86165236847475,0.15398390513705745,0.26947183398985053
1214201,YMGH16,KiK-net,50,-0.2204490197065219,4,-0.1133645065408695,0.7702567155846332,-22.974328441536684,0.5932954079032264,-40.670459209677354,0.45698977226298443,-54.301022773701554,0.35199944103905584,-64.8000558960944,0.15405134311692664,0.2695898504546216
1101331,FKI011,K-NET,23,-0.2779990370477997,3,-0.1128825761933947,0.7711119328197564,-22.888806718024355,0.5946136129370205,-40.538638706297945,0.45851365235280445,-54.14863476471956,0.3535653486900169,-64.64346513099831,0.1542223865639513,0.26988917648691474
1201651,CHBH14,KiK-net,220,-0.2383898713538917,3,-0.1128726462421578,0.7711295641545971,-22.88704358454029,0.5946408047132589,-40.535919528674114,0.4585451045670742,-54.14548954329258,0.3535976866300321,-64.64023133699679,0.15422591283091944,0.269895347454109
1105301,KGS004,K-NET,65,-0.1192411600878341,4,-0.1124154742400661,0.7719417422535281,-22.805825774647193,0.5958940534334124,-40.41059465665876,0.4599954938059053,-54.00045061940947,0.3550897229173025,-64.49102770826975,0.15438834845070562,0.2701796097887348
1108461,OKY007,K-NET,34,-0.1489205325438922,0,-0.1122484258943497,0.7722387213765717,-22.776127862342832,0.5963526427933223,-40.36473572066777,0.4605266023602546,-53.94733976397455,0.3556364745665799,-64.43635254334201,0.15444774427531435,0.2702835524818001
1203751,HRSH01,KiK-net,50,-0.0929740400941384,0,-0.1122484258943497,0.7722387213765717,-22.776127862342832,0.5963526427933223,-40.36473572066777,0.4605266023602546,-53.94733976397455,0.3556364745665799,-64.43635254334201,0.15444774427531435,0.2702835524818001
1103881,HKD165,K-NET,23,-0.5365944497026975,2,-0.1122377380560156,0.7722577261406497,-22.77422738593503,0.5963819955839267,-40.36180044160733,0.4605606038208662,-53.94393961791337,0.35567148465666676,-64.43285153433332,0.15445154522812996,0.2702902041492274
1200901,AKTH09,KiK-net,281,-0.2251169959855938,1,-0.1118383586457188,0.7729682249051153,-22.70317750948847,0.5974798767129649,-40.252012328703515,0.4618329597193476,-53.816704028065246,0.35698220307693973,-64.30177969230603,0.15459364498102307,0.27053887871679033
1212301,SZOH36,KiK-net,88,-0.235599388722477,3,-0.111679015197055,0.7732518804101663,-22.674811958983366,0.5979184705578582,-40.208152944214184,0.46234158169083456,-53.76584183091655,0.35750649743424834,-64.24935025657517,0.15465037608203328,0.2706381581435582
1104011,HKD178,K-NET,43,0.1487784715191162,2,-0.11150242288554,0.7735663631134195,-22.64336368865805,0.5984049181405229,-40.159508185947715,0.46290591619514776,-53.70940838048522,0.35808844605476586,-64.19115539452342,0.15471327262268392,0.2707482270896968
1108561,OSK002,K-NET,43,-0.0894931624711676,0,-0.111320668689801,0.7738901718717298,-22.610982812827018,0.5989059981196555,-40.10940018803445,0.4634874658198301,-53.651253418017,0.35868839458370083,-64.13116054162991,0.15477803437434598,0.27086156015510543
1202801,FKSH20,KiK-net,416,-0.2231324631166197,1,-0.1111979310991096,0.774108914781139,-22.589108521886104,0.5992446119436327,-40.07553880563673,0.4638805962401302,-53.611940375986975,0.35909410494347493,-64.0905895056525,0.1548217829562278,0.27093812017339863
1100231,AKT005,K-NET,59,0.0789026894534835,1,-0.110968208701564,0.7745184921616457,-22.548150783835432,0.5998788947003493,-40.01211052996507,0.4646172970029091,-53.53827029970909,0.3598546883069127,-64.01453116930873,0.15490369843232915,0.271081472256576
1104871,ISK008,K-NET,45,0.1092314806786602,3,-0.1105367109371149,0.7752884054169207,-22.47115945830793,0.6010721115739116,-39.89278884260884,0.4660042389227193,-53.39957610772807,0.3612876833119208,-63.87123166880792,0.15505768108338414,0.27135094189592224
1105112,IWT013,K-NET,214,-0.1875785832946128,1,-0.1102587638694653,0.7757847463071239,-22.421525369287608,0.6018419726028086,-39.81580273971914,0.4668998220326489,-53.31001779673511,0.36221375998643984,-63.77862400135601,0.1551569492614248,0.27152466120749336
1110731,YMN005,K-NET,139,-0.0966214680894555,3,-0.110230213515063,0.7758357477782846,-22.416425222171544,0.60192110753069,-39.807889246931005,0.4669919125646061,-53.3008087435394,0.36230901969097246,-63.76909803090276,0.1551671495556569,0.27154251172239957
1101441,FKO011,K-NET,37,-0.1208332289662782,4,-0.1098525303824606,0.7765107448985779,-22.348925510142216,0.6029689369429443,-39.703106305705575,0.4682118583762693,-53.178814162373065,0.3635715389181043,-63.64284610818957,0.1553021489797156,0.27177876071450224
1201451,AOMH17,KiK-net,353,-0.1027734119541739,1,-0.1093803012755164,0.7773555412831892,-22.264445871681083,0.60428163756368,-39.571836243632,0.4697416794558064,-53.025832054419354,0.36515629749664275,-63.48437025033573,0.15547110825663785,0.2720744394491162
1101571,FKS008,K-NET,548,-0.0969878020343493,1,-0.1093320175587204,0.7774419704295191,-22.255802957048086,0.6044160173853332,-39.55839826146668,0.469898379515216,-53.01016204847839,0.3653187220719475,-63.46812779280525,0.15548839408590384,0.2721046896503317
1201041,AKTH16,KiK-net,424,0.1123947384143347,1,-0.1093279103388721,0.7774493229065226,-22.255067709347742,0.6044274496878104,-39.557255031218965,0.46991171150590444,-53.00882884940956,0.3653325419361106,-63.466745806388936,0.15548986458130454,0.2721072630172829
1103741,HKD151,K-NET,68,-0.2330303758845276,2,-0.1092476366301701,0.7775930376235114,-22.240696237648862,0.6046509321605597,-39.53490678394404,0.4701723550406173,-52.98276449593827,0.3656027497626337,-63.43972502373663,0.15551860752470228,0.272157563168229
1108681,SAG004,K-NET,30,-0.1579980801247457,4,-0.1086871595337222,0.7785972051919495,-22.14027948080505,0.6062136079327147,-39.37863920672853,0.47199622088573995,-52.800377911426,0.3674949384427992,-63.250506155720075,0.15571944103838992,0.27250902181718234
1110151,TTR003,K-NET,36,-0.1686626770620873,0,-0.1085083981037919,0.7789177522039341,-22.108224779606587,0.6067128646984293,-39.32871353015707,0.47257942080411014,-52.742057919588994,0.36810050019057455,-63.18994998094254,0.15578355044078684,0.2726212132713769
1106481,KYT003,K-NET,24,-0.0453986673702261,0,-0.1082007462559074,0.7794697287868465,-22.05302712131535,0.60757305809504,-39.242694190495996,0.4735848068115358,-52.64151931884642,0.3691450209229589,-63.0854979077041,0.1558939457573693,0.2728144050753963
1100811,CHB007,K-NET,362,-0.3056180279259529,3,-0.1081852724087352,0.7794975016709991,-22.050249832900093,0.6076163551113292,-39.238364488867084,0.4736354307837197,-52.636456921628024,0.3691976349987769,-63.08023650012231,0.15589950033419983,0.27282412558484964
1201461,AOMH18,KiK-net,242,-0.2033786453602771,1,-0.1080308202712422,0.7797747708315785,-22.022522916842146,0.6080486932254409,-39.195130677455914,0.47414103041430894,-52.5858969585691,0.36972321333316627,-63.02767866668337,0.15595495416631572,0.27292116979105246
1208221,MYZH02,KiK-net,34,-0.1878167000989934,4,-0.1077227620809908,0.780328084841081,-21.967191515891905,0.6089119199917492,-39.10880800082508,0.47515107236406723,-52.48489276359327,0.37077372630803845,-62.922627369196164,0.1560656169682162,0.27311482969437834
1206741,KMMH13,KiK-net,45,-0.0637228229555304,4,-0.1076085202909192,0.7805333782698506,-21.946662173014943,0.6092323545933457,-39.07676454066543,0.4755261878820396,-52.44738121179604,0.37116406188335205,-62.883593811664795,0.15610667565397013,0.2731866823944477
1210521,OSMH01,KiK-net,167,-0.1959926273357186,1,-0.1071054846122716,0.7814379801784869,-21.856201982151312,0.6106453168654332,-38.93546831345668,0.47718144301677623,-52.281855698322374,0.3728877030096854,-62.71122969903147,0.1562875960356974,0.2735032930624704
1107401,NGN011,K-NET,45,-0.2422189744098845,3,-0.1070726852032109,0.7814969992839998,-21.850300071600014,0.6107375598898961,-38.92624401101039,0.4772895704039859,-52.27104295960141,0.3730003670602644,-62.69996329397356,0.15629939985679997,0.2735239497493999
1103901,HKD167,K-NET,41,-0.4321194039773308,2,-0.106916011795683,0.7817789781967514,-21.822102180324865,0.6111783707503566,-38.882162924964334,0.47780640218116904,-52.2193597818831,0.37353900087306036,-62.64609991269396,0.1563557956393503,0.27362264236886297
1101241,FKI002,K-NET,33,-0.3294849522628202,0,-0.1067329668892706,0.7821085490913432,-21.78914509086568,0.611693782561766,-38.8306217438234,0.47841093676757834,-52.158906323242164,0.37416928362472107,-62.5830716375279,0.15642170981826864,0.2737379921819701
1107481,NGN019,K-NET,82,-0.2487886533215547,3,-0.1067126001557579,0.7821452278210327,-21.78547721789673,0.6117511574032152,-38.824884259678484,0.4784782483769181,-52.15217516230819,0.3742394785841733,-62.57605214158267,0.15642904556420656,0.2737508297373614
1212441,SZOH43,KiK-net,32,-0.0915315709013045,3,-0.1065743223058534,0.7823942997862029,-21.76057002137971,0.6121408403379427,-38.78591596620573,0.4789355041467425,-52.106449585325755,0.3747164084096427,-62.52835915903573,0.1564788599572406,0.273838004925171
1202681,FKSH14,KiK-net,574,0.0256740365531332,3,-0.1062201280765651,0.7830326513942149,-21.696734860578516,0.613140133149454,-38.685986685054594,0.4801087441362189,-51.989125586378115,0.3759408228785302,-62.40591771214699,0.15660653027884297,0.27406142798797517
1103781,HKD155,K-NET,105,-0.4541685875292471,2,-0.1059017966900718,0.7836068130648196,-21.63931869351804,0.6140396374816032,-38.596036251839685,0.4811656434224362,-51.88343565775638,0.3770446763985386,-62.29553236014613,0.15672136261296393,0.27426238457268687
1103421,HKD119,K-NET,23,0.1236531515871055,2,-0.1058554500726312,0.7836904417191556,-21.630955828084442,0.6141707084419652,-38.582929155803484,0.48131971378985045,-51.86802862101496,0.37720565910810544,-62.27943408918946,0.15673808834383113,0.27429165460170446
1100771,CHB003,K-NET,313,-0.2752574348647089,3,-0.1055102236873992,0.7843136552073104,-21.568634479268955,0.6151479097446518,-38.485209025534814,0.4824689055849646,-51.75310944150354,0.37840695086321435,-62.15930491367856,0.1568627310414621,0.27450977932255866
1109211,SZO003,K-NET,244,-0.3979007646861845,3,-0.1054971485763566,0.7843372685455732,-21.566273145442683,0.6151849508295306,-38.48150491704694,0.4825124839839767,-51.74875160160233,0.37845252372713195,-62.15474762728681,0.15686745370911465,0.2745180439909506
1110171,TTR005,K-NET,25,-0.0526800117666458,0,-0.1053770508068238,0.7845541955065666,-21.544580449343343,0.6155252856869559,-38.447471431304415,0.48291294532607926,-51.70870546739208,0.37887137732000864,-62.112862267999134,0.15691083910131332,0.2745939684272983
1203931,HRSH10,KiK-net,43,0.0879858432594209,0,-0.1051510247977036,0.7849626183952609,-21.503738160473908,0.616166312277944,-38.38336877220559,0.483667521852647,-51.633247814735306,0.37966092438620086,-62.03390756137992,0.1569925236790522,0.2747369164383413
1109491,TCG003,K-NET,441,-0.3291647315659679,3,-0.1046387425524515,0.7858890857787965,-21.411091422120354,0.6176216551462325,-38.23783448537675,0.48538211792005975,-51.46178820799403,0.38145650890557176,-61.85434910944283,0.1571778171557593,0.27506118002257873
1101591,FKS010,K-NET,497,-0.1859448233131207,1,-0.1044228040815014,0.7862799401215065,-21.372005987849352,0.6182361442374799,-38.17638557625202,0.4861066784719967,-51.38933215280033,0.38221593004162596,-61.77840699583741,0.1572559880243013,0.27519797904252724
1106431,KOC015,K-NET,61,-0.1898455379185494,4,-0.10428141177438,0.7865359692416132,-21.346403075838683,0.6186388309108438,-38.13611690891562,0.486581692480959,-51.341830751904105,0.38271400311073567,-61.72859968892644,0.15730719384832265,0.2752875892345646
1101531,FKS004,K-NET,520,-0.1379490136646992,1,-0.1036845709934932,0.7876176303666189,-21.23823696333811,0.6203415316643279,-37.965846833567205,0.48859192718745686,-51.14080728125432,0.3848236159076444,-61.517638409235566,0.1575235260733238,0.2756661706283166
1110861,YMT007,K-NET,380,-0.1125220094601331,1,-0.1031858884126383,0.7885225388950338,-21.147746110496623,0.62176779434547,-37.823220565453,0.49027791980045526,-50.97220801995448,0.38659519008523074,-61.34048099147693,0.15770450777900677,0.2759828886132618
1103651,HKD142,K-NET,54,0.0269096756208064,2,-0.1031599707473,0.7885695974553985,-21.143040254460153,0.6218420100309692,-37.815798996903084,0.4903657035309772,-50.963429646902284,0.38668748543935594,-61.33125145606441,0.1577139194910797,0.27599935910938944
1108331,OKN005,K-NET,59,0.0006076433089086,4,-0.1025882988458318,0.789608293389883,-21.039170661011696,0.6234812569900836,-37.651874300991636,0.492305971292519,-50.769402870748095,0.3887288778179347,-61.12711221820653,0.1579216586779766,0.276362902686459
1213831,WKYH08,KiK-net,28,-0.0258640311722332,0,-0.1025138555551846,0.789743653336435,-21.025634666356495,0.6236950379851792,-37.630496201482075,0.4925591978662221,-50.7440802133778,0.3889955004073342,-61.10044995926658,0.157948730667287,0.27641027866775225
1201281,AOMH09,KiK-net,127,-0.3635027063087783,1,-0.1018380581701,0.7909735150522933,-20.90264849477067,0.6256391015141805,-37.43608984858196,0.49486395927882987,-50.51360407211701,0.391424285343471,-60.857571465652896,0.15819470301045868,0.27684073026830264
1106892,MYG010,K-NET,222,-0.0115475805252717,1,-0.1016983697638192,0.7912279682066801,-20.877203179331993,0.6260416976724711,-37.39583023275289,0.49534170046205,-50.46582995379501,0.39192820722462973,-60.807179277537024,0.15824559364133603,0.276929788872338
1104541,HYG025,K-NET,23,-0.0727649974011907,0,-0.1016949668676937,0.7912341678643962,-20.876583213560384,0.6260515083960634,-37.39484916039366,0.49535334428600925,-50.46466557139908,0.3919404911649863,-60.80595088350137,0.15824683357287925,0.2769319587525386
1100381,AKT020,K-NET,85,-0.0705727978939956,1,-0.1015785502624203,0.7914462938447608,-20.855370615523917,0.6263872360406075,-37.36127639593925,0.49575185647600223,-50.424814352399785,0.39236096947459176,-60.763903052540826,0.15828925876895217,0.2770062028456663
1206581,KMMH05,KiK-net,44,-0.3762032161327444,4,-0.1014455824807084,0.7916886477641215,-20.83113522358785,0.6267709149985833,-37.32290850014167,0.49620741815310954,-50.37925818468905,0.39284177988816127,-60.715822011183874,0.15833772955282432,0.2770910267174425
1105772,KMM006,K-NET,28,-0.2586185343742898,4,-0.0999876531702255,0.794350817500071,-20.564918249992903,0.630993221263031,-36.9006778736969,0.5012299811472919,-49.87700188527081,0.39815244527989646,-60.18475547201035,0.1588701635000142,0.27802278612502485
1103671,HKD144,K-NET,40,-0.0125122905490456,2,-0.0996806695946847,0.79491250748002,-20.508749251998005,0.6318858945481728,-36.811410545182724,0.5022940008765435,-49.770599912345645,0.3992797837289445,-60.07202162710554,0.15898250149600401,0.27821937761800697
1202971,GIFH09,KiK-net,42,0.110207965621804,3,-0.09963685821566,0.7949927018441928,-20.50072981558072,0.6320133959855296,-36.79866040144704,0.5024460372762599,-49.75539627237401,0.39944093270516184,-60.05590672948382,0.15899854036883856,0.27824744564546744
1107781,NIG001,K-NET,56,-0.1296638322450231,3,-0.0995805873947632,0.7950957144129502,-20.490428558704977,0.6321771950778398,-36.782280492216024,0.50264137855599,-49.735862144401,0.39964800597648503,-60.035199402351495,0.15901914288259006,0.27828350004453256
1107181,MYZ018,K-NET,53,-0.0404733602277014,4,-0.0991522221854857,0.7958803418540572,-20.41196581459428,0.633425518549731,-36.657448145026905,0.5041309182424434,-49.58690817575566,0.40122788754999555,-59.87721124500045,0.15917606837081144,0.27855811964892
1208301,MYZH06,KiK-net,25,-0.2849734133262431,4,-0.0990464985917721,0.7960741126157603,-20.392588738423967,0.6337339927769703,-36.62660072230297,0.5044992259343692,-49.55007740656308,0.401618773601041,-59.8381226398959,0.15921482252315208,0.2786259394155161
1100101,AIC010,K-NET,65,-0.1826596921186803,3,-0.099043771616583,0.7960791112543796,-20.39208887456204,0.6337419513755629,-36.625804862443715,0.5045087294156744,-49.54912705843256,0.4016288609333063,-59.83711390666937,0.15921582225087594,0.27862768893903284
1109831,TKY009,K-NET,181,-0.359104252736408,3,-0.0987918941852914,0.7965409465466221,-20.34590534533779,0.6344774795253887,-36.55225204746113,0.5053872921036682,-49.46127078963318,0.40256167202489,-59.743832797511,0.15930818930932444,0.2787893312913177
1210881,SBSH07,KiK-net,105,-0.0867979718000528,2,-0.098779184454055,0.796564257847849,-20.3435742152151,0.6345146168806944,-36.54853831193056,0.5054316648891827,-49.45683351108173,0.4026087990352545,-59.73912009647455,0.1593128515695698,0.27879749024674716
1108001,NIG023,K-NET,84,-0.3167028699949454,3,-0.0983127960269426,0.7974201469264767,-20.25798530735233,0.6358788907242436,-36.41211092757564,0.5070626384687714,-49.29373615312286,0.40434196366869457,-59.56580363313054,0.15948402938529535,0.27909705142426683
1100111,AIC011,K-NET,43,-0.1052090888548855,3,-0.09804280370172,0.7979160414532183,-20.208395854678173,0.6366700092083739,-36.33299907916261,0.5080092134595298,-49.19907865404702,0.4053487006253909,-59.465129937460915,0.15958320829064365,0.2792706145086264
1201671,CHBH15,KiK-net,93,-0.1837002038067557,3,-0.097925637001221,0.7981313373087584,-20.18686626912416,0.637013631594267,-36.298636840573295,0.5084205416682411,-49.15794583317589,0.4057863668369166,-59.42136331630834,0.15962626746175168,0.27934596805806544
1109431,SZO025,K-NET,63,-0.3145034347329454,3,-0.0977925129260584,0.7983760256174657,-20.162397438253432,0.6374042782807402,-36.25957217192598,0.5088882944053464,-49.11117055946536,0.40628421397059133,-59.371578602940865,0.15967520512349315,0.27943160896611297
1207901,MYGH01,KiK-net,143,-0.1105696701944064,1,-0.0976755175564449,0.79859113053976,-20.140886946023993,0.637747793776772,-36.225220622322794,0.5092997316314302,-49.07002683685698,0.4067222484671402,-59.32777515328598,0.15971822610795203,0.279506895688916
1105621,KGS036,K-NET,50,-0.123897899461383,4,-0.0976500372971011,0.7986379856274892,-20.136201437251078,0.6378226320871336,-36.21773679128664,0.5093893820776916,-49.061061792230845,0.4068177100025591,-59.31822899974408,0.15972759712549786,0.2795232949696212
1208651,NGNH03,KiK-net,95,0.0138906841641569,3,-0.0975899973294115,0.7987484026728179,-20.125159732718213,0.637999010772378,-36.2000989227622,0.5096006907612749,-49.03993092387251,0.40704273774653293,-59.29572622534671,0.1597496805345636,0.27956194093548625
1201331,AOMH11,KiK-net,324,-0.250493896846158,1,-0.0973556944714221,0.7991794455115026,-20.082055448849744,0.6386877861280726,-36.13122138719274,0.5104261507728023,-48.95738492271977,0.4079220881491787,-59.20779118508213,0.1598358891023005,0.27971280592902587
1108211,OIT011,K-NET,61,-0.0435712567295479,4,-0.0969497991907682,0.7999267144999574,-20.007328550004257,0.6398827485706964,-36.01172514293036,0.5118593047293596,-48.81406952706404,0.40944993191838913,-59.055006808161096,0.1599853428999915,0.2799743500749851
1105791,KMM008,K-NET,43,-0.10803590879559,4,-0.0960535396754304,0.8015792388814247,-19.84207611185753,0.6425292762057241,-35.74707237942759,0.515038128180017,-48.496187181998295,0.4128438707814517,-58.715612921854834,0.16031584777628494,0.28055273360849864
1102111,GNM004,K-NET,134,-0.1223446745748946,3,-0.0957262495337395,0.8021835474169877,-19.78164525830123,0.6434984437465026,-35.65015562534975,0.5162038643618804,-48.379613563811965,0.41409024710417075,-58.59097528958293,0.16043670948339755,0.2807642415959457
1103001,HKD077,K-NET,183,-0.1358788020186859,2,-0.0956351547491617,0.8023518258659795,-19.764817413402046,0.6437684524704711,-35.62315475295289,0.5165287932745986,-48.34712067254014,0.41443782039622523,-58.556217960377474,0.1604703651731959,0.2808231390530928
1207051,KNGH23,KiK-net,166,-0.2343414585556722,3,-0.0954710583617315,0.8026550484922436,-19.734495150775643,0.6442551268700859,-35.57448731299141,0.5171146300992853,-48.28853699007147,0.4150646684983904,-58.49353315016096,0.16053100969844872,0.2809292669722852
1103051,HKD082,K-NET,121,0.2170752894447381,2,-0.0943170101320057,0.8047907755084518,-19.52092244915482,0.6476881923434953,-35.23118076565047,0.5212534826037888,-47.87465173962112,0.4194999945011845,-58.050000549881545,0.16095815510169037,0.2816767714279581
1209311,NGSH01,KiK-net,38,-0.0157264320353983,4,-0.0938466082046752,0.805662949221788,-19.433705077821195,0.6490927877487495,-35.09072122512505,0.5229500096962496,-47.70499903037504,0.42132144710744307,-57.86785528925569,0.16113258984435763,0.2819820322276258
1108881,SIT004,K-NET,328,-0.3284491794545415,3,-0.0935888816677284,0.8061412015449606,-19.38587984550394,0.6498636368283528,-35.01363631716472,0.5238818530331862,-47.61181469668138,0.4223227464717732,-57.76772535282269,0.16122824030899213,0.2821494205407362
1203471,GNMH08,KiK-net,298,-0.0397985718522367,3,-0.0935284720474491,0.8062533422076104,-19.374665779238963,0.6500444518209421,-34.99555481790579,0.5241005118641485,-47.589948813585146,0.42255778934318905,-57.74422106568109,0.16125066844152208,0.2821886697726636
1105082,IWT010,K-NET,152,-0.2256907630754227,1,-0.0935117028616894,0.8062844742474037,-19.37155257525963,0.6500946534124121,-34.99053465875879,0.5241612258376749,-47.58387741623251,0.4226230583954043,-57.737694160459576,0.16125689484948075,0.2821995659865913
1210171,OKYH03,KiK-net,32,-0.2590047051093699,0,-0.0934290220284127,0.8064379890193619,-19.356201098063806,0.6503422301335925,-34.96577698664075,0.5244606802433014,-47.55393197566986,0.4229450162951346,-57.70549837048654,0.1612875978038724,0.28225329615677663
1202461,FKSH03,KiK-net,410,0.0538143756619809,3,-0.0931751855593053,0.806909473724778,-19.309052627522206,0.6511028987867982,-34.889710121320185,0.5253810974007326,-47.46189025992674,0.42393498480857145,-57.60650151914286,0.1613818947449556,0.28241831580367227
1210841,SBSH05,KiK-net,40,-0.5494704422917323,2,-0.0929956382824579,0.807243137533226,-19.275686246677402,0.6516414830944868,-34.83585169055132,0.5260331153599981,-47.39668846400019,0.4246366224895823,-57.53633775104176,0.1614486275066452,0.2825350981366291
1205371,IWTH07,KiK-net,396,-0.295700624288993,1,-0.0929034103872227,0.8074145839697168,-19.258541603028323,0.6519183104069908,-34.80816895930092,0.5263683513795012,-47.36316486204988,0.42499748344390564,-57.50025165560943,0.16148291679394336,0.28259510438940083
1214711,YMTH15,KiK-net,446,-0.167495886593626,1,-0.0928358557286741,0.8075401873592077,-19.245981264079226,0.6521211542001444,-34.78788457998556,0.5266140390436873,-47.33859609563127,0.4252619997553284,-57.47380002446716,0.16150803747184156,0.2826390655757227
1102212,GNM014,K-NET,62,0.0352317659156233,3,-0.092556963708398,0.8080589340923909,-19.194106590760907,0.652959240966531,-34.7040759033469,0.5276295482611917,-47.23704517388083,0.4263557703635883,-57.36442296364117,0.1616117868184782,0.2828206269323368
1103141,HKD091,K-NET,190,0.0851825925826761,2,-0.0913943904658554,0.8102249441277147,-18.977505587228528,0.6564644600867584,-34.35355399132416,0.5318838804956243,-46.81161195043757,0.4309455873569993,-56.90544126430007,0.16204498882554297,0.2835787304447001
1110941,YMT015,K-NET,436,0.087375644778015,1,-0.0903414983963941,0.8121916150883802,-18.780838491161976,0.6596552196198716,-34.034478038012836,0.5357664382245436,-46.423356177545635,0.435145008771741,-56.4854991228259,0.16243832301767605,0.28426706528093304
1210801,SBSH03,KiK-net,65,-0.0171372098584095,2,-0.0902249394822005,0.8124096258660866,-18.759037413391344,0.6600094001998748,-33.999059980012525,0.5361979898844804,-46.38020101155196,0.4356124083521984,-56.43875916478016,0.16248192517321733,0.2843433690531303
1200661,AICH21,KiK-net,30,-0.0867327442717907,3,-0.0901917627704741,0.8124716899967929,-18.752831000320715,0.6601102470462447,-33.98897529537553,0.5363208880018628,-46.36791119981372,0.4357455382554542,-56.42544617445458,0.16249433799935858,0.2843650914988775
1100121,AIC012,K-NET,55,-0.1871892358027217,3,-0.0901318645637558,0.812583754403364,-18.741624559663606,0.6602923579202665,-33.970764207973346,0.5365428432027,-46.345715679730006,0.4359859979279053,-56.40140020720948,0.1625167508806728,0.2844043140411774
1106941,MYG015,K-NET,646,0.0037913953641838,1,-0.0900232582000357,0.8127869870166694,-18.72130129833306,0.6606226862636355,-33.937731373636446,0.5369455227230788,-46.30544772769212,0.4364223336061818,-56.357766639381815,0.1625573974033339,0.28447544545583425
1205071,ISKH01,KiK-net,31,0.0112648559006131,3,-0.0899901516278963,0.8128489486988859,-18.71510513011141,0.660723413400884,-33.9276586599116,0.537068331963648,-46.2931668036352,0.43655542901611555,-56.344457098388446,0.1625697897397772,0.28449713204461
1104831,ISK004,K-NET,54,-0.2382545558828495,3,-0.0892734511933284,0.8141914712958987,-18.580852870410126,0.6629077519309803,-33.70922480690197,0.5397338378781416,-46.02661621218584,0.4394466875701861,-56.05533124298139,0.16283829425917976,0.2849670149535645
1100552,AOM011,K-NET,312,0.1851200182846015,1,-0.0888751263250233,0.8149385714678854,-18.50614285321146,0.6641248752661177,-33.58751247338822,0.5412209771256575,-45.877902287434246,0.44106184994723646,-55.89381500527635,0.16298771429357709,0.2852285000137599
1107451,NGN016,K-NET,55,0.0211317417374409,3,-0.0888153323653954,0.8150507804889667,-18.494921951103326,0.6643077747756738,-33.56922252243262,0.5414445703158017,-45.855542968419826,0.44130481962740736,-55.869518037259255,0.16301015609779335,0.28526777317113833
1100102,AIC010,K-NET,21,-0.1277609280895131,3,-0.0887911476617657,0.815096169761105,-18.4903830238895,0.664381765959224,-33.56182340407759,0.5415350326924825,-45.84649673075175,0.4414031309390972,-55.859686906090275,0.163019233952221,0.2852836594163867
1104661,IBR010,K-NET,473,-0.1001749163630243,3,-0.0882741342207172,0.8160670930250971,-18.393290697490293,0.6659655003184324,-33.403449968156764,0.5434725298998675,-45.65274701001325,0.44351004761438,-55.648995238561994,0.16321341860501942,0.28562348255878395
1104901,ISK011,K-NET,30,-0.2291472175222282,3,-0.0879968631641537,0.8165882694167333,-18.341173058326664,0.6668164017490155,-33.318359825098455,0.5445144515229218,-45.54855484770782,0.4446441136415044,-55.53558863584955,0.16331765388334668,0.2858058942958567
1105081,IWT010,K-NET,261,-0.1121769019317611,1,-0.0872240457810125,0.8180426637499119,-18.195733625008813,0.6691937997150513,-33.08062002849487,0.5474290784838256,-45.25709215161744,0.4478203415770683,-55.21796584229317,0.16360853274998238,0.28631493231246913
1202781,FKSH19,KiK-net,568,-0.1737511268291738,1,-0.0870537246349474,0.818363545765542,-18.163645423445796,0.6697188930379504,-33.02811069620496,0.5480735279727109,-45.19264720272891,0.4485233956919777,-55.14766043080223,0.16367270915310841,0.2864272410179397
1208021,MYGH07,KiK-net,299,0.1356541909539409,1,-0.0867159912954141,0.8190002016771742,-18.099979832282575,0.670761330347252,-32.9238669652748,0.5493536648316492,-45.06463351683509,0.44992076228921546,-55.00792377107846,0.16380004033543485,0.286650070587011
1106872,MYG008,K-NET,142,-0.3384580865955931,1,-0.0866452286586028,0.8191336579792147,-18.086634202078532,0.670979949634409,-32.9020050365591,0.5496222605747427,-45.037773942525725,0.4502140928113941,-54.9785907188606,0.16382673159584293,0.2866967802927251
1211921,SRCH07,KiK-net,114,0.0763646180244684,2,-0.0866165327095142,0.8191877839129177,-18.08122160870823,0.6710686253121572,-32.89313746878428,0.549731220022954,-45.026877997704595,0.45033309987834835,-54.96669001216517,0.16383755678258355,0.2867157243695212
1107051,MYZ005,K-NET,34,-0.170607625033965,4,-0.0858274654845494,0.8206775145661338,-17.93224854338662,0.6735115829144468,-32.648841708555324,0.5527358118977307,-44.72641881022693,0.4536178523199237,-54.63821476800763,0.16413550291322676,0.28723713009814683
1205531,IWTH15,KiK-net,493,0.1613710076091839,1,-0.0848511080349835,0.8225245930002333,-17.74754069997667,0.6765467060901994,-32.34532939098006,0.5564763040724897,-44.35236959275103,0.4577154455214987,-54.22845544785013,0.16450491860004668,0.28788360755008163
1210131,OKYH01,KiK-net,23,0.0039230782296974,0,-0.084646202894097,0.8229127611449666,-17.708723885503343,0.6771854124552328,-32.28145875447672,0.5572645175706287,-44.27354824293713,0.4585800828421638,-54.14199171578362,0.16458255222899332,0.2880194664007383
1205221,ISKH08,KiK-net,34,-0.2497591545396647,3,-0.084224608080087,0.823711998106903,-17.6288001893097,0.6785014558252666,-32.14985441747334,0.5588897898962729,-44.11102101037271,0.4603642255570061,-53.96357744429938,0.1647423996213806,0.28829919933741605
1212731,TCGH16,KiK-net,503,-0.0754846193429678,3,-0.083707932966333,0.8246925418833583,-17.530745811664172,0.6801177886380346,-31.988221136196536,0.5608880678919894,-43.91119321080106,0.4625602064218904,-53.743979357810964,0.16493850837667168,0.2886423896591754
1204211,HYGH06,KiK-net,23,-0.3372588953553895,0,-0.0830743430854868,0.8258965594453207,-17.41034405546793,0.6821051269036181,-31.789487309638186,0.5633482774897121,-43.66517225102879,0.465267404148201,-53.4732595851799,0.16517931188906415,0.2890637958058622
1105041,IWT006,K-NET,149,-0.0845836806382966,1,-0.0830436394010048,0.8259549506172885,-17.40450493827115,0.6822015804492075,-31.779841955079245,0.5634677726909614,-43.65322273090386,0.46539899636739657,-53.460100363260345,0.16519099012345773,0.28908423271605094
1207331,KSRH01,KiK-net,249,0.1719847232946495,2,-0.0828575528891262,0.8263089316493551,-17.369106835064485,0.6827864505234987,-31.721354947650127,0.5641925424767275,-43.58074575232725,0.4661973370184781,-53.38026629815219,0.16526178632987104,0.2892081260772743
1100541,AOM010,K-NET,237,-0.0378552816562533,1,-0.0826807507856455,0.8266453920575924,-17.335460794240763,0.6833426042100506,-31.665739578994945,0.5648820149668734,-43.51179850331266,0.4669571147285738,-53.30428852714262,0.16532907841151848,0.2893258872201573
1107571,NGS003,K-NET,35,0.009374313103126,4,-0.0825169517816066,0.826957229382891,-17.304277061710906,0.6838582592286273,-31.61417407713727,0.5655215313423125,-43.447846865768746,0.46766211871520846,-53.233788128479155,0.1653914458765782,0.2894350302840118
1107551,NGS001,K-NET,32,0.3967443170538227,4,-0.0823426053360986,0.8272892759622806,-17.271072403771935,0.6844075461221946,-31.559245387780543,0.5662030232945515,-43.37969767054485,0.46841368918900383,-53.158631081099614,0.16545785519245615,0.2895512465867982
1208851,NGNH16,KiK-net,133,0.0277317640934123,3,-0.0821968864923081,0.8275669029375414,-17.243309706245856,0.6848669788376341,-31.513302116236584,0.5667732446008515,-43.32267553991485,0.46904277870218836,-53.095722129781166,0.1655133805875083,0.28964841602813945
1102991,HKD076,K-NET,200,-0.1039389614623496,2,-0.0819601399649726,0.8280181566607576,-17.19818433392424,0.685614067759879,-31.438593224012102,0.5677008965672188,-43.22991034327812,0.4700666499102479,-52.99333500897521,0.16560363133215153,0.28980635483126516
1108891,SIT005,K-NET,221,-0.2528091348976926,3,-0.0817764070770234,0.8283685326361929,-17.163146736380707,0.6861944258618394,-31.380557413816057,0.5684218696543067,-43.15781303456932,0.47086279008385945,-52.913720991614056,0.1656737065272386,0.2899289864226675
1209271,NGNH37,KiK-net,94,0.0323417148124593,3,-0.0816498479395858,0.8286099653238147,-17.13900346761853,0.6865944746339334,-31.34055253660666,0.5689190238179463,-43.10809761820536,0.471411972597847,-52.8588027402153,0.16572199306476296,0.29001348786333514
1210641,RMIH05,KiK-net,51,-0.1921158792963066,2,-0.0814622777533438,0.8289679162074569,-17.10320837925431,0.6871878061013333,-31.281219389866667,0.5696566436669962,-43.03433563330038,0.47222708085436366,-52.77729191456364,0.1657935832414914,0.2901387706726099
1104811,ISK002,K-NET,57,0.2715457523652594,3,-0.0802519085083174,0.831281454094679,-16.8718545905321,0.6910288559217639,-30.89711440782361,0.5744394721720264,-42.55605278279736,0.477520879716542,-52.2479120283458,0.1662562908189358,0.2909485089331376
1210581,RMIH02,KiK-net,20,-0.1364524388793281,2,-0.0799885895981001,0.8317856246697505,-16.82143753302495,0.691867325407247,-30.813267459275295,0.5754852954524565,-42.45147045475435,0.47868039596617745,-52.13196040338226,0.1663571249339501,0.2911249686344127
1100641,AOM020,K-NET,204,0.1057567901353602,1,-0.0796262906734356,0.8324798097992203,-16.752019020077967,0.693022633723346,-30.697736627665396,0.5769273503085658,-42.30726496914342,0.48028037085284303,-51.9719629147157,0.16649596195984406,0.2913679334297271
1106821,MYG003,K-NET,460,-0.1247752337047222,1,-0.0794117554335328,0.8328911444636269,-16.71088555363731,0.6937076585259302,-30.62923414740698,0.5777829656328449,-42.22170343671551,0.4812303154975286,-51.87696845024714,0.1665782288927254,0.2915119005622694
1106861,MYG007,K-NET,23,-0.1111018067184304,1,-0.0793338259491624,0.8330406112514639,-16.69593887485361,0.6939566599942126,-30.60433400057874,0.5780940802236032,-42.19059197763968,0.48157584595032316,-51.84241540496768,0.16660812225029278,0.29156421393801235
1106851,MYG006,K-NET,468,0.0406132629126998,1,-0.0793083439470027,0.8330894909087224,-16.691050909127757,0.6940380998625543,-30.59619001374457,0.5781958472857525,-42.180415271424756,0.4816888840608249,-51.83111159391751,0.1666178981817445,0.29158132181805285
1105022,IWT004,K-NET,180,-0.2600694967585053,1,-0.07881773674235,0.8340311345825343,-16.59688654174657,0.6956079334530294,-30.43920665469706,0.5801586739624421,-41.98413260375579,0.4838703970827942,-51.612960291720576,0.16680622691650687,0.291910897103887
1106862,MYG007,K-NET,299,-0.0217955618037809,1,-0.0787599486380274,0.8341421198401526,-16.585788015984736,0.6957930760914236,-30.42069239085764,0.5803903114610006,-41.960968853899935,0.48412800473676554,-51.587199526323445,0.16682842396803055,0.2919497419440534
1200581,AICH17,KiK-net,67,-0.1485429285496698,3,-0.0782943500429413,0.8350368667792278,-16.496313322077217,0.6972865688804699,-30.27134311195301,0.5822599917251858,-41.774000827481416,0.4862085591410983,-51.379144085890175,0.1670073733558456,0.2922629033727297
1203611,HDKH01,KiK-net,210,0.0201655950032863,2,-0.0780348273037051,0.8355360115469387,-16.44639884530613,0.6981204265917661,-30.18795734082339,0.5833047568139316,-41.66952431860685,0.4873721300246694,-51.26278699753306,0.16710720230938775,0.29243760404142854
1101881,GIF007,K-NET,116,-0.201102768217068,3,-0.0778671021207599,0.8358587591316798,-16.414124086832015,0.6986598652171516,-30.13401347828484,0.583980967995515,-41.6019032004485,0.4881256072652484,-51.18743927347516,0.16717175182633598,0.29255056569608795
1108261,OIT016,K-NET,59,0.0026806258231979,4,-0.0777846035980562,0.8360175538335417,-16.39824461664583,0.6989253503178188,-30.107464968218125,0.584313861684954,-41.5686138315046,0.48849664531688575,-51.150335468311425,0.16720351076670836,0.29260614384173955
1214371,YMNH14,KiK-net,182,-0.1342529255251799,3,-0.0769998762673146,0.8375295207432276,-16.247047925677236,0.7014556981163805,-29.854430188361945,0.5874898546660183,-41.25101453339817,0.4920400964199388,-50.79599035800613,0.16750590414864552,0.29313533226012967
1208471,MYZH15,KiK-net,60,-0.2233037215989406,4,-0.0765987676391894,0.8383034092310354,-16.16965907689646,0.7027526059283769,-29.724739407162314,0.5891199053957527,-41.088009460424736,0.4938612251391245,-50.613877486087546,0.16766068184620708,0.29340619323086237
1208751,NGNH11,KiK-net,155,0.0145421745653626,3,-0.075965076788921,0.8395274932879243,-16.047250671207568,0.7048064119863058,-29.51935880136942,0.5917043603081193,-40.829563969188065,0.49675207837701024,-50.32479216229897,0.16790549865758486,0.2938346226507735
1101751,FKS026,K-NET,294,-0.2608112784738334,3,-0.0757659941372912,0.8399124248956722,-16.00875751043278,0.7054528814941282,-29.454711850587177,0.5925186403453725,-40.74813596546275,0.4976637680083685,-50.233623199163155,0.16798248497913446,0.29396934871348523
1200791,AKTH03,KiK-net,333,0.2619198354190239,1,-0.074852335676604,0.841681272770411,-15.831872722958895,0.7084273649324191,-29.157263506758092,0.596270046181707,-40.3729953818293,0.5018693313850909,-49.81306686149091,0.16833625455408222,0.29458844546964386
1103791,HKD156,K-NET,133,-0.4301642562761283,2,-0.0748447726734076,0.8416959303215635,-15.830406967843647,0.7084520391198823,-29.15479608801177,0.5963011981552181,-40.36988018447819,0.5019042917331193,-49.809570826688066,0.16833918606431272,0.29459357561254723
1204971,IBUH06,KiK-net,125,-0.2729544038224413,2,-0.0738430434866146,0.8436395988586679,-15.636040114133209,0.7117277727624141,-28.827222723758595,0.6004417327098561,-39.95582672901439,0.5065564225213466,-49.344357747865345,0.1687279197717336,0.29527385960053376
1101201,EHM014,K-NET,51,-0.1286154106944167,4,-0.0735060905182708,0.8442944014948474,-15.570559850515265,0.7128330363955425,-28.71669636044575,0.6018409418293293,-39.81590581706706,0.5081309377768888,-49.18690622231112,0.16885888029896948,0.29550304052319654
1100251,AKT007,K-NET,35,-0.0175970026787934,1,-0.073437846143112,0.8444270830589653,-15.55729169410347,0.7130570986034727,-28.694290139652733,0.6021247258282194,-39.78752741717806,0.5084504258688025,-49.154957413119746,0.16888541661179307,0.29554947907063783
1107452,NGN016,K-NET,99,0.1624823529043842,3,-0.073400422126614,0.8444998521500795,-15.550014784992051,0.7131800002815062,-28.681999971849383,0.6022804047941256,-39.771959520587444,0.5086257128015291,-49.13742871984709,0.16889997043001592,0.2955749482525278
1104911,ISK012,K-NET,35,-0.2323829481126213,3,-0.0726901297688138,0.8458821690039452,-15.411783099605481,0.7155166438388189,-28.448335616118115,0.6052427706488035,-39.47572293511965,0.5119640676103672,-48.80359323896328,0.16917643380078906,0.2960587591513808
1107991,NIG022,K-NET,159,-0.2813987465641719,3,-0.072649005054133,0.8459622720478127,-15.403772795218728,0.7156521657282975,-28.434783427170252,0.6054147321154484,-39.45852678845516,0.5121580223116026,-48.784197768839746,0.16919245440956254,0.2960867952167344
1100472,AOM003,K-NET,21,-0.1370853301590285,1,-0.0724890690135548,0.8462738688517301,-15.372613114826994,0.7161794611012752,-28.382053889872484,0.6060839633383233,-39.391603666167676,0.512913020503313,-48.708697949668704,0.16925477377034603,0.2961958540981055
1108981,SIT014,K-NET,198,-0.39440691746636,3,-0.0720449570123929,0.847139715945971,-15.286028405402895,0.7176456983330205,-28.23543016669795,0.607946173035683,-39.2053826964317,0.5150153483358887,-48.49846516641113,0.1694279431891942,0.29649890058108985
1106491,KYT004,K-NET,32,-0.0937692305955557,0,-0.0708981440087639,0.8493796584619475,-15.062034153805248,0.7214458042089346,-27.855419579106545,0.6127813907777899,-38.721860922221005,0.5204840484106764,-47.951595158932356,0.16987593169238951,0.2972828804616816
1102891,HKD066,K-NET,217,-0.1244618698341582,2,-0.0705909816204612,0.8499806096120539,-15.00193903879461,0.7224670367164788,-27.753296328352118,0.6140829722928868,-38.59170277071132,0.5219586191418899,-47.80413808581101,0.1699961219224108,0.29749321336421886
1109331,SZO015,K-NET,76,-0.378970678060527,3,-0.0705450768830214,0.8500704569403341,-14.992954305966588,0.7226197817627484,-27.738021823725155,0.6142777280771841,-38.572227192281595,0.5221793489948422,-47.78206510051578,0.17001409138806683,0.2975246599291169
1108901,SIT006,K-NET,288,-0.1267656624636549,3,-0.0702952048744991,0.8505596870316805,-14.94403129683195,0.7234517812034302,-27.65482187965698,0.6153389206029014,-38.46610793970986,0.5233824797264159,-47.6617520273584,0.17011193740633612,0.29769589046108813
1103551,HKD132,K-NET,107,-0.295440140806237,2,-0.069992442658559,0.8511528493432092,-14.884715065679078,0.7244611729450638,-27.553882705493614,0.6166271915907146,-38.33728084092854,0.5248439911049376,-47.51560088950624,0.17023056986864185,0.2979034972701232
1210041,OITH07,KiK-net,37,-0.2384154326936044,4,-0.0696033615555838,0.8519157323471359,-14.80842676528641,0.7257604150205569,-27.423958497944312,0.618286715470799,-38.17132845292009,0.526728180010811,-47.3271819989189,0.1703831464694272,0.29817050632149755
1207611,KYTH05,KiK-net,21,0.3356282489915996,0,-0.0689916398210154,0.853116536372901,-14.688346362709904,0.7278078246328953,-27.21921753671047,0.6209048904959114,-37.909510950408865,0.5297042295968672,-47.02957704031328,0.1706233072745802,0.29859078773051534
1100561,AOM012,K-NET,353,-0.3248387967536133,1,-0.0688612414393265,0.8533727259467692,-14.662727405323084,0.7282450093898196,-27.175499061018037,0.6214644288201209,-37.85355711798791,0.5303407937011784,-46.96592062988216,0.17067454518935385,0.2986804540813692
1212201,SZOH31,KiK-net,58,-0.2983873554977785,3,-0.0683788743584924,0.8543210861363815,-14.567891386361854,0.7298645182172465,-27.01354817827535,0.6235386479357649,-37.646135206423516,0.5327022149524934,-46.72977850475066,0.1708642172272763,0.2990123801477335
1110201,TTR008,K-NET,26,0.1652846599463962,0,-0.0683627775723732,0.8543527514676881,-14.564724853231192,0.7299186239404092,-27.00813760595908,0.6236079847109973,-37.639201528900266,0.5327811975750605,-46.72188024249395,0.17087055029353762,0.2990234630136908
1108941,SIT010,K-NET,374,-0.2777518076161978,3,-0.0678395741374991,0.8553826279136274,-14.46173720863726,0.7316794401364232,-26.832055986357684,0.6258658822942652,-37.41341177057348,0.5353548031183496,-46.46451968816504,0.17107652558272549,0.2993839197697696
1205211,ISKH08,KiK-net,34,-0.1874085506285414,3,-0.0674982346581246,0.85605519144887,-14.394480855113,0.7328304908065615,-26.71695091934385,0.6273433461069803,-37.26566538930197,0.5370405282557857,-46.29594717442143,0.17121103828977402,0.2996193170071045
1103971,HKD174,K-NET,23,-0.5851245778381085,2,-0.0670423802210365,0.8569542160739078,-14.304578392609224,0.7343705284468458,-26.56294715531542,0.6293219205129481,-37.06780794870519,0.5393000730512996,-46.069992694870045,0.17139084321478157,0.2999339756258677
1110851,YMT006,K-NET,300,-0.1479098041956124,1,-0.0667548450263506,0.8575217712574709,-14.247822874252913,0.7353435881805502,-26.465641181944978,0.6305731362194096,-36.942686378059044,0.5407301926782466,-45.92698073217534,0.17150435425149418,0.3001326199401148
1103581,HKD135,K-NET,93,-0.3110392074138038,2,-0.0666094037720871,0.8578089955560356,-14.219100444396437,0.7358362728568547,-26.41637271431453,0.6312069741130355,-36.87930258869645,0.5414550204518676,-45.85449795481325,0.17156179911120714,0.30023314844461246
1101551,FKS006,K-NET,546,0.0054761878861834,1,-0.0664941313206411,0.8580367094089568,-14.196329059104318,0.7362269946933506,-26.37730053066494,0.6317097879047281,-36.82902120952719,0.542030187715203,-45.79698122847971,0.1716073418817914,0.30031284829313487
1100931,CHB019,K-NET,262,-0.1936475172269498,3,-0.0661229522950354,0.8587703622226173,-14.122963777738274,0.7374865350319653,-26.251346496803475,0.6333315788237037,-36.66684211762963,0.5438863893534541,-45.61136106465459,0.17175407244452345,0.30056962677791604
1208481,MYZH15,KiK-net,60,-0.3371535040840729,4,-0.0645543059165544,0.8618777993250186,-13.812220067498139,0.7428333409693371,-25.716665903066293,0.6402315651799034,-35.976843482009656,0.5518013724556674,-44.81986275443326,0.17237555986500375,0.3016572297637565
1104211,HRS013,K-NET,32,0.0655469963171228,0,-0.0640943002540982,0.8627911858149612,-13.720881418503883,0.7444086303199868,-25.55913696800132,0.6422692048846725,-35.77307951153274,0.5541442088948788,-44.58557911051212,0.17255823716299223,0.3019769150352364
1101541,FKS005,K-NET,497,-0.1684105327164522,1,-0.0637223399573617,0.863530457320988,-13.6469542679012,0.7456848507209947,-25.431514927900533,0.6439215801604332,-35.607841983956675,0.5560458965947921,-44.39541034052079,0.1727060914641976,0.30223566006234576
1205031,IKRH02,KiK-net,135,0.148108034705207,2,-0.063373235711731,0.8642248786363037,-13.577512136369629,0.7468846408539339,-25.31153591460661,0.6454762880973103,-35.45237119026897,0.5578366667435097,-44.216333325649025,0.17284497572726076,0.3024787075227063
1108871,SIT003,K-NET,407,-0.1134129821205829,3,-0.0632641785995312,0.8644419242313335,-13.555807576866652,0.7472598403687705,-25.274015963122952,0.645962734309179,-35.403726569082096,0.5583972690279604,-44.16027309720396,0.1728883848462667,0.3025546734809667
1108921,SIT008,K-NET,185,-0.0771350138243835,3,-0.0632641785995312,0.8644419242313335,-13.555807576866652,0.7472598403687705,-25.274015963122952,0.645962734309179,-35.403726569082096,0.5583972690279604,-44.16027309720396,0.1728883848462667,0.3025546734809667
1108922,SIT008,K-NET,128,-0.1660866905976621,3,-0.0632641785995312,0.8644419242313335,-13.555807576866652,0.7472598403687705,-25.274015963122952,0.645962734309179,-35.403726569082096,0.5583972690279604,-44.16027309720396,0.1728883848462667,0.3025546734809667
1110231,TYM002,K-NET,49,0.0141081038353664,3,-0.0626603293558007,0.8656446925951786,-13.435530740482138,0.7493407338182013,-25.06592661817987,0.6486628291751024,-35.13371708248976,0.5615115353592004,-43.84884646407996,0.17312893851903574,0.3029756424083125
1204911,IBUH03,KiK-net,102,0.0060860972126683,2,-0.0625101838888708,0.8659440173663094,-13.405598263369056,0.7498590412125032,-25.014095878749675,0.649335950606004,-35.0664049393996,0.5622885816881346,-43.77114183118655,0.1731888034732619,0.3030804060782083
1100471,AOM003,K-NET,169,-0.1426911772879352,1,-0.0621673845043662,0.8666277982407071,-13.337220175929287,0.7510437406835357,-24.895625931646425,0.6508753833710372,-34.91246166289628,0.5640667004199181,-43.593329958008184,0.17332555964814145,0.30331972938424745
1103701,HKD147,K-NET,25,-0.3761511364947335,2,-0.0616801180370551,0.867600676470744,-13.2399323529256,0.7527309338124927,-24.726906618750732,0.6530698673761735,-34.69301326238266,0.5666038587182272,-43.33961412817728,0.1735201352941488,0.3036602367647604
1107982,NIG021,K-NET,25,-0.0833336368482734,3,-0.0615505281740898,0.8678595999283321,-13.214040007166794,0.7531802851877646,-24.681971481223542,0.6536547409769604,-34.634525902303956,0.5672805419955224,-43.27194580044777,0.17357191998566643,0.3037508599749162
1108021,NIG025,K-NET,81,0.079550773112817,3,-0.0608306199929052,0.8692994002735005,-13.07005997264995,0.7556814473158676,-24.431855268413237,0.6569134289494946,-34.30865710505054,0.5710544498174044,-42.89455501825956,0.1738598800547001,0.30425479009572515
1209531,NIGH06,KiK-net,220,0.0045512647298565,3,-0.0605108547791487,0.8699396894751328,-13.006031052486723,0.7567950633240904,-24.32049366759096,0.6583660623844727,-34.163393761552726,0.5727387678717141,-42.72612321282859,0.17398793789502656,0.30447889131629646
1214491,YMTH04,KiK-net,452,-0.4820957595852194,1,-0.0595439841847827,0.8718785952807994,-12.812140471920063,0.7601722849088199,-23.982771509118006,0.6627779439376975,-33.72220560623025,0.5778619027434961,-42.213809725650385,0.1743757190561599,0.30515750834827976
1107072,MYZ007,K-NET,41,-0.2785866209565101,4,-0.0592996141732141,0.872369324372256,-12.763067562774399,0.7610282381057064,-23.89717618942936,0.6638976899044835,-33.61023100955165,0.5791639791942758,-42.083602080572426,0.1744738648744512,0.3053292635302896
1100671,AOM023,K-NET,213,0.0339827527299684,1,-0.0585560723467907,0.8738641595255098,-12.613584047449022,0.7636385693032256,-23.63614306967744,0.667316376545426,-33.268362345457405,0.5831438645274772,-41.685613547252274,0.17477283190510196,0.3058524558339284
1100311,AKT013,K-NET,133,0.1288034521403143,1,-0.0580360509799705,0.8749111454458844,-12.508885455411555,0.7654695124254296,-23.45304875745704,0.6697178079200352,-33.02821920799648,0.5859435744528249,-41.40564255471752,0.1749822290891769,0.3062189009060595
1102931,HKD070,K-NET,216,-0.2094574443399861,2,-0.0578760523757179,0.8752335311933478,-12.476646880665221,0.766033734125177,-23.396626587482306,0.6704584101316047,-32.95415898683953,0.5868076818177622,-41.31923181822378,0.17504670623866958,0.3063317359176717
1209871,NMRH04,KiK-net,214,-0.0788486818102852,2,-0.0576855075064453,0.8756176204603745,-12.438237953962549,0.7667062172606884,-23.329378273931155,0.671341473549979,-32.8658526450021,0.587838423586194,-41.216157641380605,0.1751235240920749,0.30646616716113106
1107911,NIG014,K-NET,106,-0.0208072085391151,3,-0.0574657730780561,0.8760607576114955,-12.39392423885045,0.7674824510268274,-23.251754897317255,0.6723612575000899,-32.76387424999101,0.5890293126341466,-41.09706873658534,0.1752121515222991,0.3066212651640234
1107881,NIG011,K-NET,206,-0.0797340059656944,3,-0.0574657730780561,0.8760607576114955,-12.39392423885045,0.7674824510268274,-23.251754897317255,0.6723612575000899,-32.76387424999101,0.5890293126341466,-41.09706873658534,0.1752121515222991,0.3066212651640234
1201361,AOMH13,KiK-net,375,0.0621099255886691,1,-0.0572916214576772,0.876412127478298,-12.3587872521702,0.7680982171910364,-23.190178280896355,0.673170592640684,-32.682940735931595,0.5899748712520486,-41.00251287479514,0.17528242549565962,0.3067442446174043
1109251,SZO007,K-NET,81,-0.3163439382691092,3,-0.0564962761478956,0.8780186156228826,-12.198138437711737,0.7709166893803233,-22.90833106196767,0.6768792043702874,-32.31207956297126,0.594312541965118,-40.568745803488206,0.17560372312457653,0.3073065154680089
1103491,HKD126,K-NET,88,-0.1037077005478332,2,-0.055270662202152,0.8804999543718675,-11.950004562813255,0.7752801696488607,-22.47198303511393,0.6826341540012355,-31.73658459987645,0.6010593414507662,-39.894065854923376,0.1760999908743735,0.3081749840301536
1110792,YMN011,K-NET,32,-0.3476202342025372,3,-0.0547884583880365,0.8814781298964712,-11.852187010352877,0.7770036934857802,-22.299630651421975,0.6849117626564964,-31.508823734350354,0.6037347396905443,-39.62652603094558,0.17629562597929427,0.3085173454637649
1108191,OIT009,K-NET,50,0.0119415837265041,4,-0.054016916808971,0.88304550301391,-11.695449698608995,0.7797693603930894,-22.023063960691058,0.6885718270831506,-31.142817291684942,0.6080402554078478,-39.19597445921522,0.176609100602782,0.3090659260548685
1106471,KYT002,K-NET,31,-0.0920623979868199,0,-0.0523520695135948,0.8864371126959677,-11.35628873040323,0.7857707547647638,-21.422924523523623,0.6965363590946084,-30.346364090539158,0.6174356790435864,-38.25643209564136,0.17728742253919355,0.3102529894435887
1105811,KMM010,K-NET,65,-0.3467176108013453,4,-0.0519195697397916,0.8873203263444613,-11.267967365553865,0.7873373615440413,-21.266263845595866,0.698620444588446,-30.137955541155403,0.6199001208831325,-38.00998791168675,0.17746406526889227,0.31056211422056146
1106852,MYG006,K-NET,48,0.0894556288258581,1,-0.0518361587959007,0.8874907621591375,-11.250923784086254,0.7876398529178067,-21.23601470821933,0.6990230933729352,-30.097690662706476,0.6203765379043842,-37.96234620956158,0.1774981524318275,0.3106217667556981
1100821,CHB008,K-NET,310,-0.2050104962749286,3,-0.0511818875426132,0.8888287881380887,-11.117121186191126,0.7900166146230234,-20.99833853769766,0.7021895101843374,-29.78104898156626,0.6241262513804228,-37.58737486195772,0.17776575762761776,0.31109007584833104
1105241,IWT026,K-NET,359,-0.0110647197027443,1,-0.0509899025960439,0.8892217921414985,-11.077820785850145,0.7907153956193385,-20.928460438066153,0.7031213611665021,-29.687863883349785,0.6252308368694469,-37.476916313055305,0.1778443584282997,0.31122762724952446
1100891,CHB015,K-NET,201,-0.065236417982153,3,-0.0509856890512752,0.8892304194535239,-11.076958054647612,0.79073073888149,-20.926926111850996,0.7031418266103823,-29.685817338961773,0.6252551014120672,-37.474489858793284,0.17784608389070478,0.31123064680873336
1105951,KNG002,K-NET,248,-0.2264500144131567,3,-0.0501057059867989,0.8910340367005682,-10.896596329943176,0.7939416545589096,-20.605834544109037,0.7074290373663533,-29.25709626336467,0.6303433508437389,-36.96566491562611,0.17820680734011365,0.3118619128451989
1105941,KNG001,K-NET,229,-0.2530283071199949,3,-0.0501057059867989,0.8910340367005682,-10.896596329943176,0.7939416545589096,-20.605834544109037,0.7074290373663533,-29.25709626336467,0.6303433508437389,-36.96566491562611,0.17820680734011365,0.3118619128451989
1214531,YMTH06,KiK-net,356,-0.3522896497687589,1,-0.050025763964803,0.891198067379751,-10.880193262024896,0.7942339953014033,-20.576600469859674,0.7078198016599089,-29.218019834009112,0.6308076392924294,-36.91923607075706,0.17823961347595021,0.31191932358291286
1107962,NIG019,K-NET,69,-0.0379696320970238,3,-0.0492043064131505,0.8928853422747455,-10.711465772525452,0.7972442344490894,-20.275576555091057,0.7118476911526426,-28.815230884735744,0.6355983693623146,-36.44016306376854,0.1785770684549491,0.3125098697961609
1100361,AKT018,K-NET,166,0.1453213631195614,1,-0.0483408842996253,0.8946622559603218,-10.533774403967822,0.8004205522400123,-19.95794477599877,0.716106056984056,-28.389394301594393,0.6406730604482063,-35.932693955179374,0.17893245119206436,0.3131317895861126
1108951,SIT011,K-NET,259,-0.2100899506976154,3,-0.0478976847812154,0.8955757289342456,-10.442427106575437,0.8020558862561055,-19.794411374389455,0.718301784979814,-28.1698215020186,0.6432936446780667,-35.67063553219333,0.17911514578684914,0.31345150512698594
1201011,AKTH14,KiK-net,335,-0.2201224253815805,1,-0.0468943416710633,0.8976471540839456,-10.235284591605442,0.8057704132350068,-19.422958676499324,0.7232975182854486,-27.670248171455135,0.6492659588449136,-35.073404115508644,0.17952943081678913,0.31417650392938096
1107831,NIG006,K-NET,132,-0.2049686857939699,1,-0.0466585965589943,0.898134550040302,-10.186544995969804,0.8066456699760957,-19.335433002390435,0.7244763458459386,-27.552365415406143,0.6506772368911843,-34.93227631088157,0.17962691000806041,0.31434709251410564
1102131,GNM006,K-NET,243,-0.3399734563679186,3,-0.0464966362307054,0.8984695515183845,-10.153044848161553,0.8072475350056469,-19.275246499435305,0.725287330740845,-27.471266925915504,0.6516485827726932,-34.835141722730675,0.1796939103036769,0.31446434303143456
1107851,NIG008,K-NET,67,0.1057143001696994,1,-0.0454869972686376,0.9005607250409341,-9.94392749590659,0.8110096194862529,-18.899038051374706,0.730363410939712,-26.963658906028797,0.6577366028992367,-34.226339710076324,0.18011214500818684,0.3151962537643269
1202481,FKSH04,KiK-net,287,-0.1881222223455353,3,-0.0449053436593959,0.9017676603087739,-9.823233969122613,0.8131849131787602,-18.681508682123983,0.7333038565556039,-26.66961434443961,0.6612697030215478,-33.873029697845226,0.18035353206175478,0.31561868110807084
1101731,FKS024,K-NET,570,0.074569178262506,3,-0.0440772160960014,0.9034888221718093,-9.651117782819075,0.8162920517894032,-18.370794821059675,0.7375107444194174,-26.248925558058257,0.6663327138145537,-33.36672861854463,0.18069776443436186,0.31622108776013325
1214611,YMTH10,KiK-net,29,0.0397465067977949,1,-0.044054289387088,0.9035365192364949,-9.646348076350508,0.816378241594001,-18.362175840599903,0.7376275547902539,-26.237244520974613,0.6664734333481129,-33.352656665188704,0.180707303847299,0.3162377817327732
1110301,TYM009,K-NET,51,-0.0153599386651535,3,-0.0436483927454135,0.9043813696509997,-9.561863034900032,0.8179056617718181,-18.209433822818188,0.7396986426385042,-26.030135736149585,0.6689696715583958,-33.10303284416042,0.18087627393019995,0.31653347937784987
1101481,FKO015,K-NET,47,0.0559395235473596,4,-0.0433337945410656,0.9050367310293002,-9.496326897069984,0.8190914845122018,-18.090851548779817,0.7413078795568597,-25.869212044314025,0.6709108600004026,-32.90891399995974,0.18100734620586004,0.31676285586025504
1100341,AKT016,K-NET,273,0.0644201017162312,1,-0.0431828230953057,0.9053513987512907,-9.464860124870933,0.8196611552209185,-18.033884477908146,0.7420813733813574,-25.79186266186426,0.6718444093780906,-32.815559062190935,0.18107027975025813,0.31687298956295173
1106911,MYG012,K-NET,56,0.0096143320674779,1,-0.0431578828646553,0.9054033918619548,-9.459660813804515,0.8197553019951326,-18.02446980048674,0.7422092309232141,-25.77907690767859,0.671998755149131,-32.800124485086904,0.18108067837239097,0.3168911871516842
1212951,TKCH07,KiK-net,182,-0.0254267072598528,2,-0.0431457984922817,0.9054285853295544,-9.457141467044561,0.8198009231318781,-18.019907686812186,0.7422711900831592,-25.772880991684076,0.6720735535678796,-32.79264464321204,0.1810857170659109,0.31690000486534403
1107771,NGS023,K-NET,27,0.1769828395133951,4,-0.0430935752229434,0.9055374683246296,-9.446253167537044,0.8199981065397794,-18.000189346022054,0.7425390094270218,-25.746099057297823,0.6723968947288236,-32.76031052711764,0.18110749366492593,0.3169381139136203
1213671,TYMH07,KiK-net,53,-0.2571110559235788,3,-0.0414695539819453,0.9089300169594836,-9.10699830405164,0.8261537757299672,-17.384622427003283,0.7509159653853805,-24.908403461461948,0.6825300611528808,-31.746993884711916,0.18178600339189674,0.31812550593581923
1101671,FKS018,K-NET,459,-0.2721786774564224,1,-0.041035187484581,0.9098395524641313,-9.016044753586872,0.8278080112281307,-17.219198877186926,0.753172470462025,-24.682752953797504,0.6852661034534729,-31.473389654652706,0.18196791049282626,0.3184438433624459
1100631,AOM019,K-NET,133,0.1086720204494167,1,-0.0399538314570289,0.9121077976447054,-8.78922023552946,0.8319406345242748,-16.80593654757252,0.7588195399270751,-24.11804600729249,0.692125219372653,-30.787478062734696,0.1824215595289411,0.31923772917564686
1107811,NIG004,K-NET,45,-0.1060671086277612,3,-0.0392958991460142,0.9134906381114297,-8.650936188857028,0.8344651459172271,-16.55348540827729,0.762276098625675,-23.7723901374325,0.696332079750659,-30.366792024934096,0.18269812762228596,0.3197217233390004
1100331,AKT015,K-NET,77,0.0738381155379242,1,-0.0391518004478399,0.9137937841505787,-8.620621584942134,0.8350190799522343,-16.498092004776566,0.7630352449074869,-23.696475509251314,0.6972568638842759,-30.274313611572413,0.18275875683011575,0.3198278244527025
1108711,SAG007,K-NET,29,0.083227151242203,4,-0.0387879826034769,0.914559609620706,-8.544039037929396,0.8364192795495782,-16.35807204504218,0.7649552897840944,-23.504471021590557,0.6995972112022355,-30.04027887977645,0.1829119219241412,0.3200958633672471
1107801,NIG003,K-NET,62,0.0638062224827526,3,-0.0387074400313863,0.9147292360314049,-8.527076396859512,0.8367295752505977,-16.327042474940235,0.7653810051338611,-23.46189948661389,0.7001163820990455,-29.988361790095453,0.182945847206281,0.3201552326109917
1210031,OITH07,KiK-net,37,0.0778821751572662,4,-0.0382809742916427,0.9156279172110586,-8.437208278894136,0.8383744827762613,-16.162551722373873,0.7676390815073266,-23.23609184926734,0.7028717733703636,-29.712822662963646,0.18312558344221175,0.3204697710238705
1202761,FKSH18,KiK-net,564,-0.0526395252297168,1,-0.0381163429702791,0.9159750770647008,-8.402492293529917,0.8390103418036846,-16.098965819631537,0.768512562491711,-23.148743750828903,0.7039383536535357,-29.606164634646426,0.18319501541294017,0.3205912769726453
1110741,YMN006,K-NET,107,-0.1763351969556948,3,-0.0366092608115088,0.9191592015125342,-8.084079848746583,0.8448536377251594,-15.514636227484058,0.7765549950464173,-22.344500495358265,0.7137776691774349,-28.62223308225651,0.18383184030250685,0.32170572052938695
1101601,FKS011,K-NET,472,0.0637664163588073,3,-0.0362444793801143,0.9199315646793128,-8.00684353206872,0.8462740836933287,-15.37259163066713,0.7785142419595555,-22.148575804044444,0.7161798247309831,-28.38201752690169,0.18398631293586257,0.32197604763775944
1110221,TYM001,K-NET,28,-0.2431614450731217,3,-0.0338233939162257,0.9250742794126997,-7.49257205873003,0.8557624224309256,-14.42375775690744,0.7916438062787549,-20.835619372124516,0.7323293236448459,-26.767067635515406,0.18501485588253996,0.3237759977944449
1103571,HKD134,K-NET,111,-0.4087587656798713,2,-0.0276483955007753,0.9383213637961886,-6.1678636203811426,0.8804469817563393,-11.955301824366071,0.8261422126718463,-17.38577873281537,0.7751868876838476,-22.48131123161524,0.18766427275923772,0.32841247732866596
1204991,IBUH07,KiK-net,119,-0.1707279238935007,2,-0.0272348140777875,0.9392153588653671,-6.078464113463289,0.8821254903286003,-11.787450967139968,0.8285058089632643,-17.14941910367357,0.7781453806874735,-22.185461931252647,0.18784307177307344,0.32872537560287846
1214591,YMTH09,KiK-net,170,-0.090897735396685,1,-0.0245625970612205,0.9450121732376636,-5.498782676233638,0.893048007567372,-10.695199243262799,0.8439412384368077,-15.605876156319232,0.7975347438200528,-20.246525617994713,0.18900243464753275,0.33075426063318225
1107432,NGN014,K-NET,160,-0.3653783654545659,3,-0.0244904037662903,0.9451692768070925,-5.483072319290749,0.8933449618200423,-10.66550381799577,0.844362211502709,-15.563778849729104,0.7980652208092528,-20.19347791907472,0.1890338553614185,0.33080924688248237
1100011,AIC001,K-NET,39,-0.0354157592814547,3,-0.0234152365630165,0.9475120971571012,-5.248790284289884,0.897779174259048,-10.222082574095204,0.8506566281861611,-14.934337181383894,0.8060074457332579,-19.399255426674213,0.18950241943142024,0.3316292340049854
1106961,MYG017,K-NET,537,-0.0350852745720631,1,-0.0223960587737981,0.9497382762064346,-5.026172379356542,0.9020027932915698,-9.799720670843016,0.8566665780341245,-14.333342196587552,0.8136090391057944,-18.63909608942056,0.18994765524128693,0.3324083966722521
1108231,OIT013,K-NET,23,0.1889849525389922,4,-0.0212588744606434,0.9522283900708374,-4.777160992916263,0.9067389068568988,-9.326109314310116,0.8634225294909357,-13.657747050906433,0.8221754452080439,-17.78245547919561,0.19044567801416748,0.33327993652479304
1110331,TYM012,K-NET,35,-0.1791730812496019,3,-0.0201177730590491,0.9547336438657861,-4.5266356134213925,0.9115163307292417,-8.848366927075835,0.8702553078802998,-12.97446921197002,0.8308620211861002,-16.913797881389982,0.19094672877315721,0.3341567753530251
1208041,MYGH08,KiK-net,647,-0.2728911317667628,1,-0.0194135473955463,0.9562830380579614,-4.371696194203856,0.9144772488773645,-8.552275112263551,0.8744990817913326,-12.550091820866738,0.8362686387143133,-16.373136128568667,0.1912566076115923,0.3346990633202865
1107021,MYZ002,K-NET,67,-0.0595575178899807,4,-0.0176595037184487,0.9601531173377401,-3.9846882662259886,0.9218940087333801,-7.810599126661987,0.8851594063403407,-11.484059365965926,0.8498885633385016,-15.01114366614984,0.19203062346754804,0.33605359106820903
1107581,NGS004,K-NET,24,-0.129063475852733,4,-0.0140587003585447,0.9681469901814985,-3.1853009818501477,0.9373085945974946,-6.26914054025054,0.9074524947308148,-9.25475052691852,0.8785474015063305,-12.145259849366951,0.19362939803629972,0.33885144656352445
1106061,KNG013,K-NET,149,0.1671920906663225,3,-0.0134092318861992,0.9695958949331046,-3.0404105066895393,0.940116199471128,-5.988380052887199,0.9115328077673175,-8.846719223268252,0.8838184685080378,-11.61815314919622,0.19391917898662092,0.3393585632265866
1101711,FKS022,K-NET,293,0.043850652097348,3,-0.0133092508329735,0.9698191360340872,-3.0180863965912796,0.9405491566179034,-5.945084338209661,0.9121625704687644,-8.783742953123564,0.8846327160146493,-11.536728398535068,0.19396382720681746,0.3394366976119305
1201341,AOMH12,KiK-net,348,0.2460877342266131,1,-0.0127237554906983,0.971127482190679,-2.8872517809320986,0.9430885866660076,-5.691141333399241,0.915859244651726,-8.414075534827404,0.8894160822996877,-11.058391770031228,0.1942254964381358,0.33989461876673766
1109311,SZO013,K-NET,68,-0.2517918222152604,3,-0.0114324761821626,0.974019213417277,-2.598078658272296,0.9487134281060111,-5.128657189398888,0.9240651070022253,-7.593489299777467,0.9000571686686595,-9.994283133134052,0.1948038426834554,0.34090672469604694
1107561,NGS002,K-NET,37,-0.0731423901605053,4,-0.0109408028035731,0.9751225442802421,-2.4877455719757857,0.9508639763635728,-4.913602363642722,0.9272088998960751,-7.279110010392486,0.9041423015459451,-9.58576984540549,0.19502450885604844,0.34129289049808476
1201321,AOMH11,KiK-net,324,-0.1738001558294822,1,-0.010413293513121,0.9763076818888331,-2.36923181111669,0.9531766897151469,-4.68233102848531,0.9305937243662666,-6.9406275633733365,0.9085458018163255,-9.14541981836745,0.19526153637776664,0.3417076886610916
1107931,NIG016,K-NET,67,0.0594747914292009,3,-0.0082116112949873,0.9812696998985636,-1.8730300101436392,0.9628902239390171,-3.710977606098287,0.9448550010799,-5.514499892010005,0.9271575833573305,-7.284241664266955,0.19625393997971274,0.34344439496449725
1206991,KNGH20,KiK-net,253,-0.0227685451784028,3,-0.0059034491187485,0.986498776327798,-1.3501223672201967,0.9731798356962429,-2.682016430375711,0.9600407170612312,-3.9959282938768825,0.9470789926057663,-5.292100739423367,0.19729975526555962,0.3452745717147293
1101691,FKS020,K-NET,429,0.318339992125862,1,-0.0046992238593662,0.9892379667465458,-1.076203325345415,0.9785917548528401,-2.140824514715989,0.9680601178455578,-3.193988215444221,0.9576418226659612,-4.235817733403879,0.19784759334930918,0.346233288361291
1100031,AIC003,K-NET,37,0.0105569699676361,3,-0.0046361189763314,0.9893817177827042,-1.0618282217295771,0.9788761834826546,-2.1123816517345406,0.9684821999106463,-3.1517800089353676,0.9581985825895677,-4.180141741043231,0.19787634355654085,0.34628360122394647
1104031,HKD180,K-NET,88,-0.1421840375518634,2,-0.0045819139075908,0.989505211985818,-1.0494788014182022,0.9791205645470986,-2.0879435452901385,0.9688449017818506,-3.1155098218149435,0.9586770799190291,-4.132292008097094,0.1979010423971636,0.3463268241950363
1107861,NIG009,K-NET,80,-0.0549135890603724,1,-0.0039424790975847,0.9909631860769399,-0.9036813923060105,0.9820080361597598,-1.7991963840240155,0.9731338122660343,-2.686618773396565,0.9643397830823481,-3.5660216917651866,0.198192637215388,0.34683711512692894
1101251,FKI003,K-NET,36,-0.1047164296361757,3,-0.0012526848717434,0.997119742411997,-0.28802575880030323,0.9942477807077672,-0.5752219292232796,0.9913840909930285,-0.8615909006971512,0.9885286494423203,-1.1471350557679671,0.19942394848239942,0.3489919098441989
1109391,SZO021,K-NET,53,-0.0553670688261018,3,-0.0011645283861987,0.9973221661083608,-0.2677833891639225,0.9946515030110727,-0.5348496988927254,0.9919879915059399,-0.8012008494060141,0.989331612442186,-1.0668387557813963,0.19946443322167218,0.34906275813792625
1106021,KNG009,K-NET,162,-0.2404787678518238,3,-0.0003502458474822,0.9991938542429312,-0.08061457570688324,0.998388358356844,-0.161164164315597,0.9975835118178477,-0.24164881821523432,0.9967793141024739,-0.322068589752611,0.19983877084858626,0.3497178489850259
1101721,FKS023,K-NET,454,0.0111619008996479,3,0.0003994893919323,1.000920281518087,0.0920281518087096,1.0018414099542468,0.18414099542467532,1.002763386087882,0.2763386087881958,1.0036862106991131,0.3686210699113124,0.20018405630361744,0.35032209853133045
1106832,MYG004,K-NET,204,0.0640367696533628,1,0.0009623729327826,1.002218402590849,0.22184025908489335,1.004441726491753,0.44417264917528954,1.006669982620159,0.6669982620159054,1.0089031819177334,0.8903181917733427,0.2004436805181698,0.3507764409067971
1206561,KMMH04,KiK-net,21,0.5360411323603073,4,0.0032177827786945,1.00743673483509,0.7436734835090109,1.0149287746951876,1.4928774695187608,1.0224765308690986,2.247653086909862,1.030080417704275,3.0080417704275053,0.20148734696701803,0.3526028571922815
1104931,ISK014,K-NET,50,-0.0704745815025986,3,0.0040256399285026,1.0093124722257218,0.9312472225721846,1.0187116665903986,1.871166659039858,1.0281983906915404,2.81983906915404,1.0377734596473873,3.777345964738732,0.20186249444514437,0.35325936527900265
1201201,AOMH05,KiK-net,317,0.0236235907793752,1,0.0051361389534876,1.0118966053202751,1.1896605320275144,1.0239347398586967,2.393473985869665,1.0361160873325141,3.6116087332514146,1.048442351489497,4.844235148949694,0.20237932106405504,0.3541638118620963
1110951,YMT016,K-NET,66,-0.030589315730827,1,0.0086765792844711,1.0201794693058601,2.017946930586012,1.0407661495931864,4.076614959318636,1.0617682581634804,6.176825816348042,1.0831941781390269,8.319417813902685,0.20403589386117205,0.357062814257051
1105181,IWT020,K-NET,477,0.2276276062916976,1,0.0104925460742447,1.0244541971464798,2.4454197146479784,1.0495064020510385,4.950640205103851,1.0751712385132872,7.517123851328722,1.101463687946116,10.146368794611593,0.20489083942929598,0.3585589690012679
1201441,AOMH17,KiK-net,353,0.0037111541046567,1,0.012357580210564,1.0288630730081862,2.8863073008186246,1.0585592229998484,5.855922299984839,1.0891124951367819,8.911249513678188,1.1205476285980427,12.054762859804269,0.20577261460163726,0.36010207555286516
1103811,HKD158,K-NET,229,-0.1979409174609478,2,0.0128925894260106,1.0301313148102649,3.0131314810264875,1.061170525752725,6.117052575272508,1.0931449889315548,9.314498893155477,1.126082884726315,12.60828847263149,0.20602626296205298,0.3605459601835927
1201421,AOMH16,KiK-net,368,0.2952518259971764,1,0.0149052736511147,1.0349164107712974,3.491641077129737,1.0710519772837448,7.105197728374479,1.1084492680799942,10.844926807999421,1.1471523380434192,14.71523380434192,0.20698328215425948,0.36222074376995406
1204561,IBRH10,KiK-net,364,0.0052658719752464,3,0.019024054471325,1.0447780852300743,4.477808523007432,1.0915612473770204,9.156124737702044,1.140439269945915,14.043926994591494,1.1915059567752768,19.150595677527683,0.20895561704601487,0.365672329830526
1104861,ISK007,K-NET,49,-0.3067793081923765,3,0.0217058143860826,1.051249529388772,5.124952938877203,1.1051255730401146,10.51255730401146,1.1617627385739175,16.176273857391756,1.2213025321872417,22.13025321872417,0.2102499058777544,0.3679373352860702
1212281,SZOH35,KiK-net,138,-0.1260460884718063,3,0.0320698579707244,1.0766383812083307,7.663838120833066,1.1591502038908947,15.915020389089474,1.2479855990943993,24.79855990943993,1.3436291951803028,34.362919518030274,0.21532767624166615,0.3768234334229157
1212421,SZOH42,KiK-net,202,0.0972365089479959,3,0.0331706498141627,1.079370762239819,7.937076223981898,1.1650412423781678,16.504124237816775,1.2575114538265486,25.75114538265486,1.3573210964420648,35.732109644206474,0.21587415244796382,0.3777797667839366
1108041,NIG027,K-NET,61,0.0527746665441676,3,0.0398864258828735,1.096191489159081,9.619148915908093,1.2016357809048035,20.16357809048035,1.3172229160968716,31.722291609687158,1.4439285499506969,44.39285499506968,0.2192382978318162,0.3836670212056783
1107891,NIG012,K-NET,167,0.358378257286601,3,0.0416788948179183,1.1007251632285184,10.072516322851843,1.2115958849644486,21.159588496444858,1.3336340782444938,33.363407824449375,1.4679645884627852,46.79645884627852,0.2201450326457037,0.3852538071299814
1109001,SMN002,K-NET,25,0.0935947512841193,0,0.0437408756589876,1.105963707367775,10.596370736777505,1.2231557220146736,22.31557220146736,1.352765837007456,35.276583700745604,1.4961099202972374,49.61099202972375,0.22119274147355503,0.38708729757872123
1200781,AKTH03,KiK-net,333,0.3220370805779672,1,0.0558300042220689,1.1371820718067076,13.71820718067076,1.293183064438596,29.318306443859598,1.4705845964436295,47.05845964436295,1.6723224381507977,67.23224381507977,0.22743641436134154,0.3980137251323476
1100571,AOM013,K-NET,222,-0.129555470677707,1,0.0577932948004587,1.1423345040635993,14.233450406359927,1.3049281191742292,30.492811917422923,1.4906644158555387,49.06644158555387,1.7028373962115915,70.28373962115914,0.22846690081271986,0.3998170764222597
1209571,NIGH08,KiK-net,383,0.4268294815323458,3,0.0797668788815244,1.201619254832422,20.161925483242204,1.4438888335840252,44.38888335840252,1.7350046242720913,73.50046242720913,2.084814963748637,108.48149637486371,0.24032385096648443,0.4205667391913477
1110761,YMN008,K-NET,45,-0.2880808739662751,3,0.0809621085230039,1.2049308075606084,20.493080756060845,1.45185825100866,45.185825100866,1.7493887348513972,74.93887348513972,2.107892381021925,110.78923810219253,0.2409861615121217,0.4217257826462129
1201001,AKTH14,KiK-net,335,-0.0833224088560592,1,0.0915692645271654,1.2347222221887315,23.47222221887315,1.5245389659666793,52.453896596667924,1.8823821398716891,88.2382139871689,2.3242190587507516,132.42190587507517,0.24694444443774632,0.432152777766056
1200941,AKTH11,KiK-net,26,0.2691733003388519,1,0.1304393628172939,1.350328278788967,35.0328278788967,1.8233864604971741,82.33864604971741,2.462170300770256,146.21703007702558,3.324738184324413,232.4738184324413,0.2700656557577934,0.4726148975761384
1108011,NIG024,K-NET,68,0.1840812783059026,3,0.1902711375280743,1.5497838737197396,54.97838737197396,2.4018300552417617,140.18300552417617,3.7223174870290734,272.23174870290734,5.768787614262644,476.8787614262644,0.30995677474394795,0.5424243558019088
