siteid2,site_code,network_label,meshcode250_str,lon,lat,surface_reference_factor,oof_multiplier,official_vs400_sa_g_active_shallow,official_vs400_sa_g_all_earthquakes,official_vs400_sa_g_subduction,ergodic_surface_sa_g_active_shallow,ergodic_surface_sa_g_all_earthquakes,ergodic_surface_sa_g_subduction,adjusted_surface_sa_g_active_shallow,adjusted_surface_sa_g_all_earthquakes,adjusted_surface_sa_g_subduction,dominant_source_category,log10_subduction_to_shallow_ratio
1100011,AIC001,K-NET,5236765031,136.7505,35.2974,1.342355506847449,1.078217088833626,0.05358126373430275,0.16316377152238531,0.16014979631168647,0.0719251044375868,0.2190237872210729,0.21497796099948963,0.07755087672074935,0.23615519024282078,0.23179291127225848,subduction,0.4755134382458387
1100021,AIC002,K-NET,5236775331,136.9154,35.2979,1.0256036268196187,0.6247266507055936,0.03135328578056727,0.10746473056548363,0.10640636710803385,0.032156043609261775,0.11021621742315314,0.1091307560226993,0.02008873742395712,0.06885500836420595,0.06817689169903023,subduction,0.5306845548951646
1100031,AIC003,K-NET,5236650933,136.7402,35.1734,1.5320943135071823,1.011531969013545,0.06536304446472546,0.2287599740992082,0.22372012868818608,0.10014234873792299,0.3504818554754472,0.3427603369802649,0.10129718720051233,0.35452360137259975,0.34671303856539354,subduction,0.5343727880078234
1100041,AIC004,K-NET,5236477742,136.9736,35.0634,1.090720587588439,0.971465278940992,0.05680809450729862,0.250661744836412,0.24813009539445174,0.06196175822078032,0.2734019256139147,0.2706406034470118,0.06019369673362466,0.26560047792952596,0.26291794932040974,subduction,0.640269220367178
1100042,AIC004,K-NET,5236477742,136.9738,35.0631,1.090720587588439,0.972666206437315,0.05680809450729862,0.250661744836412,0.24813009539445174,0.06196175822078032,0.2734019256139147,0.2706406034470118,0.060268108312792515,0.2659288138195434,0.2632429690627107,subduction,0.640269220367178
1100051,AIC005,K-NET,5237613634,137.2061,35.1983,1.0226847195774926,0.682935540709146,0.020348100523624277,0.09796545201470432,0.09707801338887388,0.020809691477937323,0.10018777082194019,0.09928020089974056,0.014211677901475633,0.06842178943872572,0.06780197768317696,subduction,0.6785970058538651
1100061,AIC006,K-NET,5237645043,137.5089,35.2158,1.070627486222238,0.7795073147536138,0.021748089306745932,0.1095633065317922,0.10913247643180904,0.023284102184618134,0.1173014874543292,0.11684022890739534,0.018150127970380434,0.09143736750212887,0.0910778130908013,subduction,0.7005329025879383
1100081,AIC008,K-NET,5237541541,137.5697,35.0977,1.0445757526303445,0.6225873432650475,0.01989421464006567,0.12733899955642347,0.12715432895025316,0.020781014230636215,0.13301523130084617,0.1328223288634171,0.012937996440204946,0.0828135994693796,0.0826935008533513,subduction,0.8056043509902229
1100082,AIC008,K-NET,5237542611,137.5757,35.1006,1.0658305054945476,0.5980246554448988,0.020045132639586405,0.1270458311451923,0.12684902591608757,0.021364713853955632,0.13540932243045525,0.1351995614136346,0.012776625641190673,0.0809781133905002,0.08085267113069027,subduction,0.801278202245079
1100091,AIC009,K-NET,5237419143,137.1466,35.0813,1.1514655208570825,0.5320105414536245,0.027628354229018062,0.14235350501955307,0.14164317070559265,0.03181309729274026,0.16391515280317098,0.1630972273323639,0.01692490311602758,0.08720458919526859,0.0867694442226758,subduction,0.7098406243961286
1100101,AIC010,K-NET,5237337322,137.4236,34.976,1.0605996889286529,0.9467943328154804,0.0189045494638842,0.13327089271055864,0.13314230649610215,0.020050159280731915,0.14134706735206237,0.1412106888530093,0.018983377179044685,0.13382660232902066,0.13369747993899933,subduction,0.8477497445494133
1100102,AIC010,K-NET,5237337432,137.4297,34.9803,0.8342109784190637,0.9334730490795412,0.018881004216526543,0.13383989435740035,0.13371548897941704,0.015750741001003075,0.11165070922339106,0.11154692889130302,0.014702892227468485,0.10422292797065211,0.1041260518276234,subduction,0.8501566276000503
1100111,AIC011,K-NET,5236369931,136.8641,34.9966,1.2778833560405978,0.8890942370943823,0.05931228299164343,0.24600826989848726,0.24353301076310463,0.07579417924379098,0.31436987355162005,0.31120678110062716,0.0673881679709532,0.27950444289083504,0.27669215562126054,subduction,0.6134131971116953
1100121,AIC012,K-NET,5237209323,137.0446,34.9119,1.2578668433802118,0.8143727593807015,0.04471969530879557,0.233808283154798,0.23289675883201705,0.05625142197499955,0.29409968708807255,0.29295311086551173,0.04580962573286861,0.2395067737069145,0.23857303326470736,subduction,0.7166646087197167
1100131,AIC013,K-NET,5237342522,137.5749,34.9335,0.9543505879345014,1.0228231738054665,0.018685891716335345,0.14520004282808094,0.14511713989996583,0.017832891745565068,0.13857174624109383,0.1384926277829057,0.018239894933328168,0.1417343932900813,0.14165346909757073,subduction,0.8902048825239008
1100141,AIC014,K-NET,5237119723,137.2199,34.8285,1.1325747785084392,0.6073416403951154,0.020684953577419406,0.14237757032217932,0.14221431375648155,0.02342725671640313,0.16125324517221198,0.16106834490347677,0.014228348524097763,0.09793581044192695,0.09782351280940381,subduction,0.8372887594251273
1100151,AIC015,K-NET,5237130232,137.404,34.7552,1.1097912372979986,0.6497043083143956,0.026918162675327456,0.22909902974002336,0.2289866570133532,0.02987354106124046,0.2542520956789515,0.25412738541158164,0.01940896833209493,0.16518868196057873,0.1651076571625775,subduction,0.9297647634799813
1100161,AIC016,K-NET,5236173223,136.9082,34.7784,1.1642692991143448,0.8298692360058018,0.06959796668587133,0.3673281905645659,0.3644575874534117,0.08103077589314293,0.42766893497354763,0.4243267799012887,0.06724494808339987,0.35490929232991286,0.35213574065348446,subduction,0.7190504441870732
1100171,AIC017,K-NET,5237020113,137.2633,34.6694,1.1754093275852886,0.5130579326696084,0.021064430768917012,0.17562623321929507,0.1755273207466362,0.02475932840605961,0.2064327126946287,0.20631645005165095,0.012702969846300854,0.10591194081048544,0.10585229133923256,subduction,0.9207949962613206
1100172,AIC017,K-NET,5237020113,137.2638,34.6697,1.1754093275852886,0.5267985756715724,0.021064430768917012,0.17562623321929507,0.1755273207466362,0.02475932840605961,0.2064327126946287,0.20631645005165095,0.013043178938896905,0.10874845901954933,0.10868721202482483,subduction,0.9207949962613206
1100181,AIC018,K-NET,5137704841,137.1086,34.622,1.1381628456569508,0.4973524745318818,0.019541912885643924,0.1540666792431666,0.15396858254347817,0.022241879179504723,0.17535297006831918,0.17524132004945223,0.011062053648165815,0.08721223357999355,0.08715670416682854,subduction,0.896465038670132
1100191,AKT001,K-NET,6040359914,140.7429,40.328,1.0444556732118762,0.8017604208871109,0.021113336358491434,0.03969928568879281,0.03749837100334977,0.022051943940056953,0.04146414416011869,0.03916538633065238,0.017680375854759036,0.0332443096735406,0.031401256628670146,subduction,0.2494555350616887
1100201,AKT002,K-NET,6040342512,140.5664,40.2676,0.9718195663186311,0.8463968194375238,0.0425886617754279,0.07004053371946588,0.06561759622297114,0.0413884948166872,0.06806676110397679,0.06376846390427886,0.03503109037415048,0.057611490107819706,0.05397342502899816,subduction,0.1877263229314017
1100211,AKT003,K-NET,6040323113,140.2631,40.2784,1.0988985835310516,0.7920469403708108,0.05785353816032998,0.07584139334023342,0.06508077681981105,0.06357517113664626,0.08334199971460383,0.07151717346239085,0.05035451978233135,0.06601077587833695,0.05664495842485522,subduction,0.051122803805280344
1100221,AKT004,K-NET,6039476841,139.9822,40.3886,0.9573660813093561,0.9922531101240571,0.07938055299210231,0.08901025324652151,0.06541078757781708,0.07599624895021867,0.08521539734697568,0.06262206937873345,0.07540751437861659,0.08455524304799394,0.062136943103452746,active_shallow,-0.08406474174465475
1100231,AKT005,K-NET,6040204212,140.0286,40.202,1.3477677756676079,1.1531003055244522,0.09191433364094773,0.10344113433231533,0.07507987946954363,0.12387917700323049,0.13941462753159886,0.10119024215005891,0.14284511685054277,0.16075904960126436,0.11668249913932623,active_shallow,-0.08785967625524285
1100241,AKT006,K-NET,6040265244,140.7873,40.2153,1.0618674119989544,0.895795516779078,0.04321776549586251,0.08398427597599588,0.07767776967669898,0.04589153679946923,0.08918016577923671,0.0824834922564472,0.04110943292306661,0.0798871926906552,0.0738883425716072,subduction,0.2546344387575286
1100251,AKT007,K-NET,6040005641,140.0813,40.046,1.031297869643901,1.2745517310361991,0.05821414040472536,0.06656618723009386,0.049688497091259505,0.060036118982544205,0.06864956708071285,0.0512436411960231,0.07651913937389693,0.08749742455760823,0.06531267159098912,active_shallow,-0.0687726280042718
1100261,AKT008,K-NET,5940606521,140.0706,39.884,1.3121531858611872,0.9612561344246896,0.0439899659924643,0.049948545119893134,0.03724603202928625,0.05772157402293731,0.06554014260819903,0.04887249958791578,0.055485217118197296,0.06300086413320029,0.04697899003355216,active_shallow,-0.07227361383713471
1100271,AKT009,K-NET,5939666723,139.8467,39.8869,1.3512247223294995,0.7537522210556049,0.06364151876532761,0.0657996461584741,0.03802977571341895,0.08599399352230744,0.08891010860986348,0.05138677312861767,0.06481816361488053,0.06701619183897967,0.03873289437857604,active_shallow,-0.2236167711672003
1100281,AKT010,K-NET,5940406742,140.0998,39.7223,1.3512247223294995,0.8659266149637429,0.08240786609086691,0.09546231383805888,0.07241882804015642,0.11135154597639822,0.12899103850876265,0.09785411080998814,0.0964222672783221,0.11169677333655065,0.08473447893398003,active_shallow,-0.05611717613992344
1100291,AKT011,K-NET,5940547632,140.5805,39.8133,0.8953119732585246,0.8012660580477754,0.030947979177394933,0.04893373374189963,0.04530603213125787,0.02770809630567719,0.04381095771536741,0.040563033027950605,0.02220155710285809,0.03510423338789022,0.0325017815767677,subduction,0.16552373267449114
1100301,AKT012,K-NET,5940454712,140.7178,39.7014,0.9915350862664464,0.9609723541222304,0.02720320394834118,0.044842112240163566,0.03941265365848685,0.026972931173642207,0.044462527628420255,0.03907902894525733,0.025920241167511845,0.04272725984530772,0.03755386644233472,subduction,0.16101561941529052
1100311,AKT013,K-NET,5940322543,140.3209,39.6071,0.9463508097704795,1.412480983054084,0.027696318314613045,0.03690086828835535,0.031611753249070784,0.026210433264695018,0.03492116658591889,0.029915808285522722,0.037021738543989886,0.04932548370867415,0.04225551029599265,subduction,0.057426541401354864
1100321,AKT014,K-NET,5940341423,140.5573,39.595,1.3897736146823385,0.7680819664088228,0.025589166534953325,0.03854960664447085,0.03489867589849745,0.035563148471990415,0.05357522617086855,0.048501258951082205,0.027315413010055318,0.04115016506811814,0.03725294234845074,subduction,0.13475280886310034
1100331,AKT015,K-NET,5940006411,140.0519,39.3844,1.1948150302817984,1.4583711679616729,0.07333198390887816,0.08290748624657758,0.060255765220539124,0.0876181565747106,0.09905911069029237,0.07199449394663139,0.12777979333850942,0.14446495095464632,0.10499469422375841,active_shallow,-0.08529482830811087
1100341,AKT016,K-NET,5940134831,140.4758,39.4545,1.2795609758381228,1.3637899071084012,0.04429510587203581,0.06434391968715107,0.056822513294550125,0.056678288894475105,0.08233196866414083,0.07270787056074926,0.07729727834645933,0.11228350789652042,0.09915826003809389,subduction,0.10816469487073342
1100351,AKT017,K-NET,5840745442,140.5621,39.2978,1.046866260315685,0.89290778042374,0.0567765852763176,0.08485823395349075,0.07401298098739122,0.059437491501713194,0.08883522203588436,0.07748169262108615,0.05307219861074963,0.07932166093151162,0.0691840061817685,subduction,0.11513862731479695
1100361,AKT018,K-NET,5840613511,140.1899,39.1937,0.9285128920478225,1.443772797224522,0.029420158769814363,0.03607639713867631,0.029382041777773246,0.027316996703866444,0.03349739984189813,0.027281604585350182,0.039439536742914304,0.048362634669485524,0.03938843856496438,active_shallow,-0.0005630402085188075
1100371,AKT019,K-NET,5840434542,140.449,39.039,1.0337218875252727,0.7636993169136065,0.028143912549137576,0.03867255382826959,0.0340434195163486,0.029092978402640704,0.03997666533878155,0.03519142788025458,0.02221828773307901,0.03053015201171132,0.02687566943336487,subduction,0.0826487039893889
1100381,AKT020,K-NET,5839674223,139.9088,39.2027,1.4106849110875612,1.0760068712175006,0.09965736515527729,0.10198824267206437,0.056608760381985694,0.14058514130329297,0.14387327504581773,0.07985712410623855,0.15127057803342647,0.15480863253386526,0.08592681425398138,active_shallow,-0.24562575584621804
1100391,AKT021,K-NET,5940739214,140.4035,39.994,0.911396453033604,0.90077960302765,0.024538777258289016,0.03503145314658931,0.03137904381210709,0.022364554554986274,0.03192754214241438,0.028598749229940462,0.020145534573930757,0.028759678736692593,0.02576116997843308,subduction,0.10678678706416223
1100401,AKT022,K-NET,5940552334,140.6669,39.7739,0.9647748701399015,0.975509402463506,0.025367684173494515,0.04068485160579811,0.03683913466882167,0.024474104204233207,0.03925172242464503,0.035541471366178766,0.023874718768101117,0.03829042428812887,0.034671039495094855,subduction,0.16202859819784876
1100411,AKT023,K-NET,5840557732,140.7161,39.1464,0.8225188945905784,0.9665512923211258,0.04165012517016514,0.0644805922511765,0.05750547842535423,0.03425801491452346,0.053036505460983506,0.047299342547324714,0.03311212858798905,0.05126250289351005,0.045717240665056315,subduction,0.14009291005769836
1100451,AOM001,K-NET,6240273322,140.9246,41.5269,0.9694828622991265,0.8468522445403577,0.03371337816685616,0.08003292663651707,0.07796380007443929,0.03268454236297659,0.07759055079374656,0.07558456805188425,0.02767897806186113,0.0657077320948069,0.06400896110735159,subduction,0.3640907270154174
1100462,AOM002,K-NET,6140769513,140.8132,41.328,1.1338437895978966,0.7981277646385352,0.01876712230986117,0.0406846782540419,0.03938339800033651,0.021278985079660216,0.046130069770134,0.04465462123594377,0.01698334879540595,0.03681768946825672,0.03564009302782426,subduction,0.3219154999467217
1100471,AOM003,K-NET,6241018341,141.1691,41.4053,1.1948150302817984,1.5024632536369922,0.038383749802429985,0.10364783080868595,0.10150220513631057,0.045861481182519356,0.12383998610632281,0.12127636030361022,0.06890519023409972,0.18606502845566567,0.18221327489101438,subduction,0.4223280776407023
1100472,AOM003,K-NET,6241018341,141.1699,41.4054,1.1948150302817984,1.3432338145911231,0.038383749802429985,0.10364783080868595,0.10150220513631057,0.045861481182519356,0.12383998610632281,0.12127636030361022,0.06160269231159449,0.16634605693650767,0.16290250807034581,subduction,0.4223280776407023
1100482,AOM004,K-NET,6241038544,141.4477,41.4064,1.1489619413126195,0.8848377391618126,0.020670137100844834,0.06005874585102966,0.05893167391514942,0.02374920085058468,0.06900521322580028,0.06771025046635233,0.021014189187531146,0.06105841686109593,0.059912584940727265,subduction,0.4550054198929136
1100491,AOM005,K-NET,6141715524,141.1972,41.2949,1.2373797757852891,1.005452103905991,0.0411524628695834,0.1128019252242101,0.11049859024233556,0.050921225278577543,0.13957882094208204,0.13672872081865173,0.05119885308981672,0.14033981917693397,0.13747418001148826,subduction,0.42896090552267974
1100501,AOM006,K-NET,6140673942,140.9979,41.1976,1.1948150302817984,0.960991828216209,0.03568717146018263,0.08679419577531573,0.08461399152615827,0.04263956884886984,0.1037030096535682,0.10109806884759062,0.04097627722242634,0.09965774483850567,0.09715441801097427,subduction,0.37493005521486267
1100511,AOM007,K-NET,6141637121,141.3958,41.2256,1.2175837581647893,0.9345463239860508,0.04108152121264652,0.12256631979320155,0.12051067387945935,0.05002019298922066,0.14923476027823374,0.14673183920112343,0.046746187483148995,0.13946679662896283,0.1371277009371222,subduction,0.46737899820818823
1100512,AOM007,K-NET,6141630024,141.3845,41.1689,1.1988293882986196,1.154104874781366,0.0421075188774964,0.1253639112235065,0.12320435622766183,0.050479731098681584,0.15028994100679877,0.14770100301213307,0.05825890373864094,0.1734503535465504,0.1704624475864,subduction,0.466266411749421
1100521,AOM008,K-NET,6141520012,141.2554,41.0844,1.3477677756676079,0.9768945467600452,0.04333958079466484,0.12204493889350594,0.11968337811587035,0.05841169040599201,0.16448823582398964,0.16130540030761184,0.057062061824649644,0.16068766058263578,0.15757836592345212,subduction,0.4411491325874546
1100531,AOM009,K-NET,6141325944,141.373,40.9658,1.078030251999064,1.272029183826394,0.03641807345015882,0.10792992510184417,0.10597247785941173,0.03925978489879514,0.11635172435578119,0.11424153701174687,0.04993959214201417,0.1480027889690779,0.14531856908412516,subduction,0.46387612168662673
1100541,AOM010,K-NET,6141214132,141.1427,40.8724,1.2900341422662969,1.1576965957223495,0.040896208185262045,0.10926401982328318,0.10533454339657274,0.05275750484821843,0.14095431609329678,0.13588515734160975,0.06107718376158783,0.16318233189358167,0.15731378406357743,subduction,0.4108877740629201
1100552,AOM011,K-NET,6141021932,141.3669,40.6803,1.1759489363240998,1.3344448601409669,0.024562852758077427,0.07601796739967268,0.07472493665013027,0.028884660573946633,0.08939324790516517,0.08787270977060643,0.038544986839819516,0.11929036019835491,0.11726128590004467,subduction,0.4831867506669068
1100561,AOM012,K-NET,6041631931,141.488,40.5127,1.2210468907102565,1.339346517121883,0.028030214191390537,0.09561164108028736,0.09429814462635049,0.03422620588433992,0.1167462970567899,0.11514245629575134,0.04584074964548718,0.1563637463498883,0.1542156478125732,subduction,0.5268767314007871
1100571,AOM013,K-NET,6041429241,141.2813,40.4126,0.969948668016712,1.6988761197558009,0.02065194536360531,0.061486052831497,0.0596805535019604,0.020031326897382882,0.0596383150455157,0.05788707337572661,0.034030742912985835,0.10131810925329972,0.09834296660057375,subduction,0.46087187489318787
1100581,AOM014,K-NET,6040573531,140.9403,40.4472,1.1250612316992363,1.0442455075409287,0.02816597920798642,0.062431819224709764,0.06019277735006348,0.03168845125975228,0.07023961943417603,0.06772056022486031,0.033090522868926005,0.07334740704552282,0.07071689078296528,subduction,0.32981952817890536
1100591,AOM015,K-NET,6040556034,140.6306,40.4738,1.0023897598937086,0.9422959575918805,0.02123812922863567,0.03720674236360021,0.034979192690674184,0.021288883258083664,0.037295657544276294,0.03506278456248066,0.020060428635737697,0.03514354733970267,0.033039520155140514,subduction,0.21669352282641932
1100601,AOM016,K-NET,6040732924,140.4982,40.6021,1.1112716608298698,1.0169483985747962,0.053944690592608084,0.08461997726032845,0.07658733614435104,0.05994720590780104,0.09403578266947102,0.08510933623566849,0.06096321504697183,0.09562953859444613,0.08655180318862694,subduction,0.152208257701536
1100611,AOM017,K-NET,6039776432,139.9295,40.6388,0.9758841183517631,0.73737297256125,0.04719501562715096,0.053663544635527936,0.040137508731320076,0.046056866215899904,0.05236940094427267,0.03916955732110049,0.033961088348473924,0.03861578084553027,0.028882572915768137,active_shallow,-0.07034572117992147
1100621,AOM018,K-NET,6140113614,140.206,40.7776,0.9703218635679832,1.1444219478761648,0.05041273013720282,0.06772330000560844,0.05886042634334865,0.04891657425428047,0.06571339866841559,0.05711355857988407,0.05598120119151271,0.07520385570567115,0.06536200996013038,subduction,0.06728318589629272
1100631,AOM019,K-NET,6140137544,140.447,40.8152,1.470775216064857,1.261254712240904,0.04676368586622343,0.07345787807253241,0.06627169318778584,0.06877887018388387,0.1080400264937948,0.09747076386724962,0.08674767412202894,0.13626599252593077,0.12293546023328901,subduction,0.1514193321142966
1100641,AOM020,K-NET,6140158924,140.7498,40.8194,1.4020606939978646,1.147377653770628,0.04110027379380318,0.08271794139690924,0.07612098932866984,0.057625078398841935,0.11597557432102527,0.10672624712595888,0.06611772725161175,0.13306778235915906,0.12245531102312693,subduction,0.2676597091025945
1100651,AOM021,K-NET,6041713643,141.2083,40.615,1.0991843343181578,1.1977897427629292,0.034523246980365366,0.09664682638821616,0.09366826592159402,0.03794741225061425,0.10623267752749395,0.10295869052376351,0.04545302115818207,0.1272444114886742,0.12332286343766673,subduction,0.433480844992952
1100661,AOM022,K-NET,6140379312,140.9161,40.9923,1.3121531858611872,0.8163667324136742,0.027827504805412653,0.06298123212310014,0.06076005567650523,0.03651394908498971,0.08264102437978879,0.07972650062902945,0.029808773302032316,0.06746538303624697,0.06508606280529751,subduction,0.3391438967302654
1100671,AOM023,K-NET,6140335443,140.4317,40.9664,1.0291213545422182,1.1699536399102104,0.03900785691342099,0.062264086104837024,0.05630463002146503,0.04014381854452884,0.06407730063154318,0.057944297114688535,0.04696640662606653,0.07496747110949477,0.06779214132136856,subduction,0.15939201817771495
1100682,AOM024,K-NET,6140455131,140.6399,41.0473,1.1948150302817984,1.2100119107286984,0.051525811566641,0.09852348151509437,0.09087624214181195,0.06156381410729041,0.11771733654992568,0.10858030000656509,0.07449294833970886,0.14243937932466882,0.13138345627843911,subduction,0.24642551912216099
1100691,AOM025,K-NET,6140631832,140.4805,41.1797,1.2155622228270153,0.876996094585356,0.0505460988206982,0.08564526112382924,0.07964714759882324,0.061441928237721884,0.10410714398628203,0.09681606377705695,0.0538843311082758,0.09130155869440466,0.0849073098256057,subduction,0.197482584936323
1100701,AOM026,K-NET,6140525424,140.3107,41.128,1.0013483389556344,0.8186370072023814,0.035477833918820395,0.05249257391667899,0.04730515517531471,0.03552567006435467,0.05256335169897237,0.04736893855883991,0.02908262822034254,0.043030304923372946,0.03877796609616219,subduction,0.12495137510012926
1100711,AOM027,K-NET,6140567524,140.8219,41.1457,1.1948150302817984,0.7449280765027146,0.022460830150968985,0.04810227753616169,0.04624233555801421,0.026836537456984336,0.0574733241909925,0.05525103756004983,0.019991290227824393,0.04281349283981298,0.041158049134387156,subduction,0.31361395712301554
1100721,AOM028,K-NET,6140074321,140.919,40.7004,1.142865046667124,0.8086345249145547,0.03381463598680487,0.0753546318059684,0.07174816068688085,0.038645565535091554,0.08612017479551201,0.08199846501169239,0.031250138526523044,0.06963974663132726,0.06630678979845261,subduction,0.32670605548905995
1100731,AOM029,K-NET,6040629321,140.2968,40.5764,0.9184996856592317,0.8499531958969644,0.045797922838074163,0.06271736015866784,0.0541315229971499,0.04206537773061687,0.057605875591113236,0.049719786857137654,0.0357536022387508,0.048962298061109626,0.04225949173854004,subduction,0.0726044651408818
1100751,CHB001,K-NET,5339764944,139.8731,35.9571,1.2719526002268853,1.0120432985947077,0.043089862491268685,0.15842535422391948,0.15686539236130587,0.054808262639188136,0.20150954124697976,0.1995253436995736,0.05546833491160904,0.2039363808218997,0.20192828699095922,subduction,0.5611520319511926
1100761,CHB002,K-NET,5339574213,139.9024,35.7871,1.1854387522685637,0.8849908155326334,0.047179271208822586,0.16896473311477417,0.16725405719588238,0.05592813639472682,0.20029734240096875,0.19826944087414178,0.04949588703918964,0.17726130840045243,0.17546663417440597,subduction,0.5496254336103734
1100771,CHB003,K-NET,5340505421,140.0577,35.7926,1.2902812031368858,1.1691482835503413,0.04769460519137524,0.18493950533566508,0.1833399784839879,0.061539452569466406,0.23862396745204245,0.23656012802141066,0.07194874534221929,0.27898680196052794,0.27657386763268127,subduction,0.5847879179318823
1100781,CHB004,K-NET,5340636931,140.4903,35.8889,1.1874799758863617,1.3003471236579738,0.05302885287024622,0.20181030219289972,0.20004537737147754,0.0629707009276414,0.2396456927816439,0.23754987989726026,0.081883769825985,0.3116225873056331,0.3088973030496995,subduction,0.5766162877143711
1100791,CHB005,K-NET,5340468611,140.8271,35.7353,1.1420495853300914,0.9236749178318482,0.04692917561042762,0.14176798397006116,0.1395979258972228,0.053595445545771905,0.1619060673060914,0.15942775338386414,0.04950476876065216,0.14954857341543165,0.14725941700695686,subduction,0.4734360405525618
1100801,CHB006,K-NET,5340523423,140.3073,35.779,1.2339685423112756,0.951711376661503,0.048742547149128394,0.19502674205768536,0.19348901000851462,0.06014676985414859,0.24065686460863916,0.2387593516334586,0.057242365139634335,0.2290358759197289,0.22722999123388676,subduction,0.5987480820863605
1100811,CHB007,K-NET,5340416744,140.2246,35.7237,1.189533256005145,1.1905590622183977,0.05072931123268395,0.19941641641131275,0.19771155287483494,0.060344202765512917,0.23721245911462668,0.2351844672410358,0.07184333745482589,0.28241544287002995,0.28000099876682105,subduction,0.5907730813661509
1100821,CHB008,K-NET,5339378231,139.9027,35.6556,1.4905468048300725,1.2584933937300624,0.054005547256198605,0.1808548281013394,0.17903269720036916,0.08049779590582631,0.26957258616454344,0.26685661477212014,0.10130594435731329,0.33925531881880594,0.33583728676388136,subduction,0.5204939832516556
1100831,CHB009,K-NET,5340302843,140.1077,35.6075,1.2335443923932576,1.317817253605791,0.052766755212024494,0.18900674542274887,0.18707081419241026,0.06509013499658052,0.23314821094073188,0.2307601538274887,0.08577690293802392,0.3072467350250189,0.30409971215859105,subduction,0.5496456475249422
1100841,CHB010,K-NET,5340445511,140.5637,35.7086,1.287817841347365,0.9979060450292006,0.06430977958834057,0.2183235865458643,0.21567273227860687,0.08281928152698159,0.28116100994070964,0.2777471925205237,0.08264586168075012,0.2805722714463493,0.27716560240611976,subduction,0.5255182191740226
1100851,CHB011,K-NET,5340342013,140.5014,35.6021,1.2522457969390177,0.9655673316251356,0.06148258579637287,0.21723126653852234,0.21476865188418062,0.07699130964845048,0.2720269404866041,0.26894314163622424,0.07434029341557889,0.2626603270557999,0.25968271162856993,subduction,0.5432187665541639
1100852,CHB011,K-NET,5340330942,140.4971,35.5877,1.2717173207032664,1.0355934662867832,0.06099360128076357,0.21640509246276762,0.21394788230435471,0.07756661920081596,0.27520610437329346,0.27208122765423176,0.08032748404631995,0.2850016435712212,0.2817655416580092,subduction,0.5450237156971964
1100861,CHB012,K-NET,5340228732,140.3436,35.5721,1.220229008797525,0.8239636546104905,0.055730641962341884,0.20339830625137026,0.20120968934345573,0.06800414600135819,0.24819251362820496,0.2455218997880229,0.05603294466794447,0.20450161057605973,0.20230112183624996,subduction,0.5575548448028165
1100871,CHB013,K-NET,5340121331,140.2892,35.4294,1.0967635095160622,0.8853927111733627,0.05162128759566213,0.180745106636823,0.17850631969122993,0.056616344549156365,0.19823463748285688,0.1957792176553495,0.05012769879710279,0.17551550312941536,0.17334149231126977,subduction,0.5388247631260387
1100881,CHB014,K-NET,5340106341,140.0454,35.471,1.2416894832505536,1.2187968862673406,0.05931716743230359,0.18602132226601337,0.18396526846578598,0.07365350297690362,0.23098071951807084,0.22842773913733116,0.08976866009093244,0.2815185817364147,0.2784070171976676,subduction,0.49155543454329903
1100891,CHB015,K-NET,5339074343,139.9199,35.3738,1.2019190749132673,1.2270565442247705,0.06964478185720914,0.1730753111409095,0.1688262556530518,0.08370739178235312,0.20802251785680784,0.20291549701558678,0.10271370288652316,0.2552553918823102,0.24898878853759765,subduction,0.38455140607139554
1100901,CHB016,K-NET,5240736022,140.3869,35.3004,1.407346496092428,1.2892771955483315,0.05769600220258702,0.21035175110766677,0.207812759708973,0.08119826653835185,0.2960377998682813,0.29246455921972087,0.1046870733659522,0.381674784390476,0.37706788670808067,subduction,0.5565264881107511
1100902,CHB016,K-NET,5240735044,140.3866,35.2998,1.3750727574765291,1.2876858759846386,0.05706393110797265,0.20864698954281025,0.206141036949417,0.07846705710109064,0.2869047912498086,0.2834589241071059,0.10104092115915456,0.3694432474446997,0.3650060529945218,subduction,0.557802769644353
1100911,CHB017,K-NET,5240705542,140.0734,35.2976,1.1514655208570825,1.1331253131094954,0.060340289497432864,0.17424614929665075,0.1721186133898936,0.06947976287482868,0.2006384330572089,0.19818864881619264,0.07872927806231374,0.22734848727974838,0.2245725747445961,subduction,0.4552204492124051
1100921,CHB018,K-NET,5240528521,140.3204,35.152,0.9906318288673358,1.0920673793819695,0.0280435214879699,0.10660317233713858,0.10551217796087349,0.02778080497950805,0.10560449557539937,0.10452372182115591,0.030338510891092924,0.11532722473398119,0.11414694697247971,subduction,0.575470039694966
1100931,CHB019,K-NET,5239563624,139.836,35.1106,1.4309482713113808,1.3467608054367437,0.10127588932000224,0.17666807727409461,0.1595607062554491,0.14492055874797993,0.25280287977127114,0.2283231167854579,0.19517332842377239,0.3404650099774854,0.307496624661811,subduction,0.19741988445504097
1100941,CHB020,K-NET,5240503831,140.1006,35.1132,1.1927305058922613,1.0043812532622065,0.03592947642671045,0.11754411547266397,0.11599169951002636,0.042854182594874425,0.14019845231236888,0.1383468384358969,0.04304193762216741,0.14081269723891876,0.13895297097311013,subduction,0.5089760231583534
1100951,CHB021,K-NET,5239278144,139.8994,34.9078,1.0062754455784948,1.0774918496827652,0.04475873004542836,0.13938449929384653,0.13769819459244492,0.04503961101999098,0.1402591991336508,0.1385623121188668,0.04852981378692234,0.1511281439095407,0.14929976198127842,subduction,0.4880504904655211
1100961,CHB022,K-NET,5239766814,139.8555,35.3033,1.2482513328428815,1.0395128797016735,0.07943382296706827,0.16192614195469401,0.1540029469798555,0.09915337539144846,0.20212452251705243,0.19223438382933625,0.10307121078530564,0.21011104446002693,0.19983011791211014,subduction,0.2875235668710797
1100981,CHB024,K-NET,5340306611,140.0781,35.6337,1.2638051968599284,0.9282486002097744,0.05373166167855486,0.1946412893291797,0.19271637103394124,0.0679063532652771,0.24598867297773425,0.24355595123268112,0.0630339773638439,0.22833864135904178,0.22608047080449634,subduction,0.5546883374882019
1100991,CHB025,K-NET,5239376523,139.9458,34.9705,0.990732052030108,1.028994052726418,0.04470244171047198,0.13536487995390883,0.13385947290868952,0.044288141806572194,0.13411032528954533,0.13261887027849462,0.04557223452526703,0.1379987271321475,0.13646402879586728,subduction,0.47631786501511186
1101001,CHB026,K-NET,5340016913,140.2404,35.3858,0.990732052030108,1.0318690423189674,0.052116064099361155,0.17866325401640723,0.17646525571933333,0.05163305512889271,0.17700741227405156,0.17482978491083284,0.05327855114785297,0.1826484689865842,0.18040144272477213,subduction,0.5296876002462388
1101011,CHB027,K-NET,5240621131,140.2655,35.1806,1.0013483389556344,1.171310088040461,0.0348351373812668,0.12739895886974656,0.12604416390918408,0.034882106954022836,0.1275707358488979,0.1262141141655132,0.04085776376735326,0.14942488983855898,0.14783586517515607,subduction,0.5585052141705259
1101021,CHB028,K-NET,5339571733,139.9655,35.7664,1.2099623246284936,1.0570198821846533,0.0486734103898885,0.17882436917805777,0.1771449985469044,0.05889299278294616,0.21637074943090673,0.21433877423812359,0.06225106429293138,0.22870818407166216,0.2265603458927844,subduction,0.5610371181837996
1101031,CHB029,K-NET,5339473314,139.9176,35.6948,1.361186453033399,1.0225271830461429,0.05021593510526021,0.1740083514757843,0.1722568869083734,0.06835325059168448,0.23685781074351187,0.23447374090138415,0.06989305677956223,0.24219355000203963,0.23975577378218352,subduction,0.5353350398185791
1101041,CHB030,K-NET,5339075311,139.9151,35.3766,1.3518038308499596,0.861532594582736,0.06894430819902822,0.1732742577740615,0.16930256509613376,0.09319917993874663,0.23423280544665973,0.22886385606967827,0.08029413130561167,0.20179919661285398,0.19717367172591976,subduction,0.39016511997827785
1101071,EHM001,K-NET,5033747342,133.549,33.981,1.0014523147803172,1.1291414672937217,0.019775713418955506,0.11272116370014226,0.11091616403155002,0.01980443397984517,0.11288487031223852,0.11107724921594912,0.022362007642924016,0.12746298809962248,0.1254219281626472,subduction,0.7488626815061192
1101081,EHM002,K-NET,5033720441,133.3079,33.9211,1.075366366382174,0.715798944801575,0.02020609484380497,0.10937934972697098,0.10451795465322002,0.021728954790956132,0.11762287387313781,0.11239509311713004,0.015553562911007528,0.0841943290029208,0.08045228905411646,subduction,0.7137085151257854
1101091,EHM003,K-NET,5033701622,133.0844,33.9253,1.3641644874391177,0.7296334909375306,0.02968917010396007,0.14348916296594658,0.13677769676698975,0.04050091151736147,0.19574282045050853,0.18658727660324365,0.029550821456564486,0.1428205174112628,0.1361403259925513,subduction,0.6634172282577785
1101101,EHM004,K-NET,5132077942,132.9986,34.0627,1.3121531858611872,0.6575339554055322,0.0194082892730953,0.07927806131553589,0.07854424293719058,0.0254666486018075,0.10402496072407896,0.10306207860108967,0.016745186186069252,0.06839994388580878,0.06776681619489035,subduction,0.6071271014667174
1101111,EHM005,K-NET,5032575331,132.9144,33.7973,1.0492959588460005,0.7846096499192977,0.02072625208404501,0.11048033732212326,0.10628165581518663,0.021747972553811924,0.11592657148404689,0.11152091194633686,0.01706366913190087,0.09095710666844248,0.08750038368089619,subduction,0.709937535904125
1101121,EHM006,K-NET,5033306043,133.008,33.6412,0.9996897245022266,0.7056322270141313,0.016490993356548873,0.11281752688226868,0.11270862119072263,0.01648587660537639,0.11278252236795772,0.11267365046717932,0.01163296582333191,0.07958298242677309,0.07950615890496757,subduction,0.8347103201903894
1101131,EHM007,K-NET,5032765124,132.7719,33.9616,1.3121531858611872,0.8780227173939554,0.019812147879245207,0.07586975164811634,0.07498654484456976,0.025996572958504563,0.09955273633557292,0.098393833714525,0.022825581631956395,0.0874095640813637,0.08639202125283622,subduction,0.5780517821452351
1101142,EHM008,K-NET,5032558814,132.7282,33.8199,1.1773920407504377,0.8029796978099414,0.019120790484008304,0.08630031662188413,0.08393438126169488,0.022512666528728086,0.10160930590484907,0.09882367244283223,0.01807721416613406,0.0815902097501536,0.07935340263461406,subduction,0.642434050553487
1101151,EHM009,K-NET,5032365343,132.7965,33.6333,0.760306970403065,0.8886652571135153,0.01685000484365201,0.10047597293673172,0.1002010370513886,0.012811176133954032,0.07639258258182685,0.07618354691178653,0.011384847133006791,0.06788743404164461,0.06770167130418232,subduction,0.7742721863268187
1101162,EHM010,K-NET,5032154511,132.6881,33.4511,0.9065416813928502,0.8353506520989146,0.014980263392697812,0.10886265952185507,0.10875416171679421,0.013580233163724037,0.09868853840383987,0.09859018062121257,0.01134425662897218,0.08243953491033641,0.08235737167247968,subduction,0.8609264356990451
1101171,EHM011,K-NET,5032133443,132.4341,33.4498,1.116959445008489,0.7700870737625757,0.01606200894291119,0.09261361423115948,0.0923779680115024,0.017940612594595468,0.10344565115186619,0.10318244388113967,0.013815833854480035,0.07966215878900484,0.07945946627209803,subduction,0.7597685416987817
1101181,EHM012,K-NET,4932646542,132.5724,33.2217,0.760306970403065,0.8074072941418851,0.013840577567263031,0.11761223251569089,0.11752606649569425,0.010523087598794379,0.0894214001863458,0.08935588756073046,0.008496417684160595,0.07219949076283612,0.0721465953910559,subduction,0.9289799872970178
1101191,EHM013,K-NET,5032007911,132.114,33.3917,0.760306970403065,0.8088889556991847,0.020260914787414663,0.08713179322194634,0.08591023438177156,0.015404514739613902,0.06624690973036433,0.06531815002942197,0.012460541840778988,0.053586393630092564,0.05283513016550181,subduction,0.6273858538715331
1101201,EHM014,K-NET,4932343014,132.5042,32.9451,0.760306970403065,0.8993639984188955,0.013312456343399632,0.14137131436321274,0.14131910489310825,0.01012155335107324,0.1074855957253936,0.10744590050135211,0.0091029606920314,0.09666867514402692,0.09663297468861484,subduction,1.0259426814072368
1101213,EHM015,K-NET,5032333811,132.4768,33.6094,1.3121531858611872,0.659273011416089,0.024273161579132528,0.11996910259874678,0.11844748206574111,0.031850106296982116,0.15741784017985322,0.15542124094979803,0.020997915492333936,0.10378133354598844,0.10246502955899892,subduction,0.688399486137113
1101222,EHM016,K-NET,5032551643,132.7089,33.7654,1.1948150302817984,1.201618789823206,0.0186186924179001,0.08878680283277164,0.08669010314429494,0.022245893545100797,0.10608380651526211,0.10357863821348298,0.02673108368019989,0.1274722952047084,0.12446203790162111,subduction,0.6680203422603679
1101231,FKI001,K-NET,5436215243,136.1571,36.2161,1.4274436846234353,0.683560856267686,0.032901133414570724,0.049362544803781105,0.043694156516241534,0.046964515109582064,0.07046225283709871,0.0623709477740569,0.032103104162502595,0.04816523788387739,0.04263433846666146,subduction,0.12321250076318724
1101241,FKI002,K-NET,5436004131,136.0135,36.0391,0.8225188945905784,0.9058091578022314,0.052282859080317955,0.08573641355610734,0.07597535345913232,0.043003639456778105,0.07051982010433008,0.062491163743333994,0.038953090438774984,0.0638774988570681,0.056605068400430704,subduction,0.1623134003325667
1101251,FKI003,K-NET,5436015813,136.2279,36.0444,1.435904460932867,1.284855413981793,0.03630947367347667,0.05595360291230951,0.04941337765699806,0.05213693522186965,0.08034402802705148,0.07095288940744397,0.06698842348823725,0.103230459391662,0.09116420409280579,subduction,0.1338245875399329
1101261,FKI004,K-NET,5336737842,136.4867,35.9793,1.0489302755426453,0.6929545733978622,0.03397044862414791,0.05163147456062978,0.046176104989981294,0.03563263203563474,0.054157816837554475,0.048435514530627194,0.02469179533129627,0.037528906862827116,0.03356361130887672,subduction,0.133316014530144
1101271,FKI005,K-NET,5336618344,136.1748,35.9068,1.1204507721470556,0.6164145754243967,0.026320527397225353,0.040240948743964555,0.03575694044347458,0.029490855245538877,0.04508800209210517,0.04006389152950737,0.01817859301508119,0.02779290166633932,0.024695966687010372,subduction,0.13306576393811442
1101281,FKI006,K-NET,5336512633,136.2001,35.7731,1.000310604700894,0.7815314719064583,0.031672028674419914,0.046001111490672146,0.03859068081352959,0.03168186615541304,0.0460153996521475,0.03860266726040098,0.024760375489183358,0.035962483020506766,0.030169199363536427,subduction,0.08580655849065387
1101292,FKI007,K-NET,5336307423,136.0575,35.6448,1.3246559832840863,0.8484191469084235,0.04741004318498162,0.06744857826067005,0.055957814340269106,0.06280199737274282,0.08934616275700154,0.07412485357733752,0.05328241703512752,0.0758029951858364,0.0628889450367965,subduction,0.0719903921056296
1101301,FKI008,K-NET,5335275243,135.9091,35.5483,1.1486295333799743,0.9345694930266312,0.04621050001784503,0.06914196998975185,0.0583624887193894,0.053078745072752634,0.07941850872630085,0.06703687818464626,0.049605775873132224,0.07422211543727007,0.06265062125911289,subduction,0.10139313519554113
1101311,FKI009,K-NET,5335169013,135.7509,35.4956,1.3121531858611872,0.8727158685485741,0.03597861655101385,0.05664691816267533,0.0509688221767882,0.04720945633029086,0.07432943413637239,0.06687890239886497,0.041200441684995766,0.06486847667104825,0.05836627939460076,subduction,0.1512601378752952
1101321,FKI010,K-NET,5335148433,135.5518,35.4904,1.1948150302817984,0.9965107942723715,0.03030711812902469,0.05038446360377907,0.04623317850642167,0.036211400265084674,0.06020011440648146,0.05524009657717399,0.036085051239874294,0.059990063822490475,0.055047352515802166,subduction,0.1834091102391063
1101331,FKI011,K-NET,5336658341,136.6706,35.9053,0.9347687958840042,0.7624285773588155,0.028079405301504594,0.044604548954026095,0.0401277908358104,0.026247751882826374,0.04169494051670409,0.03751020672107566,0.020012036126890485,0.03178941418121114,0.0285988535467848,subduction,0.1550573455227447
1101342,FKO001,K-NET,5030641021,130.5087,33.8425,1.3477677756676079,0.800643974301679,0.028370432308688492,0.034690674185374214,0.024385972783774277,0.038236754447409524,0.046754972783231506,0.03286662829627828,0.03061402704517136,0.03743408722753331,0.026314467901028264,active_shallow,-0.06572586885964601
1101351,FKO002,K-NET,5030559612,130.7058,33.8253,1.4323583609540242,0.7449127530914001,0.027219325661668358,0.03583653949105964,0.02813825312415555,0.038987828691021104,0.05133076696767835,0.040304062125024895,0.02904253080728441,0.038236942940186376,0.030023009878319122,subduction,0.014419770433486467
1101361,FKO003,K-NET,5030579233,130.9013,33.8324,0.9989670252343263,0.7287553406704677,0.026831874289385264,0.03669576256927697,0.030306761228350153,0.0268041576403286,0.03665785677253576,0.03027545510877197,0.01953367303256259,0.026714608900518508,0.022063399601746567,subduction,0.05288851685594046
1101371,FKO004,K-NET,5031408024,131.0121,33.7366,1.2434277858300922,0.8407685918790665,0.026744464215608797,0.03771070651037816,0.03211096551829626,0.03325480992282658,0.04689054029828796,0.03992766675528155,0.027959599712020913,0.03942409353904019,0.03356992815485469,subduction,0.07941946231434922
1101381,FKO005,K-NET,5030358521,130.6965,33.652,1.0365161770576485,0.8447064761727787,0.027307357762334745,0.03637153360219851,0.028239663901536205,0.028304518073360714,0.037699682963074604,0.02927086846861319,0.023909009721517258,0.03184516634856969,0.024725292158639146,subduction,0.014579843398886119
1101401,FKO007,K-NET,5030217613,130.2024,33.5614,1.022015144961786,0.7842416383891219,0.02692741150137917,0.03165081857718997,0.023002880698301663,0.027520222369027694,0.03234761593632599,0.023509292451413442,0.02158250427951924,0.025368347319886363,0.01843696602946549,active_shallow,-0.06841238020971868
1101411,FKO008,K-NET,5030268832,130.8546,33.5712,0.9444714920341034,0.7939477259047562,0.03446776422121724,0.04928534208929655,0.041177649860043956,0.03255382070109273,0.04654860057848911,0.038891116401773604,0.025846031915143747,0.03695715557334025,0.030877513425085316,subduction,0.07724844294997478
1101421,FKO009,K-NET,5030149114,130.5164,33.4954,1.0990414272012412,0.6911989301460925,0.029325029444305654,0.03830464021862716,0.027095603493547747,0.03222942221318811,0.042098386454310056,0.029779190734427655,0.022276942152982326,0.02909835967809586,0.020583344776252826,active_shallow,-0.034339628461037365
1101431,FKO010,K-NET,5030150343,130.6691,33.4236,1.011501490251737,0.8314713704271156,0.029080899185756605,0.03920854726129718,0.030231628537777937,0.02941537286425333,0.03965950398540776,0.030579337318699322,0.024458040387065307,0.03297574212920665,0.025425843507131965,subduction,0.01685371183133499
1101441,FKO011,K-NET,4930748044,130.5118,33.3237,1.4515020621577934,0.7704814258673699,0.026761524067851917,0.03552006036719981,0.02804574446931419,0.03884440737097248,0.051557440870959835,0.040708455931960076,0.029928894378159848,0.03972405055632975,0.03136510917131559,subduction,0.02035612991304967
1101451,FKO012,K-NET,4930769343,130.794,33.332,0.9533819096028655,0.8262577771183593,0.0434310595361311,0.06157738881269343,0.05240324677642213,0.04140638647663241,0.05870676853460379,0.049960307481095534,0.03421234884868599,0.04850692407120377,0.041280092603479736,subduction,0.0815577711767468
1101461,FKO013,K-NET,4930647422,130.5608,33.2254,1.1133556353635112,0.6470482725795752,0.030459688068810453,0.04081601770227346,0.034387583935390785,0.03391246536282482,0.04544274332192299,0.03828561036100308,0.021943002131930477,0.029403648567727297,0.02477263804874173,subduction,0.05267621194714376
1101471,FKO014,K-NET,4930567534,130.8183,33.1496,0.8225188945905784,0.7419808501827343,0.058486883900210576,0.08293123543717783,0.07261589839547655,0.048106567093648696,0.0682125080988185,0.05972794847794913,0.035694151551518206,0.050612374752258,0.044316993991339246,subduction,0.09397323139676686
1101481,FKO015,K-NET,4930539232,130.4052,33.1629,1.4160831242577616,1.0357392691908809,0.050593566610412324,0.06567518979468015,0.05559574370452703,0.07164469587301585,0.09300152795067212,0.07872819444054042,0.07420522494492035,0.09632533459326442,0.08154188257456291,subduction,0.04094624794229138
1101491,FKO016,K-NET,4930431544,130.4472,33.0159,1.0477144676656525,0.6700151726594374,0.031057017432048663,0.0366284511020583,0.028641534061070804,0.03253888648610175,0.03837615814781039,0.03000814961192245,0.0218015476471313,0.025712608227411057,0.02010591554342245,active_shallow,-0.03516347044053265
1101501,FKS001,K-NET,5640575323,140.9192,37.7946,1.2360967909925336,0.8917043819037469,0.03475354988706643,0.11562449970173302,0.11377809955489387,0.04295875149100174,0.14292307304142934,0.14064074374503333,0.038306506945640376,0.12744513050619183,0.1254099674716482,subduction,0.5150595034120893
1101511,FKS002,K-NET,5640641813,140.6008,37.8453,1.3932925446608997,0.9466500179091494,0.020058531710624935,0.05239901495413826,0.05127679686743179,0.027947402689257966,0.07300715688317584,0.0714435787894841,0.026456409256300262,0.06911222637095449,0.06763206514055885,subduction,0.4076217486870854
1101521,FKS003,K-NET,5640531813,140.4781,37.7624,1.0868462238284076,0.973854624697444,0.02745213707025335,0.06701467881488582,0.06515008693080716,0.029836251510824696,0.07283465061103224,0.07080812596284025,0.029056171517452732,0.07093036133577627,0.06895682093507113,subduction,0.3753388408512801
1101531,FKS004,K-NET,5640451841,140.7342,37.6798,0.760306970403065,1.168689583850652,0.019571443867171766,0.059844136376846324,0.05902383586647836,0.014880305193063013,0.04549991402506789,0.04487623382920993,0.01739045768365151,0.05317527558719703,0.052446387038643905,subduction,0.4794045636399646
1101541,FKS005,K-NET,5640376842,140.9853,37.6389,1.018028896837119,1.1955765751227498,0.03785829003788246,0.12226234239011283,0.12042012307974692,0.03854083324340517,0.12446659754812868,0.12259116505586484,0.046078517411527374,0.14880934841377333,0.1465671252577986,subduction,0.5025380726577896
1101551,FKS006,K-NET,5640260023,140.7593,37.5022,0.760306970403065,1.175375827138291,0.02273233978983649,0.06525358812642441,0.06396720592659064,0.01728355639578363,0.04961275789633116,0.04863471254319512,0.020314674394585484,0.05831363634901202,0.05716406548309098,subduction,0.44931324224156977
1101561,FKS007,K-NET,5640078731,140.9632,37.4061,0.9481566754824631,1.1409384415284325,0.04035465729887372,0.11150749746345592,0.10904396506452255,0.03826253770473422,0.10572657808631955,0.10339076339700355,0.04365520013776235,0.12062751722993954,0.11796249645861213,subduction,0.43170797143002587
1101571,FKS008,K-NET,5640142512,140.567,37.4343,0.760306970403065,1.153246885551119,0.023080124201434744,0.06028116635140441,0.0590276496051149,0.017547979308119313,0.045832190960999476,0.044879133441278585,0.02023715248480408,0.0528558314837568,0.051756720867387605,subduction,0.40781734902715205
1101581,FKS009,K-NET,5540753042,140.6344,37.2796,0.760306970403065,1.322397981388771,0.029513095705465172,0.06796824603712787,0.06570936048497703,0.022439012383037936,0.05167673122809882,0.04995928479745576,0.029673304679687002,0.06833720506080794,0.0660660573677822,subduction,0.3476124742803591
1101591,FKS010,K-NET,5541608011,141.0018,37.2338,0.9576337200519811,1.296382610578506,0.07759119577021716,0.208576017294387,0.20379599557443165,0.07430394544871459,0.19973942735525016,0.19516191737364005,0.09632634277708751,0.25893872027025505,0.2530045159303462,subduction,0.41938320132012097
1101601,FKS011,K-NET,5540571211,140.9031,37.0917,0.9879388249580242,1.3325235450742858,0.03457112265656468,0.08587279040243101,0.08356279667368571,0.03415415429480624,0.08483706364604439,0.08255493115600736,0.04551121475992936,0.11304738480331988,0.11000638952736654,subduction,0.38329948351394993
1101611,FKS012,K-NET,5540268334,140.7928,36.9066,1.3437725889788759,1.274267735037295,0.04611151616505126,0.11145416630551717,0.1085707147700795,0.06196339145885222,0.149769053608847,0.1458943504738768,0.0789579504895009,0.1908458727208247,0.18590846353308432,subduction,0.37190329476407424
1101621,FKS013,K-NET,5540540432,140.5546,37.0893,0.9558542726149364,1.0667111301375871,0.03704070197264101,0.07180771211371875,0.06801583619278755,0.035405513241205416,0.0686377084306014,0.06501322763035361,0.03776745504262753,0.073216607530061,0.0693503335194667,subduction,0.26393083311280696
1101631,FKS014,K-NET,5540234412,140.43,36.8683,0.9922395683358047,0.8857570374145249,0.036567084580361287,0.0715343669856679,0.06761401701906361,0.036283308219316544,0.07097922941903416,0.06708930306044543,0.0321381955959399,0.06287035196816959,0.05942482232102536,subduction,0.26694640229111877
1101632,FKS014,K-NET,5540236314,140.4166,36.8864,0.9972193007216723,0.8931841299673162,0.036225877338336744,0.0706250962357176,0.06671088496071544,0.03612514406736524,0.07042870908158311,0.06652538205104858,0.03226640537375358,0.06290580524575504,0.059419415488009136,subduction,0.2651777896182986
1101641,FKS015,K-NET,5540432033,140.3763,37.0237,0.760306970403065,1.0480942354200835,0.03346514864913095,0.06579466994335477,0.06223998001356223,0.025443785783508976,0.05002414617330167,0.04732149064205882,0.026667485206959232,0.05243001923604911,0.04959738155342727,subduction,0.2694766860812724
1101651,FKS016,K-NET,5540514534,140.191,37.1232,0.9406667926795155,1.2899489985639394,0.0249255046320609,0.05511030780133889,0.053032258722397564,0.023446594498159133,0.051840436483066334,0.049885684720947975,0.030244911092635145,0.06687151912644893,0.06434998904846326,subduction,0.327896165127647
1101661,FKS017,K-NET,5540724921,140.3689,37.2844,1.0929558119770977,1.3410501962115429,0.04256668689103822,0.09844654392682517,0.09524766357522702,0.04652350783416956,0.10759772235388222,0.10410148748178367,0.06239035930946234,0.14429394667458886,0.13960532021335947,subduction,0.3497844823498791
1101671,FKS018,K-NET,5640027842,140.3619,37.3959,1.3797067192330965,1.0490355915910006,0.0350007698857408,0.08322086543314995,0.08078001152279321,0.048290797389688,0.11482038721851033,0.11145272467772475,0.050658765208092496,0.12045067283247775,0.1169178749667259,subduction,0.3632263134774901
1101681,FKS019,K-NET,5640332513,140.4381,37.6031,1.0479572441710352,0.9353596982181064,0.020745820438172056,0.052906425741716084,0.05102224510918612,0.021740732814453927,0.05544367211922831,0.05346913137604176,0.020335405284368106,0.05185977642154503,0.050012870587878705,subduction,0.3908289501456784
1101691,FKS020,K-NET,5640205841,140.1075,37.5472,1.3698846327881078,1.3179328779917998,0.04052942646061601,0.08399466688420613,0.07975315729632443,0.05552063848411359,0.11506300340083016,0.1092526245965676,0.0731724748653101,0.15164531522243635,0.14398762596271203,subduction,0.29397742706987
1101701,FKS021,K-NET,5639368824,139.8607,37.6537,1.038628915354691,1.2450326392225215,0.0540320496805739,0.0913241524883625,0.08434664232943972,0.05611924915412525,0.09485190544467435,0.08760486163643605,0.06987029688554681,0.11809371817106797,0.1090709120919358,subduction,0.19341635626742298
1101711,FKS022,K-NET,5639352122,139.6472,37.6005,0.9187319838831165,1.606358321324249,0.04127620543202827,0.06436138742587938,0.058841051735302075,0.037921770103734403,0.05913086515524803,0.05405915619454317,0.06091595096547889,0.09498535728923474,0.08683837539687174,subduction,0.1539806615065486
1101721,FKS023,K-NET,5639177414,139.9309,37.4775,1.0433770759395973,1.3254119838298406,0.04626171016606079,0.08764689266977001,0.08219595886464798,0.048268407881029644,0.09144875858897636,0.08576137921424783,0.06397552624590341,0.12120728054019134,0.11366915976033946,subduction,0.24962878274584321
1101731,FKS024,K-NET,5640017041,140.1326,37.3963,0.9275507603010366,1.5516010528188156,0.03422778420765501,0.0742350751785778,0.07119169135229667,0.031748007265230214,0.06885680042289445,0.0660339074409395,0.04926024149763061,0.10683828402989809,0.10245828030710194,subduction,0.31805052563171743
1101741,FKS025,K-NET,5539776144,139.8994,37.3082,0.8777600735935445,0.9780575728724484,0.022682689807426593,0.04380741639601699,0.040862832873611275,0.019909959474666308,0.03845240103971092,0.03586776319038174,0.019473086639780937,0.037608662032017674,0.03508073741034851,subduction,0.2556339177031159
1101751,FKS026,K-NET,5539741244,139.5368,37.2664,0.9304474293192005,1.0221072574940309,0.031677300607241006,0.053180841571790566,0.049531318034191085,0.029474062917778945,0.049481977329504205,0.04608628753570485,0.03012565361609755,0.050575888143641355,0.04710512896120062,subduction,0.19413171883232574
1101761,FKS027,K-NET,5539458414,139.6807,37.0701,0.8225188945905784,0.9568422279723028,0.021348217790988767,0.04159814003762753,0.03930698046733594,0.017559312498923,0.03421525616077348,0.03233073412368661,0.016801491693131387,0.03273860193551755,0.030935411670888452,subduction,0.26510805817146504
1101771,FKS028,K-NET,5639021533,139.3144,37.3491,0.888728529765721,0.8390419619338854,0.02429932749715754,0.03371130814294382,0.02997464985494537,0.02159550560084458,0.02996020132235764,0.026639326495827884,0.018119535388286846,0.02513786609744514,0.02235151276765676,subduction,0.09115986431875184
1101772,FKS028,K-NET,5539726824,139.3619,37.3037,0.8871426935476165,0.913137083137006,0.023474744178695068,0.034199538068555524,0.030926524348273875,0.020825447781028773,0.0303398703202226,0.027436240112393633,0.01901648864179065,0.027704460686963087,0.025053048268477644,subduction,0.1197302467791837
1101782,FKS029,K-NET,5539431034,139.3806,37.0159,0.8803583703073915,0.9029758988946812,0.02309222823288279,0.037680961388445594,0.034730463512004615,0.020329436413867027,0.033172749759547704,0.030575254257448708,0.018356991119833844,0.029954193532935908,0.027608717697053177,subduction,0.17724473822086395
1101791,FKS030,K-NET,5639144231,139.5252,37.4548,0.8872114420888129,0.9012329833785476,0.037542239194832086,0.058146879923317345,0.05332517220457547,0.03330790417529013,0.05158857718973142,0.04731070293125569,0.030018181849983505,0.04649332732895614,0.04263796594847176,subduction,0.1524120941907801
1101801,FKS031,K-NET,5640060423,140.8087,37.3363,0.8973054531247954,1.026601611373689,0.028844447390291284,0.07281165331688191,0.07051104097729602,0.025882279935679642,0.06533429357227023,0.06326994157443362,0.026570790287993622,0.06707229105925427,0.06495302397183272,subduction,0.38819490331127277
1101821,GIF001,K-NET,5436372144,136.8979,36.2743,1.0490521216038982,0.6626795510661827,0.03247785941172572,0.04101223149597467,0.03334993091422657,0.034070967321024,0.043023968462562436,0.03498581578091281,0.022578133328686766,0.02851110410585648,0.02318438469537947,subduction,0.011507541064351822
1101831,GIF002,K-NET,5437302233,137.0261,36.2734,1.0597153521882323,0.6481440377580536,0.03287210209398724,0.04192449001442899,0.03499344832333162,0.03483507124769722,0.044428025700952646,0.03708309441424008,0.022578143734071954,0.02879575996743403,0.02403518654620869,subduction,0.027159263740189125
1101841,GIF003,K-NET,5437329433,137.3019,36.3326,0.981265653972659,0.596685039909864,0.03896239796464644,0.046601275664982435,0.037022408263780185,0.03823246291912179,0.04572823124135915,0.03632881765660104,0.022812738662748577,0.027285351483257874,0.021676862013307163,active_shallow,-0.022181012271929812
1101851,GIF004,K-NET,5437249134,137.5175,36.2493,1.1118657222446777,0.6355359994746776,0.06365211361678046,0.07076352271162935,0.04665108880198641,0.07077260327892189,0.07867953528834343,0.051869746544321214,0.04497853716029447,0.05000367709768051,0.03296509121254339,active_shallow,-0.13495104499373198
1101861,GIF005,K-NET,5437128013,137.2513,36.1537,0.9792357153523121,0.669156354883539,0.041685152422080936,0.05132205187296376,0.04097777528513815,0.04081959005160659,0.05025638617917014,0.040126901094888555,0.027314688086773436,0.03362938018527296,0.026851170869427916,active_shallow,-0.007433017312533172
1101871,GIF006,K-NET,5436074612,136.9533,36.0334,1.1253709055352341,0.6110637383698085,0.03392812020414719,0.0470008718573621,0.03947971019665227,0.0381817193572494,0.05289341372306509,0.044429317214275184,0.023331464167827703,0.032321247124757084,0.02714914467017308,subduction,0.0658141579237805
1101881,GIF007,K-NET,5437034842,137.4854,36.0378,0.7418638611827686,0.8687265990320135,0.04619944629409635,0.05954760290211235,0.04874753356140986,0.03427369961224427,0.0441762146131393,0.036164033471004116,0.029774474500389805,0.038377052678980846,0.03141665780454531,subduction,0.02331587643627048
1101891,GIF008,K-NET,5337724022,137.2604,35.9517,1.071150509722719,0.7478241091255838,0.06985237568384718,0.07754757231062596,0.05303865234305293,0.07482240781909577,0.08306512160828641,0.05681237949226723,0.05595400046994641,0.06211810056612507,0.04248566708110933,active_shallow,-0.11958870051880831
1101901,GIF009,K-NET,5336760643,136.8318,35.925,1.0391004141460671,0.7460900990495596,0.02885889676902918,0.04652768274589182,0.041454156108355046,0.029987291584496818,0.048346934410513014,0.04307503078026745,0.022373221348505255,0.036071169083082215,0.03213785398141257,subduction,0.15728835387111692
1101911,GIF010,K-NET,5337516922,137.2484,35.8005,1.0704968665910761,0.6954363658738079,0.07316118144320437,0.08105260206084647,0.05497585821865775,0.07831881549105146,0.08676655653518954,0.05885148396122838,0.054465752424638116,0.060340618756216505,0.040927462132277354,active_shallow,-0.12410869228251711
1101921,GIF011,K-NET,5336571812,136.9809,35.7596,0.9724772994826987,0.6804126410007033,0.032732564127403344,0.054550136896901594,0.04938159310263954,0.03183167556776146,0.053048769815910383,0.04802247830460836,0.021658674440538137,0.03609505357228198,0.032675101290637554,subduction,0.1785850692325239
1101931,GIF012,K-NET,5336336913,136.4879,35.6364,1.1100867831122365,0.5660589400392582,0.03257339662371962,0.053681318289120136,0.04723926111363208,0.0361592970730639,0.05959092193279344,0.0524396794062308,0.0204682933737432,0.03373197410523923,0.029683949340689523,subduction,0.1614400486171178
1101941,GIF013,K-NET,5337319242,137.1618,35.663,1.0714123490022696,0.6289460393494265,0.035846471526974046,0.06447729856780858,0.05792563209658752,0.03840635226215824,0.06908177391585646,0.062062237552046096,0.02415552314114331,0.04344870809561044,0.03903379850152264,subduction,0.20842436836822706
1101951,GIF014,K-NET,5337338433,137.4253,35.6582,0.9168022731914476,0.7701273322628963,0.03581708330571602,0.07160626717584496,0.0662773322184436,0.0328371833937679,0.0656487885215688,0.060763208838933866,0.025288812446069953,0.05055792637040683,0.04679540792286138,subduction,0.26727480193759606
1101961,GIF015,K-NET,5336275223,136.9076,35.5456,1.0027029084246761,0.7363401526897199,0.028152315010732516,0.06237401151259605,0.05900136132114433,0.028228408140149163,0.0625426027537943,0.05916083659772661,0.020785710360105167,0.04605262966134138,0.04356249945362158,subduction,0.3213479187085821
1101972,GIF016,K-NET,5337205921,137.1195,35.5427,1.0703663013799665,0.6360037047430666,0.027897141225596916,0.06769526800691368,0.06389614190370821,0.029860159872716757,0.07245873363748577,0.06839227708192165,0.018991172303268113,0.04608402303443201,0.0434977415999165,subduction,0.359914934932675
1101981,GIF017,K-NET,5336148514,136.5679,35.487,0.9748388223946425,0.6213734206449392,0.033158132491727554,0.0634965661056528,0.057072007260379434,0.032323834831041225,0.061898917728538144,0.055636008349406775,0.020085171817326115,0.038462342243201414,0.034570736819101285,subduction,0.23583308469436565
1101991,GIF018,K-NET,5337139924,137.4998,35.4955,1.024252906930415,0.7603903356479932,0.02963351399305573,0.08367863643548001,0.08059264886582064,0.03035221284995046,0.08570808661701373,0.082547254878039,0.023079529316633162,0.06517160075045834,0.06276813484353252,subduction,0.43451227618986976
1102001,GIF019,K-NET,5337133234,137.4042,35.4492,1.0184691931823509,0.7370751936688048,0.02700897860125527,0.08517103190182172,0.08140073317595713,0.027507812644699835,0.08674407214355663,0.08290413904216888,0.020275326332497328,0.06393690377483278,0.06110658434045215,subduction,0.479120155814496
1102011,GIF020,K-NET,5336160034,136.7553,35.4243,1.0249275068018795,0.6002966814754526,0.033567263030698555,0.08084094976368077,0.07785316086533119,0.03440401120821677,0.08285611308878532,0.07979384606234954,0.0206526137577368,0.049738249727152635,0.04789998099339154,subduction,0.36536031808643
1102021,GIF021,K-NET,5336173922,136.9996,35.4426,1.173616721068023,0.5853388189361172,0.025309019899761896,0.06933740879913121,0.06739759245002117,0.0297030889482039,0.08137554236218945,0.07909894145907279,0.017386371003696107,0.04763226385656995,0.04629968097275074,subduction,0.42536905583252194
1102031,GIF022,K-NET,5236734722,136.473,35.2836,1.0226847195774926,0.564211410265864,0.026665976658695887,0.06927990700188139,0.06320172535983236,0.027270886861458368,0.07085150226457383,0.06463543877643387,0.015386545535304247,0.039975226012150256,0.03646805206520466,subduction,0.37477143973139415
1102041,GIF023,K-NET,5337016732,137.2166,35.3879,1.0658305054945476,0.6389798402286252,0.023614475891359434,0.0803807722310881,0.07934790167896275,0.02516902877627643,0.08567227909910272,0.08457141415642053,0.016082501986174783,0.05474285921076684,0.05403942870557848,subduction,0.5263571353893369
1102051,GIF024,K-NET,5237736022,137.3869,35.3015,1.0226847195774926,0.6496145253249475,0.02299844493277521,0.09492915521610336,0.09373844279137117,0.023520158206793623,0.09708259648190894,0.09586487307972426,0.015279036409073908,0.06306626483090869,0.06227521402102141,subduction,0.6102192629534148
1102071,GIF026,K-NET,5336350934,136.7418,35.5909,1.0681549817117522,0.642480182442229,0.03341422402145483,0.06001353163414622,0.053596161788174355,0.03569156984854947,0.06410375278512911,0.05724900721466749,0.022931126307945627,0.0411853907846213,0.03678135259991606,subduction,0.20520230947761378
1102081,GNM001,K-NET,5539112742,139.2246,36.7719,0.8879688791984425,0.8156256143284932,0.023605278051118374,0.03952408824624107,0.03615391596518689,0.020960752294219176,0.035096160341355015,0.03210355223824168,0.01709612646675989,0.028625327338988985,0.026184479516442743,subduction,0.1851462237940757
1102091,GNM002,K-NET,5538173743,138.9695,36.7821,0.8772303191869133,0.9700024645910968,0.023123288788730097,0.03645895387313711,0.03410260384534984,0.020284450004788877,0.03198289974335301,0.029915838056361096,0.019675966497520098,0.031023491575822383,0.029018436644978392,subduction,0.16873793690505043
1102101,GNM003,K-NET,5439708634,139.0786,36.6581,1.161669601808503,1.0574916601310795,0.024906803036714883,0.04414661479710197,0.04172038361723932,0.028933475965983394,0.051283780432542815,0.0484653014239364,0.03059690953263047,0.054232170107407475,0.05125165206155168,subduction,0.22403030672942656
1102111,GNM004,K-NET,5438744712,138.5921,36.6171,0.9685535384756884,1.1321508972078382,0.03817731845227473,0.053350828264494,0.048283623867477685,0.036976776876463884,0.05167313349618443,0.04676527474727471,0.041863291116542634,0.0585017844492456,0.05294534776329812,subduction,0.10199443748899308
1102121,GNM005,K-NET,5438641132,138.5176,36.5134,0.9813626766791946,1.0517142053837445,0.056465367888116735,0.07850042573151891,0.07084783284811838,0.05541300457035768,0.07703738791633973,0.06952741888074962,0.05827864406963953,0.08102131521727252,0.07312297410055034,subduction,0.0985444081899405
1102131,GNM006,K-NET,5438661013,138.7527,36.5105,0.8879688791984425,1.017005741640965,0.04353428540837085,0.07486392396995917,0.07159360230047977,0.03865709062077617,0.06647683466000205,0.06357289079253606,0.03931448311646446,0.0676073225353392,0.0646539949487232,subduction,0.21604279476305788
1102141,GNM007,K-NET,5439505024,139.0101,36.4619,1.0574528568047175,1.010745820737574,0.042472526295931845,0.08444504494399209,0.08121842831140094,0.04491269426734661,0.0892966540190272,0.08588465904308007,0.045395318028784985,0.09025621985558083,0.08680756019326466,subduction,0.28154648713595504
1102142,GNM007,K-NET,5439505041,139.0093,36.4637,1.0574528568047175,1.059236730446212,0.042472526295931845,0.08444504494399209,0.08121842831140094,0.04491269426734661,0.0892966540190272,0.08588465904308007,0.04757317543127456,0.09458629584290097,0.09097218544027982,subduction,0.28154648713595504
1102151,GNM008,K-NET,5439411042,139.1368,36.3479,1.0553311321721532,1.0365867328691556,0.05317381572708315,0.11398734532179695,0.10941860880117063,0.056115983153176105,0.12029439419175017,0.11547286430684134,0.058169083638491395,0.12469557305770064,0.119697639146872,subduction,0.31339336246289917
1102161,GNM009,K-NET,5439429613,139.3253,36.4105,0.996400447523319,0.8953121165215298,0.025119158938067536,0.053276256417838924,0.0481221416079905,0.025028741207299872,0.053084485737101804,0.047948923433982264,0.022408535264177278,0.04752718327974158,0.04292925212460744,subduction,0.2823398528848134
1102171,GNM010,K-NET,5439248221,139.5335,36.2343,1.2995376784368915,0.9887395539073274,0.03833627181555373,0.10261220702278558,0.09958364987024111,0.04981942967511033,0.13334842929367646,0.1294127051626454,0.04925844067288605,0.13184686649407246,0.12795546037245448,subduction,0.414578164027569
1102181,GNM011,K-NET,5439324844,139.3607,36.2913,1.1746911631396801,1.021813456680081,0.036973849377718186,0.08795896661958977,0.08215054070452193,0.04343285413126311,0.10332462080693021,0.09650151421274851,0.04438027481334769,0.10557848794688797,0.09860654581259051,subduction,0.3467157585712392
1102192,GNM012,K-NET,5439317523,139.1955,36.3118,1.0979004503161964,0.9722394669705874,0.05243158468998078,0.1159164444535086,0.11097969235161854,0.05756466044192168,0.12726471656455945,0.12184465420879494,0.05596663478439679,0.12373178019689017,0.11846218166117432,subduction,0.32565053255591614
1102201,GNM013,K-NET,5439308112,139.0174,36.3181,1.2230998175694192,0.9837238920094994,0.05015281467167687,0.10604181856189424,0.10281931138564138,0.06134189847552087,0.12969972893778228,0.1257582809983913,0.06034349111159097,0.1275887221432523,0.12371142563616175,subduction,0.31177937945381773
1102211,GNM014,K-NET,5438451734,138.7179,36.35,0.8493180732076713,0.9953763645811464,0.026913757501287393,0.04814904172168886,0.046418797448670036,0.022858340663771917,0.040893851341860556,0.039424323609721604,0.02275265203026268,0.040704773082382996,0.03924203991071535,subduction,0.2367195501851217
1102212,GNM014,K-NET,5438451741,138.7211,36.3467,0.848136221515833,1.2955476997819324,0.026913757501287393,0.04814904172168886,0.046418797448670036,0.022826532593935297,0.04083694631544139,0.03936946347542379,0.02957286179607018,0.05290621186508835,0.051005017847234095,subduction,0.2367195501851217
1102221,GNM015,K-NET,5438267023,138.7578,36.2286,0.8898374501073306,0.8385896185811607,0.027025579581202552,0.050862424987126086,0.0494628033018411,0.02404837282221002,0.045259290556819654,0.04401385476527074,0.02016671579247465,0.03795397120529732,0.03690956167989499,subduction,0.26250370988629823
1102231,GNM016,K-NET,5438173433,138.925,36.1164,0.8290841631925918,1.0031223588933342,0.024968302121519584,0.05432549341518256,0.05317863898477054,0.020700823870759878,0.04504040624815129,0.04408956740240943,0.02076545927227209,0.04518103856115959,0.0442272308552916,subduction,0.3283482073817603
1102451,HKD022,K-NET,6541642211,141.5279,43.8516,0.9555883282969324,0.985635635859977,0.027257707779924846,0.04181514584491136,0.036786547903718395,0.026047147410624673,0.039958065315431265,0.035152795815129284,0.025672996700409605,0.03938409311490959,0.03464784825550089,subduction,0.13019970369021588
1102461,HKD023,K-NET,6541522934,141.3686,43.7734,1.055829053256097,0.973248295490498,0.032407223669652735,0.04981003706668435,0.04415736260598675,0.03421648828578802,0.05259088427876843,0.046622626354565176,0.033301138901813784,0.0511839884826494,0.045375391630870926,subduction,0.13436129974751454
1102601,HKD037,K-NET,6542330732,142.4673,43.5889,1.0351158114435188,0.920210989548007,0.029376922802384096,0.06631960965263367,0.06364375194383404,0.030408517284303424,0.06864847656020333,0.0658786539366518,0.027982251780876526,0.06317108254642786,0.06062226132913705,subduction,0.335749472368237
1102611,HKD038,K-NET,6442549534,142.5662,43.1666,1.019020479510539,0.7665643706184987,0.020749175304512753,0.056198120663019484,0.05487048074520861,0.021143834568252824,0.05726703586562125,0.05591414359995628,0.01620811023827438,0.043898869305516945,0.04286179029737284,subduction,0.4223379253154997
1102621,HKD039,K-NET,6542031022,142.3845,43.3421,1.181941048601528,0.9515726298923995,0.02986325605583966,0.07023418802547252,0.06666321322775871,0.03529660817729506,0.08301266984250387,0.07879198814556439,0.03358728626955024,0.07899258455642089,0.07497629937412548,subduction,0.3487490851759353
1102631,HKD040,K-NET,6442337142,142.3994,42.9806,0.9535577831519854,0.9158702920651184,0.02051984112821402,0.05278541601872199,0.05133797984021047,0.019566854216850695,0.05033394428156784,0.04895373024793241,0.01792070048638264,0.04609936424994893,0.04483526721985088,subduction,0.39826478110376445
1102641,HKD041,K-NET,6542354443,142.6839,43.6246,0.8746633130535104,0.8664533349778873,0.022972809267180944,0.056569103618462985,0.05494873376739254,0.02009347346377887,0.04947891958739216,0.04806164152508286,0.017410057093980885,0.04287117488759865,0.04164316958391976,subduction,0.37874358219382065
1102671,HKD044,K-NET,6643517031,143.1276,44.4796,1.391689261927481,1.3116181666599014,0.02428054432451449,0.05199150576394589,0.04960096465153748,0.03379097281018106,0.07235602028312424,0.06902912988678928,0.044320853806944255,0.09490347067055806,0.09053986078823875,subduction,0.31023170425171165
1102711,HKD048,K-NET,6643246913,143.6155,44.2199,1.1963388902954741,1.1519631463288418,0.01792936425792702,0.04756992449001443,0.04636961653571811,0.02144959574003175,0.056909750675823365,0.055473775589767675,0.024709143796168696,0.06555793544531141,0.06390374506712887,subduction,0.4126686138552119
1102721,HKD049,K-NET,6643141221,143.5336,44.0921,1.0900252752517487,0.7961761150941147,0.013434903866254023,0.0365718160635895,0.03574240948743965,0.014644384784794325,0.03986420387117047,0.03896012973970712,0.011659509385900909,0.03173892696946827,0.031019124739722695,subduction,0.4249492628839864
1102741,HKD051,K-NET,6643062122,143.7747,44.0187,1.1075831769494688,0.7851842056588272,0.015423585016289968,0.04314883267986519,0.04228990531934963,0.01708290329229267,0.04779092118122615,0.04683958768649751,0.013413225851905384,0.03752467648538468,0.03677770445100953,subduction,0.438051381148206
1102751,HKD052,K-NET,6644104523,144.0712,44.1204,1.1948150302817984,1.1469282569057226,0.018818893301994058,0.051064328797295715,0.048526785395624404,0.022485096570491962,0.061012427558260585,0.057980532561951306,0.025788792615951187,0.06997687718898249,0.0664995111457443,subduction,0.4113874429678453
1102761,HKD053,K-NET,6543544821,143.6072,43.7849,0.9236570950916222,0.9043815610338626,0.01632341319410808,0.05056309748996854,0.04969745019960945,0.015077236412850126,0.04670296374641884,0.04590340248483182,0.013635574603129991,0.042237299257894156,0.04151419079599789,subduction,0.4835231331421971
1102771,HKD054,K-NET,6543575233,143.9008,43.7996,0.9703218635679832,1.1858364641610748,0.028631459264886583,0.08813089077309785,0.08661089158887081,0.027781730910575547,0.08551533017285869,0.08404044173179769,0.032944589551271344,0.10140719676374962,0.0996582202697698,subduction,0.48072902597981215
1102781,HKD055,K-NET,6544508843,144.1087,43.8244,1.019020479510539,1.0996610335102457,0.02634279799931679,0.0781675801624408,0.07601777365359222,0.026843850648913065,0.07965436501930892,0.07746366815980717,0.02951913654797842,0.0875928013607356,0.08518377738810826,subduction,0.460253244543531
1102791,HKD056,K-NET,6543440613,143.5781,43.6705,0.9741756217528061,0.8130977940460038,0.019291062697251355,0.06411321909112694,0.0630570276292108,0.018792882997367203,0.06245753507067247,0.061428619096570304,0.015280451708923925,0.0507840839875147,0.049947474678713535,subduction,0.5143773426805082
1102801,HKD057,K-NET,6544404231,144.0273,43.7054,0.9357567775432036,1.3240799530794791,0.02536954005700214,0.07732179694391052,0.07585888147328598,0.023739719051493545,0.07235439554208363,0.07098546247547392,0.03143328608782159,0.09580300465445617,0.09399042782385064,subduction,0.4756938411634433
1102811,HKD058,K-NET,6644022124,144.2729,44.0201,1.0038539855536097,1.1048303538216515,0.022029041517745613,0.0660070156475453,0.06368408172005731,0.022113941125514874,0.06626140573228782,0.06392951925100131,0.024432153398093768,0.07320761233992357,0.07063127337373186,subduction,0.46103528953304573
1102821,HKD059,K-NET,6544632644,144.4619,43.8569,1.286347511425649,1.0584760065928875,0.03509136147410176,0.10937017228105418,0.10746238521819379,0.04513968550474869,0.14068804893792855,0.13823397179728802,0.047779274051925245,0.14891492421516334,0.14631734244346728,subduction,0.48605625757874266
1102831,HKD060,K-NET,6544659332,144.6657,43.9136,1.3477677756676079,0.8269643850547473,0.03720854726129718,0.11668449470512357,0.11361107003920809,0.050148480978181566,0.15726360188362315,0.1531213391579603,0.04147100773355161,0.13005139782318503,0.12662589407552205,subduction,0.4847779361067445
1102841,HKD061,K-NET,6644078924,144.9973,44.0699,1.0550824722180738,0.948331508317444,0.03636805636991225,0.10176435378034293,0.09868581013903831,0.03837129882453329,0.10736978597023891,0.10412166853433999,0.036388711690369016,0.1018221510768778,0.09874185896969959,subduction,0.4335346191797082
1102851,HKD062,K-NET,6543420443,143.3088,43.6746,0.879289227163104,1.0721192756717373,0.02071575920421347,0.0649903585832063,0.06372070992642748,0.01821514390076982,0.05714532217168047,0.05602893378549274,0.0195288068851498,0.06126660141473013,0.06006969990676221,subduction,0.4879797515021204
1102861,HKD063,K-NET,6645112942,145.2478,44.106,1.0582051878669019,1.026447798732638,0.02685756094079018,0.08610276699994393,0.0813472694549107,0.02842081032099564,0.09111439472903575,0.08608210255599327,0.029172478192183812,0.09352416990247542,0.08835878467887648,subduction,0.48127640992647636
1102871,HKD064,K-NET,6645012513,145.1886,44.0202,1.1160547570967774,0.9941160190626794,0.024177155297680653,0.07782916694283981,0.07526208236247853,0.026983029183044047,0.08686161200743563,0.08399660504965363,0.026824261553699852,0.08635051993819894,0.08350237062674182,subduction,0.4931710301597784
1102881,HKD065,K-NET,6545505423,145.0565,43.7938,1.154832809342822,0.7961261878742097,0.03250831833500737,0.13513574972085268,0.13346127372752162,0.03754167258982733,0.15605919749278077,0.15412545767722516,0.029887908685360943,0.12424281398263598,0.12270331307493712,subduction,0.6133607614593534
1102891,HKD066,K-NET,6545319014,145.1307,43.6619,1.3477677756676079,1.238010461975504,0.033193659404587704,0.16194806585327304,0.1609368132848628,0.044737344501989344,0.2182683844887371,0.21690545086397267,0.055385300534465096,0.2702185435155483,0.2685312174291118,subduction,0.6856002641512887
1102901,HKD067,K-NET,6544276742,144.9726,43.555,1.2255789666865566,1.0693082893178751,0.03369864326757863,0.16087981114855737,0.1596765460172434,0.04130034839461791,0.19717091270817733,0.19569621627189157,0.04416280489008113,0.21083649137122518,0.2092595862476773,subduction,0.6756287135635056
1102911,HKD068,K-NET,6544069123,144.7704,43.4108,1.166538523436223,1.1499885095881257,0.04042155068244508,0.19656253664605142,0.1951035266885226,0.04715329604810194,0.22929777126196332,0.2275957799404289,0.05422574864452441,0.26368980222542415,0.26173253176224087,subduction,0.6836521495302655
1102921,HKD069,K-NET,6545007914,145.1168,43.3941,1.1705905997473736,1.0809043604784578,0.03852398117603871,0.220230455864133,0.21955173275277493,0.045095810229515684,0.2577997014126329,0.2570051945186459,0.048744257916392544,0.27865682138695935,0.2777980354208186,subduction,0.755805707026848
1102931,HKD070,K-NET,6545026221,145.284,43.3852,1.521987999437595,1.3676378939807083,0.03719148740905406,0.22412026533015864,0.22355493466168364,0.05660499751781469,0.34110835426327113,0.3402479277701382,0.0774151395940473,0.4665127112438455,0.46533595936685196,subduction,0.7789407131904192
1102941,HKD071,K-NET,6445627044,145.2604,43.2326,1.2200248305317931,0.7525120744671923,0.018861925326181722,0.12163695043669347,0.12142535932250055,0.02301201724957819,0.14840009984293107,0.14814195342969583,0.017316820838154896,0.1116728669839425,0.1114786086910026,subduction,0.8087233761516325
1102951,HKD072,K-NET,6445643123,145.5209,43.1948,1.2310099077838883,0.8136638174985448,0.019327048482407346,0.1306452254337618,0.1304825806977918,0.023791788170063007,0.16082556691362043,0.16062534963219247,0.019358517187570184,0.13085794472630405,0.1306950351687682,subduction,0.8293870015437593
1102961,HKD073,K-NET,6445749833,145.6003,43.3327,1.1686466611060926,0.849151658521983,0.01834110527040325,0.1191825954836769,0.1189885434883472,0.021434271435252113,0.13928234227395708,0.13905556405753405,0.018200947138454698,0.11827183194475717,0.11807926284616489,subduction,0.812079644910835
1102971,HKD074,K-NET,6545064411,145.8028,43.3687,1.2226882888461605,0.7384872713863132,0.018697434903866255,0.12305354019976242,0.12287978055707097,0.022861134688420708,0.15045612250330975,0.1502436686231168,0.0168826569768468,0.1111099313708341,0.11095303688455498,subduction,0.8176983972318285
1102972,HKD074,K-NET,6545064411,145.8026,43.368,1.2226882888461605,0.7384872713863132,0.018697434903866255,0.12305354019976242,0.12287978055707097,0.022861134688420708,0.15045612250330975,0.1502436686231168,0.0168826569768468,0.1111099313708341,0.11095303688455498,subduction,0.8176983972318285
1102981,HKD075,K-NET,6445419012,145.1296,43.0767,1.1585759764608474,0.6837482419338115,0.020775096490646655,0.1415438503464486,0.14136121917270422,0.024069527702719272,0.16398930462716474,0.16377771253671167,0.016457497250911474,0.11212739873477214,0.11198272301491775,subduction,0.8327872325400173
1102991,HKD076,K-NET,6444466722,144.8498,43.0509,1.223717998811402,1.1411178790205427,0.021969337133475757,0.14276445065338317,0.14253379084600756,0.026884273272189976,0.1747034278549672,0.1744211652970793,0.03067812489537009,0.19935720505147858,0.19903511020009462,subduction,0.8121008824080637
1103001,HKD077,K-NET,6444338021,144.3824,42.9845,1.1948150302817984,1.389789469362822,0.020111016504106908,0.1199861318595035,0.11970316061040213,0.02402894479335224,0.14336123377110854,0.1430231354695446,0.03339517443370156,0.19924193300994844,0.1987720475508254,subduction,0.7746715951435988
1103011,HKD078,K-NET,6444537944,144.4976,43.1488,1.1017675669294962,1.2849710133594152,0.030201159417334155,0.16794430310044717,0.1674336292209878,0.03327465792968609,0.1850355862066495,0.18447294228898314,0.04275697091909664,0.23776536471551185,0.2370423835904676,subduction,0.74381907515512
1103021,HKD079,K-NET,6444746724,144.5998,43.3034,1.173080757245008,0.9728254260277108,0.046006852492951215,0.22824481346841177,0.2271050766571663,0.05396975336089059,0.2677495986207701,0.2664125952991742,0.052503148305918866,0.26047361734699925,0.25917294652106726,subduction,0.6934043199392527
1103031,HKD080,K-NET,6544230544,144.4485,43.5077,1.1704134213978796,1.2910215430358698,0.033878837319573966,0.1247594234524532,0.12299755777966992,0.039652245900184735,0.1460201036546126,0.14395799242448687,0.05119190368689424,0.1885150995344356,0.1858528695122071,subduction,0.5599679907846405
1103041,HKD081,K-NET,6544337111,144.3901,43.6427,1.139291809015191,1.1922188221184535,0.03475648666975981,0.11104138518250371,0.10882289058954893,0.039597780573003026,0.12650854060012726,0.12398102788202939,0.04720921931325065,0.1508258632622083,0.1478125150265482,subduction,0.49568438789387603
1103051,HKD082,K-NET,6544102624,144.0855,43.4369,0.9954819771306292,1.7261013075606884,0.027309947841515705,0.09867357354448257,0.097393258656116,0.027186560872606416,0.09822776408260606,0.09695323368618514,0.04692675827028418,0.16955107202174913,0.16735110343796114,subduction,0.5522080263307092
1103061,HKD083,K-NET,6444627633,144.3251,43.2329,1.1556799020166373,0.7438938917461202,0.04089138492757466,0.19892379150882308,0.1979302820025187,0.047257351726424084,0.22989222787969466,0.2287440489107962,0.035154455289384844,0.17101542407961198,0.17016130075801705,subduction,0.6848804237440608
1103071,HKD084,K-NET,6444503942,144.123,43.1141,1.1144026423777709,1.2631449711564935,0.02540346601540791,0.12606445626182233,0.12544946541377536,0.028309689653124477,0.14048656316809174,0.13980121574199003,0.0357592421203452,0.17745489578083415,0.17658920262605873,subduction,0.6935758397372618
1103081,HKD085,K-NET,6444304543,144.0698,42.9581,1.3121531858611872,1.3107586315565878,0.0248042195856893,0.13379196769539037,0.1332965895591257,0.03254693575216267,0.17555555665414352,0.17490554465443786,0.04266117696786492,0.23011096120214017,0.22925895236291063,subduction,0.7302934705817407
1103091,HKD086,K-NET,6443262913,143.8636,42.8526,1.0014523147803172,1.0679355188825648,0.033258645918840785,0.1758696394793329,0.17498534157943846,0.033306947941882055,0.1761250575561578,0.17523947537735313,0.035569672732708384,0.18809020472945695,0.18714446006582205,subduction,0.7210971060870524
1103092,HKD086,K-NET,6443262841,143.8579,42.8542,1.4284919812367323,1.0705912511087048,0.03180039055130957,0.1679191161099866,0.1670544987330026,0.04542660290274207,0.23987111085947566,0.23863601186961605,0.04863332363526496,0.25680391267988084,0.255481626507084,subduction,0.7204257218319281
1103101,HKD087,K-NET,6443578112,143.8916,43.1502,0.9056550327481542,0.9158692706479252,0.01651851549713715,0.07232473882518495,0.07169710349609704,0.014960076693510637,0.06550126370922457,0.06493284261470555,0.013701474530122612,0.05999059461988492,0.059469995206626894,subduction,0.6375305957660923
1103111,HKD088,K-NET,6543156924,143.7488,43.4704,0.8966630387899667,0.8181633318409349,0.017810506136142313,0.0634601316453631,0.06250101716692245,0.015970022554420715,0.056902354483142605,0.056042351980356564,0.01306608686269973,0.04655541993352191,0.045851797420450945,subduction,0.5452108239358601
1103121,HKD089,K-NET,6443649412,143.5544,43.2436,1.038628915354691,1.2552971500913506,0.022634192104337366,0.09139769442164246,0.09005467718333987,0.02350852639525763,0.09492828822307,0.09353339168554914,0.029510186186814193,0.1191632096694701,0.11741220002124786,subduction,0.5997412761822536
1103131,HKD090,K-NET,6443544932,143.6183,43.1213,1.0474718831752794,1.1637507835758008,0.02634343022336884,0.11472653760458465,0.11334288467519489,0.02759400246536873,0.12017282239485379,0.1187234848552449,0.03211254199106544,0.13985121622652663,0.13816454852914098,subduction,0.6337219370797386
1103141,HKD091,K-NET,6443157221,143.659,42.8088,1.1496277442316811,1.2202565143206356,0.02784301468901205,0.13840832496316277,0.13731886016121714,0.032009102169538485,0.1591180504102863,0.1578655714476057,0.03905931543993413,0.19416483755915112,0.1926364919458906,subduction,0.6930139333223702
1103151,HKD092,K-NET,6443331524,143.4485,42.9283,1.4316527231064442,0.8304616463328538,0.03291630679181984,0.14469365175671609,0.14267838660500784,0.047124720253116016,0.20715106055371812,0.20426590071149348,0.03913527276437791,0.17203101078703745,0.16963499619453012,subduction,0.6369470882774153
1103161,HKD093,K-NET,6443728414,143.3049,43.3191,0.9038905845266332,1.2495272151087222,0.022135510087542637,0.07938731371059435,0.07801331749374149,0.0200080791518241,0.07175744539386833,0.07051550315027981,0.025000639422253654,0.0896628809063165,0.08811104027335946,subduction,0.5470792122907872
1103171,HKD094,K-NET,6443610914,143.241,43.1692,1.087259087747763,1.1615576714071607,0.03021494598053362,0.11242840317539629,0.11055691800971791,0.03285147460314292,0.12223880307341907,0.12020401381945013,0.03815888234231817,0.14198741945355914,0.13962389438591466,subduction,0.5633641012544822
1103181,HKD095,K-NET,6443311731,143.2137,42.9311,1.1135050021050032,1.0884326060192882,0.039740726955688234,0.1579113152809573,0.15558401696807778,0.044251498252447986,0.17583503945432621,0.1732435811415443,0.048164773563169935,0.19138459022277662,0.18856396249800508,subduction,0.5927291730303943
1103191,HKD096,K-NET,6443013042,143.1357,42.6977,1.0448160530122936,1.1011383642027763,0.03347816022800855,0.1300617438166958,0.12831537783034982,0.03497851923154104,0.1358905978224562,0.13406596660548728,0.03851618944885446,0.14963435059675675,0.1476251791632303,subduction,0.583517123502222
1103201,HKD097,K-NET,6343734321,143.421,42.6181,1.089886394376853,1.048920224136794,0.030229854231567356,0.14179398673349208,0.1401852824358981,0.0329471068309808,0.15453933694528502,0.15278603201876176,0.034558886681811285,0.1620994359465999,0.16026035895009097,subduction,0.6662663679464591
1103211,HKD098,K-NET,6343529234,143.279,42.4985,0.9792357153523121,1.0899613568254805,0.03524959083886955,0.15383632535065492,0.1510555592378641,0.03451765830097673,0.1506420241019196,0.1479189986082334,0.037622913676170905,0.16419398498506502,0.16122599242329644,subduction,0.6319826328061328
1103221,HKD099,K-NET,6442468733,142.8392,43.0736,1.1072899011048165,0.9477765677996812,0.024206808645154055,0.07659584057756726,0.07533512463481414,0.02680395475075585,0.08481380073817474,0.08341782270660238,0.02540416023712934,0.08038453296567333,0.07906145769818591,subduction,0.49305997400457596
1103231,HKD100,K-NET,6343324424,143.312,42.2864,0.96059471829543,0.936099004176036,0.025122625973191662,0.11864398137998194,0.1175752168171598,0.024132661819559496,0.11396878187115199,0.11294213227700371,0.02259056069740669,0.10668606321674123,0.1057250175540213,subduction,0.6702507556896774
1103241,HKD101,K-NET,6542070522,142.9473,43.3338,0.8938972832071502,0.8878624975920433,0.018006556775249448,0.05336312604202251,0.052281207140052924,0.016096012181310786,0.04770115339240465,0.04673402902528357,0.014291045576570547,0.04235206518900156,0.041493391732927314,subduction,0.46291493190625443
1103251,HKD102,K-NET,6442235524,142.4481,42.8778,0.8987386888187906,0.9009835236758158,0.021589227717926103,0.05730244273018819,0.055824404868125205,0.019403074211819197,0.051499922245443176,0.050171552435268156,0.01748185017350821,0.04640058141372992,0.04520374210141386,subduction,0.41258699466247334
1103261,HKD103,K-NET,6442027324,142.2973,42.7275,0.9476395128820008,1.3965114848287845,0.03360847996002713,0.08413816134969637,0.08113103863194873,0.031848723578024596,0.07973264623621346,0.07688297792879069,0.044477108253848645,0.11134755618466265,0.10736796166539415,subduction,0.3827381651115247
1103271,HKD104,K-NET,6342710032,142.131,42.5886,1.0988985835310516,1.128542293091751,0.051042027603717885,0.12826408610483703,0.12296380517302034,0.05609001183427842,0.14094922253851025,0.13512475133022026,0.06329995057500001,0.15906715881310987,0.1524939967196594,subduction,0.38184937609079866
1103281,HKD105,K-NET,6342507434,142.0538,42.4826,1.3477677756676079,0.8375424358346705,0.06098438304619824,0.15829829758378242,0.1516385309968236,0.08219278628863598,0.2133493444264635,0.20437352562709254,0.06883994643622268,0.17868912961467032,0.17117150047383453,subduction,0.39559093393532696
1103291,HKD106,K-NET,6342420943,142.3688,42.3414,1.4634931951198806,1.074825340808383,0.05173203897355366,0.13432946011125105,0.12947805825638725,0.07570948700747224,0.19659025077694336,0.18949025717555823,0.08137447517523419,0.21130018329093364,0.2036689302485875,subduction,0.3984365817076158
1103301,HKD107,K-NET,6342530924,142.4992,42.4194,1.063267904528615,1.2766805671689816,0.04036044928696344,0.1076370626054769,0.10420469783259319,0.04291397033918305,0.11444703400614077,0.11079751070649888,0.05478743199210107,0.14611230428576752,0.1414530288096843,subduction,0.4119313064889816
1103311,HKD108,K-NET,6342340513,142.5643,42.2528,0.9427740350861624,1.1954091812947438,0.04857053122116115,0.12927972345296304,0.1248417145508405,0.04579103570565253,0.12188156653457315,0.11769752697417078,0.05473902450353248,0.14569834366601495,0.14069670436060952,subduction,0.40998687112196613
1103321,HKD109,K-NET,6342260112,142.7673,42.1678,1.2081809782245754,1.078583117373222,0.03939112744923088,0.12356390816435787,0.12120856765562144,0.047591610894980686,0.1492875634392655,0.14644188583936832,0.05133150803992167,0.16101904555937563,0.1579497457426394,subduction,0.48813490779731517
1103331,HKD110,K-NET,6342175442,142.9354,42.131,1.3121531858611872,1.2511106964731589,0.031456134357808224,0.12088093283639163,0.11988048925983899,0.041275266912475614,0.15861430113114347,0.15730156590489558,0.05163992793398289,0.19844404875878827,0.1968016716755924,subduction,0.5810431555855794
1103341,HKD111,K-NET,6343012122,143.1487,42.017,1.3121531858611872,0.6162314840655146,0.023896366241275054,0.11918116788097873,0.11887851610896688,0.03135569309399479,0.15638394912968323,0.15598682364283137,0.019322365289215215,0.09636871305621064,0.09612399182808769,subduction,0.6967715096606912
1103351,HKD112,K-NET,6243712913,143.2403,41.937,1.0423022740450787,0.8001237675214693,0.021943110032477963,0.12530690908720105,0.12514446829447365,0.02287135348647316,0.13060767629514958,0.13043836388749214,0.018299913519912198,0.10450230602449957,0.10436683514299658,subduction,0.7561134765812803
1103361,HKD113,K-NET,6343125513,143.3153,42.1287,1.3121531858611872,0.5556761169282689,0.024188759668184345,0.1275587484003202,0.12729586556061448,0.031739358060638684,0.16737661809794577,0.16703167554231768,0.017636803240931656,0.09300718920925233,0.09281551286937759,subduction,0.7212006989138466
1103411,HKD118,K-NET,6541276314,141.9175,43.5524,1.1266125191695744,1.0527780268059257,0.033294356380619276,0.06317440716248668,0.057299128652496006,0.03750983871609907,0.07117307800037352,0.06455391567741006,0.0394895339893433,0.07492945261893748,0.06796094396945988,subduction,0.23577739382153795
1103421,HKD119,K-NET,6542212514,142.1914,43.5199,0.9381592070457486,1.410876212898935,0.02090370309942743,0.04219471481086814,0.039157643027945326,0.019611001524078596,0.03958536018848556,0.036736103332877676,0.02766869556144725,0.055850043068970776,0.051830094346954396,subduction,0.27259331454862296
1103431,HKD120,K-NET,6541051313,141.6633,43.3442,0.9538218014048092,1.3701126287738197,0.0375823446334885,0.07275584424854563,0.06605914354035272,0.03584685965933037,0.06939611042387551,0.0630086512909181,0.049114235121131326,0.09508048727953435,0.08632894885569271,subduction,0.24494906799339045
1103441,HKD121,K-NET,6441769834,141.8553,43.3332,1.1292665643824435,1.1362182715073923,0.040190370819800855,0.08018310024320233,0.07313177282762208,0.04538564197693292,0.09054809413317416,0.08258526584824613,0.05156799567828407,0.1028823990042838,0.09383488801407269,subduction,0.2599840882591174
1103451,HKD122,K-NET,6441663231,141.7754,43.1968,0.9835055024895888,1.0249232853371608,0.04726490697638847,0.0945643517409105,0.08703489978738918,0.046485296085936614,0.09300456027654641,0.0855993028495272,0.04764386238426882,0.09532253946997594,0.08773271869910801,subduction,0.2651546261240289
1103461,HKD123,K-NET,6442309021,142.0085,42.9933,0.9035244666410157,1.0470296730101545,0.030509735740543407,0.06810218576170253,0.06388235534050873,0.027566292712332817,0.06153199106742965,0.05771927103680499,0.028862726444696035,0.06442582048699462,0.06043378948005041,subduction,0.32094247416018895
1103471,HKD124,K-NET,6441369333,141.7903,42.9986,1.3984657780224183,0.7989987629077975,0.042373787175029196,0.08986803852487853,0.08364660714923038,0.05925829124948358,0.12567737641504292,0.11697691754588403,0.04734730140036734,0.1004160682811169,0.09346441240792877,subduction,0.2953510489344211
1103481,HKD125,K-NET,6442111024,142.1344,42.7609,0.9340301432510625,1.293086681222153,0.035552477145610384,0.08482811153655938,0.08082317611008856,0.03320708532124459,0.07923201317020966,0.07549128276011187,0.042939639751109045,0.10245386095681633,0.0976167722854762,subduction,0.3566660470065565
1103491,HKD126,K-NET,6341678434,141.9284,42.5748,1.4638733945587739,1.4390632770532408,0.04682419582630154,0.11808069014393295,0.11307367959496872,0.06854469449173281,0.17285518071284187,0.16552555118393802,0.09864015267988624,0.24874954281225237,0.2382017421228018,subduction,0.38289119762401197
1103501,HKD127,K-NET,6441264543,141.8204,42.8743,1.1568694059621452,1.117070960428285,0.033558381302483516,0.07474145605278051,0.07021695482147318,0.03882266464245526,0.08646610386452597,0.08123184681278846,0.04336767127853272,0.09658877368843787,0.09074173713652492,subduction,0.3206409866439409
1103511,HKD128,K-NET,6441161544,141.8219,42.7656,1.156359106643761,1.3887059519203615,0.0370632275037857,0.08662147624316154,0.0822481887290767,0.0428584006456121,0.10016553288470605,0.09510844204182259,0.059517716066348994,0.13910047169426598,0.13207765954135176,subduction,0.34618310724970214
1103521,HKD129,K-NET,6341746812,141.6057,42.6347,1.1948150302817984,0.7779219174385361,0.05583076789729419,0.1367667858035109,0.13223424920844531,0.0667074406358616,0.1634110113213661,0.15799546847227947,0.05189318012686678,0.12712100725768744,0.12290813778055543,subduction,0.37447035257156713
1103531,HKD130,K-NET,6341627831,141.3502,42.5626,0.994261836007014,1.0408151261133836,0.05652393019022806,0.126523532500905,0.121183074750297,0.056199586609268444,0.1257975197224429,0.12048770639420553,0.05849337982424576,0.13093196135466528,0.12540542732579735,subduction,0.3312096162075026
1103541,HKD131,K-NET,6341500614,141.0809,42.4206,1.2280753656120338,0.984681985287032,0.03546467957967298,0.07629949065175162,0.07353815013281804,0.043553299341120524,0.09370152487816183,0.09031039061079316,0.04288614926101494,0.09226620354145061,0.08892701471868314,subduction,0.31671666051486247
1103551,HKD132,K-NET,6341401243,141.0318,42.3484,1.3121531858611872,1.370905741780298,0.0382771588666874,0.08280748267757083,0.07998926238827735,0.050225495952638664,0.10865610220851965,0.10495816547746456,0.06885442078523546,0.1489572743971265,0.1438877516997828,subduction,0.320091997344526
1103561,HKD133,K-NET,6340566932,140.8657,42.4727,1.1967208939000125,1.0244104039161763,0.05215948361570975,0.09294719399591093,0.08724560374847681,0.062420343857955224,0.1112318490842844,0.10440863690672345,0.06394404966411453,0.11394706344877496,0.10695729390595396,subduction,0.2234102691698604
1103571,HKD134,K-NET,6441000632,141.079,42.6713,0.916110958362121,1.699854142795334,0.030180071686049775,0.05871206783152249,0.055693187785839204,0.027648294395744573,0.05378676872855792,0.05102113963672673,0.046998067769831425,0.0914296616508137,0.08672849558162915,subduction,0.2660818098873761
1103581,HKD135,K-NET,6340676024,140.8864,42.5533,1.044936274039094,1.5826941784287056,0.03917813932382618,0.06811674730922385,0.06349412898390377,0.04093865892882344,0.07117766013296284,0.06634731856379805,0.0647933771593272,0.11265246832661725,0.10500751484527797,subduction,0.20968976356920807
1103591,HKD136,K-NET,6340750143,140.6441,42.5901,1.3520937032374365,0.978762023918004,0.04511603860645583,0.064604620334161,0.05606692397505774,0.06100111171480601,0.08735150035386435,0.07580773486656764,0.059705571563231793,0.08549633127862252,0.07419773200664119,subduction,0.09437577024098227
1103611,HKD138,K-NET,6440745811,140.6013,43.2923,0.9775071348030708,1.0887952372347105,0.028394344653882825,0.03780066587468708,0.032219320563087295,0.02775567448722789,0.03695042059281358,0.031494615728925125,0.030220246187930695,0.040231441955274796,0.03429118760419108,subduction,0.05488452828575585
1103621,HKD139,K-NET,6440663241,140.7819,43.1975,1.026055220915119,1.1153754786726051,0.031306358440446026,0.04641627874962398,0.041618432390265796,0.03212205252565975,0.047625665146503175,0.042702809840335115,0.035828149711754305,0.053120499059882184,0.04762966696632901,subduction,0.12365316457885778
1103631,HKD140,K-NET,6440672934,140.9933,43.1908,1.0511309309185914,1.073054187452242,0.027906328868675848,0.04541178689970581,0.04166753172592068,0.029333205442251608,0.04773373383856447,0.04379803141214694,0.03147611893120498,0.05122088297820238,0.046997661008969106,subduction,0.17409506679537948
1103651,HKD142,K-NET,6440560521,140.8202,43.0841,0.9579016145482194,1.2785856342087316,0.02877712572591048,0.044485221762783425,0.04055701998133919,0.027565655194906752,0.042612465750105834,0.03884963492138921,0.035245050729759066,0.05448368654629692,0.04967258510474211,subduction,0.14901862251851591
1103671,HKD144,K-NET,6440268132,140.767,42.9059,1.3878669449412921,1.396659898823188,0.037676036159136915,0.05780764073358384,0.05256367872820994,0.052289325201679004,0.0802293137391828,0.07295139221139631,0.07303040364570977,0.11205306520962084,0.10188828406497948,subduction,0.1446205471687882
1103681,HKD145,K-NET,6440175442,140.9361,42.7978,1.0307235781458481,1.0508718768341831,0.0324196744046132,0.05575251487511026,0.051984908200047926,0.03341572280464629,0.05746543162270327,0.05358207058953684,0.03511564333948946,0.0603888059824366,0.05630789108508826,subduction,0.20506863253645516
1103692,HKD146,K-NET,6440156533,140.6878,42.8076,0.994261836007014,1.0622394282805228,0.03321223863398816,0.04859818592485712,0.043052571469360076,0.03302166136213215,0.048319321564258666,0.04280552875394914,0.035076910686184286,0.05132668851332086,0.045469720390840414,subduction,0.1127009466398457
1103701,HKD147,K-NET,6440146232,140.5305,42.8056,0.9594245344710436,1.3904421439513326,0.0546615306960073,0.07200520055268618,0.05830351853079288,0.052443613641491464,0.06908355601975506,0.055937826124429824,0.07291981058823074,0.09605668774389022,0.07777831088442906,subduction,0.028012975429057903
1103712,HKD148,K-NET,6440020412,140.305,42.668,1.1166576040694831,0.8358294912460078,0.08597324264657147,0.10202678794491495,0.0651048013337888,0.0960026751478048,0.11392898857747395,0.07269977147080829,0.08024186712704545,0.09522520856088229,0.06076461300214673,active_shallow,-0.12075028930273604
1103731,HKD150,K-NET,6440004422,140.0619,42.701,1.1948150302817984,0.9811549773578984,0.060213650940943136,0.06568057389628466,0.041007632575854144,0.07194417517238061,0.07847613688881526,0.04899653575790403,0.07058838556228977,0.07699725231228087,0.048073194932161785,active_shallow,-0.16683026300677914
1103741,HKD151,K-NET,6340529814,140.3539,42.4948,1.3437725889788759,1.0884068499605724,0.08054987177068622,0.09828041176140681,0.06547671223098611,0.10824070973121148,0.13206652335853558,0.08798581111245704,0.11780992991604457,0.14374210867390805,0.09576435951413528,active_shallow,-0.0899779892460621
1103771,HKD154,K-NET,6340141531,140.5636,42.0965,1.1142528639894103,0.9289499486230988,0.035077646291037205,0.058349191619972166,0.05442547658986504,0.03908536784179572,0.06501575387402088,0.06064374316424572,0.03630835044855105,0.06039638122096373,0.05633500209673846,subduction,0.19077179620901064
1103781,HKD155,K-NET,6340065423,140.8064,42.0438,1.4559593250370713,1.3285432428731274,0.030388899369305524,0.06228515344179715,0.05987304533148425,0.04424500141435355,0.09068464996494939,0.08717271866874178,0.05878139765995138,0.1204784789432483,0.11581272635023702,subduction,0.2945163772832905
1103791,HKD156,K-NET,6240657543,140.696,41.8996,0.9309332192073753,1.4127941850004773,0.032478889325100825,0.06361765740594393,0.060643726450928706,0.030235676995696167,0.059223790607347296,0.056455259489694515,0.042716788639072245,0.08367102698374615,0.07975966231973342,subduction,0.27118471074970657
1103801,HKD157,K-NET,6240678741,140.9698,41.9053,0.9545270727797576,0.8949654984638309,0.018807737606624075,0.04401642762819108,0.04280618763798035,0.017952494723260642,0.04201487181815928,0.04085966498294243,0.016066863388672255,0.03760186069963288,0.03656799043852421,subduction,0.3571699936905225
1103811,HKD158,K-NET,6241610112,141.1408,41.8349,1.3246559832840863,1.8248670985587645,0.030237155399652278,0.0783971488734685,0.0766053341355101,0.04005382881764011,0.10384925232765332,0.10147571421408011,0.07309291438061634,0.18951108378266174,0.18517969217202673,subduction,0.4037180792881034
1103821,HKD159,K-NET,6241405034,141.0046,41.716,1.0170406024052705,0.9057043177151785,0.0193061443000413,0.047692045703680665,0.04655075892379151,0.019635132629037086,0.04850474689241108,0.047344011898275445,0.017783624401029072,0.0439309586901386,0.04287967599422685,subduction,0.3822312178248449
1103831,HKD160,K-NET,6240552913,140.7383,41.77,1.1948150302817984,0.9931017345381352,0.036833077554516584,0.07615425247153718,0.07316620864413434,0.04400871467367156,0.09099024547286741,0.08742008579674575,0.04370513087721711,0.09036257060515533,0.0868170388382208,subduction,0.2980725437172487
1103841,HKD161,K-NET,6240431441,140.4334,41.6795,1.3121531858611872,0.92487248498889,0.03380130829590125,0.05505988283460713,0.05067465444366833,0.044352494366743,0.07224700067457344,0.06649290927067417,0.041020401680425346,0.06681926304688675,0.06149746223130922,subduction,0.1758572856909647
1103851,HKD162,K-NET,6240118924,140.2469,41.4859,1.1558495754143336,0.7396281843123431,0.030723978116890073,0.04354548189238935,0.03819148231047299,0.03551229706144667,0.05033202675653078,0.044143608613004245,0.02626589579631836,0.03722698556269313,0.03264985708743104,subduction,0.09448906768218969
1103861,HKD163,K-NET,6240102822,140.1117,41.4338,1.176128994046707,0.946734610059843,0.03369200491503215,0.043063390658379774,0.03559781372843937,0.039626143848133476,0.05064810233528056,0.041867620850691456,0.03751544184423789,0.04795031141466287,0.03963752570021273,subduction,0.023896470833031317
1103881,HKD165,K-NET,6340501114,140.0178,42.4287,1.4130379673938016,1.1413081458501348,0.03710222145176997,0.04080612645500757,0.027635777763048545,0.052426847586003744,0.05766060598319833,0.039050403237644936,0.059835188211149554,0.06580851930327929,0.044568543313856644,active_shallow,-0.12792822167723605
1103901,HKD167,K-NET,6339175841,139.9813,42.1297,0.9682753341146901,1.112875112959843,0.04263204050312798,0.04808269898487251,0.03453875686396476,0.041279553262157244,0.0465572914247135,0.03344302634236152,0.0459389874995551,0.05181245095338237,0.037217911718474585,active_shallow,-0.09142941766945599
1103911,HKD168,K-NET,6240614013,140.1266,41.8691,1.2733674069173413,0.967890125638214,0.035159498911452945,0.04468198620323964,0.036293260185690325,0.04477095995738992,0.05689658490753568,0.046214654611228874,0.04333337005810158,0.05506964271454002,0.04473070785798898,subduction,0.013783305234904572
1103921,HKD169,K-NET,6240722912,140.3678,41.9351,1.0533474379015826,0.957153994690771,0.054491523608979624,0.08229562592730444,0.07417013965013536,0.057398506780872285,0.08668588672103318,0.07812692656927266,0.05493921005459722,0.08297174275834857,0.07477949985869185,subduction,0.1339001455627733
1103941,HKD171,K-NET,6239377944,139.9979,41.649,0.9518914442420928,0.9904689002965202,0.029402018018385483,0.03465711532480511,0.025990312695976712,0.027987529395152994,0.032989811559793504,0.024739956288476875,0.02772077746203372,0.0326753823766181,0.02450415729843167,active_shallow,-0.05356563475921624
1103971,HKD174,K-NET,6339761614,139.8286,42.595,0.8225188945905784,1.2921801515621745,0.06546668842061255,0.0694283878796531,0.04338845579275288,0.053847588192228055,0.05710616085197817,0.035687824696647275,0.0695807846714908,0.07379144758484307,0.04611509872543799,active_shallow,-0.17864617930065949
1103981,HKD175,K-NET,6541332111,141.3882,43.6015,0.9538218014048092,1.0777492793857917,0.03632481020531986,0.06017933749037643,0.05436063283588178,0.034647395905725985,0.05740036409241882,0.05185035673702618,0.03734120596999041,0.06186320103708645,0.0558816846092262,subduction,0.1750811500850815
1103991,HKD176,K-NET,6541243734,141.5924,43.5324,0.9977322529114454,0.9350026661330592,0.022850871602433043,0.04083352622965029,0.03687301983857893,0.02279905160488569,0.04074092611942758,0.036789401155193774,0.021317174035873323,0.03809287454239478,0.034398188165544824,subduction,0.20780593700614558
1104001,HKD177,K-NET,6541038422,141.4346,43.4001,0.9853690476679177,1.21500978170809,0.025032177145100518,0.045206946306842806,0.041062544293923,0.02466593255452231,0.04454552563034838,0.04046176016572459,0.029969349328696625,0.05412324937220171,0.04916143438648213,subduction,0.2149472318560838
1104011,HKD178,K-NET,6441620432,141.3043,43.172,1.1948150302817984,1.095769877900196,0.041267109563408504,0.07779796362672269,0.07215626131247675,0.04930656276264622,0.09295417626652491,0.08621338554508827,0.054028646258103205,0.10185638637788332,0.0944700309521039,subduction,0.24266997165632523
1104021,HKD179,K-NET,6441646134,141.5175,43.2236,1.4405595596372964,1.0651266979863814,0.049910723845553784,0.09829764496540613,0.08955085579683174,0.07189937036412967,0.14160361214474876,0.12900334139182695,0.07658193894324533,0.1508257878266805,0.1374049030458865,subduction,0.253875872159389
1104031,HKD180,K-NET,6441526831,141.3513,43.1391,1.5049407826976777,1.3118183531013032,0.04276193195433711,0.08262101737086569,0.07672531394512906,0.06435417534502492,0.12433973854938904,0.11546705402130758,0.08442098831630308,0.16311115104890617,0.15147180064369092,subduction,0.25388135605387663
1104042,HKD181,K-NET,6441543343,141.5462,43.1161,1.3339588598844554,1.0499701526962029,0.04667638796123039,0.09476968179755574,0.08719432222012614,0.06226438126828741,0.1264188566822801,0.11631363865715731,0.06537574190779832,0.132736026254373,0.12212584894150642,subduction,0.27139096524162565
1104051,HKD182,K-NET,6441349411,141.5526,42.9923,1.1441739324938005,0.8814600307382646,0.04771854812805596,0.10082708162318427,0.09402800140720838,0.05459831886457247,0.11536371848267214,0.10758438813461822,0.04812623582462362,0.10168850683981669,0.09483133807209797,subduction,0.29456998367974113
1104061,HKD183,K-NET,6441316331,141.1656,42.9724,0.8931224505477535,1.034186154128299,0.018619457205059833,0.034634365456093566,0.03264682638821616,0.016629455246852064,0.030932729349312748,0.02915761358645068,0.0171979523669906,0.031990200402457314,0.03015440025853047,subduction,0.24387395344802343
1104071,HKD184,K-NET,6441144833,141.6008,42.7898,1.1587471069477553,1.1374817694581674,0.055471603452759095,0.12789443897763253,0.12255183982297727,0.06427756001863771,0.14819731116003793,0.14200658984599962,0.07311455270645358,0.16857173972726255,0.16152990709274787,subduction,0.34424911582782874
1104081,HKD185,K-NET,6441133211,141.4016,42.7756,1.08247539823578,1.4134605104249285,0.037198329704843144,0.08079949829962321,0.07739962168528498,0.04026627676095593,0.08746346909913587,0.08378318630707758,0.056914792103452204,0.12362615967639955,0.11842422528262876,subduction,0.31821539849385716
1104091,HRS001,K-NET,5232474211,132.9018,35.0339,0.8838640093355103,0.8417370875285092,0.022740813631566336,0.03734947204193073,0.03393446283899191,0.02009978671194785,0.03301185410554545,0.029993450379518272,0.01691873592685921,0.027787301928717884,0.02524659956738657,subduction,0.17383497995319713
1104101,HRS002,K-NET,5233227213,133.2753,34.8951,0.950148102179692,0.754868769706521,0.018123548816364406,0.042504494399208705,0.04123802725701437,0.017220055512629645,0.0403855646875155,0.039182233335886614,0.012998882119096734,0.030485801529567945,0.02957744427261456,subduction,0.35705463941632065
1104111,HRS003,K-NET,5232167732,132.8427,34.8138,0.9945663923560363,0.7693789818516742,0.02025284883217001,0.04131470991623031,0.038903764282400215,0.02014280279794349,0.04109022199262134,0.0386923764914164,0.015497449108320818,0.03161395316074228,0.029769101230387604,subduction,0.2835055040468415
1104121,HRS004,K-NET,5232027211,132.2773,34.7263,0.9139715329447652,0.7146244260625103,0.018945266732268408,0.0369615617973518,0.03396476880484161,0.01731543447733882,0.03378181529595829,0.031042831810675627,0.012374032425391257,0.024141310367223928,0.022183965866059106,subduction,0.25352793860426065
1104131,HRS005,K-NET,5233123214,133.2803,34.7774,0.9773157129233359,0.775499426473167,0.016920100136132113,0.04654325381246399,0.045415631229828744,0.016536279727278187,0.045487453281500015,0.04438541001324339,0.012823875444504093,0.03527549393152824,0.034420860009046615,subduction,0.42880242586411416
1104141,HRS006,K-NET,5132739243,132.408,34.6666,0.9384922332423628,0.7420406188070262,0.020079099386640698,0.04021406902459045,0.03705025671355661,0.018844078824863785,0.037740591446650415,0.03477137816530859,0.013983071912050303,0.028005051831215634,0.025801774970558706,subduction,0.26604699208214794
1104151,HRS007,K-NET,5233004713,133.0886,34.7029,0.760306970403065,0.8704809797409407,0.017468891007632575,0.04710032477961383,0.04578813356242958,0.01328171959831447,0.035810705238188606,0.03481303710926174,0.011561484288585234,0.031172537780952456,0.030304086650627882,subduction,0.4184876057967777
1104162,HRS008,K-NET,5132752723,132.7201,34.6029,0.9020650438771072,0.8356987939567485,0.019449322653505532,0.045447395389863,0.043435903188142735,0.017544554092814482,0.040996506716457,0.03918200991525376,0.014661962695873998,0.034260731219382855,0.03274435843097893,subduction,0.34894437539451995
1104171,HRS009,K-NET,5132529212,132.2802,34.4927,0.9085475339189082,0.7397202034373596,0.021406045897426746,0.04282447114967904,0.03901181341232735,0.019448410211062032,0.038908067654422326,0.0354440868694746,0.014386381957860028,0.02878108372068383,0.026218707149739198,subduction,0.26065968610608525
1104182,HRS010,K-NET,5133700411,133.0515,34.5834,0.9500612210744527,0.8052512617998762,0.01714435612569022,0.050907465852253315,0.04969412592475514,0.016288187915308526,0.04836520916939779,0.04721246195630048,0.013116083871235685,0.03894614571087251,0.03801789456298961,subduction,0.462183876781572
1104191,HRS011,K-NET,5133618822,133.2362,34.5676,1.1132063370420633,0.639235081810009,0.016490034823308672,0.0558734736122937,0.05388533291185064,0.018356811263351515,0.062198704897757855,0.05998549407109339,0.0117343177496994,0.03975959421379485,0.03834483220994919,subduction,0.514248997559892
1104201,HRS012,K-NET,5132551914,132.7422,34.4274,1.0373360520633603,0.7516647178384857,0.01897575624703645,0.051378799080215976,0.05007663167340529,0.019684236070217437,0.05329708059762785,0.05194629540072127,0.014795945751586131,0.04006153504903096,0.03904619747513778,subduction,0.4214360160503977
1104211,HRS013,K-NET,5132435611,132.4502,34.3768,1.2576403437612187,1.1547936230845888,0.024006699535519264,0.05049433802572745,0.0453437412368138,0.030191793856422736,0.06350371663267104,0.057026118316486255,0.03486529101488144,0.07333368700957925,0.06585339778114559,subduction,0.27618489325381484
1104221,HRS014,K-NET,5132324213,132.2765,34.2864,1.2434277858300922,1.0023183402536493,0.026419052377723278,0.05190704267002493,0.04494430819902821,0.03285018380176169,0.06454265913617721,0.05588500162958291,0.03292634170520909,0.06469229098093017,0.05601456207843603,subduction,0.23075746408497824
1104231,HRS015,K-NET,5133528822,133.3619,34.4852,1.3121531858611872,0.899169209801441,0.01609843320603876,0.06295486226183254,0.060948121937664745,0.02112361041867729,0.08260642308231579,0.07997327237276292,0.018993700088315545,0.0742771521674494,0.07190950412465265,subduction,0.5781767177593724
1104241,HRS016,K-NET,5133510524,133.1979,34.4201,0.760306970403065,0.8907663822504452,0.016863628252257398,0.06278121478792452,0.06094889692198661,0.012821534106477357,0.047732995213630995,0.046339871168164334,0.011420991550927531,0.0425189474604239,0.04127799939441746,subduction,0.5580148300888125
1104251,HRS017,K-NET,5133408623,133.0838,34.4037,1.3121531858611872,0.5976871998302135,0.01721929507018197,0.06007359291909062,0.05907666736347275,0.02259435288462311,0.07882575633491282,0.0775176372910424,0.013504355507586092,0.047113145578312754,0.04633129956993726,subduction,0.5354006197096314
1104261,HRS018,K-NET,5132470243,132.9069,34.3413,1.2434277858300922,1.0189612209231549,0.017867090188800457,0.05879449149301749,0.05820433073475652,0.022216436392686716,0.07310670437616892,0.07237288209124068,0.022637687151253666,0.07449289674880924,0.07374516029741814,subduction,0.5129014702161284
1104272,HRS019,K-NET,5132340424,132.5617,34.253,1.3121531858611872,0.874322568174325,0.0234238705368296,0.054959879265600385,0.05199908225540832,0.03073570635010096,0.07211578067290375,0.06823076144329196,0.02687292171067218,0.06305245456382956,0.059655694573588734,subduction,0.34633701968256425
1104281,HRS020,K-NET,5133316323,133.1693,34.3027,0.971913435174891,0.916631844281818,0.017526637536773516,0.06800825970132512,0.06737435311752739,0.01703437449543074,0.06609814130658101,0.06548203898114217,0.015614250109933841,0.060587661169451565,0.06002292215861825,subduction,0.5847960031776881
1104291,HRS021,K-NET,5233302934,133.1185,34.9413,0.9547920092125269,0.7719444588561359,0.019583425532674257,0.040399698164000956,0.038454110221125465,0.018698098211605955,0.03857330898158611,0.03671567716050835,0.014433893305597042,0.02977645212808102,0.02834246353720521,subduction,0.29305410588893865
1104311,HYG002,K-NET,5334356031,134.628,35.6394,1.1948150302817984,0.8320512772729192,0.021217847073159542,0.033794384422815134,0.030536584868431117,0.025351402593231685,0.0403780384475006,0.03648557057427723,0.021093666908358417,0.03359659846401791,0.030357865598358607,subduction,0.15811915015593536
1104321,HYG003,K-NET,5334175013,134.8758,35.4613,1.2922635266045788,0.8211858936748933,0.021580927227952462,0.03606057114305089,0.03247966430942269,0.027888245126990625,0.04659976083669425,0.04197228554342743,0.022901433497632285,0.038267066247717064,0.034467048813557256,subduction,0.17754143170285921
1104341,HYG005,K-NET,5334060844,134.8616,35.3408,1.0391004141460671,0.7387407785548826,0.021561420056798192,0.03831173744346948,0.03514626299500849,0.02240448051059632,0.039809742244164524,0.03652049643379991,0.01655110337551562,0.0294090799795233,0.026979179968716162,subduction,0.21220179395107555
1104351,HYG006,K-NET,5234759333,134.6649,35.3329,0.9114718373522008,0.7862052744290118,0.02159355131466913,0.03847034410323607,0.03530979488408376,0.019681913891740503,0.03506463522334798,0.03218388361952517,0.015474024512544022,0.027568001158525493,0.025303139053280164,subduction,0.21357112167007178
1104371,HYG008,K-NET,5234567333,134.788,35.1487,0.760306970403065,0.9580287374860456,0.022337464883522916,0.04257395746763676,0.04027679176885073,0.016983330252076163,0.03236927662028785,0.03062272552733001,0.01627051843970509,0.031010697213870942,0.029337451075329667,subduction,0.2560209869476092
1104381,HYG009,K-NET,5235600813,135.1025,35.1699,1.0394545184805315,0.7593959507870361,0.024947734445503817,0.04251524220809349,0.039190120989328676,0.02593203529523134,0.044192660617496986,0.04073634834215641,0.019692682598865183,0.03355972752743293,0.030935017980883772,subduction,0.19614549166664844
1104391,HYG010,K-NET,5235417411,135.1776,35.0592,0.923499353188164,0.858963921403879,0.02742576720898574,0.04579365022714179,0.042220013970112116,0.025327678278187486,0.04229040636489046,0.038990155592993785,0.02175556185388777,0.036325933288949876,0.033491136944305326,subduction,0.18735958729505664
1104401,HYG011,K-NET,5234328522,134.3226,34.985,1.0318732556425962,0.7902625976729033,0.020262026278086806,0.04889676902917918,0.04619976240612238,0.02090784302148527,0.05045526824854319,0.04767229924391992,0.016522686337896234,0.0398729113523769,0.03767363503754014,subduction,0.357956867831844
1104411,HYG012,K-NET,5234349413,134.5523,34.9958,1.0287791262557613,0.730844211186164,0.023448680232291356,0.049952460830150966,0.04575248428362387,0.024123512761227442,0.05139004900716785,0.04706920080533702,0.017630529655018632,0.0375581198294619,0.03440025293373969,subduction,0.29029627627088583
1104421,HYG013,K-NET,5234368131,134.7636,34.9895,1.0307235781458481,0.7859593771937851,0.024246128902326483,0.04948497193231124,0.045751423778762366,0.02499105673839142,0.0510053273345187,0.04715707122251299,0.019641955389520665,0.04008811530540346,0.03706354232832927,subduction,0.27576220408508534
1104431,HYG014,K-NET,5234470922,134.9994,35.0019,0.760306970403065,0.8831473050747796,0.025176772904100787,0.04721694972289212,0.04438851187714459,0.019142075931242848,0.035899375995485955,0.03374889498601227,0.016905272772213924,0.031704437164279654,0.02980524565614848,subduction,0.24627052300988972
1104441,HYG015,K-NET,5235323143,135.2714,34.9499,1.026394362619316,0.5764064364430938,0.03193197473143224,0.05096620150612085,0.045717660974950676,0.0327747988516445,0.05231142191000253,0.04692434949683047,0.018891605011215607,0.030152640288415734,0.02704749707587833,subduction,0.1558582258145095
1104451,HYG016,K-NET,5234130131,134.39,34.7553,1.3121531858611872,0.8298528614579448,0.018170211030270274,0.058717309172857196,0.0578914512091285,0.023842100291139225,0.07704610429636088,0.07596245213818545,0.019785435149769184,0.06393693011452234,0.06303765827023537,subduction,0.5032544652261873
1104461,HYG017,K-NET,5234243321,134.5446,34.8591,1.1273909083553786,0.5494869119402619,0.02125339438034395,0.05407041140450613,0.05167840190075102,0.023960883596091064,0.06095849022847519,0.05826176046124202,0.013166191934576157,0.03349589255218546,0.03201407484005112,subduction,0.38588077399047743
1104471,HYG018,K-NET,5234157442,134.6871,34.8145,1.1834094647887696,0.6114271721805286,0.023242636374297035,0.05715776539389088,0.054484997425216564,0.02750555587198684,0.06764104055330646,0.06447806164199303,0.016817644246062448,0.04135757014885662,0.03942363889744561,subduction,0.369991546883414
1104481,HYG019,K-NET,5234169544,134.8234,34.8321,1.0391004141460671,0.7316285029128567,0.025919870699984197,0.05605771593765455,0.05243756022698883,0.02693334837896609,0.058249595846899434,0.05448789054867343,0.019705205352933377,0.04261706460474599,0.03986489378900554,subduction,0.3060096462335389
1104491,HYG020,K-NET,5234175931,134.9889,34.7974,0.9755986579517278,0.6013522442103766,0.04144103236069402,0.07781711389720242,0.07040258396088368,0.040429815555227205,0.07591827188378743,0.06868466642857196,0.024312560317147472,0.0456536231738891,0.04130367829966286,subduction,0.23015803336558083
1104501,HYG021,K-NET,5235012243,135.1591,34.6904,0.760306970403065,0.8574056137647782,0.0351133567528157,0.0620533821437494,0.05658964070299236,0.026696929893415308,0.04717961898097776,0.0430254982790901,0.022890097560899006,0.04045207016957361,0.036890303759518656,subduction,0.20726458757405716
1104511,HYG022,K-NET,5235029831,135.3501,34.7463,1.1672397921556508,0.9870396476919996,0.09193207670305355,0.15693972967323197,0.13090392743699428,0.10730677810330956,0.1831862974447473,0.15279627305391558,0.10591604445405424,0.1808121384918652,0.1508159795237874,subduction,0.15348560590077195
1104521,HYG023,K-NET,5134777924,134.998,34.6444,1.1948150302817984,0.8040605340229341,0.03484931143662719,0.07007712113718752,0.065948534922731,0.041638481099453534,0.08372919761358996,0.07879630075074308,0.033479859348730455,0.06732334334649492,0.06335699566067421,subduction,0.27701095034098633
1104532,HYG024,K-NET,5134673933,134.9904,34.533,1.3121531858611872,0.8506031452753007,0.060170343593377966,0.14026685973293632,0.13050797163149497,0.07895270804041317,0.18405160686931665,0.17124645075654757,0.06715742178717796,0.15655487569601387,0.14566276963075125,subduction,0.3362545484025145
1104541,HYG025,K-NET,5134470231,134.9011,34.3389,0.760306970403065,1.0582110061442829,0.02947236823991883,0.08873055528646379,0.08718460432461647,0.0224080470070962,0.06746245967203295,0.06628706237983911,0.023712441969107656,0.0713895173265101,0.07014569897531839,subduction,0.4710247661002917
1104551,HYG026,K-NET,5134469334,134.7914,34.4147,0.9302856916747605,0.7855340813341765,0.027930567523058333,0.08417152646418502,0.08224336547138932,0.025983407327056923,0.07830356671605478,0.07650982613321153,0.02041085200459137,0.06151012034548548,0.060101075984589886,subduction,0.4690211134807384
1104561,HYG027,K-NET,5134259834,134.7292,34.2496,0.9775071348030708,0.7474876626062719,0.055071721739839805,0.22542223899088887,0.2213685611294377,0.053833000926582796,0.22035184695687685,0.21638934792511508,0.04023950403369264,0.16471028703277082,0.1617483678934396,subduction,0.6041872879098447
1104571,IBR001,K-NET,5540123821,140.3582,36.7763,0.9257161522729852,1.1914186801363933,0.03212642441608501,0.06921169818439529,0.06620133276909036,0.0297399499967471,0.06407038693553757,0.06128364304634582,0.035432731972446764,0.07633465583856619,0.0730144771122272,subduction,0.3140043403264845
1104581,IBR002,K-NET,5540055641,140.7073,36.7126,1.175229645869119,1.0109758581325876,0.058155608694100434,0.1471883874717666,0.1435210800834128,0.06834619541087071,0.17298015648449092,0.16867022812118268,0.06909635355560254,0.1748787621418175,0.17052152861623196,subduction,0.3923240883496471
1104591,IBR003,K-NET,5440750143,140.6453,36.5914,1.0663455626297371,0.912105968587832,0.03544882299256118,0.10114552879933515,0.09934580106356401,0.03780069509856461,0.10785608581500933,0.1059369541300281,0.03447823961616959,0.09837617962039141,0.09662572815601402,subduction,0.44754769612411327
1104601,IBR004,K-NET,5440633224,140.4094,36.5273,1.1133556353635112,1.0074463589951408,0.04367302799630863,0.1372457465087466,0.1351955050909332,0.04862361183307861,0.15280332530518498,0.15052067746880676,0.04898568070242809,0.15394115372105865,0.1516415084694313,subduction,0.4907489486047218
1104602,IBR004,K-NET,5440636222,140.4102,36.5516,0.9924411631976603,0.961749618724848,0.04398803872882177,0.1314810868135398,0.12917346902357074,0.04365554032281561,0.130487242735722,0.1281970678520295,0.04198569926069514,0.1254960559495373,0.12329348112833284,subduction,0.4678387241955376
1104611,IBR005,K-NET,5440416822,140.2373,36.3851,0.9787545068309439,0.991614461815113,0.01834133980513223,0.06931772827622072,0.06870935538639597,0.017951668995590957,0.0678450389536338,0.06724959124588405,0.017801134589745977,0.06727612178883295,0.06668566723057365,subduction,0.5735848171197719
1104621,IBR006,K-NET,5440434613,140.4528,36.369,1.1938659775899088,0.9935760117297516,0.04458679569475815,0.1765673293122524,0.17529400967710687,0.05323065842972398,0.21079772721981158,0.2092775542288141,0.052888705304353835,0.2094435650927565,0.20793315767522194,subduction,0.5945608130343496
1104622,IBR006,K-NET,5440433634,140.4543,36.3665,1.080043030155248,1.1974896574017582,0.044912849953857845,0.17936073990608414,0.17809884109252397,0.048507810557072616,0.19371731701905442,0.19235441200070758,0.05808760144529827,0.23197448358993525,0.23034241892644394,subduction,0.5982904792934407
1104631,IBR007,K-NET,5440442723,140.5954,36.3526,1.0568273078631378,1.1145869300833946,0.03738110363885731,0.14839277429091483,0.14740048844406603,0.03950537112360652,0.15682553616020978,0.15577686138005387,0.04403217032246577,0.1747956929074906,0.17362685370362074,subduction,0.5958468033235341
1104641,IBR008,K-NET,5439376841,139.9826,36.3061,1.1344801194871368,1.2763253502205387,0.03329856780857887,0.12223042527264662,0.12088858070798897,0.03777656318622708,0.1386679874682757,0.1371456914862297,0.04821518523878959,0.17698546766982423,0.1750425227174001,subduction,0.5599597241373745
1104651,IBR009,K-NET,5439252612,139.7037,36.185,1.24736956791659,0.8872713802171142,0.039759591705628324,0.12692672829151647,0.12527825506161636,0.04959490472638964,0.1583245382260553,0.15626828288555275,0.044004139568320014,0.14047683155406934,0.13865237504002284,subduction,0.49843377974057124
1104661,IBR010,K-NET,5439272711,139.9652,36.1844,1.5624211759025484,1.374146775921181,0.03269353958793268,0.12417991872861782,0.12288385942192288,0.0510810785673943,0.19402133464344995,0.1919963441374442,0.07019289942396141,0.2666137914602213,0.26383115728512246,subduction,0.575032900510223
1104671,IBR011,K-NET,5440105711,140.0901,36.1256,1.2745505284771792,0.8673193709646783,0.029172490096006285,0.11939704180326616,0.1184111801685591,0.03718181266886009,0.15217756272896474,0.1509210322614435,0.03224850637528224,0.13198654798102358,0.1308967347663351,subduction,0.6084192085466691
1104681,IBR012,K-NET,5440222244,140.2869,36.1901,1.3375753280795246,1.132171475071714,0.021740573998256286,0.0927975710359807,0.09216896697649045,0.029079655398354835,0.12412374152343487,0.12328293624233008,0.032923156346932526,0.14052935953200743,0.13957742377665092,subduction,0.6273137137572793
1104682,IBR012,K-NET,5440223123,140.2713,36.1954,1.2139532216368025,0.9472084073679428,0.02011278061315536,0.08599315770421091,0.08539745988691348,0.024415974821414173,0.10439167083374847,0.10366852154931823,0.02312701662492751,0.0988806682729134,0.09819569519091897,subduction,0.6279728365482861
1104691,IBR013,K-NET,5440139911,140.4892,36.1587,1.1793862252226304,1.1674330109604287,0.03915674567767791,0.16842173423136342,0.16746299704792156,0.04618092647679909,0.19863427338057676,0.19750355195281669,0.05391313804575175,0.23189220785262368,0.23057216633165625,subduction,0.6311122690543656
1104701,IBR014,K-NET,5440018541,140.1948,36.0729,1.34348876370735,1.0982820492595484,0.03214874600398709,0.13667756063487532,0.13568007423534031,0.04319147902363822,0.18362476696388502,0.18228465519415885,0.04743642609263218,0.20167178535590266,0.20019996465521098,subduction,0.6253520350578062
1104711,IBR015,K-NET,5439078223,139.9082,36.0698,1.2538110381295802,1.0681312243776289,0.03597580213426603,0.1349000933040335,0.13358211009875953,0.04510685782150846,0.16913922602930745,0.16748672413846558,0.04818004327271545,0.18066288858896867,0.1788977997210174,subduction,0.569737813453737
1104721,IBR016,K-NET,5340609324,140.0494,35.9114,1.2075891835813795,0.9767060272221356,0.04001302177603973,0.16006199874574906,0.158733716406724,0.04831929229915177,0.1932891383877829,0.19168511900243407,0.04719374401968966,0.188786666459921,0.18722001105846967,subduction,0.5984678339800885
1104731,IBR017,K-NET,5340724523,140.3196,35.9538,1.3894552148978154,0.9715984781041586,0.037986539745988694,0.1609479281915843,0.15989609091789755,0.052780595745987126,0.22362993815279592,0.22216845736764798,0.051281546500231916,0.2172785075677836,0.2158585350611554,subduction,0.6242081116158874
1104741,IBR018,K-NET,5340757012,140.6306,35.9766,1.1458172645729696,1.1325882859257606,0.06191344648784244,0.22662224103032128,0.22452682618427292,0.07094149589498455,0.2596676763087589,0.2572667138017142,0.08034750723670993,0.2940965684208625,0.29137726641043665,subduction,0.5594832571805736
1104751,IBR019,K-NET,5540255232,140.6544,36.8808,0.9679974025329854,1.1256767448228897,0.03892976704583114,0.08164289538221513,0.07823785900383923,0.037683913381578754,0.07903011066525652,0.07573404429545831,0.04241990494756331,0.0889623577166587,0.08525205245478405,subduction,0.30313515245333367
1104801,ISK001,K-NET,5637119433,137.1767,37.5,0.8225188945905784,0.829456799074466,0.026967588320170495,0.031648055146252796,0.02486639168319457,0.02218135093488043,0.026031123334837515,0.02045307699971755,0.018398472345593334,0.021591692237626966,0.0169649437794093,active_shallow,-0.03522933958212308
1104811,ISK002,K-NET,5637123331,137.2877,37.4473,1.1948150302817984,1.1572373757009695,0.03865625876318621,0.04602950039004145,0.036453008927615445,0.04618707898471736,0.05499673890238343,0.043554602965711516,0.05344941407556772,0.06364428179950561,0.05040301443573766,active_shallow,-0.02548643781477202
1104822,ISK003,K-NET,5636077221,136.9078,37.3924,1.3121531858611872,0.6411753668121385,0.020441894020893987,0.02457851559910877,0.018765704904325126,0.0268228963645528,0.03225077754710946,0.02462347947514112,0.017198180415506116,0.020678404123744592,0.015787968484664773,active_shallow,-0.037156249750057914
1104831,ISK004,K-NET,5537716144,137.1471,37.308,1.1948150302817984,0.7813763969709779,0.028951864296166377,0.03518565463231582,0.02719293540607649,0.034592122615738546,0.04204034900499533,0.03249052794066227,0.027029468133064068,0.03284933643292569,0.02538733165795957,active_shallow,-0.027220443401378386
1104841,ISK005,K-NET,5536677232,136.9041,37.2309,1.3121531858611872,0.8160801703234245,0.02360965263367205,0.027710380201190012,0.020315581773592408,0.030979480920348752,0.036360263662416244,0.026657155346842747,0.02528174006600949,0.02967289016262927,0.021754375875789416,active_shallow,-0.0652603337448433
1104852,ISK006,K-NET,5536559511,136.6896,37.1603,0.9913341192646966,0.6947655444701228,0.030064150346958442,0.035279488918234056,0.02656827764833047,0.029803618005643472,0.03497376107486618,0.026338040122887613,0.020706526890870443,0.024298564155347393,0.018298762786253954,active_shallow,-0.05368553346081326
1104861,ISK007,K-NET,5536475712,136.968,37.0426,1.3246559832840863,1.0791676824574317,0.04507899231643833,0.053724931551549206,0.03794807605043517,0.05971415689238739,0.07116705203128765,0.05026814599432848,0.06444158830345717,0.07680118260793214,0.054247758614131295,active_shallow,-0.07478443711741067
1104871,ISK008,K-NET,5536267212,136.7784,36.8937,1.3477677756676079,0.9095040791695408,0.06034438875660904,0.06820355575043466,0.046303936614440204,0.08133022260851637,0.091922554626385,0.062406953655497976,0.07397016922221245,0.0836039384003821,0.056759378918219895,active_shallow,-0.1150189776392179
1104881,ISK009,K-NET,5536057544,136.6989,36.7318,1.3477677756676079,0.9781921936848876,0.08512108620171006,0.08747032880749288,0.04601373557738882,0.11472345701248948,0.11788969049378896,0.0620158300492948,0.112221590082161,0.11531877495695186,0.06066340083910885,active_shallow,-0.2671496644299174
1104891,ISK010,K-NET,5436655112,136.6435,36.5421,1.0314128591697123,0.7436440086949695,0.11976750470344104,0.12248698587183188,0.06273035134322118,0.12352974446179808,0.12633465230914626,0.06470089103563235,0.09186215436463674,0.0939480072802587,0.04811442997587406,active_shallow,-0.2808612813775523
1104901,ISK011,K-NET,5436437532,136.4409,36.3976,1.3698846327881078,0.8978363863974815,0.061850519800339565,0.07662412750531528,0.06027757695033473,0.08472807660444176,0.10496621477032797,0.0825733263659662,0.07607195012494099,0.09424248696321322,0.07413733695723898,active_shallow,-0.01118756771136974
1104911,ISK012,K-NET,5436442834,136.6049,36.3579,0.911396453033604,0.8380873729688118,0.04538222532669158,0.05342009758684158,0.03843708096036873,0.041361199193518494,0.0486868874613564,0.03503141925224553,0.03466429877493565,0.04080386561051637,0.029359390132483513,active_shallow,-0.07213538930674768
1104922,ISK013,K-NET,5436241942,136.6246,36.1804,0.8754504271233118,0.7795098222325492,0.025959588646479688,0.03653519805438146,0.03267640835555465,0.022726332968506117,0.03198475474174304,0.028606575651726075,0.017715399772277925,0.0249324304828878,0.02229910670095896,subduction,0.09993650839144835
1104931,ISK014,K-NET,5436326513,136.3154,36.3031,1.4398400333129393,1.2924303680574551,0.03880586132879219,0.05352134520962817,0.0465632198559141,0.055874232668385454,0.07706217546958434,0.06704358802849707,0.0722135550925293,0.09959749580546308,0.08664916915156286,subduction,0.07914567681883339
1104941,ISK015,K-NET,5536677221,136.9087,37.2265,1.3121531858611872,0.6208757196748131,0.02360965263367205,0.027710380201190012,0.020315581773592408,0.030979480920348752,0.036360263662416244,0.026657155346842747,0.019234407511573674,0.02257520486896864,0.016550780510454284,active_shallow,-0.0652603337448433
1104991,IWT001,K-NET,6041459721,141.7193,40.4101,1.339536586703612,0.9519284287180492,0.02010951752127383,0.07224489504570877,0.07149070273742818,0.026937434460703628,0.09677468011628942,0.09576441192593711,0.025642509659873036,0.09212256918279123,0.09116086617176532,subduction,0.5508479152165263
1105001,IWT002,K-NET,6041261133,141.7643,40.182,0.9369967861328239,1.2236856083920418,0.03260485486888999,0.11785829003788245,0.11669928059021174,0.030550644224477078,0.11043283898460607,0.10934685085704104,0.03738438366459805,0.13513507575933806,0.13380616771675213,subduction,0.5537859073706304
1105011,IWT003,K-NET,6041070133,141.8885,40.0083,1.1707678697504191,1.0682767033975498,0.02163776620966385,0.08043542902010371,0.07976541428520444,0.025332801451445747,0.09417121588632786,0.09338678416244844,0.027062441622375127,0.10060091606198529,0.09976292592595894,subduction,0.5666022011271186
1105021,IWT004,K-NET,5941478723,141.9697,39.7369,1.3121531858611872,0.9216731474080362,0.020778838849148284,0.08415333472694549,0.08358791228401136,0.027265019594406126,0.1104220662628044,0.10968014540295097,0.025129436423718073,0.10177305335573766,0.10108924482170888,subduction,0.6045222033909122
1105022,IWT004,K-NET,5941478714,141.9671,39.7356,1.1328915764351966,1.351139650206021,0.020778838849148284,0.08415333472694549,0.08358791228401136,0.023540171500304505,0.09533660404108804,0.09469604171836056,0.03180605908671117,0.12881306583590563,0.12794757668324044,subduction,0.6045222033909122
1105031,IWT005,K-NET,5941377541,141.9465,39.6478,1.3121531858611872,0.8718909746690916,0.022953536630755663,0.09404112515486941,0.09343658639800545,0.030118556216827505,0.12339636197393253,0.12260311451813692,0.026260097335515563,0.10758817431207206,0.10689654901468465,subduction,0.6096673534177678
1105041,IWT006,K-NET,5941177731,141.9652,39.4806,0.760306970403065,1.366790291479837,0.019719261929405048,0.08035001759010467,0.0798204993550295,0.014992692296130452,0.06109067844576547,0.06068808204068228,0.020491866273495647,0.08349814619958879,0.0829478813417364,subduction,0.6072237846540376
1105042,IWT006,K-NET,5941178722,141.9748,39.485,1.1948150302817984,0.9189574859696086,0.019722229303584814,0.08046832506513438,0.07994005088383903,0.02356441600258726,0.09614476424942413,0.09551357431750263,0.021654696488079602,0.0883529508437915,0.08777291413078359,subduction,0.6078084164760917
1105051,IWT007,K-NET,5841762823,141.8567,39.2699,1.1808438112239532,0.9325439064728908,0.018721459417844016,0.07587529890431492,0.07537712674562669,0.0221071194906415,0.08959687713592787,0.0890086136254168,0.02061585957066581,0.0835530218121098,0.08300444025998235,subduction,0.6048998779903038
1105061,IWT008,K-NET,5841459643,141.7093,39.0815,0.9817510954668872,1.1275179610643014,0.018006179480250645,0.07328183426552391,0.0728152121264652,0.017677586429909457,0.07194452106800098,0.07148641427181099,0.019931796207989474,0.08111873970434014,0.0806022160635503,subduction,0.6068005442957546
1105071,IWT009,K-NET,5841432214,141.4053,39.019,0.9904314863945839,1.1524658739640836,0.018716727934615797,0.062016213487786354,0.06126752764705583,0.018537636668724555,0.06142281050527208,0.060681288475194765,0.021363993644650286,0.07078769299028868,0.069933114155832,subduction,0.515000427913455
1105081,IWT010,K-NET,5841302912,141.1173,38.9334,0.970602082356506,1.2404312597557745,0.039682419582630156,0.0909388221258024,0.08774116543365981,0.038515839079845425,0.08826541012235171,0.0851617578782969,0.04777625079036335,0.10948717387092882,0.10563730660799207,subduction,0.34460525386473684
1105082,IWT010,K-NET,5841312011,141.1264,38.9346,0.9725713855589811,1.5075781713326089,0.037730560385044846,0.08760949967624011,0.08463805682878456,0.036695663391599874,0.08520649248824996,0.08231655220099078,0.055321581111745094,0.12845544813110155,0.12409863723757492,subduction,0.35087242849824757
1105091,IWT011,K-NET,5841517213,141.1527,39.1453,1.1022001256606346,1.040593236809627,0.04015061208465684,0.09822244089469902,0.09525943110032478,0.044254009685060165,0.10826078669683152,0.10499495692913854,0.046050423179981335,0.11265544244841251,0.10925704207957965,subduction,0.37521581316850317
1105101,IWT012,K-NET,5841718113,141.1388,39.3206,1.3797067192330965,0.889166868986129,0.026970035639081645,0.0676061448098994,0.06584703237089119,0.03721073938919703,0.09327665225566394,0.09084959300367779,0.03308655663535114,0.08293850883567665,0.0807804481597443,subduction,0.38765468637983036
1105111,IWT013,K-NET,5941040313,141.5378,39.3367,0.9708825777692678,1.2747849447813786,0.01753121606256979,0.06385499635451454,0.06325624958574029,0.01702075224225775,0.06199570346411827,0.06141439065781971,0.02169779870728407,0.07903118941718873,0.07829014060351071,subduction,0.5572913971406829
1105112,IWT013,K-NET,5841749513,141.5638,39.329,0.9614077078791216,1.1346784149104727,0.017529961811627828,0.06477653429050695,0.06419268557560431,0.016853440404525643,0.0622766593565896,0.06171534270184689,0.01912323504399527,0.07066398112465455,0.07002706723258824,subduction,0.5637045752783402
1105121,IWT014,K-NET,5941118121,141.1466,39.4846,1.4010771322239164,0.7760552855474723,0.026253032381088344,0.0683804663162242,0.06689032442271316,0.03678252332067687,0.09580630764646951,0.09371850391570234,0.028545271638784446,0.07435099143782987,0.07273074031738228,subduction,0.4061838280860047
1105131,IWT015,K-NET,5840768212,140.7794,39.3183,0.8959510842452514,0.7802377318873738,0.03714536564474107,0.06281029709431865,0.0569735128713679,0.033280430624092076,0.05627495378342116,0.051045480630362856,0.025966647706376696,0.04390784230204331,0.039827610030135185,subduction,0.1857683602658965
1105141,IWT016,K-NET,5941351434,141.679,39.6,0.9034513038304034,1.2009785172267813,0.017889768677377085,0.06954648121427807,0.06897744897595,0.01616253483680064,0.06283185912985619,0.06231776621221715,0.01941085712292703,0.07545971301237668,0.07484229846243376,subduction,0.5861024036361155
1105151,IWT017,K-NET,5941336511,141.4379,39.6339,0.8774288490833836,1.0835602788846683,0.017652093222456193,0.06036919845207079,0.059697185073394075,0.015488455840092332,0.052969676317886856,0.05238003239246591,0.01678267552958332,0.05739583724344009,0.056756922507168316,subduction,0.5291576408073855
1105161,IWT018,K-NET,5941413124,141.1477,39.6954,1.0672489622946728,1.0977699302072443,0.019429295427082643,0.05072122488311503,0.049480169068948116,0.020735895382670583,0.05413217462281925,0.052807659092999844,0.022763242427019006,0.05942467355765865,0.05797066023693039,subduction,0.4059741230245429
1105171,IWT019,K-NET,5941661321,141.7952,39.8428,0.9294784414610243,1.2119224219853468,0.019063808742027094,0.07513273136086228,0.07458820290313206,0.017719399237850392,0.0698342540480041,0.06932812658578184,0.021474537240460955,0.08463369830339713,0.08402031108354745,subduction,0.592460471275174
1105172,IWT019,K-NET,5941661434,141.8034,39.8491,0.9265122837606307,1.2094638418989383,0.01917265325060036,0.07570875885241138,0.07516453630954506,0.01776369874896442,0.07014509506503053,0.06964086619396544,0.02148455133525787,0.08483795616771808,0.08422810958012333,subduction,0.5933307647887791
1105173,IWT019,K-NET,5941556223,141.6584,39.803,0.8794226275694926,1.1421803507922377,0.018071645261123828,0.06884687431487817,0.06827310039615975,0.015892613760041287,0.06054549910993677,0.060040909342706575,0.0181522311594495,0.0691538794122787,0.06857754689493753,subduction,0.5772519323653323
1105181,IWT020,K-NET,5941524612,141.3296,39.7844,0.907951627072723,1.458908025541418,0.018227162180765092,0.056444157790886795,0.05559934330275884,0.016549381558944067,0.05124856490498518,0.0504815142159148,0.024144025574090643,0.07476694263736314,0.07364788623108127,subduction,0.4843506042163143
1105191,IWT021,K-NET,5941700623,141.0822,39.9203,1.1674153344733298,1.0396892313493602,0.026957605298445445,0.0634783845655754,0.06137297650063987,0.0314707218060847,0.07410563954944786,0.0716477538891183,0.03271977056457775,0.0770468354218182,0.07449139816888554,subduction,0.3572958761773196
1105201,IWT022,K-NET,6041102411,141.0528,40.1009,0.9574552658322301,1.1228563562799423,0.03865338316346561,0.09021287595662128,0.0866458066720032,0.03700888525209101,0.08637479313053682,0.08295948386039083,0.04155566204414541,0.09698648548898836,0.09315158376634312,subduction,0.35056003751909687
1105211,IWT023,K-NET,6041034613,141.4501,40.037,0.9374943638144795,1.1466550801228654,0.0184777166514559,0.0616697649044271,0.06028620374949652,0.017322755216900864,0.057815057015664396,0.056517976230924326,0.019863225271184247,0.06629392883460469,0.06480662456345274,subduction,0.5135696339107166
1105221,IWT024,K-NET,6041321331,141.2901,40.2632,0.9272308056343959,1.0295616838490227,0.03104687125572953,0.09105619146191615,0.08827827035735955,0.02878761544687746,0.08443010576723231,0.0818543317434655,0.029638625833485296,0.08692600186126279,0.08427408362013884,subduction,0.45383597465950004
1105222,IWT024,K-NET,6041321314,141.2908,40.2612,0.9261139257877383,1.054092618542697,0.03104687125572953,0.09105619146191615,0.08827827035735955,0.028752939822070167,0.08432840694207511,0.08175573552240559,0.030308261627846535,0.0888899512911061,0.0861781173376967,subduction,0.45383597465950004
1105231,IWT025,K-NET,5940262612,140.8299,39.5169,1.007546765087944,0.809883345814973,0.024,0.044112484895453594,0.04106820371890503,0.024181122362110657,0.04444539145640506,0.04137813580495543,0.01958388828418744,0.035995582338769545,0.03351146306930364,subduction,0.23329446596240294
1105241,IWT026,K-NET,5841700744,141.0983,39.2569,0.993451240522055,1.3080569719846682,0.034701421994259,0.07982507788082577,0.07704079374710018,0.034474170728075924,0.07930232264547601,0.07653627211886045,0.04509417937424948,0.10373195603099254,0.10011380435479118,subduction,0.34637347698476895
1105271,KGS001,K-NET,4830213413,130.1763,32.1947,0.9040371736481994,0.7841620706280503,0.03292714637516379,0.04319099794527183,0.03545127031147231,0.029767364345303627,0.03904626770948873,0.03204926621462175,0.02334243806215289,0.03061860213736986,0.02513181895696741,subduction,0.032077707407193436
1105282,KGS002,K-NET,4830120833,130.3519,32.0916,1.153481861112322,0.6208567913976076,0.04252744821116283,0.058724110679997756,0.04865325060035792,0.04905464011097,0.0677371964793298,0.05612064205166505,0.030455906462461216,0.042055098464426025,0.03484288175537042,subduction,0.05844253709522274
1105291,KGS003,K-NET,4830046642,130.5874,32.0559,0.994261836007014,0.7468845035298456,0.037477160906119834,0.05947834377692689,0.05301537222191064,0.03726211081084899,0.05913704728630368,0.052711161321952124,0.027830493133435042,0.04416854420265193,0.03936914955442781,subduction,0.1506351315940985
1105301,KGS004,K-NET,4830011532,130.1927,32.0145,1.3121531858611872,0.7744554290080214,0.026763930598114546,0.035605400417063934,0.0287691209536386,0.035118376800483714,0.04671973959111369,0.03774949371374273,0.02719761757108396,0.036182355968178995,0.02923530034891223,subduction,0.031376697102174174
1105311,KGS005,K-NET,4730638611,130.4513,31.9006,0.994261836007014,0.7669259947061707,0.03197847379074404,0.05031744785426216,0.04452621435454513,0.03179497606388735,0.050028718086765886,0.0442707156345919,0.024384393644455694,0.03836832438256752,0.03395236262441342,subduction,0.14375804001972192
1105321,KGS006,K-NET,4730658631,130.7021,31.906,1.1077299144116648,0.7493764815664495,0.027864551095430144,0.054502444769620614,0.050838665599363696,0.030866396800060293,0.06037398847987833,0.056315510693186396,0.0231305518326631,0.045242847065184576,0.042201519260877784,subduction,0.2611420919173442
1105331,KGS007,K-NET,4730527432,130.3032,31.8143,1.436260723037284,0.7711226427761129,0.031825801879336986,0.04949832001753912,0.04279062676857031,0.04571014921845789,0.0710924928975216,0.06145849654184535,0.03524813106702772,0.054821031004678895,0.04739203827439438,subduction,0.1285692928878905
1105341,KGS008,K-NET,4730541523,130.5699,31.7621,1.0887775189466204,0.826704797631213,0.03482403267170746,0.06715642956565189,0.06230447706403308,0.0379156238920177,0.07311841076380393,0.06783571395704456,0.03134502817671168,0.060447340973606434,0.05608011017902737,subduction,0.2526401936340002
1105351,KGS009,K-NET,4730468024,130.7613,31.7368,1.4754387028388118,0.8887154561517696,0.03217781811321909,0.07868850218984058,0.0741920635487144,0.047476398217151196,0.11610006159930739,0.10946584200324987,0.04219300889799859,0.10317991920347701,0.09728398570895574,subduction,0.36280085806228196
1105361,KGS010,K-NET,4730425124,130.2735,31.7123,0.994261836007014,0.790938143926413,0.03608415717905707,0.05970852431768239,0.0522965742633825,0.03587710036761496,0.05936590701336834,0.05199648794398784,0.02837656717422301,0.04695476030566158,0.041126005665109856,subduction,0.16115667503122116
1105371,KGS011,K-NET,4730320744,130.349,31.5896,1.3121531858611872,0.7161038852036442,0.022780959858871276,0.04200906527713338,0.0383470808074113,0.02989210905579377,0.05512232883844114,0.05031724424992113,0.021405855431784953,0.03947331384268058,0.036032374100109246,subduction,0.2261602898324192
1105381,KGS012,K-NET,4730342542,130.574,31.6057,1.3509354856669824,0.84265239287982,0.031050746177338846,0.0659032289313884,0.061778221920839434,0.04194755486740545,0.08903101058344752,0.08345839223427184,0.03534720748447674,0.07502219410865063,0.07032641392211175,subduction,0.29876336330879594
1105391,KGS013,K-NET,4730371941,130.9938,31.5973,1.091696575367961,0.7547646287237828,0.014013042170363988,0.04718198365394911,0.04642802588039749,0.015297990147873187,0.05150840997408336,0.050685316854725,0.011546381854179593,0.03887672593024142,0.03825548435760381,subduction,0.5202477888977349
1105401,KGS014,K-NET,4730159542,130.6994,31.4963,1.1948150302817984,0.9935047468380072,0.0318790208684923,0.0786545456399484,0.07472570143729,0.03808953328434171,0.09397763333059604,0.08928339122562427,0.03784213212283776,0.09336722481054889,0.08870347299645259,subduction,0.3699650263596886
1105411,KGS015,K-NET,4731101042,131.0109,31.4308,1.314252892523041,0.7681910466445563,0.02604403134607639,0.09138344898614716,0.09013633605767515,0.034228443529541644,0.12010096215877566,0.11846194038522845,0.026293983859972687,0.09226048382376813,0.09100140197207367,subduction,0.539191691120261
1105421,KGS016,K-NET,4730029544,130.3225,31.4162,1.3797067192330965,0.6492975797544639,0.020623699224505822,0.040025299159243986,0.037227626151642,0.028454656395493085,0.05522317418932374,0.051363205942518204,0.018475539530338536,0.03585627334748708,0.03335000530690717,subduction,0.2564987776618878
1105431,KGS017,K-NET,4730067923,130.8702,31.3954,1.2030847418416775,0.7752126785875854,0.01909119831950768,0.058366394232485096,0.0571865723769075,0.022968329401673166,0.0702197183374189,0.06880029266488216,0.017805340158153046,0.05443521594201629,0.0533348591643531,subduction,0.4764608776617145
1105441,KGS018,K-NET,4730045321,130.5449,31.3757,1.1948150302817984,0.8234998492512627,0.02605552354779665,0.05393703252384861,0.04935794588366058,0.03113153115676876,0.06444477714829253,0.05897361560563329,0.025636811214560063,0.05307026426665012,0.048564763561040926,subduction,0.277457273379254
1105451,KGS019,K-NET,4630723413,130.3008,31.2776,0.994261836007014,0.7905188910678935,0.01655211514635477,0.0321883313873749,0.029907338387726697,0.0164571363952142,0.03200362946321356,0.029735725175464196,0.013009677213297799,0.02529947367340735,0.0235066524908076,subduction,0.2569242657085668
1105461,KGS020,K-NET,4630638934,130.4915,31.2396,1.1815749159047175,0.8314233324106585,0.03731516878852616,0.08400856561618901,0.07292099748639955,0.04409066742327313,0.09926241385322447,0.08616162147268067,0.036658009637267806,0.0825290869089738,0.0716367824507219,subduction,0.2909671903235672
1105471,KGS021,K-NET,4630750023,130.6324,31.2535,1.2026957571908452,0.7033012602299411,0.02599945955040712,0.06452274731942101,0.057042272335609004,0.03126943969052964,0.07760123444336463,0.06860449891856167,0.02199183634103364,0.054577045979417455,0.04824963054686805,subduction,0.3412324973358732
1105481,KGS022,K-NET,4631703431,131.0504,31.2804,1.1448302987958547,0.7347755059982565,0.014450388256948091,0.04884164317070559,0.04801671314873071,0.016543242305917992,0.0559153929447994,0.05497098806125623,0.012155569236182657,0.04108526114410632,0.04039133556793366,subduction,0.5215129123199139
1105491,KGS023,K-NET,4630663744,130.849,31.199,0.9912336879257971,0.7965418684090104,0.018476074908353006,0.056014602336169846,0.05490674185374211,0.018314107869800034,0.055523560851378606,0.05442541221967451,0.01458795370085468,0.0442268409012785,0.04335211953839012,subduction,0.4730159592389886
1105501,KGS024,K-NET,4630550542,130.6982,31.0888,0.994261836007014,0.7777173055032942,0.018280269001136985,0.050848577240953846,0.04936618519066144,0.018175373819772564,0.05055679976593524,0.049082913924329306,0.014135302753628634,0.03931889808883273,0.03817263156347951,subduction,0.43144698582731905
1105521,KGS026,K-NET,4530672614,130.9553,30.5199,1.139291809015191,0.7269805792840669,0.03187425879377769,0.09516565799737933,0.09133406412995262,0.03631408196218134,0.10842145465595526,0.10405615114732318,0.026399632341035675,0.07882029191260755,0.07564680103915143,subduction,0.4571926886151481
1105531,KGS027,K-NET,4530471043,130.8829,30.3488,1.0937980651234642,0.7373988769776744,0.03308084819994595,0.10193124053575892,0.09810284857724096,0.03618376775374391,0.11149219367364753,0.10730470595688635,0.026681869706431747,0.08221421840672506,0.07912636966702756,subduction,0.4721049815905388
1105541,KGS028,K-NET,4530540613,130.5769,30.4208,1.1129079454453994,0.8371897043146251,0.02585410920140925,0.07606844335221509,0.07284492665691139,0.028773243552661365,0.08465717500434344,0.08106969766186406,0.024088663262025262,0.07087411530999776,0.06787071621441203,subduction,0.4498697315440916
1105542,KGS028,K-NET,4530540613,130.5771,30.4204,1.1129079454453994,0.7603307226828703,0.02585410920140925,0.07606844335221509,0.07284492665691139,0.028773243552661365,0.08465717500434344,0.08106969766186406,0.021877181064325252,0.06436745105134267,0.0616397818109269,subduction,0.4498697315440916
1105551,KGS029,K-NET,4530248414,130.5553,30.2363,1.1083175290572642,0.6769162134071391,0.02237894693906686,0.07570581187255587,0.07084918907068163,0.024802979174410208,0.08390607834986522,0.0785233981665288,0.016789538743957888,0.0567973848384335,0.053153761350747765,subduction,0.5004952371754317
1105561,KGS030,K-NET,4229554412,129.6784,28.451,1.1815749159047175,0.773993916690355,0.04804388858580658,0.14110241519785044,0.135075586464287,0.05676745361551003,0.16672307437135267,0.15960192471732032,0.04393766376440666,0.1290426453353406,0.12353091882327794,subduction,0.4489387106463428
1105572,KGS031,K-NET,4229432132,129.3924,28.3553,0.760306970403065,0.8524786910587888,0.03311573269159193,0.10388858580657004,0.10021952450632989,0.025178122395422,0.07898721593405213,0.0761976030526434,0.021463812822967325,0.06733491844983866,0.06495683291213462,subduction,0.4809179695585335
1105581,KGS032,K-NET,4229126541,129.3206,28.1388,1.3121531858611872,0.7809266402569227,0.033982328318029095,0.12726007352153895,0.12439671039549693,0.044590020365482715,0.16698471090421627,0.16322753985610278,0.03482153479300418,0.13040280926070313,0.1274687342972293,subduction,0.5635557643420602
1105591,KGS033,K-NET,4128472532,128.9421,27.6883,1.0550824722180738,0.7090851319115603,0.023121922369004705,0.09061757073006584,0.08881580356186874,0.024395535015523866,0.09560901055227403,0.09370799759409128,0.01729851116453583,0.06779492785939299,0.0664469478351744,subduction,0.5844663107138054
1105601,KGS034,K-NET,4128040522,128.5743,27.334,1.0550824722180738,0.7683859289321481,0.016021434434796797,0.05815248836248872,0.055883966492125244,0.016903934651945184,0.06135567118712737,0.058962193523863504,0.012988745530143227,0.0471448344003763,0.045305719842710944,subduction,0.5425858267350255
1105611,KGS035,K-NET,4028436324,128.4241,27.0522,1.0550824722180738,0.6594520333402906,0.023771563173968686,0.10176015254954547,0.10020913359811966,0.025080959642079004,0.10736535332526276,0.10572890041553533,0.016539689834094765,0.07080230056064325,0.06972313836185787,subduction,0.6248495661966206
1105621,KGS036,K-NET,4729660914,129.8678,31.836,0.8225188945905784,0.9702243768538172,0.020081505916903327,0.028345999908225544,0.023294794858590855,0.016517418048485482,0.02331512051057831,0.01916040891680244,0.01602560163332582,0.022620898268647494,0.01858989580156897,subduction,0.06446261272442562
1105651,KGW002,K-NET,5134526531,134.3142,34.4724,1.2081809782245754,0.7051306807670951,0.02024638383137973,0.09769657324366629,0.09738230690398862,0.024461295822906588,0.11803514143072162,0.11765545081702679,0.017248410176051422,0.08323019963148508,0.08296246813056957,subduction,0.6821325924438104
1105661,KGW003,K-NET,5133361333,133.7896,34.2652,1.3797067192330965,0.5586587613822086,0.02154050567727002,0.11447731896213285,0.11342242253980718,0.02971958041860811,0.15794512617184506,0.1564896784898674,0.016603103985458546,0.08823742855351961,0.08742432995424937,subduction,0.7214430245296866
1105672,KGW004,K-NET,5134401242,134.0375,34.3473,1.1948150302817984,0.8878346354961997,0.02163965268465786,0.11383805886821698,0.11344811938837422,0.02585538227770708,0.1360154237538498,0.1355495182024334,0.022955303900142967,0.12075920417036039,0.12034555708494295,subduction,0.7195470149635492
1105681,KGW005,K-NET,5133153042,133.6353,34.1139,1.296008601933174,0.7455432231855581,0.02896559987355519,0.15866478359072672,0.15763028149266062,0.03753966659628199,0.20563092435744734,0.20429020073963577,0.027987444031503304,0.15330674213207698,0.15230717472465274,subduction,0.7357571240030306
1105691,KGW006,K-NET,5134219444,134.1856,34.2499,1.013011765986073,0.8374008366292753,0.0203252690776157,0.10443892664671423,0.1038119031473541,0.020589736722457598,0.1057978615200779,0.10516267933767634,0.017241862757362506,0.08859521775050146,0.08806331565954638,subduction,0.7082108491400483
1105701,KGW007,K-NET,5134237213,134.4009,34.2271,1.1948150302817984,0.8856431919095287,0.029610009534346594,0.15005032299511048,0.1486488250319936,0.035378484438424666,0.17928238121319656,0.17760785038195517,0.03133271388296801,0.1587802203507963,0.1572971835204648,subduction,0.7007229335205738
1105711,KGW008,K-NET,5133179342,133.9241,34.1645,1.0423022740450787,0.8524590276927776,0.020285734680038546,0.106967312996793,0.10603213125787093,0.02114386738767929,0.11149227358504905,0.11051753153192515,0.018024280634966118,0.09504259513556806,0.0942116674727108,subduction,0.7182467498750631
1105721,KMM001,K-NET,4931504541,131.0689,33.1211,0.994261836007014,0.9544131810433226,0.050851259094593974,0.08243252282889672,0.07466157148465583,0.05055946623065937,0.08195951149454896,0.07423315114350282,0.04825462099705606,0.07822323808226923,0.07084909792174028,subduction,0.16679541609066192
1105731,KMM002,K-NET,4930452424,130.6846,33.0189,1.1204507721470556,0.7491659955691615,0.03122788108069524,0.03938360194357911,0.03274824736275894,0.03498930346938141,0.04412738720761549,0.036692799044066034,0.02621279636791064,0.03305873796925914,0.027488997326066907,subduction,0.020645545305057994
1105741,KMM003,K-NET,4930342322,130.5477,32.9335,1.1872939137212823,0.8272897050115102,0.039480893067459326,0.04441321960098505,0.03248715922358808,0.046875424047275224,0.05273154532101631,0.03857180642026035,0.03877955573235977,0.043624264573424665,0.03191005835517826,active_shallow,-0.08467523098662251
1105751,KMM004,K-NET,4931301943,131.1203,32.9318,1.1524721846733348,1.0368402038506943,0.06032135336735787,0.10952945195352133,0.10238583002350446,0.06951868189773114,0.1262296467789478,0.1179968212067809,0.07207976431027513,0.13087997269828536,0.12234384815377264,subduction,0.22976877860180722
1105761,KMM005,K-NET,4930275011,130.8771,32.8761,1.119080165140644,0.7326242542436926,0.05276614338229671,0.07025692769702192,0.059235141460131646,0.0590495444500955,0.07862313424945758,0.06628887188733353,0.04326112846618099,0.057601215095810586,0.0485648353311134,subduction,0.05022407669229569
1105771,KMM006,K-NET,4930164141,130.7696,32.7875,1.2032793953992689,0.8380507892795692,0.0707114152131462,0.08247601372538023,0.06113555597477222,0.08508558894550122,0.09924168793041732,0.07356315483072208,0.07130604497209429,0.08316957489952294,0.061649659967781795,active_shallow,-0.0631956631778818
1105772,KMM006,K-NET,4930165211,130.7772,32.7934,1.1793862252226304,0.9536241209916306,0.06936475758796327,0.08183234845742429,0.06155607674384219,0.08180783961515081,0.09651194454830457,0.07259838899043458,0.07801392914322249,0.09203611828506994,0.06923157488641166,active_shallow,-0.05186794044038596
1105781,KMM007,K-NET,4931109922,131.1224,32.8268,1.137680172551702,0.9052957313564058,0.04026229140430219,0.07687959700815264,0.07245133659302616,0.04580561063217342,0.08746439318994041,0.08242644911675545,0.04146762377748019,0.07918114180053135,0.0746203125362647,subduction,0.2551479140215006
1105791,KMM008,K-NET,4930052241,130.6582,32.6878,1.3512247223294995,0.7807059625022822,0.07420088409395666,0.07946925810546926,0.050747462181274954,0.10026206900645997,0.10738082621729403,0.06857122549482003,0.07827519508615856,0.08383285128626283,0.053533964599894505,active_shallow,-0.164994751281916
1105801,KMM009,K-NET,4930072913,130.9892,32.6856,0.994261836007014,0.937860407476919,0.027774775280039566,0.04580620293372355,0.04166458474606517,0.027615399064614365,0.045543359429393845,0.04142550652609259,0.025899389419376955,0.042713313632319096,0.03885134243049896,subduction,0.1761165039068296
1105802,KMM009,K-NET,4930072824,130.9856,32.6858,0.994261836007014,0.8941783111641801,0.03037528615786227,0.04935310223164893,0.044649212524154526,0.03020098778455458,0.049069906037481126,0.044393008020533246,0.027005068252683048,0.043877245709579876,0.03969526493929832,subduction,0.1672934256591192
1105811,KMM010,K-NET,4830733842,130.4873,32.6134,1.296008601933174,0.8990553590799608,0.06699584465643212,0.07013581600240654,0.04228428668301612,0.0868271909685147,0.09089662084272122,0.05480079926779725,0.07806245135410231,0.08172109409090778,0.04926895226357831,active_shallow,-0.19986885826302184
1105821,KMM011,K-NET,4830763933,130.8635,32.6166,0.994261836007014,0.8521660448006716,0.03074374021709758,0.04457124502251024,0.038520605915373755,0.030567327593974118,0.044315487909199515,0.03829956836152215,0.026048438655883355,0.03776415405499453,0.03263759168821127,subduction,0.09793640809584668
1105831,KMM012,K-NET,4830640833,130.6024,32.5078,1.1948150302817984,0.8140998597028397,0.04893973987039407,0.0595037245134679,0.04667141174611106,0.058473936775228226,0.07109594440643893,0.05576370423872396,0.04760362372498602,0.057879198366722825,0.045397223797255824,active_shallow,-0.020610718719110025
1105841,KMM013,K-NET,4830443041,130.5089,32.3644,1.3121531858611872,0.5786782641708759,0.030404837533714372,0.04044459626885837,0.03322814620691062,0.039895804435455116,0.053069505845052,0.04360041790565909,0.023086834858409896,0.03071016952282084,0.025230614150771578,subduction,0.03856342560283843
1105852,KMM014,K-NET,4830467631,130.8273,32.3961,0.994261836007014,0.7146687766094644,0.02393405495250672,0.04117717059342386,0.038095557606318164,0.023796717420172097,0.04094088923579163,0.037876959049368865,0.01700677092599552,0.029259175223446794,0.027069479985499228,subduction,0.20185805090935346
1105861,KMM015,K-NET,4830235234,130.4059,32.2161,1.3987912884723035,0.6744569626976566,0.051734955361922776,0.07133266711874087,0.05903002554389114,0.07236640486976106,0.09977951334918946,0.08257068548909248,0.048808025629807954,0.0672969875129446,0.055690373742836786,subduction,0.05728889244798657
1105872,KMM016,K-NET,4830263231,130.7757,32.1965,0.994261836007014,0.7893759416953796,0.03905387670611269,0.07315595029903178,0.06722020261761152,0.03882977915701116,0.0727361694591532,0.06683448207134993,0.030651293487889312,0.05741618226213377,0.05275753222279481,subduction,0.23583566635072947
1105881,KMM017,K-NET,4830370344,130.9245,32.2567,1.0494179500924434,0.7233932339999218,0.047097744897594995,0.10490901582089705,0.0989463578286163,0.04942521890441098,0.1100934043289815,0.10383608400161991,0.03575386894441593,0.07964082379960293,0.07511432061181937,subduction,0.32239969961837084
1105891,KMM018,K-NET,4830437113,130.3898,32.3941,0.760306970403065,0.8544445807210562,0.03163059760468662,0.03940485282945756,0.03124652149306848,0.02404896383685773,0.029959784273943524,0.023756948092029155,0.020548506822359744,0.025598975312442967,0.020298995551705747,active_shallow,-0.005305720520410127
1105911,KMM020,K-NET,4830413432,130.1807,32.3636,1.1764893922107644,0.8558699253059476,0.026335109339070937,0.032497172836799516,0.026260221380389838,0.030982976780127593,0.03823257911933443,0.030894871891134962,0.026517398022563712,0.03272211463511849,0.0264419916978025,active_shallow,-0.001236742834398693
1105922,KMM021,K-NET,4829475942,129.9996,32.3793,1.3121531858611872,0.7905090659551876,0.025114458046325706,0.03009950390806239,0.023918565463231584,0.032954016136663405,0.03949515994580532,0.031384821873808685,0.026050448515665965,0.031221281998509296,0.024809986224634442,active_shallow,-0.02118868189602523
1105931,KMM022,K-NET,4830203213,130.027,32.1945,1.3121531858611872,0.7653673185431469,0.024204555072323376,0.030965926182743343,0.025614649243115642,0.03176008405050167,0.04063203869382903,0.03361034360907104,0.024308130366437433,0.031098434502037312,0.025724258563388495,subduction,0.02459130933879338
1105941,KNG001,K-NET,5339253614,139.7061,35.5291,1.335623843860921,1.3212427619778149,0.06252365486685056,0.16023402487087843,0.15763721556290886,0.08350808424549652,0.21401238421534904,0.21054402378566492,0.11033445187599587,0.2827623136181451,0.2781797675044947,subduction,0.40161439797045384
1105951,KNG002,K-NET,5339152023,139.6334,35.4372,1.3862848596325898,1.3299099875992788,0.07861017778752173,0.17020919478109245,0.1645509934585205,0.1089760992798675,0.23595842969528288,0.2281145508690483,0.14492840284190636,0.31380347230999894,0.3033718195174711,subduction,0.3208217301510813
1105961,KNG003,K-NET,5239752243,139.6582,35.2731,1.0092504256054184,1.102706459744534,0.11908021597589391,0.15873575583914995,0.12091254403899396,0.12018175865485607,0.16020412913945986,0.12203103653238856,0.13252520161216835,0.17665812807982992,0.13456441227358606,subduction,0.006631745305291896
1105971,KNG004,K-NET,5239547924,139.6223,35.1442,1.1328915764351966,1.0057198290253622,0.09622383790591078,0.16869695563724618,0.15268292434215558,0.10901117541587209,0.19111536001169824,0.17297319885272047,0.10963470070110463,0.1922085071950857,0.173962575976128,subduction,0.20050779458703574
1105981,KNG005,K-NET,5239748324,139.549,35.3194,1.1628803238797614,1.1789688644643057,0.11828728464868228,0.17779894255428713,0.14879913120178656,0.13755395588311717,0.2067588919030085,0.17303558188496065,0.16217183117009185,0.24376229600478808,0.20400356348683246,subduction,0.09966233305568349
1105982,KNG005,K-NET,5239748323,139.5461,35.3191,1.0091436583615838,0.9943572012671676,0.11828728464868228,0.17779894255428713,0.14879913120178656,0.11936886316802925,0.1794246753420544,0.15015969962199618,0.11869528869820506,0.1784122180113954,0.1493123786592467,subduction,0.09966233305568349
1105991,KNG006,K-NET,5339144313,139.5391,35.4541,1.1921641515111103,0.9373210574125768,0.07134728984923495,0.16230598624402828,0.15820162848679212,0.08505768126573045,0.19349537837578593,0.18860231019263243,0.07972635574505639,0.1813672926636383,0.17678091682021305,subduction,0.34583346875790305
1106001,KNG007,K-NET,5339030931,139.4901,35.3385,1.2103593993853214,0.8836565958992385,0.09164972748084209,0.16658961011150597,0.15341732395874227,0.11092910910754042,0.20163330043839725,0.1856901000820066,0.09802323894010438,0.17817459588532256,0.16408628173065484,subduction,0.22374322519416773
1106011,KNG008,K-NET,5339228633,139.3262,35.5749,1.1081705255735148,0.982325170728022,0.04669146956402034,0.13169471736015867,0.12770273232959267,0.051742110366560186,0.14594020415226253,0.1415164040028586,0.05082757739965939,0.14336073595995366,0.1390151257229238,subduction,0.436962646434314
1106021,KNG009,K-NET,5339123822,139.3621,35.4425,1.3331290218576597,1.352896248103769,0.05739224913706516,0.14364436377356182,0.14064558233443633,0.07651127295430679,0.19149647017281432,0.18749870760610804,0.10351181411752503,0.2590748560219158,0.25366629804460916,subduction,0.38927285097538855
1106031,KNG010,K-NET,5339020813,139.3504,35.3355,1.1871079511045162,1.097745448471291,0.07330200425221661,0.16337964544467276,0.15878663967817758,0.0870173920797034,0.19394927615600777,0.18849688249113244,0.09552294609333617,0.212906935134559,0.2069215948056684,subduction,0.3356981085984833
1106032,KNG010,K-NET,5339020721,139.3446,35.3339,1.194055582136628,1.0570403726655335,0.073826903172847,0.16501679982460882,0.1599594152947235,0.0881534258453983,0.1970392309768967,0.1910004327479757,0.09318173010736329,0.20827842214154904,0.2018951686111984,subduction,0.33579515657767994
1106041,KNG011,K-NET,5339313234,139.1554,35.6151,0.9204416592535856,0.9880884580268832,0.028711619156388778,0.07770377244012991,0.07624830089786012,0.02642737037616352,0.07152178923505621,0.07018211259369303,0.026112579644688744,0.07066985444059043,0.06934613541377124,subduction,0.42417248570447763
1106051,KNG012,K-NET,5339015632,139.2044,35.3793,1.0721991806993811,1.317884918318869,0.06946518943777946,0.14201822232872593,0.1281365196065935,0.07448051920231444,0.1522718216252425,0.13738787133985975,0.09815675296528911,0.2006767372048481,0.18106140359873435,subduction,0.2659056992702397
1106061,KNG013,K-NET,5239711231,139.1521,35.2642,1.2786014155144056,1.239924438451581,0.07447893011374936,0.1731076361448609,0.168732849647943,0.09522886546943841,0.22133566861117185,0.2157420604036393,0.11807659754157458,0.2744395046120125,0.26750385309636954,subduction,0.35516621176785673
1106071,KNG014,K-NET,5339003623,139.0828,35.3609,1.1229016338157052,1.2706996664390942,0.08767379278346837,0.1586134918652139,0.14320394834117667,0.09844904515937622,0.17810734916066276,0.16080394756116712,0.12509916884526667,0.22632094916880544,0.20433352252806464,subduction,0.21308519765228096
1106291,KOC001,K-NET,5034223214,134.2808,33.5277,1.3121531858611872,0.6293996900420379,0.017893092952231394,0.18497835652337957,0.18494134082484845,0.02347847892218078,0.24271993982751902,0.24267136956076454,0.014777347356279103,0.15276785489446257,0.15273728478362203,subduction,1.014348583899505
1106301,KOC002,K-NET,4934715314,134.1666,33.2946,1.1449945914508102,0.6968169685629273,0.015197187622684608,0.19692229252599003,0.19679176885072883,0.01740069763323707,0.2254749598783529,0.22532551097612252,0.012125101375672359,0.15711477802928153,0.1570106394982743,subduction,1.1122437041222344
1106311,KOC003,K-NET,5033270221,133.9071,33.5014,1.3477677756676079,0.7200114341627498,0.017396317804754938,0.1677481097010702,0.16769936726608983,0.023446196552521364,0.22608549668425726,0.22601980320108314,0.01688152960544263,0.1627841427110297,0.16273684265199434,subduction,0.9840740910276405
1106321,KOC004,K-NET,5033473031,133.8764,33.6975,0.8954538633432468,0.789688369162981,0.021643507211942917,0.15430896381537018,0.15416722326176624,0.01938076214923171,0.1381765577969665,0.13804963567064946,0.01530476245476242,0.10911642058324086,0.10901619165629886,subduction,0.8526644131240827
1106331,KOC005,K-NET,5033351512,133.6923,33.5929,1.1239796609981827,0.8153216271097752,0.017400039768932306,0.15327925438350506,0.15322622914043021,0.01955729080083943,0.17228276438002624,0.17222316508529062,0.015945482157599444,0.140465863777293,0.14041727118333458,subduction,0.9447828729417429
1106341,KOC006,K-NET,5033139314,133.4166,33.4943,1.4284919812367323,0.6207871474395705,0.015674516781979574,0.16177899690516132,0.1617334155904412,0.022390921532818412,0.23109999981154505,0.23103488726897314,0.013899996306901597,0.14346390965629435,0.14342348862672857,subduction,1.013605597188207
1106351,KOC007,K-NET,5033247213,133.5273,33.5612,1.3121531858611872,0.8701843384737808,0.015659588136621577,0.1506179990108753,0.15057088812183572,0.020547778462742056,0.19763388725015718,0.19757207054701514,0.017880355008706997,0.17197791343677982,0.17192412150984954,subduction,0.982960676558322
1106361,KOC008,K-NET,5033523721,133.3467,33.7758,0.760306970403065,0.7410081845030096,0.018300642931072284,0.12205207690699679,0.12189779384397322,0.013914106383351837,0.09279704482456062,0.09267974233632867,0.010310466710109283,0.06876336971269208,0.06867644760884963,subduction,0.8235294981873803
1106371,KOC009,K-NET,5033218344,133.172,33.5736,0.760306970403065,0.8028504632886895,0.015305807793691015,0.13093186766122988,0.13080552482244193,0.011637112353192838,0.09954841163072474,0.09945235228973374,0.0093428610441034,0.07992248839738052,0.0798453671109627,subduction,0.9317698323649896
1106381,KOC010,K-NET,5033027222,133.2852,33.3929,1.3121531858611872,0.6134473433762483,0.013875971917015496,0.15061973252843736,0.15057924979478213,0.018207400757832247,0.19763616189074898,0.1975830423428109,0.011169281624678881,0.12123937846695809,0.12120679242139412,subduction,1.0355017168780534
1106401,KOC012,K-NET,4932673831,132.9758,33.1976,0.9868488201648118,0.8811615974173267,0.013333258554144382,0.15145997868793115,0.1514166407488796,0.013157910473109768,0.14946810127037238,0.149425333276351,0.011594245411159576,0.13170555087833608,0.13166786536440586,subduction,1.0552373060355156
1106411,KOC013,K-NET,4933409831,133.1023,33.0797,1.3121531858611872,0.8600965577342345,0.01748399300474678,0.22223531991046894,0.22218831099305064,0.022941677122753197,0.291606783031402,0.29154510013064766,0.019732057521930264,0.25080999029726264,0.2507569370466528,subduction,1.1040805835400618
1106421,KOC014,K-NET,4932378533,132.9403,32.9897,1.4313003491651368,0.8718127330947124,0.016579300780592762,0.20944950620242386,0.20937924775534972,0.023729958996176245,0.2997851513599948,0.29968459042016576,0.02068808040868187,0.2613565121483691,0.2612688418405742,subduction,1.1013674246045362
1106431,KOC015,K-NET,4932352831,132.7258,32.9393,1.3121531858611872,0.8066534863492124,0.012690449847807357,0.15371110419970124,0.15361341538649795,0.016651814197812042,0.20169251507787891,0.2015643323904112,0.013432243976704398,0.16269597045811213,0.16259257144637668,subduction,1.082952128086319
1106471,KYT002,K-NET,5334372123,134.8945,35.6038,1.3121531858611872,1.099184509160356,0.02130103552181428,0.03350703859116008,0.02987540087593623,0.02795022162209092,0.04396636743616445,0.03920110243823983,0.03072245063460118,0.04832715000988428,0.04308924454212148,subduction,0.14691302486540792
1106481,KYT003,K-NET,5335421312,135.2927,35.6762,0.8225188945905784,0.8859479170051604,0.019628700932530475,0.03347199094492003,0.030462329133802063,0.016144977393274022,0.027531344991761474,0.025055841285789242,0.014303609091666525,0.02439133774780153,0.022198170395956878,subduction,0.19087154814285529
1106491,KYT004,K-NET,5335214523,135.1959,35.5356,1.1948150302817984,1.102626503090092,0.021515165729377516,0.03533863245858678,0.03196456486159902,0.025706643392464108,0.04222312921112371,0.03819174253305594,0.028344826310016717,0.04655634131158244,0.042111227516140604,subduction,0.17192410093179356
1106511,KYT006,K-NET,5235713421,135.182,35.2766,0.9527672236072631,0.7532695516877981,0.02518089255760122,0.04119366960174984,0.036614052709131054,0.023991529090058507,0.03924797821665411,0.034884669344688785,0.01807208836197314,0.029564306955911505,0.026277559238050793,subduction,0.1625766824354579
1106521,KYT007,K-NET,5235756644,135.712,35.3063,0.760306970403065,0.8584695057052513,0.02888563372813346,0.046621751566539034,0.04277705434577557,0.021961948668009743,0.035446842688439645,0.03252369259240389,0.018853663217350426,0.03043003352155658,0.02792059830351051,subduction,0.1705289754184418
1106531,KYT008,K-NET,5235731123,135.3967,35.261,0.9223977303010927,0.7233478400967448,0.027909857086772752,0.04416078885246236,0.038863852589824256,0.025743988829867056,0.040733811405817076,0.03584792941961014,0.018621858715559058,0.02946471449930593,0.02593052231761555,subduction,0.14378823751295208
1106561,KYT011,K-NET,5235442511,135.5637,35.0171,0.9632228006164505,0.7983057222301128,0.047261552110047775,0.06882114687482473,0.05969607358272193,0.04552340458492053,0.06629009783440475,0.05750061918215512,0.03634159437553861,0.05291976442839932,0.04590307332488902,subduction,0.10143778688310041
1106571,KYT012,K-NET,5235369532,135.8177,34.9977,1.0548340122889721,0.8052047252713277,0.03631274696252033,0.061415957539016894,0.05517292857397787,0.0383039205757095,0.06478364090945034,0.05819828161742195,0.030842497843978925,0.052164093780570304,0.0468615313610196,subduction,0.18166693350517407
1106581,KYT013,K-NET,5235265414,135.8046,34.8784,0.9798142338319605,0.7689031135022212,0.07282433858657136,0.1124786751846961,0.08930684790422826,0.0713543235165207,0.11020820694852697,0.08750412075522884,0.05486456151369752,0.08473943345621951,0.06728219089296979,subduction,0.08860821224247839
1106591,KYT014,K-NET,5235172934,135.9921,34.7731,0.760306970403065,0.8901542859943974,0.0342941065501471,0.07733794924872409,0.0720494460391673,0.02607404825382225,0.058800581890483414,0.0547796960372584,0.02320992580636461,0.05234158998877836,0.048762381213035874,subduction,0.32241115318603797
1106611,MIE001,K-NET,5236630941,136.4948,35.1719,1.0315278925039724,0.7282803095839994,0.03701898201730459,0.11168401033992241,0.10526958747380605,0.03818611250295265,0.11520517181233202,0.10858851571161772,0.02781019383545979,0.083901658193163,0.07908287783972393,subduction,0.4538784490987773
1106621,MIE002,K-NET,5236443023,136.5069,35.0283,1.1065578704041346,0.7572988271226624,0.07009992199170971,0.23606267175844964,0.22927452290027686,0.07756962039464226,0.2612170073429403,0.25370552779845434,0.05874338254521273,0.19781933328530057,0.1921308986363055,subduction,0.5146382637136242
1106631,MIE003,K-NET,5236356024,136.6356,34.9708,1.3763032814498333,0.9305768924407626,0.0756612400768866,0.2742456394385443,0.2662944022678489,0.10413281299638266,0.37744517348257633,0.36650185967296234,0.09690358951928883,0.3512417566061804,0.3410581616482257,subduction,0.5464885822604615
1106641,MIE004,K-NET,5236232544,136.4489,34.8568,0.9297203652557694,0.9196710193037028,0.052411057802613535,0.19255770319120188,0.18700993713449549,0.0487276278036871,0.17902481814373625,0.1738669470591416,0.04481338713046836,0.16464393698290994,0.15990039242510368,subduction,0.5524417591507683
1106651,MIE005,K-NET,5236102911,136.1149,34.7679,1.1859942608365452,0.6470779183228828,0.028250075204070708,0.08085097357405434,0.07897421647555486,0.03350442706022865,0.09588879064187562,0.09366296749407099,0.021679974916733617,0.0620475190390436,0.06060723803000729,subduction,0.44646571756083414
1106671,MIE007,K-NET,5136728711,136.3404,34.651,1.0658305054945476,0.5932994496766305,0.023018859651359025,0.10195474499446805,0.10087896478410059,0.024534202818116035,0.10866647739502158,0.1075198780296046,0.014556129030243082,0.06447176123676432,0.06379148446426285,subduction,0.6417168118903551
1106672,MIE007,K-NET,5136726733,136.3399,34.6398,1.0008290123864152,0.7260879400891502,0.022594463960679743,0.1031237986468366,0.10210122722846232,0.02261319505116756,0.10320928955324901,0.10218587041050291,0.01641916821353642,0.07493902044978323,0.0741959281525789,subduction,0.6550289197891908
1106681,MIE008,K-NET,5136705823,136.1074,34.6291,1.0151827300837086,0.7933299865538623,0.026057613966033254,0.08913865591205967,0.08753668174147135,0.026453239685505014,0.09049202406479706,0.08886572755277561,0.02098614828400779,0.07179003623455724,0.07049984644454267,subduction,0.5262554338802182
1106691,MIE009,K-NET,5136649213,136.5276,34.5788,1.2103593993853214,0.6767846788500075,0.01958290547740564,0.12206003069345801,0.12159096123548817,0.02370235371185221,0.14773650543908773,0.14716876281166935,0.01604138984486518,0.09998580338801537,0.09960156387624856,subduction,0.7930241641123188
1106692,MIE009,K-NET,5136649212,136.5296,34.5752,1.2054277101027926,0.787567128064827,0.01958290547740564,0.12206003069345801,0.12159096123548817,0.023605776906788514,0.14713454329389167,0.14656911397129194,0.018591133924218444,0.11587832970110021,0.1154330161533767,subduction,0.7930241641123188
1106701,MIE010,K-NET,5136558843,136.7331,34.4909,0.9353446851849938,0.9505899999753414,0.017290624219279772,0.14779450678876072,0.14774188943217104,0.016172693467034267,0.1382388064244048,0.13818959105957018,0.015373600682429309,0.1314084269955662,0.13136164336190925,subduction,0.9316929765137704
1106711,MIE011,K-NET,5136521623,136.3328,34.4284,1.0727248331764623,0.5842910971733226,0.01952193664503169,0.11898915531807498,0.11884201026854227,0.020941666230823087,0.12764262178839014,0.12748477563967742,0.012236029138645141,0.07458044753081793,0.07448821943140199,subduction,0.7844470904757536
1106721,MIE012,K-NET,5136360542,136.8229,34.2544,0.9428586605971602,0.7552793206349985,0.024113402640045276,0.28957758255877386,0.28952924801027874,0.022735530515633116,0.2730307316303291,0.2729851589826744,0.017171676042123656,0.20621446549823155,0.20618004541987137,subduction,1.0794339444002004
1106731,MIE013,K-NET,5136333924,136.4993,34.2778,1.2103593993853214,0.8455998872398226,0.022051995329699748,0.20743199767504705,0.20737978820494257,0.0266908398225033,0.25106726811926733,0.25100407589638946,0.022569771144244955,0.21230245361126276,0.2122490182747228,subduction,0.9733185347709035
1106741,MIE014,K-NET,5136017341,136.1689,34.0636,0.9011932452176301,0.7239373818493781,0.016479297211586016,0.14385258982425192,0.14380425527575674,0.014851031333015045,0.12963898225667822,0.12959542348806372,0.01075121674098599,0.0938505054005176,0.09381897157961024,subduction,0.9408330508271563
1106751,MIE015,K-NET,5036605623,136.0816,33.8788,1.2322749242742335,0.6956784695282056,0.022364538348977482,0.2322665742123967,0.2322067168706949,0.027559259800414418,0.28621627514901676,0.2861425144478039,0.019172383679282503,0.19911450024973176,0.19906318651800067,subduction,1.0163148402458042
1106761,MIE016,K-NET,5035675321,135.9191,33.8764,1.0658305054945476,0.6616794449612272,0.018301958364987027,0.16851697572565555,0.16846180907853345,0.019506785535694286,0.17961053342208785,0.17955173512669928,0.012907239026235891,0.11884459806391703,0.11880569244045966,subduction,0.9640038971423208
1106771,MIE017,K-NET,5136423642,136.3358,34.3628,1.0712814020359667,0.6786418116321121,0.01868790055727491,0.12476860089836998,0.12468549402701229,0.02002000031010619,0.13366228170047176,0.13357325085480487,0.013586409279325912,0.09070881300008986,0.09064839294569535,subduction,0.824255415924197
1106801,MYG001,K-NET,5841248521,141.5709,38.9017,1.0663455626297371,0.9258418002351662,0.018427067347157287,0.06937909479791775,0.06881686406673022,0.019649621497920496,0.07398208987702747,0.07338255763165158,0.018192440941574333,0.06849571127690697,0.06794063926354912,subduction,0.5722386551560829
1106811,MYG002,K-NET,5841047022,141.511,38.7261,0.9906318288673358,1.121101096539272,0.019540036607812047,0.06823885832572796,0.0675213248153039,0.01935698220093154,0.06759958502303491,0.06688877348932992,0.02170113397115552,0.07578596889492419,0.07498907730505476,subduction,0.5385155818363564
1106821,MYG003,K-NET,5841028422,141.3116,38.7349,0.760306970403065,1.2300740708478628,0.02107889034481704,0.06072322352689247,0.05956535616138029,0.016026427257526264,0.04616829011283973,0.04528795548403859,0.01971369261781248,0.056790416563185904,0.05570753976262814,subduction,0.45114599832551056
1106831,MYG004,K-NET,5841007141,141.0217,38.7292,1.0076529562365608,1.184736744181324,0.04671596314745607,0.10015405872545671,0.09611243390964294,0.047073478368972334,0.10092053335379657,0.09684797816014279,0.05576967950014626,0.11956426410661965,0.11473935832599154,subduction,0.31331426810898433
1106832,MYG004,K-NET,5841007233,141.027,38.7324,0.969948668016712,1.6940109427917158,0.04646396067974282,0.10074564708641585,0.09678003191711747,0.04506765677209743,0.09771810619995079,0.09387166304862296,0.07634510373791423,0.16553554121159966,0.15901962442242407,subduction,0.3186695338375321
1106841,MYG005,K-NET,5840155233,140.6512,38.7989,0.9315010706666653,0.8679493644392355,0.06023510577006419,0.09143127367653582,0.08192761034604071,0.05610906551653462,0.08516832932211,0.07631565675449829,0.04869982775435565,0.07392179730547689,0.06623812577682965,subduction,0.1335806103192047
1106851,MYG006,K-NET,5740679731,140.9654,38.5801,1.444175709387729,1.127727814553276,0.05302324443107484,0.11737943130426802,0.11168829314801691,0.07657488164028646,0.16951652347136947,0.16129751998734196,0.08635562392187604,0.19116849854503662,0.1818996997081885,subduction,0.3235413557902812
1106852,MYG006,K-NET,5740677833,140.9767,38.566,1.4552131995516273,1.1853019537526617,0.050442179541433624,0.11386599909245257,0.10821350818067332,0.07340412548284726,0.1656993048594706,0.15747372547430383,0.0870060533483244,0.1964037097853884,0.1866539144694026,subduction,0.3314876330768047
1106861,MYG007,K-NET,5741720031,141.2506,38.5876,1.0169309940825053,1.3535788579237351,0.02229663544635528,0.06071739075015423,0.05919865601403129,0.0226741396491573,0.06174539653365026,0.060200948108697125,0.030691236050709617,0.08357726332206647,0.08148673058689629,subduction,0.42407251393211826
1106862,MYG007,K-NET,5741720031,141.251,38.5877,1.0169309940825053,1.3975359586304612,0.02229663544635528,0.06071739075015423,0.05919865601403129,0.0226741396491573,0.06174539653365026,0.060200948108697125,0.031687925490705995,0.08629141193567287,0.08413298972555068,subduction,0.42407251393211826
1106872,MYG008,K-NET,5741639611,141.4514,38.5769,1.3121531858611872,1.0527231649093942,0.021589044169007768,0.07078614001723321,0.06989413306276863,0.02832813308606143,0.09288225913842864,0.0917118093713176,0.029821681918333114,0.0977793058041411,0.09654714622094052,subduction,0.5102073075962915
1106873,MYG008,K-NET,5741638411,141.4267,38.5676,1.0145297725143407,1.0087073000353717,0.020690939311589586,0.0668334956381639,0.06592162461187052,0.020991573952895012,0.0678045711261246,0.06687945082125676,0.021174353885517562,0.06839496587068947,0.06746179026575833,subduction,0.5032476949482398
1106881,MYG009,K-NET,5740573042,140.8871,38.4466,0.9751235237851433,1.212469968284266,0.03936264677540241,0.08875554853084387,0.08389774285816258,0.03838344282914031,0.08654762323887978,0.08181066265347134,0.04653877170968868,0.10493639400352316,0.09919297155276917,subduction,0.32866598390540525
1106891,MYG010,K-NET,5741521214,141.2809,38.4282,1.1948150302817984,0.8778946742962642,0.029412388532271468,0.08613793701212953,0.08415541494801998,0.03514236389484595,0.10291890181955919,0.1005501546594958,0.03085129410546658,0.09035195579181111,0.08827244527523706,subduction,0.45655177143517345
1106892,MYG010,K-NET,5741521241,141.2819,38.4292,1.1948150302817984,1.2189277144498225,0.029412388532271468,0.08613793701212953,0.08415541494801998,0.03514236389484595,0.10291890181955919,0.1005501546594958,0.04283600130270854,0.12545070176860096,0.12256337020667538,subduction,0.45655177143517345
1106901,MYG011,K-NET,5741345032,141.5043,38.2972,0.9703218635679832,1.1506590417794942,0.021575206619997653,0.07416150265381145,0.07331378197447651,0.02093489469438041,0.07196052746004826,0.07113796555069087,0.02408892586879038,0.08280203157312611,0.08185554327470061,subduction,0.5312306601271345
1106902,MYG011,K-NET,5741346021,141.5079,38.302,0.968739159819565,1.0915503673688025,0.02153029831797811,0.07397292653454543,0.0731311304064079,0.02085724310322271,0.07166047070046995,0.07084498982655864,0.02276673137162317,0.07822101311891928,0.07733087467141916,subduction,0.5310522391441407
1106911,MYG012,K-NET,5741308233,141.0272,38.3233,1.2081809782245754,1.482191710613909,0.024628063609897364,0.0657340376173311,0.0625957488031081,0.029755157983982865,0.07941861387115812,0.07562699302163894,0.044102848511866674,0.11771361114827737,0.1120937021553292,subduction,0.40511457243024596
1106912,MYG012,K-NET,5741308121,141.0193,38.3175,1.3121531858611872,1.0573600923972306,0.022946439405913337,0.06101000851463038,0.05807147190936762,0.030109243570639873,0.0800544770418904,0.07619866687352517,0.0318363125638625,0.08464640924182522,0.08056942944593637,subduction,0.40324752830451505
1106913,MYG012,K-NET,5741309113,141.0128,38.3288,1.001244399997627,1.069061933152603,0.024475350909841792,0.06456185343618871,0.06122889059974609,0.02450580803645592,0.06464219420645151,0.06130508383106312,0.02619822651292016,0.06910650910157505,0.06553893143251872,subduction,0.3982274634486458
1106921,MYG013,K-NET,5740371434,140.9286,38.2661,1.451871722111098,0.8898373282504647,0.03426764491442032,0.09016777390852126,0.0858286162960848,0.04975222463459103,0.1309120411834889,0.12461214094820929,0.044271386643361436,0.11649042096253057,0.11088453456892487,subduction,0.39874785297348403
1106931,MYG014,K-NET,5740358022,140.6362,38.3173,0.894391555863074,0.9707427065480406,0.03447517755808559,0.06425551029148588,0.05981914313246624,0.0308343076948319,0.057469585822377815,0.053501736496642395,0.02993217930621619,0.055788181285409945,0.051936420491770725,subduction,0.239333676166281
1106941,MYG015,K-NET,5740162923,140.8708,38.1037,1.3512247223294995,1.0357740934027246,0.03337599486063029,0.09211116946153886,0.0891046279820326,0.04509846938802597,0.12446288937911332,0.12040037620329536,0.046711826244233125,0.1289154364089347,0.12470759050731522,subduction,0.4264660414584682
1106951,MYG016,K-NET,5740040943,140.6212,38.0079,1.095913437962492,0.9130241987728304,0.03675142887734344,0.08293651756716106,0.078608077172123,0.040276384771003454,0.09089124409966408,0.08614764810532219,0.03677331393501165,0.08298590531956154,0.07865488738752553,subduction,0.33019294424935025
1106961,MYG017,K-NET,5640767221,140.7822,37.976,1.3163641210736812,1.19186530102897,0.027681817950064497,0.07584592088021903,0.07390856204718227,0.0364393519555583,0.09984084897651349,0.09729057931905871,0.04343079918781208,0.11899684352038017,0.11595726560739279,subduction,0.4265001446240458
1106971,MYG018,K-NET,5841046124,141.5228,38.7194,0.9713506861120392,1.163345303277988,0.01955976811653317,0.06882621486440324,0.06812003079542964,0.018999394180186886,0.06685439103103272,0.06616843865111383,0.022102855984647552,0.07777474180946195,0.07697674233001095,subduction,0.5419111337573321
1106981,MYG019,K-NET,5840150722,140.7246,38.7508,0.9888337129922102,1.2323089934743872,0.05168643726450929,0.08398091091249306,0.07718162675327456,0.05110929167160366,0.08304315595806853,0.07631979455721939,0.0629824397770228,0.10233482793362399,0.09404956921297904,subduction,0.1741373305647899
1106982,MYG019,K-NET,5840150722,140.7226,38.7513,0.9888337129922102,1.2626689122230517,0.05168643726450929,0.08398091091249306,0.07718162675327456,0.05110929167160366,0.08304315595806853,0.07631979455721939,0.06453411371947447,0.10485601140114363,0.096366631974651,subduction,0.1741373305647899
1107011,MYZ001,K-NET,4931024441,131.3086,32.705,0.8225188945905784,0.7610777822471454,0.017539689904299632,0.0531293153115488,0.052418002070023915,0.01442672635154606,0.04369986570040941,0.04311479711928272,0.010979860896721127,0.033258996871765686,0.032813714173579304,subduction,0.47545855272371773
1107021,MYZ002,K-NET,4931053441,131.6833,32.6978,0.760306970403065,1.0377703945801462,0.01474203729102191,0.0730854165285801,0.07284449837610192,0.011208473710305877,0.05556735162149083,0.055384179870865045,0.011631822184985326,0.057666152418008265,0.05747606219808541,subduction,0.6938392515529248
1107031,MYZ003,K-NET,4831657244,131.6602,32.5659,1.1618422985322157,0.7628296480154447,0.016280758464919214,0.07968627410991522,0.07939140277260838,0.018915673836729565,0.09258288387333208,0.09224028988102424,0.01442943681484737,0.0706249687173487,0.07036362786278431,subduction,0.6880988422729584
1107041,MYZ004,K-NET,4831426641,131.3338,32.3888,0.994261836007014,0.7425388012659527,0.018695711583466324,0.07158886062008943,0.07114321404353169,0.018588432524434827,0.07117807199778034,0.0707349826143618,0.013802632404106884,0.05285248025765349,0.052523469198036216,subduction,0.5803914818285758
1107051,MYZ005,K-NET,4831541813,131.6003,32.4281,0.8225188945905784,0.9131071955145832,0.016405520743577064,0.07525572953047166,0.07489503551161712,0.01349385078718981,0.0618992594650111,0.06160258181933743,0.012321332248983139,0.0565206592145258,0.056249760721512845,subduction,0.6594630107282945
1107061,MYZ006,K-NET,4831340444,131.5609,32.2564,1.0089302395667725,0.8009741792728207,0.022503229951104608,0.09712440027940224,0.0964463501807447,0.022704189185594144,0.09799174444167641,0.09730763919319958,0.01818546929898612,0.07848885707968375,0.0779409064397488,subduction,0.6320409392059178
1107072,MYZ007,K-NET,4831208911,131.1155,32.2351,0.8225188945905784,0.9573384602610574,0.016250136387043486,0.04789135943466934,0.046833210117624265,0.013366044218017143,0.03939154802264429,0.0385212002160766,0.01279582819145774,0.03771104393129778,0.03687782650226668,subduction,0.4596969165626423
1107081,MYZ008,K-NET,4831132132,131.3931,32.1056,1.127858824663287,0.6570311162171614,0.028098963458469507,0.11359006388522075,0.11263224444637057,0.031691663900526065,0.12811355594701276,0.12703327084047156,0.02082240930734176,0.08417459266641555,0.083464811737032,subduction,0.6029724389478646
1107091,MYZ009,K-NET,4830065442,130.8115,32.0461,1.0423022740450787,0.8313797852486395,0.03569015922868666,0.07220199558462881,0.06750015550672249,0.03719993412509106,0.07525630418845133,0.0703555655830533,0.030927273244181742,0.06256657001480097,0.05849219500548542,subduction,0.276756287830121
1107101,MYZ010,K-NET,4730779742,130.9721,31.9968,1.001972747686101,0.804822135066459,0.039559523384642054,0.10504494399208701,0.10171942508399913,0.039637564342862364,0.105252171162284,0.1019200918444651,0.031901189163256634,0.0847092771152098,0.082027545924432,subduction,0.41015284633517557
1107111,MYZ011,K-NET,4731729014,131.2559,31.9951,1.128953214613775,0.6991232721452356,0.026918193266813845,0.10076652067729552,0.09962899665023224,0.030389380820164368,0.11376068744407822,0.11247647603702472,0.021245923357460977,0.07953274404739538,0.07863492196636991,subduction,0.5683398496789595
1107122,MYZ012,K-NET,4731604532,131.0684,31.8723,0.9227120216032467,0.7813135556420844,0.02261641845074516,0.07368883359760979,0.07237750913920656,0.020868441190112035,0.06799357261843578,0.06678359777644474,0.016304795986954165,0.05312429998331833,0.05217893023728484,subduction,0.50517980194556
1107131,MYZ013,K-NET,4731639321,131.4188,31.9086,1.3121531858611872,0.733536835740873,0.023561338479501155,0.09561770839175458,0.09464295146660684,0.030916085349031223,0.12546508069098675,0.12418605028621389,0.022678087420423126,0.09203325828603973,0.09109504237010628,subduction,0.6038883170790037
1107141,MYZ014,K-NET,4731621423,131.307,31.8457,1.1597757063769276,0.8198710603430066,0.018023412684249975,0.07202018018385484,0.07130260588478227,0.02090311617719889,0.08352725534612385,0.08269503010653903,0.01713786002467311,0.06848157940816763,0.06779926201854501,subduction,0.5972683753218438
1107151,MYZ015,K-NET,4731406422,131.0624,31.7182,1.0028073655551952,0.7466064012928773,0.02372734827897396,0.08337493435576879,0.08221522130391112,0.023793959619248472,0.08360899827464584,0.08244602948431248,0.017764722563835142,0.06242301331753571,0.061554733374168995,subduction,0.5397030251014936
1107161,MYZ016,K-NET,4731323942,131.3745,31.6131,1.4284919812367323,0.698129970225722,0.02080261863123493,0.08882132022658094,0.08790731799340243,0.029716373903444945,0.12688054370653085,0.12557489884560288,0.020745891228428442,0.0885791102000638,0.08766760039217879,subduction,0.6259070228143248
1107171,MYZ017,K-NET,4731115831,131.2281,31.4639,1.3121531858611872,0.6698189838602198,0.018452998730453314,0.07232018069371295,0.07140943135525384,0.02421316107285676,0.09489515549931217,0.09370011285333207,0.016218434945864744,0.06356257662980683,0.0627621143790068,subduction,0.587688622867565
1107181,MYZ018,K-NET,4731027434,131.3054,31.3987,0.8225188945905784,0.8996286085592244,0.020149490396822563,0.07762151193322898,0.0764210102328522,0.01657333656775797,0.06384516019176889,0.06285772486022087,0.014909847715635815,0.05743693262656183,0.05654860755319907,subduction,0.5789487076405327
1107192,MYZ019,K-NET,4831630521,131.4444,32.5008,0.992642898038885,0.8571881523788811,0.015900394120316318,0.06576798397006113,0.06544868023229135,0.015783413299551238,0.0652841222062164,0.06496716761860197,0.013529354884474586,0.055960776093623724,0.05568908637627849,subduction,0.614493004223543
1107201,MYZ020,K-NET,4831514142,131.1472,32.4557,0.760306970403065,0.8392116865478033,0.017237986468365853,0.047870312492033475,0.04714226570745362,0.013106161267612272,0.03639613226306597,0.03584259321797037,0.01099884370156039,0.03054405954030451,0.03007952310469977,subduction,0.43692391588560836
1107211,NAR001,K-NET,5235055833,135.7276,34.7153,1.0142038312095667,0.6476521965575448,0.046724294228916094,0.07528361876889662,0.06395289930812255,0.04738795821752975,0.0763529345827354,0.06486127549525754,0.0306909152299603,0.049450145796123106,0.0420075475460276,subduction,0.13631748794812212
1107221,NAR002,K-NET,5235060622,135.8353,34.6682,1.063906581585964,0.7894082510153964,0.0894149990057767,0.17967532235778783,0.14583695757470697,0.09512920593474826,0.19115775800503018,0.15515689900220375,0.07509578007743309,0.15090151141477526,0.12248213627430216,subduction,0.21245721950918095
1107231,NAR003,K-NET,5135652712,135.7171,34.5171,1.0832903563865066,0.6255902174027665,0.04228024860681273,0.08292525990016979,0.07623742052586766,0.045801785581384265,0.08983213435069862,0.08258726245145515,0.02865314899929308,0.05619810445820808,0.05166578347170516,subduction,0.25603066134956826
1107242,NAR004,K-NET,5135673613,135.9511,34.5277,0.956386920645707,0.6969446667606707,0.030073766270846826,0.09219091126939373,0.08556014541153197,0.02876215671599392,0.08817018174045707,0.08182860400013398,0.02004563172774657,0.06144973793133062,0.05703000914636426,subduction,0.4540836938675897
1107251,NAR005,K-NET,5135450444,135.6844,34.3414,1.0326806415946765,0.7852306015661553,0.032555571984316765,0.0891653418853533,0.08670602091437954,0.03361950896424591,0.09207932246617533,0.0895396293079829,0.02639906724835357,0.07230350177191885,0.07030925698551796,subduction,0.42542392609792123
1107261,NAR006,K-NET,5135470632,135.9545,34.3384,0.760306970403065,0.8479554311969895,0.02492442373287514,0.10146365986346,0.10075312160625698,0.018950213097384552,0.07714352783679433,0.07660330064710484,0.016068936118267554,0.0654142734109059,0.06495618483132841,subduction,0.6066333846884906
1107271,NAR007,K-NET,5135256842,135.7368,34.2214,0.760306970403065,0.8360888233486296,0.025113091626600317,0.09998151254505871,0.09970590364701505,0.019093658612075067,0.07601664089944964,0.07580709353316192,0.01596399456239027,0.06355666384453615,0.06338146363362086,subduction,0.5988206927121462
1107281,NAR008,K-NET,5136106023,136.0063,34.1369,0.9996897245022266,0.7479421315589855,0.018870623505478426,0.12273375719537252,0.12265421933076026,0.01886476841337697,0.12269567591776513,0.1226161627318034,0.014109755098467791,0.09176926537900373,0.09170979411720846,subduction,0.8128962426664952
1107291,NAR009,K-NET,5035762033,135.753,33.9396,0.760306970403065,0.7710422016257368,0.02325157928548485,0.1715637857984123,0.1714614062906293,0.017678337803633648,0.13044114221127126,0.1303633023578774,0.01363074450119718,0.10057562547315442,0.1005156076612194,subduction,0.8677139251750455
1107301,NGN001,K-NET,5538222912,138.3657,36.8513,1.15264025445473,0.8972976858729202,0.1185591409910622,0.12832220992897678,0.08609047941957754,0.13665603843987215,0.14790934470472908,0.09923135210431155,0.12262114705265811,0.13271871272253347,0.08904006260923969,active_shallow,-0.1389799176892102
1107311,NGN002,K-NET,5538116643,138.2069,36.8068,1.1133556353635112,0.8014271075017101,0.12252777452035099,0.13343680053841014,0.09021611865417854,0.1364169882507824,0.14856261384431574,0.10044262410425286,0.10932827230791932,0.11906210589614347,0.08049744170575292,active_shallow,-0.13295040684607734
1107321,NGN003,K-NET,5538038333,138.4137,36.74,0.8827126920443769,0.8883084807892971,0.061433394686258816,0.07193201552008077,0.056661469513034524,0.05422803720493224,0.0634953030639084,0.05001579828904109,0.048171225345698836,0.05640341620195647,0.044429457793602016,active_shallow,-0.03511668048406574
1107331,NGN004,K-NET,5438717541,138.1941,36.6475,1.019351741020334,0.7648473200252698,0.09918684770028502,0.10720113392442883,0.07300779573044823,0.10110628588960426,0.10927566250522053,0.07442062368588932,0.07733087180037257,0.08357919761110377,0.056920414580761566,active_shallow,-0.13308485167042297
1107341,NGN005,K-NET,5537063933,137.863,36.6987,0.9897313760540735,0.690035444318211,0.09804952761646434,0.10338739528789138,0.06441372945909153,0.09704269388929512,0.10232574900493117,0.06375228909432147,0.0669628983957359,0.07060839367981142,0.04399133913150315,active_shallow,-0.18246706077441438
1107351,NGN006,K-NET,5437661811,137.8514,36.5084,0.9911332913341603,0.7992201674211575,0.15313445468126222,0.15351501277194557,0.0644550483600414,0.15177665608490123,0.15215383987786407,0.0638835442241903,0.12130296448679821,0.12160441738095852,0.0510570169103143,active_shallow,-0.3758159777446222
1107361,NGN007,K-NET,5438604921,138.1188,36.5344,1.0287791262557613,0.7675528663138749,0.13309060688410415,0.1364610748828601,0.07726326523328558,0.1369208382630777,0.14038830538591082,0.07948683449836667,0.10509398186692376,0.10775544619590345,0.061010347653437935,active_shallow,-0.23617434744504706
1107371,NGN008,K-NET,5438418924,138.2491,36.4022,0.9299625042788575,1.0166578434398337,0.07285916189524455,0.07927511433568038,0.05551339142316694,0.06775628865576033,0.07372288385460209,0.05162537250890078,0.06888496230425217,0.07495094811178508,0.05248533988167714,active_shallow,-0.11808641115707898
1107381,NGN009,K-NET,5437460923,137.8718,36.3371,0.9990701587366011,1.0157483809590249,0.25031340977805877,0.25031340977805877,0.058269174488739785,0.25008065804086504,0.25008065804086504,0.05821499340591597,0.2540190235141762,0.2540190235141762,0.059131785299599456,active_shallow,-0.6330452508393607
1107391,NGN010,K-NET,5438339424,138.4349,36.3282,1.1118657222446777,0.908511470848088,0.06085562347998553,0.08151061779506764,0.07240104418940209,0.06766328175322428,0.09062886192532277,0.08050023928891838,0.061472867628030385,0.08233736064906327,0.07313539079999828,subduction,0.07544411353600029
1107401,NGN011,K-NET,5438322041,138.2584,36.2718,0.8706347073998001,1.4048507720010892,0.0632634079935554,0.0691527687844473,0.048540694324769415,0.05507931870758328,0.06020680061653331,0.042261213200428756,0.0773782234076424,0.08458157032585248,0.05937069799032496,active_shallow,-0.1150465994340458
1107411,NGN012,K-NET,5437370834,137.9796,36.2571,0.9930467883237999,0.9510645910100836,0.348928023331107,0.348928023331107,0.05607986417380043,0.34650185292512775,0.34650185292512775,0.05568992900742745,0.32954564303647277,0.32954564303647277,0.05296471955482957,active_shallow,-0.7939288970929788
1107421,NGN013,K-NET,5437261244,137.785,36.1827,0.8685161179008367,1.007342898755354,0.0839846940596432,0.08595543840149288,0.048147287809802534,0.07294206044777078,0.0746536836729291,0.04181669549602398,0.07347766661264568,0.07520185811385365,0.04212375125733476,active_shallow,-0.24162831664182544
1107432,NGN014,K-NET,5438131823,138.4839,36.0956,0.8726410690251493,1.2819834216636483,0.048634752948254506,0.0661903504254766,0.05883316932897575,0.04244068280453884,0.05776041815443714,0.05134023977737502,0.05440825175950426,0.07404789850234843,0.06581733625883138,subduction,0.08267553024364604
1107441,NGN015,K-NET,5438005824,138.1114,36.0451,1.358230509720901,1.2061458734270567,0.38502138854756723,0.38502138854756723,0.08655472561986,0.5229477968204114,0.5229477968204114,0.11756126909741518,0.6307513271527101,0.6307513271527101,0.1417960395966951,active_shallow,-0.6481940719326132
1107451,NGN016,K-NET,5338619934,138.2421,35.9151,1.140911270968565,1.2454166544301206,0.14625320573284456,0.1486585123360169,0.07314860834229833,0.16686193083588668,0.16960617224958113,0.08345607171339336,0.20781262765338018,0.2112303516137721,0.1039375816251746,active_shallow,-0.30089932613032955
1107452,NGN016,K-NET,5338619742,138.2229,35.9133,1.1793862252226304,1.3459591088137624,0.16057695543330291,0.16184140353739554,0.0727109767351746,0.18938224932622566,0.19087352200270138,0.08575432438394806,0.25490076352827246,0.2569079555709,0.11542181402474502,active_shallow,-0.3440832407471475
1107461,NGN017,K-NET,5337766633,137.8259,35.9749,0.8610199946258765,0.9387234763737976,0.10002433042884167,0.10554746014184252,0.05950664090183702,0.08612294844829815,0.09087847356410417,0.051236407629503676,0.0808456335629478,0.08530975663164013,0.048096818686872655,active_shallow,-0.2255402174468657
1107471,NGN018,K-NET,5337547232,137.5298,35.8129,0.8547674637356294,0.7809121470393371,0.04125657589492844,0.06449096276506248,0.059960669545665445,0.035264778740124486,0.05512477667656137,0.051252429431438644,0.027538694080817782,0.04304760770955751,0.040023644708286864,subduction,0.1623732930168001
1107481,NGN019,K-NET,5337652641,137.708,35.8561,0.8821726650938709,0.8077539724740946,0.0532498151764364,0.07380677397480283,0.06286359766077101,0.04697553136995295,0.06511031849933277,0.055456547485791194,0.03794467207316095,0.05259311841688958,0.0447952465313461,subduction,0.07208112717700701
1107491,NGN020,K-NET,5337579614,137.9548,35.8278,0.9981432642798825,1.0273174486569308,0.1331017217908256,0.16474830854573175,0.12708356064507248,0.13285458706956743,0.16444241447642596,0.12684760005858306,0.13648383543067807,0.16893456169090745,0.13031275286043828,active_shallow,-0.02009429905241689
1107501,NGN021,K-NET,5337477441,137.9336,35.7293,1.0389824709029236,0.9828492385731352,0.0799053499411114,0.1319517878174504,0.12128820749185502,0.0830202579201787,0.13709559454663292,0.12601632151127404,0.08159639728299294,0.13474430071188945,0.12385504564514309,subduction,0.181242719885788
1107511,NGN022,K-NET,5337342931,137.6126,35.6053,0.9996897245022266,0.6751200460068515,0.03453377045168329,0.07987652256377051,0.07668314867972244,0.03452305546886641,0.07985173883597163,0.076659355777595,0.023307206796438176,0.05390950959666826,0.05175426779942553,subduction,0.34645593920129275
1107521,NGN023,K-NET,5338209223,138.0338,35.5775,0.9021378238842198,0.7800158411313255,0.0379566824552727,0.09811494241152688,0.09653029321939705,0.03424215891206406,0.08851320063766041,0.08708362866385251,0.02670942638594616,0.06904169864661046,0.06792660986100292,subduction,0.40537537881935404
1107531,NGN024,K-NET,5337262733,137.8382,35.5232,1.045658593900766,0.8207692892476582,0.05071627925948209,0.1471205763436036,0.1441847113948188,0.053031913258348634,0.15383789499332284,0.15076798257909402,0.04352696575249827,0.12626541973302546,0.12374572990274632,subduction,0.4537718279360653
1107541,NGN025,K-NET,5237763841,137.8567,35.2807,0.9996897245022266,0.5831181024369853,0.025505978086298585,0.12032987819489836,0.11900730626666599,0.025498064206251662,0.12029254278204443,0.11897038121547543,0.014868382815765883,0.07014475928438561,0.06937378294057278,subduction,0.6689316428159474
1107551,NGS001,K-NET,5029043313,129.5377,33.3617,0.9456659442346214,0.9928500195947924,0.012444188382373187,0.019325733048492603,0.01785671967491447,0.011768045156850445,0.018275687591328985,0.016886491672310936,0.011683903864571367,0.018145016783159287,0.01676575358774121,subduction,0.1568351039574752
1107561,NGS002,K-NET,5029051614,129.7056,33.3442,1.3121531858611872,0.7637556862613135,0.017972671605492194,0.02721175936736806,0.024875456960327943,0.02358289830558348,0.03570599674678001,0.03264041010024715,0.01801157267941168,0.027270658048981194,0.02492929881596497,subduction,0.14115842844331195
1107571,NGS003,K-NET,4929634222,129.4124,33.2016,0.9565646954422845,1.0557760973879533,0.011890798590752195,0.018654504851299884,0.01723024682230935,0.011374318132528418,0.017844240751710292,0.016481845803977734,0.012008733208409887,0.01883952286169177,0.017401138840673624,subduction,0.161080475748496
1107581,NGS004,K-NET,4929651732,129.7173,33.181,0.9784661691358876,0.9921311811677488,0.015721586882370638,0.02219681542626687,0.01974921099458021,0.01538304088953022,0.02171883295715572,0.019323934825323248,0.015261994527681393,0.021547931395367936,0.01917187828305655,subduction,0.09905336961470157
1107591,NGS005,K-NET,4929474314,129.9173,33.037,1.1948150302817984,0.7757932680493602,0.025828035057843403,0.030773311987273944,0.024317050164939097,0.030859724489756515,0.03676841569394595,0.029054377029185716,0.02394076651301108,0.02852468937220371,0.022540190106610247,active_shallow,-0.02618047651024826
1107601,NGS006,K-NET,4929351134,129.6436,32.933,1.3121531858611872,0.5700505111259784,0.019406647529992403,0.024600317131742235,0.02014101655509272,0.02546449438336467,0.03227938449761112,0.026428099039247827,0.014516048038801636,0.0184008796316952,0.015065351365411202,subduction,0.016130868301893884
1107611,NGS007,K-NET,4929268232,129.7804,32.9062,1.1448302987958547,0.7289913742489497,0.023938725252762156,0.02780141026752255,0.020942737836060224,0.027405777983911573,0.03182789682351399,0.023975880814460077,0.019978575754853307,0.023202262244827243,0.017478210303762277,active_shallow,-0.058067564116609245
1107621,NGS008,K-NET,4930310444,130.1846,32.9233,1.4529826345830783,0.5679841967139817,0.09498280248606814,0.10114134796286194,0.06533267731590298,0.13800836259629143,0.146956622228363,0.09492724561082683,0.07838656896906651,0.08346903902817683,0.05391717534453632,active_shallow,-0.16251452355030174
1107631,NGS009,K-NET,4930201123,130.0216,32.8457,1.046866260315685,0.7664980413730604,0.08304458709141246,0.08615616953801758,0.04948165785461906,0.08693657632784718,0.0901939870073886,0.0518006781124853,0.06663671547897443,0.06913351438479062,0.039705118315016344,active_shallow,-0.22486708808042735
1107641,NGS010,K-NET,4929078011,129.8765,32.7351,0.8225188945905784,0.8429482538931534,0.03516025350145054,0.03717204142087257,0.02223105749669867,0.028919972843537613,0.0305747064191713,0.018285464837764182,0.024378040611097447,0.025772895389336234,0.01541370065661797,active_shallow,-0.1990918757262565
1107651,NGS011,K-NET,4930114611,130.2023,32.7843,1.0990414272012412,0.6525400408811649,0.1602079201358262,0.1602449358343573,0.0537454380445922,0.17607514119502088,0.17611582298116338,0.05906846293408449,0.1148960798335558,0.11492262632794835,0.03854453721779507,active_shallow,-0.47434237543215596
1107661,NGS012,K-NET,4930124741,130.3463,32.7883,1.1086117359785335,0.7028201507325516,0.232962836442618,0.23304043684642567,0.07881568119592318,0.2582653345271339,0.2583513632455118,0.08737598915294305,0.1815140813413531,0.18157454405817078,0.06140960586687722,active_shallow,-0.4706740119534325
1107681,NGS014,K-NET,4830713422,130.1851,32.6104,1.2733674069173413,0.7893760516286323,0.08447090494715322,0.08704611666573192,0.04840594902438651,0.1075624971925177,0.11084168786086743,0.06163855778855606,0.08490725933714548,0.08749577391946484,0.04865600137521366,active_shallow,-0.24180840774010606
1107731,NGS019,K-NET,4929278621,129.9583,32.9003,1.223717998811402,0.7256137311506191,0.03834294075958661,0.04166101573931975,0.028029459601392935,0.04692094673486546,0.05098133480897068,0.0343001542111816,0.034046483229405185,0.03699275656977615,0.0248886628762171,active_shallow,-0.13607069378688283
1107771,NGS023,K-NET,5029459534,129.691,33.75,0.9040371736481994,0.9887727137304332,0.01518045407962964,0.02067825404190014,0.017773847338285756,0.013723694800844656,0.018693910340018858,0.016068218712558424,0.013569614950639408,0.01848402845713385,0.01588781622123052,subduction,0.0684966832164008
1107781,NIG001,K-NET,5738330443,138.4318,38.257,0.9774114078556787,0.8844300169653566,0.0396109374761004,0.039653388262046674,0.017045229512626638,0.03871618216499856,0.038757674047454886,0.016660201775159564,0.034241753649023515,0.034278450315328286,0.014734782538650638,active_shallow,-0.3662122676736633
1107791,NIG002,K-NET,5738038534,138.4407,38.0748,1.2805230005324,0.881643495106787,0.0776979804520402,0.07786591751515554,0.037159203193751184,0.09949405106375427,0.09970909833571533,0.04758321437105541,0.08771828292218145,0.08790787795064638,0.04195143142651278,active_shallow,-0.3203433378143126
1107801,NIG003,K-NET,5638729542,138.3231,37.9977,1.1948150302817984,0.9440501208020206,0.07837573483299598,0.07855724431890605,0.0377151014872561,0.0936445059878443,0.09386137624974837,0.04506257012557699,0.08840510719026995,0.08860984358721885,0.04254132477070048,active_shallow,-0.31766634501078955
1107811,NIG004,K-NET,5638528214,138.2788,37.82,1.049906400014218,1.0266753505074182,0.03275040916113046,0.0334853696216343,0.019033757705230636,0.03438486418135514,0.03515650387259552,0.01998366403104158,0.03530209248554276,0.036094315936012415,0.0205167352734921,active_shallow,-0.23569219358364152
1107821,NIG005,K-NET,5638730924,138.4971,37.9207,1.0718055182094177,0.933619781819192,0.03472375377932322,0.03522361866692499,0.019152422080934876,0.03721711091362375,0.03775286885851446,0.0205276716734219,0.034746630971118075,0.035246825186734845,0.019165040348996163,active_shallow,-0.2584029638997249
1107831,NIG006,K-NET,5739534921,139.4963,38.4514,0.9977322529114454,1.314416674195369,0.034281829166942834,0.03657908664018804,0.023315168788526155,0.03420408664865918,0.03649613452295777,0.023262295882386815,0.04495842181662082,0.04797112776065293,0.0305763495878755,active_shallow,-0.16742542256463167
1107841,NIG007,K-NET,5739237842,139.4863,38.2306,1.1754093275852886,1.3716016001172693,0.06489404638689053,0.06893025650961337,0.04360827601678453,0.07627706742790352,0.08102126645424612,0.051257574390042374,0.10462174773636532,0.11112889871217162,0.07030497105151208,active_shallow,-0.17263593701355237
1107851,NIG008,K-NET,5739036221,139.4086,38.0514,1.124751848756162,1.242554210236676,0.04894482825429683,0.051488693896488615,0.030720664039197893,0.05505078606607319,0.05791200365011569,0.03455312367310478,0.06840358600323779,0.071958803958693,0.042934129296844904,active_shallow,-0.20227621001553672
1107861,NIG009,K-NET,5639724711,139.3377,37.951,1.1637477694897709,1.2100477527646454,0.0800437254312125,0.08473661240076887,0.051748854093905665,0.0931507069322252,0.09861204367551403,0.060222613525434315,0.11271680359177717,0.11932528184508481,0.07287223816206553,active_shallow,-0.18942655617373044
1107872,NIG010,K-NET,5639609042,139.0107,37.9144,1.3477677756676079,0.8254295280778916,0.10433960628757016,0.10918917265325061,0.0696899348911198,0.1406255590802324,0.14716164835385798,0.09392584853462495,0.11607648886728589,0.12147156995188962,0.077529168830251,active_shallow,-0.17527913485976948
1107881,NIG011,K-NET,5639516121,139.1457,37.8012,1.4669271871332192,1.0385069628664387,0.0637149995156348,0.07005335155226301,0.050617580927227956,0.09346526501766457,0.10276316594181571,0.0742523056090666,0.09706432850700164,0.1067202633567749,0.07711153638390238,active_shallow,-0.09994029825899484
1107891,NIG012,K-NET,5639432813,139.4771,37.6863,0.9472952726150948,1.609113233168357,0.024535310223164894,0.033106942737836056,0.028692499477395442,0.02324218338654891,0.03136205034629074,0.02718026911444778,0.03739930485502159,0.05046509023150869,0.043736130713135105,subduction,0.0679768288546793
1107901,NIG013,K-NET,5638571041,138.883,37.7634,1.3515141706356477,0.8877784624761399,0.11211341283720741,0.11824751571637614,0.0795657028648927,0.15152286616781035,0.15981319313314382,0.10753417491848784,0.13451873715643659,0.14187871088314483,0.09546652447277541,active_shallow,-0.14893166951343867
1107911,NIG014,K-NET,5638376634,138.9553,37.6412,1.4627338070244331,1.0786493344274335,0.09645645556841531,0.1027818878006251,0.0711569496209205,0.1410901184656712,0.1503425420357665,0.10408367581525485,0.15218676237728399,0.162166882903008,0.1122697876428854,active_shallow,-0.13211397676700065
1107921,NIG015,K-NET,5639413513,139.1884,37.6938,0.9689249027377345,0.8571169493103102,0.05736106621527229,0.06626557489050798,0.05118116788097873,0.05557856550356545,0.0642063657056455,0.049590708111080975,0.04763733051145926,0.055032364299924995,0.04250503645030778,active_shallow,-0.04950702366546628
1107931,NIG016,K-NET,5638367124,138.773,37.6458,0.9490207599308553,1.0587117435901503,0.033439594560833716,0.034957921410471465,0.02254619059515737,0.03173486944190211,0.03317579314256875,0.02139680293216215,0.03359807895944197,0.035123601802955116,0.02265304653956423,active_shallow,-0.17118782917765032
1107941,NIG017,K-NET,5638162734,138.8425,37.441,1.1328915764351966,0.8118794144504163,0.11589625407249163,0.11914986259324031,0.07232613583639674,0.13129788997911912,0.13498387566529307,0.08193767004516167,0.10659805403482242,0.10959062993538594,0.06652350757769727,active_shallow,-0.20477413649625764
1107951,NIG018,K-NET,5638044441,138.5583,37.3727,1.3477677756676079,0.9265062023598024,0.0642146298685076,0.06543971692677929,0.03753810934416951,0.08654640886319721,0.08819754172272323,0.05059265413355879,0.0801857846037196,0.08171556943899053,0.04687440784858651,active_shallow,-0.23316158860664646
1107961,NIG019,K-NET,5538766331,138.7898,37.3057,0.9742702703535254,0.8151317327635415,0.13378268827785228,0.13524210612186627,0.06971803826994948,0.13034049587708454,0.13176236329453084,0.06792421199378111,0.10624467425354715,0.10740368350529017,0.05536718061908892,active_shallow,-0.2830547601675881
1107962,NIG019,K-NET,5538766442,138.8121,37.3043,0.9479841808376895,0.9671884966082044,0.12844692122182397,0.13010681527330945,0.06838189391892237,0.12176564939559403,0.12333920269826885,0.0648249536908594,0.1177703353774463,0.11929225803059323,0.06269794950295877,active_shallow,-0.2737825740720316
1107971,NIG020,K-NET,5538678622,138.9621,37.2348,1.0310680219037491,1.1497924963147776,0.051265294468549404,0.05532046111567151,0.03791596518688849,0.052858005760000444,0.057039158413338696,0.03909393922381653,0.060775738393011806,0.06558319633976675,0.04494991797093021,active_shallow,-0.1310013404689024
1107981,NIG021,K-NET,5538555923,138.7468,37.1281,0.9825295112012751,0.8263331740686221,0.14178297379839191,0.14586408202597217,0.08450936864270675,0.1393059559427972,0.14331576521480113,0.08303294866444702,0.11511313274087524,0.11842657116402003,0.06861288002216946,active_shallow,-0.22471922396739577
1107982,NIG021,K-NET,5538664212,138.7783,37.2011,0.9319074040851661,0.9893229951489668,0.1423194464980396,0.14449633666950487,0.07746226285224822,0.13262854593682577,0.1346572060054945,0.07218765628920144,0.1312124703084728,0.13321947036374726,0.07141690833281693,active_shallow,-0.26417406645805624
1107991,NIG022,K-NET,5538464723,138.8461,37.0366,1.0415878367523266,1.4617914020724454,0.06347046137060057,0.0722166489066093,0.0545091850937884,0.06611006055667595,0.07521998311213744,0.05677610418497123,0.09663911811223762,0.10995592457735706,0.08299482094076033,active_shallow,-0.06610196581576694
1108001,NIG023,K-NET,5538451232,138.6546,37.0134,0.9414235455475864,0.9829121153588014,0.12065363809251886,0.12670708141924103,0.07812777044148614,0.11358617575627444,0.1192850298356886,0.07355132265475181,0.11164522828811632,0.11724670100643442,0.07229448613801984,active_shallow,-0.1887349909294462
1108011,NIG024,K-NET,5538535523,138.4442,37.1274,0.9329667114049829,1.3057660934412076,0.050273905971968,0.05095131364941137,0.02646074857367195,0.04690388072415031,0.047535879537255146,0.02468699757809281,0.06124549710040611,0.062070739721653494,0.0322354443863388,active_shallow,-0.27874050233635045
1108021,NIG025,K-NET,5538519724,138.2234,37.161,1.3121531858611872,1.1002158625474951,0.03699184736887724,0.039189927243248206,0.025735750740568903,0.04853897037596305,0.05142318788589627,0.033769247324766896,0.053403345159357504,0.05657660701482327,0.037153461572998106,active_shallow,-0.1575691788510094
1108031,NIG026,K-NET,5538422031,138.2506,37.0224,1.076163170410919,0.7560929483835187,0.06009455828442945,0.06299461079981442,0.03901664686717687,0.06467155036781536,0.0677924800771302,0.041988278391384304,0.048897703194134744,0.05125741613974832,0.031747041206489746,active_shallow,-0.18758520438502474
1108041,NIG027,K-NET,5537462844,137.8613,37.0235,0.9209098240480584,1.0983387987374724,0.030280218015326335,0.035070324728628026,0.026370381322877844,0.027885350244631023,0.03229660657514911,0.02428474322413164,0.030627562090061723,0.035472616069046024,0.02667287570044072,active_shallow,-0.06004258787235475
1108051,NIG028,K-NET,5638171022,138.8856,37.4257,0.9825295112012751,0.8224209628774853,0.08956848669015413,0.09260599695104853,0.0577701661627569,0.08800368144671505,0.09098812491862047,0.05676089312190998,0.07237607243217088,0.07483054130598876,0.04668134837510724,active_shallow,-0.19045161993485402
1108112,OIT001,K-NET,5031441723,131.5949,33.6788,1.3471945491070543,0.6562936348413013,0.06269339682766287,0.12941554965253171,0.11544747696716004,0.0844602024712329,0.17434792306158406,0.1555302116783202,0.0554306932792777,0.11442343215311855,0.10207348795000178,subduction,0.2651626448807807
1108121,OIT002,K-NET,5031228114,131.2675,33.5691,1.071150509722719,0.5958487743945378,0.055036092855358355,0.09137284393753219,0.07747492772761341,0.058951938915163996,0.09787406835850206,0.08298730832616392,0.03512644055078212,0.05831814367642066,0.04944788595644639,subduction,0.14851358506878073
1108131,OIT003,K-NET,5031236544,131.4489,33.5583,1.1511306330733377,0.8120665060806662,0.05022496979090719,0.09609348758240581,0.0838218657747549,0.057815501271496254,0.11061615719495972,0.09648991741468195,0.04695003211484628,0.0898276762893807,0.0783562301069528,subduction,0.2224376392797426
1108132,OIT003,K-NET,5031236543,131.446,33.5575,1.1556799020166373,0.7972607012640797,0.05022496979090719,0.09609348758240581,0.0838218657747549,0.058043988166744186,0.1110533123136717,0.09687124562542046,0.04627619070998241,0.08853844165289676,0.07723163721964763,subduction,0.2224376392797426
1108141,OIT004,K-NET,5031257843,131.7316,33.5659,1.1948150302817984,0.6619606234943117,0.02942027093859779,0.07376823889911438,0.07172153589656,0.035151781912399434,0.08813940059408028,0.08569396908410543,0.023269095471668,0.05834481257167229,0.0567260332046167,subduction,0.3870029133482502
1108151,OIT005,K-NET,5031104913,131.1134,33.4537,1.0132281491752122,0.7305198453850641,0.03619779435383133,0.05781306562383689,0.05215910632071095,0.03667662417735747,0.058577825480185336,0.052849074759967064,0.02679300182328928,0.04279226401277826,0.03860729792239483,subduction,0.1586480333073767
1108161,OIT006,K-NET,5031120532,131.3173,33.4211,0.9307711929879248,0.6646013881887585,0.04431928334344552,0.07803953439757716,0.07128735093023611,0.04125111222994865,0.07263695053145508,0.06635221267028471,0.027415546452354146,0.04827461815700322,0.044097772650066945,subduction,0.20641974733543103
1108171,OIT007,K-NET,5031049933,131.6148,33.4152,0.994261836007014,0.7699332361849854,0.03888024962652894,0.09347394880004894,0.09019496973992137,0.038657148378083685,0.09293757995276229,0.0896774162122113,0.02976342335242113,0.0715557316962311,0.06904562327697572,subduction,0.36545327259205507
1108172,OIT007,K-NET,5031140911,131.6142,33.4169,0.994261836007014,0.6750921953184643,0.03784665507589238,0.09046292056920559,0.08729414224021455,0.03762948476248094,0.08994382949569502,0.08679323413641316,0.025403371477005957,0.060720377309598395,0.05859343497194063,subduction,0.3629575997530698
1108181,OIT008,K-NET,4931700141,131.0197,33.2548,1.1373587786428359,0.735792703398671,0.06285317616107437,0.09813577521375802,0.0865043924275874,0.07148661167238256,0.1116155854382877,0.09838653011868138,0.05259932725923335,0.08212593335106304,0.07239209097403934,subduction,0.13871093137567453
1108191,OIT009,K-NET,4931720743,131.3443,33.2568,1.0031209601234747,1.176280995638743,0.0693400396669607,0.13291705118465533,0.12054340676989594,0.06955644716572144,0.1333318800011325,0.12091961793557258,0.08181792692518844,0.15683575655811755,0.14223544857751172,subduction,0.24015937547077437
1108202,OIT010,K-NET,4931647734,131.5934,33.2317,1.1729022883401579,0.800790482994568,0.05526545762314348,0.14927829585026486,0.1421716896187791,0.06482098171235101,0.17508885480229475,0.16675350009105266,0.051908025253615625,0.1402094886040954,0.1335346158789488,subduction,0.4103593542299337
1108211,OIT011,K-NET,4931679041,131.8816,33.2468,0.760306970403065,0.8939386964008434,0.01882279881508976,0.07346388420102686,0.07223598272600736,0.0143111051416073,0.055855103230924324,0.05492152118049879,0.012793250674343839,0.04993103816958703,0.0490964730484464,subduction,0.5840693851069102
1108221,OIT012,K-NET,4931427944,131.3729,33.0666,1.1768501678950711,0.8023174802968763,0.05014931704506636,0.11645036786262385,0.1120768050251615,0.059018232184309495,0.13704463497057168,0.13189760681100446,0.047351359337691204,0.10995330621779426,0.10582375555379321,subduction,0.34925071902815463
1108231,OIT013,K-NET,4931457043,131.6328,33.0647,0.994261836007014,1.0033491721243086,0.018865779853466783,0.06470180948641993,0.06396319844187363,0.01875752491481202,0.06433053989294392,0.06359616711969826,0.018820347094377732,0.0645459939438951,0.06380916162982843,subduction,0.5302554099459359
1108232,OIT013,K-NET,4931448732,131.5934,33.0727,1.0258293389806439,0.9462428025703766,0.01949198757985653,0.06263144906772446,0.06176063181616556,0.019995452734463143,0.06424917799654364,0.06335586811100404,0.018920553234121906,0.06079532225029243,0.05995003420063561,subduction,0.5008556042371601
1108241,OIT014,K-NET,4931467843,131.8588,33.0656,1.1572100332007362,0.7041933121571371,0.016197376270184007,0.07794436428341993,0.07768561129437677,0.018743766331384453,0.09019800038022666,0.08989856882518524,0.013199234895197049,0.06351682863770253,0.06330597093919355,subduction,0.6808959163671783
1108251,OIT015,K-NET,4931336144,131.3998,32.9733,0.994261836007014,0.7940962441761282,0.02055180923149088,0.05507373058077937,0.05387003716865597,0.02043387957976802,0.05475770848300133,0.05356092206107397,0.016226467028241067,0.043482890646042674,0.04253252704330917,subduction,0.41849721517997546
1108261,OIT016,K-NET,4931376233,131.903,32.9748,1.3121531858611872,0.8753922239566952,0.015225851845431416,0.08521404353168513,0.08501903300311524,0.01997865000643327,0.11181387870021454,0.11155799501387507,0.017489154860784065,0.09788099994460497,0.09765700135534602,subduction,0.7469345614507595
1108271,OIT017,K-NET,4931252243,131.6576,32.8579,0.760306970403065,0.8542235072961952,0.015486685055549041,0.0697007846716259,0.06944123630393662,0.011774634596170914,0.05299399242840028,0.052796655995289384,0.010058169661872238,0.0452687140778161,0.04510014465780679,subduction,0.6516589778162211
1108281,OIT018,K-NET,4931175433,131.9255,32.798,1.1948150302817984,0.7899523313713671,0.015393697134087584,0.09360801089056917,0.09339289155827935,0.01839262070741369,0.11184425836683431,0.11158723055531025,0.014529293607850727,0.0883516326473823,0.08814859292844159,subduction,0.7829708841924115
1108291,OKN001,K-NET,4028018344,128.1736,26.7402,1.0550824722180738,0.8473509604692582,0.014593454441628895,0.06587477884904631,0.06500954964233453,0.015397297990475645,0.06950332452487067,0.06859043635441792,0.013046915240860917,0.058893708791955705,0.058120172123921544,subduction,0.6488190507937928
1108301,OKN002,K-NET,3927770833,127.9767,26.5916,1.1948150302817984,0.797676826127103,0.014401849765210343,0.06572272896452919,0.06490844477981779,0.017207546563333707,0.07852650439795637,0.07755358541514243,0.01372606112807437,0.06263877279501784,0.061862697868728,subduction,0.653882927258846
1108311,OKN003,K-NET,3927465841,127.8572,26.38,1.0550824722180738,0.745144834152231,0.018566431961984983,0.0922967782066251,0.08842880086471935,0.019589116934719777,0.09738071292800925,0.09329967783162783,0.014596729289510429,0.07256273518436747,0.06952177296430491,subduction,0.6778652853996401
1108331,OKN005,K-NET,3927260611,127.8267,26.1686,0.9540860695309771,0.7983797837580783,0.027515563418700578,0.1594365048207084,0.15825159458122806,0.02625221575307837,0.15211614822414635,0.15098564187101354,0.020959238336113125,0.12144645752530574,0.12054388410755444,subduction,0.7597696847571173
1108341,OKN006,K-NET,3926451944,126.7479,26.3497,1.0550824722180738,0.6255720614262774,0.01852715249346107,0.04905030769936727,0.04671473948800049,0.019547673855962157,0.051752119910505635,0.04928790282802284,0.012228478630162796,0.03237468033559491,0.030833134975504297,subduction,0.40164525515600685
1108351,OKN007,K-NET,3725222323,125.2964,24.853,1.0550824722180738,0.6928114806602291,0.03254844416798805,0.12522410813070722,0.12197121341130764,0.03434129293961278,0.13212176158784997,0.12868968938544073,0.023792042009279802,0.09153547327311612,0.08915769424883216,subduction,0.5737271104430044
1108361,OKN008,K-NET,3725130042,125.3864,24.7558,1.0550824722180738,0.7354759105450049,0.03853193496249994,0.17068050761473083,0.16720939362575396,0.040654369199580466,0.18008201193358597,0.17641970040474553,0.029900309204694248,0.1324459816996306,0.1297524397932572,subduction,0.6374398533628087
1108371,OKN009,K-NET,3624410233,124.1526,24.3413,1.2982735279254205,0.6701359291317454,0.019384845997358936,0.07842427332473373,0.07729061402211765,0.025166832401282153,0.1018161580042895,0.10034435814201666,0.01686519861453613,0.06823066564482914,0.06724435967662895,subduction,0.6006644023797224
1108381,OKN010,K-NET,3624621221,124.282,24.5088,1.3477677756676079,0.7614702536006708,0.016343817715529767,0.0586479684703747,0.057590645123462146,0.0220276708483764,0.07904384201274091,0.07761881567731115,0.016773416107145278,0.060189534423013176,0.05910441925798584,subduction,0.5469984335562498
1108391,OKN011,K-NET,3623561234,123.7798,24.4324,1.0550824722180738,0.6912152130348443,0.0367893929119526,0.09318789800798438,0.08914024666935193,0.03881584362494503,0.09832091781106989,0.09405031183002875,0.026830101620343584,0.06796091415056009,0.06500900632758687,subduction,0.3843512102469201
1108421,OKY003,K-NET,5234620644,134.3346,35.1732,0.9472952726150948,0.7585068175502028,0.02216767193689996,0.04367485328832986,0.039631556137926814,0.020999330830707635,0.041372982052192704,0.03754278577583781,0.015928135599083904,0.031381688948970345,0.02847645896079976,subduction,0.25232103967048314
1108431,OKY004,K-NET,5233345011,133.5018,34.9586,0.760306970403065,0.8199789868345845,0.01800104011053724,0.04276179939122943,0.04151985642395721,0.013686316270546624,0.032512094144129276,0.03156783624926914,0.01122249174902051,0.02665923401617375,0.02588496238423578,subduction,0.36295824343337946
1108441,OKY005,K-NET,5233451821,133.7318,35.0096,1.0036443630180274,0.8690721840627172,0.01708016499008326,0.043058261485828496,0.04202964315031127,0.017142411311714924,0.043215181421608004,0.04218281442746915,0.014897992838773518,0.03755711210274343,0.03665991066439291,subduction,0.391063641126414
1108451,OKY006,K-NET,5234408012,134.0054,35.0685,0.9373284043084945,0.721854299719855,0.018166968332713005,0.043539679707137506,0.04178337148771497,0.017028415438424833,0.040810978503994136,0.03916474092320892,0.012292034901642926,0.029459580308882745,0.028271236632832524,subduction,0.36172102098839287
1108461,OKY007,K-NET,5233143842,133.6104,34.7805,0.760306970403065,0.9279193794766644,0.015603554730718441,0.05073983470400188,0.04969871464771354,0.011863491424830952,0.03857785000255197,0.03778627916672951,0.011008363601355866,0.03579713463591186,0.035062620717123655,subduction,0.5031216081536088
1108471,OKY008,K-NET,5233274214,133.9039,34.8688,1.0375707092831326,0.6948026183958877,0.015684214283164997,0.04961229369866366,0.04896696629328058,0.016273481338332143,0.05147626276208554,0.05080668994836238,0.011306857444289789,0.035765842152331764,0.03530062120815021,subduction,0.49444043135642335
1108481,OKY009,K-NET,5234300712,134.0931,34.9185,1.0667324139585916,0.7052466182630279,0.01716418960603264,0.049224199905166396,0.048135846593892924,0.018309597412086168,0.052509049590018425,0.05134806783504385,0.012912781656631258,0.03703182965156613,0.03621305119500523,subduction,0.4478453110478998
1108491,OKY010,K-NET,5234019513,134.1884,34.7454,1.3121531858611872,0.6742393557540256,0.016305211259706423,0.05845059220019069,0.057902882227875985,0.021394934900563486,0.07669613077095327,0.07597745138585259,0.014425307123755242,0.051711549799834035,0.05122698787423005,subduction,0.5503737519648934
1108501,OKY011,K-NET,5133778241,133.9075,34.6554,1.334790465074054,0.8678166359517685,0.014888539919340447,0.06116488301305747,0.06081077636093875,0.019873081123210054,0.08164230264319909,0.08116964446033173,0.017246190406340744,0.07085054843117722,0.07044036779696618,subduction,0.6111284383104248
1108511,OKY012,K-NET,5133760034,133.754,34.5897,1.334790465074054,0.7363219872309233,0.016076988574079833,0.06766945898956321,0.06723726246985465,0.021459411055786273,0.09032454863598871,0.08974765684244353,0.015801036193401796,0.06650795114738739,0.06608317303554699,subduction,0.6214053199434185
1108521,OKY013,K-NET,5133641021,133.509,34.5094,1.1725456285907203,0.6071481466706602,0.015599496260190788,0.06304773801451057,0.06205754258589835,0.018291121148104,0.07392634960144734,0.07276530028017758,0.011105420305599861,0.044884246150646054,0.04417931720704389,subduction,0.599683999660043
1108531,OKY014,K-NET,5133563244,133.787,34.4483,0.9891326249515919,0.7794283996069071,0.015708401951736832,0.07385015270250289,0.0735614914369331,0.015537692856316163,0.07304759539570259,0.07276207112036769,0.01211051907658218,0.056935370374405346,0.05671282464543214,subduction,0.6705185202341479
1108541,OKY015,K-NET,5233773431,133.926,35.2793,0.933457011929744,0.8587651478888195,0.022560660368219524,0.03856336261618392,0.03522249697909072,0.021059406614479994,0.03599724123766623,0.032878686782806456,0.018085084435734696,0.030913176195053956,0.02823507031742696,subduction,0.19346833291497836
1108552,OSK001,K-NET,5235336113,135.39,34.9707,0.9689249027377345,0.8136967280944943,0.03562620262780868,0.05307633085712247,0.045886852289007976,0.034519114916064346,0.0514269787134132,0.04446091389106784,0.028088090863919415,0.04184596431488953,0.036177700161252956,subduction,0.10991873364689887
1108561,OSK002,K-NET,5235242743,135.5958,34.8572,0.9566536251817602,1.0114277948812027,0.09776709681695583,0.13335379563867375,0.10329582477196596,0.09352924759343693,0.12757339202948484,0.09881832523424111,0.09459808065032796,0.12903127458589705,0.09994760078552199,subduction,0.023890048595989873
1108571,OSK003,K-NET,5235132712,135.4684,34.7668,1.1630536363178214,1.0256185077086688,0.10176807574452029,0.1704044704358777,0.1331389414325993,0.1183617305557318,0.19818953898526026,0.15484772996869006,0.1213939814623852,0.20326685921753165,0.15881469773256282,subduction,0.11669353677069388
1108581,OSK004,K-NET,5235058133,135.6396,34.7407,1.1319420893826064,0.9371258610555012,0.09119947178700169,0.14414178134225247,0.12508787404465338,0.10323252064516876,0.16316014913988006,0.14159222950253325,0.09674186479853358,0.1529015952526541,0.1326897399913296,subduction,0.13722288847574063
1108591,OSK005,K-NET,5235047022,135.5101,34.7256,1.1948150302817984,0.8850142898285772,0.10723927131079422,0.18638913390403453,0.15311926090968886,0.12813109319860458,0.22270053866974718,0.18294919436053647,0.11339784845212227,0.1970931590752479,0.16191265132170052,subduction,0.15467596984825283
1108611,OSK007,K-NET,5135646834,135.606,34.5575,1.0078654532806306,0.9362900534872908,0.10121480831884487,0.18435082316591292,0.16439609856576914,0.10201090866498473,0.1858008259527702,0.16568914839855614,0.09551179913022569,0.173963465269302,0.15513310161634777,subduction,0.21064744970972632
1108621,OSK008,K-NET,5135533024,135.3874,34.4438,1.044936274039094,0.9429783977783875,0.08204594841255679,0.18101777875217326,0.15484869960689943,0.0857327876342208,0.189152043264129,0.16180702320703239,0.0808441667203923,0.1783662906937166,0.15258052749305778,subduction,0.2758504229587001
1108631,OSK009,K-NET,5135542614,135.5805,34.4364,0.9753134825846782,0.7654105235666396,0.039835326028766195,0.08143337429193456,0.07458938577393912,0.03885193055901204,0.07942306787928831,0.07274803360303261,0.02973767651074813,0.060791251968754824,0.05568211048854069,subduction,0.2724086548920693
1108641,OSK010,K-NET,5135424034,135.2553,34.3744,1.358230509720901,1.1399938836037358,0.06632133297303361,0.14924393141388753,0.13990975511515147,0.09007965788933305,0.20270766103703566,0.19002969800497863,0.10269025903095667,0.23108549374183995,0.21663269342874067,subduction,0.32419475005563814
1108651,SAG001,K-NET,5029273013,129.8772,33.5274,0.9769332529791673,0.7240160040712416,0.022806473158519986,0.03091998796734869,0.02654144891476702,0.022280402011734996,0.030206764427018667,0.025929224027083735,0.016131367633637223,0.02187018087637138,0.018773173168757193,subduction,0.06586649734334106
1108662,SAG002,K-NET,5029170341,129.9192,33.4228,1.001244399997627,0.8368441561269071,0.02403187632881769,0.033856087450862424,0.029778864342053606,0.024061781595664244,0.033898217966005936,0.029815921160770194,0.020135961314333588,0.028367525607968198,0.024951279382931124,subduction,0.09312045092105964
1108671,SAG003,K-NET,5030014643,130.2081,33.3732,0.9856643958732336,0.7262086518925286,0.0213016575487042,0.028497101456664613,0.023929201103332944,0.02099628541884203,0.02808857829142157,0.023586161549245782,0.015247684128768027,0.020398168574591,0.017128474581997174,subduction,0.05051480099824483
1108681,SAG004,K-NET,4929771043,129.8813,33.2649,1.053594703427668,0.8076786210414683,0.01678296869981084,0.02371446926320405,0.021004726384647156,0.017682446929913036,0.02498543921031002,0.022130468465811633,0.014281734352991106,0.02018020508749863,0.017874306253468437,subduction,0.09744824401390081
1108691,SAG005,K-NET,4930708531,130.0645,33.3213,0.760306970403065,0.8068580229547145,0.018823176110088564,0.026098708529416266,0.022652455221711797,0.014311392001624786,0.019843030013433113,0.01722281960181079,0.01154726145616089,0.016010507966069704,0.013896370173622757,subduction,0.08042237505901932
1108701,SAG006,K-NET,4930603221,130.0314,33.1918,1.4430876095637863,0.7226804200424984,0.02028833495638164,0.027088322719787086,0.0229761845278459,0.029277844794234186,0.03909082288078995,0.03315664720718559,0.021158525173836238,0.028250172299296192,0.023961659730889817,subduction,0.05403150413415923
1108711,SAG007,K-NET,4930721431,130.3005,33.2626,1.4160831242577616,1.1546703148986812,0.048372125037602035,0.06431287952562802,0.054478195918076004,0.06849894995023459,0.09107238336866436,0.0771456538795955,0.07909370410926637,0.10515857758286909,0.0890777964582172,subduction,0.051627550375998185
1108721,SAG008,K-NET,4930502724,130.0998,33.1041,1.1625339634924796,0.794618937906643,0.02364748410517353,0.02904362855817226,0.023682939637898776,0.027491003423412794,0.03376420462193537,0.027532221684399612,0.02184487194230016,0.026829676415944848,0.021877624753067863,subduction,0.0006506658456886068
1108731,SIG001,K-NET,5336214643,136.2066,35.5399,1.040045609542964,0.7832694692244941,0.0325203815778069,0.051751209638357644,0.04538426475911754,0.03382268008065995,0.053823618372911386,0.047201705305055665,0.026492272674528392,0.04215839699469203,0.03697165466078194,subduction,0.14474967137165204
1108741,SIG002,K-NET,5336100142,136.0243,35.4214,1.334790465074054,0.6489866472709277,0.05647119046769284,0.09041592184894945,0.07420062916490341,0.07537720658765722,0.12068631037485857,0.09904229231180885,0.048918800583971744,0.07832380394167804,0.064277125225468,subduction,0.11858064459752739
1108751,SIG003,K-NET,5336025113,136.2642,35.3773,1.3512247223294995,0.9104226832315776,0.05390282104490321,0.10984607383765099,0.10207624418124436,0.07283482439917605,0.14842673062026568,0.1379279447002401,0.06631047626219863,0.13513106235459285,0.12557272950660925,subduction,0.27731318722003073
1108761,SIG004,K-NET,5335071332,135.9187,35.3474,0.9996897245022266,0.7848954284091998,0.03216043195178782,0.05332682414484049,0.04577532592679457,0.03215045335775537,0.05331027813793427,0.045761122964756894,0.025234743861785397,0.04184299359768752,0.03591769621390893,subduction,0.15330957203022805
1108771,SIG005,K-NET,5236619934,136.2414,35.2499,1.3781561417036503,0.6844797126142077,0.04460484467172786,0.10074291424696508,0.09708372379966655,0.06147244063407909,0.1388394660025791,0.1337965302139713,0.0420766384989084,0.0950327977889554,0.09158101054963724,subduction,0.33776439467427144
1108781,SIG006,K-NET,5235674321,135.921,35.2002,1.047350662854724,0.7868276004446979,0.04880722774851759,0.08537478139833685,0.07593530920344868,0.05111828233451138,0.08941733388862526,0.0795308964283104,0.04022127542811818,0.07035602626174937,0.06257710439790327,subduction,0.19195962528164262
1108792,SIG007,K-NET,5236506721,136.0957,35.1339,1.2133517188466794,0.9829372907773964,0.05009304910443423,0.10665915475723108,0.10245180566248413,0.060780487233136386,0.1294150687554203,0.12431007449952107,0.05974340745306921,0.12720689706822333,0.12218900784489556,subduction,0.31074214954680585
1108801,SIG008,K-NET,5236428323,136.2946,35.0704,0.9171100968097246,0.7799484011430206,0.03557418690378468,0.10115479801971113,0.09894442036781163,0.032625445995257206,0.0927700866046254,0.0907429269423058,0.02544616444057882,0.07235588072117713,0.07077480078368933,subduction,0.4442563261996698
1108811,SIG009,K-NET,5236400641,136.0841,35.0052,1.0580796723726595,0.7450221808235934,0.035999643099325455,0.08262833893327487,0.07967389475508965,0.03809049057606695,0.08742736578721655,0.08430132845911902,0.02837826035762193,0.06513532672245409,0.06280635957493891,subduction,0.3450178524168269
1108821,SIG010,K-NET,5235376141,135.8965,34.9719,0.9289147877735217,0.8118406947866688,0.037086640188035674,0.06803420128178328,0.06193067969184176,0.034450328499502116,0.06319797564500877,0.057528324182617135,0.027968178624664775,0.051306688456754894,0.04670383467432861,subduction,0.22268835562272205
1108831,SIG011,K-NET,5236205423,136.0591,34.8781,0.9659675293079798,0.8160606849383429,0.033848867860074544,0.07862833893327487,0.07419085008642096,0.03269690725666849,0.07595242229296596,0.07166595215523877,0.026682660531242363,0.061981785759124074,0.058483766002562665,subduction,0.34080619984342636
1108841,SIG012,K-NET,5236218821,136.2324,34.9018,0.9935524415270401,0.6612176622588102,0.04123683418904519,0.11993585985020369,0.11649105453952165,0.04097095728937157,0.11916256638081478,0.11573997165380133,0.02709072059938383,0.07879239357108264,0.07652931348682747,subduction,0.45100726026969234
1108851,SIT001,K-NET,5439219521,139.1938,36.2431,1.1606352595534994,0.9626093817894784,0.05372084248953517,0.12174249106473668,0.11760489055895745,0.06235030396627431,0.14129862771561025,0.1364963826786565,0.06001898755536138,0.13601538467302524,0.1313926985468016,subduction,0.3402825671286909
1108861,SIT002,K-NET,5439137131,139.3888,36.1478,1.1689992844462092,0.9441177293633398,0.04029274013042171,0.10341849663238721,0.09961704557621615,0.04710218438084003,0.12089614856176334,0.11645225499724209,0.04447000736569206,0.11414019726890501,0.10994463856723684,subduction,0.3931068545296783
1108871,SIT003,K-NET,5439058542,139.6969,36.0721,1.6698569013048457,1.327753866545424,0.043369815380379644,0.14205911294886633,0.14032702298950203,0.07242138552124398,0.237218390150909,0.2343260477785837,0.09615777464640848,0.3149676347385504,0.3111273159703223,subduction,0.5099537384168378
1108881,SIT004,K-NET,5439104812,139.1044,36.1178,0.8567733499560941,1.3995440359634626,0.02319568863985153,0.053062370942166794,0.051554893873035135,0.01987344786050411,0.04546242530873315,0.04417085913023122,0.027813765427199363,0.06362666620127186,0.061819062459097365,subduction,0.346862626690674
1108891,SIT005,K-NET,5439026133,139.2626,36.0563,0.9044040020423467,1.474206660432772,0.024647509598078855,0.06088019864071829,0.05860666996374909,0.02229130632087967,0.05506029529579866,0.05300410686158967,0.032861992247987956,0.0811702540504616,0.07813900736564589,subduction,0.3761740010248961
1108901,SIT006,K-NET,5339709541,139.0713,35.9959,0.9232629127745147,1.5477580841107228,0.028049354264708132,0.0676797275318279,0.06524211631902842,0.025896928519878685,0.06248618237682094,0.06023562634827987,0.04008218047027977,0.09671349391894159,0.09323017763202303,subduction,0.3666051725675583
1108911,SIT007,K-NET,5439036132,139.3933,36.0542,1.0669905813491392,1.259546778391577,0.0317975251487511,0.08488585806570031,0.08262918529773164,0.033927659843929814,0.09057241104584209,0.08816456245723242,0.04273347465478707,0.11408018854394808,0.11104739061131008,subduction,0.41474015126777974
1108921,SIT008,K-NET,5339766033,139.7526,35.9745,1.4692318701247515,1.3283488497342548,0.04246313470961032,0.14672492645296814,0.14501425053407638,0.06238819082076002,0.215572938086411,0.2130595585069203,0.08287328151375777,0.2863560643409178,0.28301741946755576,subduction,0.5333986309413781
1108922,SIT008,K-NET,5339757943,139.7456,35.9829,1.4412803156986225,1.326115056279565,0.04255199278040921,0.14592587682847863,0.1441894020893985,0.0613293495881537,0.21032009382394798,0.2078173469638039,0.08132977388068355,0.2789086430580682,0.2755897127647747,subduction,0.5300134373156096
1108931,SIT009,K-NET,5339638823,139.4837,35.9032,1.1454879530843316,0.9568670572427352,0.04819914037923246,0.14429524863230564,0.1407380705949534,0.05521153465343134,0.16528846899561447,0.16121376440685134,0.05283009868968415,0.1581590909239907,0.15426014033500746,subduction,0.4653723001422632
1108932,SIT009,K-NET,5339638823,139.4826,35.9033,1.1454879530843316,1.012702072408409,0.04819914037923246,0.14429524863230564,0.1407380705949534,0.05521153465343134,0.16528846899561447,0.16121376440685134,0.055912835564378614,0.16738797509707184,0.16326151331557937,subduction,0.4653723001422632
1108941,SIT010,K-NET,5339658144,139.6478,35.9071,1.53700956360571,1.3477922842277514,0.04729715040304284,0.152807023805275,0.15028067688762217,0.0726961725007745,0.23486585697483306,0.23098283760141486,0.09797934038943351,0.31655038985921863,0.3113168863082187,subduction,0.5020681667249421
1108951,SIT011,K-NET,5339557721,139.7214,35.8098,1.480548283422141,1.3069451315850358,0.047796250503484884,0.1566557387079176,0.15421678146971698,0.0707646566369492,0.23193638503223488,0.22832539107987693,0.09248552347994744,0.30312812925531174,0.2984087582890945,subduction,0.5087378064536277
1108961,SIT012,K-NET,5339620543,139.3216,35.8403,0.9976295903660514,0.8799148293181187,0.03395195097204448,0.1004277913456685,0.09319227259053806,0.033871470940369,0.10018973634154654,0.09297136872977987,0.029804009571248406,0.08815843475239925,0.08180688604733613,subduction,0.4385151675021589
1108971,SIT013,K-NET,5339535732,139.4659,35.7966,1.1852537801549627,0.9646893079069556,0.050436295778884734,0.1551256545303442,0.14863291745907115,0.05977981022893692,0.18386326843110326,0.17616772727382463,0.057668943756562306,0.17737092917231181,0.16994712289932717,subduction,0.46937181953812734
1108981,SIT014,K-NET,5338769413,138.801,35.9954,0.7950712123478607,1.3114083629024147,0.02884243854935172,0.062361509791824934,0.06129430539480863,0.022931792584501745,0.04958184119402924,0.04873333770027052,0.030072944571659165,0.06502204118994939,0.06390930661228228,subduction,0.32738815184339604
1109001,SMN002,K-NET,5333106532,133.0681,35.4713,1.3121531858611872,1.2819761207922395,0.024255296151081154,0.033607776355840176,0.02671061983450006,0.03182666411864773,0.04409855081502597,0.035048424912166275,0.040801023404581575,0.05653328910640645,0.04493124380877701,subduction,0.04187738455747716
1109011,SMN003,K-NET,5233601732,133.0934,35.1798,0.9500612210744527,0.7962473367191787,0.02396528886011023,0.036236482386951714,0.0322600378314715,0.022768491597838305,0.03442687670399024,0.030649010934075852,0.018129350795891747,0.02741230888711177,0.024404193329334883,subduction,0.12908220432382558
1109021,SMN004,K-NET,5232774231,132.9022,35.2875,1.0681549817117522,0.7578929412951468,0.02288608240326717,0.03311408075132691,0.02892442373287514,0.0244458829309155,0.035370970319335074,0.030895767303412217,0.018527362117068374,0.026807408731784197,0.02341568395515351,subduction,0.10169325785303171
1109031,SMN005,K-NET,5332053923,132.7449,35.3608,1.334790465074054,0.7590445257323659,0.03396129157255536,0.05068053820621721,0.04475622154354444,0.04533120817264673,0.06764789916248003,0.05974017776906508,0.034408405408281786,0.051347767536575564,0.04534545490188723,subduction,0.11986921652159074
1109041,SMN006,K-NET,5232632944,132.4981,35.1908,0.9518040174554308,0.8055130065705524,0.023641192456139458,0.0348392162461187,0.03020969444203678,0.022501781957190558,0.03316010598805429,0.028753708536031604,0.018125478037531575,0.026710896672635792,0.023161486212912172,subduction,0.10647695412273782
1109051,SMN007,K-NET,5232449714,132.5919,35.0773,0.994261836007014,0.8512701017680459,0.023942008738967947,0.035101874748257565,0.03037832491217694,0.023804625566502244,0.03490045443449081,0.030204009101998656,0.020264166028546592,0.029709713398200038,0.02571176990206138,subduction,0.10340323781692927
1109061,SMN008,K-NET,5232242214,132.5308,34.8521,1.019351741020334,0.7360755436899347,0.02101457684326452,0.03770717829228126,0.03432933774530548,0.021421245491987286,0.038436877841201054,0.034993670198752214,0.015767654922030104,0.02829244575470567,0.0257579848172528,subduction,0.21314477611090463
1109071,SMN009,K-NET,5232411724,132.2219,35.0117,0.9669806464826202,0.8847069164960688,0.017529462150683465,0.03084737397582253,0.028319079400202923,0.01695065064296052,0.029828813629432023,0.027384001706200874,0.014996357862935707,0.026389757728830714,0.02422681571081606,subduction,0.2083105401353808
1109081,SMN010,K-NET,5232206631,132.0757,34.8876,0.9466080715293105,0.7008118605277095,0.016800110129351002,0.03119657579295682,0.028924780633549686,0.015903119851024987,0.029530930449688825,0.027380430814932816,0.011145095010991972,0.020695626311560814,0.019188530661463296,subduction,0.23595794527801445
1109091,SMN011,K-NET,5132608131,132.0136,34.5722,0.9594245344710436,0.7121882705322514,0.019669214257672093,0.037140307852324694,0.033748374827285564,0.01887112673257826,0.03563332257132786,0.03237901880782274,0.013439795110669847,0.02537763437539183,0.02305995740627452,subduction,0.23446585282005783
1109101,SMN012,K-NET,5131472442,131.9354,34.3551,0.9543505879345014,0.7692762007217727,0.02360269816909954,0.041156613114570216,0.036692968546853416,0.022525248874520724,0.0392778379232829,0.03501795610575173,0.01732813787450369,0.03021550593018863,0.026938480230074495,subduction,0.1916211959429339
1109111,SMN013,K-NET,5231060723,131.8461,34.6696,1.0206804754224925,0.6634102931883832,0.018967292602468735,0.033014739997858596,0.029864316560701158,0.019359545230965315,0.03369750051696429,0.030481924825344273,0.012843321577668465,0.022355268697674974,0.0202220226853279,subduction,0.1971472364722177
1109121,SMN014,K-NET,5131566122,131.7747,34.4668,0.9914345853713952,0.7988172811649954,0.023204753916984903,0.0377385243686682,0.03211486083422983,0.023005995578331186,0.037415278259978854,0.031839783735444716,0.018377586838376425,0.029887970853668067,0.02543416947642939,subduction,0.14112907724274582
1109131,SMN015,K-NET,5333013343,133.1706,35.3653,1.091277929718205,0.6312599782853261,0.027662728862557554,0.03582275292786018,0.02911216368484651,0.030187725483487842,0.03909257965192202,0.03176946171561681,0.019056302933189922,0.024677580982189674,0.020054789712736765,subduction,0.02217946442461168
1109141,SMN016,K-NET,5232663531,132.8144,35.1959,0.9778903631091587,0.8896250419168203,0.023388894270724457,0.034259558564851404,0.029991883058944697,0.02287177431112046,0.03350209216494203,0.029328773414838853,0.020347303180242596,0.029804300146537732,0.02609161127854494,subduction,0.10799404339898538
1109191,SZO001,K-NET,5239507612,139.0798,35.1425,1.0500286338932763,1.3300703222554615,0.06593901077330179,0.14704399565600892,0.14154843906940698,0.06923784940256411,0.1544004058808879,0.14862991410577506,0.09209120866714356,0.20536339760636663,0.1976882377514698,subduction,0.3317626570226583
1109201,SZO002,K-NET,5239305833,139.103,34.9653,1.0,0.8337994595110902,0.08178900032121061,0.1580654963723596,0.15097673517460092,0.08178900032121061,0.1580654963723596,0.15097673517460092,0.06819562426177779,0.1317949254426256,0.12588432018733126,subduction,0.26621512966121
1109211,SZO003,K-NET,5239107434,139.0544,34.8158,1.0,1.148665360645598,0.08772969362626382,0.19200083616729466,0.18629103720434603,0.08772969362626382,0.19200083616729466,0.18629103720434603,0.10077206016854015,0.22054470972036191,0.21398606143537266,subduction,0.3270453480153145
1109221,SZO004,K-NET,5138767541,138.8193,34.6471,1.0270737964246013,0.931846080714587,0.05421332463175498,0.21799962270500123,0.2159435689047738,0.05568108514633594,0.22390170011075633,0.2217899811285035,0.05188620096354835,0.2086419217135411,0.2066741246563582,subduction,0.6002342334883121
1109231,SZO005,K-NET,5238160241,138.7841,34.755,1.1647916279803996,0.958625352348754,0.04368387777681471,0.20561149832001754,0.20519270087134753,0.05088261511215281,0.23949455185966242,0.23900674009763204,0.04877736484031352,0.22958554916207582,0.22911792043981957,subduction,0.6718407246405377
1109241,SZO006,K-NET,5238269323,138.7948,34.9111,1.1499611403309298,1.1606932663929337,0.058739987661433825,0.25552558722907415,0.25477313863551776,0.06754870319416718,0.2938444956736766,0.29297920903099006,0.0784033249510447,0.34106332749506396,0.34005899511539794,subduction,0.6372197863700664
1109251,SZO007,K-NET,5238377523,138.9468,34.9771,0.9404150030710037,1.1202678557701862,0.07473275787348381,0.1854933132109334,0.17863011323948547,0.07027980672509686,0.17444069471291057,0.16798643849068445,0.07873220838386737,0.19542030302509397,0.18818980724642934,subduction,0.3784436641587036
1109261,SZO008,K-NET,5238561932,138.8657,35.096,1.1523041985756548,1.0423271647752834,0.04356391836151999,0.144177573381328,0.1432243426654362,0.05019888603438654,0.16613642314775381,0.16503801139162044,0.052323662555099695,0.173168506905505,0.17202360249397866,subduction,0.5168899022057178
1109271,SZO009,K-NET,5238673331,138.9129,35.1972,1.0,0.9261139559247452,0.04258362437733579,0.12653974598869136,0.1252992612156037,0.04258362437733579,0.12653974598869136,0.1252992612156037,0.03943728882970786,0.11719022473929937,0.11604139447883074,subduction,0.4687058879859581
1109281,SZO010,K-NET,5238777422,138.9349,35.3091,1.1027777741120657,0.879101061263648,0.04882191166198448,0.12028970137610703,0.11768718165734476,0.05383971907049914,0.13265280913214839,0.12978280822960897,0.04733055417301246,0.11661522528767578,0.11409220444842574,subduction,0.38211438202941833
1109282,SZO010,K-NET,5238777241,138.9063,35.3134,1.0393364379045547,1.212496809152653,0.050056339320767036,0.12495989965992466,0.12201771247061943,0.05202537740418771,0.12987537699345666,0.12681745464047575,0.06308060409754013,0.15747348019206409,0.15376575909643814,subduction,0.3869637928237108
1109291,SZO011,K-NET,5238646942,138.6221,35.2216,1.0947835019297338,0.7504940413431849,0.0411301718731677,0.28843601025834514,0.28832088429789987,0.04502863359827837,0.31577498539327176,0.3156489473911324,0.03379372120533345,0.2369872449428817,0.23689265417329333,subduction,0.8457155769830096
1109292,SZO011,K-NET,5238645831,138.6015,35.2129,0.9832123574101044,0.782706473510357,0.041389750832343364,0.2912192236900471,0.29108788424181553,0.04069491448848515,0.28633033944743175,0.28620120487891504,0.03185217300908774,0.22411261024792278,0.22401153578519079,subduction,0.8471313175218401
1109301,SZO012,K-NET,5238545922,138.6222,35.1257,1.0258293389806439,0.8771202516060237,0.046642574171608046,0.364158402716524,0.36408222991541456,0.047847321030816334,0.3735643735429389,0.37348623324872854,0.04196785426122381,0.32766087731302923,0.3275923388785108,subduction,0.8924169716286033
1109311,SZO013,K-NET,5238434833,138.4765,35.0409,1.3241156286171762,1.2676518317348078,0.0411749272177553,0.34344929206201913,0.34310228263474274,0.054520364636204535,0.4547665752568246,0.4543070946508905,0.06911284009793432,0.5764856821360791,0.57590322070432,subduction,0.9207907672273322
1109321,SZO014,K-NET,5238325944,138.3741,34.9649,1.0434967322370428,0.901170411911822,0.0346268093589554,0.2985445590492166,0.29844992938465226,0.03613296241386501,0.3115302717950064,0.3114315260492608,0.03256195662209711,0.2807418633565078,0.28065287661213967,subduction,0.9354590045618429
1109331,SZO015,K-NET,5238629712,138.341,35.2433,1.1045169448186527,1.2178028545965969,0.025786032947030843,0.14977989425542873,0.14965691648014356,0.028481110329647626,0.165434431198267,0.16529860016162845,0.0346843774615255,0.20146652256181385,0.20130110713765262,subduction,0.7637122595782977
1109341,SZO016,K-NET,5238222444,138.312,34.8564,1.2443000607257708,0.8468995287437904,0.03271174152233433,0.3210363375872495,0.3209628160482938,0.040703221962686324,0.3994655343549936,0.39937405149960636,0.034471539498552944,0.33830717279463046,0.3382296960075149,subduction,0.9917510558448607
1109351,SZO017,K-NET,5138716032,138.1286,34.6375,1.1748705637298162,0.7730476857726445,0.033599006796408565,0.45538884328491386,0.455349176324229,0.03947448405565846,0.5350229470264157,0.5349763434819544,0.030515658546295926,0.41359825103403086,0.41356222427183625,subduction,1.1320181157067863
1109361,SZO018,K-NET,5238018742,138.2247,34.7389,1.2137526075406004,0.6757236767739959,0.03776743332330612,0.4427011262765573,0.4426426965375536,0.04584032067627857,0.537329646379332,0.5372587271312584,0.030975390031873985,0.36308636429111324,0.36303844247605094,subduction,1.0689358317399118
1109371,SZO019,K-NET,5237172924,137.9989,34.7705,1.0299214020541951,0.5032927120185773,0.03957714408080232,0.4258632662530018,0.4257699622195143,0.04076134772100081,0.4386056922626706,0.43850959644168386,0.020514889240034754,0.220747048365665,0.22069868403930692,subduction,1.0317305670486925
1109391,SZO021,K-NET,5238511041,138.1332,35.0978,0.7343822317534027,1.0932087951987977,0.021302401941539668,0.14690439650645226,0.14679722433246828,0.01564410547953592,0.10788397856079518,0.10780527322048296,0.017102273703246372,0.11793971422369981,0.11785367285344138,subduction,0.8382892690878753
1109401,SZO022,K-NET,5237561511,137.8127,35.0918,1.0707581603121885,0.597678893518687,0.020981589023774685,0.14228039136708256,0.1415524159626376,0.02246620766352339,0.15234789010871552,0.1515684045038995,0.013427578137895706,0.09105511839008361,0.09058923629628342,subduction,0.8290789100904414
1109411,SZO023,K-NET,5237264534,137.8167,34.8736,0.96688839488915,0.8479082986832978,0.019984367750455048,0.17714244925637196,0.17706423702283655,0.019322653257111976,0.1712769784282262,0.17120135592728244,0.016383838049285098,0.14522717138269317,0.14516305043657576,subduction,0.9474404394200974
1109421,SZO024,K-NET,5237055721,137.7199,34.7104,1.1458172645729696,0.7905157969048964,0.03539100508328532,0.36090448828091143,0.36079884568124687,0.040551624635018046,0.4135305935341413,0.4134095464195713,0.03205669986413952,0.32690246669219647,0.3268067770359591,subduction,1.0083722429006654
1109431,SZO025,K-NET,5237046223,137.5318,34.7189,1.3028442544779084,0.8883224023588578,0.024922894158555673,0.23160630796449347,0.23151596110802367,0.032470649459435286,0.30174694763238136,0.30162923974951955,0.028844405333957903,0.26804857342524946,0.2679440108759691,subduction,0.9679824642496999
1109441,SZO026,K-NET,5237377141,137.8964,34.9812,1.0434967322370428,0.8486882411178944,0.019601392932346928,0.15641783891542982,0.15627925948208612,0.020453989472198283,0.16322150377183114,0.16307689658598176,0.01735906034900389,0.13852417094873315,0.1384014445305216,subduction,0.9016144099947886
1109451,SZO027,K-NET,5238163332,138.7934,34.7809,1.1267680501504675,0.9938605109944632,0.03686162960847996,0.1630119357782729,0.16259833888228906,0.04153450651931571,0.18367664102813777,0.1832106132601018,0.04127950587318997,0.1825489603099716,0.18208579371429373,subduction,0.644541573547179
1109461,SZO028,K-NET,5239314113,139.1379,34.9522,1.1451589646722118,0.8354722053435394,0.10523440726445832,0.1969594101961424,0.18629052734623955,0.12051012487086098,0.22554983426266392,0.21333226742406003,0.10068285979208354,0.18844061744629764,0.17823317993571713,subduction,0.24803301286698878
1109471,TCG001,K-NET,5540303621,140.0825,36.9432,1.0021811796981834,1.0401987524412042,0.04821703639877022,0.1148214731840129,0.1111482514416238,0.04832220641966979,0.11507191945023738,0.11139068575115685,0.05026469883294687,0.11969766705315167,0.11586845235192357,subduction,0.36270212138718355
1109481,TCG002,K-NET,5539368433,139.8029,36.9903,0.9302856916747605,0.9878590282624792,0.029013761070294138,0.06314163348340157,0.059836906588896316,0.026991086785364823,0.058739758178580445,0.055665418033729444,0.026663388763538735,0.058026600434665496,0.05498958576662465,subduction,0.3143651032594728
1109491,TCG003,K-NET,5539157734,139.7184,36.8153,0.9404989073589983,1.3040587916978668,0.030897962097148367,0.06421389567283425,0.06053647269964769,0.029059499591987784,0.060393098717565326,0.056934486429386484,0.03789529592527224,0.07875615134051822,0.07424591757904433,subduction,0.29208727607886215
1109501,TCG004,K-NET,5539136344,139.4221,36.8065,0.97827410512192,0.87220389983211,0.03159783412276364,0.052647326049160524,0.04772263719007001,0.030911342900237466,0.05150351577780446,0.046685820191173795,0.02696099382663472,0.044921567316465655,0.040719554437602445,subduction,0.17906712023994933
1109511,TCG005,K-NET,5539176431,139.9264,36.8061,1.0923955389965765,1.1037038560065433,0.04933445162211356,0.12414687992331734,0.11968021699561013,0.05389273487083927,0.13561749780857552,0.13073813515214677,0.059481619287683606,0.14968155527328372,0.144296183894529,subduction,0.3848720627948923
1109521,TCG006,K-NET,5540111032,140.1295,36.7638,1.076163170410919,1.1175076110525892,0.03927560379946261,0.10107621868833903,0.09846341003298782,0.04226695830463282,0.10877450395679031,0.10596269551057046,0.04723364760146962,0.12155633606018315,0.11841411872071052,subduction,0.3991520020511986
1109531,TCG007,K-NET,5439678022,139.8873,36.5677,0.9875419838662565,1.0964500619600763,0.031383846675470214,0.09082062681955612,0.08906245251946383,0.03099286620724827,0.08968918198536138,0.08795291104906558,0.033982130073257726,0.09833970914499805,0.09643597476931703,subduction,0.4529884767614179
1109541,TCG008,K-NET,5439667112,139.7676,36.56,1.2171785322491258,1.0140209960282187,0.025184033283537192,0.06539042384504393,0.06381364686207829,0.03065346466816893,0.0795918201188588,0.07767260102504847,0.03108325677453247,0.08070777671262402,0.0787616482555221,subduction,0.40378828001501066
1109551,TCG009,K-NET,5539057712,139.7159,36.7261,1.1487956962768953,1.0126743949481962,0.023828402155680075,0.05032737989017657,0.04784408539103568,0.027373965845600364,0.05781587742272721,0.05496307938952606,0.027720914300025937,0.05854865868745936,0.05565970316527798,subduction,0.30273333568488775
1109561,TCG010,K-NET,5439736511,139.4379,36.6348,1.115302759317654,0.9343782541028032,0.026344449939581818,0.047670407325641276,0.04122625973191661,0.029382037710321406,0.053166936828084224,0.04597976123535289,0.027453937097752838,0.04967802960941937,0.04296248902715278,subduction,0.1944847999291625
1109571,TCG011,K-NET,5439446913,139.6144,36.3869,0.9465222910671014,1.0794727938307,0.019313455665288352,0.04983861971213411,0.04861207445967787,0.01828061630473162,0.047173364513551176,0.046012412091098825,0.019733427955415692,0.05092236358583709,0.04966914703086793,subduction,0.40088416745572636
1109581,TCG012,K-NET,5439364414,139.8048,36.2863,1.2955071151401065,1.0326858445132234,0.03426730840807004,0.11277163965268466,0.11125399601290961,0.04439354185935513,0.14609646155606915,0.14413034342249345,0.04584458226596129,0.15087174778242293,0.14884136541723858,subduction,0.5114356256200793
1109591,TCG013,K-NET,5440502124,140.0227,36.4368,1.097047367666357,1.1831593733597303,0.03189176732115452,0.11139002615572087,0.11002880698301662,0.03498677938990052,0.12220013497842024,0.12070681306818806,0.041394935978829824,0.14458223512554214,0.1428153973100075,subduction,0.5378278171620765
1109601,TCG014,K-NET,5440615412,140.1804,36.5428,0.9817510954668872,1.1920943078111264,0.02291438972533944,0.07347427510923711,0.07241924612380375,0.022496227214807183,0.07213345007712897,0.07109767421493046,0.026817624409997392,0.0859898752397235,0.0847551327302285,subduction,0.4997457042968504
1109611,TCG015,K-NET,5539059733,139.7144,36.7488,0.9932489441003661,1.0334678839886822,0.024173361953368378,0.05054913757501288,0.0479525729989344,0.024010166235539105,0.050207877521565684,0.04762884249808732,0.024813735693659102,0.05188822894177541,0.04922287907332852,subduction,0.29747486025410796
1109621,TCG016,K-NET,5440613214,140.1558,36.5288,0.9833100392718195,1.217020232607685,0.02748988696445779,0.09033148934651487,0.08913367969694035,0.027031081830598866,0.08882386033680348,0.08764604208324019,0.0328973734971128,0.10810043516820911,0.10666700652328794,subduction,0.5108688817562184
1109631,TKS001,K-NET,5134244824,134.6096,34.2034,1.2434277858300922,0.8816023902073775,0.053442602723662004,0.25641121076004547,0.24948325880907346,0.0664520171736803,0.31882882405737645,0.31021441610264205,0.058584257174418244,0.2810802533559905,0.2734857707128752,subduction,0.6691538075891412
1109651,TKS003,K-NET,5034644832,134.604,33.8716,1.3797067192330965,0.6112560730507766,0.020169048553787483,0.15510587203581244,0.1550345938725253,0.027827371810199158,0.21400061384031926,0.2139022708794974,0.017009650016026216,0.1308091748464892,0.13074906211444506,subduction,0.8857432044519559
1109661,TKS004,K-NET,5034542734,134.5907,33.775,1.3121531858611872,0.7525294684423062,0.01869393727725574,0.167678870970209,0.16762625361361932,0.024529309354640327,0.22002036474516667,0.21995132271308596,0.018459028129904374,0.1655718081281626,0.16551985196446073,subduction,0.9526412576050189
1109671,TKS005,K-NET,5034635113,134.389,33.8788,1.0550824722180738,0.6523604200107705,0.02271659537150811,0.1540719817674741,0.15396205635971508,0.02396788160494843,0.16255864742276457,0.1624426670517866,0.01563569731057258,0.10604682750909745,0.10597116650557326,subduction,0.8310704605815621
1109681,TKS006,K-NET,5034430323,134.4191,33.6689,1.1948150302817984,0.9566331727641216,0.018813509200389534,0.17688435908286726,0.17682715300331917,0.022478663564970313,0.21134409085397254,0.21127574017030498,0.02150383524565481,0.20217876817858454,0.20211338164720705,subduction,0.9730791445191241
1109691,TKS007,K-NET,5134120244,134.2854,34.0903,0.9811686640244673,0.7553749313982296,0.06043510271091555,0.2755600536370728,0.2713429152666813,0.05929702898705048,0.2703708896855973,0.26623316566471394,0.04479148920321209,0.2042313922483364,0.2011058592499168,subduction,0.6522292221443002
1109701,TKS008,K-NET,5034712622,134.2113,33.9341,1.0550824722180738,0.703567008259382,0.027120698709549133,0.14448817893980107,0.14428209429315822,0.028614573842752625,0.15244694504209275,0.15222950874362662,0.020132270111162632,0.10725664104154763,0.10710366003554882,subduction,0.7259115635408563
1109711,TKS009,K-NET,5034512542,134.1993,33.7722,1.0550824722180738,0.673716248624788,0.023737412877996054,0.1583831379727022,0.15825965033931058,0.02504492826337722,0.16710727276989493,0.16697698313236772,0.016873175116679427,0.1125828849284528,0.11249510668262327,subduction,0.8239368180743447
1109721,TKS010,K-NET,5134004442,134.0614,34.0382,1.0553311321721532,0.804609067847417,0.02666804668260823,0.1291897844829784,0.1279787695084458,0.02814361989837678,0.1363380015234981,0.13505997971934716,0.02264461177228496,0.10969879231800152,0.10867048438547497,subduction,0.6811467235043969
1109741,TKS012,K-NET,5133063443,133.8064,34.0317,0.9297203652557694,0.9079697448605176,0.020878016448022518,0.11707759530522656,0.11550611064940627,0.019410717077871457,0.10884942467044238,0.10738838338223931,0.01762434383275464,0.0988319843462357,0.09750540306055527,subduction,0.7429157250348193
1109751,TKY001,K-NET,5339506723,139.0953,35.8031,0.8090488310734386,1.0708098871220937,0.026092712598083954,0.06953913925754462,0.06698820698199691,0.02111027862701501,0.056260559330169546,0.05419673055449016,0.022605095073709888,0.060244363185764704,0.058034394927440135,subduction,0.409479122848713
1109761,TKY002,K-NET,5339417141,139.1454,35.7306,0.8054634015938151,1.1176447115853845,0.026267033084692533,0.07163566559426512,0.06956527458408325,0.02115713381817373,0.05769990688499382,0.056032282699303465,0.023646158724186166,0.06448799578898246,0.06262418443693375,subduction,0.42298148258872326
1109771,TKY003,K-NET,5339525332,139.2916,35.7968,1.095913437962492,1.206896348859456,0.023265702355034595,0.06884792462257754,0.06330291179964616,0.02549719585451801,0.07545136576971145,0.06937451170338663,0.030772472582972242,0.09106197786392409,0.08372784487872492,subduction,0.4347075193657311
1109781,TKY004,K-NET,5339335232,139.4034,35.6301,1.0251527109473784,1.0309976379964991,0.05715648055146253,0.17111980135928173,0.16100717370355833,0.058594120985542925,0.17542392826024455,0.16505694060417828,0.060410400336575854,0.18086165568437945,0.17017331589783624,subduction,0.44977974756273653
1109791,TKY005,K-NET,5339239313,139.4156,35.5782,1.1786597328278978,1.0413210483563289,0.058697883578999965,0.16764562822166593,0.1609425236956555,0.06918483177678715,0.19759715136951383,0.18969647197976894,0.07204362155616024,0.20576207281632636,0.19753492907146997,subduction,0.43804836456394086
1109792,TKY005,K-NET,5339239331,139.4137,35.5798,1.178297059373374,1.0879377972651827,0.058697883578999965,0.16764562822166593,0.1609425236956555,0.06916354361257632,0.19753635075039086,0.18963810239872045,0.07524563328892067,0.21490726231518276,0.2063144594012131,subduction,0.43804836456394086
1109801,TKY006,K-NET,5339443033,139.5028,35.6989,1.2157638606758718,0.9348543356725574,0.055206650589141044,0.1699800645480363,0.15960904080394425,0.06711825065523801,0.2066556195128545,0.19404690364657604,0.06274578762780672,0.19319290189269037,0.1814055891978366,subduction,0.46106608853230174
1109811,TKY007,K-NET,5339455424,139.6864,35.7111,1.2121517609225645,0.9750909927510928,0.05251414091458347,0.16205238282186066,0.15898589222619347,0.06365510838294805,0.19643208119921593,0.19271502922382547,0.06206952282680722,0.19153915306470673,0.18791468916391582,subduction,0.4810823232695301
1109821,TKY008,K-NET,5239134112,139.3909,34.7851,0.9040371736481994,1.110491957150927,0.07181184196438131,0.13827484411088395,0.13069672110251718,0.06492057464395044,0.1250055992566489,0.1181546943506066,0.07209377599572338,0.1388177125733405,0.13120983777597472,subduction,0.2600686257430179
1109831,TKY009,K-NET,5239032514,139.441,34.6867,1.1192321720724747,1.063278659638013,0.07160877567772889,0.13711614057807714,0.12983710033497678,0.08014684554123509,0.15346479584539607,0.1453178598235079,0.0852184305012993,0.16317584242811406,0.15451337921460415,subduction,0.2584325592909428
1109841,TKY010,K-NET,5139425014,139.2557,34.3775,1.139130294289272,0.902437207239593,0.09529938358154927,0.13246664253338294,0.11623102690521228,0.10855841486483644,0.1508967654925643,0.13240228388407876,0.09796715273298012,0.1361748556325975,0.11948474730049181,subduction,0.08623198329744246
1109842,TKY010,K-NET,5139425023,139.2573,34.3779,1.075101212506073,0.8103050220865026,0.09529938358154927,0.13246664253338294,0.11623102690521228,0.10245648283960497,0.14241504800424856,0.12496011795661972,0.08302100259025148,0.11539962861853295,0.10125581114077072,subduction,0.08623198329744246
1109851,TKY011,K-NET,5139144241,139.5315,34.1228,1.0831543844664415,0.7521280010315352,0.07746924790830712,0.10187458510296585,0.08705289777854824,0.08391115553320055,0.11034590351997708,0.09429172790934348,0.06311192967543237,0.082994243836499,0.07091944882626393,subduction,0.05065389255461706
1109861,TKY012,K-NET,4939563333,139.789,33.1161,1.175768972728961,1.0125705612395524,0.031156653903218735,0.06460613971131834,0.06066576251829116,0.03663302695345927,0.0759618945203605,0.07132892127595031,0.0370935246621679,0.07691677816730111,0.07222556584900085,subduction,0.289392850630356
1109862,TKY012,K-NET,4939564324,139.7986,33.1195,1.1351176709204054,0.8445578662883912,0.030395129835366817,0.06312203453778814,0.05932558009106066,0.034502048986044906,0.07165093682829146,0.06734151429896675,0.02913897687423164,0.06051336232526615,0.05687380562896455,subduction,0.2904379906321089
1109871,TKY013,K-NET,5339369641,139.8341,35.6627,1.5053590516960784,1.0225271830461429,0.05255818245782199,0.16878179602616594,0.16693182687258135,0.07911893570357638,0.2540772044095101,0.251292336598803,0.08090126245058685,0.2598008481010954,0.2569532450634572,subduction,0.5018988080049415
1109881,TKY014,K-NET,5339464622,139.8351,35.7002,1.5263539990674022,1.0225271830461429,0.04993015963657314,0.16456761483279206,0.16272223440216588,0.0762110988353572,0.2511884370170161,0.2483717332169291,0.07792792020896898,0.2568470049167729,0.25396684871459463,subduction,0.51308394450324
1109891,TKY015,K-NET,5339467444,139.8119,35.7313,1.4837228587908107,0.9904479798517668,0.04917702783315404,0.16185639336572633,0.15994738264341035,0.07296508032344258,0.24015003067816545,0.2373175878317885,0.0722681164060756,0.2378561127465288,0.23505072545128916,subduction,0.5122148604879685
1109901,TKY016,K-NET,5339367344,139.799,35.6486,1.4427255314171872,1.0242495935699618,0.05447674792105357,0.16846089133394176,0.16652750939413563,0.07859499509428217,0.24304282897277416,0.24025348948623496,0.08050089178195165,0.24893651879545767,0.24607953896004126,subduction,0.485274812982426
1109911,TKY017,K-NET,5339367441,139.8092,35.6473,1.4050255936899971,1.0052229009786962,0.054181856189422485,0.16896034833505835,0.1670608209735231,0.07612689465976938,0.23739361372953408,0.23472472917066262,0.07652449789239299,0.23863349706701828,0.23595067318837226,subduction,0.48902073206150043
1109921,TKY018,K-NET,5339368442,139.8114,35.6553,1.4680779837623181,1.0035324863431434,0.05356844590150561,0.16811296416207372,0.16621180525459764,0.07864265605236317,0.24680294147136403,0.24401189193566478,0.07892046016085667,0.24767476949155925,0.2448738606114921,subduction,0.4917528194275521
1109941,TKY020,K-NET,5339369443,139.8086,35.6646,1.3677676883023662,1.0225271830461429,0.052936119877838,0.16717870016774333,0.1652763176008117,0.07240431431300742,0.2286616242618287,0.22605960685598991,0.074035379554867,0.23381272652720325,0.2311520929989739,subduction,0.49445852296045284
1109951,TKY021,K-NET,5339462523,139.819,35.6875,1.4813397520062352,1.009195015182868,0.050824144840490894,0.16476615357945884,0.16289833939214718,0.07528782611394176,0.24407465308241683,0.24130778567739083,0.07598009881814458,0.24631892322326288,0.2435266144304387,subduction,0.5058465770768596
1109961,TKY022,K-NET,5339464321,139.7963,35.7002,1.3069536291161812,1.0204951098758823,0.05092498457679228,0.16438314816986435,0.16241570770854472,0.06655659340532423,0.21484115206614715,0.21226979861515544,0.06792067810013078,0.219244345083604,0.21662029146110445,subduction,0.5036971227125574
1109971,TKY023,K-NET,5339467611,139.8254,35.7259,1.4754387028388118,1.009195015182868,0.04894387991821876,0.16338321445141818,0.16155007061534776,0.07221369469843526,0.24106191799583584,0.23835722663222716,0.07287770071759836,0.2432784859918188,0.24054892495005678,subduction,0.5186087580702977
1109981,TKY024,K-NET,5339468844,139.8623,35.7401,1.386600783896171,1.474070040603755,0.04878501832939893,0.1660254011308653,0.16419501052856988,0.06764534465793362,0.23021095135473404,0.22767293031075503,0.09971397594657522,0.3393470664109019,0.3356058456275505,subduction,0.5270734833739781
1109991,TKY025,K-NET,5339475142,139.8972,35.7136,1.2885551627034275,1.033976559847225,0.04924241203673018,0.16935202133246316,0.16759657987182167,0.06345156425389807,0.2182194214022064,0.21595743824527316,0.06560743012417068,0.22563376663330528,0.2232949290702671,subduction,0.5319258339880064
1110001,TKY026,K-NET,5339460913,139.8633,35.6707,1.566238472615393,1.0225271830461429,0.05173769839853569,0.17134536258559244,0.16954281023591136,0.0810335737163584,0.268367698985789,0.26554447214681526,0.08285903186434992,0.27441326726451404,0.271526441077758,subduction,0.5154722726745752
1110011,TKY027,K-NET,5339473112,139.8913,35.693,1.5343218530992018,1.0225271830461429,0.04978223960271856,0.1698131370039718,0.16805657385549602,0.07638197811867162,0.26054800704852266,0.2578528738234675,0.07810264892117741,0.26641741969561245,0.2636615727110627,subduction,0.5283810746537972
1110021,TKY028,K-NET,5339460313,139.7891,35.6698,1.3932925446608997,1.0035324863431434,0.05300241162884369,0.16702370330337066,0.16507013098254755,0.07384786497151609,0.23271288059424042,0.2299909828441817,0.07410873154599827,0.23353493566681313,0.2308034228501249,subduction,0.49337286529159696
1110031,TKY029,K-NET,5139039812,139.4789,34.0757,1.1412361081329436,0.8057270521612943,0.10892108926085871,0.14038147583527505,0.11860798539766383,0.12430468000166335,0.16020840913620818,0.13535971564871888,0.1001556433875932,0.12908424922476758,0.10906298467103327,subduction,0.03700195347612983
1110141,TTR002,K-NET,5334118723,134.2201,35.4859,1.448189524346962,0.7214750550089418,0.029338000234534728,0.04581664482774444,0.04044809389546889,0.04248698460494191,0.06635118508026491,0.05857650585922035,0.030653299555014526,0.04787072490569261,0.0422614877870126,subduction,0.13946755271984762
1110151,TTR003,K-NET,5334011621,134.2075,35.3432,0.8225188945905784,0.8116635342427155,0.02278770018303906,0.03832694141220498,0.034547077748262656,0.01874331396481481,0.0315246334834047,0.028415624200835765,0.015213264456102433,0.02558739542884651,0.023063925966563197,subduction,0.1807108205441278
1110162,TTR004,K-NET,5334105414,134.0548,35.4606,1.0925355152646408,0.6702335457383625,0.028097260532393833,0.04157582864688757,0.036137712674562665,0.030697255013283752,0.04542306937328173,0.03948173453738886,0.020574330071987893,0.03044406484437423,0.0264619829308949,subduction,0.10929668206520059
1110171,TTR005,K-NET,5333161631,133.8258,35.4298,0.9660594810871063,0.909621708821546,0.025524455344077747,0.03631977280722775,0.031360913257840344,0.024658142084730765,0.035087060871352035,0.030296507588286992,0.022429581339477277,0.03191595226732484,0.02755836100378255,subduction,0.08943221761491411
1110181,TTR006,K-NET,5333251032,133.6297,35.5144,1.175229645869119,1.0531584658114386,0.03367237537793233,0.04793183197116243,0.04176334426129208,0.03957277379097945,0.056330909913327336,0.04908152028650839,0.04167640173361102,0.059325374662082174,0.05169061860463217,subduction,0.09352151389705486
1110191,TTR007,K-NET,5233734822,133.4866,35.2836,1.0105346498501762,0.7258750911061098,0.025718140241570774,0.03729968949641315,0.03267576593434047,0.02598907184381345,0.037692628664778155,0.03301999368704506,0.018864819892391322,0.02736014026607461,0.023968390925907003,subduction,0.1039862162181344
1110201,TTR008,K-NET,5333121612,133.3301,35.4259,1.3121531858611872,0.991268166872194,0.028137569914292854,0.03601916046764186,0.028958461860064344,0.03692080200543126,0.0472626561596616,0.03799793798732311,0.03659841572337507,0.04684996653289856,0.03766614633361708,subduction,0.012488903302940333
1110221,TYM001,K-NET,5537357011,137.6257,36.9764,0.9468655723399685,0.8974327710734281,0.028522298644287295,0.03369659363799055,0.02622694804036037,0.027006782630274596,0.031906144420943264,0.02483339416696644,0.024236771773665056,0.028633619601956112,0.022286301742419398,active_shallow,-0.03643676702755023
1110231,TYM002,K-NET,5536273744,136.975,36.8659,1.3121531858611872,0.9623476374243806,0.07839348809226393,0.09025434781500309,0.06205564591374221,0.10286426515103517,0.11842753002327999,0.08142651348639061,0.09899118254349373,0.1139684537239084,0.07836061287733247,active_shallow,-0.10149868828421553
1110241,TYM003,K-NET,5537137343,137.42,36.8164,1.0104274178769843,0.6515284113968239,0.08004484711904677,0.09441595244043582,0.07241500410435776,0.0808795081888564,0.09540046703078572,0.07317010561271743,0.05269529748484203,0.0621561147310829,0.04767240267159162,active_shallow,-0.04350481984980771
1110251,TYM004,K-NET,5537243231,137.5274,36.8626,1.0583307542367064,0.6994539260757376,0.05007716192583604,0.058657094930480845,0.04523444805310682,0.05299820055100374,0.06207860751910988,0.04787300752552566,0.037069799450348884,0.043421125754556214,0.03348496306678226,active_shallow,-0.044170412224235525
1110261,TYM005,K-NET,5537103634,137.0803,36.7824,1.3698846327881078,0.8929309710469786,0.08055047340325189,0.09280754386054361,0.06525168125710615,0.11034485567892195,0.127135628141367,0.08938727541769752,0.0985303391314185,0.11352333989093842,0.07981666663796837,active_shallow,-0.09147639108697839
1110282,TYM007,K-NET,5537010622,137.2123,36.6687,1.1371981979450168,0.7497194107513508,0.08935523343853406,0.10409579214104715,0.07716207879347178,0.10161461044325724,0.11837754723645785,0.0877485769536275,0.07618244586524689,0.08874994496030739,0.06578681140794318,active_shallow,-0.06371607445283893
1110291,TYM008,K-NET,5437723221,137.2826,36.6085,1.053594703427668,0.7743787667475116,0.07500769375882692,0.08704995079869272,0.06680848199945955,0.07902770886062459,0.09171536709514175,0.07038906277867328,0.06119737972637186,0.07102243286293117,0.054507795627062185,active_shallow,-0.05027420856523126
1110301,TYM009,K-NET,5437710111,137.1403,36.5853,0.9393265688004625,0.9805019633024502,0.07693124563433996,0.08851670040227805,0.06412419123757858,0.07226356299525012,0.08314608847041036,0.06023355653229937,0.07085456539207304,0.08152490298615657,0.05905912043660866,active_shallow,-0.07908086374355126
1110311,TYM010,K-NET,5436676131,136.8883,36.5556,1.076828716743426,0.664189510069887,0.08682553165454054,0.09118370697434905,0.05379584261699969,0.09349622583212461,0.09818923416909688,0.05792890817139509,0.06209921242882236,0.06521625933690986,0.038475773137242375,active_shallow,-0.20789873692471908
1110321,TYM011,K-NET,5437639024,137.3851,36.578,0.8767016553389364,0.7787935558869591,0.05532131767729041,0.06308706846884513,0.047993147507048785,0.04850029078321167,0.05530853735711734,0.042075671864355416,0.03777171392060893,0.04307393247925613,0.032768262107574234,active_shallow,-0.06171328290231662
1110331,TYM012,K-NET,5437502333,137.0395,36.4402,0.9130598450224503,0.959403135920144,0.03589951716437315,0.04219286912452265,0.031847909326834345,0.03277840757848335,0.03852461454388918,0.029079047154248416,0.031447707021265536,0.03696063600352207,0.027898529029355672,active_shallow,-0.05200767940077105
1110361,WKY001,K-NET,5135217341,135.1694,34.2293,1.3121531858611872,0.8020934945412836,0.033122544395894626,0.09033421198880351,0.08812101992015622,0.04346185215290175,0.11853232405336837,0.11562827702957013,0.03486046887255757,0.0950740060160661,0.09274468879043554,subduction,0.42495582419486166
1110371,WKY002,K-NET,5135333412,135.4306,34.2755,1.0801776723113639,0.7009178905578749,0.034941922063089846,0.08597157031198217,0.08034904885970236,0.03774348404019348,0.09286457070454966,0.08679124856970534,0.026455083215757232,0.06509043900579557,0.060833538866362044,subduction,0.36163394942385957
1110401,WKY005,K-NET,5035637913,135.4885,33.8943,0.8988824429429271,0.8576444213039528,0.020078895443398102,0.119117231674425,0.1189418404857928,0.018048566587757293,0.10707238820410576,0.10691473214399738,0.015479252446522962,0.09183003641894247,0.09169482357850575,subduction,0.7725948361817606
1110411,WKY006,K-NET,5035616233,135.1525,33.8909,1.3246559832840863,0.847204525546532,0.027967573024427303,0.14316734052913074,0.1427995288911096,0.03704741294474224,0.1896474742427833,0.1891602503557571,0.0313867359065768,0.16067019843695537,0.1602574201549124,subduction,0.7080719939503725
1110421,WKY007,K-NET,5035660124,135.7736,33.8374,0.9402472711730209,1.010143746311588,0.016772373848358002,0.14786904804392936,0.14781643068733974,0.01577017874201235,0.1390334689142569,0.13898399558830718,0.015930147434459724,0.14044378915174321,0.14039381398092585,subduction,0.9451281771316642
1110431,WKY008,K-NET,5035437013,135.3771,33.7289,1.1948150302817984,0.8624113331348461,0.028296125588248792,0.2113060015397715,0.21114407060515059,0.03380863615158105,0.2524715866284678,0.2522781091139152,0.029156950974955964,0.2177343576029267,0.21756750040166975,subduction,0.872851915613702
1110441,WKY009,K-NET,5035476823,135.9814,33.7208,1.3121531858611872,0.7736084878388343,0.024652281869955595,0.2890833261103435,0.2890318304415881,0.03234757019441022,0.3793216073350357,0.3792540371292203,0.02502435486335824,0.2934464150550531,0.29339414217030924,subduction,1.069088548553619
1110451,WKY010,K-NET,5035235944,135.4973,33.5499,0.8225188945905784,0.9432675294947164,0.017666297869302974,0.18405510546414933,0.18399881712919297,0.014530863794966972,0.15138880189012444,0.15134250367107777,0.013706491993302716,0.14280014115206272,0.14275646954536256,subduction,1.0176694823260737
1110461,WKY011,K-NET,5035371523,135.9462,33.5948,1.3121531858611872,0.524067908857747,0.02540233413041151,0.33965115508354027,0.33960965263367204,0.033331753657529835,0.44567434522429955,0.4456198876524839,0.01746810243786322,0.2335636221332443,0.2335350826674614,subduction,1.1261064013489401
1110471,WKY012,K-NET,5035166241,135.7835,33.4719,1.2081809782245754,0.8261032954233484,0.025876553155256894,0.33082867238047653,0.3307694268685025,0.031263559304198496,0.39970090902138167,0.39962932972076953,0.025826929367861663,0.33019423812627136,0.3301351062301516,subduction,1.1066189343981696
1110481,WKY013,K-NET,5135245644,135.5864,34.2159,0.8974484255137575,0.8632212861688147,0.02768823196504413,0.09358921752076398,0.09278048059225118,0.024848760182288543,0.08399149590907419,0.08326569622592556,0.021449978724255546,0.07250324712587376,0.07187672138988528,subduction,0.5251613930729253
1110491,WKY014,K-NET,5035454131,135.6396,33.7056,0.9996897245022266,0.8464810578771257,0.01623979646464389,0.1506458372634896,0.15059485145284068,0.016234757653712083,0.15059909555134518,0.15054812556034405,0.013742414833092968,0.127479281717641,0.12743613658573838,subduction,0.9672295425554215
1110501,YMG001,K-NET,5131744811,131.6022,34.6172,1.3121531858611872,0.7725182836512292,0.02650366842907619,0.04153572320823115,0.03671734996150572,0.03477687296622089,0.05450123153472896,0.04817878772836987,0.026865770214621793,0.04210319784208706,0.037218994404317196,subduction,0.14156533916515912
1110511,YMG002,K-NET,5131438144,131.3986,34.4077,1.3121531858611872,0.8098570634067913,0.02336246322648407,0.03339093370315041,0.028481183686580026,0.030655130552195906,0.0438140200374685,0.03737167591144366,0.024826274007353186,0.03548309360359055,0.03026571570823208,subduction,0.08603940396014537
1110521,YMG003,K-NET,5131445744,131.5999,34.383,0.8953829086999464,0.7889677748733198,0.025333758215088743,0.037579030555796325,0.03138903703099427,0.022683414118927322,0.03364762168517308,0.02810520727810198,0.017896482763940135,0.02654688921073027,0.02217410284855755,subduction,0.09307837106082295
1110541,YMG005,K-NET,5130374544,130.9487,34.2907,1.0448160530122936,0.6441732226986019,0.02275546695354683,0.03147480536166785,0.024862006903478763,0.02377527716685648,0.03288538190730798,0.02597622392285708,0.015315396913126424,0.021183882442904874,0.016733187877927363,subduction,0.03845043083626961
1110551,YMG006,K-NET,5130177434,130.9299,34.1487,1.3121531858611872,0.7056949073240985,0.025258258426679857,0.03407226728801375,0.02624132603896336,0.033142704263873154,0.044708034071481155,0.0344326395632479,0.023388637613963967,0.03155023196071653,0.024298938385510314,subduction,0.016582374864975418
1110561,YMG007,K-NET,5131119643,131.2065,34.1659,1.0365161770576485,0.6807221449608707,0.027756063487531422,0.037161772878607884,0.029241871587137303,0.028769608816265453,0.03851877875681925,0.03030967294751023,0.019584109823093394,0.02622058569661522,0.020632465581891638,subduction,0.022647293418502492
1110571,YMG008,K-NET,5131031224,131.4099,34.0119,1.2434277858300922,0.650617437846483,0.033415723004287905,0.04453368887438626,0.03440129911845534,0.041550038467133385,0.05537442615192432,0.04277553119253962,0.02703317956990913,0.03602756726518428,0.02783050650701244,subduction,0.012623981185075992
1110581,YMG009,K-NET,5131267534,131.8175,34.2315,0.8808275190641345,0.7501383643936562,0.026686972615521103,0.04325653510627992,0.03755174294993703,0.02350661988026195,0.03810154650097518,0.033076608579127136,0.017633217389403103,0.028581431773110354,0.024812033059235607,subduction,0.14833078943913536
1110591,YMG010,K-NET,5131277841,131.9819,34.2303,0.933457011929744,0.8074820663867537,0.02504779919748334,0.04446408304568839,0.04039685315576675,0.023381043794299037,0.04150531009802427,0.037708725838146676,0.01887977355729977,0.03351479356397563,0.03044911986059825,subduction,0.20757796266477027
1110601,YMG011,K-NET,5131007141,131.0213,34.0643,0.9733251952993838,0.7410627762222375,0.028371166504361837,0.038222960949967626,0.028990899032799174,0.02761437117872932,0.037203370931547956,0.028217572463003972,0.02046398256934049,0.02757003334735862,0.020910992587685882,subduction,0.00938449086484417
1110611,YMG012,K-NET,5031719714,131.2179,33.9943,1.2434277858300922,0.7666264444249774,0.0326657421239669,0.041728245629241385,0.03175396287213269,0.04061749140170093,0.051886060069341836,0.0394837597454269,0.031138443014748073,0.039777225746180325,0.030269294346166677,active_shallow,-0.012294596599379317
1110621,YMG013,K-NET,5131043243,131.5342,34.0313,1.3121531858611872,0.695090605107373,0.03360118898910433,0.048216495949177346,0.03620298470935539,0.04408990718077709,0.06326742877077608,0.04750386172406452,0.03064648026141426,0.04397659534786637,0.03301948799071698,subduction,0.032389731554726325
1110631,YMG014,K-NET,5131066441,131.8077,34.0542,0.9891326249515919,0.691271020893429,0.028575313690200017,0.04918134123273493,0.0412079354315694,0.028264775039202703,0.048646869152175067,0.040760113342263954,0.01953861989667276,0.033628170902093114,0.028176285161838677,subduction,0.15898984974751593
1110641,YMG015,K-NET,5132101631,132.0761,34.0966,0.9369967861328239,0.899348673051946,0.02722477094624566,0.051153921063767954,0.04608672686391377,0.025509522879834462,0.04793105963484274,0.04318311495486848,0.022941955552167378,0.04310673488056951,0.03883667713291061,subduction,0.22861163055476447
1110651,YMG016,K-NET,5132210413,132.1764,34.1703,1.4302450021693884,0.7673102371665278,0.02655163587973467,0.051550865993993875,0.046230119357782734,0.03797534451641193,0.07373036844541363,0.06612039716116305,0.02913887060736864,0.05657406649822581,0.05073485762727703,subduction,0.2408337310371782
1110661,YMG017,K-NET,5032705833,132.1011,33.9649,1.2434277858300922,0.7764541904887334,0.028345612416064613,0.05922319038611555,0.05117879194220249,0.03524572208450519,0.07363976049160166,0.06363713194615181,0.02736668860931535,0.05717790062029078,0.04941131777027402,subduction,0.25660418579995686
1110671,YMG018,K-NET,5032629812,132.3559,33.9091,1.2081809782245754,0.8131549948505005,0.028706245251946382,0.07975955091697981,0.07649357323856772,0.03468233946965115,0.09636397224962949,0.09241808014326594,0.02820211757284749,0.07835884535842123,0.07515022348299055,subduction,0.42564855763272486
1110691,YMN001,K-NET,5338574341,138.9198,35.7895,0.9837010984946951,0.905039751512954,0.028841520804760035,0.07684798580555031,0.07466260139803092,0.02837143569790005,0.07559544805402459,0.07344568301171457,0.025677277114093216,0.06841688552232483,0.06647126270262134,subduction,0.41308496069438133
1110701,YMN002,K-NET,5338373542,138.9473,35.6133,1.023243844662188,1.0112312887451436,0.03441351531868681,0.0902181886780909,0.08727618503770401,0.0352134177230342,0.09231520624142842,0.08930481912542879,0.03560890978518495,0.09335202497829338,0.09030782733535929,subduction,0.40416671659318504
1110711,YMN003,K-NET,5338165533,138.8129,35.4651,1.1207561310638234,0.7726561206141378,0.04097005603340591,0.11641233244787977,0.1146408814426945,0.04591744148946806,0.13046983532240133,0.12848447074746078,0.035478392209779046,0.10080831681737203,0.09927431272689372,subduction,0.44687295865088666
1110721,YMN004,K-NET,5338454813,138.7266,35.7025,0.8970911403456138,0.9421152798533186,0.04219694798937456,0.12456628920171516,0.11731865621797453,0.03785450819089258,0.11174731442858817,0.1052455270903978,0.03566331057797251,0.10527885240574612,0.09915341920808014,subduction,0.4440860393241039
1110731,YMN005,K-NET,5338348532,138.5679,35.6551,1.0374533580102314,1.0131665484738983,0.071035042547659,0.2088511367286484,0.20439987151575717,0.0736955434274685,0.21667331312339028,0.21205533308088212,0.07466585937231654,0.21952615280362955,0.2148473699030402,subduction,0.45900797354310885
1110741,YMN006,K-NET,5338146821,138.6069,35.4685,1.1711226850411636,1.2380110138046545,0.03329064461360404,0.13799044525908438,0.13635400468049744,0.03898742910663511,0.1616037407618446,0.15968726807753955,0.048266866633942425,0.2000672109351958,0.1976945966443704,subduction,0.6123456930057258
1110751,YMN007,K-NET,5238733713,138.4651,35.279,1.0144210856574625,1.1858292178339065,0.029294040268593252,0.174829732885338,0.17418608801170635,0.02971649213255979,0.17735096743874876,0.17669804050726146,0.03523868462232081,0.21030795899997806,0.20953369916750977,subduction,0.7742341913712509
1110761,YMN008,K-NET,5338121643,138.3321,35.4319,0.9354270540649781,1.4308410102847906,0.031597864714250024,0.13146487332575346,0.13077595305226555,0.02955749750439462,0.12297579916813507,0.12233136450622065,0.04229207959067817,0.1759588167223139,0.17503673317959773,subduction,0.6168701583716535
1110771,YMN009,K-NET,5338139731,138.4627,35.4965,0.9725713855589811,0.8373049204196733,0.060425058506217724,0.24448134684117412,0.23844646234952813,0.05876768287387467,0.23777556224064655,0.231906206268918,0.04920647003195823,0.19909064821964764,0.19417620758482473,subduction,0.5961738039346902
1110772,YMN009,K-NET,5338139731,138.4628,35.4966,0.9725713855589811,0.804099831473911,0.060425058506217724,0.24448134684117412,0.23844646234952813,0.05876768287387467,0.23777556224064655,0.231906206268918,0.047255083894994866,0.1911952895263183,0.186475741378591,subduction,0.5961738039346902
1110781,YMN010,K-NET,5338535312,138.4182,35.7919,1.095065612844717,0.811963339712075,0.10071679931475071,0.17188224317172532,0.15952063140827907,0.11029150356536585,0.18822233395597004,0.17468555799448332,0.08955265757680068,0.15282963488729093,0.14183826906866803,subduction,0.19971494412976604
1110792,YMN011,K-NET,5338336041,138.3836,35.6384,0.8225188945905784,1.4198967295349878,0.06333387038387217,0.17089464801945617,0.16867187061840688,0.05209330505828551,0.14056407698040907,0.13873580056957707,0.07396711348292803,0.1995864731945871,0.19699050949816077,subduction,0.4254066324805188
1110801,YMT001,K-NET,5839269442,139.8123,38.9142,1.3797067192330965,1.0530632439238907,0.11361769819459246,0.12175921441062952,0.0824033793395298,0.15675910162287726,0.16799200625088884,0.113692496162263,0.16507724806958196,0.17690620705584353,0.11972538881843717,active_shallow,-0.13950096420745073
1110811,YMT002,K-NET,5840122321,140.2965,38.7686,1.0537184105683564,0.9182516461865662,0.09270485843789673,0.11205284169415652,0.08375671610590774,0.09768481608514502,0.11807214224963426,0.08825599376954216,0.08969924317761638,0.10841993898950107,0.08104121156471342,active_shallow,-0.044082853676628904
1110821,YMT003,K-NET,5839067411,139.8023,38.726,1.4281422568734048,0.8912931473311189,0.056811316810531635,0.06284751673609235,0.04569618575150536,0.08113464220574265,0.089755194390372,0.06526065384966119,0.0723147506091406,0.07999818969751105,0.05816637356655122,active_shallow,-0.09455490462306833
1110831,YMT004,K-NET,5739744713,139.5889,38.6208,0.8225188945905784,0.8595823660100057,0.03643653031361373,0.03888280911422352,0.02529721158601561,0.029969734636269663,0.03198184517120759,0.02080743450995353,0.025761455407336695,0.0274910301416323,0.017885703786664098,active_shallow,-0.15846436115627338
1110841,YMT005,K-NET,5740712333,140.1627,38.6079,1.1000431120996754,0.9382350405663098,0.04540865637093197,0.053660067403241675,0.039721148404399054,0.04995147967054476,0.05902838754174032,0.04369497570694819,0.04686622855504076,0.055382501579788586,0.04099615730495246,active_shallow,-0.05811685526247735
1110851,YMT006,K-NET,5740732212,140.4057,38.6001,0.9422668262858935,1.2698608512749592,0.09002238277087488,0.11074362804831415,0.07712897880519852,0.08482510490820618,0.10435004693247044,0.07267607807344635,0.10771607992822241,0.13251003942824885,0.09228850636967198,active_shallow,-0.06713292264136432
1110861,YMT007,K-NET,5740531131,140.3902,38.4302,0.9504958982040553,1.1658267737367027,0.06742475768993489,0.0888723264315541,0.07047971529523334,0.06408695562168545,0.08447278173704402,0.06699068029470891,0.0747142887110368,0.0984806306010627,0.07809952867840739,subduction,0.019244746696065164
1110871,YMT008,K-NET,5739476912,139.9924,38.3854,0.8819704457275181,0.7887518628536722,0.04863400855541902,0.060904600449694854,0.04886422988482306,0.04289375820313884,0.05371605760547377,0.0430968066116493,0.03383253168752074,0.042368640501472606,0.033992686497982844,subduction,0.002050991697955267
1110881,YMT009,K-NET,5740426144,140.2742,38.3902,1.000414212860542,1.0259454887143058,0.07987956131808517,0.10544008402461595,0.07538663050073165,0.07991264845967758,0.10548375866343558,0.07541785661259798,0.08198602117841843,0.1082205863333803,0.07737460976019728,active_shallow,-0.025141338736679474
1110891,YMT010,K-NET,5740321724,140.3484,38.2608,1.0475931514347971,0.8731261749423325,0.060692458688746925,0.09075127591991149,0.07693976026471833,0.06358100406607063,0.0950704151376689,0.08060156592635405,0.055514238879201136,0.08300846791933246,0.07037533695163975,subduction,0.10301609737934782
1110901,YMT011,K-NET,5740127134,140.2671,38.1484,1.0414689264144505,0.714653050419352,0.04004227743419007,0.06423702283654459,0.055453839996329024,0.04170278769057551,0.06690086320963663,0.05775345120653551,0.029803024434060393,0.04781090596845462,0.041273680076995806,subduction,0.14141285466316947
1110911,YMT012,K-NET,5740103312,140.043,38.1087,1.0425407920827077,0.7376488314173257,0.02892465826760413,0.04268185364013195,0.03706647020134297,0.03015513614102965,0.04449757350154136,0.03864330720341818,0.022243900935660886,0.03282358309431854,0.028505190400702145,subduction,0.10771299396743605
1110921,YMT013,K-NET,5739067042,139.7596,38.0631,0.9919374381418542,1.0253362394415195,0.025526933254475283,0.033838782866728194,0.029170624015336533,0.025321120776062318,0.03356595558666083,0.02893543405477217,0.025962662754972266,0.03441639067448788,0.029668549140328175,subduction,0.05794707678531593
1110931,YMT014,K-NET,5639770023,139.8816,37.9193,0.8840677160206981,1.0101717389189713,0.04563462548372788,0.06680523930190228,0.059721056629939887,0.04034409912285925,0.05906035532784893,0.05279745813317373,0.04075446876605807,0.05966110184270548,0.05333450009288969,subduction,0.11683299229268655
1110941,YMT015,K-NET,5640608742,140.099,37.9049,1.0351158114435188,0.9251667706383804,0.04357707270066741,0.07154379936063794,0.06414206686279209,0.04510731696888456,0.07405611792893904,0.06639446758834347,0.04173179077226474,0.0685142594703316,0.061425955166962344,subduction,0.1678848971129847
1110951,YMT016,K-NET,5840104143,140.0207,38.7906,1.105827490192484,1.5529620698425135,0.033932433603728086,0.03848355962535627,0.027987692025309357,0.03752341788813374,0.04255617815418053,0.03094955922862805,0.058272444711121765,0.06608813051090295,0.04806349156040368,active_shallow,-0.0836479216541548
1110961,YMT017,K-NET,5840124444,140.3121,38.7897,1.023243844662188,0.9060060494315454,0.09113784013908931,0.11101252721367644,0.0842263769992811,0.09325623393812962,0.11359288515178806,0.08618412182271128,0.08449071209514883,0.10291584111990275,0.07808333573632169,active_shallow,-0.03425061219368154
1200011,ABSH01,KiK-net,6642663723,142.8444,44.5276,1.0249275068018795,0.6521561887645297,0.016757037316514813,0.033064736683780904,0.031309295223139404,0.017174748478201586,0.03388895813236821,0.032089757892776266,0.011200618510533354,0.022100893776805967,0.020927534205729455,subduction,0.27147605489534543
1200031,ABSH02,KiK-net,6643500233,143.0264,44.4234,1.0865712785362958,0.7362804933664178,0.012463308061366522,0.026405765475468176,0.025152462869583395,0.013542272575030745,0.028691746353409035,0.027329943738539936,0.009970911132846145,0.021125173160632123,0.020122504459488624,subduction,0.3049471867485272
1200051,ABSH03,KiK-net,6643416912,143.2407,44.3843,1.0942200240464834,0.7263057165445185,0.014206278392723305,0.03161121279947791,0.030361999255607165,0.015544794284496732,0.03458962202958322,0.03322270755556978,0.011290272951338534,0.0251226402132005,0.0241298424166971,subduction,0.329850044230538
1200071,ABSH04,KiK-net,6643203611,143.0767,44.192,0.9966049454921538,0.6482042492430702,0.013350665109899915,0.031682378793981635,0.030682985525128357,0.013305338874135805,0.03157481539103784,0.03057881511680709,0.008624577195833837,0.020466929505536222,0.019821317895532587,subduction,0.36139471305350357
1200091,ABSH05,KiK-net,6643103044,143.0111,44.1146,0.9011932452176301,0.7803231766326386,0.01450775749109023,0.034954892853318924,0.03389668235330108,0.013074293054225989,0.031501113326717026,0.030547461172082575,0.010202173888299667,0.024581048818568575,0.02383689193986166,subduction,0.3685569062112369
1200111,ABSH06,KiK-net,6643245943,143.6202,44.2146,1.1889720678926456,1.1323395087162411,0.017366725640254318,0.04601985387466668,0.044866320303059655,0.020648551697017407,0.05471632082547982,0.05334480162946263,0.023381170884302596,0.06195745184228405,0.060404426469671056,subduction,0.41220250911920603
1200131,ABSH07,KiK-net,6543601644,143.0861,43.8494,0.9040371736481994,1.099036063815639,0.019646005516664712,0.05422727434954852,0.0529554333029118,0.0177607193007625,0.04902347183761134,0.047873680252480115,0.019519671030844465,0.053878563522985194,0.05261490110505423,subduction,0.43063626430011226
1200151,ABSH08,KiK-net,6644077932,144.9935,44.064,1.0550824722180738,0.888755390371614,0.0360813937481199,0.10083735016544895,0.09775806213130886,0.0380688461168401,0.10639172070448148,0.10314281787274941,0.03383389219156912,0.09455621526701917,0.09166873536252369,subduction,0.43286927884355836
1200171,ABSH09,KiK-net,6544761421,144.8071,43.9269,1.0280958342532478,1.0837548037801847,0.03155607674384219,0.10451979014240338,0.09691163649156441,0.03244267104571995,0.10745636084242859,0.09963444976764241,0.035159900593259304,0.11645634725971891,0.10797931355767797,subduction,0.4872929237291482
1200191,ABSH10,KiK-net,6643079543,143.9455,44.0813,1.0635232181602732,0.7073860589752146,0.01635476946765715,0.04349583190997945,0.04215477252680579,0.01739367705651211,0.04625882712945965,0.04483257933852276,0.012304044664093712,0.032722849415924196,0.03171394161197125,subduction,0.41120232332028117
1200211,ABSH11,KiK-net,6544619532,144.1913,43.9144,1.1863650943044315,1.0869123608901448,0.024822350139956054,0.07395711073608216,0.0710965110409773,0.02944836976464658,0.08774013465289539,0.0843464190258451,0.032007797105257974,0.09536583690039772,0.09167716543601072,subduction,0.4570053914672958
1200231,ABSH12,KiK-net,6544632643,144.4574,43.8566,1.2574139834001197,0.913354736203707,0.03509136147410176,0.10937017228105418,0.10746238521819379,0.04412436861408379,0.13752358399307768,0.1351247058628872,0.04030120105567163,0.1256078167797858,0.12341679007800083,subduction,0.48605625757874266
1200251,ABSH13,KiK-net,6543439611,143.4514,43.7419,0.9461794345508151,0.956323568690254,0.02448457934156924,0.0771869802633927,0.07579395614200568,0.023166805436620554,0.07303273334030183,0.07171468256481221,0.022154962050301746,0.06984292417920114,0.06858244115786996,subduction,0.4907419290938927
1200271,ABSH14,KiK-net,6544416441,144.1835,43.7228,1.0411124734301345,1.125767285265043,0.03034746829957223,0.09163672609912661,0.08970354810256306,0.03159512778371024,0.09540413856610147,0.09339148284051847,0.03556876123266962,0.10740285807661006,0.10513707610424734,subduction,0.47068715487845114
1200291,ABSH15,KiK-net,6543346022,143.51,43.6352,0.9110198506330303,0.8786384843946068,0.02285889676902918,0.07612781123013465,0.07484215302881207,0.020824908720156823,0.0693539472158968,0.06818268707336277,0.01829756623553462,0.060937047068559125,0.059907932832091206,subduction,0.515091006254053
1200321,AICH04,KiK-net,5237301443,137.0568,34.9319,1.247810184322294,0.7340834716046227,0.040578138304109966,0.2131019257340682,0.21234295095674874,0.050633814236706993,0.26591075322966345,0.26496369677288045,0.03716944613546544,0.19520068886783148,0.19450547037623064,subduction,0.7187457304732844
1200341,AICH05,KiK-net,5236276031,136.8763,34.8886,1.0226847195774926,0.8935830429769981,0.06924296268348519,0.3136323821080594,0.3111525342497183,0.07081371987467484,0.3207470447466017,0.3182109422349993,0.06327793929013267,0.2866141202705477,0.2843479020709284,subduction,0.6525977008772591
1200361,AICH06,KiK-net,5137703334,137.0419,34.6158,1.3163641210736812,0.6700717443624008,0.021356120591639348,0.16601877297548093,0.16590548250421908,0.028112430912156875,0.21854115616959996,0.21839202465797133,0.018837345619576437,0.1464382537295397,0.1463383249174033,subduction,0.8903383734109529
1200381,AICH07,KiK-net,5237636214,137.4039,35.2194,1.0658305054945476,0.7262317011360567,0.021140950273538874,0.10379721923388721,0.10323453982756599,0.022532669716681032,0.11063024264498239,0.11003052176891166,0.016363939059482177,0.08034318931316028,0.07990765300112464,subduction,0.6887005215364457
1200401,AICH08,KiK-net,5237320324,137.2993,34.9189,0.9839947418157375,0.6482988063239522,0.0196299755777967,0.13451555832011952,0.13436902510031457,0.019315792750523298,0.13236260207940578,0.1322184141616164,0.012522405383365104,0.08581051693001104,0.08571704007502184,subduction,0.8353794069175317
1200421,AICH09,KiK-net,5137739131,137.3902,34.6643,1.177211321775271,0.7477816296097778,0.03068257763864317,0.28722489331219125,0.287110787067959,0.0361198777774595,0.3381243963028059,0.33799006914021046,0.027009781065734664,0.2528432120781345,0.25274276469358803,subduction,0.9711576679018259
1200441,AICH10,KiK-net,5237440922,137.6243,35.0002,0.8578742714894749,0.8635824739452685,0.02845462007923195,0.21026425945659324,0.2100987595152269,0.024410486470980895,0.18038029840159886,0.18023832025996767,0.02108046829681719,0.1557732643446385,0.1556506545098425,subduction,0.8682706968470496
1200461,AICH11,KiK-net,5237706441,137.057,35.3059,0.6960520055279377,0.9125506364448042,0.022464490932173575,0.08215526199058802,0.08105385631178844,0.015636453966503587,0.05718433487322194,0.05641769924159363,0.01426905601887273,0.052183601183231496,0.051484007349667814,subduction,0.5572771006780962
1200481,AICH12,KiK-net,5237104832,137.1057,34.7884,1.1704134213978796,0.6839768142290602,0.022530140261965096,0.1417614577862981,0.14153161375189285,0.02636957854858069,0.16591951283001222,0.1656505002873161,0.018036180328221185,0.11348509980390943,0.11330110146196848,subduction,0.7980895631056486
1200501,AICH13,KiK-net,5236666811,136.8509,35.2177,1.4225861381033058,0.6892351330220078,0.051159549897263595,0.18444830803587361,0.18242916796255604,0.0727788665154516,0.2623936062084424,0.2595212055292519,0.05016175174396823,0.1808508920792001,0.17887113261498575,subduction,0.5521675624801267
1200521,AICH14,KiK-net,5237602322,137.0474,35.1842,1.100186464694144,0.7164798921002274,0.03313188499640551,0.14330082138140957,0.14167835091494038,0.03645125142284832,0.15765762406338,0.15587260401680458,0.026116588686360628,0.11295851747770871,0.11167958650734162,subduction,0.6310573479634618
1200541,AICH15,KiK-net,5237526642,137.3359,35.1392,1.0445757526303445,0.5503417594880415,0.019764833046963033,0.1089491314567156,0.10851666981079165,0.020645865355644517,0.11380562098982104,0.11335388204054628,0.011362281865978603,0.0626319856951673,0.06238337488699415,subduction,0.7396033073262015
1200561,AICH16,KiK-net,5237548242,137.535,35.1543,1.1043716558982672,0.6589088909678845,0.020551635879734673,0.11764802455476642,0.11737341497861145,0.022696644147920823,0.1299271436907074,0.12962387265836361,0.014955020624199237,0.085610150155869,0.08541032217628466,subduction,0.7567233437765274
1200581,AICH17,KiK-net,5237652811,137.7268,35.184,0.7089344687316016,0.9052860163497426,0.02296518178990787,0.12597135617157745,0.12525877848194847,0.016280808951552986,0.08930543646289663,0.0888002655770695,0.014738788678702633,0.08084696281387073,0.08038963867506443,subduction,0.7367382845694813
1200601,AICH18,KiK-net,5237315931,137.2377,34.9635,0.6979214505683463,0.7044223500316911,0.019974894586836486,0.12607597905502899,0.12587876593943906,0.01394090740499473,0.08799113018391028,0.08785349092020665,0.009820286755800592,0.06198291870609454,0.061885962532499804,subduction,0.7994679805308591
1200621,AICH19,KiK-net,5237334222,137.4114,34.9512,1.0362823332917699,0.613718951248264,0.01889397500675562,0.1358479195239965,0.13572881667032066,0.019579492505157097,0.14077679901715967,0.14065337483405077,0.012016305606238259,0.08639738945289888,0.08632164169268261,subduction,0.8563487262543854
1200641,AICH20,KiK-net,5237237931,137.4876,34.8976,1.0257164616920678,0.6887774085464937,0.018535922052892683,0.14614664538858835,0.14606323260236678,0.019012600382293052,0.1499050199961482,0.14981946212820513,0.013095449621045885,0.10325119120105727,0.10319226087449469,subduction,0.8965267135176497
1200661,AICH21,KiK-net,5236078533,136.9385,34.7401,1.2675075452129458,0.933299491916434,0.06493960730728639,0.378949794272254,0.3762289874727864,0.08231144224515125,0.4803217234969755,0.47687308034958364,0.07682122722630856,0.4482840204961531,0.44506540359889124,subduction,0.7629425956730558
1200681,AICH22,KiK-net,5237134511,137.4393,34.7853,1.1582339743180097,0.640042416947585,0.0196129565142021,0.16693661953878236,0.16685779547551916,0.022716392571570595,0.1933516643076174,0.19326036759955217,0.014539454805838209,0.12375326654428555,0.12369483277859612,subduction,0.9298034359708551
1200741,AKTH01,KiK-net,5940547634,140.579,39.8147,0.888728529765721,0.745994902516452,0.030947979177394933,0.04893373374189963,0.04530603213125787,0.027504352033546346,0.04348880524438571,0.04026476332553132,0.020518106414043582,0.03244242702884248,0.030037308191877745,subduction,0.16552373267449114
1200761,AKTH02,KiK-net,5940349542,140.5721,39.6634,1.0547098572479718,0.574326539943112,0.033103027027578225,0.05055416477594286,0.0460757445203,0.034914088910732784,0.053319975914125135,0.04859654192559963,0.020052087879367336,0.03062307727660956,0.027910283777330014,subduction,0.1436046529283415
1200781,AKTH03,KiK-net,5840616032,140.1283,39.2223,0.9150391097996389,2.039620158836444,0.03160776615867804,0.03690289752361918,0.028415575145437025,0.028922342208591904,0.033767594499039794,0.02600136258552544,0.05899059220941021,0.06887306645565619,0.053032903286653374,active_shallow,-0.04623735287059106
1200801,AKTH04,KiK-net,5840650733,140.7129,39.174,0.8927710114168568,1.095671595161092,0.0363960475799585,0.05622557142347285,0.050068586112484895,0.03249333620953559,0.05019656026722458,0.044699782263855126,0.03560202551680753,0.05499894525958984,0.04897628173639163,subduction,0.1385111034192772
1200821,AKTH05,KiK-net,5840428532,140.3185,39.0718,0.8938972832071502,0.7776189268441411,0.027824792360286132,0.036606802526856774,0.03169765414285204,0.024872506296662843,0.032722721325657914,0.02833444692233531,0.019341331654335103,0.025445807440678,0.022033402208468663,subduction,0.05659519031398444
1200841,AKTH06,KiK-net,5840337941,140.4952,38.9801,0.9996897245022266,0.8659111170292642,0.0291138054279494,0.04019070732615113,0.03518991704608608,0.029104772127478164,0.04017823713442965,0.035178998477058,0.02520214574378681,0.034790782197340636,0.030461885867240076,subduction,0.08231926784458514
1200861,AKTH07,KiK-net,6040564733,140.8395,40.4563,0.8225188945905784,1.201049831739654,0.02015956519300679,0.0415017360668526,0.039782310982853474,0.016581623277978644,0.034135962073297534,0.03272170245387526,0.019915355847986583,0.04099899150440522,0.03930039522646191,subduction,0.2952088471049772
1200881,AKTH08,KiK-net,6040318823,140.2341,40.3188,0.9444714920341034,0.9954985178340544,0.04882161594428271,0.06264858030010248,0.05300229946006026,0.04611062445441267,0.05916979810985613,0.05005916085228147,0.045903058300770516,0.05890344631890201,0.049833820432462726,subduction,0.035682561498404944
1200901,AKTH09,KiK-net,6040333622,140.4596,40.2755,0.9536457614974561,1.0936376320897363,0.04308565106330908,0.06507451576226336,0.05967131487307083,0.04108844851788307,0.06205803613818185,0.056905296511684106,0.044935873543338674,0.06786900369430049,0.062233773730402536,subduction,0.14143294782719562
1200921,AKTH10,KiK-net,6040346612,140.5812,40.3002,0.9264325653390292,0.9333501100452096,0.03915963147456063,0.06523673221742389,0.061225127846920205,0.036278757844708194,0.06043743318252331,0.05672095225443232,0.0338607826266619,0.05640928491175813,0.052940507028543485,subduction,0.19409110459750853
1200941,AKTH11,KiK-net,5939764042,139.7623,39.9554,0.9540860695309771,2.4153006367580083,0.0449217724707214,0.04558152886051812,0.02282967170236523,0.04285923733295543,0.043488701713744526,0.021781471743192213,0.10351794322124985,0.10503828894098624,0.05260880257085872,active_shallow,-0.2939572175626888
1200961,AKTH12,KiK-net,5940619744,140.2221,39.9155,0.916341198759626,1.0386831740457378,0.027939918320731342,0.035031728469966814,0.028531608653311783,0.025602498247264995,0.03210101606079111,0.02614468847591624,0.026592884142969644,0.03334278525211572,0.027156048010601706,subduction,0.009101126329627268
1200981,AKTH13,KiK-net,5940737243,140.4072,39.9819,0.9162644299989742,0.7856814889269693,0.02454148970341554,0.035046086074245544,0.031404414351485985,0.022486494074425736,0.03211148208051358,0.02877474781521591,0.017667222145142283,0.025229397052669602,0.022607786706956894,subduction,0.10708977734403542
1201001,AKTH14,KiK-net,6040067423,140.8084,40.0622,0.9585276986506774,2.02103269961662,0.022190126087909736,0.04322043715234051,0.03941653877725829,0.02126985049181248,0.041427986158309185,0.037781844202940576,0.04298706335990967,0.08372731470520758,0.07635834258596354,subduction,0.2495187156260671
1201021,AKTH15,KiK-net,5940432241,140.4075,39.6884,0.8970911403456138,0.8800668829516978,0.02539080114004273,0.03583223628864087,0.03192850769630812,0.022777862749009642,0.032144781713310325,0.028642781378814753,0.020046042669822507,0.028289557845595753,0.02520756332712043,subduction,0.09950221645084986
1201041,AKTH16,KiK-net,5940225724,140.3481,39.545,0.97827410512192,1.250415115555851,0.051123992392917046,0.06906022953811955,0.059621501736066854,0.05001327790844077,0.06755983425091829,0.0583261712568758,0.06253735867520985,0.08447783795179613,0.0729319261720967,subduction,0.0667781492154917
1201061,AKTH17,KiK-net,5940246844,140.6116,39.5575,1.0637787413313569,1.1331077555298923,0.04729626324993755,0.07357156623311734,0.06626238317876136,0.05031275938969507,0.07826386812524211,0.07048851457551883,0.0570097778665729,0.08868139595048057,0.07987108254130224,subduction,0.14644022191092051
1201081,AKTH18,KiK-net,5940032042,140.3869,39.3548,0.9652329897212303,0.8657688369987113,0.03856825725400621,0.05309427786247088,0.04632444310748319,0.037227354257621935,0.0512483485582825,0.04471388071780704,0.032230283200160366,0.04436922312940882,0.038711884506754904,subduction,0.07958019185016649
1201101,AKTH19,KiK-net,5840632743,140.471,39.1913,1.083971091703916,0.964675642630132,0.04693572218851493,0.06671422962989401,0.05905013434761106,0.05087696602059624,0.07231629632410196,0.06400863859404288,0.04907976989099007,0.0697617696290841,0.061747574569588175,subduction,0.09971738539692397
1201121,AOMH01,KiK-net,6240273313,140.9127,41.5273,1.0143124385641478,0.9026108588673922,0.03371337816685616,0.08003292663651707,0.07796380007443929,0.034195898820659175,0.08117839298211116,0.07907965217323219,0.030865589604257622,0.07327249901105803,0.07137815276701576,subduction,0.3640907270154174
1201141,AOMH02,KiK-net,6240068841,140.8567,41.4049,1.1072899011048165,0.6658438073490089,0.018589212422182907,0.04165773225311396,0.04042050037474571,0.020583647184575338,0.04612718622680149,0.044757211862559376,0.013705494010506351,0.030713501299550267,0.029801312352892764,subduction,0.3373406952394836
1201161,AOMH03,KiK-net,6140678911,140.9896,41.234,0.9853690476679177,0.7095477478890019,0.033137860533413555,0.08079697960057716,0.07879053499411115,0.03265302207556199,0.07961484284346489,0.07763775443239304,0.02316887827548487,0.05649053243811733,0.05508769380866386,subduction,0.37614958357846834
1201181,AOMH04,KiK-net,6140252413,140.6759,40.8524,1.076296167272322,0.8711451124818416,0.04855523547796648,0.09349069254026604,0.08516124262617714,0.05225981384594039,0.1006236740567234,0.09165871903870274,0.045525881411101844,0.08765782185448047,0.07984804510691221,subduction,0.2440059251414704
1201201,AOMH05,KiK-net,6141202834,141.1033,40.8564,1.1375194368237809,1.6335104943545145,0.019011538088949845,0.048972656309749,0.04698431166606334,0.021625994100096087,0.055707348425230264,0.05344556774593336,0.03532628831335577,0.09099853826527707,0.0873038957897173,subduction,0.39293561471788097
1201221,AOMH06,KiK-net,6141325944,141.3738,40.9664,1.078030251999064,1.3220638174970516,0.03641807345015882,0.10792992510184417,0.10597247785941173,0.03925978489879514,0.11635172435578119,0.11424153701174687,0.051903941097414204,0.15382440487416876,0.15103460253848078,subduction,0.46387612168662673
1201241,AOMH07,KiK-net,6140009124,140.0233,40.7451,0.9713506861120392,0.7165982242840518,0.04522096740477125,0.05444225092156853,0.04347414254612941,0.043925417715274716,0.05288251778614939,0.0422286381903154,0.03147687633570109,0.03789551834122444,0.030260967141113714,active_shallow,-0.017108823863932587
1201261,AOMH08,KiK-net,6140121424,140.3121,40.7618,1.1713002304911135,1.0440997368530565,0.053557932627349814,0.07607637674435205,0.06772988737234428,0.06273241883104237,0.08910827761558834,0.07933203269036401,0.06549890199364707,0.0930379292098649,0.08283055445602713,subduction,0.10195654882012684
1201281,AOMH09,KiK-net,6040724724,140.3499,40.6199,1.1370376946665461,0.9945759272089324,0.058084575262704385,0.08268054840337934,0.07200644460646602,0.06604435155239088,0.09401090015034422,0.08187404177647048,0.06568612218213185,0.09350097818477496,0.081429951014176,subduction,0.09331054973344576
1201301,AOMH10,KiK-net,6040753311,140.6646,40.6091,0.9310142684561341,1.010981010633208,0.02676560293270383,0.04873828473535815,0.04467289033461987,0.024919158234178614,0.04537603850869624,0.041591098314707226,0.025192795775718722,0.04587431327005309,0.04204781060754782,subduction,0.2224670212991128
1201321,AOMH11,KiK-net,6040679941,140.995,40.58,0.994261836007014,1.0573166041321589,0.019390780745718466,0.04544790524796949,0.04378014918448196,0.0192795132658475,0.04518711771451895,0.04352893150882401,0.020384549495566784,0.0477770898524353,0.04602386204441113,subduction,0.3536819413698218
1201341,AOMH12,KiK-net,6041710212,141.1547,40.5846,1.0807168148887654,1.4566956068483243,0.01892249646923261,0.05046984444229172,0.04880420938852718,0.020449860113972977,0.05454360953360496,0.05274352972353347,0.02978922138868721,0.07945343638925273,0.07683126803794521,subduction,0.4114788488700422
1201361,AOMH13,KiK-net,6041639541,141.4451,40.5794,1.3273691026014844,1.3207512883341457,0.03443384845997359,0.11432996996935753,0.11258431778436062,0.045706426529430653,0.15175806963868077,0.1494409448644271,0.06036682172389551,0.20043466599039061,0.19737432045956413,subduction,0.5144923366680827
1201381,AOMH14,KiK-net,6040625144,140.2726,40.5488,0.906171884227042,1.0343552707371977,0.024779776988064224,0.03313719771787512,0.028591170277311825,0.022454737204000052,0.030027996894010932,0.025908514642447856,0.0232261757799761,0.03105961685700041,0.026798608677387804,subduction,0.062134538499907424
1201401,AOMH15,KiK-net,6040548421,140.5565,40.4841,1.001244399997627,0.6697077071744899,0.02184625738656932,0.035991332412189686,0.03347685499125593,0.021873442869209326,0.03603612002615801,0.033518513589527614,0.014648813271950374,0.024133667318183002,0.02244760688393952,subduction,0.1853676050250285
1201421,AOMH16,KiK-net,6041505714,141.0923,40.4624,1.101623509491392,1.550793494353137,0.0192247505519214,0.04842917815971815,0.04688232984760341,0.021178437172104228,0.053350721206092584,0.051646676739849906,0.032843382587065886,0.08273595136545632,0.08009333029311871,subduction,0.38714847270822456
1201441,AOMH17,KiK-net,6041523644,141.3374,40.4492,0.9158042783261122,1.615339904173149,0.018518158596462605,0.05666775096490647,0.05517370355829973,0.016959008869361927,0.05189656877678002,0.05052831376978754,0.02739456376190668,0.08383059843479908,0.08162040152291941,subduction,0.4741343378996681
1201461,AOMH18,KiK-net,6041305131,141.0145,40.2962,0.8225188945905784,1.2963192241865231,0.020178052647948076,0.04682589875237722,0.04470641860370259,0.016596829558980744,0.03851518648001565,0.036771874011021125,0.021514789217853873,0.049927976657173155,0.04766808718985148,subduction,0.3454906294221263
1201491,CHBH04,KiK-net,5340505141,140.0206,35.7966,1.2121517609225645,0.9731162052823588,0.047066806707693254,0.17940530150459127,0.17781535998531608,0.05705211263173235,0.2174664521376339,0.2155392017252806,0.05551833534753311,0.211620128680392,0.20974469007249388,subduction,0.577254539147733
1201521,CHBH06,KiK-net,5340446032,140.5046,35.7215,1.358230509720901,1.0728647739677537,0.0593122727944813,0.21145039335552915,0.20919784024106092,0.08055973851035347,0.2871983755479654,0.2841388891831278,0.08642970564781172,0.30812502026617394,0.30484260511890504,subduction,0.5474126304238828
1201571,CHBH10,KiK-net,5340215914,140.2417,35.5458,1.2032793953992689,0.8546381977064833,0.05647717620186302,0.2028455180923149,0.20059755370080506,0.06795782243403571,0.24407983236957215,0.24137490313567708,0.058079350885081496,0.20859994803283172,0.20628821218745205,subduction,0.5504526581404076
1201591,CHBH11,KiK-net,5240714213,140.1529,35.2867,1.0649311965420325,0.9200410527043046,0.054825205345352394,0.17723554934661684,0.1752139619543881,0.05838507152908876,0.18874366563547712,0.18659081415495668,0.053716662671838944,0.17365192082253364,0.1716712090800796,subduction,0.5045884430575411
1201611,CHBH12,KiK-net,5339061814,139.8554,35.3445,1.172189339040819,0.9349541774867997,0.07211743051908653,0.16156516241529983,0.15647412725038623,0.08453528321349023,0.18938496094361287,0.18341730379861923,0.07903661618548243,0.17706626038740525,0.1714867744098845,subduction,0.3364022931186854
1201631,CHBH13,KiK-net,5340529342,140.298,35.8307,1.167766689827302,1.0217390478702857,0.04488104500517506,0.18323780291944752,0.1818805606399739,0.05241058936168345,0.21397900256647076,0.2123940602424762,0.05354994567272697,0.21863070234649926,0.21701130488545173,subduction,0.6077233238020865
1201651,CHBH14,KiK-net,5340468522,140.823,35.7342,1.142865046667124,1.1459890794512857,0.04822129881254047,0.14561639295783985,0.1434243090148012,0.055110436917743394,0.1664198857332599,0.16391462961540076,0.06315595887152291,0.19071537165384664,0.18784437550155159,subduction,0.4733838625616239
1201671,CHBH15,KiK-net,5239365311,139.7885,34.9591,0.9368311272563431,1.0678277438332726,0.0520732768070646,0.13783860951497198,0.13563755206925912,0.048783866611093914,0.1291314999313581,0.12706948080333497,0.05209276621878773,0.13789019822950854,0.13568831699629053,subduction,0.41576503589110886
1201691,CHBH16,KiK-net,5239576731,139.9649,35.1384,0.9864534719859033,1.051236778420389,0.06745009763782739,0.16715453289349574,0.16172413617290307,0.066536383000623,0.16489016933097075,0.15953333563168123,0.06994549291332007,0.17333861040068213,0.16770730980010726,subduction,0.3797922574206567
1201711,CHBH17,KiK-net,5240620731,140.3398,35.1714,0.9428586605971602,0.9653985104669404,0.02970709671498422,0.1138558019303228,0.1126730330948897,0.028009593418920318,0.10734992890923972,0.10623474506926721,0.02704041976541029,0.10363546146771196,0.1025588646497057,subduction,0.5789597753134442
1201741,CHBH19,KiK-net,5340341024,140.5107,35.5943,1.2807638930309464,0.9254071091639072,0.061750169527820406,0.21807079889666706,0.21558636231536765,0.07908738751977218,0.2792972053512639,0.2761152286834104,0.07318803065599805,0.2584636194016713,0.25551899557204594,subduction,0.5429831302987412
1201761,CHBH20,KiK-net,5240500742,140.0997,35.0882,1.0657018739319768,0.7822285019050622,0.03730199405505448,0.12198416380721246,0.12041675801624407,0.03975280496587102,0.12999875195937152,0.1283283646707247,0.031095777074977404,0.10168872899470696,0.10038210444830749,subduction,0.5089548819691815
1201821,EHMH01,KiK-net,4932446432,132.5552,33.0556,0.9469514591317144,0.5872879111807784,0.01329912865249601,0.1342438039493609,0.1341874136427832,0.012593629282661488,0.1271223660292391,0.12706896714614446,0.0073960862355993496,0.07465742880967018,0.07462606829115814,subduction,1.0038885949900633
1201841,EHMH02,KiK-net,5033613443,133.184,33.865,1.0472294904407855,0.7354881900471656,0.01993955122289467,0.1069667011670652,0.10342920365262348,0.02088128606676993,0.11201868395731747,0.10831411223783312,0.015357939295105712,0.08238841911523288,0.07966375036636943,subduction,0.7149278013993613
1201861,EHMH03,KiK-net,5033659144,133.6497,33.9154,0.760306970403065,0.815228153299755,0.020201312374766103,0.12489473979391535,0.1246158474096659,0.015359198609824362,0.09495834123199091,0.09474629740825372,0.012521251118851278,0.07741271316296393,0.07723984906812004,subduction,0.790193690878456
1201881,EHMH04,KiK-net,5033608514,133.0658,33.9023,1.1389688577529515,0.9359252641780614,0.027564407825302218,0.1348205554394212,0.1269633361035624,0.03139500209542099,0.15355641403045606,0.14460728589837854,0.029383375630027683,0.14371732736769036,0.1353416122565124,subduction,0.6633296586367972
1201901,EHMH05,KiK-net,5032465414,132.8032,33.7112,0.8225188945905784,0.9599044457076268,0.0179932188871837,0.09690543661698948,0.09551092370993153,0.014799762509212654,0.07970655260602355,0.07855953939121794,0.014206357828010288,0.07651067419855083,0.07540965111437353,subduction,0.7249441820825808
1201921,EHMH06,KiK-net,5032060322,132.798,33.3348,0.9701352044925489,0.7225167702774273,0.014011186286856369,0.12737122258875355,0.12730147399978586,0.0135927450735826,0.12356730707260638,0.12349964151098515,0.009820986269769311,0.08927945161797866,0.08923056211493709,subduction,0.9583585249892225
1201941,EHMH07,KiK-net,5032250924,132.748,33.5022,0.760306970403065,0.9209658792561668,0.015360362611085336,0.10764909525679005,0.10753621267201338,0.011678590761126805,0.081846357481321,0.08176053206527818,0.010755583608794094,0.07537770258169935,0.07529866030195094,subduction,0.8451532687740262
1201961,EHMH08,KiK-net,5033204031,133.0016,33.5388,0.9996897245022266,0.8950713107370797,0.015208445289675883,0.123654356992449,0.12358144728322108,0.01520372648174327,0.12361599007528132,0.12354310298814972,0.013608419390101998,0.11064512626474388,0.1105798871241292,subduction,0.9098684572068915
1201981,EHMH09,KiK-net,5032126441,132.3072,33.4719,1.3121531858611872,0.832049298668489,0.017770349711675244,0.08628248178531915,0.08565050246516395,0.0233174209880421,0.11321583335861639,0.11238657968027635,0.019401243779858336,0.09420115474420529,0.0935111748027242,subduction,0.683033940490224
1202001,EHMH10,KiK-net,5133203421,133.0581,34.1918,1.2081809782245754,0.8194694148430729,0.01842613940540348,0.07192916031468442,0.07145147425471492,0.022262111131722773,0.08690344327186773,0.08632631206064953,0.018243119182284318,0.07121471380584563,0.07074177242990097,subduction,0.5885768414441899
1202021,EHMH11,KiK-net,5032249831,132.6011,33.5807,0.760306970403065,0.8213062045321483,0.016605527881590552,0.0946108813917087,0.09431114600806596,0.01262529859559574,0.07193331259809377,0.07170542169663376,0.0103692360706338,0.05907927594936496,0.05889210773803943,subduction,0.7543103359888581
1202041,EHMH12,KiK-net,5032141012,132.5055,33.427,1.026281272841173,0.7966376750722193,0.015456532047131284,0.09778926544742599,0.09762533586902766,0.015862749383040275,0.10035929181358767,0.10019105395721273,0.012636863788758486,0.0799499929022709,0.07981596828750923,subduction,0.8004504823490305
1202061,EHMH13,KiK-net,5032004932,132.1157,33.3719,0.760306970403065,0.8184053085537204,0.01837896733339112,0.07978058766245354,0.07888051475274432,0.013973656972387501,0.0606577369026162,0.059973405195493316,0.01143611504611064,0.049642613885956005,0.049082553184035004,subduction,0.6326486301772043
1202081,FKIH01,KiK-net,5436121824,136.3617,36.0955,0.9384922332423628,0.6820179602289019,0.024036648600694425,0.03613181871485166,0.03241005848072481,0.022558208024927626,0.03390943123680933,0.030416588163091007,0.015385103023580387,0.023126841124650913,0.020744659416113892,subduction,0.12980590024892397
1202101,FKIH02,KiK-net,5336703434,136.0556,35.9483,0.9148863379662684,0.8778120128720013,0.023042180561149834,0.036998771241963366,0.032861568425507186,0.021080976192347906,0.03384967033081155,0.030064599996640223,0.018505134144711652,0.02971364724814335,0.02639106703924232,subduction,0.15416471223087364
1202141,FKIH04,KiK-net,5335267921,135.8694,35.5587,1.3121531858611872,0.7676272507370578,0.02924016866106163,0.04479862134368005,0.03891720414208726,0.03836758046373046,0.058782653718298765,0.05106533339984999,0.029452000308806264,0.04512316686480617,0.03919914148569811,subduction,0.12416175912884723
1202161,FKIH05,KiK-net,5336306232,136.0303,35.639,1.4284919812367323,0.8603998545771964,0.03313267017788949,0.04744779307918606,0.03937552579117232,0.04732975366607655,0.06777879194099701,0.05624762284966979,0.04072251317146679,0.05831686272945187,0.048395446520168875,subduction,0.07496992878403526
1202181,FKIH06,KiK-net,5335138843,135.4841,35.4907,0.9996897245022266,0.7827348521610784,0.024955056007912996,0.04130120887357049,0.0378936435989864,0.02494731306548818,0.041288394120428604,0.037881886129856275,0.01952713140413103,0.03231786506782202,0.02965147253943586,subduction,0.18140781721893096
1202201,FKIH07,KiK-net,5335154833,135.7266,35.4573,0.9453241456934636,0.9053688102978976,0.02742848985127439,0.043422738651833194,0.03935015525179343,0.0259288137363178,0.04104856331971475,0.037198651896306785,0.023475139244885833,0.037164088937208066,0.03367849921204491,subduction,0.15674455313974187
1202221,FKOH01,KiK-net,5030676812,130.9798,33.8849,1.1546636451629038,0.60162236719316,0.026962530527754127,0.0364652863108197,0.029862878760840858,0.03113265378199265,0.04210514041356001,0.03448158044505036,0.018730100865327504,0.02533139424660636,0.020744890051912573,subduction,0.04437102126286733
1202261,FKOH03,KiK-net,5030247324,130.5499,33.5608,0.9092195288356074,0.7476643566676506,0.02993162802791983,0.0380027736280993,0.0269559125695319,0.02721442073282793,0.03455286393258669,0.02450884212580362,0.02034725236929257,0.025833944783182298,0.01832438768065798,active_shallow,-0.045476300352222526
1202321,FKOH06,KiK-net,5031311022,131.1348,33.5925,1.105098754126757,0.4989779620446066,0.04363154594076469,0.06760285112653149,0.05873983470400188,0.048217167059763415,0.07470782655534657,0.06491331814900413,0.024059303755045086,0.03727755904336877,0.03239031519954325,subduction,0.12913211900790802
1202341,FKOH07,KiK-net,5030054022,130.6354,33.3678,1.4619757632445707,0.867455228522941,0.04847060922945145,0.06557292245568058,0.051196014949039685,0.07086285592315661,0.09586602335532067,0.07484733303020275,0.06147035487861006,0.08315948319727529,0.06492671037804719,subduction,0.023757678780750798
1202361,FKOH08,KiK-net,5030165634,130.8285,33.4654,1.0375707092831326,0.6810066227775634,0.026932061407310345,0.03854999413663178,0.03224341645719996,0.027943918056839875,0.039998344759205634,0.03345482448320839,0.019029993263061495,0.027239137681159282,0.02278295703692589,subduction,0.07817145664676796
1202381,FKOH09,KiK-net,5030642312,130.5432,33.8501,0.9697622540030603,0.7691103065607677,0.02762026787944915,0.034251043934473036,0.0247308713984898,0.026785093234942933,0.03321536956785242,0.023983065590859286,0.020600691269185706,0.025546283070860168,0.018445622928852785,active_shallow,-0.04798846722890896
1202401,FKOH10,KiK-net,4930764532,130.817,33.2891,0.8225188945905784,0.599141079564976,0.044284011359638616,0.06353771165484647,0.054736296288742846,0.03642443607156657,0.05226096835515922,0.045021637917399146,0.021823375950463846,0.03131169299942114,0.02697431274561398,subduction,0.09202845419305229
1202421,FKSH01,KiK-net,5639550733,139.715,37.7565,0.8836604628980099,0.7706422604544315,0.023635441256698263,0.03518668454569093,0.03163956091019869,0.02088570496169271,0.031093081953491503,0.027958629039795957,0.016095406882863206,0.023961642961133584,0.02154610108243527,subduction,0.1266667331034794
1202441,FKSH02,KiK-net,5639477043,139.8821,37.7317,1.0098918404194834,0.6427619607585049,0.05081382531241555,0.08312211611508517,0.07621759724268737,0.05131646756350947,0.08394434682302537,0.07697152955176849,0.03298427331032156,0.05395623295855976,0.04947437125727592,subduction,0.17607336329551748
1202461,FKSH03,KiK-net,5639362034,139.7533,37.6078,0.8225188945905784,0.9460406241176348,0.0424799090413138,0.07000758668862456,0.06451123472337648,0.03494052782696974,0.05758256281608156,0.05306170947334496,0.03305515875242604,0.05447544366481871,0.05019853274691188,subduction,0.18145177606833418
1202481,FKSH04,KiK-net,5639164511,139.8126,37.4508,1.0224613615610851,1.2434593189793863,0.04544021658772364,0.081215053050736,0.07540786099228584,0.04646086572191452,0.08303925372151129,0.07710162422258163,0.05777219644976454,0.1032559338811069,0.0958727331480159,subduction,0.21997622908966458
1202501,FKSH05,KiK-net,5539760942,139.8725,37.2544,0.8873489937859539,0.7713349781980761,0.026346397597548605,0.05120999525831961,0.04780829335196016,0.023378449398069427,0.045441137764253375,0.04242264100048555,0.018032615756764705,0.03505033900668615,0.03272206687121433,subduction,0.25878199909839716
1202521,FKSH06,KiK-net,5539640141,139.5199,37.1723,1.3797067192330965,0.5257023684557356,0.021682990623709424,0.037396052678539564,0.03493951553282721,0.02991616785660012,0.051595585153375874,0.04820628434739085,0.01572700029733403,0.027123921316989284,0.02534215785587402,subduction,0.20719769680448574
1202541,FKSH07,KiK-net,5539431011,139.3755,37.0103,0.883321574357451,0.6341891555316584,0.02309222823288279,0.037680961388445594,0.034730463512004615,0.020397863398091604,0.033284406136944084,0.03067816770758792,0.012936103763085838,0.02110860942036132,0.019455761271733776,subduction,0.17724473822086395
1202561,FKSH08,KiK-net,5540713733,140.2144,37.2822,0.994261836007014,0.9004220170580691,0.023336256519810538,0.052804984372849036,0.050998516312910115,0.023202349252917476,0.052501980712870565,0.050705878462907666,0.020891906114797736,0.047273939373026756,0.04565668936227263,subduction,0.33952635141313187
1202581,FKSH09,KiK-net,5640032413,140.4264,37.353,1.0462618318962593,0.7897881928340039,0.02433453829799167,0.057984959185858574,0.05636003120331612,0.025460298618006444,0.06066744962022622,0.05896734949251186,0.020108243234529397,0.047914435399406444,0.04657171639190206,subduction,0.3647481141430455
1202601,FKSH10,KiK-net,5540509714,140.093,37.1616,1.0093572314452723,0.9444767885261954,0.03625789642742425,0.08122292525990017,0.07791186592771232,0.03659716995601437,0.08198294697021911,0.07864090528953095,0.03456517754920382,0.07743099046834594,0.0742745096746489,subduction,0.3322010014346841
1202621,FKSH11,KiK-net,5540624711,140.3386,37.2006,1.1177152684502207,1.1407663738917366,0.05013995605023122,0.11068897125929854,0.10633988161094768,0.05604219443676646,0.12371875322556564,0.11885770932174508,0.06393105093256574,0.1411341934995351,0.1355888780720452,subduction,0.3265122235297762
1202641,FKSH12,KiK-net,5540646521,140.5703,37.2169,0.9315010706666653,0.9839206265444154,0.03159585587331046,0.06775580855847818,0.06492436254990236,0.029431573574618338,0.06311460821610804,0.0604771132275848,0.028958332311726533,0.06209976486009833,0.059504679138482786,subduction,0.3127775701733741
1202661,FKSH13,KiK-net,5540349624,140.5853,36.9951,0.9184222974913496,0.9479275411883435,0.03932144004323597,0.07556550911881224,0.07150229691076973,0.03611368730517713,0.06940104849600306,0.06566930380469777,0.034233158810441255,0.06578716525670918,0.06224974168713748,subduction,0.2596905787923554
1202681,FKSH14,KiK-net,5540473721,140.9702,37.0264,1.1948150302817984,1.2699869387755034,0.03741108329551886,0.10659348503311529,0.10509766332029796,0.04469932462061024,0.12735949804768407,0.12557226778258807,0.05676755844026129,0.161744899049563,0.1594751399563068,subduction,0.44859277624152516
1202701,FKSH15,KiK-net,5640317342,140.1735,37.6461,1.1489619413126195,0.7242224019678603,0.023099345852049376,0.04691884588519016,0.04451133669499778,0.026540269253222257,0.053907968252395695,0.05114183181950429,0.019221057547442372,0.03904135825295717,0.03703806028135774,subduction,0.28487095520602623
1202721,FKSH16,KiK-net,5640531031,140.3766,37.7643,1.0526068289262769,0.6872006919290763,0.032172566574722256,0.07254032722693275,0.0695072833230512,0.03386506328063792,0.07635644381161615,0.0731638410859572,0.023272094918676337,0.05247220102058625,0.05027824221845877,subduction,0.33454460629932553
1202741,FKSH17,KiK-net,5640349742,140.5974,37.6636,0.9134393373395775,0.876907495553385,0.019787277000810673,0.055538262301601464,0.05465401538751766,0.018074477191375164,0.05073083351376648,0.0499231275985212,0.015849644527325575,0.04448624816389269,0.043777964792611306,subduction,0.44123604125753585
1202761,FKSH18,KiK-net,5640148331,140.538,37.4894,0.760306970403065,1.1916784799032452,0.0217149995156348,0.058041940927839784,0.05694085136106622,0.01651006549403632,0.044129692263159534,0.0432925261905035,0.01967468975103622,0.052588404594759955,0.05159077180187064,subduction,0.418664132278075
1202781,FKSH19,KiK-net,5640156724,140.7227,37.4703,0.9300432651715912,1.1497364828100771,0.023250998047243454,0.0647320338749726,0.0634678406999332,0.021624434142356593,0.06020359214627757,0.059027837797956284,0.024862400853591215,0.06921826628679355,0.06786645861770599,subduction,0.43611212333544713
1202801,FKSH20,KiK-net,5640178844,140.9871,37.4911,1.423622288361534,1.055399374088122,0.04548214731840129,0.13259084396812368,0.13012445636379397,0.06474939864501886,0.18875928070568732,0.18524807634042492,0.0683364748025352,0.19921642671010653,0.19551070382071312,subduction,0.4565179675628322
1202821,FKSH21,KiK-net,5639021511,139.3147,37.3421,1.3797067192330965,0.6966658775874779,0.02429932749715754,0.03371130814294382,0.02997464985494537,0.0335259454206738,0.04651171835895699,0.04135622581152749,0.0233563821884436,0.03240312708864438,0.0288114713486937,subduction,0.09115986431875184
1202851,GIFH03,KiK-net,5336345933,136.6134,35.6325,1.0724618969274746,0.6421265812252345,0.03501135454003151,0.05852258416482693,0.0495725145691954,0.03754834370400254,0.06276324162650808,0.053164633010344166,0.02411078957332121,0.040301945772242956,0.03413842403702654,subduction,0.15103203574888527
1202871,GIFH04,KiK-net,5437219524,137.1983,36.2448,1.106411662526159,0.7804242442652118,0.036502567135566176,0.04581356528478125,0.03766484987228055,0.04038686599093451,0.050688662932985545,0.04167282916598811,0.03151888936921545,0.0395586614622893,0.032522486208259545,subduction,0.013612832333777693
1202891,GIFH05,KiK-net,5436077544,136.9479,36.0654,0.9766467432850273,0.8621516865674563,0.03261986509154502,0.04546531180372502,0.03864068769661403,0.03185808500805439,0.04440354870554635,0.03773830179719192,0.02746650172050349,0.03828259440606698,0.03253614054264068,subduction,0.07356268648108293
1202911,GIFH06,KiK-net,5336260323,136.7939,35.5038,0.8284304436898413,0.779167792536148,0.029752678029704334,0.06363010814090439,0.05904287396817466,0.024648024261108955,0.05271311871920201,0.048912914278178315,0.019204946653905684,0.04107236435013653,0.038111367444638035,subduction,0.2976414264862579
1202931,GIFH07,KiK-net,5336130422,136.4347,35.4179,0.7238328553325669,0.952312824680049,0.028384626758373145,0.05992442883145621,0.055272819974201186,0.020545725434062415,0.043375270425246144,0.04000828310420898,0.019565957823212705,0.041306826299927143,0.03810040109356833,subduction,0.2894284346226914
1202951,GIFH08,KiK-net,5336579644,136.9621,35.8323,1.078967952641568,0.7472127359927226,0.032796847037469476,0.05256678886265952,0.04629780812000021,0.035386746901117115,0.05671788055608533,0.04995385123902879,0.02644142796986572,0.042380322710020964,0.03732615385768816,subduction,0.14972833635405874
1202971,GIFH09,KiK-net,5236753611,136.7002,35.2768,1.4797582574878327,0.8770744844887185,0.056703298272090884,0.1708759872127587,0.16620670667353277,0.08390717384492204,0.252855153084465,0.2459457466500182,0.07359284124494028,0.22177280304187313,0.21571273895525767,subduction,0.4670402228710033
1202991,GIFH10,KiK-net,5437425923,137.3716,36.3779,1.0659591901082253,0.7102727538695599,0.0406982710711609,0.04725756501965503,0.03648673094277863,0.04338269606981968,0.050374635734838275,0.038893366165461025,0.03081354700779696,0.03577973124855952,0.027624898293599168,active_shallow,-0.04744100592658685
1203011,GIFH11,KiK-net,5337118923,137.2464,35.4865,0.7481865046679389,0.7205025854074327,0.02626758373144754,0.07427762793614537,0.07192475514064436,0.01965305165810415,0.05557351882057025,0.053813131147776076,0.014160074530809872,0.040040863990409487,0.03877250012084191,subduction,0.43745826675677685
1203031,GIFH12,KiK-net,5336332313,136.4134,35.6033,0.745059066472962,0.7107734001371233,0.030243498034497003,0.051479812168273575,0.047213217561552626,0.0225331924124592,0.03835550079629734,0.03517663580159526,0.016015993786947652,0.0272620697149464,0.025002617034085125,subduction,0.1934315771708595
1203051,GIFH13,KiK-net,5436372144,136.8979,36.2743,1.0490521216038982,0.545150244194023,0.03247785941172572,0.04101223149597467,0.03334993091422657,0.034070967321024,0.043023968462562436,0.03498581578091281,0.01857379615498281,0.023454526913561858,0.019072526016291724,subduction,0.011507541064351822
1203071,GIFH14,KiK-net,5437249134,137.5174,36.2493,1.1118657222446777,0.5776294780024166,0.06365211361678046,0.07076352271162935,0.04665108880198641,0.07077260327892189,0.07867953528834343,0.051869746544321214,0.040880341888875765,0.04544761889807853,0.029961494620513916,active_shallow,-0.13495104499373198
1203091,GIFH15,KiK-net,5437116721,137.2208,36.1338,1.0445757526303445,0.720932040714915,0.048981527840801904,0.05961615842311085,0.047039335552915625,0.05116491630928982,0.06227359355375087,0.04913614933841816,0.03688642752786415,0.04489502888335679,0.03542382441541862,active_shallow,-0.017571149043329536
1203111,GIFH16,KiK-net,5437121723,137.3438,36.094,0.7565247218021967,0.6927202695333662,0.04404169619594867,0.054951476804005445,0.04416108457016412,0.033318631962336934,0.04157215070177008,0.03340895221892669,0.02308049171343307,0.02879787143921189,0.023143058385922247,subduction,0.0011756940844771474
1203131,GIFH17,KiK-net,5336764922,136.8732,35.9514,0.9766467432850273,0.7755419307691382,0.030058113626977613,0.04733179016279769,0.04178704246608169,0.029356158783078987,0.04622643871634666,0.04081117893601182,0.022766932062594475,0.03585054153465673,0.031650780508999395,subduction,0.1430799126011657
1203151,GIFH18,KiK-net,5337617144,137.1495,35.8991,1.0626305352618328,0.7026475168021973,0.0620963223934779,0.06900451224424244,0.04701820703298273,0.06598544830277275,0.07332630178158103,0.04996298250651011,0.04636451139502304,0.05152254386311645,0.03510636559023095,active_shallow,-0.12079981623191122
1203171,GIFH19,KiK-net,5437032131,137.3906,36.0216,1.0226847195774926,0.61091371021745,0.043628068708478435,0.05678827122411833,0.0476218586367414,0.04461775921283785,0.05807649723212805,0.048702147145674876,0.027257600822303583,0.03547972840051281,0.02975280940832043,subduction,0.0380403530875386
1203191,GIFH20,KiK-net,5337525033,137.2531,35.7991,1.1218271303772134,0.5131601336318609,0.06345540016213488,0.07338095068142536,0.053508211264805004,0.07118598947082554,0.08232074132729524,0.06002696309481388,0.036529811869565075,0.042243722620188676,0.03080344440324947,active_shallow,-0.07404815408816066
1203211,GIFH21,KiK-net,5336379644,136.9618,35.6665,0.745059066472962,0.750335419282783,0.029994381363666493,0.05762719175253527,0.05358735144009422,0.02234758577824737,0.042935661690602304,0.03992574203871514,0.016768185144879197,0.032216147716801806,0.02995769839279556,subduction,0.2520223835182238
1203231,GIFH22,KiK-net,5337400812,137.1054,35.6682,1.1267680501504675,0.4795102876523718,0.03458973247745153,0.06166819454145911,0.05633223373935034,0.03897460541884436,0.06948575131977959,0.06347336117110816,0.018688724255527745,0.033319132603088684,0.03043612967342096,subduction,0.21180976951090907
1203251,GIFH23,KiK-net,5336466244,136.7847,35.7235,0.745059066472962,0.7758919018223317,0.032435439217265834,0.05498534157943844,0.04811158754518618,0.024166318063856586,0.04096732726687335,0.0358459745029486,0.018750450482609055,0.03178621746567223,0.0278126013297676,subduction,0.17122990441047406
1203271,GIFH24,KiK-net,5337326534,137.3187,35.6401,1.1165067880453388,0.4833147329513632,0.03481858738713016,0.06874872662937904,0.06352806513947169,0.03887518916788064,0.07675841995117505,0.0709295159596066,0.018788951671107956,0.03709847524047076,0.034281280064386715,subduction,0.2611544807962007
1203291,GIFH25,KiK-net,5336242931,136.6127,35.5214,1.1507960777585218,0.5368363701034574,0.033973783096164334,0.06268685024957554,0.05477985856536126,0.03909689633368468,0.07213978139424734,0.0630404463771843,0.02098863591008646,0.038727258383744675,0.03384240440282927,subduction,0.20747699689746746
1203311,GIFH26,KiK-net,5336079013,136.8764,35.4121,1.1997919999166253,0.5343866051232312,0.02539839802582941,0.06928893149036623,0.0670691826464695,0.030472794762088338,0.08313230568491255,0.08046906878018105,0.01628425334152937,0.04442479061102711,0.04300159248286874,subduction,0.42171668887784625
1203331,GIFH27,KiK-net,5337104014,137.004,35.4527,1.0658305054945476,0.5067182621801947,0.02541713021266182,0.06903336001590757,0.06709840771313344,0.027090352742782084,0.07357786100174185,0.07151552981076827,0.013727176463671008,0.03728324586173855,0.0362382249846084,subduction,0.42158570037812626
1203351,GIFH28,KiK-net,5337134743,137.4706,35.4571,1.0300358680922546,0.6968986844312924,0.02818810704980804,0.08679974303151433,0.08336866310105898,0.029034761314926424,0.08940684866365049,0.08587271326899,0.020234286963148808,0.062307515212845686,0.05984458090570472,subduction,0.47093692506550394
1203411,GNMH05,KiK-net,5439317442,139.1847,36.3143,1.0984704327203447,0.8870835774588828,0.05267325743245655,0.1160218831099305,0.11126439711828198,0.05786001588462066,0.1274466081447946,0.12222065044888748,0.05132666988275708,0.11305579308808479,0.10841993183955072,subduction,0.32476604213056337
1203431,GNMH06,KiK-net,5439249323,139.5443,36.2441,1.1882252218518465,0.9638457371536202,0.03508825133965218,0.09398857917841466,0.09138978142382975,0.04169274523245157,0.1116796003458116,0.10859164330732186,0.04018537476253037,0.10764190672033049,0.10466559249226863,subduction,0.4157359134024462
1203451,GNMH07,KiK-net,5539013644,139.2104,36.6998,0.8722515080793267,0.7144265498523942,0.02894568481591573,0.05050432104745249,0.04637082999801155,0.025247917233071366,0.04405247019816292,0.04044702639665566,0.01803778239978198,0.03147225429614895,0.028896429520351416,subduction,0.2046610406165633
1203471,GNMH08,KiK-net,5438549122,138.5244,36.4917,0.9463508097704795,1.16395209223298,0.059618819882426725,0.08352646418501732,0.07562444871592236,0.05642031847329489,0.07904533701875609,0.07156725828075922,0.06567054773144264,0.09200498540424218,0.08330086001126775,subduction,0.10327884657783762
1203491,GNMH09,KiK-net,5438774241,138.9068,36.6212,0.9628588454642748,0.8026985920228723,0.03910328195663147,0.06841613598935417,0.06549651511984216,0.03765094091862619,0.06587508170983637,0.06306389893022464,0.03022235726371759,0.05287783533787732,0.05062130287876404,subduction,0.2240049835897216
1203511,GNMH10,KiK-net,5438258814,138.7291,36.2356,0.8424828538677579,0.8152811058490262,0.027595142071961374,0.05076451183635595,0.04925771797708698,0.023248434045672253,0.042768230807096734,0.0414987828163494,0.018954009018013824,0.03486813050761622,0.03383317354590191,subduction,0.25164165352770257
1203531,GNMH11,KiK-net,5438374323,138.921,36.2862,1.091277929718205,1.0670734230255507,0.04732964875875044,0.09767554669535469,0.09509160620599288,0.05164980111173899,0.10659116838180052,0.10377137115405473,0.05511413007089222,0.11374060290946074,0.11073167222941208,subduction,0.30300890168290906
1203551,GNMH12,KiK-net,5438177313,138.9129,36.144,0.8570786773501899,1.3652489804382306,0.02474952200802517,0.05296387655315526,0.05182127433935136,0.02121228758768763,0.045394209263517046,0.0444149092693726,0.028960054001853072,0.061974397914816334,0.06063740959626746,subduction,0.32094127279373363
1203571,GNMH13,KiK-net,5539203513,139.0627,36.862,0.8846117189212155,1.0844951642783458,0.023407830400799457,0.03612157056691123,0.033402079201358265,0.020706841087067492,0.03195356462932933,0.029547870697856114,0.02245646902640486,0.03465348632196325,0.032044522886546786,subduction,0.15441233931597376
1203591,GNMH14,KiK-net,5439529522,139.3219,36.4931,0.8880378467100078,0.7902486116516334,0.024364385391545534,0.04619170664803985,0.04215381399356559,0.021636496339520868,0.04101998370758566,0.03743418220946018,0.017098211193312014,0.03241598517489219,0.029582310519340183,subduction,0.23808141436555966
1203611,HDKH01,KiK-net,6442014814,142.2296,42.7031,0.9307711929879248,1.8825010581959836,0.028991347707932883,0.0715090270377754,0.0687284750653893,0.026984311292440426,0.06655854240535597,0.06397048472885324,0.050797994562708934,0.12529652651006487,0.12042450519537623,subduction,0.3748683032914585
1203631,HDKH02,KiK-net,6442034232,142.4054,42.7061,0.9071344306590002,0.9269019811642856,0.024706816293025652,0.0642390112831599,0.062283868599368804,0.022412403731370337,0.058273418926446344,0.0564998416811284,0.02077410142126099,0.05401374745213949,0.05236981518970639,subduction,0.40155879374254994
1203651,HDKH03,KiK-net,6342721811,142.3521,42.5934,0.9072086174491313,1.0727035231639328,0.03130759229706373,0.08117281640519444,0.07835290338698742,0.028402517523480258,0.07364067854540861,0.0710824291548342,0.03046748061416261,0.07899461532384246,0.0762503721894413,subduction,0.39840542440916926
1203671,HDKH04,KiK-net,6342601331,142.0381,42.5126,1.4833247646618173,0.8596386232816609,0.06397626100656188,0.1643156429565652,0.15739319747314323,0.0948975723015014,0.24373346241880228,0.23346522760122113,0.08157761840603454,0.2095226980813716,0.20069572683925332,subduction,0.39096710341911023
1203691,HDKH05,KiK-net,6342741341,142.5446,42.5977,0.8955248371973018,0.7452183420846658,0.026053239383479577,0.07138732390775648,0.06946175299414173,0.02333132295735288,0.06392912162044467,0.062204725041517965,0.017386929812920414,0.04764115402491674,0.046356102065272506,subduction,0.4258840094303554
1203711,HDKH06,KiK-net,6342421843,142.3572,42.3498,1.435904460932867,0.7636163901099557,0.04737822803913671,0.12256499416212469,0.11805815441562613,0.06803060899249104,0.17599162187160564,0.16952023057489882,0.0519492880558279,0.13439008698319183,0.12944842652221158,subduction,0.39651717574347184
1203731,HDKH07,KiK-net,6342175334,142.9164,42.133,1.027982102890968,1.1474831356027857,0.031712511408075135,0.12033905564081517,0.11930016876303325,0.032599894165226885,0.12370639547755836,0.12263843836027027,0.037407828777033504,0.14195100257670695,0.14072553979507188,subduction,0.5754104215670475
1203751,HRSH01,KiK-net,5133404144,133.0236,34.3736,0.760306970403065,0.9553263983915656,0.017426379038713528,0.06002923526382608,0.05936208593148527,0.01324939745201976,0.045640645999052445,0.04513340771137398,0.012657499148696424,0.043601713962539194,0.04311713583604502,subduction,0.5323019971863591
1203771,HRSH02,KiK-net,5132675544,132.948,34.5482,0.760306970403065,1.0299268540459574,0.01757454380445922,0.05036545609356916,0.049430814804239984,0.013362048156184346,0.03829320733547016,0.037582593048366676,0.01376193222110953,0.03943920256235036,0.038707321825193756,subduction,0.44911370878066115
1203791,HRSH03,KiK-net,5133612022,133.1375,34.5183,0.760306970403065,0.8986873494761215,0.01685011701243544,0.0560855032044582,0.05417357609377311,0.012811261416661935,0.042642199024913015,0.04118854751575654,0.011513318565985616,0.03832200481753233,0.037015626595706536,subduction,0.507184583988626
1203811,HRSH04,KiK-net,5133425724,133.3493,34.3785,1.3121531858611872,0.6638558974332195,0.01659789020715535,0.0686550249065685,0.06778039391637307,0.02177897451389309,0.09008590965653301,0.08893825981629516,0.014458100671095713,0.05980406240112566,0.05904218828649547,subduction,0.6110512010186967
1203831,HRSH05,KiK-net,5133636334,133.4179,34.5566,1.1333673414180863,0.7311162521672689,0.015783198135958763,0.0601346433287616,0.05803078523246981,0.01788816131042648,0.0681546408366434,0.06577019677932824,0.01307832545544255,0.049828965576293016,0.04808565977360625,subduction,0.5654634386666729
1203851,HRSH06,KiK-net,5232279242,132.9123,34.9137,0.9903313670437874,0.8011519589694648,0.021261562307209905,0.03961633177486706,0.03692821707718742,0.02105599206518585,0.039233296003864326,0.03657117170054076,0.01686904929106915,0.03143183195032478,0.02929906584969688,subduction,0.23976316661067373
1203871,HRSH07,KiK-net,5132354132,132.6411,34.2883,0.9996897245022266,0.7120843397132751,0.021028699912814263,0.05484359082867238,0.05313300668423978,0.021022175222481287,0.05482657420622833,0.05311652081414263,0.01496956176263736,0.03904114489238298,0.037823442651805185,subduction,0.40255196889779526
1203891,HRSH08,KiK-net,5132417222,132.1611,34.3935,0.760306970403065,0.8301719053113096,0.022555235477966482,0.04345456399484024,0.039622246128902326,0.017148902752980425,0.03303880790110309,0.0301250699148303,0.014236537272440121,0.027427890104473104,0.02500898668883108,subduction,0.24469172592124377
1203911,HRSH09,KiK-net,5232074611,132.9524,34.7016,0.760306970403065,0.8691946956719877,0.01826987809292674,0.045342711323438686,0.04371098183375567,0.013890715662466456,0.03447437947618442,0.033233764171366184,0.012073736372903645,0.029964947777282733,0.02888661153496524,subduction,0.37885491219773737
1203931,HRSH10,KiK-net,5232039032,132.3794,34.7471,0.760306970403065,1.0830502484319575,0.019540699423350485,0.03794022423559524,0.034896779226341317,0.014856929978124527,0.02884621694497836,0.026532264490404182,0.016090801703743968,0.031241902428580957,0.028735775647794653,subduction,0.25184524147331216
1203951,HRSH11,KiK-net,5233118332,133.1674,34.8225,0.9234205167361887,0.6906099599223975,0.017930465551437038,0.04401659078278515,0.042642818903499156,0.01655735976482842,0.04064582300560483,0.03937725386695691,0.011434677563608872,0.02807041019691361,0.027194323714913184,subduction,0.37625434015626
1204011,HRSH14,KiK-net,5132235221,132.4063,34.209,0.9996897245022266,0.7907661353622918,0.0281359077768657,0.058035730856102745,0.05021832124119857,0.028127177894074925,0.05801772379082273,0.05020273972657811,0.022242019761945314,0.04587845122458578,0.03969862647818517,subduction,0.2516012587059167
1204031,HRSH15,KiK-net,5132143034,132.5053,34.1161,0.760306970403065,0.9055105716639984,0.02504229272993326,0.06318286060989227,0.0570657971886424,0.01903982971744226,0.04803836933170635,0.04338752337413245,0.017240767091826325,0.0434992512753597,0.03928786109359577,subduction,0.35770180068995755
1204051,HRSH16,KiK-net,5132759341,132.6689,34.6629,0.760306970403065,0.8867424086026158,0.02002089398520392,0.0437537283374037,0.0408861945720506,0.01522202525065134,0.03326626463605015,0.031086058726386034,0.013498015334572405,0.029498607628583126,0.027565326588997914,subduction,0.31009322509735915
1204071,HRSH17,KiK-net,5132618841,132.2326,34.5716,0.9591551827892562,0.6556908554134628,0.0199376443535764,0.039634319568863985,0.03648864800925903,0.019123294914341754,0.03801546303080153,0.034998275851053674,0.012538969600708669,0.024926391473605126,0.022948049430773724,subduction,0.26248392721037817
1204091,HRSH18,KiK-net,5132564334,132.7923,34.4572,1.0550824722180738,0.6799377085506346,0.01845549703517511,0.05129403007143112,0.050190085299261215,0.019472071437885888,0.05411943205779377,0.052954679278380525,0.013239795634210391,0.03679784262143805,0.03600588328557583,subduction,0.43449218786310695
1204111,HYGH01,KiK-net,5134365321,134.7941,34.2937,0.9485019866746313,1.077958808696794,0.042333793905156195,0.15122044734950266,0.1491840740721857,0.04015368762251505,0.14343289473682974,0.1415013906376835,0.04328402127434952,0.15461475233844563,0.15253267048073696,subduction,0.5470352719561294
1204131,HYGH02,KiK-net,5234438322,134.4234,35.0671,0.9014109250588349,0.7600760437085242,0.022833587412623067,0.04737044760443169,0.04303978422804934,0.02058244515202433,0.042700238995561836,0.03879653171533861,0.015644223480998348,0.03245542872115509,0.029488314335806856,subduction,0.275295936025367
1204151,HYGH03,KiK-net,5234646124,134.5237,35.2193,0.760306970403065,0.8788602532379068,0.022778430962663094,0.0413639112235065,0.03813349104944094,0.017318599835757748,0.03144927002636557,0.02899315905069284,0.015220629037380026,0.02763951341951896,0.02548093510545882,subduction,0.2237827604930354
1204171,HYGH04,KiK-net,5235428214,135.2811,35.0708,0.9791394089920141,0.7737815368536016,0.030095445437534733,0.04698721785727032,0.04203718905028731,0.029467636659059167,0.046007036722946676,0.041160268442383886,0.022801513181490332,0.03559939558156177,0.0318490557726546,subduction,0.1451328922251891
1204211,HYGH06,KiK-net,5234135812,134.4792,34.7935,0.760306970403065,1.0454380179500335,0.01954500262576925,0.05659888952904407,0.05524861191130508,0.014860201732918571,0.04303253022600526,0.04200590474125906,0.015535419846000044,0.04498784310684985,0.043914569794899785,subduction,0.45128563798877264
1204231,HYGH07,KiK-net,5234453343,134.6701,35.0322,0.9960939691433838,0.7219041289894164,0.023884874039554794,0.04802966354463553,0.044413933402334134,0.0237915789845499,0.04784205819679729,0.04424045120800092,0.0171752391041244,0.034537379351619914,0.03193736439541068,subduction,0.2693962817083282
1204251,HYGH08,KiK-net,5234572212,134.9036,35.101,0.9996897245022266,0.9946591902272668,0.02301046738692622,0.04364693345841852,0.04140512815283506,0.023003327802703744,0.043633390884413426,0.04139228115608707,0.02288047140476968,0.04340035324396046,0.04117121285637292,subduction,0.25512869304737584
1204271,HYGH09,KiK-net,5235208644,135.0844,34.9082,0.9747439850084961,0.8622326467179275,0.028871898150744646,0.05148737846257387,0.04771227687334615,0.028142709058216267,0.05018701246024987,0.04650725489335414,0.024265562517078405,0.04327288058446685,0.040100073478282025,subduction,0.2181548049563249
1204291,HYGH10,KiK-net,5234167443,134.8078,34.8164,1.0005178576867495,0.9666648719202752,0.02569284108232679,0.05663684336649111,0.05333459438238339,0.025706146317575704,0.056666173191181675,0.053362214112053975,0.024849228637643172,0.05477719905006576,0.05158337787001096,subduction,0.3171968659004665
1204311,HYGH11,KiK-net,5234775221,134.9071,35.2925,0.9996897245022266,0.8583687432934209,0.021977097173856517,0.039122605578867396,0.03613520417267874,0.021970278219091283,0.03911046679294722,0.03612399230421692,0.0188586001047282,0.03357120223068118,0.03100770587691189,subduction,0.21596018447108936
1204331,HYGH12,KiK-net,5234341334,134.5423,34.9313,0.9996897245022266,0.6352331302496598,0.02239041874646286,0.052014316815630214,0.04854532383637634,0.022383471548140944,0.051998178047588904,0.048530261411858434,0.01421872269737977,0.03303096540844904,0.030828029868489107,subduction,0.3360851866800139
1204371,HYGH14,KiK-net,5334164844,134.8621,35.4574,0.760306970403065,0.8747171498158215,0.021481086813539794,0.03615058149317046,0.032620864413433745,0.01633222003616767,0.027485539093381542,0.02480187059410697,0.014286072960201438,0.02404207241691404,0.021694621556178083,subduction,0.1814392148680407
1204411,HYMH01,KiK-net,6339578712,139.9678,42.4851,0.9322329071417164,1.1235623213604626,0.04075485512381904,0.044842112240163566,0.02979956458117706,0.0379930170722173,0.041803292656022825,0.027780134721068012,0.04268752245714816,0.04696860453711178,0.031212712654909564,active_shallow,-0.1359694352449566
1204431,HYMH02,KiK-net,6240728423,140.3087,41.9856,0.9513672945724327,0.8955967575426642,0.034519066143892156,0.0488839002105714,0.04300350272519158,0.03284031056848154,0.04650654389148009,0.04091212604480375,0.02941167566182615,0.041651109913725164,0.03664076742990302,subduction,0.09544479312884356
1204451,HYMH03,KiK-net,6340106012,140.004,42.1344,0.9300432651715912,0.9500455848212128,0.04470501139532868,0.050670565381654285,0.03706347223567682,0.04157759476764468,0.047125818075644345,0.03447063273666548,0.039500610336486386,0.04477167539385361,0.0327486724374626,active_shallow,-0.0814101068037461
1204481,IBRH06,KiK-net,5540255232,140.6545,36.8809,0.9679974025329854,0.8229477815262857,0.03892976704583114,0.08164289538221513,0.07823785900383923,0.037683913381578754,0.07903011066525652,0.07573404429545831,0.031011892916598945,0.0650376542457497,0.06232516373896087,subduction,0.30313515245333367
1204501,IBRH07,KiK-net,5340724614,140.3301,35.9521,1.7436694606452414,1.0760880454305686,0.03830767897294183,0.162051465077269,0.16099096021577194,0.06679592993332054,0.28256419070805283,0.2807150207681946,0.07187830168466411,0.304063947687699,0.302074078021448,subduction,0.6235156514220291
1204521,IBRH08,KiK-net,5440144424,140.5621,36.1188,1.0984704327203447,1.1769400155134784,0.04342618529263306,0.1813448017416753,0.1802214823614588,0.04770238054979251,0.1992019028407632,0.19796796971509362,0.05614284050430265,0.23444869061972226,0.2329964253476541,subduction,0.6180548764385009
1204541,IBRH09,KiK-net,5440522832,140.3559,36.439,1.1333673414180863,0.8918992658807946,0.03276686738080792,0.12004109456338302,0.11889809466025605,0.03713689736998528,0.1360506562062185,0.13475521744477037,0.03312237150138028,0.12134348039292665,0.12018807951259754,subduction,0.5597399717128188
1204561,IBRH10,KiK-net,5439173913,139.9889,36.1112,1.5868159803204203,1.4437467319582058,0.03305437636705705,0.1295540271142541,0.1283565743653541,0.05245121263877176,0.20557840053976342,0.2036782633821303,0.07572626683447167,0.2968031439404785,0.2940598271288733,subduction,0.5891891501504454
1204581,IBRH11,KiK-net,5440414113,140.1401,36.3701,1.0056418369545432,1.332681528731577,0.017661627569047534,0.06566839848470171,0.06504451571127755,0.017761271592143964,0.06603888888201838,0.0654114862637078,0.02367011857763515,0.088008807391023,0.08717267951052265,subduction,0.5661799619455118
1204601,IBRH12,KiK-net,5540220514,140.3181,36.8369,0.8602144021486521,0.9890305189244282,0.03127448211162833,0.06645313129356101,0.06344954699107239,0.026902759932163078,0.057163940606596464,0.05458021413152814,0.02660765061620656,0.05653688184190729,0.053981497505511684,subduction,0.30723839897664496
1204621,IBRH13,KiK-net,5540145524,140.575,36.7955,0.883321574357451,1.1509899994489114,0.03804565269485503,0.07935360189259329,0.07587098550473403,0.03360654583587614,0.0700947485546999,0.06701847836409301,0.0386807981731149,0.08067835460034561,0.0771375983753543,subduction,0.29977068617636565
1204641,IBRH14,KiK-net,5540043322,140.5484,36.6922,0.9127566386061994,0.7808913042288501,0.034458056522869686,0.07973784115880551,0.07701322062070126,0.031451819844716955,0.07278124386582638,0.07029432838198893,0.024560452618911852,0.056834240445783155,0.05489222977010241,subduction,0.3492745065037721
1204661,IBRH15,KiK-net,5440626433,140.3013,36.5566,0.9589757584343653,1.112974181182984,0.023032523848612933,0.07040784569654265,0.0692611136320762,0.022087632026381195,0.06751941722657176,0.06641972897532902,0.024582964168832665,0.07514736810169598,0.07392344347071254,subduction,0.4781479406642204
1204681,IBRH16,KiK-net,5440736144,140.3976,36.6405,1.0354652969559914,1.0153128808801102,0.03753491763242289,0.09643071793119976,0.0938528243589809,0.03886610463247545,0.0998506619783092,0.09718134264503067,0.03946125666298645,0.1013796632709832,0.0986694689687232,subduction,0.398011879413834
1204701,IBRH17,KiK-net,5440120513,140.314,36.0864,1.1786597328278978,1.0674530880871784,0.03436427322276211,0.14827775030209092,0.14732207226728802,0.04050378509556567,0.17476901355538424,0.17364259433821397,0.043235890479481,0.18655772322164485,0.1853553235497957,subduction,0.6321606557583408
1204721,IBRH18,KiK-net,5440443941,140.6198,36.3631,1.1399386511095067,0.926445675602518,0.03730406407896683,0.14633549683123187,0.14532648763849024,0.04252434448708005,0.16681348886723393,0.16566328028910296,0.03939649505788709,0.15454363539321767,0.1534780296299673,subduction,0.5905886288629136
1204741,IBRH19,KiK-net,5440205731,140.0893,36.2137,0.889282399492139,0.8208531745131888,0.018159351052602062,0.07120729301035522,0.0705728051883161,0.016148791277278064,0.0633233923895885,0.06275915353675703,0.013255786584504593,0.05197920766393803,0.051516050410407625,subduction,0.5895370560870437
1204761,IBRH20,KiK-net,5340559823,140.7323,35.8284,1.211154886184904,1.1173291620158012,0.06505111327517552,0.20227957559411217,0.19938205197493536,0.0787869736949965,0.2449918963562176,0.24148254646701545,0.08803098329639142,0.27373659025635466,0.26981549128543214,subduction,0.4864313278892371
1204781,IBRH21,KiK-net,5340707834,140.105,35.9814,1.2190056867846595,1.0684408069293116,0.035538894525653515,0.1462233280478043,0.14508981150545805,0.043322114528811836,0.17824706843085225,0.17686530531966768,0.04628711500504777,0.19044644162704402,0.18897010953354482,subduction,0.6109330019909647
1204871,IBUH01,KiK-net,6441264543,141.8191,42.8739,1.1568694059621452,1.306657973943501,0.033558381302483516,0.07474145605278051,0.07021695482147318,0.03882266464245526,0.08646610386452597,0.08123184681278846,0.05072794432479858,0.11298162409040982,0.106142240376087,subduction,0.3206409866439409
1204891,IBUH02,KiK-net,6442214032,142.1285,42.8714,0.9884356432522213,1.2149921847085523,0.026099830217250538,0.06109827515002575,0.05827454839318218,0.0257980024695618,0.06039171289951691,0.05760064072624772,0.03134437138160952,0.07337545919407572,0.06998432831659614,subduction,0.34884123437336223
1204911,IBUH03,KiK-net,6341767933,141.8641,42.6486,1.4719363671461516,1.307465674632731,0.06747532541693646,0.1659878755742277,0.158591262051771,0.09931938536620984,0.24432359056303615,0.23343624612560712,0.1298566871919397,0.3194447081641912,0.30520987902434915,subduction,0.3711342674638694
1204931,IBUH04,KiK-net,6340756333,140.665,42.6415,0.994261836007014,1.1262612800198986,0.048607291990639005,0.0704243345077065,0.06175917362198101,0.04832837537794176,0.07002022812720439,0.06140478935566679,0.054430377914442836,0.07886107175783053,0.06915783665906552,subduction,0.10400004988803074
1204951,IBUH05,KiK-net,6341627742,141.3497,42.5629,0.994261836007014,1.2261113338357663,0.0541873728541347,0.12136183100243203,0.11637174774260324,0.0538764368223486,0.12066543691365103,0.11570398756990578,0.06605850981456823,0.14794925980207219,0.1418659705294541,subduction,0.33194946108280265
1204971,IBUH06,KiK-net,6341409013,141.0017,42.4116,0.9040371736481994,1.475704329140578,0.038927115783677406,0.08005127133118853,0.07682682669413103,0.035191559731351935,0.0723693250811928,0.06945430726492226,0.051932337044765284,0.10679572631929803,0.10249402190830567,subduction,0.29526066832721176
1204991,IBUH07,KiK-net,6341707531,141.0643,42.6476,0.9595143758008193,1.8066341006968325,0.025894877455604107,0.04984161767780027,0.04728159973079492,0.024846507178252684,0.04782374867501761,0.04536737465255787,0.04488854715143993,0.08640001517944178,0.08196224610640017,subduction,0.2614783019762572
1205011,IKRH01,KiK-net,6541049621,141.5836,43.4087,0.9524165816669584,1.060802139350182,0.0312376601591777,0.05911681359077769,0.05348277954245333,0.029751265508078162,0.05630383351917127,0.05093788606987094,0.031560206099344595,0.059727227050753375,0.05403501851689493,subduction,0.2335354739856202
1205031,IKRH02,KiK-net,6441656213,141.6523,43.2204,1.3576419474106534,1.169988887728972,0.04898551493119465,0.0970371329658956,0.08868263882161595,0.06650478988610074,0.13174168217096502,0.12039927047129428,0.07780986514748799,0.15413630419075108,0.14086580854208924,subduction,0.2577709297360901
1205051,IKRH03,KiK-net,6441256131,141.6399,42.888,1.4746579457143483,0.8147033008376368,0.055360444188382374,0.12265799228074828,0.11574717156215426,0.08163771890067378,0.18087858292217465,0.17068748623809263,0.06651051906123406,0.14736237855752987,0.13905965844985277,subduction,0.3203108211950307
1205071,ISKH01,KiK-net,5637223222,137.2844,37.5266,0.9404150030710037,0.9347631090000962,0.03480023249529656,0.04053933810220616,0.03177669234651996,0.03272666074893596,0.03812380176588266,0.029883278230638907,0.030591675148866793,0.035636723465579834,0.027933786065986916,active_shallow,-0.03947345614344885
1205091,ISKH02,KiK-net,5637003332,137.0413,37.3644,0.9121512561098669,0.8971757069520028,0.021029209770920754,0.025524118837727462,0.019512330918305437,0.019181820107543254,0.02328185705893062,0.017798197156763697,0.01720946301561126,0.020887916566001554,0.015968110116590595,active_shallow,-0.03251380044892872
1205111,ISKH03,KiK-net,5637011914,137.2436,37.3458,0.9853690476679177,0.8766389450819957,0.03799524812244753,0.045961781036337586,0.036402655341018594,0.03743934145832235,0.04528931640889732,0.03587004982596293,0.03282078480058834,0.03970237856018047,0.03144508263947077,active_shallow,-0.018596221141590666
1205131,ISKH04,KiK-net,5536652734,136.7176,37.1902,1.0598415318215477,0.6995162031789521,0.02964286479072874,0.03456719674914471,0.025875176538369373,0.03141673922738497,0.03663575075339036,0.02742358673857837,0.02197651814060358,0.025627301267622058,0.019183243272919002,active_shallow,-0.059036851549300925
1205151,ISKH05,KiK-net,5536676741,136.9689,37.2224,1.0549582172675724,0.6935641262646046,0.023758480214956176,0.02813126806809665,0.02063710849270648,0.02506420393255706,0.02967731241059543,0.021771287185023108,0.017383632701001805,0.020583119251936326,0.015099783774136335,active_shallow,-0.0611698088675827
1205171,ISKH06,KiK-net,5536466523,136.8206,37.0533,1.1141031543432782,0.5582008567491737,0.036803301841097626,0.04310754437040172,0.03178335109339071,0.04100267467141464,0.048026251159057384,0.03540993170874648,0.022887728130591298,0.02680829454343683,0.019765854217252018,active_shallow,-0.06368709819914806
1205191,ISKH07,KiK-net,5436651044,136.6357,36.515,0.9996897245022266,0.7585249996829863,0.12021250885878461,0.12417267874350568,0.06569612456853258,0.12017520986275985,0.12413415100379868,0.06567574067078029,0.09115590102305272,0.09415885685080416,0.049816691171483504,active_shallow,-0.2624099098874941
1205211,ISKH08,KiK-net,5536068331,136.7906,36.738,0.8225188945905784,1.1251100864966113,0.06109529757868386,0.06133212666914798,0.027178302478420256,0.050252036629101486,0.05044683303079693,0.022354667311398606,0.05653907327839925,0.05675824067476004,0.025151461672330653,active_shallow,-0.351785456705309
1205231,ISKH09,KiK-net,5436352712,136.7168,36.2667,0.866098201849837,0.7584551802065841,0.03044503474682996,0.038766510480133375,0.03161266079650033,0.026368389849485235,0.03357560501883638,0.027379668671537773,0.019999241875048788,0.025465591555106633,0.020766251536267745,subduction,0.016344577329260094
1205251,IWTH01,KiK-net,6041228732,141.3423,40.2383,0.9050655765132818,1.327730569019402,0.018996731809537405,0.05750293933198391,0.055773755563826584,0.01719328802706717,0.05204393093771028,0.05047890623368557,0.02282805409549236,0.06910031803793253,0.06702238689712837,subduction,0.46775099746811855
1205271,IWTH02,KiK-net,5941539021,141.3826,39.825,0.9074313022323482,1.1885356009554238,0.018113790132206205,0.058199640040176824,0.05736978478889325,0.016437020168031335,0.05281217515111157,0.052059138519774964,0.019535983643327544,0.06276915033098948,0.061874139485822384,subduction,0.5006738890519249
1205291,IWTH03,KiK-net,5941556211,141.652,39.802,0.8905329305615292,0.9575817183722536,0.018071645261123828,0.06884687431487817,0.06827310039615975,0.016093395214456973,0.061310408743629724,0.060799444174313634,0.015410741043903511,0.058709726558830194,0.05822043622851715,subduction,0.5772519323653323
1205311,IWTH04,KiK-net,5841631132,141.3909,39.1809,0.9138193689828628,1.0921933432066524,0.018284286683016116,0.05998724335017565,0.05926973023407586,0.016708535318975547,0.05481750486527894,0.054161827482287705,0.018248951050118332,0.05987131390505594,0.05915518743206175,subduction,0.5107549284926454
1205331,IWTH05,KiK-net,5841223833,141.3512,38.8654,0.9792357153523121,1.1421895143492726,0.01985315066816905,0.06130732717084835,0.060368800762747726,0.019440914196541755,0.060034324378483925,0.05911528579987048,0.022205208344653907,0.06857057580614725,0.06752085957837252,subduction,0.4829831100842429
1205351,IWTH06,KiK-net,6041311323,141.1709,40.2611,0.8934039423765153,1.101678423596444,0.04057854619059516,0.1060017437147242,0.10226876660225459,0.03625303314258524,0.09470237573351961,0.09136731926443796,0.03993918440311295,0.10433156400894203,0.10065740425547903,subduction,0.40144653474597236
1205371,IWTH07,KiK-net,6041342523,141.5709,40.2705,0.9015561447781096,1.2189547700092462,0.01888796887826118,0.06566368739579775,0.06475290746585226,0.017028564404574065,0.05919950086047037,0.058378381618087435,0.020757049807365216,0.07216151395603683,0.07116060673878778,subduction,0.5350740149343104
1205391,IWTH08,KiK-net,6041362221,141.7831,40.2686,0.9841906704638536,1.185700798285069,0.021120923047115988,0.0752418715871373,0.0744687125572953,0.02078701541455654,0.07405234804429983,0.07329141214034444,0.024647180771003724,0.08780392819101007,0.0869016858822464,subduction,0.5472609514280332
1205411,IWTH09,KiK-net,6041150624,141.712,40.0861,0.890463298941511,0.9526061688744714,0.019420148572652233,0.0716162094089215,0.07091022928319049,0.017292929563938183,0.06377160608795432,0.06314295669620874,0.016473351380519235,0.06074922535841808,0.06015037006978206,subduction,0.5624563415092536
1205431,IWTH10,KiK-net,6040176631,140.9529,40.1391,0.9562092586570288,0.870289250759945,0.020934376163113808,0.04573012190707327,0.04311480474983812,0.020017644311378428,0.04372756596705808,0.04122677548698525,0.017421140669728608,0.03805563062302705,0.03587921954981686,subduction,0.3137664000899176
1205451,IWTH11,KiK-net,6041019532,141.1915,40.0811,0.9040371736481994,1.2583217646921154,0.040633243768259296,0.10783213431701959,0.10442465061973254,0.036733962852415446,0.0974842579364114,0.09440376600546369,0.04622314496058602,0.12266656347624655,0.1187903134335766,subduction,0.4099215372784021
1205471,IWTH12,KiK-net,6041138324,141.4245,40.1533,0.9996897245022266,1.186211451487184,0.0187666532404032,0.06030217250539175,0.05870469528330266,0.01876083040772749,0.06028346221880082,0.058686480654751995,0.022254311869055323,0.07150893321923654,0.06961457540014791,subduction,0.495286008690763
1205491,IWTH13,KiK-net,5941742344,141.5492,39.9398,0.760306970403065,0.8858400053789048,0.01814886836993265,0.06454062294463452,0.06371353112428811,0.013798711126587506,0.04907068549896162,0.048441841822788885,0.01222345033859823,0.043468776306346706,0.042911721420863365,subduction,0.5453821243660949
1205511,IWTH14,KiK-net,5941479221,141.9087,39.7435,0.760306970403065,0.9793435958941716,0.019766444198579536,0.08018425252252298,0.07964256907302698,0.015028565304263247,0.06096464610943377,0.06055280040702999,0.014718129186207555,0.05970533574322849,0.05930199729208281,subduction,0.6052167100921976
1205531,IWTH15,KiK-net,5941303734,141.0929,39.6148,0.9787545068309439,1.661579533040208,0.019891288054534422,0.04959042078589529,0.04806995253221029,0.019468687830048084,0.048536847839837936,0.047048682684050366,0.03234877323355687,0.08064783296896154,0.07817512820432132,subduction,0.3832107866276597
1205551,IWTH16,KiK-net,5940377521,140.9465,39.6436,0.9100431665109262,0.7545705189629408,0.0450129249029995,0.0948767112112699,0.08856590170955424,0.04096370471264419,0.08634190269884676,0.08059879363665819,0.03091000392366459,0.06515105432771653,0.060817473542200136,subduction,0.2939293146843983
1205571,IWTH17,KiK-net,5941347724,141.5977,39.6442,0.760306970403065,0.9589409047784574,0.017681736372767463,0.06614726741547827,0.06554750093049105,0.01344354741304451,0.05029222848910367,0.04983622184995374,0.012891567519696993,0.04822727509066598,0.04778999167153457,subduction,0.5690312272596926
1205591,IWTH18,KiK-net,5941155431,141.6775,39.463,0.9196631878532445,0.9353837081784366,0.017799839904554565,0.06879512371706954,0.06822612207022787,0.016369857509900044,0.06326834278639852,0.06274505291797036,0.015312098019962932,0.05918017708584589,0.058690700268263354,subduction,0.5835345907648541
1205611,IWTH19,KiK-net,5941104031,141.0001,39.4559,0.8993862016358375,1.1221912799554823,0.028347764017273992,0.06324143310916572,0.060966395252201315,0.025495587804365127,0.05687847231005945,0.054832334653306496,0.028610926311397885,0.06382852564353807,0.061532367807541365,subduction,0.3325717085454073
1205631,IWTH20,KiK-net,5941001322,141.0473,39.3434,1.055455537244501,1.3071182586129433,0.029310365925163027,0.0660800579198809,0.06363999938817028,0.030935788014375857,0.06974456303297565,0.06716918974448097,0.040436733358170135,0.09116439177938378,0.08779807433124832,subduction,0.33670892637901934
1205651,IWTH21,KiK-net,5941176443,141.9336,39.4734,1.146807142924814,0.7771726472688297,0.01933518581778691,0.0787142602213804,0.0781929914904682,0.022173729205616586,0.09027007587192158,0.08967228116792812,0.017232815826551208,0.07015543383453941,0.06969084414191352,subduction,0.6068194784430644
1205671,IWTH22,KiK-net,5941020411,141.3015,39.334,0.760306970403065,0.9455465796437154,0.01846009595529564,0.05603289604503067,0.05520386676387961,0.014035339629120703,0.04260220143490716,0.041971884693779764,0.013271067380452972,0.04028236585206905,0.039686372013403866,subduction,0.475735544870869
1205691,IWTH23,KiK-net,5841762544,141.8233,39.2741,1.063267904528615,0.7832076186886824,0.018406285530736796,0.07449346106978427,0.07400223317850642,0.01957081264642188,0.0792065062527535,0.07868419940214848,0.015328009568606431,0.0620351391468693,0.06162606444218215,subduction,0.6042786708980643
1205711,IWTH24,KiK-net,5841603042,141.0118,39.1979,1.0801776723113639,0.9559654100935104,0.04613230817863389,0.09280248606812724,0.08794777013557127,0.04983108926674725,0.10024317338577746,0.09499921763001626,0.047636797686292365,0.09582900635480962,0.09081596604024114,subduction,0.280219648057371
1205731,IWTH25,KiK-net,5840461911,140.8638,39.0092,0.9996897245022266,0.7433839263266342,0.047161354794960565,0.080048242774036,0.07364954393192376,0.04714672178212589,0.0800234057656634,0.07362669228301949,0.03504811515182619,0.059488113576108274,0.05473289959179393,subduction,0.1935837893636616
1205751,IWTH26,KiK-net,5841306013,141.0013,38.969,0.9169561408767034,1.257298701112613,0.04492006954464573,0.08862798203260033,0.08392983332738499,0.041189733617571486,0.08126797237830301,0.07695997607230387,0.05178779857654717,0.1021781161132961,0.09676167795336545,subduction,0.2714759407085913
1205771,IWTH27,KiK-net,5841443241,141.532,39.0307,0.760306970403065,0.8979119993352637,0.018007688660245855,0.06673619431712154,0.06616606078528346,0.013691371209233156,0.05073999371748092,0.05030651721916392,0.012293646496123809,0.04556004920512201,0.04517082545585334,subduction,0.5651773061475055
1205791,IWTH28,KiK-net,5840461911,140.864,39.0094,0.9996897245022266,1.0785581997648923,0.047161354794960565,0.080048242774036,0.07364954393192376,0.04714672178212589,0.0800234057656634,0.07362669228301949,0.05085048337014593,0.08630990046166942,0.07941067268341719,subduction,0.1935837893636616
1205841,KGSH01,KiK-net,4830108941,130.1191,32.1554,0.9040371736481994,0.7871589025859907,0.02618579229400458,0.03409222313430173,0.02777052306343145,0.0236729296552107,0.03082063704571789,0.025105585180996703,0.018634357328391013,0.024260738833908425,0.01976208487985248,subduction,0.025518341125233917
1205861,KGSH02,KiK-net,4730719623,130.2077,31.994,0.8225188945905784,0.6301257234647821,0.029345637908969935,0.03944672237716244,0.03210250187372854,0.02413734165394132,0.03244567448488508,0.02640491435477117,0.015209559872206395,0.02044485410809103,0.016638415760825795,subduction,0.03899532544474341
1205881,KGSH03,KiK-net,4730737541,130.4438,31.9812,0.760306970403065,0.819405493343284,0.024002447318911147,0.035529074658522536,0.030689185399703264,0.018249228003300505,0.02701300311484558,0.023333201575386365,0.014953517675178525,0.02213460314400371,0.019119353548157757,subduction,0.10672983569603063
1205901,KGSH04,KiK-net,4730620824,130.3602,31.8374,0.994261836007014,0.8747885155802325,0.035746335394859614,0.055600261047350524,0.048427036755670894,0.03554121706021563,0.055281217631407996,0.04814915447707249,0.031091048514020867,0.04835937431124718,0.04212032737144155,subduction,0.13185636955936686
1205921,KGSH05,KiK-net,4730634923,130.4958,31.8699,1.1193842495574795,0.5364231192659139,0.03238688033120383,0.053758051934146726,0.04828308341788481,0.03625336373505249,0.06017591662197684,0.054047323098050166,0.019447142458638617,0.032279752899046374,0.02899223364422875,subduction,0.1734258803231181
1205941,KGSH06,KiK-net,4730433644,130.4594,31.6988,0.994261836007014,0.6579512117333755,0.029431865111939348,0.05498205809323265,0.050409069355998225,0.029262980243307597,0.054666562027221796,0.0501198138492997,0.01925361331001406,0.03596793072710831,0.03297639225399795,subduction,0.23369089520927605
1205961,KGSH07,KiK-net,4730445931,130.6149,31.714,1.142375531305725,1.1863652019449855,0.03676013725380227,0.0771697572565555,0.07235876675521202,0.04199388132618374,0.08815684244669142,0.08266088461661236,0.049820079499991725,0.10458621019210133,0.09806599707113847,subduction,0.29411403209229153
1205981,KGSH08,KiK-net,4730277924,130.9969,31.5618,0.994261836007014,0.7071850860687743,0.019588258987523775,0.06889865550417319,0.06786129820071074,0.01947585834511628,0.068503303719994,0.06747189894285814,0.013773036560054313,0.04844451473721934,0.047715120661128776,subduction,0.539626326093359
1206001,KGSH09,KiK-net,4730034443,130.4333,31.3741,1.0223497450218129,0.6228435982819333,0.02082466489575951,0.041648452835575854,0.03854001111490672,0.021290090846344433,0.04257928513700397,0.03940137053646272,0.013260396790486417,0.026520235167003994,0.024540891402170188,subduction,0.2673338139706668
1206021,KGSH10,KiK-net,4630644934,130.6183,31.2066,1.101479516374268,0.7104983789714922,0.022212264126893484,0.05650397434394008,0.050939841842015374,0.02446635394806814,0.062237970333587175,0.0561091923563248,0.01738330481944518,0.044219977032489505,0.03986549021456841,subduction,0.360464763188745
1206041,KGSH11,KiK-net,4630550544,130.699,31.0899,0.994261836007014,0.7669419367692809,0.018280269001136985,0.050848577240953846,0.04936618519066144,0.018175373819772564,0.05055679976593524,0.049082913924329306,0.013939456398842053,0.0387741299293431,0.037643745067405025,subduction,0.43144698582731905
1206061,KGSH12,KiK-net,4631700733,131.0877,31.2583,0.8225188945905784,0.8470086282194459,0.016207349094746932,0.05503019889564734,0.054012552706581764,0.013330850861654857,0.04526337836474752,0.04442634514623298,0.011291345701328299,0.03833847201730254,0.037629497659114435,subduction,0.5227827164984846
1206101,KGWH01,KiK-net,5133276522,133.9493,34.2186,1.0245900172127163,1.043441599441569,0.01948104602489127,0.10195099243880429,0.10109656202678795,0.019960085281965065,0.10445796909772799,0.10358252822717309,0.020827183311603745,0.10899579034975126,0.10808231892756295,subduction,0.7151241144744264
1206121,KGWH02,KiK-net,5133253643,133.7081,34.198,1.3121531858611872,0.9162001751535817,0.018105571219529607,0.09445601709044374,0.09405168941483585,0.023757282957542394,0.1239407637489845,0.12341022390130377,0.021766426806873542,0.11355454945548828,0.11306846875411725,subduction,0.7155543699331604
1206141,KGWH03,KiK-net,5134312124,134.1482,34.27,0.760306970403065,0.8421222923527233,0.019521192252196215,0.10041211830747504,0.09991930985606706,0.01484209853992309,0.0763440334621105,0.07596934776143147,0.01249886204576504,0.0642910124665655,0.0639754812853979,subduction,0.7091430871255973
1206181,KGWH05,KiK-net,5134524544,134.3241,34.4572,1.1948150302817984,0.4963178557396917,0.0214950263341712,0.10468569797025488,0.1043612242712853,0.025682580540370818,0.1250800453904013,0.1246923593379413,0.012746723303658777,0.062079459923987286,0.061887044413730156,subduction,0.6862011836873281
1206221,KKWH02,KiK-net,6642646522,142.5736,44.5509,0.9631317677718543,0.7580110849472383,0.015776070319630048,0.0283006837197208,0.026471149679044324,0.01519443449543837,0.02725728754012683,0.025495205185331313,0.011517549777046983,0.02066132610101038,0.019325648143485447,subduction,0.22477397031912452
1206241,KKWH03,KiK-net,6642526144,142.2725,44.4732,1.0163835570736772,1.2691048973659549,0.021030188698485212,0.03450351547164424,0.031316708560007754,0.021374737995297047,0.03506880578661643,0.031829787642060355,0.027126784669745635,0.04450599316857045,0.04039533937865714,subduction,0.17293294116987393
1206261,KKWH04,KiK-net,6642532232,142.4056,44.4376,1.0879483864948962,1.3747170263331494,0.018878577291939654,0.03307566804158402,0.03062244497356386,0.020538917704084933,0.03598461967808214,0.03331563959951755,0.028235199870260914,0.049468669357582415,0.04579957700063568,subduction,0.21007060057991467
1206281,KKWH05,KiK-net,6642355012,142.6303,44.2921,0.9656000209250539,0.8772525718888818,0.022286305721117814,0.04541946536278954,0.043165097153462194,0.02151965727065351,0.043857036704714344,0.04168021871461508,0.01887817468684807,0.03847369824463575,0.036564079064287186,subduction,0.28709463890494136
1206301,KKWH06,KiK-net,6642368113,142.7656,44.3207,0.9839947418157375,0.8391008456347242,0.014482978387114867,0.029835968449980373,0.028506839746498553,0.014251174578752,0.02935843607176093,0.02805058041633845,0.011958172640318888,0.024634688534327587,0.023537265747894425,subduction,0.29409119173173226
1206321,KKWH07,KiK-net,6542024714,142.3409,43.3697,0.9062458024387748,0.9291865861457084,0.020033966747054294,0.045920523318360496,0.0434096964814692,0.01815569827071595,0.04161528150305608,0.039339855221472715,0.016870031295258096,0.03866836135131732,0.03655406577270665,subduction,0.3358198006986525
1206341,KKWH08,KiK-net,6442454234,142.6562,43.0406,0.8706991830170748,1.0519825008763326,0.01880530048487506,0.054281625223700246,0.053243462344429546,0.016373759768571316,0.04726296673511485,0.04635903916429519,0.017224908750089935,0.04971981394484103,0.04876889795827911,subduction,0.4519860119660367
1206381,KKWH10,KiK-net,6642709413,142.0528,44.6617,1.0703663013799665,0.9764341056166528,0.01718137182422132,0.024650415789285843,0.021321582803505785,0.01839036141212574,0.026384974375856216,0.022821903724955184,0.017956976097416002,0.025763188856407465,0.02228408515214597,subduction,0.0937616047606823
1206401,KKWH11,KiK-net,6542727221,142.2834,43.9754,0.9810717068157416,0.9358896552343172,0.01750380609076494,0.032487098040615295,0.029961923796607406,0.017172488917238535,0.03187217272419678,0.029394795718620814,0.016071554732269507,0.029828836742417136,0.027510285230783218,subduction,0.23343720160881687
1206421,KKWH12,KiK-net,6542240813,142.6006,43.5038,1.0069104199451002,0.6941494382426348,0.030914022627502764,0.07643620400442556,0.07401393952063141,0.031127651506051138,0.0769644102731055,0.07452540692451022,0.0216072418067379,0.05342480215575184,0.05173176935145253,subduction,0.37915800043235115
1206441,KKWH13,KiK-net,6542231113,142.3906,43.5113,0.994261836007014,0.8790492235747518,0.025615638367842232,0.056490646653036464,0.05362984301468902,0.02546865163410253,0.05616649405847152,0.053322106180552636,0.022388198444453663,0.0493731129930153,0.04687275603738527,subduction,0.3209013422890451
1206461,KKWH14,KiK-net,6542046122,142.5245,43.3841,1.1287966510634908,0.9915523968585458,0.03482467509292164,0.08575190304538248,0.08244471863480395,0.03930997661926411,0.0967964609799489,0.09306332229283847,0.03897790153728472,0.09597876289209303,0.09227716027908332,subduction,0.3742757669596841
1206481,KKWH15,KiK-net,6542662131,142.7656,43.8546,0.890463298941511,0.8291757304998187,0.013912182039738341,0.03338463185695421,0.03239345750077754,0.012388287514580243,0.029727789417291307,0.028845185030264002,0.010272067349543857,0.0246495615062273,0.02391772736887159,subduction,0.36706205296699135
1206501,KMMH01,KiK-net,4930553521,130.6949,33.1089,0.994261836007014,0.6718402000244227,0.028292250666639474,0.037780975154614475,0.03246966089337337,0.02812990509258363,0.037564181723362365,0.03228334465437055,0.018898801064069413,0.025237127362777535,0.021689248730049685,subduction,0.05981025573011725
1206521,KMMH02,KiK-net,4931504531,131.0629,33.122,1.1459820416403197,0.7001223541111952,0.050851259094593974,0.08243252282889672,0.07466157148465583,0.05827462971720368,0.09446619080902133,0.08556082012206055,0.04079937094256685,0.06613789189312937,0.05990304280354155,subduction,0.16679541609066192
1206541,KMMH03,KiK-net,4930369634,130.8301,32.9984,0.994261836007014,0.6252148324496091,0.056753254169364664,0.07635483065062994,0.0654697883579,0.05642759468980523,0.07591669411069996,0.06509411197571628,0.035279369159521026,0.0474642431885495,0.04069780431235354,subduction,0.06205016844581792
1206561,KMMH04,KiK-net,4931304121,131.0199,32.9514,1.3797067192330965,1.348060370843286,0.05273781566590018,0.08335399958191636,0.07554908149062116,0.07276271863191894,0.11500407329812272,0.10423557536449878,0.09808853746251031,0.15503243369875574,0.14051584838092948,subduction,0.1561070507509953
1206581,KMMH05,KiK-net,4931314741,131.2207,32.9553,1.1277027788558105,1.0067351215585123,0.038091009672008284,0.0783563602249494,0.07482556224602693,0.042955337456547296,0.08836268516670234,0.084380994474293,0.04324464687590406,0.08895781859253664,0.08494931072930552,subduction,0.29322750426786565
1206601,KMMH06,KiK-net,4931107813,131.101,32.8114,1.2017251718851882,0.705444816475931,0.037917780281747596,0.07115328883971592,0.06691655152371095,0.04556675102658793,0.08550669826110406,0.0804153043817956,0.03214482831535576,0.06032025706226737,0.05672855964147193,subduction,0.24669064626280962
1206621,KMMH07,KiK-net,4830744443,130.5584,32.6234,0.9040371736481994,0.6396445944231646,0.0600452346112077,0.06344104255785615,0.039481188785161096,0.054283124188959246,0.057353060807299405,0.035692462321608026,0.03472190695586911,0.03668557531901212,0.02283049058566905,active_shallow,-0.18208832518378615
1206641,KMMH08,KiK-net,4831708211,131.0251,32.6501,0.994261836007014,0.6821178845352397,0.025144764012175413,0.045907134444484105,0.04289212932041013,0.02500047923270862,0.045643711778593596,0.042646007248361255,0.017053274006582395,0.031134392120750465,0.029089604248126677,subduction,0.2319300426732964
1206661,KMMH09,KiK-net,4830578234,130.9046,32.4901,0.994261836007014,0.8219577174324287,0.03379551630781154,0.0593861002483009,0.05508801680492319,0.03360159209300968,0.05904533306617224,0.05477191273044817,0.027619087938865784,0.048532767192108445,0.04502019636732737,subduction,0.21219805212153886
1206681,KMMH10,KiK-net,4830317434,130.1811,32.3151,0.8225188945905784,0.8182670179496169,0.025386192022760067,0.03206059153737515,0.02632161849357324,0.020880622600424767,0.02637044231124186,0.021650028547168784,0.01708592478818095,0.02157806319203228,0.017715504297815876,subduction,0.015715029397071253
1206701,KMMH11,KiK-net,4830345611,130.5777,32.2918,0.760306970403065,0.7901603725955979,0.026386146135530482,0.03797957508425406,0.032750796653291385,0.020061570828917723,0.028876135669504935,0.024900658981750815,0.015851858281030605,0.022816778119737053,0.019675513978896147,subduction,0.09384590515859793
1206721,KMMH12,KiK-net,4830254842,130.7371,32.2054,0.994261836007014,0.6218876813167205,0.04023893990302499,0.07067312486934886,0.06434984423834847,0.040008042266957526,0.07026759088895176,0.06398059427918572,0.024880508639419565,0.04369854916964212,0.03978874342554863,subduction,0.20390096932486995
1206741,KMMH13,KiK-net,4830276242,130.9096,32.2209,0.9495405036961934,0.7833128838161865,0.04445332503964147,0.09825415406892263,0.09242185659730896,0.04221023264911177,0.09329629894484817,0.0877582962659461,0.03306381906292789,0.07308019297586606,0.06874220412687351,subduction,0.31787043743136306
1206761,KMMH14,KiK-net,4830766011,130.7521,32.6345,1.1321001484769662,0.7519156586170099,0.044509623571759985,0.05404169619594867,0.04158369065888964,0.05038935145424335,0.06118061228738059,0.04707690236914919,0.037888542386001374,0.046002660382657705,0.035397860050547486,active_shallow,-0.029530889916666532
1206781,KMMH15,KiK-net,4830220913,130.3647,32.1704,0.9040371736481994,0.7168299023002425,0.05428421530288121,0.07449936522665743,0.061442602723662004,0.04907494857612706,0.06735019557809233,0.055546396907888554,0.035178390593214585,0.04827863411614614,0.03981731826861224,subduction,0.053796039901247726
1206801,KMMH16,KiK-net,4930165541,130.8199,32.7967,1.1476342770404178,0.9337419484741112,0.057292633060219346,0.07011446314490677,0.0540296533474734,0.06575098952180676,0.08046576122138209,0.06200628215817203,0.06139445707019271,0.0751342566683059,0.05789786672000707,active_shallow,-0.025466600926285405
1206821,KMMH17,KiK-net,4930348424,130.5608,32.9873,0.994261836007014,0.6234872739612857,0.03320557988711741,0.03902400921823457,0.03061469513034523,0.03301504082424293,0.03880008305367654,0.030439022989092037,0.020584457803227783,0.024191358012608265,0.0189783434655139,active_shallow,-0.03528112999407681
1206911,KNGH10,KiK-net,5339149143,139.5195,35.4991,1.0091436583615838,0.920609645094121,0.06789228737642314,0.16700239123451946,0.16323974038025216,0.06851307125757962,0.16852940404553546,0.16473234879732282,0.0630737942147486,0.15514979484628413,0.15165418916182433,subduction,0.38100545454377527
1206931,KNGH11,KiK-net,5339028814,139.3539,35.404,1.568159110117727,0.8339793026291463,0.06078854654749583,0.14441455542922405,0.1408458545986652,0.09532611305927109,0.22646500072993914,0.22086871001121358,0.07950000529151806,0.18886712337866376,0.18419993274775104,subduction,0.364922309734832
1206951,KNGH18,KiK-net,5339317012,139.1283,35.6437,0.8607718455651668,1.008767334340489,0.028374042104082436,0.07701406698515804,0.07522850310758517,0.02442357658807479,0.06629154057329388,0.06475457745902097,0.02463770624981298,0.06687274067344605,0.0653223024896813,subduction,0.4234612114919135
1206971,KNGH19,KiK-net,5339100312,139.0436,35.4173,0.886113644110568,0.8326556666701332,0.06698872703726554,0.1138469303992699,0.09522733043394024,0.0593596250293195,0.10088131836689926,0.08438223678974,0.049426128152077156,0.08399940139935246,0.07026134762927799,subduction,0.15275988453029044
1206991,KNGH20,KiK-net,5339013033,139.126,35.3663,0.9128324079654949,1.8345158272764437,0.0722149051918851,0.13695992005424892,0.1220698199691026,0.06592010579730839,0.12502145361788172,0.11142928770231038,0.1209314774208999,0.22935383541111182,0.20441879191202877,subduction,0.22798145865172315
1207011,KNGH21,KiK-net,5339115731,139.2146,35.4628,0.8775612876474794,0.8401795829463183,0.03627426287264254,0.08734921711287749,0.08554185170267115,0.031832888834979346,0.07665429144457601,0.07506821752794582,0.02674534326534946,0.06440337061694941,0.06307078369515302,subduction,0.372580051160072
1207051,KNGH23,KiK-net,5239741824,139.611,35.2624,0.9587068367387267,1.0430154898305173,0.16501170124354395,0.19591369121973354,0.13047483085457318,0.15819784612407384,0.1878237951830784,0.12508711236260828,0.16500280396523367,0.19590312773470528,0.13046779577237083,active_shallow,-0.1019879993062706
1207071,KOCH01,KiK-net,5034205921,134.1197,33.5421,0.9623137924128043,0.8169006404739666,0.0185868466805688,0.17752270143219145,0.1774721235080277,0.017886378918173504,0.17083254405457812,0.17078387222056376,0.01461139439401599,0.13955321465198198,0.1395134545996026,subduction,0.9799244292605128
1207091,KOCH02,KiK-net,5033424933,133.3641,33.7079,0.760306970403065,0.9881181091506924,0.016963652215588404,0.13249906950895565,0.1323132772149511,0.012897583023005262,0.10073996611957921,0.10059870694340037,0.012744335349306031,0.09954298483798342,0.09940340408791741,subduction,0.8920840663531916
1207111,KOCH03,KiK-net,4932772911,132.9891,33.2683,0.9567425831691039,0.7637929346316614,0.013606583287870986,0.14851208108783326,0.14846558202852148,0.013017997642943245,0.14208783209179301,0.14204334446167213,0.009943054622731673,0.10852568224884135,0.10849170291127651,subduction,1.0378767007979495
1207131,KOCH04,KiK-net,4932250643,132.7066,32.8414,1.0563277777478677,0.5690629485601475,0.01276144249055488,0.15654601724340117,0.15651063309081084,0.01348026618690505,0.16536390651000132,0.1653265292467281,0.007671120023695844,0.09410247222400592,0.09408120220835856,subduction,1.088644080514158
1207151,KOCH05,KiK-net,5033317141,133.1444,33.6472,0.9996897245022266,0.7876391526033872,0.016360388103990663,0.12016407233866815,0.12002946979855506,0.01635531187642793,0.12012678837130879,0.11999222759506584,0.01288208398691381,0.09461656179774408,0.09451057646197043,subduction,0.8654942858437716
1207171,KOCH06,KiK-net,4932479611,132.9524,33.0754,0.760306970403065,0.8935615247494556,0.01582268154772527,0.19076371645770981,0.19071640162542763,0.01203009507120348,0.14503898332279067,0.14500300952600306,0.010749630094705493,0.1296012550860237,0.12956911028531512,subduction,1.0811079565886972
1207191,KOCH07,KiK-net,5033027222,133.2866,33.392,1.3121531858611872,0.6789152402811949,0.013875971917015496,0.15061973252843736,0.15057924979478213,0.018207400757832247,0.19763616189074898,0.1975830423428109,0.012361281860399689,0.134178202338311,0.13414213866765898,subduction,1.0355017168780534
1207211,KOCH08,KiK-net,4932173741,132.9718,32.7797,1.3121531858611872,0.6021646144547225,0.017343282364517956,0.24065098683036512,0.2406144809899405,0.022757043207892378,0.3157709590501022,0.31572305779528653,0.013703486149409975,0.19014609781240277,0.19011725337176477,subduction,1.1421904662309696
1207231,KOCH09,KiK-net,5033460544,133.8243,33.6748,0.9029397301509705,0.7886994651366614,0.020242264177879297,0.15427602698169102,0.15419455165627408,0.01827754455441899,0.13930195417161192,0.139228386863266,0.014415489614081756,0.10986737674764205,0.10980935425089808,subduction,0.8818099400781524
1207251,KOCH10,KiK-net,5033233533,133.4388,33.5313,0.9277108791306895,0.6052235089361623,0.014991337510770752,0.14974053320960778,0.14969617555434322,0.013907626901462017,0.13891592170538344,0.13887477062602177,0.008417222754277809,0.08407518158163335,0.08405027598098558,subduction,0.9993703232502833
1207271,KOCH11,KiK-net,4934714224,134.1603,33.2866,0.9316635314000844,0.6788701516038541,0.015141276582727028,0.19605247459631986,0.19589329689547402,0.014106575210968865,0.18265494082213268,0.18250664076324252,0.009576532852081604,0.12399898736711422,0.1238983108836526,subduction,1.111857082801155
1207291,KOCH12,KiK-net,5033263541,133.8192,33.5294,0.8225188945905784,0.9217205297123258,0.01731917627324316,0.16314725211973508,0.1630962663090862,0.014245349723487335,0.13419169746901488,0.13414976067640016,0.01313023129307008,0.12368724247413657,0.12364858847143329,subduction,0.9739167865853852
1207331,KSRH01,KiK-net,6544102624,144.0844,43.4361,0.9954819771306292,1.5778801307914767,0.027309947841515705,0.09867357354448257,0.097393258656116,0.027186560872606416,0.09822776408260606,0.09695323368618514,0.04289713422543866,0.15499163723801676,0.15298058104941442,subduction,0.5522080263307092
1207351,KSRH02,KiK-net,6444503942,144.123,43.1142,1.1144026423777709,1.4165930784925398,0.02540346601540791,0.12606445626182233,0.12544946541377536,0.028309689653124477,0.14048656316809174,0.13980121574199003,0.040103310416888006,0.19901229300512374,0.19804143458494539,subduction,0.6935758397372618
1207371,KSRH03,KiK-net,6544056011,144.6279,43.3848,1.1189282287061246,1.0985325420449612,0.04400738274538196,0.2026935803765812,0.20106509358445546,0.04924110282528271,0.2267995688608705,0.22497740901908592,0.05409295385975514,0.24914670691543328,0.24714500503242542,subduction,0.6598111398453762
1207391,KSRH04,KiK-net,6444655432,144.6804,43.2139,1.1360762972398986,1.2990910279183436,0.031050837951798017,0.1746916633101008,0.17416457199961252,0.03527612100647481,0.19846305801201836,0.19786424206769151,0.04582689229927323,0.2578215780366508,0.25704366161600134,subduction,0.7488864921248363
1207411,KSRH05,KiK-net,6444710841,144.2338,43.2556,1.0685440809300952,1.065743865727124,0.04333228982374205,0.19724982537359853,0.19598782458841704,0.046302461804306964,0.21077013336745362,0.2094216298983188,0.04934656463600461,0.22462697671485152,0.22318981741470936,subduction,0.655417453165594
1207431,KSRH06,KiK-net,6444636414,144.4285,43.22,1.1625339634924796,1.073382998898715,0.04101230287610958,0.2088148348314664,0.20793951043424616,0.04767819501451769,0.24275433757265213,0.24173674323181002,0.05117696394676076,0.2605683788594043,0.25947611039416885,subduction,0.7050228611678587
1207451,KSRH07,KiK-net,6444526613,144.3274,43.1359,1.1446660866399512,0.9927951496331816,0.035964473087139855,0.18892006954464574,0.18822207379686234,0.04116731266672422,0.21625039669341706,0.2154514246323105,0.040870708338956445,0.21469234494347586,0.21389912935651686,subduction,0.7187968522192426
1207471,KSRH08,KiK-net,6443579112,143.8936,43.1603,0.9049919865880764,0.8404091461969654,0.016533668480062,0.07192048252971198,0.07128331285403273,0.01496283748335997,0.06508746036093709,0.06451082691035046,0.012574905474074503,0.054700096990063965,0.05421548896418785,subduction,0.6346186498504188
1207491,KSRH09,KiK-net,6443378823,143.9841,42.9856,1.109495960093575,1.4450613538129675,0.028022576516955333,0.1445232571775275,0.14382148847975607,0.031090935436975026,0.16034796997803152,0.159569360442934,0.0449283092538667,0.2317126545776153,0.2305875160287356,subduction,0.71031571546937
1207511,KSRH10,KiK-net,6445605912,145.1168,43.2084,1.1741535222875237,1.0230741694838406,0.01980646805993892,0.12649436861721383,0.12626156740579098,0.023255834236652617,0.148523808461438,0.14825046409905307,0.02379244329731724,0.1519508719902627,0.15167122043373263,subduction,0.8044641383986613
1207531,KYTH01,KiK-net,5335202944,135.1243,35.5243,0.9691107673662017,1.0477367372574768,0.021862970535300025,0.03541059383173663,0.03178202546231384,0.021187640152369267,0.03431678776116717,0.030800303084235127,0.022199068963428884,0.03595495924204261,0.03227060906001791,subduction,0.16247240177431607
1207551,KYTH02,KiK-net,5335415922,135.2496,35.7101,0.8225188945905784,0.8707775479989277,0.019435291358414954,0.03273186052321639,0.029590216842652693,0.01598589436416929,0.026922573735448933,0.02433851244811421,0.01392015789700121,0.023443572743174552,0.02119343019151027,subduction,0.18255709215041924
1207571,KYTH03,KiK-net,5235717041,135.1334,35.313,0.9525918475259877,0.8183669853257851,0.02426565646780501,0.0399429162863975,0.03578664477675863,0.023115266526097307,0.03804929642083526,0.03409006606464874,0.018916770981964287,0.031138288005686136,0.02789818459488344,subduction,0.16872893751695725
1207591,KYTH04,KiK-net,5235742411,135.5508,35.2685,0.894391555863074,0.716726360616981,0.028564372135234765,0.04527527749027446,0.04091762222573458,0.025547733236284457,0.040493825876658986,0.036596375804692244,0.018310733864455645,0.029022992448035526,0.026229587242268412,subduction,0.15608570597047708
1207611,KYTH05,KiK-net,5335401233,135.0268,35.6814,1.1948150302817984,1.1189662613086182,0.020617580927227954,0.032709977413285886,0.028912768376560802,0.024634195579903297,0.03908237265357212,0.03454541022337112,0.02756483372838968,0.04373185641123777,0.0386551485230181,subduction,0.1468519691303676
1207651,KYTH07,KiK-net,5235257943,135.7461,34.8983,1.325467929587584,0.7844056483263375,0.10200415024498681,0.14438345408472822,0.1158471037510261,0.1352032298345635,0.1913756379523887,0.1535516207575906,0.10605417715419561,0.1501161313619099,0.12044675863191776,subduction,0.05526733836203798
1207671,KYTH08,KiK-net,5235451812,135.7304,35.0094,1.1102346568784496,0.6973603687321837,0.058684148001611154,0.09169505386650895,0.08153210321567508,0.06515317492077291,0.10180302666693451,0.09051976663823336,0.04543524208682266,0.07099339621450577,0.06312489784038963,subduction,0.1428078418861973
1207701,MIEH01,KiK-net,5236338621,136.4563,34.9849,1.074836281827466,0.7557252343607725,0.025660067403241678,0.08560982598542825,0.08269547704873734,0.027580371439142444,0.09201654705007407,0.08888409907501338,0.02084318266960308,0.06953922658448629,0.06717195660441061,subduction,0.5082239640396868
1207721,MIEH02,KiK-net,5236121243,136.2835,34.7662,1.0712814020359667,0.7411669008652004,0.026603457857678207,0.0917094522594362,0.08955914608964326,0.028499789632778265,0.09824663059643937,0.095943047588057,0.021123100757436435,0.07281715071961115,0.07110981124040265,subduction,0.5271718551830338
1207741,MIEH03,KiK-net,5136625941,136.3692,34.547,0.7089344687316016,0.9112704270037006,0.020467040222706023,0.11143367000963632,0.11087333595060496,0.014509790286792414,0.07899916964709412,0.0786019295186425,0.013222342790379472,0.07198960705724525,0.07162761387576813,subduction,0.7337720716938754
1207761,MIEH04,KiK-net,5136442624,136.5866,34.3532,1.1216739163926792,0.6328645346299675,0.01627271290399882,0.14789647841005849,0.14785548581829677,0.018252677613362044,0.16589162215889564,0.16584564183795117,0.011551472323531195,0.10498692425659989,0.10495782494218324,subduction,0.9583774802599847
1207781,MIEH05,KiK-net,5136017341,136.1689,34.0637,0.9011932452176301,0.7166523758811688,0.016479297211586016,0.14385258982425192,0.14380425527575674,0.014851031333015045,0.12963898225667822,0.12959542348806372,0.010643026889090914,0.09290608464106513,0.09287486814604709,subduction,0.9408330508271563
1207801,MIEH06,KiK-net,5136422634,136.3293,34.358,1.0445757526303445,0.5502799142802297,0.01857981063869925,0.1258822329745632,0.1258033069396787,0.01940801968164855,0.1314935282521927,0.13141108402990112,0.010679843406766575,0.07235824745502156,0.07231288005544605,subduction,0.8306507739320073
1207821,MIEH07,KiK-net,5136360541,136.8216,34.2544,0.9539098629965613,0.6903625211289872,0.024113402640045276,0.28957758255877386,0.28952924801027874,0.02300201260874651,0.2762309121055154,0.2761848053029824,0.015879727415614994,0.1906994688949233,0.1906676384864854,subduction,1.0794339444002004
1207841,MIEH08,KiK-net,5136645012,136.5033,34.5424,0.9246054833203936,0.6376825680462347,0.01920721143305818,0.12381944904733012,0.12335833337582151,0.01775909301029975,0.11448414153087152,0.1140577914525497,0.011324664036979881,0.07300454137197475,0.07273266535914377,subduction,0.8077041761224893
1207861,MIEH09,KiK-net,5035571942,135.9969,33.7644,1.0005178576867495,0.6950501389733258,0.01644809389546889,0.18150408141414245,0.18146645388588356,0.016456611667325035,0.18159807469787917,0.18156042768391553,0.01143817022640432,0.12621976705604931,0.12619360049376196,subduction,1.0426807760418806
1207881,MIEH10,KiK-net,5236138342,136.4245,34.8224,1.0273006160227638,0.7705081709878824,0.025998337862572846,0.09476361448608853,0.09216448022515335,0.026708108501789028,0.09735071953810244,0.09468062731071787,0.020578815832259376,0.07500952485565762,0.07295219697716657,subduction,0.5496179948160727
1207901,MYGH01,KiK-net,5740278944,140.9969,38.24,1.3477677756676079,1.0001993521418526,0.025708769049573504,0.07088549096786365,0.06848252971198117,0.034649450477095924,0.0955371804888639,0.09229854674200773,0.03465635791926255,0.09555622603042091,0.09231694665499063,subduction,0.4254985117215718
1207921,MYGH02,KiK-net,5840253211,140.6513,38.8587,0.9388256636063977,0.8640670960734627,0.047991607735567196,0.07146093722117135,0.06387786858917163,0.045055752979881805,0.06708936180860132,0.05997018236799133,0.03893119363872973,0.05796971003538002,0.05181826132970624,subduction,0.12418511742544237
1207941,MYGH03,KiK-net,5841350113,141.6377,38.9207,0.9360868983668872,0.8970564643638234,0.018390612492543326,0.07256873652062631,0.07205913334319058,0.01721521140721221,0.06793064348799693,0.06745361063023321,0.015443016678229544,0.06093762286930191,0.06050969746053102,subduction,0.5930928410525618
1207961,MYGH04,KiK-net,5841124613,141.3254,38.786,0.760306970403065,0.9122554888249674,0.020450622791677076,0.06109137167126389,0.06003947321460438,0.01554875105759587,0.04644819571314628,0.04564842998439183,0.01418443349666485,0.04237262148533402,0.04164303080950367,subduction,0.467730334792196
1207981,MYGH05,KiK-net,5740669232,140.7804,38.5793,1.0681549817117522,1.1532739433397292,0.05183014587040427,0.0987025538792554,0.0934153763007755,0.05536262851431912,0.10542962463379929,0.0997820995641513,0.06384827690036135,0.12158923894624916,0.11507609543906624,subduction,0.25583593647274383
1208001,MYGH06,KiK-net,5741700543,141.071,38.5907,1.053965973774875,0.7257479969142706,0.04348432951109706,0.10260945378901053,0.09822531649441961,0.04583100369711095,0.10814687288124251,0.10352614134838625,0.033261759129748804,0.078487376366104,0.07513388971185497,subduction,0.35389065880248793
1208021,MYGH07,KiK-net,5740251131,140.6405,38.1802,0.9175724949604184,1.3567023292937086,0.04594084626248515,0.09444213875278511,0.08615728102868972,0.042154056925661515,0.08665750888479104,0.07905555131250075,0.05719050722022457,0.11756844415478625,0.10725485060926807,subduction,0.27309299400046533
1208041,MYGH08,KiK-net,5740163741,140.8441,38.1133,0.990732052030108,1.5840161623765554,0.03321652144208267,0.08903684744535596,0.08571206273294144,0.03290867244961664,0.08821165857582919,0.0849176877951404,0.05212786904254883,0.1397286928941559,0.13451098993914876,subduction,0.41168779733046956
1208061,MYGH09,KiK-net,5740041811,140.6027,38.0091,0.9096684699175336,1.2585752830426122,0.03873804000346704,0.08608507492364875,0.08096067464424651,0.03523877357755807,0.0783088783885318,0.07364737302712299,0.044350649429449676,0.09855761878259592,0.09269076335295616,subduction,0.32013647518037763
1208081,MYGH10,KiK-net,5640772134,140.8924,37.9411,0.9774114078556787,1.4628538783671805,0.038064160544120575,0.11955468992979254,0.11741848643522508,0.03720434474627347,0.11685411780002766,0.11476616813493626,0.05442452000419578,0.17094049942694584,0.16788613416153142,subduction,0.48922022144083327
1208101,MYGH11,KiK-net,5741621734,141.3421,38.5158,0.760306970403065,1.0348871887259563,0.02154136223888892,0.06447081317269404,0.0633053183299088,0.01637804786220462,0.04901760864275302,0.048131474789814575,0.016949431908936097,0.050727695206367815,0.049810646634465446,subduction,0.4681670331029509
1208121,MYGH12,KiK-net,5741736534,141.4428,38.6416,0.988038120378753,0.8711572469605329,0.020275823038448403,0.06660936201455135,0.0657430111200053,0.02003328608404078,0.06581258884448522,0.0649566011350495,0.01745214235254572,0.057333113713107224,0.05658741381672315,subduction,0.5108710993130019
1208141,MYGH13,KiK-net,5841033334,141.4176,38.6993,1.004904346361167,0.7658655686870658,0.02012703624581279,0.06510211948014867,0.06421188683189469,0.02022574620278602,0.0654214028229254,0.06452680416542236,0.015490202617716976,0.05010399987728537,0.049418857567710126,subduction,0.5038356029183745
1208161,MYGH14,KiK-net,5740470634,140.9551,38.34,1.0196833706664727,1.1217841912071982,0.021976271203724005,0.05623773663789367,0.05284323392799784,0.022408838295693834,0.05734468485358081,0.05388336688861775,0.025137880543427797,0.06432836091850581,0.060445509144668785,subduction,0.38103538197141745
1208191,MYZH01,KiK-net,4831718813,131.2257,32.6536,0.994261836007014,0.6767338799839712,0.018215466035802236,0.050573661749934995,0.049671885914150095,0.018110942704480135,0.050283461785088066,0.04938686048693381,0.012256288526570238,0.03402852219284839,0.03342176171754979,subduction,0.43567036237623374
1208211,MYZH02,KiK-net,4931053441,131.6829,32.6972,0.760306970403065,0.916962129051936,0.01474203729102191,0.0730854165285801,0.07284449837610192,0.011208473710305877,0.05556735162149083,0.055384179870865045,0.010277745916824729,0.05095315704861978,0.05078519549018379,subduction,0.6938392515529248
1208231,MYZH03,KiK-net,4831507812,131.1043,32.4754,0.760306970403065,0.8449208905112078,0.01827164220197519,0.046749827922889065,0.04579214104714658,0.013892056926872546,0.0355442200349164,0.03481608402782586,0.011737689109685544,0.030032054044427877,0.02941683672090366,subduction,0.39901336754882155
1208251,MYZH04,KiK-net,4831622622,131.3349,32.5181,0.994261836007014,0.8307814290825033,0.015308530435979666,0.054646653036459956,0.05427543554628747,0.015220687577846398,0.05433308157966894,0.05396399419633213,0.012645064577541536,0.0451389151612136,0.04483228421742872,subduction,0.5496698152544973
1208271,MYZH05,KiK-net,4831421132,131.2668,32.347,1.0550824722180738,0.6810600614249296,0.015053387242330461,0.052552716778920434,0.05212744413229798,0.015882565026894037,0.05544745034087962,0.05499875262551448,0.01081698071280189,0.03776304393501521,0.037457453841427395,subduction,0.5394321976721913
1208291,MYZH06,KiK-net,4831433713,131.4643,32.3607,0.9378265841808691,0.8270427460556002,0.014629695155838132,0.06172920416248159,0.06139480862475973,0.013720117035607082,0.05789128868390359,0.05757768365899658,0.011347123269332703,0.04787857036583312,0.04761920560485719,subduction,0.6228963732822534
1208311,MYZH07,KiK-net,4831213543,131.1946,32.1987,0.8225188945905784,0.8683142941856813,0.015415335512126975,0.050287294845844405,0.04961988038728822,0.012679404725177567,0.04136225016855443,0.04081328916586903,0.011009708364637152,0.03591543306103992,0.03543876237545768,subduction,0.5077027315255596
1208331,MYZH08,KiK-net,4831245232,131.5309,32.2132,1.1375194368237809,0.7598139321013235,0.029485104495418926,0.12601897691872352,0.12506870337984938,0.033539879460319263,0.14334903565369542,0.14226808103292676,0.025484067694949597,0.10891859444296713,0.1080972700621378,subduction,0.627545976164883
1208351,MYZH09,KiK-net,4831005422,131.0618,32.0421,0.994261836007014,0.6131017595300996,0.021669153074699313,0.06337913558656626,0.06188218198875253,0.02154481192076757,0.06301545571283684,0.06152709188025727,0.013209162097367663,0.038634886775131334,0.037722368290555836,subduction,0.4557236811590612
1208371,MYZH10,KiK-net,4831022331,131.29,32.0215,0.9331300471588093,0.6657135968752381,0.029116976745371764,0.11219346055992617,0.11101742185149874,0.027169925883530708,0.10469108914319392,0.10359369208773844,0.01808738908675886,0.0696942815143018,0.06896372937331426,subduction,0.5812448579226083
1208391,MYZH11,KiK-net,4831032723,131.47,32.0208,1.0331429750796528,0.6607956130975792,0.0356801762069616,0.14363732773169227,0.14219840618355914,0.03686272339782655,0.14839789610521167,0.14691128441606718,0.024358725908113273,0.0980606787392342,0.09707833225666794,subduction,0.6004677381976028
1208411,MYZH12,KiK-net,4730673541,130.9454,31.8643,0.9040371736481994,0.7709670167989809,0.02666853614639046,0.07396465663605818,0.07191280406662826,0.024109348043117672,0.06686679913512157,0.06501184813751135,0.01858751213777078,0.05155209665210136,0.05012199061516551,subduction,0.4308070457186164
1208431,MYZH13,KiK-net,4731407632,131.0791,31.7301,1.012471497827337,0.7798230458140075,0.02562218494592955,0.09182164143718805,0.09068205758337455,0.025941731969814336,0.09296679483887446,0.09181299866750406,0.020229960438391228,0.07249764911081703,0.07159789226621043,subduction,0.54890520405502
1208451,MYZH14,KiK-net,4731227833,131.351,31.5649,1.3121531858611872,0.7253673296444564,0.0218632356615154,0.09192997608765481,0.09093987243350177,0.028687914326491353,0.12062621099955902,0.1193270433354293,0.020809275808075976,0.08749831255787888,0.08655593877858868,subduction,0.6190399046405451
1208471,MYZH15,KiK-net,4831443733,131.5893,32.3654,0.8225188945905784,0.888470399096936,0.016892945093380515,0.07529831287952564,0.07488079007612182,0.013894766524586676,0.06193428507420294,0.06159086467948087,0.012345088759458271,0.05502677897766049,0.05472166012250375,subduction,0.6466650475579753
1208491,MYZH16,KiK-net,4831650541,131.6958,32.506,0.8225188945905784,0.7356600876799146,0.019016279769340193,0.09515701080389327,0.094767030535402,0.015641249415102875,0.07826843933896202,0.07794767319961043,0.011506642916137995,0.05757896694667088,0.057342992100470745,subduction,0.6975317143473916
1208511,NARH01,KiK-net,5035755144,135.6489,33.9666,0.760306970403065,1.0509987232182134,0.022126648753651862,0.13949024386513234,0.13935105260206085,0.016823045279061803,0.1060554047138835,0.10594957662635104,0.017680999108936148,0.11146409494468246,0.11135286975980521,subduction,0.7991946117859703
1208531,NARH02,KiK-net,5035766823,135.8574,33.9692,0.760306970403065,0.8944782615422161,0.02333525719792182,0.17619462303640898,0.17609907562725294,0.017741958703728255,0.13396200004212222,0.1338893546809369,0.015869796377664638,0.11982609691039577,0.11976111721401361,subduction,0.8777444843105138
1208551,NARH03,KiK-net,5136305011,136.0022,34.2925,0.8903936859162028,0.76957205776442,0.022495969571668203,0.10750878230588427,0.10730065822681548,0.020030269265176395,0.09572514094569895,0.09553982857980896,0.015414735535977215,0.07366739369737067,0.07352478247862351,subduction,0.6784976702089609
1208571,NARH04,KiK-net,5135366642,135.8369,34.3061,0.760306970403065,0.879025176515372,0.02688865208812388,0.09719183411256647,0.09649649982409896,0.020443629607343514,0.07389562894204268,0.07336696143576057,0.01797046512421002,0.0649561182744935,0.06449140622646593,subduction,0.554942528804037
1208591,NARH05,KiK-net,5136500234,136.0294,34.4237,0.9341941159811272,0.893557634536285,0.025374077794149887,0.0990844885868263,0.09766335088944747,0.023704314173742205,0.09256414622281228,0.09123652774792201,0.021181170901394018,0.08271139954172695,0.08152509591773732,subduction,0.5853413540816738
1208611,NARH06,KiK-net,5136706433,136.0512,34.6413,0.760306970403065,1.00069651403514,0.027775499278550782,0.08608803210066639,0.08380018660806698,0.021117905707907465,0.06545333087441947,0.06371386599919092,0.021132614625625785,0.06549892003802017,0.06375824360109239,subduction,0.47958311138317067
1208631,NARH07,KiK-net,5135760812,135.8541,34.5843,0.760306970403065,0.8236031138553589,0.05329649778466653,0.13066918876476677,0.10840725426113913,0.04052169876375348,0.09934869503476605,0.08242279105700145,0.03337379728053621,0.08182389458809976,0.06788366736719603,subduction,0.3083596731112308
1208651,NGNH03,KiK-net,5337157824,137.7346,35.4786,0.760306970403065,0.8628731050880648,0.030793053693157196,0.09463080664651027,0.09209241688038218,0.02341217336290326,0.07194846190820646,0.07001850647541946,0.02020173472650842,0.06208239273304446,0.06041708609607396,subduction,0.47577111151541696
1208671,NGNH07,KiK-net,5538039011,138.376,36.7434,1.0111788590823578,0.7745754198898794,0.07737568894576641,0.0889431049338969,0.06830354912227928,0.07824066086889148,0.0899373873703003,0.06906710487274215,0.06060329274498327,0.06966328958614909,0.053497681757382586,active_shallow,-0.054161258308748315
1208691,NGNH08,KiK-net,5437360823,137.8591,36.2541,0.8810288444348895,1.135101464681827,0.1275585444570776,0.1275816920151122,0.04596421815808661,0.11238275702081556,0.11240315068712228,0.04049580200917221,0.1275658320993096,0.12758898097980462,0.04596684417407664,active_shallow,-0.44328967770334105
1208711,NGNH09,KiK-net,5438314924,138.2491,36.2859,0.9920381132875764,1.1085259779141712,0.06425005480974645,0.06954183130834689,0.04770117216378682,0.06373850315208425,0.06898814712569536,0.04732138083496893,0.07065578653744968,0.07647515325699816,0.052456979966332855,active_shallow,-0.12934445137096928
1208731,NGNH10,KiK-net,5337765132,137.7669,35.9632,0.8823750429278397,0.7411548902796098,0.08153743633146895,0.09162011492201722,0.05849793762395926,0.07194659888320593,0.08084330283736856,0.05161712022213114,0.053323573601273586,0.05991740924427116,0.03825628107478304,active_shallow,-0.14421649734358635
1208751,NGNH11,KiK-net,5338629434,138.3052,35.9157,1.1042264322402824,1.3019025315469388,0.10487179617912334,0.11343384336139253,0.07421828045255006,0.11580220933750345,0.12525664815025353,0.08195378703112804,0.1507631894952243,0.16307194731989927,0.10669584280568428,active_shallow,-0.15014781834128857
1208771,NGNH12,KiK-net,5338736814,138.4797,35.9696,1.139291809015191,0.9097787984993614,0.08787988762727333,0.12580646805993892,0.11383795689659568,0.10012083615092793,0.14333027858181965,0.12969465184731582,0.09108781401814263,0.13039884863674664,0.11799344452944396,subduction,0.11239759974570822
1208791,NGNH13,KiK-net,5337271031,137.8767,35.5143,1.003958852921907,0.7078936593256606,0.03718703124920335,0.110639820937833,0.108528090632377,0.0373342492365213,0.11107782771623201,0.10895773738108598,0.026428678310217314,0.07863128993198877,0.07713049142654127,subduction,0.4651506536740685
1208811,NGNH14,KiK-net,5237757011,137.6261,35.3095,0.760306970403065,0.7816783131887498,0.0267249468472924,0.1061220702278556,0.10451683296538573,0.02031916337164783,0.08068534970784219,0.07946487662803563,0.015883049349756304,0.06306998805867046,0.062115970720355,subduction,0.5922693912843174
1208831,NGNH15,KiK-net,5437071412,137.9305,36.0088,0.8951701599458435,0.6519639652842641,0.11735128713678984,0.118826510582105,0.05911685437942621,0.10504937047609077,0.1063699464835894,0.052919643990326094,0.06848840412620784,0.06934937209651591,0.03450170093736458,active_shallow,-0.29777654030726575
1208851,NGNH16,KiK-net,5338713442,138.1848,35.9465,0.8225188945905784,1.1455091170609586,0.2222165571321501,0.22221727093349922,0.06916064099361148,0.1827773169320602,0.18277790404715683,0.05688593397924115,0.20937308293761528,0.20937375548331122,0.06516335600574852,active_shallow,-0.5069174049133066
1208871,NGNH17,KiK-net,5438147411,138.5504,36.1425,0.854283598819602,1.0049648338118349,0.03879724472679254,0.059030433430376325,0.05519883956294964,0.033143849849489156,0.05042873111078283,0.04715546331250244,0.033308403555876276,0.050679101380089575,0.04738958235116909,subduction,0.15312906342218774
1208891,NGNH18,KiK-net,5337741743,137.595,35.9324,1.076296167272322,0.6753255428588547,0.04764380292964469,0.0647598721275869,0.055861716284358064,0.0512788424874544,0.06970080216396744,0.060123751134108436,0.03462991214001385,0.04707073205907895,0.04060310487335246,subduction,0.0691078551563499
1208911,NGNH19,KiK-net,5338746644,138.5845,35.9735,0.9647748701399015,0.7249297036445742,0.04087070508277546,0.07026943961495516,0.06749027445661873,0.03943102918876091,0.06779418947932202,0.06511292077459065,0.028584724304209,0.04914602168806902,0.047202290360556634,subduction,0.21782906422454915
1208931,NGNH20,KiK-net,5337554714,137.7173,35.787,0.760306970403065,0.7780783565855105,0.0477606114218413,0.07435983745723565,0.067172153589656,0.03631272577473818,0.05653630273677519,0.05107145659120073,0.02825414599394859,0.04398967352085094,0.0397375950129097,subduction,0.14811939442050695
1208951,NGNH21,KiK-net,5337579344,137.9236,35.8315,0.9814597321629686,0.7974412844157309,0.1214414708386656,0.15500879505233692,0.11562470364497561,0.1191899134427937,0.15213489047497109,0.11348099067082038,0.0950469576652212,0.12131864246480749,0.09049442695730858,active_shallow,-0.02131638592362277
1208971,NGNH22,KiK-net,5338505623,138.0824,35.7946,0.8804253393044311,0.6698606010259466,0.0726081791437443,0.09338071614669638,0.07944040013664198,0.063926080758908,0.08221474869794593,0.0699413412447828,0.042821562878395315,0.05507242097600322,0.04685094888279103,subduction,0.0390558772822115
1208991,NGNH23,KiK-net,5337342842,137.6105,35.6056,0.8790226335834795,0.7156316946409751,0.03442166285122851,0.0793842851534418,0.0761636848465072,0.03025742073180951,0.06978058340072033,0.06694960283719892,0.021653169273769812,0.04993719715209338,0.0479112577339249,subduction,0.34491610080571566
1209011,NGNH24,KiK-net,5337373034,137.8797,35.6152,1.0139867356173948,0.8354866647653061,0.06008322923730326,0.13690271397470083,0.13327303411460592,0.06092359747968475,0.13881753604036878,0.13513708880769496,0.05090085326380582,0.11598020019730539,0.11290523561403404,subduction,0.3459890188042452
1209031,NGNH25,KiK-net,5237775433,137.9268,35.2986,0.9246846659190111,0.6826301210875487,0.0253300464480735,0.1211507497463456,0.1199171990435062,0.023422305537549877,0.11202624055503729,0.11088559513548808,0.015988771265247236,0.07647248615506796,0.07569384723420314,subduction,0.6752454897963047
1209051,NGNH26,KiK-net,5438515144,138.1474,36.4663,1.004904346361167,0.9395576942489386,0.08934777931301718,0.0913898324096404,0.05087249978331031,0.08978597176936934,0.09183803980166629,0.05112199614250606,0.08435910061152896,0.08628713692039583,0.048032064821056125,active_shallow,-0.24460068423270198
1209071,NGNH27,KiK-net,5438609322,138.0479,36.577,0.8710863795463423,0.7647387571236223,0.20549973742307517,0.2088244201638684,0.10851065348513508,0.17900802226959053,0.1819041081214083,0.09452215228657401,0.13689437246560437,0.1391091215604468,0.07228475326028436,active_shallow,-0.27733889234691317
1209091,NGNH28,KiK-net,5538004743,138.0964,36.7075,1.1081705255735148,0.668022087279598,0.13425614251553794,0.14177736535922053,0.09014297441022164,0.14877870001291638,0.15711349748455564,0.09989378732893521,0.09938745772537355,0.10495528652943073,0.06673125631773956,active_shallow,-0.17300228055378558
1209111,NGNH29,KiK-net,5538239512,138.4408,36.9102,0.9040371736481994,0.8891460061827406,0.10308066465102762,0.10853471878776137,0.06614555429224048,0.09318875272889286,0.09811942041558991,0.0597980399517506,0.08285840731004607,0.08724249079148703,0.05316918840065501,active_shallow,-0.19267655001839823
1209131,NGNH30,KiK-net,5437057442,137.6849,36.064,0.9815568204428896,0.6303124838657879,0.06510868645256025,0.07520724202454458,0.051641712511408075,0.06390787525758808,0.07382018135589084,0.0506892751349235,0.04028193159219527,0.04652978186985448,0.03195008291564995,active_shallow,-0.10063829803401289
1209151,NGNH31,KiK-net,5437174511,137.9389,36.1184,1.0522371907930732,0.8624728805320733,0.15126082811153654,0.1512833638398434,0.05321074984831722,0.15916226884911713,0.1591859817805632,0.05599032994038625,0.13727314048631833,0.13729359224660848,0.04829014114562612,active_shallow,-0.4537270946442206
1209171,NGNH32,KiK-net,5437370933,137.9898,36.2578,0.9879388249580242,1.1446689349912915,0.3256884868940974,0.3256884868940974,0.05749431253282212,0.3217603010445115,0.3217603010445115,0.05680086356544569,0.3683090211190983,0.3683090211190983,0.06501818400404437,active_shallow,-0.7531775210785027
1209191,NGNH33,KiK-net,5437575711,137.9637,36.4598,0.8774950598304481,0.7942739376809143,0.3210041145549194,0.3210071737035583,0.10684097015800503,0.281679524707189,0.2816822090950069,0.09375242350114174,0.22373070525326738,0.2237328373925498,0.07446510658138053,active_shallow,-0.47777277619279374
1209211,NGNH34,KiK-net,5437663543,137.8201,36.5327,0.9770288200339211,0.7814906081476575,0.07626075163282059,0.076823838925627,0.036448155078441666,0.07450895218271462,0.07505910469598136,0.03561089794870323,0.05822804635371438,0.05865798537588116,0.027829582294616254,active_shallow,-0.32062553117900877
1209231,NGNH35,KiK-net,5437465543,137.8201,36.3824,1.004588843976137,0.7360388006947629,0.12703940693305055,0.12703940693305055,0.041001198166550255,0.1276223709502873,0.1276223709502873,0.04118934626777123,0.09393501685607161,0.09393501685607161,0.030316957028331645,active_shallow,-0.4911419094690524
1209271,NGNH37,KiK-net,5438339941,138.4967,36.3308,0.9556769483177724,1.1390556828716434,0.050169864326757865,0.07249895734017223,0.06666730228977276,0.047946182837312626,0.06928558230707615,0.06371240400486847,0.054613372032843804,0.07892013626794608,0.07257197585115947,subduction,0.12346995506220823
1209291,NGNH54,KiK-net,5338103034,138.0058,35.4489,0.9996897245022266,0.6155946767655277,0.02981153604951742,0.1088292128300694,0.10772873509302361,0.02980228626033027,0.10879544579188626,0.10769530950611812,0.01834612877730174,0.06697389728581771,0.06629665924458225,subduction,0.5579472067867747
1209311,NGSH01,KiK-net,4929635424,129.4353,33.2116,1.0301503775987757,0.9096361680626492,0.01207815105056263,0.018832710456679905,0.017388272243834543,0.012442311865432142,0.019400523788157216,0.017912535217776464,0.011317976887112127,0.0176474181170676,0.016293889895785434,subduction,0.15825597457583584
1209351,NGSH03,KiK-net,4929565422,129.8102,33.1256,0.9770288200339211,0.7245893216738399,0.01881456970525103,0.025105229614598257,0.021399662473933507,0.018382376838567374,0.024528532867031588,0.020908086976031436,0.01331967396421044,0.017773112991776908,0.015149776559460265,subduction,0.05591263316893992
1209371,NGSH04,KiK-net,4929364431,129.8026,32.9553,1.0106419207066815,0.725847807383942,0.0232242712853013,0.02742199425899772,0.021084651741420365,0.023471422138789937,0.02771381694752105,0.021309032933380555,0.01703668029562359,0.020116013265598084,0.015467114832166486,active_shallow,-0.04197566379708874
1209411,NGSH06,KiK-net,4929063933,129.8625,32.6999,0.760306970403065,0.7742198111282741,0.03448782203912651,0.03663324376825929,0.022167090698658562,0.026221331490368333,0.027852510585482184,0.016853793571747055,0.02030107431400484,0.021563965484940273,0.013048540875912925,active_shallow,-0.1919570706080895
1209431,NIGH01,KiK-net,5638171113,138.8876,37.4272,0.9931478486418779,0.7224225582515181,0.07613282823390251,0.07897293163312649,0.04973208995936431,0.0756111545715219,0.07843179715238167,0.049391318151607,0.054623203717909824,0.0566608995470877,0.035681402414498575,active_shallow,-0.18493525299438357
1209451,NIGH02,KiK-net,5739343342,139.5486,38.2799,0.9673499537561923,1.1924495532416712,0.0703282466489576,0.07714065455583712,0.05308431523507008,0.06803202614362322,0.07462200861731144,0.051351109887824174,0.0811247591810892,0.08898298083770917,0.0612336080441999,active_shallow,-0.12216357065140114
1209471,NIGH03,KiK-net,5739135434,139.4289,38.1327,1.1880387605822023,1.292015920969299,0.0894392070686728,0.09450576904447493,0.056819219611182206,0.10625724471332097,0.11227651672346585,0.06750343524411687,0.13728605188794157,0.14506304715769364,0.08721551305551908,active_shallow,-0.19703267571244118
1209491,NIGH04,KiK-net,5739145334,139.5428,38.1313,0.9398283880967124,1.306969084292859,0.032242876007607085,0.036340269103108606,0.025872647642161187,0.03030277018583153,0.03415361653417532,0.024315848729326555,0.03960478380131318,0.04463772092696056,0.031780062547571604,active_shallow,-0.0955928992367274
1209511,NIGH05,KiK-net,5639727212,139.2788,37.9759,1.3477677756676079,1.025302574416369,0.11923725227269251,0.12474127250386219,0.07537433272320314,0.1607041262722842,0.16812226737647729,0.10158709675678168,0.16477035438630624,0.1723761935578193,0.10415751183221303,active_shallow,-0.1991884790799044
1209531,NIGH06,KiK-net,5639308514,139.0676,37.6527,0.959244937980936,1.0047116324292118,0.039895244553440776,0.04411747130773506,0.03205856230211132,0.03826931138739957,0.04231946102846404,0.030752013607246748,0.03844962231597605,0.042518854773432514,0.030896905791822214,active_shallow,-0.09497708950458286
1209551,NIGH07,KiK-net,5639329044,139.261,37.6658,0.9191195939817935,1.0542474904370618,0.027398285857045984,0.032959461181953066,0.02620974542784743,0.025182301372725223,0.030293686579415387,0.024089890576009302,0.026548378025625343,0.03193704305243557,0.025396706684661232,active_shallow,-0.019260589808054698
1209571,NIGH08,KiK-net,5639430713,139.4648,37.6708,0.9438761950045108,2.0715447577589337,0.024419888545017924,0.03301780934365966,0.028675317259206762,0.023049351482305757,0.03116472425067786,0.027065949345167258,0.0477477632329136,0.06455912114849444,0.056068325479750075,subduction,0.06976455411888821
1209591,NIGH09,KiK-net,5639214031,139.1279,37.5386,1.0319884644959327,1.303642880400666,0.029067581692015114,0.03351133159641672,0.026081026650283227,0.029997408996952763,0.034583307637400126,0.026915318645303287,0.03910590866934435,0.045084282782202646,0.03508796352566493,active_shallow,-0.04708421877760578
1209611,NIGH10,KiK-net,5639225913,139.3648,37.5438,0.895879994939953,0.7881374290091924,0.024408987778701187,0.03269544645725095,0.02851419190039412,0.021867523847672193,0.029291196406681482,0.025545294095441932,0.017234614024101563,0.023085488228565237,0.020133202411665305,subduction,0.06751129813304213
1209631,NIGH11,KiK-net,5538650941,138.744,37.1728,0.9455804550228534,1.062577508786642,0.14585031585709698,0.14842081648677172,0.08016329735434628,0.13791320803338064,0.140343823188425,0.07580084718845506,0.1465434730208835,0.1491261900171496,0.08054427536942552,active_shallow,-0.2599318012661663
1209651,NIGH12,KiK-net,5538676843,138.9821,37.2239,1.0605996889286529,0.7165190892011318,0.04392381700172842,0.048303426756333714,0.03472727180025799,0.046585586648592234,0.051230599391955504,0.036831733668694404,0.033379462115349715,0.03670770241555202,0.026390640261991578,active_shallow,-0.10202940732990311
1209671,NIGH13,KiK-net,5538436141,138.3966,37.0544,0.9796212646303889,1.113369563682029,0.052792503046402185,0.05359985316086533,0.027378686911432547,0.051716658597320164,0.052507555937450046,0.026820743896097027,0.05757975361759081,0.0584603146440885,0.029861399929224992,active_shallow,-0.2851596382288826
1209691,NIGH14,KiK-net,5538463831,138.8521,37.0303,1.0475931514347971,0.9590769291650733,0.06342057685346168,0.07333966237196188,0.05657893368275609,0.06643896197173067,0.07683012802940756,0.05927170344153885,0.06372007562476253,0.07368600325780363,0.05684612332309398,active_shallow,-0.04957542966501077
1209711,NIGH15,KiK-net,5538476923,138.9951,37.0533,0.8225188945905784,0.7210945652642297,0.028773852436866823,0.036000479266620096,0.030114167427205008,0.02366703729948412,0.029611074411111396,0.024769471703740265,0.01706617197256381,0.021352384829487127,0.017861131430033223,subduction,0.019772848591596236
1209731,NIGH16,KiK-net,5537362742,137.848,36.9378,0.9996897245022266,0.7223315002555313,0.032787190324932575,0.037439207068672785,0.027675944384677745,0.032777017263133916,0.03742759060006331,0.02766735721725744,0.02367587205358097,0.02703512766909355,0.019985003646847268,active_shallow,-0.07360175249613636
1209751,NIGH17,KiK-net,5538202743,138.0966,36.8569,1.125525851684056,0.770639271993169,0.09558875864846814,0.10361866692499477,0.06977555026436143,0.10758761898923878,0.11662548834112127,0.07853418563801906,0.08291124437334542,0.08987618143104951,0.06052152764665939,active_shallow,-0.1367035516222968
1209771,NIGH18,KiK-net,5538323022,138.2594,36.9425,1.121980415874248,0.8244618233091493,0.0921739839802583,0.09701927773500635,0.060327420678825086,0.10341740487895648,0.10885372958094158,0.06768618454184887,0.08526370218840497,0.08974574436430417,0.055804675120212276,active_shallow,-0.18409360185061685
1209791,NIGH19,KiK-net,5538167224,138.7849,36.8114,0.8537403674904043,0.750265509853315,0.028038086400554725,0.03762130798998639,0.03305503918259548,0.023937246187337297,0.03211882930884066,0.02822042129915878,0.017959290215226936,0.024097649847288936,0.02117280877428871,subduction,0.07148930659190601
1209811,NMRH01,KiK-net,6545504122,145.0246,43.785,1.1384850166359541,0.8117131266947775,0.03188935059372977,0.13005154665456606,0.1282597013251212,0.03630554784121221,0.1480617372565552,0.14602174819685312,0.02946968975455719,0.12018365569237904,0.11852776979430513,subduction,0.6044445490495556
1209831,NMRH02,KiK-net,6544471624,144.9618,43.6772,1.0731196507778593,1.2856157078941948,0.02718413525515849,0.11650553450974593,0.11514186801813056,0.029171829731713773,0.12502437850678638,0.12356100119752664,0.03750376253110612,0.16073330487803392,0.15885196402267365,subduction,0.6269177486353086
1209851,NMRH03,KiK-net,6544276712,144.9665,43.5508,1.2619678174960156,1.261132049843758,0.03369864326757863,0.16087981114855737,0.1596765460172434,0.042526603296963006,0.2030251441543161,0.20150666228268277,0.05363166238879127,0.2560415162171571,0.2541265100617336,subduction,0.6756287135635056
1209871,NMRH04,KiK-net,6545007942,145.1224,43.3978,1.1812091703449712,1.2145527960386888,0.03852398117603871,0.220230455864133,0.21955173275277493,0.04550487984333397,0.26013823405596737,0.25933652009270614,0.05526807904712584,0.315951619529242,0.31497789559353984,subduction,0.755805707026848
1209891,NMRH05,KiK-net,6544066433,144.8021,43.39,1.1477999485561352,1.1499955831854665,0.04489757460498743,0.22650701309825477,0.22517200063222406,0.051533433821899816,0.2599847379817807,0.2584524107419488,0.05926322128156532,0.29898130037467857,0.2972191308168771,subduction,0.7002915057259228
1209911,OITH01,KiK-net,5031009223,131.0326,33.4122,0.994261836007014,0.5530277406767077,0.04681764924821422,0.07298815599618627,0.06523828218606761,0.04654900189906187,0.07256933798753451,0.06486393422426326,0.025742889350993964,0.04013285702965059,0.035871554995446885,subduction,0.14409291331304053
1209931,OITH02,KiK-net,5031134534,131.4429,33.4581,0.9901312320114394,0.6089094776845769,0.04992538736469641,0.09726408100625597,0.08961469003176417,0.0494326853000552,0.09630420435718466,0.08873030344747392,0.030100030586602676,0.05864054277396207,0.054028722726995354,subduction,0.2540577637567132
1209951,OITH03,KiK-net,5031156444,131.6856,33.4736,0.8225188945905784,0.668206240165587,0.03326372410558142,0.08327017890920957,0.08084682332906752,0.027360041581288803,0.06849129550876275,0.0664980397557844,0.018282150515807113,0.045766311055980516,0.04443440512359443,subduction,0.38569209017973577
1209971,OITH04,KiK-net,4931525742,131.3473,33.1306,1.109495960093575,0.6739242782287784,0.06554606313063074,0.13766821493578338,0.1290685402252553,0.07272309224347323,0.15274232830454562,0.14320102395509582,0.049009857450747575,0.10293676335762403,0.09650664671055996,subduction,0.29427378624220274
1209991,OITH05,KiK-net,4931548314,131.542,33.1525,0.760306970403065,0.7592497853683728,0.022056339320767032,0.05911408075132691,0.05743663738381608,0.01676958852715438,0.044944847644203506,0.04366947575942863,0.01273230648995789,0.03412436592727573,0.03315604009749555,subduction,0.41565557184249313
1210011,OITH06,KiK-net,4931336142,131.3984,32.9726,0.994261836007014,0.6128545556860806,0.02055180923149088,0.05507373058077937,0.05387003716865597,0.02043387957976802,0.05475770848300133,0.05356092206107397,0.012522996190801605,0.033558511102737706,0.03282505509187628,subduction,0.41849721517997546
1210031,OITH07,KiK-net,4931348713,131.5881,32.987,0.994261836007014,1.0153796720221302,0.018009146854430412,0.06403544533556312,0.063470339004655,0.017905807416405923,0.06366799944886377,0.06310613579075587,0.01818119286176167,0.06464719239869246,0.06407668746180172,subduction,0.5470776784360795
1210051,OITH08,KiK-net,4931240242,131.5357,32.8392,0.760306970403065,0.7664889231361709,0.016322138548841857,0.06255396083270026,0.062175431977280725,0.012409835710569033,0.047560212447422326,0.047272414320148164,0.009512001610090857,0.03645437602295225,0.03623378194629727,subduction,0.5808417513065699
1210091,OITH10,KiK-net,4931361923,131.8695,32.9278,0.760306970403065,0.7741431722140465,0.015206558814681874,0.08362454049038154,0.08341554965253171,0.011561652662646799,0.06358032103159043,0.06342142384082283,0.00895037446829837,0.04922027141378287,0.049097262238466145,subduction,0.7392160698378802
1210111,OITH11,KiK-net,4931714622,131.2118,33.2844,1.0371015760282138,0.6935559132417604,0.06305560002651261,0.10602499324438008,0.09576060122467918,0.06539506216490092,0.1099586875921273,0.09931347045152408,0.04535513206127954,0.07626249799182327,0.06887944469621536,subduction,0.18146320136839678
1210131,OKYH01,KiK-net,5133670133,133.8905,34.507,0.760306970403065,1.170146999697421,0.015393605359628415,0.0718942248372278,0.07162444871592237,0.011703865454559466,0.05466168027546946,0.05445656760999264,0.013695243046515052,0.06396220117276027,0.06372218920265264,subduction,0.6677209437666959
1210151,OKYH02,KiK-net,5234100521,134.0702,34.7501,1.4137127359973989,0.4981255078846625,0.015585026487128633,0.05679319645342701,0.05629956203188653,0.02203275043571055,0.08028926514421207,0.07959140787555359,0.010975075000884337,0.039994130977646966,0.03964651047126546,subduction,0.557797471673663
1210171,OKYH03,KiK-net,5233163313,133.789,34.7783,0.8225188945905784,1.0865818576080652,0.015149577072700668,0.052791870822350144,0.05226465714591629,0.012460813387352523,0.04342231123216805,0.04298866802181464,0.013539693757736952,0.04718189560028471,0.046710706755239785,subduction,0.537807596879364
1210191,OKYH04,KiK-net,5133757422,133.6861,34.6429,1.0250400877479935,0.8850601575194051,0.015103485899874066,0.05835256688063712,0.05760786813029934,0.015481678512107494,0.059813720275648935,0.05905037420325687,0.013702216822590648,0.05293874068898748,0.05226313349391434,subduction,0.5814046093046557
1210211,OKYH05,KiK-net,5233264811,133.8527,34.8684,0.760306970403065,0.8307656566054565,0.015601056425996646,0.049208588049945705,0.04857967807559156,0.01186159194633678,0.03741363249806669,0.03693546786080922,0.00985420322168447,0.03108196096825162,0.030684718209414912,subduction,0.4933006249125244
1210231,OKYH06,KiK-net,5233041212,133.5283,34.6756,0.8225188945905784,0.7949295623471815,0.015510240500068832,0.05511286728903347,0.05302848577240954,0.012757465870950635,0.04533137468029305,0.04361693149933451,0.010141286761453892,0.03603524983520146,0.03467238826769298,subduction,0.5338906940355295
1210251,OKYH07,KiK-net,5233425534,133.3169,35.0493,0.760306970403065,0.8163030039124727,0.021403884099055234,0.039940795276674504,0.03709132068545324,0.016273522274211024,0.03036726505229744,0.02820078965860549,0.013284125116674993,0.024788889682796654,0.023020389311023456,subduction,0.23877970660641232
1210271,OKYH08,KiK-net,5233239212,133.4055,34.9103,0.9363347502347105,0.6498575786157919,0.01779311997471104,0.043175539047483086,0.04196505432538125,0.0166603165474173,0.040426757570274065,0.03929333866034191,0.010826832970477216,0.026271634785905936,0.025535073917540077,subduction,0.37263568255476276
1210291,OKYH09,KiK-net,5233651431,133.6765,35.1809,0.9369967861328239,0.7511267679684912,0.0203941305134781,0.03882999801155339,0.03657924979478211,0.019109234747102338,0.03638358334236946,0.0342746394968606,0.014353457733942167,0.02732868336306621,0.025744599188562093,subduction,0.2537296000002373
1210331,OKYH11,KiK-net,5234408934,134.1162,35.0732,1.0051148694301233,0.7294115006266595,0.018993947984275977,0.04478112301346536,0.04240821279437933,0.019091099548178104,0.045010172610613526,0.04262512526558746,0.013925267570049532,0.03283093754737258,0.031091256584371486,subduction,0.34883472607501886
1210351,OKYH12,KiK-net,5234521543,134.319,35.0999,0.9892323308843659,0.6762015072318424,0.021547449944680396,0.04629455522528081,0.04210908924046438,0.02131543413339039,0.04579607077275954,0.04165567250076235,0.014413528688299641,0.030967372081836125,0.02816762852977151,subduction,0.29097996784490254
1210391,OKYH14,KiK-net,5233342923,133.6205,34.9363,0.760306970403065,0.8174399342083206,0.016757883680971586,0.044491870312492035,0.04360361591369122,0.012741135771846471,0.03382747912485689,0.03315213311395745,0.01041511318707746,0.027651932310256356,0.027099877511538865,subduction,0.4153033338761169
1210411,OSKH01,KiK-net,5135427241,135.2836,34.3977,1.2805230005324,0.7016894829350593,0.07819236946357828,0.17268047702324443,0.15922114075652746,0.10012712756423928,0.22112132257117112,0.20388633290974015,0.07025815236832378,0.1551585065008815,0.14306489551696092,subduction,0.30883635738642023
1210431,OSKH02,KiK-net,5135739131,135.3896,34.6628,1.3659620294714883,0.5892750874929882,0.10714199038407612,0.20064109558309923,0.1705992362325565,0.1463518906266473,0.2740681181180731,0.2330320789505087,0.08624152315378182,0.16150151428306614,0.13731999871223394,subduction,0.20201737248300244
1210471,OSKH04,KiK-net,5235151632,135.7052,34.763,0.760306970403065,0.7658454616652558,0.04734528100829539,0.0718475830176462,0.06076049415447681,0.03599694716629884,0.054626218174929284,0.04619662723078341,0.027568098621113955,0.041835241277205705,0.03537947730893705,subduction,0.10834459868388478
1210521,OSMH01,KiK-net,6240331341,140.4207,41.5977,1.3797067192330965,1.0314286965371835,0.033900424711802706,0.05479110603519041,0.0504278933172898,0.0467726437597299,0.07559565715096528,0.06957570324663451,0.04824264698669624,0.07797153011909193,0.07176237691033412,subduction,0.17246568621947905
1210541,OSMH02,KiK-net,6240650023,140.6331,41.8374,1.444902668320355,1.07720008412711,0.043211178129126664,0.08167732100156527,0.07742491064736684,0.06243594658004128,0.11801577905641983,0.11187145998884541,0.06725600690857622,0.12712660712790189,0.12050794611140692,subduction,0.2532846055551847
1210581,RMIH02,KiK-net,6741277413,141.9251,44.8948,1.3797067192330965,1.0612612833968098,0.03883902250003824,0.0519123044056839,0.04325235426980671,0.05358646031174818,0.07162375519939596,0.059675563808702634,0.05686923564313808,0.07601151836460988,0.06333136543505197,subduction,0.04674146048008819
1210621,RMIH04,KiK-net,6641171642,141.9621,44.0974,1.024028377109039,0.8600175318185374,0.020098667740767743,0.03126500894800977,0.027313200736235107,0.02058160610863219,0.03201625637333003,0.02796949262358025,0.017700542086407187,0.02753454178426081,0.024054254012348272,subduction,0.13320532578450658
1210641,RMIH05,KiK-net,6641063311,141.7876,44.0254,1.1295802114426623,1.3486181802377104,0.0235477252680579,0.03561336440068729,0.030600806595524464,0.026599044487286564,0.04022815168991293,0.03456606558448854,0.03587195497250631,0.05425241672637695,0.04661642446653028,subduction,0.11378391379832307
1210661,SAGH01,KiK-net,5029270133,129.8877,33.508,1.0119322126685528,0.5825224110723297,0.01935317361178384,0.026582268154772527,0.022835616647886893,0.01958409979513107,0.02689945343160777,0.023108096082147023,0.01140817703134087,0.01566953446950801,0.01346098384506334,subduction,0.07186055112972714
1210681,SAGH02,KiK-net,4929771034,129.8798,33.2656,1.024252906930415,0.7766659404865011,0.01678296869981084,0.02371446926320405,0.021004726384647156,0.01719000447770342,0.024289614079148723,0.021514152058752834,0.013350890994642692,0.0188649159628362,0.016709309142480862,subduction,0.09744824401390081
1210721,SAGH04,KiK-net,5030033234,130.4046,33.3654,1.0764292202957517,0.5743456826740628,0.025185797392585644,0.033163516593332075,0.02641085385937094,0.027110728249827742,0.03569817830882567,0.028429414827187707,0.015570929724438316,0.020503094591002902,0.016328311666945247,subduction,0.02062673676510359
1210741,SAGH05,KiK-net,4930601832,130.1046,33.1806,1.2013376861742793,0.5221441212698897,0.026946918672533432,0.034982894260527295,0.029445131619870193,0.032372348927587793,0.04202626924662133,0.03537354628931196,0.016903031684237586,0.021943769426028888,0.018470089243432564,subduction,0.03850438832138166
1210761,SBSH01,KiK-net,6440648922,140.6228,43.2341,1.0973314769300113,0.7597448186412656,0.03526055278815905,0.047864530701105884,0.04136487995390883,0.0386925144683992,0.05252325616680639,0.04539098481285539,0.029396437387568496,0.03990427173089906,0.03448556552459126,subduction,0.0693426517323149
1210781,SBSH02,KiK-net,6440446013,140.5017,43.0527,0.960684934526482,0.8501868515931348,0.023934778951017935,0.03122113055936533,0.02630218270255388,0.022993781549464482,0.02999366976726663,0.02526811066750654,0.01954901074175952,0.025500223667156607,0.021482615454114288,subduction,0.040962369253795906
1210801,SBSH03,KiK-net,6440560521,140.8199,43.0842,0.9579016145482194,1.0351461570529252,0.02877712572591048,0.044485221762783425,0.04055701998133919,0.027565655194906752,0.042612465750105834,0.03884963492138921,0.02853448204165373,0.04411013016377145,0.04021505029178516,subduction,0.14901862251851591
1210821,SBSH04,KiK-net,6440347922,140.6219,42.9758,1.4316527231064442,0.8179014232019435,0.04297259512677622,0.05991647504499498,0.05230132614093498,0.061521832832199884,0.08577958465710636,0.07487733599174783,0.05031879463144834,0.07015924437271889,0.06124227967322065,subduction,0.08532111924390726
1210841,SBSH05,KiK-net,6440364522,140.8223,42.95,0.9637696156103764,1.192795783822832,0.03143675974976164,0.04966108711945466,0.04563304492359776,0.030297793860063534,0.04786184684391023,0.04397974216514685,0.03613908077541707,0.057089409121390246,0.05245885102820239,subduction,0.16184167253136672
1210861,SBSH06,KiK-net,6440139841,140.4831,42.8309,1.1487956962768953,0.8928465886918308,0.05314738468284277,0.0680768050251615,0.053113805427949405,0.061055486792022357,0.07820634062918685,0.06101691108851667,0.054513183103176294,0.0698262644448408,0.054478740917894855,active_shallow,-0.00027447999738821894
1210881,SBSH07,KiK-net,6440161441,140.8084,42.763,0.994261836007014,1.1353158415103348,0.03477775794996253,0.05502927095389353,0.050260353943497524,0.03457819747153727,0.05471350397274563,0.04997195179022421,0.03925717536030887,0.062117107804796755,0.05673394849863229,subduction,0.15992396215298202
1210901,SBSH08,KiK-net,6440172811,140.9766,42.768,1.004799141293343,1.1806383255896669,0.025961403741338786,0.04597960567574044,0.043103761223251574,0.026085996186066995,0.04620026829999052,0.04331062226363648,0.030798126858456572,0.05454580740749417,0.05113418054958632,subduction,0.22018699703671982
1210921,SBSH09,KiK-net,6340733821,140.4841,42.6104,0.8225188945905784,0.8599953724730209,0.06851686355687212,0.08877265936889764,0.06815979972773578,0.05635641487361193,0.07301718965397164,0.05606272312757244,0.048466256000475993,0.06279444521340055,0.048213682457948506,active_shallow,-0.0022691687043330283
1210941,SBSH10,KiK-net,6440113232,140.1557,42.7797,0.958080353170533,0.7646388224712511,0.0832891252364467,0.09171620278076612,0.05565486685055549,0.0797976745217996,0.08787149195165662,0.05332183448783919,0.06101639988229301,0.06718995413470674,0.04077194473478831,active_shallow,-0.17508515275287545
1210961,SIGH01,KiK-net,5236628842,136.3599,35.2383,0.760306970403065,0.902825490483295,0.025776335445845424,0.06491689822722337,0.06196187281079676,0.019597927510923874,0.0493567702191043,0.04711004379727693,0.017693508517505906,0.044560550281734126,0.042532148397966055,subduction,0.3809033610328276
1211001,SIGH03,KiK-net,5236202223,136.0316,34.853,1.0248149680819794,0.7564883865620042,0.036705307113030446,0.08210235911345873,0.076641391300801,0.037616148137479544,0.08413972653431441,0.07854324497968887,0.02845617921319924,0.06365072597171176,0.05941705267002907,subduction,0.31973451789629115
1211021,SIGH04,KiK-net,5236325042,136.261,34.9638,0.9381592070457486,0.7411336941178635,0.03604708029755319,0.10335007367449639,0.10047534071267968,0.033817900268266934,0.09695882316658523,0.09426186597065898,0.02506358535313016,0.071859450790772,0.06986064494127742,subduction,0.44518939359766513
1211041,SITH01,KiK-net,5339751824,139.7349,35.929,1.4313003491651368,0.8812262446500737,0.04413555087619116,0.14981466657829126,0.14788689307765648,0.06317122937968807,0.21442978458356685,0.21167056169899698,0.05566814523619092,0.18896115380970088,0.18652965418897882,subduction,0.5251411334557888
1211061,SITH03,KiK-net,5339637043,139.3843,35.899,1.139130294289272,0.9659539752827964,0.04647434139079095,0.1344751775580856,0.12909056609545563,0.05294033018539179,0.15318474858634418,0.1470509745462851,0.05113792239536302,0.14796941684967488,0.1420444734321934,subduction,0.4436812613985683
1211081,SITH04,KiK-net,5339546224,139.5353,35.8028,1.1516330896011462,0.9372111541204242,0.050948825541851706,0.15795638673757093,0.15335308183732468,0.058674353370312474,0.18190780168082232,0.17660648343617563,0.054990258439460156,0.17048602075679273,0.16551756616636776,subduction,0.47855833091815964
1211101,SITH05,KiK-net,5439108411,139.0504,36.1509,0.9007584236641107,0.8567845653335866,0.023199818490514088,0.05188312012766847,0.05055290032783876,0.02089743193280896,0.04673415750097435,0.04553595081095295,0.017904597135139935,0.04004110482070369,0.0390144998226139,subduction,0.3382614899490898
1211121,SITH06,KiK-net,5439123331,139.2894,36.1131,1.084243795298239,1.002163481457477,0.03525992056410701,0.08610061539873454,0.0832286866565035,0.038230350094341815,0.09335405801743794,0.09024018709813526,0.03831306074788377,0.0935560277909389,0.09043542006964132,subduction,0.3729917119901923
1211141,SITH07,KiK-net,5339619124,139.1485,35.9118,0.8049697039401023,0.9020058683773516,0.024501486236380418,0.06463405954122968,0.05992599919442419,0.019722954121791637,0.0520284597733506,0.04823861382985045,0.017790220359593333,0.046929976038197214,0.04351151275691398,subduction,0.388422855062138
1211161,SITH08,KiK-net,5438073723,138.9691,36.0274,0.8474885925359554,0.9527635624779648,0.025483758470017794,0.05827806641411695,0.05697690852635712,0.021597194598281612,0.04938999648101691,0.048287280014052275,0.020577020064988648,0.04705698899802782,0.046006360928559475,subduction,0.34943540116315497
1211181,SITH09,KiK-net,5439008742,139.0993,36.0715,0.9259547463288736,1.2030289445350155,0.023823578897992692,0.05535681399866418,0.0536634630582309,0.02205955595513673,0.05125790466370773,0.04968993832321308,0.02653828431761926,0.061664742946656755,0.05977843405498505,subduction,0.35267169156544026
1211201,SITH10,KiK-net,5339719741,139.2191,35.9964,0.8577517081633892,1.0159237010076236,0.023048064323698714,0.05841101701396502,0.0554032212835168,0.01976951654351224,0.050102149619289285,0.047522207693690775,0.020084320414016397,0.050899961269666075,0.0482789371202273,subduction,0.3809005591179981
1211221,SITH11,KiK-net,5339623142,139.2726,35.8637,0.8879688791984425,1.156046362250022,0.02465932810898727,0.07020677805366766,0.06469256066036823,0.021896715942724073,0.06234143402044909,0.057444980582064424,0.02531361881080823,0.07206958801678993,0.06640906083141873,subduction,0.41887310249196497
1211281,SMNH01,KiK-net,5233725042,133.2604,35.2963,0.9802972255063692,0.7670920252891772,0.029052367526117482,0.03861377738575354,0.03097998806932031,0.028479955280244308,0.03785297883757478,0.03036959635057512,0.0218467465760678,0.029036718199743603,0.023296275171777472,subduction,0.027899716618773402
1211301,SMNH02,KiK-net,5233606644,133.0856,35.2235,0.9737973411908342,0.7479694510495799,0.024512937649452157,0.03567391514941392,0.031307255790713445,0.023870633507813207,0.03473916372236669,0.0304869224489781,0.017854504641044752,0.025983833219340096,0.022803286648353266,subduction,0.1062496410355027
1211321,SMNH03,KiK-net,5232656744,132.7223,35.2243,1.0134446903309087,0.7750975433225888,0.023214186291954948,0.033326314286734,0.028823849122789128,0.023526293837934305,0.033774376262189675,0.029211376848389863,0.01823517255726824,0.026178436068075978,0.022641666432257332,subduction,0.09399851052775832
1211341,SMNH04,KiK-net,5232541212,132.5308,35.0918,1.0076529562365608,0.9500622968554036,0.02307644302590589,0.034104816629532,0.029553537650471872,0.023253046034478638,0.03436581929865374,0.029779709580746487,0.022091842324401208,0.032649669216196726,0.028292579283970873,subduction,0.10744060669713179
1211361,SMNH05,KiK-net,5232254113,132.6396,34.8697,0.983017093084987,0.6811516241301119,0.022006638352546487,0.038533892817628854,0.03515592990470753,0.021632901661892835,0.037879475302833976,0.034558880019625156,0.014735286101645302,0.025801666123721825,0.023539837253485348,subduction,0.2034448833831919
1211381,SMNH06,KiK-net,5232216611,132.2026,34.8839,0.9610460891010988,0.8547743742844081,0.017790631867151373,0.032927982542458434,0.030223939877532083,0.017097617178563205,0.031645308844418935,0.02904659921652895,0.014614605025560709,0.02704959906652504,0.02482828867039851,subduction,0.23015970353701865
1211401,SMNH07,KiK-net,5232003313,132.0402,34.694,0.760306970403065,0.9806539643493054,0.018292209877990954,0.03457342721520601,0.03166940800375256,0.013907694674312323,0.026286417702444158,0.024078471653791688,0.013638635917324102,0.025777879728443625,0.023612648682763193,subduction,0.23837376951091624
1211421,SMNH08,KiK-net,5232235341,132.4208,34.8801,0.9711633502728041,0.7071655542943684,0.019953317391769868,0.03592000326309188,0.03260987187265784,0.019377930567247834,0.03488419071079436,0.03166951241981727,0.0137034050106656,0.024668898060109353,0.022395588304592463,subduction,0.21333398161615633
1211441,SMNH09,KiK-net,5132608042,132.0122,34.5725,0.760306970403065,0.9301893089628576,0.019699917912844853,0.0370221023489163,0.03358672941320431,0.014977984905504142,0.028148162474856752,0.025536224485900882,0.01393236142890701,0.02618311980106124,0.023753523008060544,subduction,0.231703298940434
1211461,SMNH10,KiK-net,5333226433,133.3004,35.5579,1.2434277858300922,0.6597687425206774,0.024593943905411125,0.033805815441562616,0.026744188892231294,0.030580793215134846,0.04203509024268294,0.033254467578088906,0.02017625148483438,0.02773343863115812,0.021940258257190353,subduction,0.03640125283552296
1211501,SMNH12,KiK-net,5232569832,132.8558,35.1634,0.8225188945905784,0.8645300650813539,0.023420964345622613,0.03501416895677933,0.030917000198844663,0.01926418570380686,0.02879981554533788,0.025429816827610405,0.01665446772025143,0.024898306407741943,0.021984841196980933,subduction,0.12059257580922819
1211521,SMNH13,KiK-net,5232421421,132.3069,35.0087,1.0219036947061977,0.6918305314556287,0.01881219376647479,0.032126587570679085,0.029096918927462488,0.01922425031548949,0.03283027853677917,0.029734248956540612,0.01329992331260113,0.02271298904793625,0.020571061258037465,subduction,0.1894075606304165
1211761,SOYH09,KiK-net,6742232844,142.4868,44.857,0.9774114078556787,1.1294650392920376,0.016264361428214528,0.02614838910331255,0.02372099544696711,0.01589697240142476,0.02555773380662681,0.023185171555558267,0.017955074557999655,0.028866566818117185,0.02618684070199125,subduction,0.16389589348698597
1211781,SOYH10,KiK-net,6742049812,142.6039,44.7433,0.9429433120617582,0.8234901971683104,0.019704629001748814,0.03507430162185864,0.03254002131206885,0.018580348133857203,0.03307307813956849,0.0306833954705624,0.015300734548205916,0.02723535563811619,0.02526747538584667,subduction,0.21784957064866894
1211821,SRCH02,KiK-net,6642113134,142.1414,44.116,0.9873437673959754,0.9510877528730338,0.027845645556841533,0.04610127821427297,0.04131069223435118,0.027493224589664925,0.04551780971385028,0.04078785450439996,0.026148469194218052,0.04329143135644821,0.03879282888510201,subduction,0.17130518164965508
1211841,SRCH03,KiK-net,6542719033,142.1258,43.9994,1.3677676883023662,0.9883933180547446,0.019052265554496187,0.03311707871699306,0.029713694278882187,0.026059073214396048,0.04529647020006909,0.04064143093474993,0.02575661383980843,0.04477072847721415,0.040169718772090225,subduction,0.1930100244622286
1211861,SRCH04,KiK-net,6541578513,141.9397,43.8203,1.0642904174674657,1.0900246737106634,0.03944037974231771,0.06838899114376469,0.06050202668597329,0.041976018221026694,0.07278574793457614,0.06439172723924226,0.045754895565047485,0.07933826114317294,0.07018857147362108,subduction,0.18582883502387834
1211881,SRCH05,KiK-net,6542518244,142.1594,43.8243,1.0059584708622646,0.7795261801803901,0.019360943849326732,0.03591896315255464,0.032478369269832205,0.01947630546911889,0.03613298524790189,0.03267189068678037,0.015182290006368688,0.028166607968811347,0.025468594146337165,subduction,0.22466768988886993
1211901,SRCH06,KiK-net,6542403613,142.0776,43.6948,1.0212358638519587,1.2338970130954292,0.04300842795450026,0.08098542315673547,0.07190442199935758,0.043921749075028806,0.08270521857688518,0.07343137451528972,0.05419491499360497,0.10204972216942322,0.0906067536819078,subduction,0.22320203107660136
1211921,SRCH07,KiK-net,6441677142,141.8978,43.23,0.9341941159811272,1.5590194117445286,0.022634130921364584,0.04569992811000698,0.04184061835591155,0.021144671927085284,0.04269260394112904,0.03908725947710452,0.032964953989295546,0.06655859828214114,0.06093779627670124,subduction,0.26683427065176785
1211941,SRCH08,KiK-net,6541271241,141.909,43.5138,1.4257023473854569,1.012699778238206,0.03678084769008785,0.07064290048079619,0.06421099967878939,0.05243854089058521,0.10071574904158835,0.09154577297001686,0.053104498731030736,0.10199481671951133,0.09270838398538121,subduction,0.24198769712467277
1211961,SRCH09,KiK-net,6441467421,141.8063,43.0587,1.4127009953689436,1.0276232498459617,0.04166393212768886,0.08661931444479001,0.08035542208603345,0.05885867838777016,0.12236719173433036,0.11351818476423105,0.06048454636647864,0.12574737124455646,0.11665392594403344,subduction,0.28525493160141496
1211981,SRCH10,KiK-net,6442309021,142.0085,42.993,0.9035244666410157,0.8988563359753444,0.030509735740543407,0.06810218576170253,0.06388235534050873,0.027566292712332817,0.06153199106742965,0.05771927103680499,0.024778136863831315,0.05530842003613744,0.05188133247931036,subduction,0.32094247416018895
1212081,SZOH24,KiK-net,5237250222,137.6616,34.8343,0.9787545068309439,0.5697415988098862,0.01822679508292842,0.15578347345933627,0.15571219529604913,0.01783955783250028,0.1524737767381041,0.1524040129145482,0.010163938201550137,0.08687065333534907,0.08683090598297723,subduction,0.9316123166184163
1212101,SZOH25,KiK-net,5237042444,137.5604,34.6913,1.0784317827301968,0.876694336381064,0.023996512570551617,0.23297486909393117,0.23289288391040774,0.025878601830767557,0.25124750340830243,0.25115908798067776,0.02268762365849455,0.2202672632679408,0.22018974996329355,subduction,0.9870080887949936
1212121,SZOH26,KiK-net,5237175214,137.9034,34.7948,1.2865921682617945,0.6962568204601383,0.03203058128922721,0.31915322765674314,0.319056966446238,0.04121029503159249,0.41062004317863926,0.41049619425909595,0.028692948988920823,0.28589700568076404,0.2858107750258254,subduction,0.9983034113728804
1212141,SZOH28,KiK-net,5237050921,137.7441,34.6683,1.2583202609774087,0.719292769120788,0.038466244844059895,0.41622541846604094,0.41611763446232913,0.04840285525099835,0.5237448771896198,0.5236092503939399,0.034815823786843274,0.3767259030265487,0.3766283476531171,subduction,1.0341363293207868
1212161,SZOH29,KiK-net,5238716544,138.1973,35.307,0.7343822317534027,0.8081106151801015,0.02612564943176314,0.13186715137177324,0.13168584582910578,0.01918621273570523,0.09684089291936661,0.09670774535031322,0.015504582176827052,0.07825815355165969,0.07815055558772221,subduction,0.7024720026474678
1212181,SZOH30,KiK-net,5237676334,137.9181,35.2233,0.7410444603501729,0.7113935410512862,0.02365357181096501,0.12928828906915205,0.1285239097959038,0.017528348358010627,0.09580837040284694,0.09524193137679984,0.012469553807185677,0.06815745588323452,0.06775449481870524,subduction,0.735087197925991
1212201,SZOH31,KiK-net,5238302633,138.0767,34.9398,0.9993797776123335,0.8968939232734597,0.01927184104663672,0.16209561878929094,0.1620230149949269,0.019259888219368047,0.16199508345757516,0.16192252469370985,0.017274076706877296,0.1452924059532761,0.14522732843888508,subduction,0.9246535044904766
1212221,SZOH32,KiK-net,5237461712,137.8409,35.0086,0.7338422214475455,0.751473025697879,0.019842708774148156,0.15037754992785507,0.1501269036827051,0.014561417486357586,0.11035339529489635,0.110169460497558,0.01094251245692314,0.08292759985828985,0.08278937781960287,subduction,0.8788575691015882
1212241,SZOH33,KiK-net,5238421833,138.3526,35.0146,1.1597757063769276,0.6049926508988627,0.03121459417844014,0.25183023764486345,0.25173744346948246,0.036201928012569544,0.29206659175164107,0.2919589713213409,0.021901900395974245,0.17669814158282124,0.17663303201340305,subduction,0.9065901243540522
1212261,SZOH34,KiK-net,5238535342,138.4243,35.1304,1.0270737964246013,0.925390826935962,0.02994935069570139,0.21594520045071458,0.21585883048747534,0.030760193319485797,0.22179165684658694,0.22170294852054576,0.028465200732629016,0.2052439647367602,0.20516187486556883,subduction,0.8577824084562633
1212281,SZOH35,KiK-net,5239303642,139.0855,34.9467,1.0163835570736772,1.4980493068066862,0.06858194184558437,0.1362667169726665,0.13077952205901097,0.06970555800403512,0.1384992505074308,0.132922155822733,0.10442236284851807,0.2074787062159023,0.19912394338949552,subduction,0.2803299682051128
1212301,SZOH36,KiK-net,5238219631,138.2008,34.9142,1.0621215783890088,0.8967455358336129,0.019168258273722424,0.1694937618860671,0.16943574003354867,0.020359020732654238,0.1800229819015204,0.17996135563994248,0.01825686095595166,0.16143480536764374,0.1613795422926836,subduction,0.9464223713889721
1212321,SZOH37,KiK-net,5238644514,138.5659,35.2028,0.9825295112012751,0.9188673163714598,0.039680227192772255,0.27365654938230694,0.2733945842871929,0.03898699422807007,0.26887563570162565,0.2686182472647714,0.035823874759736335,0.24706103381482303,0.24682452799258572,subduction,0.8382157572328316
1212341,SZOH38,KiK-net,5238570811,138.9779,35.0854,0.970602082356506,0.8101570492476092,0.04826774688604162,0.11771083907348585,0.1127837742756191,0.046848775638248755,0.11425038552065694,0.10946816616794204,0.03795486583194689,0.09256075520881721,0.0886864064891669,subduction,0.36858959738623565
1212361,SZOH39,KiK-net,5238165144,138.7724,34.7988,1.0270737964246013,1.0452195989552595,0.037667399162812996,0.18493195943568905,0.18462267950829284,0.03868719865959119,0.1899387696578535,0.18962111634866477,0.04043661826768036,0.19852772464783705,0.1981957071834,subduction,0.690319415459586
1212381,SZOH40,KiK-net,5238173743,138.97,34.7832,1.0784317827301968,0.6667401836315818,0.055201582599562544,0.14509470614328032,0.1415480311829218,0.05953114113237445,0.15647474261081185,0.15264989561054784,0.039691803970396955,0.10432799862203719,0.10177781943071847,subduction,0.4089523041669589
1212401,SZOH41,KiK-net,5238060643,138.834,34.6749,1.0270737964246013,0.655578693668593,0.05202666557896937,0.20287672140843205,0.2016820218933071,0.0534352249315052,0.20836936446313448,0.2071423198965485,0.03503099495648361,0.13660251575529664,0.13579809148126107,subduction,0.5884411939720234
1212421,SZOH42,KiK-net,5238377311,138.9128,34.9756,0.9944648381670148,1.330549636356057,0.0762849291042303,0.20096669096990308,0.19617341293917903,0.0758626796762206,0.19985430781234514,0.19508756135123165,0.10093906085619135,0.2659160765839073,0.25957368381347123,subduction,0.41020140085944246
1212441,SZOH43,KiK-net,5238336934,138.4924,34.9739,0.9594245344710436,0.951900707680013,0.04257622123762957,0.3915287075606859,0.39145997868793114,0.040848671240448914,0.37564224798346046,0.375576307816713,0.038883879061571515,0.35757412168996694,0.35751135319857547,subduction,0.9635202541966088
1212481,SZOH53,KiK-net,5238205112,138.0174,34.8768,1.06072622866476,0.4926688224695683,0.027723473357364647,0.2534002946979856,0.2533113754442139,0.029407015339845355,0.26878833893753307,0.2686940199528241,0.014487919619826142,0.1324236344379056,0.13237716641477254,subduction,0.9608070527967049
1212501,SZOH54,KiK-net,5239415312,139.1685,35.0417,1.340380139029322,0.8079327397549918,0.10843060576241632,0.20874947102221453,0.19792518342145382,0.1453382304268612,0.2798036449910533,0.2652949848718523,0.11742351469991628,0.2260625254910548,0.21434050397077475,subduction,0.2613491720560279
1212531,TCGH06,KiK-net,5439573613,139.9509,36.4458,1.0617404066885396,1.082308049909657,0.03747977137962505,0.1255491936594046,0.12384229069050084,0.03979378770719659,0.13330065193535445,0.1314883640829727,0.04306913677189482,0.1442723686478394,0.14231091491645317,subduction,0.5190720433871033
1212551,TCGH07,KiK-net,5539235634,139.4534,36.8817,0.8734219773441357,0.8225669783164111,0.029029556474433168,0.04861087119454656,0.044615347748721536,0.025355052617322675,0.04245780323916194,0.0389680252505846,0.020856229016484724,0.034924386916390174,0.03205381078133098,subduction,0.18664388183727504
1212571,TCGH08,KiK-net,5539255143,139.6459,36.8828,0.8766356488470213,0.7181690516537901,0.02360284092936936,0.04460792421469105,0.041784462584062855,0.02069109177275074,0.03910489658766444,0.03662974946910402,0.014859701756117937,0.028083926497382502,0.026306352438542357,subduction,0.2480505413253935
1212591,TCGH09,KiK-net,5539263642,139.8364,36.8625,0.9323958043822759,0.9889458991100908,0.03615333472694549,0.08309612354881636,0.07883920604895658,0.03370921761383201,0.07747847695734761,0.07350934494087687,0.03333659252140881,0.07662202205626459,0.07269676522554927,subduction,0.3385938799416981
1212611,TCGH10,KiK-net,5540202144,140.0225,36.8578,1.084516733389135,1.0205809828862245,0.052430544579443544,0.13131742236135685,0.12738733410491862,0.05686180293711153,0.14241594193642007,0.1381536954586167,0.05803207473024009,0.14534700200013906,0.14099703430051916,subduction,0.3855418804050923
1212631,TCGH11,KiK-net,5539065121,139.7694,36.7084,1.2247506770720276,0.9644650056799192,0.028868788016295065,0.06592008484038893,0.06320048130605252,0.03535706766920622,0.08073566854091184,0.07740483227086585,0.034100654470406264,0.07786672701788261,0.07465425199577383,subduction,0.3402918341855788
1212651,TCGH12,KiK-net,5539073841,139.9842,36.6959,1.0302649306019485,1.0329733247666515,0.046880371992474495,0.12890456985820847,0.12590211744071625,0.048299203197420267,0.13280585771924117,0.12971253628769788,0.049891788510419297,0.13718490839673142,0.1339895898730182,subduction,0.4290419850790323
1212671,TCGH13,KiK-net,5540018411,140.1781,36.7342,0.9339481937443694,1.149627295806399,0.034370197773959506,0.08755696389694749,0.08518436978988747,0.032099984129626224,0.08177366828129508,0.07955778830051784,0.03690301795037052,0.09400924113439477,0.0914618050242623,subduction,0.39417788358418954
1212691,TCGH14,KiK-net,5439646911,139.6154,36.5509,0.8276157646857741,0.871782788943927,0.02153251110216027,0.047904177267466465,0.045982634232892984,0.017820645641419292,0.03964625230085714,0.038055952992921985,0.015535732158057949,0.03456292040201582,0.03317652483608852,subduction,0.3294991675064436
1212711,TCGH15,KiK-net,5439667911,139.8637,36.5595,1.1287966510634908,1.1624966287002343,0.03054573172286153,0.088457138778278,0.08673320654861752,0.034479919673049926,0.09985012201557865,0.09790415308807748,0.04008279037777542,0.11607543021841722,0.1138132479006417,subduction,0.45323486954920156
1212731,TCGH16,KiK-net,5440605633,140.0751,36.548,1.2099623246284936,1.243809969926563,0.040520718084157185,0.13185236548668505,0.1299754758250779,0.04902854224872267,0.1595363946520352,0.15726542887400582,0.060982189659926966,0.19843295823434018,0.19560830835826523,subduction,0.5061842829441151
1212751,TCGH17,KiK-net,5539358512,139.6922,36.9853,0.8740745611855812,0.7537887849144765,0.02319275185715815,0.0459981849051409,0.04349118200404828,0.020272194402231585,0.04020584328629426,0.038014535825630746,0.0152809527860082,0.030306713757237612,0.028654930769090037,subduction,0.27304892965698485
1212831,TKCH01,KiK-net,6543156421,143.683,43.4683,0.9300432651715912,0.967733990401504,0.025588503719414887,0.09277102782295688,0.09136974400024474,0.02379841555006003,0.08628106962978735,0.08497781504788002,0.023030535645492796,0.08349712380894413,0.0822359200518859,subduction,0.5527575167256578
1212851,TKCH02,KiK-net,6543075144,143.8983,43.3822,0.890463298941511,1.0917112432515943,0.026989318472669055,0.10226081281579337,0.10091132037953837,0.02403299756335595,0.0910595007323917,0.08985782724570747,0.02623709364895386,0.09941068075442881,0.09809880029829829,subduction,0.5727479707577502
1212871,TKCH03,KiK-net,6443732423,143.4317,43.2708,0.9874428586414072,1.4065273235323603,0.027557606318161655,0.10619457205059832,0.10433817868487201,0.02721156156012005,0.1048610717978437,0.10302798942602796,0.038273804850291714,0.14748996265855577,0.14491168221631143,subduction,0.5782017598470406
1212891,TKCH04,KiK-net,6442670334,142.9176,43.1739,0.9178812032210444,0.904059468353688,0.021403486409732175,0.0683061595957845,0.06712405357588984,0.01964585785889024,0.06269693995718736,0.06161190706131161,0.017761023811260435,0.05668176220509791,0.05570082794210621,subduction,0.4963936541056629
1212911,TKCH05,KiK-net,6443544932,143.6181,43.1211,1.0474718831752794,1.2336348189845951,0.02634343022336884,0.11472653760458465,0.11334288467519489,0.02759400246536873,0.12017282239485379,0.1187234848552449,0.03404092223642562,0.14824937800194335,0.14646142474862037,subduction,0.6337219370797386
1212931,TKCH06,KiK-net,6443207422,143.0603,42.892,1.074836281827466,1.1392057921487824,0.03983940489361811,0.14711578367740258,0.14503403302860815,0.042820837826075445,0.15812538192595318,0.15588784079891108,0.04878174647612882,0.18013735097578426,0.17758833116368677,subduction,0.5611570812988762
1212951,TKCH07,KiK-net,6443147123,143.5203,42.8114,1.4570809677591203,1.635967451023301,0.026542815334492414,0.1233267221732192,0.12200445615985071,0.038675031054633824,0.1796970196947144,0.17777037105232044,0.06327109197269631,0.2939784752664459,0.2908265407979311,subduction,0.6624287078080826
1212971,TKCH08,KiK-net,6343518213,143.152,42.4865,1.0594631467873334,1.3350422119712515,0.02657285617412674,0.10484885256433135,0.10307760550238869,0.028152961821367537,0.11108349527484766,0.10920692428886408,0.03758539242354071,0.1483011552452307,0.1457958537651821,subduction,0.5887260844056295
1212991,TKCH10,KiK-net,6542070521,142.9448,43.3337,0.9000353108038628,0.7000856107655055,0.018006556775249448,0.05336312604202251,0.052281207140052924,0.01620653692371904,0.04802869773269743,0.04705493251749866,0.01134596330063556,0.03362420018646733,0.032942481171042697,subduction,0.46291493190625443
1213011,TKCH11,KiK-net,6442274043,142.883,42.8742,0.760306970403065,0.9917075713913734,0.021791284485527678,0.07345180056390307,0.07237264509287065,0.016568065488382862,0.055845915957391294,0.05502542653061674,0.016430675988137397,0.05538281768623127,0.05456913210945238,subduction,0.5212916151610902
1213051,TKSH02,KiK-net,5134001714,134.0918,34.0112,0.9996897245022266,0.8446546001618808,0.027429652327757185,0.13358363967307899,0.13302055238027258,0.027421141578727437,0.13354219194278505,0.1329792793621687,0.023161393376162347,0.11279702674017424,0.11232156003946764,subduction,0.685698444015593
1213071,TKSH03,KiK-net,5034615014,134.1294,33.8778,0.760306970403065,0.9964443026272792,0.026931765689608582,0.14907108951578774,0.14888376764746372,0.020476409179071516,0.11333978844443268,0.11319736632223701,0.020403601264750736,0.11293678645643608,0.11279487074420612,subduction,0.7425825231175123
1213091,TKSH04,KiK-net,5034748243,134.5337,33.9902,1.1338437895978966,0.6414802318342335,0.024112046417482016,0.14285816257335585,0.14262729882273764,0.027339294084958193,0.16197884042716618,0.16171707699728446,0.01753761670780327,0.10390622410945888,0.10373830804377263,subduction,0.7719685862864384
1213111,TKSH05,KiK-net,5034329531,134.3156,33.6628,1.0739107775102736,0.7441159444797887,0.019702304048783224,0.1733053591185573,0.17323499869986184,0.021158516659772603,0.18611449295770705,0.18603893214575987,0.015744389608078033,0.13849076170860117,0.1384345357036534,subduction,0.9441186202622871
1213131,TKSH06,KiK-net,5033779134,133.8933,33.9997,0.9996897245022266,0.6829169333113859,0.02313089587167891,0.1254510969597161,0.12487934207909938,0.02312371892144838,0.1254121725581607,0.12484059507907418,0.015791579212589998,0.08564609628333746,0.08525575634416983,subduction,0.7322981484519882
1213151,TKYH02,KiK-net,5339338723,139.4704,35.6539,1.1222872016338994,0.9406209968665789,0.05457097989629486,0.1673128948213712,0.15501654489555555,0.06124431231823255,0.18777312052634362,0.17397308437778877,0.05760768610518399,0.17662333981423758,0.16364273605538912,subduction,0.4534163006349895
1213201,TKYH11,KiK-net,5339363513,139.8125,35.6114,1.3707953278252296,0.8812262446500737,0.05565235834867157,0.17064084065404597,0.1687921971315383,0.07628799280681439,0.2339136671047357,0.23137955520126785,0.06722698141304088,0.20613086243503373,0.2038977365188177,subduction,0.4818687934220538
1213221,TKYH12,KiK-net,5339420113,139.265,35.6701,0.9729480410546438,1.0204842492005102,0.027240199252548017,0.07790797061177875,0.0751122248678193,0.026503298500704767,0.07580040738927289,0.07308029204440068,0.02704619867182871,0.07735312182373495,0.07457728695828425,subduction,0.4405003462611757
1213241,TKYH13,KiK-net,5339414011,139.1275,35.7017,0.8207206197504776,0.8785497364841316,0.026982047896070522,0.07341270464429749,0.07151558381302484,0.022144723071400068,0.0602513204532266,0.058694314268842966,0.0194552406188926,0.0529337817070032,0.05156587433400879,subduction,0.4233257794540818
1213411,TTRH02,KiK-net,5233637134,133.3909,35.2313,0.9996897245022266,0.8260285937372001,0.026903040283888995,0.0391332208246445,0.033353907807457187,0.026894692929673295,0.03912107874507366,0.03334355890710954,0.02221578537969185,0.03231512966127546,0.027542733074233185,subduction,0.09334536207141392
1213551,TYMH01,KiK-net,5536276413,136.9276,36.8866,0.9996897245022266,0.7189046330842415,0.04925703476722428,0.056950018609820886,0.03861953878235687,0.04924175151624304,0.05693234841444852,0.03860755608573739,0.0354001233062101,0.04092892904751331,0.027755150942096313,active_shallow,-0.10566118125142131
1213591,TYMH03,KiK-net,5537027131,137.2627,36.7294,1.4316527231064442,0.6618502549471721,0.08845652694855022,0.10419021786236891,0.07865007928293556,0.1266390276824305,0.14916420912371414,0.11259960017795242,0.0838160727578786,0.0987243698375235,0.07452407408472746,active_shallow,-0.051030718999819084
1213611,TYMH04,KiK-net,5537134743,137.4689,36.7914,1.0425407920827077,0.5629536667828486,0.05896613012598594,0.06850612594514947,0.05260250952160014,0.061474596007597394,0.07142043080537386,0.05484026194218718,0.03460734923647122,0.040206393405095936,0.030872526547686175,active_shallow,-0.04959616285688105
1213631,TYMH05,KiK-net,5436678643,136.9584,36.5736,1.0718055182094177,0.6553585910225164,0.06259462711527382,0.06724452284929104,0.041601994564912585,0.06708926675241132,0.07207305065922942,0.044589247343191515,0.043967527331594036,0.04723369293072704,0.029221946313588473,active_shallow,-0.17742290369476643
1213651,TYMH06,KiK-net,5437618242,137.1595,36.5711,0.9148863379662684,0.7580089854581081,0.06790813376637282,0.07854637414407571,0.05804404154323852,0.06212822381964033,0.07186100460120182,0.05310370060825544,0.04709375190583984,0.05447128719175743,0.04025308222213483,active_shallow,-0.06816415119390253
1213671,TYMH07,KiK-net,5437502333,137.0392,36.4406,0.9130598450224503,0.9930958914653552,0.03589951716437315,0.04219286912452265,0.031847909326834345,0.03277840757848335,0.03852461454388918,0.029079047154248416,0.032552101894968676,0.038258636423822816,0.028878282256611428,active_shallow,-0.05200767940077105
1213691,WKYH01,KiK-net,5035717642,135.2122,33.9804,0.9208317400912381,0.9004263446065729,0.026397097887657865,0.11033421198880353,0.10981976515935615,0.02430728558125074,0.1015992444172455,0.10112552544810105,0.021886920303233658,0.09148263626541012,0.09105608722565259,subduction,0.6191243277653223
1213751,WKYH04,KiK-net,5035246341,135.5454,33.5559,0.8225188945905784,0.8072593653691998,0.020352699443744807,0.2150065516766684,0.21494016815120354,0.016740479848403256,0.17684695121482535,0.17679234951084097,0.013513909138397891,0.14276135760515776,0.14271727986825125,subduction,1.0236955650464654
1213811,WKYH07,KiK-net,5035432531,135.4396,33.6894,1.0676369347888506,0.9606628325830684,0.019218836197886127,0.16189667215613895,0.16180999627803583,0.020518739368520153,0.17284686681329564,0.1727543284444775,0.01971159028279629,0.16604756067596896,0.16595866250445748,subduction,0.925278262593688
1213831,WKYH08,KiK-net,5135338542,135.4483,34.3228,0.760306970403065,1.2796120204403236,0.04533976434358319,0.10491176905467209,0.09409365073699989,0.03447213886685865,0.07976514928958377,0.07154005852601251,0.0441109632643204,0.10206844384316834,0.09154351883288987,subduction,0.3170810605170542
1213851,WKYH09,KiK-net,5135304523,135.0714,34.2868,0.760306970403065,1.1450355428105463,0.05093684387634921,0.14138793573748426,0.13657130620548302,0.038727637449520985,0.10749823307210991,0.10383611606508011,0.0443445213687823,0.123089297656898,0.11889604352191789,subduction,0.42832743122004846
1213871,WKYH10,KiK-net,5035518734,135.2172,33.8248,0.9526795217814491,0.7531702123274202,0.029768799743031517,0.17693401926243926,0.17663911733364607,0.02836012590319899,0.16856141685781034,0.16828046982931522,0.021360002048144755,0.1269554381250078,0.12674383719190338,subduction,0.7733255613301991
1213891,YMGH01,KiK-net,5131045444,131.5618,34.0494,1.0054309367120209,0.6057073379444823,0.033101609622042186,0.048281798575456454,0.03632379048910689,0.033281382368965516,0.0485440139678623,0.036521062696393936,0.02015877751781853,0.029403465473613638,0.022121075664736308,subduction,0.040342049460712195
1213911,YMGH02,KiK-net,5131113114,131.1434,34.1111,0.9306092630577509,0.7762038122081372,0.028604875263214247,0.03830371227687335,0.029065113978779707,0.0266199618885587,0.03564578945435723,0.02704826430048172,0.020662515898734586,0.027668397663640695,0.020994965863647172,subduction,0.006931972095223373
1213931,YMGH03,KiK-net,5132212031,132.126,34.1891,0.760306970403065,0.9045972280132604,0.025837232898084463,0.04913116099789429,0.04456344419348096,0.019644228268341002,0.037354764170694235,0.03388189724547157,0.017770114438001,0.03379101612189906,0.0306494703280837,subduction,0.23673274898211127
1213951,YMGH04,KiK-net,5132003511,132.0626,34.027,0.9962982522749831,0.7937846203961542,0.028325044740048846,0.05403419108462115,0.04792760014887857,0.02822019257012137,0.05383417014070053,0.04775018426406194,0.022400754846780162,0.042732736309477944,0.03790336188989482,subduction,0.2284150788447893
1213991,YMGH06,KiK-net,5031728431,131.3012,33.9893,0.9591551827892562,0.6200686575834499,0.03393696114371371,0.043376392549953346,0.03316382250819597,0.032550812169110606,0.04160469172498903,0.03180925223983915,0.020183738404951437,0.025797765347087213,0.01972392033509041,active_shallow,-0.01000836904526614
1214011,YMGH07,KiK-net,5131103433,131.0506,34.1149,0.9916356219704212,0.8338403366529865,0.027634911004267515,0.03748964223256668,0.028021495617769576,0.027403762161814053,0.037176064692739826,0.027787113235468366,0.022850362266565404,0.03099890229882738,0.023170015854877598,subduction,0.006033241264299124
1214031,YMGH08,KiK-net,5130176421,130.9323,34.1349,0.945068073531187,0.8638351997683925,0.02540074337311926,0.03421543544431585,0.026332366302458027,0.024005431605893884,0.03233591566039028,0.024885878692981554,0.020736736806803827,0.027932902164187128,0.021497297992163704,subduction,0.01564346103354795
1214051,YMGH09,KiK-net,5131755312,131.6681,34.6257,1.1813919947763991,0.7588348493355982,0.02347386722275191,0.037526372410558145,0.033207925234407264,0.027731838823403212,0.04433335595883132,0.039231577035061915,0.02104388573535627,0.03364169548956121,0.02977028784859912,subduction,0.15065709886785555
1214071,YMGH10,KiK-net,5131558021,131.6329,34.4837,0.9431974223131259,0.7260707009916697,0.02309073944721184,0.03530283022234912,0.030127423737973724,0.02177912592591422,0.0332975384660776,0.028416108410592097,0.015813185228014386,0.024176367095362052,0.020632103753133884,subduction,0.1155241550017838
1214091,YMGH11,KiK-net,5131255422,131.6859,34.2091,0.760306970403065,0.7828596350877997,0.028561088649028975,0.043397082591914674,0.035576471068101745,0.02171519478215659,0.03299510438979024,0.027049038935420735,0.0169999494630196,0.025830535382275043,0.021175600750459163,subduction,0.09538810976306134
1214151,YMGH14,KiK-net,5131437031,131.3774,34.3979,1.1646174294247114,0.8128880567499089,0.02344325534203831,0.03337865631994616,0.028436846425639744,0.02730242377379179,0.03887336492098659,0.03311804698517385,0.022193814206040125,0.03159969406995087,0.026921264857130152,subduction,0.08386351468801652
1214171,YMGH15,KiK-net,5031766531,131.8149,33.9725,0.760306970403065,0.8014250673719412,0.027694911106239135,0.050025849805998994,0.0434293464128933,0.021056633958766877,0.03803500230783786,0.033019634797772125,0.016875314289031048,0.030482204287050892,0.02646276304240142,subduction,0.19538331801711178
1214191,YMGH16,KiK-net,5032509812,132.104,33.826,0.760306970403065,0.8557244117938535,0.024148582849393016,0.058615816818179504,0.056191635267904945,0.01836033586574942,0.04456601410273109,0.04272289197253483,0.015711387609056014,0.03813622620405614,0.03655902160332971,subduction,0.3667800215288985
1214211,YMGH17,KiK-net,5032731214,132.4046,33.9291,1.3121531858611872,0.9360373148455918,0.022513080409721976,0.06429852192134929,0.06219849795801829,0.029540610183165773,0.08436951038526386,0.08161395725139424,0.027651113434750837,0.07897300995585965,0.07639370939951798,subduction,0.4413449744491312
1214251,YMNH08,KiK-net,5338452841,138.734,35.6895,0.8883829589528607,0.8316421629505015,0.03731358822839603,0.11296875079665329,0.10539491059638104,0.033148755919491096,0.10035951310193919,0.0936310425341852,0.027567903072003817,0.0834632025487559,0.07786752273244019,subduction,0.4509526251869101
1214271,YMNH09,KiK-net,5338121643,138.3325,35.4327,0.9354270540649781,0.8688937428038337,0.031597864714250024,0.13146487332575346,0.13077595305226555,0.02955749750439462,0.12297579916813507,0.12233136450622065,0.025682324634508414,0.10685290241349346,0.10629295716811012,subduction,0.6168701583716535
1214291,YMNH10,KiK-net,5338224421,138.3087,35.5351,0.8592880635885922,0.7526061396287371,0.035804143106973337,0.12081179607715173,0.12031651991250836,0.03076607279883996,0.10381213430979559,0.10338654941333761,0.023154735280671638,0.07812964964951523,0.0778093518435077,subduction,0.5263919773979284
1214311,YMNH11,KiK-net,5338374833,138.9777,35.6247,0.9996897245022266,1.1096855649948063,0.03405851131630068,0.0884109456338301,0.08572547200114208,0.03404794379474859,0.08838351388366494,0.08569887348764507,0.037782511746787,0.09807790954022104,0.09509880284555584,subduction,0.40088422379624145
1214331,YMNH12,KiK-net,5338237524,138.449,35.5623,1.0143124385641478,0.7123352956711572,0.06573938093028711,0.22381435046626524,0.21965054325381247,0.06668027178109695,0.2270176796070883,0.22279427815971434,0.04749871111462081,0.16171270592549528,0.15870422800674214,subduction,0.5239066717268768
1214351,YMNH13,KiK-net,5338032321,138.4203,35.3509,0.8970197415975943,0.8206542690235273,0.033765138961826924,0.17165902729270446,0.17068917520254115,0.030287996226544853,0.15398153630499614,0.15311155983368996,0.02485597340348252,0.12636560511949635,0.1256516552143689,subduction,0.7037374384040306
1214371,YMNH14,KiK-net,5338271714,138.9675,35.5115,0.8225188945905784,1.2456385409954405,0.0414992377621308,0.0975799177089016,0.09410479623520775,0.03413390717045941,0.08026132604816535,0.07740297297505469,0.04251851032628486,0.09997660107699603,0.09641612632535664,subduction,0.35557163878504217
1214391,YMNH15,KiK-net,5338243834,138.6045,35.5323,0.8694127608515889,1.0355756050660987,0.03381269852600021,0.12757047513676945,0.12376020353535612,0.029397191577332293,0.1109113989918077,0.10759870023922855,0.03044301445493991,0.11485713911966874,0.11142658910456488,subduction,0.5635011825796048
1214411,YMNH16,KiK-net,5338449511,138.5653,35.7421,0.8225188945905784,0.9559137418274976,0.038459647280161935,0.09201042149969663,0.09055866172444209,0.031633786567222336,0.07568031018274365,0.07448621033719023,0.030239171285645933,0.07234384848945215,0.07120239203797354,subduction,0.3719246989558032
1214431,YMTH01,KiK-net,5740436012,140.3805,38.3841,1.0631403261984265,1.110056252481938,0.05859546328256846,0.0798854246863098,0.06475792446962012,0.062295199947977754,0.08492941645950323,0.06884676094456499,0.0691511762018652,0.09427642976051398,0.07642377744964365,subduction,0.04342892856676229
1214451,YMTH02,KiK-net,5740322023,140.2583,38.2693,0.9257161522729852,1.0983884018991956,0.0635046830467081,0.09084107212962633,0.07285940662713568,0.0587873108413141,0.0840930477601904,0.06744712955976488,0.06457130040694224,0.09236682834014827,0.07408314484983815,subduction,0.05967987719755278
1214471,YMTH03,KiK-net,5740112214,140.1553,38.1035,0.9554111724348265,0.7518103207266915,0.02867119760570633,0.04500932530476768,0.038466030703655174,0.02739278251957848,0.043002412259928596,0.03675087549349323,0.020594176611640806,0.03232965735315833,0.027629687491749853,subduction,0.12763153996810214
1214491,YMTH04,KiK-net,5740029344,140.2978,38.0813,0.8839997959737093,1.2282709214269472,0.04075920931204846,0.06972055696899554,0.06208280095649381,0.03603113271590055,0.06163295813576543,0.05488118337901693,0.044255992581015785,0.07570197027968506,0.06740896167794638,subduction,0.18274555198686496
1214511,YMTH05,KiK-net,5639768431,139.8017,37.9883,0.8923499073228356,0.6909592246254631,0.029646393008825645,0.04141025732538634,0.03667074893057262,0.026454956053881925,0.036952439286523274,0.032723139409655454,0.018279295922490956,0.025532628797435623,0.022610355033806467,subduction,0.0923479181364059
1214531,YMTH06,KiK-net,5640715441,140.1836,37.9633,1.0365161770576485,1.063156814907774,0.03296010360316724,0.05562445891308449,0.05062226142464552,0.03416368058217894,0.05765565150349058,0.05247079288588645,0.03632134983327592,0.061296998813883646,0.05578468104024452,subduction,0.18635297414941468
1214551,YMTH07,KiK-net,5640607231,140.0278,37.896,0.8878999299798624,1.0789756663676795,0.052683016116614745,0.08418750541724239,0.07459104791136627,0.0467772463210702,0.07475008016514881,0.06622938621762667,0.050471510520121804,0.0806535175572289,0.07145989612728615,subduction,0.15101607801609968
1214571,YMTH08,KiK-net,5840306223,140.0333,38.9701,1.0054309367120209,0.8964153688264518,0.07785365032911341,0.08828402155680075,0.06509684754732759,0.07827646857685064,0.08876348649055842,0.06545038440650919,0.07016822944974972,0.0795689534807557,0.05867073047759398,active_shallow,-0.07771902272724704
1214591,YMTH09,KiK-net,5840019433,140.178,38.7498,0.9490207599308553,1.5039364664154822,0.05376680109925408,0.06309481831206375,0.046647652358348675,0.051025810438265255,0.059878292422213986,0.044269590490110415,0.07673957704651087,0.09005314752045744,0.0665786514913571,active_shallow,-0.06168440668752857
1214611,YMTH10,KiK-net,5840025924,140.3744,38.7107,1.0184691931823509,1.5353856840840343,0.038983057415121376,0.0483548204534678,0.034013929323469284,0.039703043033359926,0.049247894973720785,0.034642139155035265,0.06095948388799318,0.07561451291392496,0.05318904452468813,active_shallow,-0.05921909257515965
1214631,YMTH11,KiK-net,5840045432,140.5544,38.7132,0.904550875838151,1.011072625280156,0.03068749267078972,0.04417680859416825,0.037769809262082364,0.02775839837263968,0.039960170905589246,0.03416471404825651,0.028065756716197213,0.04040263490415783,0.034543007124716536,subduction,0.09018338589869229
1214651,YMTH12,KiK-net,5740706014,140.0055,38.6357,0.9475534127548588,1.523108746211978,0.039724900960062814,0.04644880769681797,0.03591445600689328,0.03764146547605629,0.04401272625151403,0.03403086535656597,0.05733204528681755,0.06703616829831453,0.05183270866574783,active_shallow,-0.04379353052284915
1214671,YMTH13,KiK-net,5739566024,139.7606,38.4704,0.8885211321913684,0.7902930786496412,0.029122503607246105,0.033808517689527,0.026132991388496583,0.02587595987735752,0.030039582415210438,0.023219715096054264,0.020449591994491464,0.02374007406826628,0.01835038012862827,active_shallow,-0.047039582383785666
1214691,YMTH14,KiK-net,5739476914,139.9916,38.386,0.8225188945905784,0.9414604390448088,0.04863400855541902,0.060904600449694854,0.04886422988482306,0.040002390956511986,0.05009518463736385,0.04019175234988456,0.03766066855275987,0.04716263452272333,0.03783894481330255,subduction,0.002050991697955267
1214711,YMTH15,KiK-net,5740501922,140.1249,38.4257,0.9500612210744527,1.306876647553163,0.06438739018931032,0.08073867222751908,0.06072163276960023,0.061171962545053395,0.07670668152440678,0.05768926857472089,0.07994420933512704,0.10024617079554488,0.07539275791472527,active_shallow,-0.025457381241573863
