siteid2,site_code,network_label,lon,lat,n_records,station_value_log10,comparison_field,comparison_label,station_value_ln,station_x_km,station_y_km,grid_match_distance_km,matched_grid_index,sung_grid_row,sung_lon,sung_lat,sung_adjusted_site_ln,station_centered_ln,sung_centered_ln,spatial_block_x,spatial_block_y,spatial_block
1100751,CHB001,K-NET,139.8731,35.9571,309,-0.0164332053935403,full_observed,All-source observed,-0.037838853769275246,41.72563583366192,12.077173137959727,0.24767987811110803,86031,155279,139.8744455,35.95514762,0.315279453,0.08888631860039777,0.21414432605912598,6,6,6_6
1100761,CHB002,K-NET,139.9024,35.7871,356,-0.2052298857503713,full_observed,All-source observed,-0.4725592755656761,44.36946798958799,-6.720406862039675,0.3800949839784102,87119,156760,139.903475,35.78377635,0.379071881,-0.3458341031960031,0.277936754059126,6,6,6_6
1100771,CHB003,K-NET,140.0577,35.7926,313,-0.140613435888922,full_observed,All-source observed,-0.3237744013525058,58.38268074778799,-6.112249862039914,0.3614814525249648,93393,165261,140.0541341,35.79408982,0.14306225,-0.19704922898283278,0.04192712305912598,7,6,7_6
1100781,CHB004,K-NET,140.4903,35.8889,383,0.0040748412757686,full_observed,All-source observed,0.009382668777901618,97.41755414892513,4.536026337960018,0.27728159609181496,110578,189771,140.4882089,35.88706249,0.074981413,0.13610784114757463,-0.026153713940874027,8,6,8_6
1100791,CHB005,K-NET,140.8271,35.7353,206,0.0103286149279204,full_observed,All-source observed,0.023782514764305287,127.80808896516193,-12.448140062039682,0.1348868224745064,121429,208754,140.8260349,35.73444405,0.026753621,0.1505076871339783,-0.07438150594087402,9,5,9_5
1100801,CHB006,K-NET,140.3073,35.779,251,-0.1461262175255291,full_observed,All-source observed,-0.33646805016988857,80.90488232181428,-7.616056262039552,0.404978673868098,103918,179759,140.3115279,35.77777099,0.191611492,-0.20974287780021555,0.09047636505912597,8,5,8_5
1100811,CHB007,K-NET,140.2246,35.7237,362,-0.1916158560674083,full_observed,All-source observed,-0.44121181376210705,73.44259838683107,-13.730798462039836,0.13351866106203733,100356,174753,140.2233696,35.72302923,0.182142822,-0.31448664139243404,0.08100769505912599,7,5,7_5
1100821,CHB008,K-NET,139.9027,35.6556,310,-0.0776138149608971,full_observed,All-source observed,-0.17871241333935992,44.39653794340382,-21.260887862039965,0.29532679456301447,87105,156746,139.9052065,35.65731748,-0.088731711,-0.051987240969686904,-0.18986683794087403,6,5,6_5
1100831,CHB009,K-NET,140.1077,35.6075,248,-0.0888062841567528,full_observed,All-source observed,-0.20448402606353233,62.89433971694259,-26.579497262039748,0.3387961858672066,95586,168240,140.1094658,35.60479601,0.122195021,-0.07775885369385932,0.021059894059125978,7,5,7_5
1100841,CHB010,K-NET,140.5637,35.7086,368,-0.1042274919143588,full_observed,All-source observed,-0.23999266916216003,104.04066951564825,-15.400465862040265,0.3774914210287346,113038,193751,140.5602549,35.7066632,0.111106924,-0.11326749679248702,0.009971797059125972,8,5,8_5
1100851,CHB011,K-NET,140.5014,35.6021,234,-0.1550611922090488,full_observed,All-source observed,-0.35704158968244026,98.4191424400777,-27.176596862039926,0.505157723216519,110862,190239,140.4989049,35.59801032,0.194819482,-0.23031641731276725,0.09368435505912596,8,5,8_5
1100852,CHB011,K-NET,140.4971,35.5877,73,-0.1354506586846682,full_observed,All-source observed,-0.31188666752354155,98.03113976873023,-28.768862462040143,0.2193470889397915,110861,190238,140.4989612,35.58897605,0.19721635,-0.18516149515386854,0.09608122305912599,8,5,8_5
1100861,CHB012,K-NET,140.3436,35.5721,417,-0.0909664764887586,full_observed,All-source observed,-0.2094580527252089,84.18034673342267,-30.493816862040052,0.40200359581699524,104933,181236,140.3398472,35.57014065,0.200925728,-0.08273288035553589,0.09979060105912597,8,5,8_5
1100871,CHB013,K-NET,140.2892,35.4294,204,-0.0394011808319406,full_observed,All-source observed,-0.09072457162998916,79.27166177497939,-46.27272666203981,0.46581117868941185,102827,178220,140.2880497,35.42529325,0.318295557,0.03600060073968385,0.217160430059126,8,4,8_4
1100881,CHB014,K-NET,140.0454,35.471,347,-0.0401487871611761,full_observed,All-source observed,-0.09244599881911482,57.272812641374635,-41.67284826204032,0.4134921449352049,92988,164725,140.0491236,35.46882039,0.161974802,0.03427917355055819,0.06083967505912598,7,4,7_4
1100891,CHB015,K-NET,139.9199,35.3738,201,0.0705659426733999,full_observed,All-source observed,0.162484087672843,45.948548628793766,-52.42064106203963,0.43696346905771705,87443,157215,139.9178261,35.37737104,0.192881642,0.289209260042516,0.09174651505912597,7,4,7_4
1100901,CHB016,K-NET,140.3869,35.3004,32,-0.2393609675311829,full_observed,All-source observed,-0.5511489956819337,88.08744340071081,-60.53677266203957,0.13551077681612358,106601,183706,140.3861368,35.29934453,0.251328104,-0.42442382331226064,0.150192977059126,8,4,8_4
1100902,CHB016,K-NET,140.3866,35.2998,254,-0.1627826628854432,full_observed,All-source observed,-0.3748209329578967,88.06037344689497,-60.6031170620402,0.06544732378641005,106601,183706,140.3861368,35.29934453,0.251328104,-0.2480957605882237,0.150192977059126,8,4,8_4
1100911,CHB017,K-NET,140.0734,35.2976,310,-0.1061303458539728,full_observed,All-source observed,-0.2443741522776602,59.79934166410131,-60.84637986203963,0.37808672796620757,94076,166206,140.0775818,35.29738479,0.321612612,-0.1176489799079872,0.220477485059126,7,4,7_4
1100921,CHB018,K-NET,140.3204,35.152,217,0.0802833265577812,full_observed,All-source observed,0.18485919094791997,82.08693697173396,-76.94595426203982,0.4189997314876529,103849,179690,140.3168202,35.15441352,0.290450593,0.311584363317593,0.18931546605912597,8,3,8_3
1100931,CHB019,K-NET,139.836,35.1106,262,-0.0217975726984291,full_observed,All-source observed,-0.050190765958856846,38.37798487854976,-81.52371786204016,0.5012266700879442,83724,152186,139.8333501,35.11458391,0.894591974,0.07653440641081616,0.793456847059126,6,3,6_3
1100941,CHB020,K-NET,140.1006,35.1132,236,0.0740290013660953,full_observed,All-source observed,0.17045807499480692,62.25368414332168,-81.23622546204004,0.5049568589600731,94794,167186,140.0972149,35.11683646,0.253567731,0.29718324736447993,0.152432604059126,7,3,7_3
1100951,CHB021,K-NET,139.8994,34.9078,148,-0.1380993664494213,full_observed,All-source observed,-0.3179855425383596,44.09876845143989,-103.94812506203975,0.15954137831589243,86284,155663,139.8977073,34.90738314,0.649682832,-0.19126037016868658,0.548547705059126,6,2,6_2
1100961,CHB022,K-NET,139.8555,35.3033,183,0.0007649025413332,full_observed,All-source observed,0.0017612531892670883,40.137531876520086,-60.21610806203992,0.1974946371244543,84852,153707,139.8570795,35.30453642,0.258541033,0.1284864255589401,0.15740590605912597,6,4,6_4
1100981,CHB024,K-NET,140.0781,35.6337,295,-0.1277818662975719,full_observed,All-source observed,-0.29422862049174736,60.22343760720325,-23.682458462040213,0.45383917291260023,94113,166243,140.0737573,35.63162942,0.088116615,-0.16750344812207435,-0.013018511940874028,7,5,7_5
1100991,CHB025,K-NET,139.9458,34.9705,135,0.0449393590067991,full_observed,All-source observed,0.10347669813776332,48.28558797481473,-97.01513526203979,0.3436642965304133,88505,158670,139.9495399,34.97108776,0.654929115,0.23020187050743635,0.5537939880591259,7,3,7_3
1101001,CHB026,K-NET,140.2404,35.3858,229,-0.0221098322699311,full_observed,All-source observed,-0.050909770193342065,74.868282621083,-51.093753062039575,0.48640269395581603,101040,175716,140.2442385,35.38888843,0.301412547,0.07581540217633095,0.20027742005912597,7,4,7_4
1101011,CHB027,K-NET,140.2655,35.1806,103,0.0355956884027743,full_observed,All-source observed,0.08196210149108914,77.1331354236002,-73.78353786204012,0.1696668293842418,101733,176693,140.2637735,35.18120782,0.28906652,0.20868727386076213,0.18793139305912598,7,3,7_3
1101021,CHB028,K-NET,139.9655,35.7664,257,-0.1632573811011672,full_observed,All-source observed,-0.37591401204479546,50.06318160866228,-9.009288662040234,0.0302089950310711,89700,160258,139.965788,35.7662607,0.237490852,-0.24918883967512245,0.13635572505912597,7,5,7_5
1101031,CHB029,K-NET,139.9176,35.6948,337,-0.1041558895287712,full_observed,All-source observed,-0.2398277985764832,45.74101231621083,-16.92638706203985,0.38974582404080976,87478,157250,139.9135712,35.69352915,0.01522518,-0.11310262620681019,-0.08590994694087402,7,5,7_5
1101041,CHB030,K-NET,139.9151,35.3766,52,-0.0580252009266035,full_observed,All-source observed,-0.1336079626715815,45.51542936775323,-52.11103386203956,0.26034056570523856,87443,157215,139.9178261,35.37737104,0.192881642,-0.006882790301908498,0.09174651505912597,6,4,6_4
1101611,FKS012,K-NET,140.7928,36.9066,483,0.1769231408159549,full_observed,All-source observed,0.4073805866485042,124.71309091232065,117.06718613795978,0.4035029545509331,120785,207384,140.79641,36.9087536,0.004216593,0.5341057590181773,-0.09691853394087402,9,9,9_9
1101621,FKS013,K-NET,140.5546,37.0893,535,0.0979415445451209,full_observed,All-source observed,0.2255187404544077,103.21954758326021,137.26905593796022,0.20825484705108285,113191,193904,140.552399,37.08873328,0.01031129,0.35224391282408074,-0.09082383694087402,8,10,8_10
1101631,FKS014,K-NET,140.43,36.8683,289,-0.0027058208068432,full_observed,All-source observed,-0.006230382654150274,91.97649343212427,112.83220193795982,0.4000664575662897,108759,186880,140.4277545,36.87141974,0.040000404,0.12049478971552274,-0.06113472294087402,8,9,8_9
1101632,FKS014,K-NET,140.4166,36.8864,138,0.0290400935481726,full_observed,All-source observed,0.0668672865031748,90.76736882838875,114.83359133796027,0.3826006119840296,108435,186382,140.4186239,36.88944052,0.040621501,0.19359245887284782,-0.060513625940874026,8,9,8_9
1101641,FKS015,K-NET,140.3763,37.0237,385,0.07655792963284,full_observed,All-source observed,0.1762811475230645,87.13097169924873,130.01540153795986,0.3570040906549358,106792,183897,140.372535,37.02469221,0.028848066,0.3030063198927375,-0.07228706094087403,8,10,8_10
1101651,FKS016,K-NET,140.191,37.1232,532,0.2641836969477156,full_observed,All-source observed,0.6083054424038665,70.4107635595575,141.01751453795973,0.03601167814114932,99787,173908,140.1912538,37.12294866,0.028985448,0.7350306147735395,-0.07214967894087403,7,10,7_10
1101661,FKS017,K-NET,140.3689,37.2844,562,0.0886704836714666,full_observed,All-source observed,0.20417133389049094,86.46324617181453,158.84204333795984,0.2780858557714144,106821,183926,140.3703667,37.28661186,0.008451283,0.330896506260164,-0.09268384394087402,8,11,8_11
1101731,FKS024,K-NET,140.1326,37.3963,570,0.2823011163520788,full_observed,All-source observed,0.6500223422478743,65.14114588358257,171.21527393795967,0.3352029521152165,97626,170938,140.134021,37.39349907,0.006034038,0.7767475146175473,-0.09510108894087402,7,11,7_11
1101741,FKS025,K-NET,139.8994,37.3082,373,-0.0833219457130642,full_observed,All-source observed,-0.19185587011816077,44.09876845143989,161.47370453796,0.23131501589928607,88026,157929,139.8997875,37.31026791,0.007036294,-0.06513069774848776,-0.09409883294087402,6,11,6_11
1101751,FKS026,K-NET,139.5368,37.2664,294,-0.0961263517175277,full_observed,All-source observed,-0.22133910450868188,11.380217607118174,156.85171133795976,0.45885606023136943,73262,137925,139.5387429,37.27023494,0.005115252,-0.09461393213900887,-0.09601987494087402,5,11,5_11
1101761,FKS027,K-NET,139.6807,37.0701,250,-0.1607250005435763,full_observed,All-source observed,-0.3700829903230987,24.364772120349762,135.14603513795967,0.4296083011594554,78775,145403,139.6777902,37.0731752,0.013777672,-0.2433578179534257,-0.08735745494087402,6,10,6_10
1101771,FKS028,K-NET,139.3144,37.3491,140,0.0858024518096255,full_observed,All-source observed,0.19756744647918367,-8.687641487687767,165.99618113796006,0.3157398990408274,64046,125434,139.3109836,37.34848266,0.004296193,0.3242926188488567,-0.09683893394087402,5,11,5_11
1101772,FKS028,K-NET,139.3619,37.3037,63,-0.0912023250774811,full_observed,All-source observed,-0.21000111416980505,-4.40156546699076,160.97612153795998,0.3944100292502501,66255,128429,139.3662429,37.30410387,0.005114338,-0.08327594180013204,-0.09602078894087403,5,11,5_11
1101782,FKS029,K-NET,139.3806,37.0159,237,-0.2223539114038869,full_observed,All-source observed,-0.5119888017675088,-2.7142050125267656,129.1529243379603,0.10104216737421473,66592,128897,139.3814576,37.01531242,0.046362138,-0.3852636293978358,-0.054772988940874026,5,10,5_10
1101851,GIF004,K-NET,137.5175,36.2493,47,-0.2834926600755664,full_observed,All-source observed,-0.6527659730632275,-170.8276415212209,44.38689593795985,0.44827532440942713,680,23317,137.5152345,36.252908,-0.006405702,-0.5260408006935544,-0.10754082894087402,0,7,0_7
1101881,GIF007,K-NET,137.4854,36.0378,116,-0.0443044858835902,full_observed,All-source observed,-0.10201484874831993,-173.72412657942039,21.00049493795975,1.1740929476300317,85,21793,137.4981601,36.03572175,-0.004636697,0.024710323621353086,-0.10577182394087402,0,6,0_6
1102081,GNM001,K-NET,139.2246,36.7719,250,-0.0787997277717231,full_observed,All-source observed,-0.18144307849915853,-16.79058099629192,102.17286833796031,0.2977535364032067,59923,119870,139.2249882,36.7692259,0.142465911,-0.054717906129485516,0.04133078405912598,5,9,5_9
1102091,GNM002,K-NET,138.9695,36.7821,256,-0.1340422218136764,full_observed,All-source observed,-0.30864362177997257,-39.80906505692648,103.30072313796003,0.35429380669327026,49594,105872,138.9731585,36.78326331,0.094394932,-0.18191844941029955,-0.0067401949408740225,4,9,4_9
1102101,GNM003,K-NET,139.0786,36.6581,329,0.0157049115029215,full_observed,All-source observed,0.03616189511341777,-29.964625186229227,89.58954713795978,0.3209789478803184,53638,111358,139.0750796,36.65851656,-0.081362748,0.16288706748309079,-0.18249787494087402,4,9,4_9
1102111,GNM004,K-NET,138.5921,36.6171,134,-0.0289821551809271,full_observed,All-source observed,-0.06673387848244289,-73.86306695611916,85.05601313796014,0.38633033941749173,34441,84354,138.5922394,36.61360799,-0.085840978,0.059991293887230124,-0.18697610494087402,3,8,3_8
1102121,GNM005,K-NET,138.5176,36.5134,75,-0.0586277923748933,full_observed,All-source observed,-0.1349954807575793,-80.58543882016185,73.58948933795975,0.26305936133968066,31449,79843,138.5148213,36.51268023,-0.045753036,-0.008270308387906294,-0.14688816294087403,3,8,3_8
1102131,GNM006,K-NET,138.7527,36.5105,243,-0.2100874418380485,full_observed,All-source observed,-0.48374421180154414,-59.37161834718811,73.2688247379601,0.4187880868118914,40585,93342,138.7565976,36.50844376,0.083916205,-0.35701903943187113,-0.01721892194087403,3,8,3_8
1102141,GNM007,K-NET,139.0101,36.4619,149,-0.0100179111728949,full_observed,All-source observed,-0.023067092929646295,-36.145597973973175,67.89492833796007,0.38034024620269974,50664,107336,139.0084738,36.45872661,0.21844331,0.10365807944002672,0.11730818305912598,4,8,4_8
1102142,GNM007,K-NET,139.0093,36.4637,78,-0.0915150752373156,full_observed,All-source observed,-0.21072124802567144,-36.2177845174795,68.09396153796038,0.45835252226156215,50665,107337,139.0082428,36.46775444,0.205756127,-0.08399607565599843,0.10462100005912599,4,8,4_8
1102151,GNM008,K-NET,139.1368,36.3479,231,-0.0829435837938658,full_observed,All-source observed,-0.19098465960325792,-24.71305414613153,55.28949233796037,0.5009180072006879,55818,114324,139.1362413,36.35240716,0.269046749,-0.0642594872335849,0.16791162205912596,4,7,4_7
1102161,GNM009,K-NET,139.3253,36.4105,371,0.1016202474507598,full_observed,All-source observed,0.23398926692648572,-7.704099832412417,62.21142473795995,0.2737085492798723,63573,124830,139.3226055,36.40936313,0.330710726,0.36071443929615876,0.229575599059126,5,8,5_8
1102171,GNM010,K-NET,139.5335,36.2343,310,0.026442430554139,full_observed,All-source observed,0.060885946416490755,11.082448115154243,42.72828593795979,0.35937705246369694,72040,136310,139.5315561,36.23146331,0.217506808,0.18761111878616377,0.11637168105912597,5,7,5_7
1102181,GNM011,K-NET,139.3607,36.2913,285,0.0482109374825614,full_observed,All-source observed,0.11100978596661377,-4.509845282248972,49.03100393796003,0.13012826818233003,65036,126817,139.360816,36.29247303,0.402070836,0.23773495833628677,0.300935709059126,5,7,5_7
1102192,GNM012,K-NET,139.1955,36.3118,32,0.0691739556536655,full_observed,All-source observed,0.1592789191115614,-19.41636651634077,51.297770937959854,0.5534040383494436,58396,117819,139.1997869,36.30822086,0.451655643,0.2860040914812344,0.350520516059126,4,7,4_7
1102201,GNM013,K-NET,139.0174,36.3181,161,0.0375081012784859,full_observed,All-source observed,0.08636559487035256,-35.48689576447502,51.99438713796019,0.5245823601712736,51017,107820,139.02108,36.31442727,0.275583902,0.21309076724002557,0.17444877505912598,4,7,4_7
1102211,GNM014,K-NET,138.7179,36.35,84,0.0791120925651736,full_observed,All-source observed,0.1821623250161338,-62.511732989722454,55.521697737960224,0.47900365607427575,38832,90825,138.7163747,36.3541493,0.042549567,0.3088874973858068,-0.05858555994087402,3,7,3_7
1102212,GNM014,K-NET,138.7211,36.3467,62,0.1260139153837784,full_observed,All-source observed,0.29015776307250124,-62.22298681569456,55.156803537959895,0.4318397620905207,39177,91324,138.7255646,36.34529332,0.071925462,0.41688293544217425,-0.029209664940874028,3,7,3_7
1102221,GNM015,K-NET,138.7578,36.2286,114,-0.2357725932469833,full_observed,All-source observed,-0.5428864585470524,-58.9114291323343,42.09801413796008,0.18948196758345445,40205,92811,138.7557077,36.2284542,-0.10952543,-0.4161612861773794,-0.21066055694087402,3,7,3_7
1102231,GNM016,K-NET,138.925,36.1164,255,-0.1620369895041273,full_observed,All-source observed,-0.37310395654583617,-43.82444153947539,29.691611337959923,0.3784451543209324,46956,102298,138.9281612,36.11415075,-0.143541599,-0.24637878417616316,-0.24467672594087403,4,7,4_7
1104571,IBR001,K-NET,140.3582,36.7763,516,0.1587376096517175,full_observed,All-source observed,0.36550685368155245,85.4977511524164,102.65939393795996,0.511597651926728,106091,182870,140.3565628,36.78072965,0.075470974,0.49223202605122546,-0.025664152940874027,8,9,8_9
1104581,IBR002,K-NET,140.7073,36.7126,508,-0.0571158359275228,full_observed,All-source observed,-0.13151407238060775,116.998154075064,95.61583013796027,0.30462849005314724,118079,202362,140.7071841,36.70984665,0.00462074,-0.004788900010934738,-0.09651438694087403,9,9,9_9
1104591,IBR003,K-NET,140.6453,36.5914,514,0.0134282061287289,full_observed,All-source observed,0.030919587257662452,111.40369695330929,82.21426133796008,0.10058045397001845,116092,198849,140.6448982,36.59224847,0.001501279,0.15764475962733546,-0.09963384794087403,9,8,9_8
1104601,IBR004,K-NET,140.4094,36.5273,111,0.0689377145854774,full_observed,All-source observed,0.15873495394959847,90.1176899368318,75.1264679379597,0.2834750757761965,108067,185842,140.4123856,36.52809778,-0.005620795,0.2854601263192715,-0.10675592194087402,8,8,8_8
1104602,IBR004,K-NET,140.4102,36.5516,378,0.0201526941366179,full_observed,All-source observed,0.04640329310264489,90.18987648033811,77.81341613796012,0.43592891396495875,108070,185845,140.4121805,36.55519592,0.005431197,0.17312846547231792,-0.09570392994087402,8,8,8_8
1104611,IBR005,K-NET,140.2373,36.3851,546,0.2236053290844078,full_observed,All-source observed,0.5148702974637854,74.58855976499629,59.40284513796021,0.3637363894136205,101150,175826,140.2347372,36.38256086,-0.165655847,0.6415954698334585,-0.26679097394087403,7,8,7_8
1104621,IBR006,K-NET,140.4528,36.369,401,-0.0500712592238936,full_observed,All-source observed,-0.11529333507637803,94.03380992205854,57.62260373796004,0.4815838288735286,109353,187824,140.4493509,36.36567635,-0.053351891,0.011431837293294986,-0.15448701794087402,8,8,8_8
1104622,IBR006,K-NET,140.4543,36.3665,72,-0.0286616938449145,full_observed,All-source observed,-0.06599598898725934,94.16915969113258,57.34616873796029,0.3699382196102912,109675,188324,140.458286,36.3657172,-0.050556552,0.060729183382413676,-0.15169167894087401,8,8,8_8
1104631,IBR007,K-NET,140.5954,36.3526,481,-0.0755128886203145,full_observed,All-source observed,-0.17387485166605587,106.9010613020933,55.809190137960336,0.5579902347520999,114311,195822,140.592409,36.34818324,-0.021530471,-0.04714967929638286,-0.12266559794087402,8,7,8_7
1104641,IBR008,K-NET,139.9826,36.3061,393,0.0299186170603344,full_observed,All-source observed,0.06889016164612333,51.606168976113615,50.66749913796014,0.3653513047265147,90867,161818,139.9854596,36.30843919,-0.007648229,0.19561533401579634,-0.10878335594087403,7,7,7_7
1104651,IBR009,K-NET,139.7037,36.185,359,0.1902711755171093,full_observed,All-source observed,0.43811557237214954,26.440135246161248,37.27698773796032,0.40218075968794936,79046,145805,139.7017392,36.18826634,0.518515562,0.5648407447418226,0.41738043505912603,6,7,6_7
1104661,IBR010,K-NET,139.9652,36.1844,473,0.0063526729395402,full_observed,All-source observed,0.014627570011251931,50.03611165484901,37.21064333795968,0.4637015962890854,90115,160804,139.9692664,36.18183589,0.286114249,0.14135274238092493,0.18497912205912598,7,7,7_7
1104671,IBR011,K-NET,140.0901,36.1256,451,0.1042074985934683,full_observed,All-source observed,0.23994663283951811,61.30623575980077,30.70889213795991,0.5112720884769402,94906,167298,140.0857695,36.12858182,0.005803394,0.3666718052091911,-0.09533173294087402,7,7,7_7
1104681,IBR012,K-NET,140.2869,36.1901,367,0.1585395676639381,full_observed,All-source observed,0.3650508451527047,79.06412546239902,37.84091513796018,0.44707065441488025,103264,178805,140.290078,36.19320188,-0.167177133,0.4917760175223777,-0.26831225994087404,8,7,8_7
1104682,IBR012,K-NET,140.2713,36.1954,118,0.1300510685580846,full_observed,All-source observed,0.2994536517897923,77.65648786402174,38.42695733795999,0.26885433519427804,102558,177805,140.2722476,36.1930948,-0.183828806,0.4261788241594653,-0.284963932940874,8,7,8_7
1104691,IBR013,K-NET,140.4892,36.1587,437,0.0645324348999756,full_observed,All-source observed,0.1485914226152925,97.31829765160553,34.368891537960415,0.257418928200295,110608,189801,140.4864533,36.15807095,-0.03846192,0.2753165949849655,-0.13959704694087402,8,7,8_7
1104701,IBR014,K-NET,140.1948,36.0729,442,-0.0323494369486854,full_observed,All-source observed,-0.0744873312847938,70.75364964121192,24.88164233795974,0.28717936431553864,99308,173292,140.1932151,36.07515223,-0.036675635,0.05223784108487921,-0.13781076194087402,7,7,7_7
1104711,IBR015,K-NET,139.9082,36.0698,247,0.1366052035372989,full_observed,All-source observed,0.31454510529040197,44.89282043000952,24.538862937960147,0.342745226345232,87520,157292,139.9083771,36.07289632,0.220005498,0.441270277660075,0.11887037105912597,6,6,6_6
1104721,IBR016,K-NET,140.0494,35.9114,388,-0.0279896932545772,full_observed,All-source observed,-0.06444865044546545,57.63374535890629,7.023941337960112,0.3015026529696229,93406,165274,140.0527382,35.91151879,0.368968163,0.06227652192420756,0.267833036059126,7,6,7_6
1104731,IBR017,K-NET,140.3196,35.9538,463,-0.0261448528426988,full_observed,All-source observed,-0.06020074841412126,82.01475042822764,11.712278937960185,0.4837490981695911,104285,180278,140.3189297,35.94945944,0.162415695,0.06652442395555175,0.061280568059125975,8,6,8_6
1104741,IBR018,K-NET,140.6306,35.9766,397,0.0085724352190727,full_observed,All-source observed,0.01973876154609395,110.07726921637695,14.233366137959809,0.15981426815772248,115446,197781,140.6298874,35.97792317,0.017099028,0.14646393391576695,-0.08403609894087402,9,6,9_6
1104751,IBR019,K-NET,140.6544,36.8808,172,-0.0186794355393383,full_observed,All-source observed,-0.043010989818423565,112.22481888569733,114.21437693796014,0.17582514697131701,116410,199381,140.6525595,36.88132218,0.008905615,0.08371418255124945,-0.09222951194087402,9,9,9_9
1105941,KNG001,K-NET,139.7061,35.5291,229,-0.0647344818682254,full_observed,All-source observed,-0.14905665295246917,26.656694876680234,-35.24849886203997,0.22668714940688753,78604,145232,139.7036078,35.52884159,0.193479606,-0.02233148058279616,0.09234447905912598,6,5,6_5
1105951,KNG002,K-NET,139.6334,35.4372,248,-0.0003628365975292,full_observed,All-source observed,-0.0008354621406634162,20.096742735527414,-45.41024946204025,0.10975723909130285,75642,141222,139.6344218,35.43773852,0.286018024,0.1258897102290096,0.18488289705912597,6,4,6_4
1105961,KNG003,K-NET,139.6582,35.2731,136,-0.0506641397723238,full_observed,All-source observed,-0.11665849298911954,22.33452558422878,-63.555442862039996,0.39656169525283996,76362,142204,139.65478,35.27535239,0.43001021,0.010066679380553473,0.328875083059126,6,4,6_4
1105971,KNG004,K-NET,139.6223,35.1442,226,-0.0772415736592602,full_observed,All-source observed,-0.1778552960672141,19.09515444437484,-77.80843146204016,0.4787465601364192,74872,140190,139.6216728,35.14849929,0.423254989,-0.05113012369754108,0.322119862059126,6,3,6_3
1105981,KNG005,K-NET,139.549,35.3194,90,-0.0214883659897419,full_observed,All-source observed,-0.04947879120077994,12.481062395592916,-58.43586666203975,0.0699739628851276,71939,136209,139.5482361,35.31929105,0.322409305,0.07724638116889307,0.22127417805912597,5,4,5_4
1105982,KNG005,K-NET,139.5461,35.3191,127,-0.0366307764487558,full_observed,All-source observed,-0.08434547979570248,12.219386175380865,-58.469038862040065,0.19390130203206826,71939,136209,139.5482361,35.31929105,0.322409305,0.042379692573970534,0.22127417805912597,5,4,5_4
1105991,KNG006,K-NET,139.5391,35.4541,152,-0.0151037933431276,full_observed,All-source observed,-0.03477776939954832,11.587753919698555,-43.54154886204029,0.20163701534246484,71585,135724,139.5369752,35.45466464,0.307680702,0.09194740297012469,0.20654557505912596,5,4,5_4
1106001,KNG007,K-NET,139.4901,35.3385,54,0.068892384090547,full_observed,All-source observed,0.15863057662771368,7.166328129927498,-56.323903262039565,0.4109136827019674,69358,132711,139.4861878,35.33659794,0.30287322,0.2853557489973867,0.201738093059126,5,4,5_4
1106011,KNG008,K-NET,139.3262,35.5749,108,-0.1664140053792575,full_observed,All-source observed,-0.3831824080517093,-7.622889970967474,-30.184209662039986,0.510960608055629,62743,123738,139.3224214,35.57834173,-0.030162532,-0.25645723568203627,-0.13129765894087403,5,5,5_5
1106021,KNG009,K-NET,139.3621,35.4425,162,-0.0432084761011115,full_observed,All-source observed,-0.09949119296140882,-4.383518831113536,-44.82420726203965,0.1691731440179386,64204,125723,139.3605523,35.44336349,0.21148459,0.02723397940826419,0.11034946305912598,5,4,5_4
1106031,KNG010,K-NET,139.3504,35.3355,152,0.0924437340941149,full_observed,All-source observed,0.2128595640658144,-5.439247029895217,-56.65562526203958,0.3258547665769758,63823,125211,139.3539275,35.33486901,0.305424015,0.3395847364354874,0.20428888805912598,5,4,5_4
1106032,KNG010,K-NET,139.3446,35.3339,31,0.0883648409985948,full_observed,All-source observed,0.2034675656281535,-5.962599470316752,-56.83254366203995,0.10453508730188259,63454,124711,139.3451106,35.33474861,0.292784217,0.3301927379978265,0.191649090059126,5,4,5_4
1106041,KNG011,K-NET,139.1554,35.6151,125,-0.0338916092988352,full_observed,All-source observed,-0.07803831434907632,-23.034717009606148,-25.739134862040135,0.3796841452952173,55736,114242,139.1535767,35.61200535,0.109532709,0.04868685802059669,0.008397582059125983,4,5,4_5
1106051,KNG012,K-NET,139.2044,35.3793,156,-0.0818489588891736,full_observed,All-source observed,-0.18846419261529362,-18.613291219832526,-51.812484062039864,0.19827122180636736,57555,116716,139.2030466,35.37788739,0.076886017,-0.06173902024562061,-0.024249109940874022,4,4,4_4
1106061,KNG013,K-NET,139.1521,35.2642,149,0.2380847659110964,full_observed,All-source observed,0.5482104328558676,-23.33248650157008,-64.53955146203967,0.5021390055524945,55328,113703,139.1527944,35.25969429,0.079603053,0.6749356052255406,-0.02153207394087403,4,4,4_4
1106071,KNG014,K-NET,139.0828,35.3609,123,-0.0529007782806079,full_observed,All-source observed,-0.12180854347671094,-29.58564583282035,-53.84704566203984,0.415291657561416,52387,109714,139.0799869,35.35792745,0.026623497,0.004916628892962072,-0.07451162994087403,4,4,4_4
1107301,NGN001,K-NET,138.3657,36.8513,62,-0.2528590766050593,full_observed,All-source observed,-0.5822295404190491,-94.29185876845673,110.95244393796028,0.3365378969854129,26663,72381,138.3690115,36.85270023,0.184322043,-0.45550436804937605,0.08318691605912597,2,9,2_9
1107311,NGN002,K-NET,138.2069,36.8068,66,-0.0901293539115061,full_observed,All-source observed,-0.20753050675781856,-108.6208876544979,106.03190093796036,0.37176410330050796,21107,63376,138.2089834,36.80389941,0.218589317,-0.08080533438814555,0.11745419005912598,2,9,2_9
1107321,NGN003,K-NET,138.4137,36.74,61,-0.4874130358694846,full_observed,All-source observed,-1.1223099905240475,-89.96066615806669,98.64555773796029,0.5492273422130237,28238,74868,138.4178674,36.73637973,0.297251435,-0.9955848181543745,0.196116308059126,2,9,2_9
1107331,NGN004,K-NET,138.1941,36.6475,55,-0.0803405330673067,full_observed,All-source observed,-0.18499091380397562,-109.77587235060174,88.41746273796015,0.3665545421081599,20489,62359,138.1966176,36.65010163,-0.049081694,-0.058265741434302604,-0.15021682094087402,2,9,2_9
1107341,NGN005,K-NET,137.863,36.6987,48,-0.281804998871869,full_observed,All-source observed,-0.6488799895335695,-139.65207804435306,94.07885153796032,0.30390478545958893,10027,43865,137.8630581,36.69595198,-0.015663884,-0.5221548171638966,-0.11679901094087403,1,9,1_9
1107351,NGN006,K-NET,137.8514,36.5084,51,-0.1053565944680619,full_observed,All-source observed,-0.24259252387077831,-140.69878292519613,73.03661933796026,0.2888576867370162,9490,42844,137.8528487,36.50607046,-0.050011469,-0.1158673515011053,-0.15114659594087404,1,8,1_8
1107361,NGN007,K-NET,138.1188,36.5344,65,-0.3061930279504826,full_observed,All-source observed,-0.7050355017374904,-116.57043075815078,75.91154333795984,0.41267991749862765,17812,57846,138.1203678,36.53089398,-0.254125191,-0.5783103293678173,-0.355260317940874,1,8,1_8
1107371,NGN008,K-NET,138.2491,36.4022,68,0.1214841350182706,full_observed,All-source observed,0.27972755832834584,-104.81304748452936,61.29366053796012,0.42366310888953546,21969,64831,138.2503684,36.39851097,-0.110043804,0.40645273069801885,-0.21117893094087403,2,8,2_8
1107381,NGN009,K-NET,137.8718,36.3371,49,0.0979640323126582,full_observed,All-source observed,0.22557052045271378,-138.85802606578085,54.09529313796001,0.3698155636722567,9728,43325,137.8686818,36.33492956,-0.042044976,0.3522956928223868,-0.14318010294087402,1,7,1_7
1107391,NGN010,K-NET,138.4349,36.3282,76,0.1489307047934949,full_observed,All-source observed,0.34292562074659827,-88.04772275514507,53.11118453796034,0.39611617391636184,28193,74823,138.431341,36.33029723,0.53036202,0.4696507931162713,0.429226893059126,2,7,2_7
1107401,NGN011,K-NET,138.2584,36.2718,45,-0.0777853290190082,full_observed,All-source observed,-0.17910733905280546,-103.97387891626667,46.87481093795994,0.3269579675038293,21955,64817,138.2548078,36.27218768,0.019880885,-0.05238216668313245,-0.08125424194087402,2,7,2_7
1107411,NGN012,K-NET,137.9796,36.2571,65,0.0569025085440161,full_observed,All-source observed,0.1310228679274178,-129.13088932828043,45.2493731379602,0.09490884502780764,12930,49316,137.978848,36.25649988,-0.04571348,0.2577480402970908,-0.14684860694087404,1,7,1_7
1107421,NGN013,K-NET,137.785,36.1827,52,-0.1410276252339306,full_observed,All-source observed,-0.3247281075639995,-146.69026603623692,37.02266753795973,0.39049142756435395,7211,38308,137.7857941,36.17922847,-0.01347164,-0.1980029351943265,-0.11460676694087402,0,7,0_7
1107432,NGN014,K-NET,138.4839,36.0956,160,-0.1786796761997387,full_observed,All-source observed,-0.4114251588385214,-83.62629696537147,27.391672137959784,0.11678630804669572,29775,77297,138.4834844,36.09660025,-0.085503166,-0.28469998646884837,-0.18663829294087403,2,7,2_7
1107441,NGN015,K-NET,138.1114,36.0451,161,0.2805197219881867,full_observed,All-source observed,0.6459205301408327,-117.23815628558496,21.807685137959833,0.2266352713014509,16885,56292,138.1115644,36.04305477,0.017973548,0.7726457025105058,-0.08316157894087403,1,6,1_6
1107451,NGN016,K-NET,138.2421,35.9151,55,0.0438096452866204,full_observed,All-source observed,0.100875436166329,-105.44467974021167,7.433065137960337,0.5089367087087485,21008,63277,138.2407188,35.91063746,0.051943207,0.227600608536002,-0.049191919940874025,2,6,2_6
1107452,NGN016,K-NET,138.2229,35.9133,99,0.1620820103282243,full_observed,All-source observed,0.3732076208242763,-107.17715678436616,7.234031937960015,0.33974238033570275,20407,62277,138.2229715,35.91022802,0.033781605,0.4999327931939493,-0.06735352194087402,2,6,2_6
1107461,NGN017,K-NET,137.8259,35.9749,81,-0.0938427038742078,full_observed,All-source observed,-0.2160808110270055,-142.99972899946778,14.045390337959855,0.42225917078417036,8169,40285,137.8297423,35.97272011,-0.013380679,-0.08935563865733248,-0.11451580594087402,1,6,1_6
1107471,NGN018,K-NET,137.5298,35.8129,92,-0.1148092616164482,full_observed,All-source observed,-0.26435809433568713,-169.7177734148101,-3.8675976620400383,0.4282025139184018,438,22768,137.5258096,35.81080409,-0.006863573,-0.13763292196601412,-0.10799869994087402,0,6,0_6
1107481,NGN019,K-NET,137.708,35.8561,82,-0.1244752086682068,full_observed,All-source observed,-0.28661475992673624,-153.63822084873723,0.9091991379598282,0.4878469941978422,4835,33272,137.7103317,35.85211945,-0.012514251,-0.15988958755706323,-0.11364937794087403,0,6,0_6
1107491,NGN020,K-NET,137.9548,35.8278,52,-0.1096366838685804,full_observed,All-source observed,-0.252447793921094,-131.3686721769818,-2.220045062039557,0.5412329415225802,11517,46769,137.9507042,35.83137594,-0.053185258,-0.125722621551421,-0.15432038494087402,1,6,1_6
1107501,NGN021,K-NET,137.9336,35.7293,48,-0.0795764604577953,full_observed,All-source observed,-0.1832315716033496,-133.28161557990342,-13.111584062039707,0.39084327661525015,10971,45758,137.936792,35.73168933,-0.069658579,-0.05650639923367659,-0.170793705940874,1,5,1_5
1107511,NGN022,K-NET,137.6126,35.6053,73,-0.0806876660472908,full_observed,All-source observed,-0.1857902170289736,-162.24646616188826,-26.822760062039965,0.15985648191061622,2211,27245,137.6143169,35.60565645,-0.009253597,-0.0590650446593006,-0.11038872394087403,0,5,0_5
1107521,NGN023,K-NET,138.0338,35.5775,83,-0.1734531550053014,full_observed,All-source observed,-0.3993906490479926,-124.24025100571438,-29.89671726203987,0.4199004912492403,13692,50741,138.030999,35.58053251,-0.093373844,-0.2726654766783196,-0.19450897094087402,1,5,1_5
1107531,NGN024,K-NET,137.8382,35.5232,97,-0.0325527978666613,full_observed,All-source observed,-0.07495558710302269,-141.88986089305442,-35.900885462039625,0.19924178713024987,7871,39735,137.8387674,35.52145862,-0.025031572,0.05176958526665032,-0.126166698940874,1,5,1_5
1107541,NGN025,K-NET,137.8567,35.2807,61,-0.0841948360490917,full_observed,All-source observed,-0.19386577439371624,-140.22054707446765,-62.715080462039595,0.2876520654830496,8092,40208,137.8570717,35.2781163,-0.005967819,-0.06714060202404323,-0.10710294594087402,1,4,1_4
1107951,NIG018,K-NET,138.5583,37.3727,75,0.1962671111556241,full_observed,All-source observed,0.45192172439194545,-76.91294841926737,168.60572753796026,0.15642417429156757,34191,83938,138.5591642,37.37147366,0.001885981,0.5786468967616185,-0.09924914594087403,3,11,3_11
1107961,NIG019,K-NET,138.7898,37.3057,48,0.1308399871189765,full_observed,All-source observed,0.3012702039076882,-56.02396739207339,161.19726953796024,0.30501293974005206,42783,96430,138.7874396,37.30372545,0.00277445,0.42799537627736123,-0.09836067694087403,3,11,3_11
1107962,NIG019,K-NET,138.8121,37.3043,69,0.0265772520515091,full_observed,All-source observed,0.061196384386550284,-54.011767491832195,161.0424659379598,0.2217045867446042,43848,97930,138.8145555,37.30422952,0.002982451,0.1879215567562233,-0.09815267594087403,3,11,3_11
1107971,NIG020,K-NET,138.9621,37.2348,91,-0.0263262698077103,full_observed,All-source observed,-0.060618476413372965,-40.476790584363236,153.35757293796004,0.08985431892821404,49644,105922,138.9611341,37.23460236,0.006953505,0.06610669595630005,-0.09418162194087402,4,11,4_11
1107981,NIG021,K-NET,138.7468,37.1281,66,-0.0958218669582722,full_observed,All-source observed,-0.22063800244097628,-59.90399410554826,141.55932713796045,0.3676245745425104,41004,93911,138.747355,37.1313937,0.005591548,-0.09391283007130327,-0.09554357894087402,3,10,3_10
1107982,NIG021,K-NET,138.7783,37.2011,25,-0.0642727603077244,full_observed,All-source observed,-0.14799349977014561,-57.06164895498041,149.6312291379597,0.44442078139791924,42418,95919,138.7813158,37.20427765,0.004543,-0.021268327400472603,-0.09659212694087402,3,10,3_10
1107991,NIG022,K-NET,138.8461,37.0366,159,-0.1902500143277657,full_observed,All-source observed,-0.43806684693301695,-50.943839392804186,131.44180613796007,0.4151940691649832,44891,99400,138.8493628,37.03395238,0.02268375,-0.31134167456334394,-0.07845137694087402,3,10,3_10
1108001,NIG023,K-NET,138.6546,37.0134,84,-0.2132376203133167,full_observed,All-source observed,-0.49099776579896737,-68.22349324467396,128.87648933795975,0.2893742491246292,37189,88398,138.6517863,37.01214433,-0.003272399,-0.36427259342929436,-0.10440752594087402,3,10,3_10
1108011,NIG024,K-NET,138.4442,37.1274,68,0.3192939759953451,full_observed,All-source observed,0.7352015494096803,-87.2085541868824,141.48192533796023,0.39390202971030003,29566,76911,138.4407972,37.12516853,0.009733356,0.8619267217793534,-0.09140177094087402,2,10,2_10
1108021,NIG025,K-NET,138.2234,37.161,81,0.2289303995667298,full_observed,All-source observed,0.5271317253755227,-107.13204019467568,145.1972117379602,0.49005350069202724,22054,64916,138.2228132,37.16540596,0.013810104,0.6538568977451957,-0.08732502294087402,2,10,2_10
1108031,NIG026,K-NET,138.2506,37.0224,54,0.1673580477614853,full_observed,All-source observed,0.38535614596818163,-104.67769771545532,129.8716553379598,0.4122111551695537,22953,66400,138.2550838,37.02168635,0.049978579,0.5120813183378546,-0.05115654794087402,2,10,2_10
1108041,NIG027,K-NET,137.8613,37.0235,61,0.0650937659964964,full_observed,All-source observed,0.14988393523037533,-139.80547444930434,129.9932867379599,0.3704517219985078,10323,44401,137.8587449,37.02087765,0.010080603,0.2766091076000483,-0.09105452394087402,1,10,1_10
1108851,SIT001,K-NET,139.1938,36.2431,231,-0.1064008196372954,full_observed,All-source observed,-0.24499694117918455,-19.569762921292043,43.701337137959875,0.238052154460192,58020,117312,139.1923206,36.24488253,0.418444859,-0.11827176880951154,0.317309732059126,4,7,4_7
1108861,SIT002,K-NET,139.3888,36.1478,260,0.0256355561243391,full_observed,All-source observed,0.05902804938251543,-1.9742929415836759,33.163634937959685,0.169427496146573,66127,128301,139.3905499,36.14835555,0.847998978,0.18575322175218845,0.746863851059126,5,7,5_7
1108871,SIT003,K-NET,139.6969,36.0721,407,0.0528603194457117,full_observed,All-source observed,0.12171538356659904,25.826549626356154,24.793183137959947,0.2425227912516354,78664,145292,139.6947719,36.07076032,0.546180602,0.24844055593627207,0.44504547505912595,6,6,6_6
1108881,SIT004,K-NET,139.1044,36.1178,328,-0.1183399954600789,full_observed,All-source observed,-0.27248790945136075,-27.63660915814431,29.846414937960347,0.1796988169466496,54316,112298,139.1061964,36.11709849,0.013712295,-0.14576273708168774,-0.08742283194087402,4,7,4_7
1108891,SIT005,K-NET,139.2626,36.0563,221,-0.0854044401302603,full_observed,All-source observed,-0.19665099071943984,-13.361720179734826,23.04611393796009,0.3304211131718475,60582,120791,139.2589407,36.05618832,0.500721266,-0.06992581834976683,0.399586139059126,5,6,5_6
1108901,SIT006,K-NET,139.0713,35.9959,288,0.0461623780750835,full_observed,All-source observed,0.10629280361284245,-30.623327395724807,16.36744433795994,0.4090067060133823,52827,110285,139.0734514,35.99915575,0.217521102,0.23301797598251545,0.11638597505912597,4,6,4_6
1108911,SIT007,K-NET,139.3933,36.0542,306,-0.0836768073960547,full_observed,All-source observed,-0.19267296933948946,-1.5682436343589663,22.813908537960238,0.43382819065803746,66117,128291,139.3923912,36.05805269,0.95523278,-0.06594779696981645,0.854097653059126,5,6,5_6
1108921,SIT008,K-NET,139.7526,35.9745,185,0.0335662866894626,full_observed,All-source observed,0.07728923135832104,30.852537717996253,14.001160737959957,0.3796907705431882,80867,148281,139.7497417,35.97197997,0.77062824,0.20401440372799406,0.669493113059126,6,6,6_6
1108922,SIT008,K-NET,139.7456,35.9829,128,0.0227419592588316,full_observed,All-source observed,0.05236529637486356,30.220905462313944,14.92998233796015,0.4169114110677693,80868,148282,139.7495993,35.98101187,0.771349297,0.17909046874453657,0.670214170059126,6,6,6_6
1108931,SIT009,K-NET,139.4837,35.9032,76,-0.0638383923590655,full_observed,All-source observed,-0.1469933306066892,6.588835781874292,6.1172345379598685,0.28050588963697703,69790,133274,139.4843042,35.90568844,0.440906717,-0.020268158237016193,0.339771590059126,5,6,5_6
1108932,SIT009,K-NET,139.4826,35.9033,178,-0.1244356466715893,full_observed,All-source observed,-0.2865236650630757,6.489579284552127,6.128291937960236,0.3056065169119612,69790,133274,139.4843042,35.90568844,0.440906717,-0.15979849269340268,0.339771590059126,5,6,5_6
1108941,SIT010,K-NET,139.6478,35.9071,374,-0.0926126991030078,full_observed,All-source observed,-0.2132486203765288,21.396100518643923,6.548473137960042,0.3331422724489115,76432,142274,139.6441592,35.90760009,0.692256749,-0.0865234480068558,0.591121622059126,6,6,6_6
1108951,SIT011,K-NET,139.7214,35.8098,259,-0.0435846770720947,full_observed,All-source observed,-0.10035742770916464,28.037262521241686,-4.210377062039632,0.3936679044770255,79742,146763,139.7256835,35.80912435,0.734004214,0.02636774466050837,0.632869087059126,6,6,6_6
1108961,SIT012,K-NET,139.3216,35.8403,156,-0.3117880781366331,full_observed,All-source observed,-0.7179185808906742,-8.037962596130797,-0.8378700620400285,0.3786436312900837,63141,124267,139.3257958,35.84035176,0.062278985,-0.5911934085210011,-0.03885614194087402,5,6,5_6
1108971,SIT013,K-NET,139.4659,35.7966,157,-0.0948590343956675,full_observed,All-source observed,-0.21842099853527344,4.982685188855241,-5.669953862040159,0.2521768313860378,69040,132262,139.4686292,35.79709095,0.240176637,-0.09169582616560043,0.13904151005912596,5,6,5_6
1108981,SIT014,K-NET,138.801,35.9954,198,-0.2573329783680325,full_observed,All-source observed,-0.5925310799259909,-55.01335578298477,16.31215733795968,0.2981463740704143,41579,94785,138.7979254,35.99441248,-0.683970451,-0.46580590755631784,-0.785105577940874,3,6,3_6
1109191,SZO001,K-NET,139.0798,35.1425,152,-0.2765185217192353,full_observed,All-source observed,-0.6367074260474616,-29.85634537096845,-77.99640726204012,0.3536103322632171,51994,109190,139.0762969,35.14106653,0.042878474,-0.5099822536777885,-0.058256652940874024,4,3,4_3
1109201,SZO002,K-NET,139.103,34.9653,103,0.0885143306963822,full_observed,All-source observed,0.20381177837783496,-27.762935609279747,-97.59012006204003,0.6005101157223564,53081,110670,139.106855,34.96087307,0.052769853,0.330536950747508,-0.048365273940874025,4,3,4_3
1109211,SZO003,K-NET,139.0544,34.8158,244,0.0051702776634428,full_observed,All-source observed,0.011905004274483478,-32.148268127301485,-114.12093306203961,0.2906791765543942,50851,107654,139.0576072,34.81555325,0.048855154,0.1386301766441565,-0.052279972940874025,4,2,4_2
1109221,SZO004,K-NET,138.8193,34.6471,70,-0.1468035717819377,full_observed,All-source observed,-0.3380277159833711,-53.36208860027266,-132.77476686203974,0.3094003874367945,40729,93636,138.816636,34.64886168,0.008396231,-0.2113025436136981,-0.09273889594087402,3,2,3_2
1109231,SZO005,K-NET,138.7841,34.755,121,-0.0080421117355812,full_observed,All-source observed,-0.018517646598541743,-56.53829651455889,-120.84383226203965,0.36437467694555253,39694,92148,138.7875296,34.75673962,0.00785726,0.10820752577113127,-0.09327786694087402,3,2,3_2
1109241,SZO006,K-NET,138.7948,34.9111,51,-0.2008409293622065,full_observed,All-source observed,-0.46245333001248684,-55.57280149515819,-103.5832308620402,0.24849932003540473,40059,92665,138.7921862,34.91039216,0.007636884,-0.33572815764281383,-0.09349824294087403,3,2,3_2
1109251,SZO007,K-NET,138.9468,34.9771,81,-0.1480060582634409,full_observed,All-source observed,-0.34079654343020727,-41.85735822892469,-96.28534686203993,0.16989293043237114,46467,101672,138.9484547,34.97636693,0.020339737,-0.21407137106053425,-0.08079538994087403,4,3,4_3
1109261,SZO008,K-NET,138.8657,35.096,99,0.0014290343074654,full_observed,All-source observed,0.0032904730937469,-49.175269076895255,-83.13809826204032,0.4048963987344443,43247,97185,138.8664201,35.09238569,0.008799732,0.1300156454634199,-0.09233539494087402,4,3,4_3
1109271,SZO009,K-NET,138.9129,35.1972,70,0.0756222890516184,full_observed,All-source observed,0.17412675546834336,-44.91626301001152,-71.94800946203968,0.5845929218340435,45407,100197,138.9163901,35.20165418,0.008414886,0.3008519278380164,-0.09272024094087403,4,3,4_3
1109281,SZO010,K-NET,138.9349,35.3091,114,0.2508513919238482,full_observed,All-source observed,0.5776066756006598,-42.931133063583594,-59.57477886203984,0.3563219018884549,46142,101209,138.9312384,35.31030667,-0.002520075,0.7043318479703329,-0.10365520194087402,4,4,4_4
1109282,SZO010,K-NET,138.9063,35.3134,25,0.2307801377847316,full_observed,All-source observed,0.531390905022235,-45.511801993941944,-59.09931066203978,0.41501253707856284,45059,99709,138.9048022,35.30985134,-0.008446108,0.6581160773919079,-0.10958123494087402,4,4,4_4
1109291,SZO011,K-NET,138.6221,35.2216,46,-0.0036064095771144,full_observed,All-source observed,-0.00830406493149458,-71.15607157462536,-69.25000386203969,0.3446147234757974,33953,83700,138.625227,35.22338932,-0.004684588,0.11842110743817844,-0.10581971494087403,3,4,3_4
1109292,SZO011,K-NET,138.6015,35.2129,135,0.0742405889521756,full_observed,All-source observed,0.170945273416378,-73.01487506991785,-70.21199766204019,0.24103123238527221,32953,82199,138.5990905,35.21384098,-0.003343688,0.297670445786051,-0.10447881494087402,3,4,3_4
1109301,SZO012,K-NET,138.6222,35.1257,105,0.0446582627739768,full_observed,All-source observed,0.10282945014236991,-71.14704825668674,-79.85405046203972,0.32605237524657155,33608,83189,138.6193242,35.12391461,-0.000570313,0.22955462251204292,-0.10170543994087403,3,3,3_3
1109311,SZO013,K-NET,138.4765,35.0409,68,-0.1208758235480191,full_observed,All-source observed,-0.2783268694050474,-84.29402249280822,-89.23072566203987,0.39417880653976856,28050,74680,138.4724104,35.03964677,0.000313666,-0.1516016970353744,-0.10082146094087402,2,3,2_3
1109321,SZO014,K-NET,138.3741,34.9649,73,-0.0014522183620487,full_observed,All-source observed,-0.003343856352225567,-93.53390006163899,-97.63434966203992,0.3684089220537649,24575,69172,138.378139,34.96538702,0.000211765,0.12338131601744745,-0.10092336194087402,2,3,2_3
1109331,SZO015,K-NET,138.341,35.2433,76,-0.1822071183173991,full_observed,All-source observed,-0.4195473944750456,-96.52061829921949,-66.85054806204018,0.21453296788979262,23677,67703,138.342753,35.24461068,0.000126105,-0.29282222210537256,-0.10100902194087402,2,4,2_4
1109341,SZO016,K-NET,138.312,34.8564,84,-0.2566850233231367,full_observed,All-source observed,-0.5910391082986836,-99.13738050132973,-109.63162866203986,0.10479672597885088,22102,65160,138.3115043,34.85554291,0.000179627,-0.46431393592901055,-0.10095549994087402,2,2,2_2
1109361,SZO018,K-NET,138.2247,34.7389,97,-0.1431630774989626,full_observed,All-source observed,-0.3296451681162626,-107.01473706147628,-122.62407366203982,0.4083264924321715,19085,60147,138.2278466,34.73624608,0.000171885,-0.2029199957465896,-0.10096324194087403,2,2,2_2
1109391,SZO021,K-NET,138.1332,35.0978,53,0.0311283336177693,full_observed,All-source observed,0.07167563695802101,-115.27107297503427,-82.93906506204,0.4065196454261481,16490,55687,138.1366157,35.09540273,-0.001253319,0.19840080932769402,-0.10238844594087403,1,3,1_3
1109401,SZO022,K-NET,137.8127,35.0918,84,-0.1649212103495922,full_observed,All-source observed,-0.37974512046950637,-144.19080696732348,-83.60250906204003,0.5074484432536353,6609,37187,137.8116811,35.08728673,-0.001664333,-0.25301994809983336,-0.10279945994087403,1,3,1_3
1109441,SZO026,K-NET,137.8964,34.9812,51,-0.0880251230375167,full_observed,All-source observed,-0.20268533611515271,-136.63828985295672,-95.8319934620398,0.14419533149536062,8811,41675,137.8948093,34.98107524,-0.000878664,-0.0759601637454797,-0.10201379094087402,1,3,1_3
1109451,SZO027,K-NET,138.7934,34.7809,64,-0.1981989678654276,full_observed,All-source observed,-0.4563699888537395,-55.69912794629619,-117.97996566203965,0.39301392983348077,40045,92651,138.7955613,34.78398584,0.008410926,-0.3296448164840665,-0.09272420094087402,3,2,3_2
1109461,SZO028,K-NET,139.1379,34.9522,83,-0.2621799883646228,full_observed,All-source observed,-0.6036917328897329,-24.613797648809363,-99.03863946204018,0.3850786779323496,54556,112669,139.1421616,34.95238453,0.064206507,-0.47696656052005987,-0.03692861994087403,4,3,4_3
1109471,TCG001,K-NET,140.0825,36.9432,413,-0.0573655093233767,full_observed,All-source observed,-0.13208896662001815,60.62046359648935,121.11419453795978,0.3018603805646194,95365,167888,140.0851509,36.94153479,0.153428943,-0.005363794250345139,0.05229381605912599,7,10,7_10
1109481,TCG002,K-NET,139.8029,36.9903,343,-0.1485677671938028,full_observed,All-source observed,-0.34208992603986016,35.3912666409667,126.32222993795982,0.38994616676565963,83932,152394,139.8052847,36.99324103,0.047496271,-0.21536475367018715,-0.053638855940874024,6,10,6_10
1109491,TCG003,K-NET,139.7184,36.8153,441,-0.0619255018051141,full_observed,All-source observed,-0.1425887373326316,27.766562983093586,106.97177993796012,0.3990952373249104,80222,147374,139.7182472,36.81169285,-0.055027253,-0.0158635649629586,-0.156162379940874,6,9,6_9
1109501,TCG004,K-NET,139.4221,36.8065,279,-0.038061875712729,full_observed,All-source observed,-0.08764070762752192,1.0304719318740483,105.99872873796004,0.1823329844858035,68045,130874,139.4217729,36.80812722,0.2326525,0.03908446474215109,0.13151737305912597,5,9,5_9
1109511,TCG005,K-NET,139.9264,36.8061,432,-0.0268446782952367,full_observed,All-source observed,-0.06181215606883284,46.53506429478303,105.95449913796014,0.19696088619909585,88708,158873,139.9250353,36.8047098,0.407958716,0.06491301630084018,0.306823589059126,7,9,7_9
1109521,TCG006,K-NET,140.1295,36.7638,484,0.0970828529343522,full_observed,All-source observed,0.22354152995197266,64.86142302749586,101.27721893796044,0.37360951373646617,97188,170368,140.1322014,36.76123938,0.324646872,0.3502667023216457,0.22351174505912597,7,9,7_9
1109531,TCG007,K-NET,139.8873,36.5677,349,-0.0692675453169246,full_observed,All-source observed,-0.1594944172750401,43.00694698090376,79.5936575379603,0.3945615037135086,86837,156347,139.8835122,36.56948282,0.097525723,-0.03276924490536709,-0.0036094039408740286,6,8,6_8
1109541,TCG008,K-NET,139.7676,36.56,361,0.0529386914301384,full_observed,All-source observed,0.12189584172964833,32.20603540874187,78.74223773796031,0.08441255647442482,82039,149846,139.7672149,36.55930428,0.257169712,0.24862101409932136,0.15603458505912599,6,8,6_8
1109551,TCG009,K-NET,139.7159,36.7261,434,0.2706007034089219,full_observed,All-source observed,0.6230811458230866,27.540980034635982,97.10857913796033,0.5825528554769667,80213,147365,139.7195996,36.73041763,-0.00336279,0.7498063181927597,-0.10449791694087403,6,9,6_9
1109561,TCG010,K-NET,139.4379,36.6348,344,-0.1294280463381382,full_observed,All-source observed,-0.2980190901135396,2.4561561661285567,87.0131729379599,0.3902803931316035,68395,131355,139.4342433,36.63668509,0.208482466,-0.1712939177438666,0.10734733905912598,5,8,5_8
1109571,TCG011,K-NET,139.6144,36.3869,315,-0.0945686775937496,full_observed,All-source observed,-0.21775242729152786,18.382312327247586,59.60187833795975,0.3402531627791702,75747,141327,139.6180242,36.38605027,0.137577727,-0.09102725492185484,0.03644260005912599,6,8,6_8
1109581,TCG012,K-NET,139.8048,36.2863,391,0.2063841884388131,full_observed,All-source observed,0.4752171557288851,35.56270968179519,48.47813393795975,0.3443048292742734,83485,151816,139.80719,36.28872732,0.469435336,0.6019423280985581,0.36830020905912597,6,7,6_7
1109591,TCG013,K-NET,140.0227,36.4368,476,-0.0560474728621142,full_observed,All-source observed,-0.12905407551229248,55.22451946937643,65.11952093795985,0.33293671381867135,92357,163832,140.0195846,36.4351867,-0.054401081,-0.002328903142619465,-0.15553620794087403,7,8,7_8
1109601,TCG014,K-NET,140.1804,36.5428,542,0.2563950568522958,full_observed,All-source observed,0.5903714358254573,69.45429185809542,76.84036493796003,0.23743423012209328,98996,172844,140.1794061,36.54478822,0.055795565,0.7170966081951302,-0.045339561940874025,7,8,7_8
1109611,TCG015,K-NET,139.7144,36.7488,298,0.0433611856020315,full_observed,All-source observed,0.09984281958178579,27.405630265561935,99.61860893796037,0.37085448179147185,79846,146867,139.7103221,36.74838192,-0.047090391,0.2265679919514588,-0.14822551794087402,6,9,6_9
1109621,TCG016,K-NET,140.1558,36.5288,246,-0.0034888514432657,full_observed,All-source observed,-0.008033377324934364,67.23455564527127,75.29232893795971,0.37285964888202433,97897,171342,140.1527378,36.52653589,0.040851495,0.11869179504473865,-0.06028363194087402,7,8,7_8
1109751,TKY001,K-NET,139.0953,35.8031,160,-0.1607038197409668,full_observed,All-source observed,-0.37003421972275247,-28.457731090529776,-4.95122286203987,0.2620593675132442,53543,111263,139.0959946,35.80079879,-0.139195612,-0.24330904735307946,-0.24033073894087403,4,6,4_6
1109761,TKY002,K-NET,139.1454,35.7306,150,-0.1928424719726291,full_observed,All-source observed,-0.44403620126029786,-23.937048803436557,-12.96783786203965,0.3399814585190773,55380,113755,139.1420111,35.72925619,-0.0781278,-0.31731102889062485,-0.17926292694087403,4,5,4_5
1109771,TKY003,K-NET,139.2916,35.7968,275,0.018591146594698,full_observed,All-source observed,0.04280769701061863,-10.744957977624589,-5.647839062040211,0.23397871845872176,61660,122262,139.2912746,35.79470069,-0.005331332,0.16953286938029163,-0.10646645894087402,5,6,5_6
1109781,TKY004,K-NET,139.4034,35.6301,210,-0.0107274514160442,full_observed,All-source observed,-0.024700869716401244,-0.6568885225899452,-24.080524862040072,0.4472604748626769,66070,128244,139.4009364,35.63360991,0.140711423,0.10202430265327177,0.03957629605912598,5,5,5_5
1109791,TKY005,K-NET,139.4156,35.5782,196,-0.0521753347042879,full_observed,All-source observed,-0.12013814791206823,0.44395626588479514,-29.81931546203966,0.4036895737623311,66802,129238,139.4197023,35.57965669,0.255081292,0.006587024457604784,0.153946165059126,5,5,5_5
1109792,TKY005,K-NET,139.4137,35.5798,58,-0.125148758387856,full_observed,All-source observed,-0.2881656654705908,0.2725132250562994,-29.64239706204007,0.25800850165822686,66433,128738,139.4108584,35.57954039,0.227238709,-0.1614404931009178,0.12610358205912597,5,5,5_5
1109801,TKY006,K-NET,139.5028,35.6989,153,-0.1065876218264755,full_observed,All-source observed,-0.2454270691153293,8.312289508092732,-16.47303366203973,0.2957048896401,70505,134251,139.5059606,35.69819323,0.068245361,-0.11870189674565629,-0.03288976594087402,5,5,5_5
1109811,TKY007,K-NET,139.6864,35.7111,250,-0.0764325371335025,full_observed,All-source observed,-0.17599242062331671,24.87910124283269,-15.124030862039731,0.36832875827374806,77886,144252,139.6829699,35.70929419,0.510371494,-0.0492672482536437,0.409236367059126,6,5,6_5
1109821,TKY008,K-NET,139.3909,34.7851,229,-0.0935970692900009,full_observed,All-source observed,-0.2155152164950869,-1.7848032648805212,-117.51555486203995,0.09478609656250157,64869,126650,139.3912253,34.78428492,0.201471741,-0.08879004412541389,0.10033661405912599,5,2,5_2
1109831,TKY009,K-NET,139.441,34.6867,181,-0.0311047335853699,full_observed,All-source observed,-0.07162129587522398,2.7358790222152654,-128.39603646203972,0.39403677403750575,66703,129139,139.436889,34.6854981,0.209765588,0.05510387649444903,0.10863046105912598,5,2,5_2
1109841,TKY010,K-NET,139.2557,34.3775,93,0.2687643691381325,full_observed,All-source observed,0.6188528299054129,-13.984329117478525,-162.58551726204018,0.3928670354861291,58920,118605,139.2595965,34.37591473,0.019744491,0.745578002275086,-0.08139063594087402,5,1,5_1
1109842,TKY010,K-NET,139.2573,34.3779,74,0.0191271063417489,full_observed,All-source observed,0.0440417899346229,-13.839956030465867,-162.54128766204028,0.30187585704540465,58920,118605,139.2595965,34.37591473,0.019744491,0.17076696230429592,-0.08139063594087402,5,1,5_1
1109851,TKY011,K-NET,139.5315,34.1228,66,0.1560959255464599,full_observed,All-source observed,0.359424151240387,10.901981756387135,-190.74871506204016,0.4766517813404745,70331,134077,139.5341741,34.12651756,0.004072737,0.48614932361006,-0.09706238994087402,5,0,5_0
1109871,TKY013,K-NET,139.8341,35.6627,295,-0.1000319097018483,full_observed,All-source observed,-0.23033198410320238,38.20654183772127,-20.47581246203983,0.33034334268992155,84154,152747,139.8342418,35.66568529,0.050836458,-0.10360681173352937,-0.05029866894087402,6,5,6_5
1109881,TKY014,K-NET,139.8351,35.7002,264,-0.1455075465520159,full_observed,All-source observed,-0.33504350760880897,38.29677501710482,-16.329287462039673,0.2179734374354885,84158,152751,139.8337161,35.70181574,0.180032549,-0.20831833523913595,0.07889742205912596,6,5,6_5
1109891,TKY015,K-NET,139.8119,35.7313,270,-0.1432141908286006,full_observed,All-source observed,-0.32976286090714035,36.20336525541612,-12.890436062040223,0.4375017013270668,83423,151754,139.8155972,35.72874026,0.242058003,-0.20303768853746734,0.14092287605912596,6,5,6_5
1109901,TKY016,K-NET,139.799,35.6486,264,-0.0879782811174351,full_observed,All-source observed,-0.2025774786082456,35.03935724137366,-22.034905862039732,0.14707207640945455,82676,150745,139.7990926,35.64727207,0.070037435,-0.07585230623857259,-0.031097691940874028,6,5,6_5
1109911,TKY017,K-NET,139.8092,35.6473,297,-0.0646142928534344,full_observed,All-source observed,-0.14877990751866976,35.9597356710813,-22.178652062039788,0.11339190658024761,83045,151245,139.8079455,35.64736002,0.075326912,-0.02205473514899675,-0.025808214940874027,6,5,6_5
1109921,TKY018,K-NET,139.8114,35.6553,173,-0.0589670313121995,full_observed,All-source observed,-0.1357766072775837,36.15824866572306,-21.29406006204028,0.3456312075495372,83046,151246,139.8078112,35.6563926,0.067478149,-0.009051434907910688,-0.03365697794087402,6,5,6_5
1109941,TKY020,K-NET,139.8086,35.6646,261,-0.1076857232909141,full_observed,All-source observed,-0.24795554117794052,35.90559576345218,-20.265721862039925,0.12354309346995514,83047,151247,139.8076769,35.66542516,0.059629387,-0.12123036880826751,-0.041505739940874024,6,5,6_5
1109951,TKY021,K-NET,139.819,35.6875,353,-0.1216639687439241,full_observed,All-source observed,-0.2801416407842532,36.84402082903448,-17.733577262039937,0.4990020852297492,83418,151749,139.8162651,35.68357766,0.102638814,-0.15341646841458018,0.0015036870591259716,6,5,6_5
1109961,TKY022,K-NET,139.7963,35.7002,191,-0.0774729332043998,full_observed,All-source observed,-0.1783880211069744,34.79572765703883,-16.329287462039673,0.22707035116756888,82682,150751,139.7982803,35.70146713,0.167762129,-0.0516628487373014,0.06662700205912599,6,5,6_5
1109971,TKY023,K-NET,139.8254,35.7259,285,-0.1445294308980735,full_observed,All-source observed,-0.3327913130848171,37.42151317708768,-13.487535662039617,0.3346186361040112,83792,152254,139.8244591,35.72882717,0.25136097,-0.20606614071514406,0.150225843059126,6,5,6_5
1109981,TKY024,K-NET,139.8623,35.7401,245,-0.1316055248960716,full_observed,All-source observed,-0.3030329197813513,40.75111749632517,-11.917384862040134,0.309615930603002,85269,154255,139.8597785,35.73820092,0.2900916,-0.17630774741167826,0.188956473059126,6,5,6_5
1109991,TKY025,K-NET,139.8972,35.7136,293,-0.1718324271302758,full_observed,All-source observed,-0.3956587852031587,43.900255456795556,-14.847595862039983,0.27944940539289453,86742,156252,139.8956054,35.71143349,0.18279329,-0.2689336128334857,0.08165816305912597,6,5,6_5
1110001,TKY026,K-NET,139.8633,35.6707,326,-0.1323412075458676,full_observed,All-source observed,-0.30472689168394584,40.841350675708725,-19.59122046204032,0.5283098787698461,85262,154248,139.8606787,35.67497229,0.065792692,-0.17800171931427283,-0.035342434940874023,6,5,6_5
1110011,TKY027,K-NET,139.8913,35.693,286,-0.1121950251128284,full_observed,All-source observed,-0.2583385923328913,43.36787969843542,-17.125420262040173,0.38962520547282514,86371,155750,139.8869963,35.69328635,0.0828358,-0.1316134199632183,-0.018299326940874022,6,5,6_5
1110021,TKY028,K-NET,139.7891,35.6698,277,-0.0935062474986146,full_observed,All-source observed,-0.21530609159212175,34.1460487654793,-19.690737062039695,0.49984878659959264,82310,150248,139.7898309,35.67428097,0.078927186,-0.08858091922244873,-0.022207940940874027,6,5,6_5
1110031,TKY029,K-NET,139.4789,34.0757,44,-0.2150194509789154,full_observed,All-source observed,-0.4951005825278146,6.155716520836312,-195.9567504620402,0.5781875321091532,68111,131071,139.4830006,34.07168197,0.003409949,-0.36837541015814157,-0.09772517794087403,5,0,5_0
1110221,TYM001,K-NET,137.6257,36.9764,28,-0.0523547760686878,full_observed,All-source observed,-0.12055132692280195,-161.06441151196856,124.78525133795986,0.22871264974312908,4069,31397,137.6264267,36.97838158,0.002129394,0.006173845446871065,-0.09900573294087402,0,10,0_10
1110251,TYM004,K-NET,137.5274,36.8626,42,-0.1877255718371816,full_observed,All-source observed,-0.4322541032860773,-169.93433304532908,112.20193013796012,0.5947389430124453,1536,25384,137.523873,36.85805622,-0.000129182,-0.30552893091640426,-0.10126430894087403,0,9,0_9
1110691,YMN001,K-NET,138.9198,35.7895,129,-0.265393325393814,full_observed,All-source observed,-0.6110907148319142,-44.29365407226781,-6.455029262040294,0.10960464903022946,46195,101262,138.9189044,35.78883037,-0.185827926,-0.4843655424622412,-0.28696305294087404,4,6,4_6
1110701,YMN002,K-NET,138.9473,35.6133,199,-0.0506998303543059,full_observed,All-source observed,-0.1167406735911518,-41.81224163923163,-25.93816806203967,0.5443585285056056,47265,102743,138.9498968,35.6177436,0.087347722,0.009984498778521214,-0.01378740494087402,4,5,4_5
1110711,YMN003,K-NET,138.8129,35.4651,133,-0.0221376398884049,full_observed,All-source observed,-0.050973799601111494,-53.939580948323304,-42.32523486203998,0.36919611379820805,41520,94726,138.8125441,35.46177375,-0.140061487,0.07575137276856152,-0.24119661394087405,3,4,3_4
1110721,YMN004,K-NET,138.7266,35.7025,179,0.0308248628606416,full_observed,All-source observed,0.07097686971649915,-61.72670432908887,-16.074967262039873,0.17497416204222904,38415,90253,138.7262119,35.7040504,-0.097908704,0.19770204208617215,-0.19904383094087402,3,5,3_5
1110731,YMN005,K-NET,138.5679,35.6551,139,-0.0816910163780302,full_observed,All-source observed,-0.18810051654358478,-76.04670989718885,-21.316174862040228,0.08274408725186412,32341,81248,138.5682206,35.65580109,-0.081243056,-0.06137534417391177,-0.18237818294087402,3,5,3_5
1110741,YMN006,K-NET,138.6069,35.4685,107,-0.097711987813354,full_observed,All-source observed,-0.22499016654584478,-72.5276159012482,-41.94928326204007,0.2728716605950011,33646,83227,138.609252,35.46694885,-0.042417249,-0.09826499417617177,-0.14355237594087403,3,4,3_4
1110751,YMN007,K-NET,138.4651,35.279,64,-0.0577216098112253,full_observed,All-source observed,-0.13290891829494625,-85.32268073777406,-62.90305626203955,0.4826484524478324,28077,74707,138.4648546,35.28336034,0.001130314,-0.006183745925273237,-0.10000481294087403,2,4,2_4
1110761,YMN008,K-NET,138.3321,35.4319,45,-0.1758817651289698,full_observed,All-source observed,-0.40498273051544587,-97.3236935957303,-45.996291662040065,0.4558030510001355,23390,67224,138.3277145,35.43394564,0.001713362,-0.27825755814577285,-0.09942176494087403,2,4,2_4
1110771,YMN009,K-NET,138.4627,35.4965,20,0.0162169893937381,full_observed,All-source observed,0.037340998031263894,-85.53924036829306,-38.85321126204021,0.5548269218587011,28421,75231,138.4668918,35.50017099,0.034916175,0.1640661704009369,-0.06621895194087402,2,4,2_4
1110772,YMN009,K-NET,138.4628,35.4966,168,0.0236749305390345,full_observed,All-source observed,0.054513542136850335,-85.53021705035701,-38.842153862039844,0.5405866238503085,28421,75231,138.4668918,35.50017099,0.034916175,0.18123871450652335,-0.06621895194087402,2,4,2_4
1110781,YMN010,K-NET,138.4182,35.7919,128,-0.1581862546503334,full_observed,All-source observed,-0.36423731187441777,-89.55461685084197,-6.189651662040126,0.5489661608408636,27178,73263,138.4223067,35.78823703,0.153331681,-0.23751213950474476,0.052196554059125974,2,6,2_6
1110792,YMN011,K-NET,138.3836,35.6384,32,-0.2106382059210412,full_observed,All-source observed,-0.48501239296879967,-92.67668485749908,-23.162760662040245,0.501437658196766,25586,70747,138.3827296,35.64287889,0.034850681,-0.35828722059912665,-0.06628444594087401,2,5,2_5
1200581,AICH17,KiK-net,137.7268,35.184,67,-0.0275833498996591,full_observed,All-source observed,-0.06351301029379386,-151.94183707633462,-73.40758626204021,0.17659012606243554,4536,32698,137.7286923,35.18440738,-0.00250514,0.06321216207587915,-0.10364026694087403,0,3,0_3
1201491,CHBH04,KiK-net,140.0206,35.7966,329,-0.136362871652823,full_observed,All-source observed,-0.31398711550565056,55.03502979267327,-5.669953862040159,0.35537440426787786,91917,163261,140.0186548,35.79380546,0.250804742,-0.18726194313597755,0.14966961505912602,7,6,7_6
1201521,CHBH06,KiK-net,140.5046,35.7215,173,-0.1057025213464472,full_observed,All-source observed,-0.24338904994421423,98.70788861410558,-13.974061262040054,0.3973909410991761,111190,190753,140.5069771,35.72452542,0.119015936,-0.11666387757454122,0.01788080905912598,8,5,8_5
1201571,CHBH10,KiK-net,140.2417,35.5458,394,-0.0733597247280517,full_observed,All-source observed,-0.16891700858495853,74.9855857542824,-33.40191306203995,0.38169604371534566,101057,175733,140.2428003,35.54246687,0.224572279,-0.04219183621528552,0.12343715205912599,7,5,7_5
1201591,CHBH11,KiK-net,140.1529,35.2867,277,-0.0799564004714439,full_observed,All-source observed,-0.1841064158150088,66.97287942505923,-62.05163646203957,0.44573722464156745,97393,170705,140.1570153,35.2889298,0.344381783,-0.057381243445335794,0.243246656059126,7,4,7_4
1201611,CHBH12,KiK-net,139.8554,35.3445,192,0.0700709971735926,full_observed,All-source observed,0.16134443354314223,40.12850855858148,-55.66045926204033,0.43655061635100223,84856,153711,139.8565709,35.34066933,0.261233677,0.2880696059128153,0.160098550059126,6,4,6_4
1201631,CHBH13,KiK-net,140.298,35.8307,365,-0.0246898979826398,full_observed,All-source observed,-0.056850591042370176,80.06571375355159,-1.8993804620399115,0.4010952312991907,103574,179265,140.3021854,35.8319217,0.228422754,0.06987458132730284,0.127287627059126,8,6,8_6
1201651,CHBH14,KiK-net,140.823,35.7342,220,-0.0586335572206144,full_observed,All-source observed,-0.13500875480540012,127.43813292969168,-12.569771462039792,0.27517507007021047,121429,208754,140.8260349,35.73444405,0.026753621,-0.008283582435727105,-0.07438150594087402,9,5,9_5
1201671,CHBH15,KiK-net,139.7885,34.9591,93,-0.0361716147523927,full_observed,All-source observed,-0.08328822091838295,34.09190885785019,-98.27567886204,0.3273375744403506,81862,149669,139.7916388,34.96058422,0.8934811,0.04343695145129006,0.792345973059126,6,3,6_3
1201691,CHBH16,KiK-net,139.9649,35.1384,193,-0.0482013740935198,full_observed,All-source observed,-0.1109877654495681,50.009041701033176,-78.44976066204025,0.4957680064741824,89262,159689,139.9649359,35.14288349,0.607298814,0.015737406920104918,0.506163687059126,7,3,7_3
1201711,CHBH17,KiK-net,140.3398,35.1714,219,0.0462512191237749,full_observed,All-source observed,0.10649736768720523,83.83746065176568,-74.8008186620401,0.325371123669179,104889,181192,140.3430764,35.17262886,0.263134606,0.23322254005687826,0.16199947905912598,8,3,8_3
1201741,CHBH19,KiK-net,140.5107,35.5943,256,-0.1338355159601856,full_observed,All-source observed,-0.3081676639630901,99.25831100834296,-28.039074062040275,0.49224631190441326,111176,190739,140.507754,35.59804679,0.195139245,-0.18144249159341708,0.09400411805912597,8,5,8_5
1201761,CHBH20,KiK-net,140.0997,35.0882,182,-0.0717187678589249,full_observed,All-source observed,-0.165138565759861,62.172474281879296,-84.00057546203988,0.26015428750531405,94791,167183,140.0975137,35.08973376,0.190109081,-0.03841339339018798,0.08897395405912599,7,3,7_3
1202501,FKSH05,KiK-net,139.8725,37.2544,287,-0.0404759602768942,full_observed,All-source observed,-0.09319934275819575,41.67149592603281,155.5248233379597,0.18046537766864387,86913,156423,139.8734625,37.25583065,0.009501361,0.033525829611477265,-0.09163376594087402,6,11,6_11
1202521,FKSH06,KiK-net,139.5199,37.1723,380,-0.2702848677553702,full_observed,All-source observed,-0.6223539073553824,9.855276875544066,146.44669793796004,0.302125623962201,72513,136914,139.5226051,37.17068981,0.009450589,-0.4956287349857094,-0.09168453794087403,5,10,5_10
1202541,FKSH07,KiK-net,139.3755,37.0103,159,-0.2825000615849656,full_observed,All-source observed,-0.6504804305754417,-3.174394227380582,128.53370993796017,0.525350895033849,66222,128396,139.3726427,37.00616038,0.050237698,-0.5237552582057687,-0.050897428940874026,5,10,5_10
1202561,FKSH08,KiK-net,140.2144,37.2822,474,0.0540970157849721,full_observed,All-source observed,0.12456298212194035,72.52221995712343,158.5987805379604,0.4362220752260831,100890,175426,140.216644,37.28569432,0.008859302,0.25128815449161335,-0.09227582494087402,7,11,7_11
1202601,FKSH10,KiK-net,140.093,37.1616,548,0.0015445751016798,full_observed,All-source observed,0.0035565156041376706,61.56791198001026,145.26355613796005,0.38128398784036865,95758,168412,140.0915722,37.15835459,0.0253935,0.13028168797381068,-0.07574162694087402,7,10,7_10
1202621,FKSH11,KiK-net,140.3386,37.2006,445,0.0576218097231645,full_observed,All-source observed,0.13267912009989793,83.72918083650747,149.57594213796023,0.5948377212406788,105455,181916,140.33499,37.19609877,0.012322215,0.259404292469571,-0.08881291194087403,8,10,8_10
1202661,FKSH13,KiK-net,140.5853,36.9951,99,-0.0990855056608203,full_observed,All-source observed,-0.22815280826638198,105.9897061903217,126.85298513796015,0.5041485518666109,114383,195894,140.5889641,36.99854201,0.010822575,-0.10142763589670897,-0.09031255194087402,8,10,8_10
1202821,FKSH21,KiK-net,139.3147,37.3421,264,-0.146101869572933,full_observed,All-source observed,-0.33641198693719593,-8.660571533874498,165.22216313796028,0.4314074456798609,64045,125433,139.3111858,37.33945463,0.004493073,-0.20968681456752292,-0.09664205394087402,5,11,5_11
1203071,GIFH14,KiK-net,137.5174,36.2493,53,-0.3121123751101149,full_observed,All-source observed,-0.7186653022675165,-170.83666483915948,44.38689593795985,0.44423308573370285,680,23317,137.5152345,36.252908,-0.006405702,-0.5919401298978435,-0.10754082894087402,0,7,0_7
1203411,GNMH05,KiK-net,139.1847,36.3143,287,-0.0445524700380846,full_observed,All-source observed,-0.10258585336575747,-20.390884853680074,51.574205937960386,0.3996255099292955,57659,116820,139.1817282,36.31697965,0.363981674,0.02413931900391554,0.26284654705912597,4,7,4_7
1203431,GNMH06,KiK-net,139.5443,36.2441,85,0.054661148329576,full_observed,All-source observed,0.12586194530961808,12.056966452490983,43.81191113796041,0.5286027945157696,72410,136811,139.5403055,36.24060315,0.155065281,0.2525871176792911,0.053930154059125976,5,7,5_7
1203451,GNMH07,KiK-net,139.2104,36.6998,403,-0.1431863597567396,full_observed,All-source observed,-0.32969877749595117,-18.071892143533766,94.20048293796043,0.3721919646645824,59177,118862,139.2087119,36.6967288,-0.043545323,-0.20297360512627816,-0.14468044994087403,4,9,4_9
1203471,GNMH08,KiK-net,138.5244,36.4917,298,0.0852926060171776,full_observed,All-source observed,0.1963934831577674,-79.9718532003542,71.19003353796023,0.3446734723876425,31775,80341,138.5243404,36.49481675,0.009726632,0.3231186555274404,-0.09140849494087402,3,8,3_8
1203491,GNMH09,KiK-net,138.9068,36.6212,317,-0.2189794754115444,full_observed,All-source observed,-0.5042188757542784,-45.46668540424889,85.50936653796026,0.20720537463738636,46649,101854,138.9057502,36.61953338,-0.117103602,-0.37749370338460536,-0.21823872894087404,4,8,4_8
1203511,GNMH10,KiK-net,138.7291,36.2356,86,-0.2757113133449957,full_observed,All-source observed,-0.6348487600779975,-61.50112138063126,42.87203213795985,0.15620918467183773,39165,91312,138.7287078,36.23697598,-0.116664257,-0.5081235877083246,-0.217799383940874,3,7,3_7
1203531,GNMH11,KiK-net,138.921,36.2862,353,-0.1413206930559519,full_observed,All-source observed,-0.325402921162222,-44.185374257009606,48.46707653796016,0.24461404225268601,46975,102317,138.9236345,36.28567847,0.518197621,-0.198677748792549,0.417062494059126,4,7,4_7
1203551,GNMH12,KiK-net,138.9129,36.144,329,0.0258035588949549,full_observed,All-source observed,0.059414890057717065,-44.91626301001152,32.74345373795988,0.4495681354674455,46234,101301,138.9096408,36.14092482,0.058551175,0.18614006242739006,-0.042583951940874026,4,7,4_7
1203571,GNMH13,KiK-net,139.0627,36.862,211,-0.0517310354314634,full_observed,All-source observed,-0.11911511102963444,-31.399332738419783,112.13558573796027,0.4722180376128138,53292,110881,139.0608933,36.86600804,0.099654863,0.007610061340038568,-0.001480263940874027,4,9,4_9
1203591,GNMH14,KiK-net,139.3219,36.4931,317,-0.1298079884273746,full_observed,All-source observed,-0.29889393910441636,-8.01089264231496,71.34483713795987,0.2891461812792311,63582,124839,139.3208545,36.49062814,0.226780733,-0.17216876673474335,0.125645606059126,5,8,5_8
1204481,IBRH06,KiK-net,140.6545,36.8809,198,-0.0214348422999458,full_observed,All-source observed,-0.04935554835053341,112.23384220363594,114.22543433795973,0.18121354942699505,116410,199381,140.6525595,36.88132218,0.008905615,0.0773696240191396,-0.09222951194087402,9,9,9_9
1204501,IBRH07,KiK-net,140.3301,35.9521,394,0.2842637355414743,full_observed,All-source observed,0.6545414399366005,82.96219881174854,11.52430313796023,0.3527957434077,104631,180778,140.3278175,35.94950954,0.152623759,0.7812666123062735,0.051488632059125974,8,6,8_6
1204521,IBRH08,KiK-net,140.5621,36.1188,162,0.0161699755602554,full_observed,All-source observed,0.03723274467912213,103.89629642863301,29.95698893796009,0.5323663015356633,113084,193797,140.557949,36.12222135,-0.015261769,0.16395791704879514,-0.11639689594087402,8,7,8_7
1204541,IBRH09,KiK-net,140.3559,36.439,74,-0.1090946136194181,full_observed,All-source observed,-0.25119963104601734,85.29021483983345,65.36278373796007,0.35766814721237616,106053,182832,140.3594079,36.43749385,-0.057753745,-0.12447445867634432,-0.15888887194087403,8,8,8_8
1204561,IBRH10,KiK-net,139.9889,36.1112,364,0.097496832736212,full_observed,All-source observed,0.22449475367253566,52.174638006228214,29.116626537959693,0.18094236518457535,90845,161796,139.9880214,36.10972904,0.398080623,0.35121992604220864,0.296945496059126,7,7,7_7
1204581,IBRH11,KiK-net,140.1401,36.3701,499,0.23917654770743,full_observed,All-source observed,0.5507243533449075,65.81789472895538,57.744235137960146,0.44325269807219975,97145,170325,140.1365354,36.37285822,-0.249224732,0.6774495257145805,-0.350359858940874,7,8,7_8
1204601,IBRH12,KiK-net,140.3181,36.8369,460,0.0623676859559761,full_observed,All-source observed,0.14360690396676468,81.87940065915103,109.36017833796006,0.3037354127624256,104729,180876,140.3201524,36.83472277,0.087974443,0.2703320763364377,-0.013160683940874024,8,9,8_9
1204621,IBRH13,KiK-net,140.575,36.7955,503,0.0667485946772343,full_observed,All-source observed,0.15369431908210143,105.06030444267547,104.78241473795973,0.541257189872962,113763,194872,140.5720575,36.79976556,0.016000894,0.28041949145177447,-0.08513423294087402,8,9,8_9
1204641,IBRH14,KiK-net,140.5484,36.6922,491,-0.0984691161409486,full_observed,All-source observed,-0.22673351894644764,102.66010187108422,93.36012053796003,0.26088323859091217,112843,193360,140.5457406,36.69127434,0.015665989,-0.10000834657677463,-0.08546913794087402,8,9,8_9
1204661,IBRH15,KiK-net,140.3013,36.5566,498,-0.0247754404975974,full_observed,All-source observed,-0.05704755996212876,80.36348324551552,78.3662861379604,0.3770701378296887,104004,179845,140.3047002,36.55461761,0.021150061,0.06967761240754425,-0.07998506594087403,8,8,8_8
1204681,IBRH16,KiK-net,140.3976,36.6405,498,-0.0144906367798011,full_observed,All-source observed,-0.033365924237161254,89.05293842011149,87.6434447379604,0.5777616195413282,107417,184854,140.3936312,36.63639969,0.037555847,0.09335924813251176,-0.06357927994087402,8,8,8_8
1204701,IBRH17,KiK-net,140.314,36.0864,440,-0.0417373995450573,full_observed,All-source observed,-0.09610391401278541,81.50944462368076,26.374391337959796,0.3750293997472687,104300,180293,140.3177628,36.08495961,-0.048208664,0.0306212583568876,-0.14934379094087402,8,7,8_7
1204721,IBRH18,KiK-net,140.6198,36.3631,465,-0.1487137577191938,full_observed,All-source observed,-0.34242608164734384,109.10275087904022,56.97021713796038,0.3632641109103203,115197,197324,140.6191209,36.36633818,-0.016744962,-0.21570090927767083,-0.11788008894087403,9,8,9_8
1204741,IBRH19,KiK-net,140.0893,36.2137,416,-0.0812000214261867,full_observed,All-source observed,-0.18696995888673462,61.234049216294444,40.450461537960386,0.5772181719408189,95284,167807,140.0937414,36.20994309,-0.307838749,-0.06024478651706161,-0.40897387594087403,7,7,7_7
1204761,IBRH20,KiK-net,140.7323,35.8284,289,0.011748579928386,full_observed,All-source observed,0.02705210500695066,119.25398355964256,-2.1537006620397117,0.5581917405525948,118531,203264,140.7282193,35.82460599,0.030788949,0.15377727737662367,-0.07034617794087403,9,6,9_6
1204781,IBRH21,KiK-net,140.105,35.9814,104,-0.04262882932615,full_observed,All-source observed,-0.09815650693818041,62.65071013260777,14.764121337960143,0.30929957453918744,95628,168282,140.1052221,35.98419134,0.581556469,0.0285686654314926,0.480421342059126,7,6,7_6
1206911,KNGH10,KiK-net,139.5195,35.4991,320,0.142428401133037,full_observed,All-source observed,0.3279535132679073,9.819183603789618,-38.56571886204009,0.10743104030967902,70852,134729,139.5184852,35.49960811,0.328287086,0.4546786856375803,0.227151959059126,5,4,5_4
1206931,KNGH11,KiK-net,139.3539,35.404,189,0.0483397421090681,full_observed,All-source observed,0.11130636957951677,-5.123430902054061,-49.081306262039554,0.368533399582546,63831,125219,139.3524595,35.40711873,0.250198733,0.2380315419491898,0.149063606059126,5,4,5_4
1206951,KNGH18,KiK-net,139.1283,35.6437,289,0.0397944575307769,full_observed,All-source observed,0.09163012469415154,-25.48003617088789,-22.576718462039647,0.48283133287070684,54633,112746,139.126195,35.64771452,0.08499161,0.21835529706382456,-0.016143516940874028,4,5,4_5
1206971,KNGH19,KiK-net,139.0436,35.4173,199,-0.1351498427418556,full_observed,All-source observed,-0.31119401321788626,-33.122786464638224,-47.61067206204023,0.36340519312570063,50918,107721,139.0431881,35.4205693,0.012451926,-0.18446884084821324,-0.08868320094087402,4,4,4_4
1206991,KNGH20,KiK-net,139.126,35.3663,253,0.1491330856359226,full_observed,All-source observed,0.34339161985747985,-25.68757248346827,-53.249946062039655,0.24340740391526786,54233,112215,139.1238695,35.36765022,0.036175467,0.47011679222715286,-0.06495965994087402,4,4,4_4
1207011,KNGH21,KiK-net,139.2146,35.4628,231,-0.0806903509139874,full_observed,All-source observed,-0.18579639916300586,-17.692912790124893,-42.57955506203977,0.5384912895308182,58302,117725,139.2189001,35.45942317,-0.023386202,-0.05907122679333285,-0.12452132894087402,5,4,5_4
1207051,KNGH23,KiK-net,139.611,35.2624,166,-0.0353884590335687,full_observed,All-source observed,-0.08148493823472577,18.075519517345043,-64.73858466203998,0.3785424567885975,74516,139703,139.6108762,35.26582194,0.372687768,0.04524023413494724,0.27155264105912597,6,4,6_4
1208651,NGNH03,KiK-net,137.7346,35.4786,95,0.0561376248345938,full_observed,All-source observed,0.12926165810022802,-151.23801827714595,-40.83248586203992,0.43790504604214625,5021,33731,137.7343071,35.48255307,-0.011645001,0.255986830469901,-0.11278012794087403,0,4,0_4
1208671,NGNH07,KiK-net,138.376,36.7434,65,-0.5335306570347187,full_observed,All-source observed,-1.228499737543462,-93.3624570208105,99.0215093379602,0.3171967991679324,26651,72369,138.3727149,36.74442102,0.359368177,-1.1017745651737891,0.258233050059126,2,9,2_9
1208691,NGNH08,KiK-net,137.8591,36.2541,51,-0.0455432142092867,full_observed,All-source observed,-0.10486712612533816,-140.0039874439461,44.917651137960185,0.35940116905838293,9462,42816,137.8630181,36.25351552,-0.027845071,0.02185804624433485,-0.128980197940874,1,7,1_7
1208711,NGNH09,KiK-net,138.2491,36.2859,43,-0.2276963413192321,full_observed,All-source observed,-0.524290201250948,-104.81304748452936,48.433904337959845,0.5732087441292076,21654,64319,138.2452587,36.29002881,-0.023517801,-0.39756502888127504,-0.12465292794087403,2,7,2_7
1208731,NGNH10,KiK-net,137.7669,35.9632,153,-0.0246989028709805,full_observed,All-source observed,-0.05687132556402755,-148.3234865830718,12.75167453796012,0.16052388006817528,6468,36784,137.7679712,35.96204095,-0.011191477,0.06985384680564546,-0.11232660394087403,0,6,0_6
1208751,NGNH11,KiK-net,138.3052,35.9157,155,0.1241464788969793,full_observed,All-source observed,0.28585783165588446,-99.75096612113482,7.499409537960182,0.4564552206608712,23136,66777,138.3028373,35.91204988,0.125528805,0.4125830040255575,0.02439367805912597,2,6,2_6
1208771,NGNH12,KiK-net,138.4797,35.9696,147,-0.1890258191660262,full_observed,All-source observed,-0.43524803340268015,-84.00527631878033,13.459348137960042,0.10988040612211242,29438,76783,138.4786209,35.97006049,0.063392714,-0.30852286103300713,-0.03774241294087402,2,6,2_6
1208791,NGNH13,KiK-net,137.8767,35.5143,104,-0.111390599157506,full_observed,All-source observed,-0.25648633311974844,-138.41588348680426,-36.884994062040086,0.22991054829554117,8870,41734,137.8744282,35.51335853,-0.02958448,-0.12976116075007543,-0.13071960694087403,1,5,1_5
1208811,NGNH14,KiK-net,137.6261,35.3095,65,-0.0307488686985261,full_observed,All-source observed,-0.07080188669165743,-161.02831824021413,-59.53054926203995,0.17397154725590516,2178,27212,137.6267778,35.30802708,-0.003558265,0.05592328567801558,-0.10469339194087403,0,4,0_4
1208831,NGNH15,KiK-net,137.9305,36.0088,67,-0.2478759574855428,full_observed,All-source observed,-0.5707554846178368,-133.56133843599267,17.793848937960153,0.4942616651126218,11002,45789,137.9259986,36.01134699,-0.012760977,-0.44403031224816375,-0.11389610394087402,1,6,1_6
1208851,NGNH16,KiK-net,138.1848,35.9465,133,0.0627528480928248,full_observed,All-source observed,0.14449377256145823,-110.61504091886444,10.905088737960103,0.1682126723534798,19219,60281,138.1861985,35.9454941,0.034409631,0.27121894493113125,-0.06672549594087401,2,6,2_6
1208871,NGNH17,KiK-net,138.5504,36.1425,134,-0.2522384769445344,full_observed,All-source observed,-0.5808005568920072,-77.62579053639462,32.577592737959876,0.2692659506703771,32395,81302,138.5532572,36.14320262,-0.005112706,-0.45407538452233415,-0.10624783294087402,3,7,3_7
1208891,NGNH18,KiK-net,137.595,35.9324,115,-0.0631244094333086,full_observed,All-source observed,-0.14534932416518911,-163.83457011903008,9.3459953379602,0.3976712443390986,2041,26781,137.5916428,35.93007003,-0.006237261,-0.018624151795516103,-0.10737238794087402,0,6,0_6
1208911,NGNH19,KiK-net,138.5845,35.9735,180,-0.1826105808431315,full_observed,All-source observed,-0.4204764012723787,-74.54883911943057,13.890586737960215,0.15199643116275724,33369,82783,138.5852119,35.97225418,-0.60825446,-0.29375122890270566,-0.7093895869408741,3,6,3_6
1208931,NGNH20,KiK-net,137.7173,35.787,86,-0.0813378067167983,full_observed,All-source observed,-0.18728722124293073,-152.7990522804745,-6.731464262040042,0.45056908675308593,4828,33265,137.7129384,35.7889839,-0.01482514,-0.06056204887325772,-0.11596026694087402,0,6,0_6
1208951,NGNH21,KiK-net,137.9236,35.8315,106,-0.063329676576041,full_observed,All-source observed,-0.1458219692281262,-134.18394737373637,-1.8109212620401178,0.100208183223467,10717,45269,137.9241167,35.83069781,-0.04643306,-0.019096796858453197,-0.14756818694087404,1,6,1_6
1208971,NGNH22,KiK-net,138.0824,35.7946,103,-0.174604334671551,full_observed,All-source observed,-0.4020413381868568,-119.85491848769522,-5.891101862039644,0.4984758036406267,15704,54265,138.0849752,35.7985883,-0.124072437,-0.27531616581718377,-0.22520756394087402,1,6,1_6
1208991,NGNH23,KiK-net,137.6105,35.6056,145,-0.0889274100136123,full_observed,All-source observed,-0.20476292865591314,-162.4359558385914,-26.78958786203965,0.3444675800224429,2211,27245,137.6143169,35.60565645,-0.009253597,-0.07803775628624013,-0.11038872394087403,0,5,0_5
1209011,NGNH24,KiK-net,137.8797,35.6152,185,-0.0600273563315072,full_observed,All-source observed,-0.13821809586077025,-138.14518394865362,-25.728077462039767,0.2643967063153092,9135,42245,137.8794067,35.61282088,-0.044324539,-0.011492923491097234,-0.14545966594087403,1,5,1_5
1209031,NGNH25,KiK-net,137.9268,35.2986,124,-0.2190660571298186,full_observed,All-source observed,-0.5044182375281023,-133.89520119971104,-60.73580586203989,0.06955340731868306,10132,44210,137.9268016,35.29797098,-0.008666846,-0.3776930651584293,-0.10980197294087403,1,4,1_4
1209051,NGNH26,KiK-net,138.1474,36.4663,56,-0.2465007166406871,full_observed,All-source observed,-0.5675888755491955,-113.98976182779242,68.38145393795972,0.29931210618507376,18686,59339,138.1495154,36.46838502,-0.253247466,-0.44086370317952245,-0.354382592940874,1,8,1_8
1209071,NGNH27,KiK-net,138.0479,36.577,150,-0.2659395908936918,full_observed,All-source observed,-0.6123485376287499,-122.96796317641372,80.62199573795986,0.31240499658888443,15504,53851,138.0471087,36.57424948,-0.143264459,-0.48562336525907684,-0.24439958594087402,1,8,1_8
1209091,NGNH28,KiK-net,138.0964,36.7075,142,-0.2205641850684866,full_observed,All-source observed,-0.5078678045870771,-118.59165397633315,95.0519027379604,0.3798668805884234,17249,56866,138.0957157,36.71088972,0.023843919,-0.38114263221740413,-0.07729120794087402,1,9,1_9
1209111,NGNH29,KiK-net,138.4408,36.9102,150,-0.304675413020881,full_observed,All-source observed,-0.7015410642236847,-87.51534699678493,117.46525253796042,0.252203695482482,29220,76387,138.4390648,36.90841191,0.04624569,-0.5748158918540116,-0.054889436940874024,2,9,2_9
1209131,NGNH30,KiK-net,137.6849,36.064,123,-0.149145493136513,full_observed,All-source observed,-0.34342018918338063,-155.7226072924873,23.89753373796007,0.4678290720614924,4410,32296,137.6835588,36.0680869,-0.006837913,-0.21669501681370762,-0.10797303994087402,0,6,0_6
1209151,NGNH31,KiK-net,137.9389,36.1184,126,-0.0873985265540608,full_observed,All-source observed,-0.2012425443930247,-132.8033797291749,29.912759337960193,0.1925722613854725,11549,46801,137.93957,36.12005352,-0.013435929,-0.07451737202335168,-0.11457105594087402,1,7,1_7
1209171,NGNH32,KiK-net,137.9898,36.2578,77,-0.0264027335370928,full_observed,All-source observed,-0.060794540656803835,-128.2105108985728,45.32677493796041,0.21922916733739942,13208,49816,137.9877587,36.25672481,-0.046800015,0.06593063171286917,-0.14793514194087404,1,7,1_7
1209191,NGNH33,KiK-net,137.9637,36.4598,87,-0.3833463928724728,full_observed,All-source observed,-0.8826876896811948,-130.56559688047355,67.66272293796021,0.4669362727350944,12677,48839,137.9618765,36.46375197,-0.102035041,-0.7559625173115219,-0.20317016794087403,1,8,1_8
1209211,NGNH34,KiK-net,137.8201,36.5327,85,-0.1050955650966013,full_observed,All-source observed,-0.2419914815312195,-143.5230814398893,75.72356753795988,0.37552442033603495,8480,40847,137.8159876,36.53217875,-0.037201998,-0.11526630916154648,-0.13833712494087402,1,8,1_8
1209231,NGNH35,KiK-net,137.8201,36.3824,63,-0.1488434417295914,full_observed,All-source observed,-0.3427246901164851,-143.5230814398893,59.10429533795973,0.43812478878326444,8463,40830,137.8222554,36.37884952,-0.036841769,-0.2159995177468121,-0.13797689594087403,1,8,1_8
1209271,NGNH37,KiK-net,138.4967,36.3308,94,0.1055988169098578,full_observed,All-source observed,0.24315026165444614,-82.47131226926761,53.39867693796045,0.2770544088949169,30450,78323,138.4938004,36.3316241,0.248950433,0.36987543402411915,0.14781530605912596,2,7,2_7
1209291,NGNH54,KiK-net,138.0058,35.4489,95,-0.1556305854452953,full_observed,All-source observed,-0.35835266606027305,-126.76678002844362,-44.11653366203973,0.5874114448561482,12840,49226,138.0095199,35.44454035,-0.035613878,-0.23162749369060004,-0.13674900494087402,1,4,1_4
1209631,NIGH11,KiK-net,138.744,37.1728,288,-0.0910123682159186,full_observed,All-source observed,-0.20956372233205928,-60.15664700782169,146.50198493796032,0.4497341725008452,41009,93916,138.7460152,37.17651999,0.004298393,-0.08283854996238627,-0.09683673394087403,3,10,3_10
1209651,NIGH12,KiK-net,138.9821,37.2239,194,-0.1603577778305403,full_observed,All-source observed,-0.3692374287782532,-38.67212699669986,152.15231633796012,0.32543558721197097,50380,106921,138.9794378,37.22588557,0.007755798,-0.2425122564085802,-0.09337932894087403,4,11,4_11
1209671,NIGH13,KiK-net,138.3966,37.0544,71,0.2728492628355906,full_observed,All-source observed,0.6282586452396453,-91.50365352551802,133.41002333796018,0.3016251712714713,27954,74403,138.3981937,37.05200217,0.023211132,0.7549838176093182,-0.07792399494087403,2,10,2_10
1209691,NIGH14,KiK-net,138.8521,37.0303,228,-0.3194195940653137,full_observed,All-source observed,-0.7354907957050006,-50.402440316505434,130.7451899379597,0.4733959347685993,44891,99400,138.8493628,37.03395238,0.02268375,-0.6087656233353276,-0.07845137694087402,3,10,3_10
1209711,NIGH15,KiK-net,138.9951,37.0533,234,-0.2039875885671506,full_observed,All-source observed,-0.46969878059052367,-37.49909566471879,133.28839193796009,0.23292460275872234,50730,107402,138.993006,37.05453182,0.029946509,-0.34297360822085066,-0.07118861794087403,4,10,4_10
1209731,NIGH16,KiK-net,137.848,36.9378,35,-0.2629564297494831,full_observed,All-source observed,-0.6054795552480958,-141.0055757350987,120.51709493796038,0.3853047891142928,9795,43392,137.8441063,36.93923049,0.011105441,-0.4787543828784228,-0.09002968594087402,1,10,1_10
1209751,NIGH17,KiK-net,138.0966,36.8569,135,-0.3338901214653449,full_observed,All-source observed,-0.7688104163840745,-118.57360734045592,111.5716583379604,0.2872632471547408,17556,57382,138.09924,36.85544811,0.092478994,-0.6420852440144016,-0.008656132940874028,1,9,1_9
1209771,NIGH18,KiK-net,138.2594,36.9425,103,-0.0063554040357381,full_observed,All-source observed,-0.014633858592644749,-103.88364573688311,121.03679273796034,0.2558658119421735,22944,66391,138.2580014,36.94048707,0.101409974,0.11209131377702826,0.0002748470591259766,2,10,2_10
1209791,NIGH19,KiK-net,138.7849,36.8114,169,-0.172807597639283,full_observed,All-source observed,-0.3979041982803261,-56.466109971052546,106.54054133795995,0.4979591770025342,42021,95375,138.783853,36.80697839,0.096090923,-0.27117902591065307,-0.005044203940874029,3,9,3_9
1211041,SITH01,KiK-net,139.7349,35.929,201,-0.0345986667367752,full_observed,All-source observed,-0.07966637426556752,29.255410442915814,8.97004373796029,0.3291845977780017,80124,147276,139.7326857,35.92663405,0.577087278,0.04705879810410549,0.475952151059126,6,6,6_6
1211061,SITH03,KiK-net,139.3843,35.899,218,-0.0816434081729774,full_observed,All-source observed,-0.187990894600326,-2.380342248808386,5.652823737960165,0.4592630760030381,65730,127773,139.3868061,35.89538493,0.286974834,-0.06126572223065299,0.185839707059126,5,6,5_6
1211081,SITH04,KiK-net,139.5353,35.8028,281,-0.0880689488654793,full_observed,All-source observed,-0.2027862488133075,11.244867838044126,-4.984395062040186,0.5948400861522989,71993,136263,139.5394113,35.8070052,0.625456085,-0.0760610764436345,0.524320958059126,5,6,5_6
1211101,SITH05,KiK-net,139.0504,36.1509,292,-0.1504356508169187,full_observed,All-source observed,-0.34639088702589454,-32.50920084483313,33.50641433796007,0.20979427808380452,52106,109302,139.0518904,36.15235623,0.124365697,-0.21966571465622153,0.023230570059125974,4,7,4_7
1211121,SITH06,KiK-net,139.2894,36.1131,357,-0.0828684278459267,full_observed,All-source observed,-0.19081160663788352,-10.943470972266354,29.32671713796038,0.4332245607536666,62064,122797,139.2933554,36.11087922,1.034424743,-0.06408643426821051,0.933289616059126,5,7,5_7
1211141,SITH07,KiK-net,139.1485,35.9118,339,-0.1495867263266548,full_observed,All-source observed,-0.3444361661495353,-23.65732594734728,7.0681709379600095,0.25963902325715116,55769,114275,139.1466762,35.90998381,-0.024399671,-0.2177109937798623,-0.12553479794087402,4,6,4_6
1211161,SITH08,KiK-net,138.9691,36.0274,331,-0.0713421722118098,full_observed,All-source observed,-0.1642714222367273,-39.845158328680924,19.850525337960075,0.42180970979860183,48407,104288,138.9660926,36.02447952,-0.032175168,-0.03754624986705429,-0.133310294940874,4,6,4_6
1211181,SITH09,KiK-net,139.0993,36.0715,188,-0.1453538564371667,full_observed,All-source observed,-0.3346896230414167,-28.096798372998126,24.7268387379601,0.0897486829130751,53942,111793,139.0983823,36.071813,0.028058673,-0.20796445067174368,-0.07307645394087403,4,6,4_6
1211201,SITH10,KiK-net,139.2191,35.9964,282,-0.1197994023472938,full_observed,All-source observed,-0.2758483179944746,-17.286863482900184,16.422731337960208,0.5356863666346123,58730,118284,139.2158859,35.99232682,0.138946653,-0.1491231456248016,0.03781152605912598,5,6,5_6
1211221,SITH11,KiK-net,139.2726,35.8637,334,0.0595977359951307,full_observed,All-source observed,0.13722885847858263,-12.459388385901851,1.7495615379602267,0.33523774078053264,60930,121270,139.2719743,35.86668849,0.13098529,0.26395403084825564,0.02985016305912598,5,6,5_6
1212161,SZOH29,KiK-net,138.1973,35.307,33,-0.1313090021837635,full_observed,All-source observed,-0.3023501510042565,-109.48712617657387,-59.8069842620397,0.3460063431127974,18852,59710,138.1997677,35.30460488,-0.00791601,-0.17562497863458348,-0.10905113694087402,2,4,2_4
1212181,SZOH30,KiK-net,137.9181,35.2233,96,-0.1216685864916191,full_observed,All-source observed,-0.2801522735412589,-134.68022986034205,-69.06202806203973,0.34559477020486584,9864,43702,137.920732,35.22557054,-0.004640559,-0.15342710117158587,-0.10577568594087403,1,4,1_4
1212201,SZOH31,KiK-net,138.0767,34.9398,58,-0.1066699507874214,full_observed,All-source observed,-0.24561663855352503,-120.3692476101807,-100.40975706204013,0.36050985224190646,14468,52170,138.0805936,34.94053099,-0.000371609,-0.11889146618385202,-0.10150673594087402,1,3,1_3
1212221,SZOH32,KiK-net,137.8409,35.0086,94,-0.1333297954327911,full_observed,All-source observed,-0.3070031994154904,-141.6462313087196,-92.80226586203979,0.20228936520514448,7324,38678,137.8411529,35.00678223,-0.001087436,-0.1802780270458174,-0.10222256294087402,1,3,1_3
1212241,SZOH33,KiK-net,138.3526,35.0146,87,-0.2660333419273794,full_observed,All-source observed,-0.6125644073613716,-95.47391341837643,-92.13882186203976,0.5341666243796681,23652,67678,138.3500785,35.01897072,4.69e-05,-0.4858392349916986,-0.10108822694087402,2,3,2_3
1212261,SZOH34,KiK-net,138.4243,35.1304,182,-0.0578403305171128,full_observed,All-source observed,-0.13318228282255254,-89.00419445660715,-79.33435266203975,0.19953232382081176,26472,72190,138.4256742,35.12898624,7.75e-05,-0.0064571104528795276,-0.10105762694087403,2,3,2_3
1212281,SZOH35,KiK-net,139.0855,34.9467,138,0.0845352734032305,full_observed,All-source observed,0.19464966037045459,-29.342016248485525,-99.64679646203994,0.5975838669685949,52341,109668,139.0897232,34.94253704,0.04961066,0.32137483274012757,-0.05152446694087402,4,3,4_3
1212301,SZOH36,KiK-net,138.2008,34.9142,88,-0.0640310130448727,full_observed,All-source observed,-0.14743685612643118,-109.17131004873526,-103.24045146203983,0.39192747889734575,18514,59167,138.2042564,34.91634656,-9.7e-05,-0.020711683756758165,-0.10123212694087402,2,2,2_2
1212321,SZOH37,KiK-net,138.5659,35.2028,126,-0.0878147287651103,full_observed,All-source observed,-0.20220088539985842,-76.22717625595595,-71.32879506203956,0.21353296423761825,31632,80198,138.5641618,35.20411045,-0.001997598,-0.07547571303018541,-0.10313272494087403,3,3,3_3
1212341,SZOH38,KiK-net,138.9779,35.0854,184,-0.0722287696578843,full_observed,All-source observed,-0.16631288829954505,-39.051106350108725,-84.31018266203995,0.2705533885406547,47937,103684,138.9808965,35.08531336,0.022426942,-0.039587715929872036,-0.07870818494087403,4,3,4_3
1212361,SZOH39,KiK-net,138.7724,34.7988,151,-0.1008298987405203,full_observed,All-source observed,-0.23216942176802116,-57.594024713340566,-116.00069106203993,0.44544902185249335,39006,91153,138.7688098,34.80156504,0.006909143,-0.10544424939834815,-0.09422598394087402,3,2,3_2
1212381,SZOH40,KiK-net,138.97,34.7832,92,-0.3173253217092783,full_observed,All-source observed,-0.7306685553973241,-39.763948467235984,-117.72564546203985,0.4281434055045325,47173,102651,138.970676,34.78703251,0.028125714,-0.603943383027651,-0.07300941294087403,4,2,4_2
1212401,SZOH41,KiK-net,138.834,34.6749,95,-0.2757037443065337,full_observed,All-source observed,-0.6348313317228665,-52.035660863340325,-129.70080966203983,0.15967141933662468,41433,94639,138.8334128,34.6762622,0.009885843,-0.5081061593531935,-0.09124928394087402,3,2,3_2
1212421,SZOH42,KiK-net,138.9128,34.9756,202,0.1682847033759804,full_observed,All-source observed,0.38748984937245723,-44.92528632795013,-96.45120786203994,0.052985461089380126,45022,99672,138.9133497,34.97576851,0.016112865,0.5142150217421302,-0.08502226194087402,4,3,4_3
1212441,SZOH43,KiK-net,138.4924,34.9739,32,0.0088389627977317,full_observed,All-source observed,0.02035246397558596,-82.85931494061509,-96.63918366203988,0.3264157817810273,28684,75673,138.4919016,34.97682386,0.000602862,0.14707763634525897,-0.10053226494087403,2,3,2_3
1212481,SZOH53,KiK-net,138.0174,34.8768,57,-0.2440013092712225,full_observed,All-source observed,-0.5618337773989468,-125.720075147598,-107.37591906203961,0.3848903539281495,12501,48663,138.0215124,34.87587577,-0.000287881,-0.4351086050292738,-0.10142300794087403,1,2,1_2
1212501,SZOH54,KiK-net,139.1685,35.0417,109,-0.3048295564685635,full_observed,All-source observed,-0.7018959926285011,-21.852662359686466,-89.14226646204007,0.23917946690396047,55673,114179,139.1664724,35.04309325,0.067515949,-0.5751708202588282,-0.03361917794087402,4,3,4_3
1212531,TCGH06,KiK-net,139.9509,36.4458,450,0.0826181615167038,full_observed,All-source observed,0.19023534711893653,48.74577718966855,66.11468693795989,0.3614647334565469,89406,159833,139.9479264,36.44360958,0.282784232,0.31696051948860954,0.18164910505912601,7,8,7_8
1212551,TCGH07,KiK-net,139.4534,36.8817,280,-0.1407170377893814,full_observed,All-source observed,-0.32401295354410947,3.8547704465646646,114.3138935379603,0.2747898985174348,69529,132882,139.4562546,36.88083434,0.111006101,-0.19728778117443646,0.009870974059125973,5,9,5_9
1212571,TCGH08,KiK-net,139.6459,36.8828,280,-0.0929533354850278,full_observed,All-source observed,-0.21403296463189947,21.224657477817992,114.43552493796041,0.08163454959436861,77278,143382,139.6450956,36.88313788,-0.013427038,-0.08730779226222646,-0.11456216494087403,6,9,6_9
1212591,TCGH09,KiK-net,139.8364,36.8625,489,-0.1344168295901342,full_observed,All-source observed,-0.309506188061764,38.41407815030165,112.19087273795975,0.5251967339767346,85024,153879,139.8343685,36.85804897,0.132468596,-0.182781015692091,0.03133346905912597,6,9,6_9
1212611,TCGH10,KiK-net,140.0225,36.8578,556,0.0429316227919606,full_observed,All-source observed,0.09885371465881189,55.20647283350177,111.67117493795978,0.22426337932948803,92773,164379,140.0231802,36.85975074,0.312428722,0.2255788870284849,0.21129359505912598,7,9,7_9
1212631,TCGH11,KiK-net,139.7694,36.7084,344,-0.0661721478892508,full_observed,All-source observed,-0.1523670013011863,32.368455131631755,95.15141933795978,0.6352054699179468,82425,150363,139.7737397,36.71292319,0.016599326,-0.02564182893151329,-0.08453580094087403,6,9,6_9
1212651,TCGH12,KiK-net,139.9842,36.6959,497,0.1381408884560666,full_observed,All-source observed,0.31808115049189223,51.750542063126275,93.76924433796026,0.359064987258171,90910,161861,139.9803793,36.69680764,0.530166639,0.44480632286156524,0.42903151205912604,7,9,7_9
1212671,TCGH13,KiK-net,140.1781,36.7342,478,0.0893160768980448,full_observed,All-source observed,0.20565786723014784,69.24675554551504,98.0042285379602,0.0701893880655563,99017,172865,140.1773918,36.73446257,0.253070579,0.33238303959982085,0.151935452059126,7,9,7_9
1212691,TCGH14,KiK-net,139.6154,36.5509,453,-0.0368372501605085,full_observed,All-source observed,-0.0848209030864794,18.472545506631143,77.73601433795992,0.25519212877819736,75765,141345,139.6151355,36.54860223,0.196831591,0.041904269283193615,0.09569646405912598,6,8,6_8
1212711,TCGH15,KiK-net,139.8637,36.5595,203,-0.0847736995431572,full_observed,All-source observed,-0.1951986568460299,40.87744394746061,78.68695073796005,0.2025630150025583,86098,155346,139.8657299,36.5602823,0.163871262,-0.0684734844763569,0.06273613505912597,6,8,6_8
1212731,TCGH16,KiK-net,140.0751,36.548,503,0.119848366068226,full_observed,All-source observed,0.27596106112839064,59.95273806905259,77.41534973796027,0.525915221205318,94583,166844,140.0719461,36.54400029,0.133374183,0.40268623349806365,0.032239056059125984,7,8,7_8
1212751,TCGH17,KiK-net,139.6922,36.9853,330,-0.2314458569680031,full_observed,All-source observed,-0.532923780089756,25.402453683256788,125.76935993796032,0.4315068411776346,79134,145893,139.6883596,36.98297462,0.013316052,-0.40619860772008304,-0.08781907494087403,6,10,6_10
1213151,TKYH02,KiK-net,139.4704,35.6539,95,-0.0503693101567283,full_observed,All-source observed,-0.11597962271127617,5.38873449607995,-21.44886366203992,0.17014601671960275,69024,132246,139.4713928,35.6525918,0.092697398,0.010745549658396844,-0.008437728940874023,5,5,5_5
1213201,TKYH11,KiK-net,139.8125,35.6114,130,-0.0369061015771937,full_observed,All-source observed,-0.08497943933217025,36.257505163045224,-26.148258662039574,0.36306431904287517,83041,151241,139.8084818,35.61122958,0.076089428,0.04174573303750276,-0.025045698940874023,6,5,6_5
1213221,TKYH12,KiK-net,139.265,35.6701,292,-0.0346734846027791,full_observed,All-source observed,-0.07983864876851773,-13.145160549215836,-19.657564862040164,0.3268935676290713,60539,120748,139.2674143,35.66789584,0.025235745,0.04688652360115528,-0.07589938194087402,5,5,5_5
1213241,TKYH13,KiK-net,139.1275,35.7017,272,-0.1728346744327026,full_observed,All-source observed,-0.39796654490122013,-25.55222271439422,-16.163426462039666,0.2330801577016732,54639,112752,139.1249277,35.70189244,-0.060285937,-0.2712413725315471,-0.16142106394087402,4,5,4_5
1213611,TYMH04,KiK-net,137.4689,36.7914,68,-0.3159025770791482,full_observed,All-source observed,-0.7273925648208492,-175.2129740392426,104.3290613379604,0.42250763496768834,356,22377,137.4729209,36.79335803,-0.001308402,-0.6006673924511763,-0.10244352894087402,0,9,0_9
1214251,YMNH08,KiK-net,138.734,35.6895,143,0.0007145660278386,full_observed,All-source observed,0.001645349083661129,-61.0589788016521,-17.512429262039664,0.3955046824417708,38758,90751,138.7355768,35.68616263,-0.168704808,0.12837052145333414,-0.26983993494087405,3,5,3_5
1214271,YMNH09,KiK-net,138.3325,35.4327,107,-0.1862829281872123,full_observed,All-source observed,-0.4289322935231554,-97.28760032397585,-45.90783246204027,0.3975240269971588,23698,67724,138.3365363,35.4341407,0.004906754,-0.30220712115348236,-0.09622837294087402,2,4,2_4
1214291,YMNH10,KiK-net,138.3087,35.5351,152,-0.1352929975784333,full_observed,All-source observed,-0.3115236394105801,-99.43514999329622,-34.58505486203995,0.3063954112991632,22788,66235,138.3067591,35.53282633,-0.031844721,-0.18479846704090708,-0.13297984794087403,2,5,2_5
1214311,YMNH11,KiK-net,138.9777,35.6247,254,0.1134394414433885,full_observed,All-source observed,0.2612039668251173,-39.06915298598595,-24.67762446204025,0.3096297316078088,48363,104244,138.9762072,35.62722134,0.09395371,0.38792913919479033,-0.0071814169408740275,4,5,4_5
1214331,YMNH12,KiK-net,138.449,35.5623,190,-0.0794910645435521,full_observed,All-source observed,-0.18303494024421063,-86.77543492584185,-31.577442062039882,0.1764545411430675,27789,74238,138.4472302,35.56297881,0.133987131,-0.05630976787453762,0.032852004059125986,2,5,2_5
1214351,YMNH13,KiK-net,138.4203,35.3509,124,-0.0029335868070656,full_observed,All-source observed,-0.00675483325095325,-89.36512717413882,-54.95278566203962,0.44292648085549774,26497,72215,138.4185285,35.35463575,0.006664134,0.11997033911871977,-0.09447099294087402,2,4,2_4
1214371,YMNH14,KiK-net,138.9675,35.5115,182,-0.0858651632516283,full_observed,All-source observed,-0.19771184491069949,-39.989531415693584,-37.19460126204015,0.3236127534231054,47984,103731,138.9703238,35.50969574,0.056910739,-0.07098667254102647,-0.04422438794087402,4,5,4_5
1214391,YMNH15,KiK-net,138.6045,35.5323,177,-0.0210714939320983,full_observed,All-source observed,-0.04851890781516404,-72.74417553176718,-34.89466206204001,0.3530504413604831,33653,83234,138.607378,35.53013696,-0.072661893,0.07820626455450896,-0.17379701994087404,3,5,3_5
1214411,YMNH16,KiK-net,138.5653,35.7421,174,-0.081556629623497,full_observed,All-source observed,-0.1877910796059008,-76.28131616358506,-11.696236862039864,0.43860822120146853,32351,81258,138.5654766,35.74606403,-0.336009302,-0.06106590723622779,-0.437144428940874,3,5,3_5
1100751,CHB001,K-NET,139.8731,35.9571,309,0.0761465559860099,full_oof_spatial,All-source spatial OOF,0.17533392469622294,41.72563583366192,12.077173137959727,0.24767987811110803,86031,155279,139.8744455,35.95514762,0.315279453,0.1748695556408807,0.21414432605912598,6,6,6_6
1100761,CHB002,K-NET,139.9024,35.7871,356,-0.0150785120366169,full_oof_spatial,All-source spatial OOF,-0.03471955704004536,44.36946798958799,-6.720406862039675,0.3800949839784102,87119,156760,139.903475,35.78377635,0.379071881,-0.03518392609538762,0.277936754059126,6,6,6_6
1100771,CHB003,K-NET,140.0577,35.7926,313,0.1069272990619134,full_oof_spatial,All-source spatial OOF,0.24620920485407802,58.38268074778799,-6.112249862039914,0.3614814525249648,93393,165261,140.0541341,35.79408982,0.14306225,0.24574483579873577,0.04192712305912598,7,6,7_6
1100781,CHB004,K-NET,140.4903,35.8889,383,0.115576695880299,full_oof_spatial,All-source spatial OOF,0.2661251770314828,97.41755414892513,4.536026337960018,0.27728159609181496,110578,189771,140.4882089,35.88706249,0.074981413,0.26566080797614056,-0.026153713940874027,8,6,8_6
1100791,CHB005,K-NET,140.8271,35.7353,206,-0.001896727878132,full_oof_spatial,All-source spatial OOF,-0.00436737733765297,127.80808896516193,-12.448140062039682,0.1348868224745064,121429,208754,140.8260349,35.73444405,0.026753621,-0.004831746392995225,-0.07438150594087402,9,5,9_5
1100801,CHB006,K-NET,140.3073,35.779,251,0.0846827479476292,full_oof_spatial,All-source spatial OOF,0.19498923305798313,80.90488232181428,-7.616056262039552,0.404978673868098,103918,179759,140.3115279,35.77777099,0.191611492,0.19452486400264088,0.09047636505912597,8,5,8_5
1100811,CHB007,K-NET,140.2246,35.7237,362,0.1329548053829768,full_oof_spatial,All-source spatial OOF,0.3061397529167669,73.44259838683107,-13.730798462039836,0.13351866106203733,100356,174753,140.2233696,35.72302923,0.182142822,0.3056753838614247,0.08100769505912599,7,5,7_5
1100821,CHB008,K-NET,139.9027,35.6556,310,0.1176259182718982,full_oof_spatial,All-source spatial OOF,0.27084368596260877,44.39653794340382,-21.260887862039965,0.29532679456301447,87105,156746,139.9052065,35.65731748,-0.088731711,0.2703793169072665,-0.18986683794087403,6,5,6_5
1100831,CHB009,K-NET,140.1077,35.6075,248,0.1046028195297308,full_oof_spatial,All-source spatial OOF,0.2408568929343046,62.89433971694259,-26.579497262039748,0.3387961858672066,95586,168240,140.1094658,35.60479601,0.122195021,0.24039252387896234,0.021059894059125978,7,5,7_5
1100841,CHB010,K-NET,140.5637,35.7086,368,0.0080557339845659,full_oof_spatial,All-source spatial OOF,0.01854901298598697,104.04066951564825,-15.400465862040265,0.3774914210287346,113038,193751,140.5602549,35.7066632,0.111106924,0.018084643930644715,0.009971797059125972,8,5,8_5
1100851,CHB011,K-NET,140.5014,35.6021,234,0.0094342008998391,full_oof_spatial,All-source spatial OOF,0.021723050356280523,98.4191424400777,-27.176596862039926,0.505157723216519,110862,190239,140.4989049,35.59801032,0.194819482,0.02125868130093827,0.09368435505912596,8,5,8_5
1100852,CHB011,K-NET,140.4971,35.5877,73,0.0676852093775908,full_oof_spatial,All-source spatial OOF,0.1558509541290214,98.03113976873023,-28.768862462040143,0.2193470889397915,110861,190238,140.4989612,35.58897605,0.19721635,0.15538658507367914,0.09608122305912599,8,5,8_5
1100861,CHB012,K-NET,140.3436,35.5721,417,0.0199191278181588,full_oof_spatial,All-source spatial OOF,0.04586548677953547,84.18034673342267,-30.493816862040052,0.40200359581699524,104933,181236,140.3398472,35.57014065,0.200925728,0.04540111772419321,0.09979060105912597,8,5,8_5
1100871,CHB013,K-NET,140.2892,35.4294,204,-0.0294480805205897,full_oof_spatial,All-source spatial OOF,-0.06780671122399819,79.27166177497939,-46.27272666203981,0.46581117868941185,102827,178220,140.2880497,35.42529325,0.318295557,-0.06827108027934044,0.217160430059126,8,4,8_4
1100881,CHB014,K-NET,140.0454,35.471,347,0.1206566651021793,full_oof_spatial,All-source spatial OOF,0.277822238434653,57.272812641374635,-41.67284826204032,0.4134921449352049,92988,164725,140.0491236,35.46882039,0.161974802,0.27735786937931073,0.06083967505912598,7,4,7_4
1100891,CHB015,K-NET,139.9199,35.3738,201,0.1105557475413751,full_oof_spatial,All-source spatial OOF,0.25456401623358343,45.948548628793766,-52.42064106203963,0.43696346905771705,87443,157215,139.9178261,35.37737104,0.192881642,0.2540996471782412,0.09174651505912597,7,4,7_4
1100901,CHB016,K-NET,140.3869,35.3004,32,0.1351902039596579,full_oof_spatial,All-source spatial OOF,0.3112869483563329,88.08744340071081,-60.53677266203957,0.13551077681612358,106601,183706,140.3861368,35.29934453,0.251328104,0.31082257930099066,0.150192977059126,8,4,8_4
1100902,CHB016,K-NET,140.3866,35.2998,254,0.1348908382578815,full_oof_spatial,All-source spatial OOF,0.31059763335406887,88.06037344689497,-60.6031170620402,0.06544732378641005,106601,183706,140.3861368,35.29934453,0.251328104,0.3101332642987266,0.150192977059126,8,4,8_4
1100911,CHB017,K-NET,140.0734,35.2976,310,0.061705847207845,full_oof_spatial,All-source spatial OOF,0.14208296393135217,59.79934166410131,-60.84637986203963,0.37808672796620757,94076,166206,140.0775818,35.29738479,0.321612612,0.14161859487600992,0.220477485059126,7,4,7_4
1100921,CHB018,K-NET,140.3204,35.152,217,0.1291387472066605,full_oof_spatial,All-source spatial OOF,0.29735295424598296,82.08693697173396,-76.94595426203982,0.4189997314876529,103849,179690,140.3168202,35.15441352,0.290450593,0.2968885851906407,0.18931546605912597,8,3,8_3
1100931,CHB019,K-NET,139.836,35.1106,262,0.1748558838633069,full_oof_spatial,All-source spatial OOF,0.40262055160594856,38.37798487854976,-81.52371786204016,0.5012266700879442,83724,152186,139.8333501,35.11458391,0.894591974,0.4021561825506063,0.793456847059126,6,3,6_3
1100941,CHB020,K-NET,140.1006,35.1132,236,0.0347636136833266,full_oof_spatial,All-source spatial OOF,0.08004617864583168,62.25368414332168,-81.23622546204004,0.5049568589600731,94794,167186,140.0972149,35.11683646,0.253567731,0.07958180959048942,0.152432604059126,7,3,7_3
1100951,CHB021,K-NET,139.8994,34.9078,148,0.0091688044337978,full_oof_spatial,All-source spatial OOF,0.02111195240984053,44.09876845143989,-103.94812506203975,0.15954137831589243,86284,155663,139.8977073,34.90738314,0.649682832,0.020647583354498275,0.548547705059126,6,2,6_2
1100961,CHB022,K-NET,139.8555,35.3033,183,0.0293535053715447,full_oof_spatial,All-source spatial OOF,0.06758894389563948,40.137531876520086,-60.21610806203992,0.1974946371244543,84852,153707,139.8570795,35.30453642,0.258541033,0.06712457484029723,0.15740590605912597,6,4,6_4
1100981,CHB024,K-NET,140.0781,35.6337,295,-0.0164478027878734,full_oof_spatial,All-source spatial OOF,-0.0378724655118632,60.22343760720325,-23.682458462040213,0.45383917291260023,94113,166243,140.0737573,35.63162942,0.088116615,-0.038336834567205456,-0.013018511940874028,7,5,7_5
1100991,CHB025,K-NET,139.9458,34.9705,135,0.0939461971231334,full_oof_spatial,All-source spatial OOF,0.2163191130392071,48.28558797481473,-97.01513526203979,0.3436642965304133,88505,158670,139.9495399,34.97108776,0.654929115,0.21585474398386484,0.5537939880591259,7,3,7_3
1101001,CHB026,K-NET,140.2404,35.3858,229,0.0540590684823683,full_oof_spatial,All-source spatial OOF,0.12447560522864551,74.868282621083,-51.093753062039575,0.48640269395581603,101040,175716,140.2442385,35.38888843,0.301412547,0.12401123617330326,0.20027742005912597,7,4,7_4
1101011,CHB027,K-NET,140.2655,35.1806,103,0.0713774925473513,full_oof_spatial,All-source spatial OOF,0.1643527503148247,77.1331354236002,-73.78353786204012,0.1696668293842418,101733,176693,140.2637735,35.18120782,0.28906652,0.16388838125948246,0.18793139305912598,7,3,7_3
1101021,CHB028,K-NET,139.9655,35.7664,257,0.0503889730307689,full_oof_spatial,All-source spatial OOF,0.11602489815192747,50.06318160866228,-9.009288662040234,0.0302089950310711,89700,160258,139.965788,35.7662607,0.237490852,0.11556052909658522,0.13635572505912597,7,5,7_5
1101031,CHB029,K-NET,139.9176,35.6948,337,0.0510961489749782,full_oof_spatial,All-source spatial OOF,0.11765323093918781,45.74101231621083,-16.92638706203985,0.38974582404080976,87478,157250,139.9135712,35.69352915,0.01522518,0.11718886188384556,-0.08590994694087402,7,5,7_5
1101041,CHB030,K-NET,139.9151,35.3766,52,-0.0141802768103341,full_oof_spatial,All-source spatial OOF,-0.032651293998004455,45.51542936775323,-52.11103386203956,0.26034056570523856,87443,157215,139.9178261,35.37737104,0.192881642,-0.03311566305334671,0.09174651505912597,6,4,6_4
1101611,FKS012,K-NET,140.7928,36.9066,483,0.1686251822881213,full_oof_spatial,All-source spatial OOF,0.3882738310400317,124.71309091232065,117.06718613795978,0.4035029545509331,120785,207384,140.79641,36.9087536,0.004216593,0.38780946198468946,-0.09691853394087402,9,9,9_9
1101621,FKS013,K-NET,140.5546,37.0893,535,0.0557147318435675,full_oof_spatial,All-source spatial OOF,0.1282879110031592,103.21954758326021,137.26905593796022,0.20825484705108285,113191,193904,140.552399,37.08873328,0.01031129,0.12782354194781695,-0.09082383694087402,8,10,8_10
1101631,FKS014,K-NET,140.43,36.8683,289,0.0123646864139635,full_oof_spatial,All-source spatial OOF,0.028470742616338363,91.97649343212427,112.83220193795982,0.4000664575662897,108759,186880,140.4277545,36.87141974,0.040000404,0.02800637356099611,-0.06113472294087402,8,9,8_9
1101632,FKS014,K-NET,140.4166,36.8864,138,0.0238722656182278,full_oof_spatial,All-source spatial OOF,0.05496792294852562,90.76736882838875,114.83359133796027,0.3826006119840296,108435,186382,140.4186239,36.88944052,0.040621501,0.054503553893183364,-0.060513625940874026,8,9,8_9
1101641,FKS015,K-NET,140.3763,37.0237,385,0.0051939593363379,full_oof_spatial,All-source spatial OOF,0.011959533341468896,87.13097169924873,130.01540153795986,0.3570040906549358,106792,183897,140.372535,37.02469221,0.028848066,0.011495164286126642,-0.07228706094087403,8,10,8_10
1101651,FKS016,K-NET,140.191,37.1232,532,0.1563569186016639,full_oof_spatial,All-source spatial OOF,0.3600251099586747,70.4107635595575,141.01751453795973,0.03601167814114932,99787,173908,140.1912538,37.12294866,0.028985448,0.35956074090333245,-0.07214967894087403,7,10,7_10
1101661,FKS017,K-NET,140.3689,37.2844,562,0.0562489120874168,full_oof_spatial,All-source spatial OOF,0.12951790646961853,86.46324617181453,158.84204333795984,0.2780858557714144,106821,183926,140.3703667,37.28661186,0.008451283,0.12905353741427628,-0.09268384394087402,8,11,8_11
1101731,FKS024,K-NET,140.1326,37.3963,570,0.1224982225076201,full_oof_spatial,All-source spatial OOF,0.28206258106431376,65.14114588358257,171.21527393795967,0.3352029521152165,97626,170938,140.134021,37.39349907,0.006034038,0.2815982120089715,-0.09510108894087402,7,11,7_11
1101741,FKS025,K-NET,139.8994,37.3082,373,-0.0473918820068674,full_oof_spatial,All-source spatial OOF,-0.10912384103794562,44.09876845143989,161.47370453796,0.23131501589928607,88026,157929,139.8997875,37.31026791,0.007036294,-0.10958821009328787,-0.09409883294087402,6,11,6_11
1101751,FKS026,K-NET,139.5368,37.2664,294,0.0463787194886384,full_oof_spatial,All-source spatial OOF,0.10679094812669122,11.380217607118174,156.85171133795976,0.45885606023136943,73262,137925,139.5387429,37.27023494,0.005115252,0.10632657907134897,-0.09601987494087402,5,11,5_11
1101761,FKS027,K-NET,139.6807,37.0701,250,-0.1003274045008617,full_oof_spatial,All-source spatial OOF,-0.23101238602246787,24.364772120349762,135.14603513795967,0.4296083011594554,78775,145403,139.6777902,37.0731752,0.013777672,-0.23147675507781013,-0.08735745494087402,6,10,6_10
1101771,FKS028,K-NET,139.3144,37.3491,140,-0.0412973283309297,full_oof_spatial,All-source spatial OOF,-0.09509061259527941,-8.687641487687767,165.99618113796006,0.3157398990408274,64046,125434,139.3109836,37.34848266,0.004296193,-0.09555498165062166,-0.09683893394087402,5,11,5_11
1101772,FKS028,K-NET,139.3619,37.3037,63,-0.0704323856593232,full_oof_spatial,All-source spatial OOF,-0.1621765612831652,-4.40156546699076,160.97612153795998,0.3944100292502501,66255,128429,139.3662429,37.30410387,0.005114338,-0.16264093033850746,-0.09602078894087403,5,11,5_11
1101782,FKS029,K-NET,139.3806,37.0159,237,-0.0922053280206533,full_oof_spatial,All-source spatial OOF,-0.21231061379498248,-2.7142050125267656,129.1529243379603,0.10104216737421473,66592,128897,139.3814576,37.01531242,0.046362138,-0.21277498285032473,-0.054772988940874026,5,10,5_10
1101851,GIF004,K-NET,137.5175,36.2493,47,-0.1522971355342256,full_oof_spatial,All-source spatial OOF,-0.3506771139868017,-170.8276415212209,44.38689593795985,0.44827532440942713,680,23317,137.5152345,36.252908,-0.006405702,-0.35114148304214393,-0.10754082894087402,0,7,0_7
1101881,GIF007,K-NET,137.4854,36.0378,116,-0.0866961918055131,full_oof_spatial,All-source spatial OOF,-0.19962535887072705,-173.72412657942039,21.00049493795975,1.1740929476300317,85,21793,137.4981601,36.03572175,-0.004636697,-0.2000897279260693,-0.10577182394087402,0,6,0_6
1102081,GNM001,K-NET,139.2246,36.7719,250,-0.0803123989495076,full_oof_spatial,All-source spatial OOF,-0.1849261326037269,-16.79058099629192,102.17286833796031,0.2977535364032067,59923,119870,139.2249882,36.7692259,0.142465911,-0.18539050165906915,0.04133078405912598,5,9,5_9
1102091,GNM002,K-NET,138.9695,36.7821,256,-0.0510639347757278,full_oof_spatial,All-source spatial OOF,-0.11757905500421109,-39.80906505692648,103.30072313796003,0.35429380669327026,49594,105872,138.9731585,36.78326331,0.094394932,-0.11804342405955334,-0.0067401949408740225,4,9,4_9
1102101,GNM003,K-NET,139.0786,36.6581,329,0.0062244036998836,full_oof_spatial,All-source spatial OOF,0.014332219172128962,-29.964625186229227,89.58954713795978,0.3209789478803184,53638,111358,139.0750796,36.65851656,-0.081362748,0.013867850116786708,-0.18249787494087402,4,9,4_9
1102111,GNM004,K-NET,138.5921,36.6171,134,0.0360576887086064,full_oof_spatial,All-source spatial OOF,0.08302589650825683,-73.86306695611916,85.05601313796014,0.38633033941749173,34441,84354,138.5922394,36.61360799,-0.085840978,0.08256152745291458,-0.18697610494087402,3,8,3_8
1102121,GNM005,K-NET,138.5176,36.5134,75,-0.0214622576117945,full_oof_spatial,All-source spatial OOF,-0.049418674438916003,-80.58543882016185,73.58948933795975,0.26305936133968066,31449,79843,138.5148213,36.51268023,-0.045753036,-0.04988304349425826,-0.14688816294087403,3,8,3_8
1102131,GNM006,K-NET,138.7527,36.5105,243,-0.0106631211737991,full_oof_spatial,All-source spatial OOF,-0.02455274385957898,-59.37161834718811,73.2688247379601,0.4187880868118914,40585,93342,138.7565976,36.50844376,0.083916205,-0.025017112914921234,-0.01721892194087403,3,8,3_8
1102141,GNM007,K-NET,139.0101,36.4619,149,0.097215093805796,full_oof_spatial,All-source spatial OOF,0.2238460258112437,-36.145597973973175,67.89492833796007,0.38034024620269974,50664,107336,139.0084738,36.45872661,0.21844331,0.22338165675590144,0.11730818305912598,4,8,4_8
1102142,GNM007,K-NET,139.0093,36.4637,78,0.1006024420022039,full_oof_spatial,All-source spatial OOF,0.23164568327307278,-36.2177845174795,68.09396153796038,0.45835252226156215,50665,107337,139.0082428,36.46775444,0.205756127,0.23118131421773053,0.10462100005912599,4,8,4_8
1102151,GNM008,K-NET,139.1368,36.3479,231,0.0334463620348612,full_oof_spatial,All-source spatial OOF,0.07701309463635339,-24.71305414613153,55.28949233796037,0.5009180072006879,55818,114324,139.1362413,36.35240716,0.269046749,0.07654872558101114,0.16791162205912596,4,7,4_7
1102161,GNM009,K-NET,139.3253,36.4105,371,0.0444598223329106,full_oof_spatial,All-source spatial OOF,0.10237252414092371,-7.704099832412417,62.21142473795995,0.2737085492798723,63573,124830,139.3226055,36.40936313,0.330710726,0.10190815508558146,0.229575599059126,5,8,5_8
1102171,GNM010,K-NET,139.5335,36.2343,310,0.004488269503595,full_oof_spatial,All-source spatial OOF,0.010334622452317635,11.082448115154243,42.72828593795979,0.35937705246369694,72040,136310,139.5315561,36.23146331,0.217506808,0.00987025339697538,0.11637168105912597,5,7,5_7
1102181,GNM011,K-NET,139.3607,36.2913,285,0.059813019429908,full_oof_spatial,All-source spatial OOF,0.13772456690626939,-4.509845282248972,49.03100393796003,0.13012826818233003,65036,126817,139.360816,36.29247303,0.402070836,0.13726019785092713,0.300935709059126,5,7,5_7
1102192,GNM012,K-NET,139.1955,36.3118,32,0.0162527541088889,full_oof_spatial,All-source spatial OOF,0.037423349331225306,-19.41636651634077,51.297770937959854,0.5534040383494436,58396,117819,139.1997869,36.30822086,0.451655643,0.03695898027588305,0.350520516059126,4,7,4_7
1102201,GNM013,K-NET,139.0174,36.3181,161,0.0912288531093861,full_oof_spatial,All-source spatial OOF,0.21006219722061595,-35.48689576447502,51.99438713796019,0.5245823601712736,51017,107820,139.02108,36.31442727,0.275583902,0.2095978281652737,0.17444877505912598,4,7,4_7
1102211,GNM014,K-NET,138.7179,36.35,84,-0.0250768289934832,full_oof_spatial,All-source spatial OOF,-0.0577415326199553,-62.511732989722454,55.521697737960224,0.47900365607427575,38832,90825,138.7163747,36.3541493,0.042549567,-0.05820590167529756,-0.05858555994087402,3,7,3_7
1102212,GNM014,K-NET,138.7211,36.3467,62,0.0222101997379541,full_oof_spatial,All-source spatial OOF,0.05114087482903338,-62.22298681569456,55.156803537959895,0.4318397620905207,39177,91324,138.7255646,36.34529332,0.071925462,0.05067650577369112,-0.029209664940874028,3,7,3_7
1102221,GNM015,K-NET,138.7578,36.2286,114,-0.0388129206398148,full_oof_spatial,All-source spatial OOF,-0.08937005248079848,-58.9114291323343,42.09801413796008,0.18948196758345445,40205,92811,138.7557077,36.2284542,-0.10952543,-0.08983442153614073,-0.21066055694087402,3,7,3_7
1102231,GNM016,K-NET,138.925,36.1164,255,0.0118910440297747,full_oof_spatial,All-source spatial OOF,0.02738014072309507,-43.82444153947539,29.691611337959923,0.3784451543209324,46956,102298,138.9281612,36.11415075,-0.143541599,0.026915771667752816,-0.24467672594087403,4,7,4_7
1104571,IBR001,K-NET,140.3582,36.7763,516,0.1726375232712158,full_oof_spatial,All-source spatial OOF,0.39751258757571417,85.4977511524164,102.65939393795996,0.511597651926728,106091,182870,140.3565628,36.78072965,0.075470974,0.3970482185203719,-0.025664152940874027,8,9,8_9
1104581,IBR002,K-NET,140.7073,36.7126,508,0.0139539623708595,full_oof_spatial,All-source spatial OOF,0.032130185743340936,116.998154075064,95.61583013796027,0.30462849005314724,118079,202362,140.7071841,36.70984665,0.00462074,0.03166581668799868,-0.09651438694087403,9,9,9_9
1104591,IBR003,K-NET,140.6453,36.5914,514,0.0750425689554352,full_oof_spatial,All-source spatial OOF,0.17279190061676283,111.40369695330929,82.21426133796008,0.10058045397001845,116092,198849,140.6448982,36.59224847,0.001501279,0.17232753156142058,-0.09963384794087403,9,8,9_8
1104601,IBR004,K-NET,140.4094,36.5273,111,0.0489056122809413,full_oof_spatial,All-source spatial OOF,0.11260933380184197,90.1176899368318,75.1264679379597,0.2834750757761965,108067,185842,140.4123856,36.52809778,-0.005620795,0.11214496474649972,-0.10675592194087402,8,8,8_8
1104602,IBR004,K-NET,140.4102,36.5516,378,0.0379609400183946,full_oof_spatial,All-source spatial OOF,0.08740829460239652,90.18987648033811,77.81341613796012,0.43592891396495875,108070,185845,140.4121805,36.55519592,0.005431197,0.08694392554705427,-0.09570392994087402,8,8,8_8
1104611,IBR005,K-NET,140.2373,36.3851,546,0.0627833275738389,full_oof_spatial,All-source spatial OOF,0.1445639541600835,74.58855976499629,59.40284513796021,0.3637363894136205,101150,175826,140.2347372,36.38256086,-0.165655847,0.14409958510474125,-0.26679097394087403,7,8,7_8
1104621,IBR006,K-NET,140.4528,36.369,401,0.0292331978181849,full_oof_spatial,All-source spatial OOF,0.06731192551669862,94.03380992205854,57.62260373796004,0.4815838288735286,109353,187824,140.4493509,36.36567635,-0.053351891,0.06684755646135637,-0.15448701794087402,8,8,8_8
1104622,IBR006,K-NET,140.4543,36.3665,72,0.1214801374072758,full_oof_spatial,All-source spatial OOF,0.2797183534888616,94.16915969113258,57.34616873796029,0.3699382196102912,109675,188324,140.458286,36.3657172,-0.050556552,0.27925398443351934,-0.15169167894087401,8,8,8_8
1104631,IBR007,K-NET,140.5954,36.3526,481,0.0562254025150749,full_oof_spatial,All-source spatial OOF,0.1294637736788014,106.9010613020933,55.809190137960336,0.5579902347520999,114311,195822,140.592409,36.34818324,-0.021530471,0.12899940462345916,-0.12266559794087402,8,7,8_7
1104641,IBR008,K-NET,139.9826,36.3061,393,0.1119274328043503,full_oof_spatial,All-source spatial OOF,0.2577224382723898,51.606168976113615,50.66749913796014,0.3653513047265147,90867,161818,139.9854596,36.30843919,-0.007648229,0.2572580692170475,-0.10878335594087403,7,7,7_7
1104651,IBR009,K-NET,139.7037,36.185,359,0.0223491141007841,full_oof_spatial,All-source spatial OOF,0.051460736970088496,26.440135246161248,37.27698773796032,0.40218075968794936,79046,145805,139.7017392,36.18826634,0.518515562,0.05099636791474624,0.41738043505912603,6,7,6_7
1104661,IBR010,K-NET,139.9652,36.1844,473,0.148118592433244,full_oof_spatial,All-source spatial OOF,0.3410556629320483,50.03611165484901,37.21064333795968,0.4637015962890854,90115,160804,139.9692664,36.18183589,0.286114249,0.34059129387670606,0.18497912205912598,7,7,7_7
1104671,IBR011,K-NET,140.0901,36.1256,451,-0.0533598218967364,full_oof_spatial,All-source spatial OOF,-0.12286553046424252,61.30623575980077,30.70889213795991,0.5112720884769402,94906,167298,140.0857695,36.12858182,0.005803394,-0.12332989951958477,-0.09533173294087402,7,7,7_7
1104681,IBR012,K-NET,140.2869,36.1901,367,0.110491074996036,full_oof_spatial,All-source spatial OOF,0.25441510219475966,79.06412546239902,37.84091513796018,0.44707065441488025,103264,178805,140.290078,36.19320188,-0.167177133,0.2539507331394174,-0.26831225994087404,8,7,8_7
1104682,IBR012,K-NET,140.2713,36.1954,118,0.0868159637826814,full_oof_spatial,All-source spatial OOF,0.1999011440399132,77.65648786402174,38.42695733795999,0.26885433519427804,102558,177805,140.2722476,36.1930948,-0.183828806,0.19943677498457094,-0.284963932940874,8,7,8_7
1104691,IBR013,K-NET,140.4892,36.1587,437,0.0985041695516567,full_oof_spatial,All-source spatial OOF,0.2268142324074027,97.31829765160553,34.368891537960415,0.257418928200295,110608,189801,140.4864533,36.15807095,-0.03846192,0.22634986335206045,-0.13959704694087402,8,7,8_7
1104701,IBR014,K-NET,140.1948,36.0729,442,0.083726905221107,full_oof_spatial,All-source spatial OOF,0.19278832384464634,70.75364964121192,24.88164233795974,0.28717936431553864,99308,173292,140.1932151,36.07515223,-0.036675635,0.19232395478930409,-0.13781076194087402,7,7,7_7
1104711,IBR015,K-NET,139.9082,36.0698,247,0.0686504605843887,full_oof_spatial,All-source spatial OOF,0.15807352716878875,44.89282043000952,24.538862937960147,0.342745226345232,87520,157292,139.9083771,36.07289632,0.220005498,0.1576091581134465,0.11887037105912597,6,6,6_6
1104721,IBR016,K-NET,140.0494,35.9114,388,0.0230283572969695,full_oof_spatial,All-source spatial OOF,0.05302475222814263,57.63374535890629,7.023941337960112,0.3015026529696229,93406,165274,140.0527382,35.91151879,0.368968163,0.05256038317280037,0.267833036059126,7,6,7_6
1104731,IBR017,K-NET,140.3196,35.9538,463,0.0166765224415873,full_oof_spatial,All-source spatial OOF,0.03839911197697959,82.01475042822764,11.712278937960185,0.4837490981695911,104285,180278,140.3189297,35.94945944,0.162415695,0.03793474292163733,0.061280568059125975,8,6,8_6
1104741,IBR018,K-NET,140.6306,35.9766,397,0.0808079730302371,full_oof_spatial,All-source spatial OOF,0.18606723409448883,110.07726921637695,14.233366137959809,0.15981426815772248,115446,197781,140.6298874,35.97792317,0.017099028,0.18560286503914658,-0.08403609894087402,9,6,9_6
1104751,IBR019,K-NET,140.6544,36.8808,172,0.0470926981561779,full_oof_spatial,All-source spatial OOF,0.10843494476328343,112.22481888569733,114.21437693796014,0.17582514697131701,116410,199381,140.6525595,36.88132218,0.008905615,0.10797057570794118,-0.09222951194087402,9,9,9_9
1105941,KNG001,K-NET,139.7061,35.5291,229,0.1387117019491263,full_oof_spatial,All-source spatial OOF,0.31939549713189136,26.656694876680234,-35.24849886203997,0.22668714940688753,78604,145232,139.7036078,35.52884159,0.193479606,0.3189311280765491,0.09234447905912598,6,5,6_5
1105951,KNG002,K-NET,139.6334,35.4372,248,0.1545296759278368,full_oof_spatial,All-source spatial OOF,0.35581772821663793,20.096742735527414,-45.41024946204025,0.10975723909130285,75642,141222,139.6344218,35.43773852,0.286018024,0.3553533591612957,0.18488289705912597,6,4,6_4
1105961,KNG003,K-NET,139.6582,35.2731,136,0.0265206210848059,full_oof_spatial,All-source spatial OOF,0.06106598676681765,22.33452558422878,-63.555442862039996,0.39656169525283996,76362,142204,139.65478,35.27535239,0.43001021,0.06060161771147539,0.328875083059126,6,4,6_4
1105971,KNG004,K-NET,139.6223,35.1442,226,0.1118407784299639,full_oof_spatial,All-source spatial OOF,0.2575229092016849,19.09515444437484,-77.80843146204016,0.4787465601364192,74872,140190,139.6216728,35.14849929,0.423254989,0.25705854014634266,0.322119862059126,6,3,6_3
1105981,KNG005,K-NET,139.549,35.3194,90,0.0772021709588941,full_oof_spatial,All-source spatial OOF,0.1777645679967274,12.481062395592916,-58.43586666203975,0.0699739628851276,71939,136209,139.5482361,35.31929105,0.322409305,0.17730019894138516,0.22127417805912597,5,4,5_4
1105982,KNG005,K-NET,139.5461,35.3191,127,0.0220171662129552,full_oof_spatial,All-source spatial OOF,0.050696398711922816,12.219386175380865,-58.469038862040065,0.19390130203206826,71939,136209,139.5482361,35.31929105,0.322409305,0.05023202965658056,0.22127417805912597,5,4,5_4
1105991,KNG006,K-NET,139.5391,35.4541,152,0.0769550204526633,full_oof_spatial,All-source spatial OOF,0.17719548292535442,11.587753919698555,-43.54154886204029,0.20163701534246484,71585,135724,139.5369752,35.45466464,0.307680702,0.17673111387001217,0.20654557505912596,5,4,5_4
1106001,KNG007,K-NET,139.4901,35.3385,54,-0.0626377299825245,full_oof_spatial,All-source spatial OOF,-0.14422870331674711,7.166328129927498,-56.323903262039565,0.4109136827019674,69358,132711,139.4861878,35.33659794,0.30287322,-0.14469307237208937,0.201738093059126,5,4,5_4
1106011,KNG008,K-NET,139.3262,35.5749,108,-0.0160872487442754,full_oof_spatial,All-source spatial OOF,-0.03704225914585572,-7.622889970967474,-30.184209662039986,0.510960608055629,62743,123738,139.3224214,35.57834173,-0.030162532,-0.037506628201197975,-0.13129765894087403,5,5,5_5
1106021,KNG009,K-NET,139.3621,35.4425,162,0.1429566526542842,full_oof_spatial,All-source spatial OOF,0.3291698573460825,-4.383518831113536,-44.82420726203965,0.1691731440179386,64204,125723,139.3605523,35.44336349,0.21148459,0.32870548829074026,0.11034946305912598,5,4,5_4
1106031,KNG010,K-NET,139.3504,35.3355,152,0.027070618359904,full_oof_spatial,All-source spatial OOF,0.06233240229364588,-5.439247029895217,-56.65562526203958,0.3258547665769758,63823,125211,139.3539275,35.33486901,0.305424015,0.06186803323830362,0.20428888805912598,5,4,5_4
1106032,KNG010,K-NET,139.3446,35.3339,31,0.0186910557644159,full_oof_spatial,All-source spatial OOF,0.04303774637546448,-5.962599470316752,-56.83254366203995,0.10453508730188259,63454,124711,139.3451106,35.33474861,0.292784217,0.04257337732012222,0.191649090059126,5,4,5_4
1106041,KNG011,K-NET,139.1554,35.6151,125,0.0472283810471626,full_oof_spatial,All-source spatial OOF,0.10874736616543913,-23.034717009606148,-25.739134862040135,0.3796841452952173,55736,114242,139.1535767,35.61200535,0.109532709,0.10828299711009688,0.008397582059125983,4,5,4_5
1106051,KNG012,K-NET,139.2044,35.3793,156,0.0960018286694264,full_oof_spatial,All-source spatial OOF,0.22105237959438964,-18.613291219832526,-51.812484062039864,0.19827122180636736,57555,116716,139.2030466,35.37788739,0.076886017,0.2205880105390474,-0.024249109940874022,4,4,4_4
1106061,KNG013,K-NET,139.1521,35.2642,149,0.0908773103697159,full_oof_spatial,All-source spatial OOF,0.20925274014870104,-23.33248650157008,-64.53955146203967,0.5021390055524945,55328,113703,139.1527944,35.25969429,0.079603053,0.2087883710933588,-0.02153207394087403,4,4,4_4
1106071,KNG014,K-NET,139.0828,35.3609,123,0.1155018240905565,full_oof_spatial,All-source spatial OOF,0.26595277836453596,-29.58564583282035,-53.84704566203984,0.415291657561416,52387,109714,139.0799869,35.35792745,0.026623497,0.2654884093091937,-0.07451162994087403,4,4,4_4
1107301,NGN001,K-NET,138.3657,36.8513,62,-0.0277840834730201,full_oof_spatial,All-source spatial OOF,-0.06397521642747832,-94.29185876845673,110.95244393796028,0.3365378969854129,26663,72381,138.3690115,36.85270023,0.184322043,-0.06443958548282057,0.08318691605912597,2,9,2_9
1107311,NGN002,K-NET,138.2069,36.8068,66,-0.1345983302365298,full_oof_spatial,All-source spatial OOF,-0.3099241087445233,-108.6208876544979,106.03190093796036,0.37176410330050796,21107,63376,138.2089834,36.80389941,0.218589317,-0.31038847779986556,0.11745419005912598,2,9,2_9
1107321,NGN003,K-NET,138.4137,36.74,61,-0.0987688386542142,full_oof_spatial,All-source spatial OOF,-0.22742365553752772,-89.96066615806669,98.64555773796029,0.5492273422130237,28238,74868,138.4178674,36.73637973,0.297251435,-0.22788802459286997,0.196116308059126,2,9,2_9
1107331,NGN004,K-NET,138.1941,36.6475,55,-0.1538583244293073,full_oof_spatial,All-source spatial OOF,-0.35427188426396466,-109.77587235060174,88.41746273796015,0.3665545421081599,20489,62359,138.1966176,36.65010163,-0.049081694,-0.3547362533193069,-0.15021682094087402,2,9,2_9
1107341,NGN005,K-NET,137.863,36.6987,48,-0.1488203461762614,full_oof_spatial,All-source spatial OOF,-0.34267151063967294,-139.65207804435306,94.07885153796032,0.30390478545958893,10027,43865,137.8630581,36.69595198,-0.015663884,-0.3431358796950152,-0.11679901094087403,1,9,1_9
1107351,NGN006,K-NET,137.8514,36.5084,51,-0.1037054568110448,full_oof_spatial,All-source spatial OOF,-0.2387906389152496,-140.69878292519613,73.03661933796026,0.2888576867370162,9490,42844,137.8528487,36.50607046,-0.050011469,-0.23925500797059185,-0.15114659594087404,1,8,1_8
1107361,NGN007,K-NET,138.1188,36.5344,65,-0.1464855321559496,full_oof_spatial,All-source spatial OOF,-0.3372954026815895,-116.57043075815078,75.91154333795984,0.41267991749862765,17812,57846,138.1203678,36.53089398,-0.254125191,-0.3377597717369317,-0.355260317940874,1,8,1_8
1107371,NGN008,K-NET,138.2491,36.4022,68,0.0648129985051893,full_oof_spatial,All-source spatial OOF,0.14923744419029428,-104.81304748452936,61.29366053796012,0.42366310888953546,21969,64831,138.2503684,36.39851097,-0.110043804,0.14877307513495203,-0.21117893094087403,2,8,2_8
1107381,NGN009,K-NET,137.8718,36.3371,49,-0.0264908182648467,full_oof_spatial,All-source spatial OOF,-0.060997363237850405,-138.85802606578085,54.09529313796001,0.3698155636722567,9728,43325,137.8686818,36.33492956,-0.042044976,-0.06146173229319266,-0.14318010294087402,1,7,1_7
1107391,NGN010,K-NET,138.4349,36.3282,76,-0.0034860812475161,full_oof_spatial,All-source spatial OOF,-0.008026998713496658,-88.04772275514507,53.11118453796034,0.39611617391636184,28193,74823,138.431341,36.33029723,0.53036202,-0.008491367768838912,0.429226893059126,2,7,2_7
1107401,NGN011,K-NET,138.2584,36.2718,45,0.0445737681694628,full_oof_spatial,All-source spatial OOF,0.10263489412557754,-103.97387891626667,46.87481093795994,0.3269579675038293,21955,64817,138.2548078,36.27218768,0.019880885,0.10217052507023529,-0.08125424194087402,2,7,2_7
1107411,NGN012,K-NET,137.9796,36.2571,65,-0.0498971078425016,full_oof_spatial,All-source spatial OOF,-0.11489233670166048,-129.13088932828043,45.2493731379602,0.09490884502780764,12930,49316,137.978848,36.25649988,-0.04571348,-0.11535670575700273,-0.14684860694087404,1,7,1_7
1107421,NGN013,K-NET,137.785,36.1827,52,-0.1087167329476906,full_oof_spatial,All-source spatial OOF,-0.250329528644367,-146.69026603623692,37.02266753795973,0.39049142756435395,7211,38308,137.7857941,36.17922847,-0.01347164,-0.2507938976997093,-0.11460676694087402,0,7,0_7
1107432,NGN014,K-NET,138.4839,36.0956,160,0.0513675468101883,full_oof_spatial,All-source spatial OOF,0.11827814754881343,-83.62629696537147,27.391672137959784,0.11678630804669572,29775,77297,138.4834844,36.09660025,-0.085503166,0.11781377849347117,-0.18663829294087403,2,7,2_7
1107441,NGN015,K-NET,138.1114,36.0451,161,0.0813667024277024,full_oof_spatial,All-source spatial OOF,0.18735375607611,-117.23815628558496,21.807685137959833,0.2266352713014509,16885,56292,138.1115644,36.04305477,0.017973548,0.18688938702076774,-0.08316157894087403,1,6,1_6
1107451,NGN016,K-NET,138.2421,35.9151,55,0.0078596510436525,full_oof_spatial,All-source spatial OOF,0.01809751532924934,-105.44467974021167,7.433065137960337,0.5089367087087485,21008,63277,138.2407188,35.91063746,0.051943207,0.017633146273907087,-0.049191919940874025,2,6,2_6
1107452,NGN016,K-NET,138.2229,35.9133,99,0.0300937395342947,full_oof_spatial,All-source spatial OOF,0.06929339604411255,-107.17715678436616,7.234031937960015,0.33974238033570275,20407,62277,138.2229715,35.91022802,0.033781605,0.0688290269887703,-0.06735352194087402,2,6,2_6
1107461,NGN017,K-NET,137.8259,35.9749,81,-0.0935229384402054,full_oof_spatial,All-source spatial OOF,-0.21534452390541678,-142.99972899946778,14.045390337959855,0.42225917078417036,8169,40285,137.8297423,35.97272011,-0.013380679,-0.21580889296075903,-0.11451580594087402,1,6,1_6
1107471,NGN018,K-NET,137.5298,35.8129,92,-0.1615655696004209,full_oof_spatial,All-source spatial OOF,-0.37201847210302114,-169.7177734148101,-3.8675976620400383,0.4282025139184018,438,22768,137.5258096,35.81080409,-0.006863573,-0.3724828411583634,-0.10799869994087402,0,6,0_6
1107481,NGN019,K-NET,137.708,35.8561,82,-0.1085410679144223,full_oof_spatial,All-source spatial OOF,-0.24992504495740314,-153.63822084873723,0.9091991379598282,0.4878469941978422,4835,33272,137.7103317,35.85211945,-0.012514251,-0.2503894140127454,-0.11364937794087403,0,6,0_6
1107491,NGN020,K-NET,137.9548,35.8278,52,-0.1096330874710544,full_oof_spatial,All-source spatial OOF,-0.25243951290976213,-131.3686721769818,-2.220045062039557,0.5412329415225802,11517,46769,137.9507042,35.83137594,-0.053185258,-0.2529038819651044,-0.15432038494087402,1,6,1_6
1107501,NGN021,K-NET,137.9336,35.7293,48,-0.0837203772268151,full_oof_spatial,All-source spatial OOF,-0.19277329258230264,-133.28161557990342,-13.111584062039707,0.39084327661525015,10971,45758,137.936792,35.73168933,-0.069658579,-0.1932376616376449,-0.170793705940874,1,5,1_5
1107511,NGN022,K-NET,137.6126,35.6053,73,-0.185578340030379,full_oof_spatial,All-source spatial OOF,-0.42730991933653095,-162.24646616188826,-26.822760062039965,0.15985648191061622,2211,27245,137.6143169,35.60565645,-0.009253597,-0.4277742883918732,-0.11038872394087403,0,5,0_5
1107521,NGN023,K-NET,138.0338,35.5775,83,-0.121743094208678,full_oof_spatial,All-source spatial OOF,-0.28032383389987175,-124.24025100571438,-29.89671726203987,0.4199004912492403,13692,50741,138.030999,35.58053251,-0.093373844,-0.280788202955214,-0.19450897094087402,1,5,1_5
1107531,NGN024,K-NET,137.8382,35.5232,97,-0.1031417233172354,full_oof_spatial,All-source spatial OOF,-0.23749259457598262,-141.88986089305442,-35.900885462039625,0.19924178713024987,7871,39735,137.8387674,35.52145862,-0.025031572,-0.23795696363132487,-0.126166698940874,1,5,1_5
1107541,NGN025,K-NET,137.8567,35.2807,61,-0.2079119359254306,full_oof_spatial,All-source spatial OOF,-0.47873492431742976,-140.22054707446765,-62.715080462039595,0.2876520654830496,8092,40208,137.8570717,35.2781163,-0.005967819,-0.479199293372772,-0.10710294594087402,1,4,1_4
1107951,NIG018,K-NET,138.5583,37.3727,75,-0.0643445692363528,full_oof_spatial,All-source spatial OOF,-0.14815884593874926,-76.91294841926737,168.60572753796026,0.15642417429156757,34191,83938,138.5591642,37.37147366,0.001885981,-0.1486232149940915,-0.09924914594087403,3,11,3_11
1107961,NIG019,K-NET,138.7898,37.3057,48,-0.0548727365329986,full_oof_spatial,All-source spatial OOF,-0.12634914515267237,-56.02396739207339,161.19726953796024,0.30501293974005206,42783,96430,138.7874396,37.30372545,0.00277445,-0.12681351420801462,-0.09836067694087403,3,11,3_11
1107962,NIG019,K-NET,138.8121,37.3043,69,-0.0045945781383064,full_oof_spatial,All-source spatial OOF,-0.010579407129860652,-54.011767491832195,161.0424659379598,0.2217045867446042,43848,97930,138.8145555,37.30422952,0.002982451,-0.011043776185202907,-0.09815267594087403,3,11,3_11
1107971,NIG020,K-NET,138.9621,37.2348,91,0.0564488158504624,full_oof_spatial,All-source spatial OOF,0.12997820189444073,-40.476790584363236,153.35757293796004,0.08985431892821404,49644,105922,138.9611341,37.23460236,0.006953505,0.12951383283909848,-0.09418162194087402,4,11,4_11
1107981,NIG021,K-NET,138.7468,37.1281,66,-0.0469436084589213,full_oof_spatial,All-source spatial OOF,-0.10809165304886138,-59.90399410554826,141.55932713796045,0.3676245745425104,41004,93911,138.747355,37.1313937,0.005591548,-0.10855602210420363,-0.09554357894087402,3,10,3_10
1107982,NIG021,K-NET,138.7783,37.2011,25,-0.0047697829868879,full_oof_spatial,All-source spatial OOF,-0.010982831202424692,-57.06164895498041,149.6312291379597,0.44442078139791924,42418,95919,138.7813158,37.20427765,0.004543,-0.011447200257766946,-0.09659212694087402,3,10,3_10
1107991,NIG022,K-NET,138.8461,37.0366,159,0.0475339672914595,full_oof_spatial,All-source spatial OOF,0.10945100449618121,-50.943839392804186,131.44180613796007,0.4151940691649832,44891,99400,138.8493628,37.03395238,0.02268375,0.10898663544083896,-0.07845137694087402,3,10,3_10
1108001,NIG023,K-NET,138.6546,37.0134,84,-0.1540523477740047,full_oof_spatial,All-source spatial OOF,-0.3547186395251577,-68.22349324467396,128.87648933795975,0.2893742491246292,37189,88398,138.6517863,37.01214433,-0.003272399,-0.35518300858049995,-0.10440752594087402,3,10,3_10
1108011,NIG024,K-NET,138.4442,37.1274,68,0.1029240428718521,full_oof_spatial,All-source spatial OOF,0.23699136682740674,-87.2085541868824,141.48192533796023,0.39390202971030003,29566,76911,138.4407972,37.12516853,0.009733356,0.23652699777206448,-0.09140177094087402,2,10,2_10
1108021,NIG025,K-NET,138.2234,37.161,81,0.0470328158783423,full_oof_spatial,All-source spatial OOF,0.10829706072300464,-107.13204019467568,145.1972117379602,0.49005350069202724,22054,64916,138.2228132,37.16540596,0.013810104,0.10783269166766239,-0.08732502294087402,2,10,2_10
1108031,NIG026,K-NET,138.2506,37.0224,54,-0.1032275403281752,full_oof_spatial,All-source spatial OOF,-0.2376901955460979,-104.67769771545532,129.8716553379598,0.4122111551695537,22953,66400,138.2550838,37.02168635,0.049978579,-0.23815456460144016,-0.05115654794087402,2,10,2_10
1108041,NIG027,K-NET,137.8613,37.0235,61,0.0337910387287345,full_oof_spatial,All-source spatial OOF,0.07780674205356854,-139.80547444930434,129.9932867379599,0.3704517219985078,10323,44401,137.8587449,37.02087765,0.010080603,0.07734237299822629,-0.09105452394087402,1,10,1_10
1108851,SIT001,K-NET,139.1938,36.2431,231,0.0718068121057674,full_oof_spatial,All-source spatial OOF,0.16534129513016443,-19.569762921292043,43.701337137959875,0.238052154460192,58020,117312,139.1923206,36.24488253,0.418444859,0.16487692607482218,0.317309732059126,4,7,4_7
1108861,SIT002,K-NET,139.3888,36.1478,260,0.0251811295553855,full_oof_spatial,All-source spatial OOF,0.05798169353898244,-1.9742929415836759,33.163634937959685,0.169427496146573,66127,128301,139.3905499,36.14835555,0.847998978,0.057517324483640185,0.746863851059126,5,7,5_7
1108871,SIT003,K-NET,139.6969,36.0721,407,0.1538582624835262,full_oof_spatial,All-source spatial OOF,0.3542717416285325,25.826549626356154,24.793183137959947,0.2425227912516354,78664,145292,139.6947719,36.07076032,0.546180602,0.3538073725731902,0.44504547505912595,6,6,6_6
1108881,SIT004,K-NET,139.1044,36.1178,328,0.1591515050087768,full_oof_spatial,All-source spatial OOF,0.3664598829607767,-27.63660915814431,29.846414937960347,0.1796988169466496,54316,112298,139.1061964,36.11709849,0.013712295,0.36599551390543444,-0.08742283194087402,4,7,4_7
1108891,SIT005,K-NET,139.2626,36.0563,221,0.2263457872748764,full_oof_spatial,All-source spatial OOF,0.5211804356411318,-13.361720179734826,23.04611393796009,0.3304211131718475,60582,120791,139.2589407,36.05618832,0.500721266,0.5207160665857895,0.399586139059126,5,6,5_6
1108901,SIT006,K-NET,139.0713,35.9959,288,0.147567103955884,full_oof_spatial,All-source spatial OOF,0.3397858137851212,-30.623327395724807,16.36744433795994,0.4090067060133823,52827,110285,139.0734514,35.99915575,0.217521102,0.33932144472977893,0.11638597505912597,4,6,4_6
1108911,SIT007,K-NET,139.3933,36.0542,306,0.093349009465935,full_oof_spatial,All-source spatial OOF,0.214944037642022,-1.5682436343589663,22.813908537960238,0.43382819065803746,66117,128291,139.3923912,36.05805269,0.95523278,0.21447966858667974,0.854097653059126,5,6,5_6
1108921,SIT008,K-NET,139.7526,35.9745,185,0.1550188079970327,full_oof_spatial,All-source spatial OOF,0.35694399642767366,30.852537717996253,14.001160737959957,0.3796907705431882,80867,148281,139.7497417,35.97197997,0.77062824,0.3564796273723314,0.669493113059126,6,6,6_6
1108922,SIT008,K-NET,139.7456,35.9829,128,0.1538582624835262,full_oof_spatial,All-source spatial OOF,0.3542717416285325,30.220905462313944,14.92998233796015,0.4169114110677693,80868,148282,139.7495993,35.98101187,0.771349297,0.3538073725731902,0.670214170059126,6,6,6_6
1108931,SIT009,K-NET,139.4837,35.9032,76,0.0137666289896138,full_oof_spatial,All-source spatial OOF,0.03169883469226442,6.588835781874292,6.1172345379598685,0.28050588963697703,69790,133274,139.4843042,35.90568844,0.440906717,0.031234465636922167,0.339771590059126,5,6,5_6
1108932,SIT009,K-NET,139.4826,35.9033,178,0.0213314354391138,full_oof_spatial,All-source spatial OOF,0.04911744525426834,6.489579284552127,6.128291937960236,0.3056065169119612,69790,133274,139.4843042,35.90568844,0.440906717,0.04865307619892608,0.339771590059126,5,6,5_6
1108941,SIT010,K-NET,139.6478,35.9071,374,0.1464616300490118,full_oof_spatial,All-source spatial OOF,0.3372403660464634,21.396100518643923,6.548473137960042,0.3331422724489115,76432,142274,139.6441592,35.90760009,0.692256749,0.33677599699112115,0.591121622059126,6,6,6_6
1108951,SIT011,K-NET,139.7214,35.8098,259,0.1548548598247418,full_oof_spatial,All-source spatial OOF,0.356566491810133,28.037262521241686,-4.210377062039632,0.3936679044770255,79742,146763,139.7256835,35.80912435,0.734004214,0.35610212275479075,0.632869087059126,6,6,6_6
1108961,SIT012,K-NET,139.3216,35.8403,156,-0.0645330063888706,full_oof_spatial,All-source spatial OOF,-0.14859273851710297,-8.037962596130797,-0.8378700620400285,0.3786436312900837,63141,124267,139.3257958,35.84035176,0.062278985,-0.14905710757244522,-0.03885614194087402,5,6,5_6
1108971,SIT013,K-NET,139.4659,35.7966,157,0.1027145950378956,full_oof_spatial,All-source spatial OOF,0.2365090953671786,4.982685188855241,-5.669953862040159,0.2521768313860378,69040,132262,139.4686292,35.79709095,0.240176637,0.23604472631183634,0.13904151005912596,5,6,5_6
1108981,SIT014,K-NET,138.801,35.9954,198,0.1241060048675305,full_oof_spatial,All-source spatial OOF,0.28576463675902225,-55.01335578298477,16.31215733795968,0.2981463740704143,41579,94785,138.7979254,35.99441248,-0.683970451,0.28530026770368,-0.785105577940874,3,6,3_6
1109191,SZO001,K-NET,139.0798,35.1425,152,0.1116133485463936,full_oof_spatial,All-source spatial OOF,0.2569992325420746,-29.85634537096845,-77.99640726204012,0.3536103322632171,51994,109190,139.0762969,35.14106653,0.042878474,0.2565348634867323,-0.058256652940874024,4,3,4_3
1109201,SZO002,K-NET,139.103,34.9653,103,0.0879656791753763,full_oof_spatial,All-source spatial OOF,0.20254846156431824,-27.762935609279747,-97.59012006204003,0.6005101157223564,53081,110670,139.106855,34.96087307,0.052769853,0.202084092508976,-0.048365273940874025,4,3,4_3
1109211,SZO003,K-NET,139.0544,34.8158,244,0.1137364689978565,full_oof_spatial,All-source spatial OOF,0.26188789804424384,-32.148268127301485,-114.12093306203961,0.2906791765543942,50851,107654,139.0576072,34.81555325,0.048855154,0.2614235289889016,-0.052279972940874025,4,2,4_2
1109221,SZO004,K-NET,138.8193,34.6471,70,-0.0560597012765978,full_oof_spatial,All-source spatial OOF,-0.12908223247719336,-53.36208860027266,-132.77476686203974,0.3094003874367945,40729,93636,138.816636,34.64886168,0.008396231,-0.1295466015325356,-0.09273889594087402,3,2,3_2
1109231,SZO005,K-NET,138.7841,34.755,121,0.0743605211123306,full_oof_spatial,All-source spatial OOF,0.17122142742052146,-56.53829651455889,-120.84383226203965,0.36437467694555253,39694,92148,138.7875296,34.75673962,0.00785726,0.1707570583651792,-0.09327786694087402,3,2,3_2
1109241,SZO006,K-NET,138.7948,34.9111,51,-0.0039330440592706,full_oof_spatial,All-source spatial OOF,-0.009056168620965274,-55.57280149515819,-103.5832308620402,0.24849932003540473,40059,92665,138.7921862,34.91039216,0.007636884,-0.009520537676307528,-0.09349824294087403,3,2,3_2
1109251,SZO007,K-NET,138.9468,34.9771,81,0.0173698719320542,full_oof_spatial,All-source spatial OOF,0.03999560817796369,-41.85735822892469,-96.28534686203993,0.16989293043237114,46467,101672,138.9484547,34.97636693,0.020339737,0.03953123912262143,-0.08079538994087403,4,3,4_3
1109261,SZO008,K-NET,138.8657,35.096,99,-0.0465364248366773,full_oof_spatial,All-source spatial OOF,-0.10715407811017102,-49.175269076895255,-83.13809826204032,0.4048963987344443,43247,97185,138.8664201,35.09238569,0.008799732,-0.10761844716551328,-0.09233539494087402,4,3,4_3
1109271,SZO009,K-NET,138.9129,35.1972,70,-0.0084343247098657,full_oof_spatial,All-source spatial OOF,-0.01942075034640809,-44.91626301001152,-71.94800946203968,0.5845929218340435,45407,100197,138.9163901,35.20165418,0.008414886,-0.019885119401750345,-0.09272024094087403,4,3,4_3
1109281,SZO010,K-NET,138.9349,35.3091,114,-0.0025625177244334,full_oof_spatial,All-source spatial OOF,-0.005900415112813371,-42.931133063583594,-59.57477886203984,0.3563219018884549,46142,101209,138.9312384,35.31030667,-0.002520075,-0.006364784168155626,-0.10365520194087402,4,4,4_4
1109282,SZO010,K-NET,138.9063,35.3134,25,0.029373104121976,full_oof_spatial,All-source spatial OOF,0.0676340716862239,-45.511801993941944,-59.09931066203978,0.41501253707856284,45059,99709,138.9048022,35.30985134,-0.008446108,0.06716970263088165,-0.10958123494087402,4,4,4_4
1109291,SZO011,K-NET,138.6221,35.2216,46,-0.0978220853566684,full_oof_spatial,All-source spatial OOF,-0.22524367550785582,-71.15607157462536,-69.25000386203969,0.3446147234757974,33953,83700,138.625227,35.22338932,-0.004684588,-0.22570804456319807,-0.10581971494087403,3,4,3_4
1109292,SZO011,K-NET,138.6015,35.2129,135,-0.0997388182196721,full_oof_spatial,All-source spatial OOF,-0.22965711602545993,-73.01487506991785,-70.21199766204019,0.24103123238527221,32953,82199,138.5990905,35.21384098,-0.003343688,-0.23012148508080219,-0.10447881494087402,3,4,3_4
1109301,SZO012,K-NET,138.6222,35.1257,105,-0.0355646529353611,full_oof_spatial,All-source spatial OOF,-0.08189063968646941,-71.14704825668674,-79.85405046203972,0.32605237524657155,33608,83189,138.6193242,35.12391461,-0.000570313,-0.08235500874181166,-0.10170543994087403,3,3,3_3
1109311,SZO013,K-NET,138.4765,35.0409,68,0.0018260817312256,full_oof_spatial,All-source spatial OOF,0.004204708572908827,-84.29402249280822,-89.23072566203987,0.39417880653976856,28050,74680,138.4724104,35.03964677,0.000313666,0.0037403395175665717,-0.10082146094087402,2,3,2_3
1109321,SZO014,K-NET,138.3741,34.9649,73,-0.0344949157578567,full_oof_spatial,All-source spatial OOF,-0.07942747880812626,-93.53390006163899,-97.63434966203992,0.3684089220537649,24575,69172,138.378139,34.96538702,0.000211765,-0.07989184786346851,-0.10092336194087402,2,3,2_3
1109331,SZO015,K-NET,138.341,35.2433,76,-0.0083267817161074,full_oof_spatial,All-source spatial OOF,-0.019173123452124276,-96.52061829921949,-66.85054806204018,0.21453296788979262,23677,67703,138.342753,35.24461068,0.000126105,-0.01963749250746653,-0.10100902194087402,2,4,2_4
1109341,SZO016,K-NET,138.312,34.8564,84,-0.0587448105398229,full_oof_spatial,All-source spatial OOF,-0.13526492503975573,-99.13738050132973,-109.63162866203986,0.10479672597885088,22102,65160,138.3115043,34.85554291,0.000179627,-0.13572929409509799,-0.10095549994087402,2,2,2_2
1109361,SZO018,K-NET,138.2247,34.7389,97,-0.1786648663605794,full_oof_spatial,All-source spatial OOF,-0.4113910579236435,-107.01473706147628,-122.62407366203982,0.4083264924321715,19085,60147,138.2278466,34.73624608,0.000171885,-0.41185542697898575,-0.10096324194087403,2,2,2_2
1109391,SZO021,K-NET,138.1332,35.0978,53,-0.0180649583201461,full_oof_spatial,All-source spatial OOF,-0.04159610373352717,-115.27107297503427,-82.93906506204,0.4065196454261481,16490,55687,138.1366157,35.09540273,-0.001253319,-0.04206047278886943,-0.10238844594087403,1,3,1_3
1109401,SZO022,K-NET,137.8127,35.0918,84,-0.2425768569536746,full_oof_spatial,All-source spatial OOF,-0.5585538547268801,-144.19080696732348,-83.60250906204003,0.5074484432536353,6609,37187,137.8116811,35.08728673,-0.001664333,-0.5590182237822224,-0.10279945994087403,1,3,1_3
1109441,SZO026,K-NET,137.8964,34.9812,51,-0.1262190769566408,full_oof_spatial,All-source spatial OOF,-0.2906301650518294,-136.63828985295672,-95.8319934620398,0.14419533149536062,8811,41675,137.8948093,34.98107524,-0.000878664,-0.2910945341071717,-0.10201379094087402,1,3,1_3
1109451,SZO027,K-NET,138.7934,34.7809,64,0.08512294427924,full_oof_spatial,All-source spatial OOF,0.1960028225691408,-55.69912794629619,-117.97996566203965,0.39301392983348077,40045,92651,138.7955613,34.78398584,0.008410926,0.19553845351379856,-0.09272420094087402,3,2,3_2
1109461,SZO028,K-NET,139.1379,34.9522,83,-0.0005982784734937,full_oof_spatial,All-source spatial OOF,-0.001377587094525827,-24.613797648809363,-99.03863946204018,0.3850786779323496,54556,112669,139.1421616,34.95238453,0.064206507,-0.001841956149868082,-0.03692861994087403,4,3,4_3
1109471,TCG001,K-NET,140.0825,36.9432,413,-0.0013635025630607,full_oof_spatial,All-source spatial OOF,-0.003139580675962742,60.62046359648935,121.11419453795978,0.3018603805646194,95365,167888,140.0851509,36.94153479,0.153428943,-0.003603949731304997,0.05229381605912599,7,10,7_10
1109481,TCG002,K-NET,139.8029,36.9903,343,0.0502261409182119,full_oof_spatial,All-source spatial OOF,0.115649963356893,35.3912666409667,126.32222993795982,0.38994616676565963,83932,152394,139.8052847,36.99324103,0.047496271,0.11518559430155074,-0.053638855940874024,6,10,6_10
1109491,TCG003,K-NET,139.7184,36.8153,441,0.0838755656158147,full_oof_spatial,All-source spatial OOF,0.1931306270534189,27.766562983093586,106.97177993796012,0.3990952373249104,80222,147374,139.7182472,36.81169285,-0.055027253,0.19266625799807666,-0.156162379940874,6,9,6_9
1109501,TCG004,K-NET,139.4221,36.8065,279,0.0239093424527964,full_oof_spatial,All-source spatial OOF,0.05505329551509869,1.0304719318740483,105.99872873796004,0.1823329844858035,68045,130874,139.4217729,36.80812722,0.2326525,0.05458892645975643,0.13151737305912597,5,9,5_9
1109511,TCG005,K-NET,139.9264,36.8061,432,0.0695939868028969,full_oof_spatial,All-source spatial OOF,0.16024607657437476,46.53506429478303,105.95449913796014,0.19696088619909585,88708,158873,139.9250353,36.8047098,0.407958716,0.1597817075190325,0.306823589059126,7,9,7_9
1109521,TCG006,K-NET,140.1295,36.7638,484,0.018888384676747,full_oof_spatial,All-source spatial OOF,0.0434921129874148,64.86142302749586,101.27721893796044,0.37360951373646617,97188,170368,140.1322014,36.76123938,0.324646872,0.043027743932072544,0.22351174505912597,7,9,7_9
1109531,TCG007,K-NET,139.8873,36.5677,349,0.0471194069002013,full_oof_spatial,All-source spatial OOF,0.10849644391912429,43.00694698090376,79.5936575379603,0.3945615037135086,86837,156347,139.8835122,36.56948282,0.097525723,0.10803207486378204,-0.0036094039408740286,6,8,6_8
1109541,TCG008,K-NET,139.7676,36.56,361,0.1443853238327207,full_oof_spatial,All-source spatial OOF,0.33245949430434063,32.20603540874187,78.74223773796031,0.08441255647442482,82039,149846,139.7672149,36.55930428,0.257169712,0.3319951252489984,0.15603458505912599,6,8,6_8
1109551,TCG009,K-NET,139.7159,36.7261,434,0.1292026333269778,full_oof_spatial,All-source spatial OOF,0.29750005747427477,27.540980034635982,97.10857913796033,0.5825528554769667,80213,147365,139.7195996,36.73041763,-0.00336279,0.2970356884189325,-0.10449791694087403,6,9,6_9
1109561,TCG010,K-NET,139.4379,36.6348,344,0.0064233381496936,full_oof_spatial,All-source spatial OOF,0.014790282670744441,2.4561561661285567,87.0131729379599,0.3902803931316035,68395,131355,139.4342433,36.63668509,0.208482466,0.014325913615402187,0.10734733905912598,5,8,5_8
1109571,TCG011,K-NET,139.6144,36.3869,315,0.0672514428105113,full_oof_spatial,All-source spatial OOF,0.15485216969782492,18.382312327247586,59.60187833795975,0.3402531627791702,75747,141327,139.6180242,36.38605027,0.137577727,0.15438780064248267,0.03644260005912599,6,8,6_8
1109581,TCG012,K-NET,139.8048,36.2863,391,0.0795737296848906,full_oof_spatial,All-source spatial OOF,0.1832252837663669,35.56270968179519,48.47813393795975,0.3443048292742734,83485,151816,139.80719,36.28872732,0.469435336,0.18276091471102465,0.36830020905912597,6,7,6_7
1109591,TCG013,K-NET,140.0227,36.4368,476,0.0868427600567716,full_oof_spatial,All-source spatial OOF,0.19996284474118106,55.22451946937643,65.11952093795985,0.33293671381867135,92357,163832,140.0195846,36.4351867,-0.054401081,0.1994984756858388,-0.15553620794087403,7,8,7_8
1109601,TCG014,K-NET,140.1804,36.5428,542,0.095338562457311,full_oof_spatial,All-source spatial OOF,0.2195251527016861,69.45429185809542,76.84036493796003,0.23743423012209328,98996,172844,140.1794061,36.54478822,0.055795565,0.21906078364634385,-0.045339561940874025,7,8,7_8
1109611,TCG015,K-NET,139.7144,36.7488,298,0.0752912155671085,full_oof_spatial,All-source spatial OOF,0.17336443059822526,27.405630265561935,99.61860893796037,0.37085448179147185,79846,146867,139.7103221,36.74838192,-0.047090391,0.172900061542883,-0.14822551794087402,6,9,6_9
1109621,TCG016,K-NET,140.1558,36.5288,246,0.0696600350056003,full_oof_spatial,All-source spatial OOF,0.16039815818133865,67.23455564527127,75.29232893795971,0.37285964888202433,97897,171342,140.1527378,36.52653589,0.040851495,0.1599337891259964,-0.06028363194087402,7,8,7_8
1109751,TKY001,K-NET,139.0953,35.8031,160,0.053981121278071,full_oof_spatial,All-source spatial OOF,0.12429612515798998,-28.457731090529776,-4.95122286203987,0.2620593675132442,53543,111263,139.0959946,35.80079879,-0.139195612,0.12383175610264772,-0.24033073894087403,4,6,4_6
1109761,TKY002,K-NET,139.1454,35.7306,150,0.043049590892108,full_oof_spatial,All-source spatial OOF,0.09912534624766012,-23.937048803436557,-12.96783786203965,0.3399814585190773,55380,113755,139.1420111,35.72925619,-0.0781278,0.09866097719231787,-0.17926292694087403,4,5,4_5
1109771,TKY003,K-NET,139.2916,35.7968,275,0.130620366279592,full_oof_spatial,All-source spatial OOF,0.30076450823681067,-10.744957977624589,-5.647839062040211,0.23397871845872176,61660,122262,139.2912746,35.79470069,-0.005331332,0.3003001391814684,-0.10646645894087402,5,6,5_6
1109781,TKY004,K-NET,139.4034,35.6301,210,0.0680572821232869,full_oof_spatial,All-source spatial OOF,0.1567076832867706,-0.6568885225899452,-24.080524862040072,0.4472604748626769,66070,128244,139.4009364,35.63360991,0.140711423,0.15624331423142834,0.03957629605912598,5,5,5_5
1109791,TKY005,K-NET,139.4156,35.5782,196,0.1204136761632023,full_oof_spatial,All-source spatial OOF,0.2772627357260021,0.44395626588479514,-29.81931546203966,0.4036895737623311,66802,129238,139.4197023,35.57965669,0.255081292,0.2767983666706598,0.153946165059126,5,5,5_5
1109792,TKY005,K-NET,139.4137,35.5798,58,0.1087776554044248,full_oof_spatial,All-source spatial OOF,0.2504698077850718,0.2725132250562994,-29.64239706204007,0.25800850165822686,66433,128738,139.4108584,35.57954039,0.227238709,0.2500054387297295,0.12610358205912597,5,5,5_5
1109801,TKY006,K-NET,139.5028,35.6989,153,0.10820270387483,full_oof_spatial,All-source spatial OOF,0.24914593296383264,8.312289508092732,-16.47303366203973,0.2957048896401,70505,134251,139.5059606,35.69819323,0.068245361,0.2486815639084904,-0.03288976594087402,5,5,5_5
1109811,TKY007,K-NET,139.6864,35.7111,250,0.0900276449438648,full_oof_spatial,All-source spatial OOF,0.20729631320510386,24.87910124283269,-15.124030862039731,0.36832875827374806,77886,144252,139.6829699,35.70929419,0.510371494,0.2068319441497616,0.409236367059126,6,5,6_5
1109821,TKY008,K-NET,139.3909,34.7851,229,0.0830246469514188,full_oof_spatial,All-source spatial OOF,0.19117131442143048,-1.7848032648805212,-117.51555486203995,0.09478609656250157,64869,126650,139.3912253,34.78428492,0.201471741,0.19070694536608823,0.10033661405912599,5,2,5_2
1109831,TKY009,K-NET,139.441,34.6867,181,0.073348871765735,full_oof_spatial,All-source spatial OOF,0.16889201871571327,2.7358790222152654,-128.39603646203972,0.39403677403750575,66703,129139,139.436889,34.6854981,0.209765588,0.16842764966037102,0.10863046105912598,5,2,5_2
1109841,TKY010,K-NET,139.2557,34.3775,93,-0.0517522321665655,full_oof_spatial,All-source spatial OOF,-0.11916391831590067,-13.984329117478525,-162.58551726204018,0.3928670354861291,58920,118605,139.2595965,34.37591473,0.019744491,-0.11962828737124293,-0.08139063594087402,5,1,5_1
1109842,TKY010,K-NET,139.2573,34.3779,74,-0.0521806504703836,full_oof_spatial,All-source spatial OOF,-0.12015038791583803,-13.839956030465867,-162.54128766204028,0.30187585704540465,58920,118605,139.2595965,34.37591473,0.019744491,-0.12061475697118028,-0.08139063594087402,5,1,5_1
1109851,TKY011,K-NET,139.5315,34.1228,66,-0.0365603485959255,full_oof_spatial,All-source spatial OOF,-0.08418331367164386,10.901981756387135,-190.74871506204016,0.4766517813404745,70331,134077,139.5341741,34.12651756,0.004072737,-0.08464768272698611,-0.09706238994087402,5,0,5_0
1109871,TKY013,K-NET,139.8341,35.6627,295,0.0510961489749782,full_oof_spatial,All-source spatial OOF,0.11765323093918781,38.20654183772127,-20.47581246203983,0.33034334268992155,84154,152747,139.8342418,35.66568529,0.050836458,0.11718886188384556,-0.05029866894087402,6,5,6_5
1109881,TKY014,K-NET,139.8351,35.7002,264,0.0510961489749782,full_oof_spatial,All-source spatial OOF,0.11765323093918781,38.29677501710482,-16.329287462039673,0.2179734374354885,84158,152751,139.8337161,35.70181574,0.180032549,0.11718886188384556,0.07889742205912596,6,5,6_5
1109891,TKY015,K-NET,139.8119,35.7313,270,0.0494718195260831,full_oof_spatial,All-source spatial OOF,0.1139130741640507,36.20336525541612,-12.890436062040223,0.4375017013270668,83423,151754,139.8155972,35.72874026,0.242058003,0.11344870510870846,0.14092287605912596,6,5,6_5
1109901,TKY016,K-NET,139.799,35.6486,264,0.0515455930084617,full_oof_spatial,All-source spatial OOF,0.11868811407082203,35.03935724137366,-22.034905862039732,0.14707207640945455,82676,150745,139.7990926,35.64727207,0.070037435,0.11822374501547978,-0.031097691940874028,6,5,6_5
1109911,TKY017,K-NET,139.8092,35.6473,297,0.0499212635595666,full_oof_spatial,All-source spatial OOF,0.11494795729568494,35.9597356710813,-22.178652062039788,0.11339190658024761,83045,151245,139.8079455,35.64736002,0.075326912,0.11448358824034269,-0.025808214940874027,6,5,6_5
1109921,TKY018,K-NET,139.8114,35.6553,173,0.0556059624891567,full_oof_spatial,All-source spatial OOF,0.1280374603091183,36.15824866572306,-21.29406006204028,0.3456312075495372,83046,151246,139.8078112,35.6563926,0.067478149,0.12757309125377606,-0.03365697794087402,6,5,6_5
1109941,TKY020,K-NET,139.8086,35.6646,261,0.0510961489749782,full_oof_spatial,All-source spatial OOF,0.11765323093918781,35.90559576345218,-20.265721862039925,0.12354309346995514,83047,151247,139.8076769,35.66542516,0.059629387,0.11718886188384556,-0.041505739940874024,6,5,6_5
1109951,TKY021,K-NET,139.819,35.6875,353,0.0510961489749782,full_oof_spatial,All-source spatial OOF,0.11765323093918781,36.84402082903448,-17.733577262039937,0.4990020852297492,83418,151749,139.8162651,35.68357766,0.102638814,0.11718886188384556,0.0015036870591259716,6,5,6_5
1109961,TKY022,K-NET,139.7963,35.7002,191,0.0211233159794022,full_oof_spatial,All-source spatial OOF,0.04863823248877443,34.79572765703883,-16.329287462039673,0.22707035116756888,82682,150751,139.7982803,35.70146713,0.167762129,0.04817386343343217,0.06662700205912599,6,5,6_5
1109971,TKY023,K-NET,139.8254,35.7259,285,0.0510961489749782,full_oof_spatial,All-source spatial OOF,0.11765323093918781,37.42151317708768,-13.487535662039617,0.3346186361040112,83792,152254,139.8244591,35.72882717,0.25136097,0.11718886188384556,0.150225843059126,6,5,6_5
1109981,TKY024,K-NET,139.8623,35.7401,245,0.1698917640098677,full_oof_spatial,All-source spatial OOF,0.3911902432315837,40.75111749632517,-11.917384862040134,0.309615930603002,85269,154255,139.8597785,35.73820092,0.2900916,0.39072587417624144,0.188956473059126,6,5,6_5
1109991,TKY025,K-NET,139.8972,35.7136,293,0.0211233159794022,full_oof_spatial,All-source spatial OOF,0.04863823248877443,43.900255456795556,-14.847595862039983,0.27944940539289453,86742,156252,139.8956054,35.71143349,0.18279329,0.04817386343343217,0.08165816305912597,6,5,6_5
1110001,TKY026,K-NET,139.8633,35.6707,326,0.0510961489749782,full_oof_spatial,All-source spatial OOF,0.11765323093918781,40.841350675708725,-19.59122046204032,0.5283098787698461,85262,154248,139.8606787,35.67497229,0.065792692,0.11718886188384556,-0.035342434940874023,6,5,6_5
1110011,TKY027,K-NET,139.8913,35.693,286,0.0510961489749782,full_oof_spatial,All-source spatial OOF,0.11765323093918781,43.36787969843542,-17.125420262040173,0.38962520547282514,86371,155750,139.8869963,35.69328635,0.0828358,0.11718886188384556,-0.018299326940874022,6,5,6_5
1110021,TKY028,K-NET,139.7891,35.6698,277,0.0494718195260831,full_oof_spatial,All-source spatial OOF,0.1139130741640507,34.1460487654793,-19.690737062039695,0.49984878659959264,82310,150248,139.7898309,35.67428097,0.078927186,0.11344870510870846,-0.022207940940874027,6,5,6_5
1110031,TKY029,K-NET,139.4789,34.0757,44,-0.0190113426527078,full_oof_spatial,All-source spatial OOF,-0.04377523418992686,6.155716520836312,-195.9567504620402,0.5781875321091532,68111,131071,139.4830006,34.07168197,0.003409949,-0.04423960324526912,-0.09772517794087403,5,0,5_0
1110221,TYM001,K-NET,137.6257,36.9764,28,-0.0208862554279016,full_oof_spatial,All-source spatial OOF,-0.0480923803967522,-161.06441151196856,124.78525133795986,0.22871264974312908,4069,31397,137.6264267,36.97838158,0.002129394,-0.048556749452094455,-0.09900573294087402,0,10,0_10
1110251,TYM004,K-NET,137.5274,36.8626,42,-0.1153590128961238,full_oof_spatial,All-source spatial OOF,-0.26562394343712253,-169.93433304532908,112.20193013796012,0.5947389430124453,1536,25384,137.523873,36.85805622,-0.000129182,-0.2660883124924648,-0.10126430894087403,0,9,0_9
1110691,YMN001,K-NET,138.9198,35.7895,129,-0.0361012021743497,full_oof_spatial,All-source spatial OOF,-0.08312608996582185,-44.29365407226781,-6.455029262040294,0.10960464903022946,46195,101262,138.9189044,35.78883037,-0.185827926,-0.0835904590211641,-0.28696305294087404,4,6,4_6
1110701,YMN002,K-NET,138.9473,35.6133,199,0.0880363741594271,full_oof_spatial,All-source spatial OOF,0.20271124278074307,-41.81224163923163,-25.93816806203967,0.5443585285056056,47265,102743,138.9498968,35.6177436,0.087347722,0.20224687372540082,-0.01378740494087402,4,5,4_5
1110711,YMN003,K-NET,138.8129,35.4651,133,-0.0857151210131893,full_oof_spatial,All-source spatial OOF,-0.19736635988915038,-53.939580948323304,-42.32523486203998,0.36919611379820805,41520,94726,138.8125441,35.46177375,-0.140061487,-0.19783072894449263,-0.24119661394087405,3,4,3_4
1110721,YMN004,K-NET,138.7266,35.7025,179,-0.0475860673631454,full_oof_spatial,All-source spatial OOF,-0.10957096934458908,-61.72670432908887,-16.074967262039873,0.17497416204222904,38415,90253,138.7262119,35.7040504,-0.097908704,-0.11003533839993133,-0.19904383094087402,3,5,3_5
1110731,YMN005,K-NET,138.5679,35.6551,139,0.0404407837131101,full_oof_spatial,All-source spatial OOF,0.09311834572680372,-76.04670989718885,-21.316174862040228,0.08274408725186412,32341,81248,138.5682206,35.65580109,-0.081243056,0.09265397667146147,-0.18237818294087402,3,5,3_5
1110741,YMN006,K-NET,138.6069,35.4685,107,0.0859983900953782,full_oof_spatial,All-source spatial OOF,0.19801861105510465,-72.5276159012482,-41.94928326204007,0.2728716605950011,33646,83227,138.609252,35.46694885,-0.042417249,0.1975542419997624,-0.14355237594087403,3,4,3_4
1110751,YMN007,K-NET,138.4651,35.279,64,0.0968078575055021,full_oof_spatial,All-source spatial OOF,0.22290832957686088,-85.32268073777406,-62.90305626203955,0.4826484524478324,28077,74707,138.4648546,35.28336034,0.001130314,0.22244396052151863,-0.10000481294087403,2,4,2_4
1110761,YMN008,K-NET,138.3321,35.4319,45,0.076102652578323,full_oof_spatial,All-source spatial OOF,0.1752328333641514,-97.3236935957303,-45.996291662040065,0.4558030510001355,23390,67224,138.3277145,35.43394564,0.001713362,0.17476846430880916,-0.09942176494087403,2,4,2_4
1110771,YMN009,K-NET,138.4627,35.4965,20,-0.0651588399646026,full_oof_spatial,All-source spatial OOF,-0.15003377357927863,-85.53924036829306,-38.85321126204021,0.5548269218587011,28421,75231,138.4668918,35.50017099,0.034916175,-0.15049814263462089,-0.06621895194087402,2,4,2_4
1110772,YMN009,K-NET,138.4628,35.4966,168,-0.0757035100890235,full_oof_spatial,All-source spatial OOF,-0.17431377381830987,-85.53021705035701,-38.842153862039844,0.5405866238503085,28421,75231,138.4668918,35.50017099,0.034916175,-0.17477814287365212,-0.06621895194087402,2,4,2_4
1110781,YMN010,K-NET,138.4182,35.7919,128,-0.1429355708944122,full_oof_spatial,All-source spatial OOF,-0.3291213148000671,-89.55461685084197,-6.189651662040126,0.5489661608408636,27178,73263,138.4223067,35.78823703,0.153331681,-0.3295856838554094,0.052196554059125974,2,6,2_6
1110792,YMN011,K-NET,138.3836,35.6384,32,0.0333694021917295,full_oof_spatial,All-source spatial OOF,0.07683588804879919,-92.67668485749908,-23.162760662040245,0.501437658196766,25586,70747,138.3827296,35.64287889,0.034850681,0.07637151899345694,-0.06628444594087401,2,5,2_5
1200581,AICH17,KiK-net,137.7268,35.184,67,-0.0847333120941369,full_oof_spatial,All-source spatial OOF,-0.19510566130797172,-151.94183707633462,-73.40758626204021,0.17659012606243554,4536,32698,137.7286923,35.18440738,-0.00250514,-0.19557003036331397,-0.10364026694087403,0,3,0_3
1201491,CHBH04,KiK-net,140.0206,35.7966,329,-0.0110052905881231,full_oof_spatial,All-source spatial OOF,-0.025340618052279926,55.03502979267327,-5.669953862040159,0.35537440426787786,91917,163261,140.0186548,35.79380546,0.250804742,-0.02580498710762218,0.14966961505912602,7,6,7_6
1201521,CHBH06,KiK-net,140.5046,35.7215,173,0.1215798720179116,full_oof_spatial,All-source spatial OOF,0.2799480009165672,98.70788861410558,-13.974061262040054,0.3973909410991761,111190,190753,140.5069771,35.72452542,0.119015936,0.27948363186122493,0.01788080905912598,8,5,8_5
1201571,CHBH10,KiK-net,140.2417,35.5458,394,0.0142548794447426,full_oof_spatial,All-source spatial OOF,0.03282307291189155,74.9855857542824,-33.40191306203995,0.38169604371534566,101057,175733,140.2428003,35.54246687,0.224572279,0.03235870385654929,0.12343715205912599,7,5,7_5
1201591,CHBH11,KiK-net,140.1529,35.2867,277,0.0433420357516523,full_oof_spatial,All-source spatial OOF,0.09979872542176957,66.97287942505923,-62.05163646203957,0.44573722464156745,97393,170705,140.1570153,35.2889298,0.344381783,0.09933435636642732,0.243246656059126,7,4,7_4
1201611,CHBH12,KiK-net,139.8554,35.3445,192,-0.0377392977454774,full_oof_spatial,All-source spatial OOF,-0.08689794440880007,40.12850855858148,-55.66045926204033,0.43655061635100223,84856,153711,139.8565709,35.34066933,0.261233677,-0.08736231346414232,0.160098550059126,6,4,6_4
1201631,CHBH13,KiK-net,140.298,35.8307,365,-0.0015502432465086,full_oof_spatial,All-source spatial OOF,-0.003569566989925396,80.06571375355159,-1.8993804620399115,0.4010952312991907,103574,179265,140.3021854,35.8319217,0.228422754,-0.004033936045267651,0.127287627059126,8,6,8_6
1201651,CHBH14,KiK-net,140.823,35.7342,220,0.083135760138544,full_oof_spatial,All-source spatial OOF,0.19142716198974002,127.43813292969168,-12.569771462039792,0.27517507007021047,121429,208754,140.8260349,35.73444405,0.026753621,0.19096279293439777,-0.07438150594087402,9,5,9_5
1201671,CHBH15,KiK-net,139.7885,34.9591,93,0.0444356299322656,full_oof_spatial,All-source spatial OOF,0.1023168190798348,34.09190885785019,-98.27567886204,0.3273375744403506,81862,149669,139.7916388,34.96058422,0.8934811,0.10185245002449254,0.792345973059126,6,3,6_3
1201691,CHBH16,KiK-net,139.9649,35.1384,193,0.020475275489832,full_oof_spatial,All-source spatial OOF,0.04714606411783352,50.009041701033176,-78.44976066204025,0.4957680064741824,89262,159689,139.9649359,35.14288349,0.607298814,0.046681695062491264,0.506163687059126,7,3,7_3
1201711,CHBH17,KiK-net,140.3398,35.1714,219,-0.0433325369607455,full_oof_spatial,All-source spatial OOF,-0.09977685364742611,83.83746065176568,-74.8008186620401,0.325371123669179,104889,181192,140.3430764,35.17262886,0.263134606,-0.10024122270276836,0.16199947905912598,8,3,8_3
1201741,CHBH19,KiK-net,140.5107,35.5943,256,-0.0050461882245372,full_oof_spatial,All-source spatial OOF,-0.011619277782261447,99.25831100834296,-28.039074062040275,0.49224631190441326,111176,190739,140.507754,35.59804679,0.195139245,-0.012083646837603702,0.09400411805912597,8,5,8_5
1201761,CHBH20,KiK-net,140.0997,35.0882,182,-0.1258441397388213,full_oof_spatial,All-source spatial OOF,-0.28976684020326954,62.172474281879296,-84.00057546203988,0.26015428750531405,94791,167183,140.0975137,35.08973376,0.190109081,-0.2902312092586118,0.08897395405912599,7,3,7_3
1202501,FKSH05,KiK-net,139.8725,37.2544,287,-0.1344328105014605,full_oof_spatial,All-source spatial OOF,-0.30954298546995634,41.67149592603281,155.5248233379597,0.18046537766864387,86913,156423,139.8734625,37.25583065,0.009501361,-0.3100073545252986,-0.09163376594087402,6,11,6_11
1202521,FKSH06,KiK-net,139.5199,37.1723,380,-0.2610691055931292,full_oof_spatial,All-source spatial OOF,-0.6011338307800277,9.855276875544066,146.44669793796004,0.302125623962201,72513,136914,139.5226051,37.17068981,0.009450589,-0.60159819983537,-0.09168453794087403,5,10,5_10
1202541,FKSH07,KiK-net,139.3755,37.0103,159,-0.2083383021665504,full_oof_spatial,All-source spatial OOF,-0.47971666886838804,-3.174394227380582,128.53370993796017,0.525350895033849,66222,128396,139.3726427,37.00616038,0.050237698,-0.4801810379237303,-0.050897428940874026,5,10,5_10
1202561,FKSH08,KiK-net,140.2144,37.2822,474,-0.03716886581235,full_oof_spatial,All-source spatial OOF,-0.08558447634301314,72.52221995712343,158.5987805379604,0.4362220752260831,100890,175426,140.216644,37.28569432,0.008859302,-0.08604884539835539,-0.09227582494087402,7,11,7_11
1202601,FKSH10,KiK-net,140.093,37.1616,548,-0.0904695813674685,full_oof_spatial,All-source spatial OOF,-0.20831390942614483,61.56791198001026,145.26355613796005,0.38128398784036865,95758,168412,140.0915722,37.15835459,0.0253935,-0.20877827848148708,-0.07574162694087402,7,10,7_10
1202621,FKSH11,KiK-net,140.3386,37.2006,445,-0.0484513051189662,full_oof_spatial,All-source spatial OOF,-0.11156325290303767,83.72918083650747,149.57594213796023,0.5948377212406788,105455,181916,140.33499,37.19609877,0.012322215,-0.11202762195837992,-0.08881291194087403,8,10,8_10
1202661,FKSH13,KiK-net,140.5853,36.9951,99,0.0022496269920063,full_oof_spatial,All-source spatial OOF,0.005179957576590742,105.9897061903217,126.85298513796015,0.5041485518666109,114383,195894,140.5889641,36.99854201,0.010822575,0.004715588521248487,-0.09031255194087402,8,10,8_10
1202821,FKSH21,KiK-net,139.3147,37.3421,264,-0.0832064736318327,full_oof_spatial,All-source spatial OOF,-0.19158998582526013,-8.660571533874498,165.22216313796028,0.4314074456798609,64045,125433,139.3111858,37.33945463,0.004493073,-0.19205435488060238,-0.09664205394087402,5,11,5_11
1203071,GIFH14,KiK-net,137.5174,36.2493,53,-0.203184414459008,full_oof_spatial,All-source spatial OOF,-0.4678494038620357,-170.83666483915948,44.38689593795985,0.44423308573370285,680,23317,137.5152345,36.252908,-0.006405702,-0.46831377291737797,-0.10754082894087402,0,7,0_7
1203411,GNMH05,KiK-net,139.1847,36.3143,287,0.0035851920861233,full_oof_spatial,All-source spatial OOF,0.008255209853027736,-20.390884853680074,51.574205937960386,0.3996255099292955,57659,116820,139.1817282,36.31697965,0.363981674,0.007790840797685481,0.26284654705912597,4,7,4_7
1203431,GNMH06,KiK-net,139.5443,36.2441,85,-0.0142425209041347,full_oof_spatial,All-source spatial OOF,-0.03279461632051664,12.056966452490983,43.81191113796041,0.5286027945157696,72410,136811,139.5403055,36.24060315,0.155065281,-0.0332589853758589,0.053930154059125976,5,7,5_7
1203451,GNMH07,KiK-net,139.2104,36.6998,403,-0.1446668791799622,full_oof_spatial,All-source spatial OOF,-0.33310779944975166,-18.071892143533766,94.20048293796043,0.3721919646645824,59177,118862,139.2087119,36.6967288,-0.043545323,-0.3335721685050939,-0.14468044994087403,4,9,4_9
1203471,GNMH08,KiK-net,138.5244,36.4917,298,0.0065676378369637,full_oof_spatial,All-source spatial OOF,0.015122544979576276,-79.9718532003542,71.19003353796023,0.3446734723876425,31775,80341,138.5243404,36.49481675,0.009726632,0.014658175924234022,-0.09140849494087402,3,8,3_8
1203491,GNMH09,KiK-net,138.9068,36.6212,317,-0.1226815744037147,full_oof_spatial,All-source spatial OOF,-0.2824847644070334,-45.46668540424889,85.50936653796026,0.20720537463738636,46649,101854,138.9057502,36.61953338,-0.117103602,-0.28294913346237566,-0.21823872894087404,4,8,4_8
1203511,GNMH10,KiK-net,138.7291,36.2356,86,-0.1054483146510334,full_oof_spatial,All-source spatial OOF,-0.24280371739681514,-61.50112138063126,42.87203213795985,0.15620918467183773,39165,91312,138.7287078,36.23697598,-0.116664257,-0.2432680864521574,-0.217799383940874,3,7,3_7
1203531,GNMH11,KiK-net,138.921,36.2862,353,0.0960522059910195,full_oof_spatial,All-source spatial OOF,0.2211683776641149,-44.185374257009606,48.46707653796016,0.24461404225268601,46975,102317,138.9236345,36.28567847,0.518197621,0.22070400860877265,0.417062494059126,4,7,4_7
1203551,GNMH12,KiK-net,138.9129,36.144,329,0.1352933538183395,full_oof_spatial,All-source spatial OOF,0.31152445968327763,-44.91626301001152,32.74345373795988,0.4495681354674455,46234,101301,138.9096408,36.14092482,0.058551175,0.3110600906279354,-0.042583951940874026,4,7,4_7
1203571,GNMH13,KiK-net,139.0627,36.862,211,-0.0263278417874122,full_oof_spatial,All-source spatial OOF,-0.06062209603040104,-31.399332738419783,112.13558573796027,0.4722180376128138,53292,110881,139.0608933,36.86600804,0.099654863,-0.0610864650857433,-0.001480263940874027,4,9,4_9
1203591,GNMH14,KiK-net,139.3219,36.4931,317,-0.0912095595861876,full_oof_spatial,All-source spatial OOF,-0.21001777224170773,-8.01089264231496,71.34483713795987,0.2891461812792311,63582,124839,139.3208545,36.49062814,0.226780733,-0.21048214129704998,0.125645606059126,5,8,5_8
1204481,IBRH06,KiK-net,140.6545,36.8809,198,-0.0550646735063276,full_oof_spatial,All-source spatial OOF,-0.1267910963662541,112.23384220363594,114.22543433795973,0.18121354942699505,116410,199381,140.6525595,36.88132218,0.008905615,-0.12725546542159635,-0.09222951194087402,9,9,9_9
1204501,IBRH07,KiK-net,140.3301,35.9521,394,0.0354068749466302,full_oof_spatial,All-source spatial OOF,0.08152734244161505,82.96219881174854,11.52430313796023,0.3527957434077,104631,180778,140.3278175,35.94950954,0.152623759,0.0810629733862728,0.051488632059125974,8,6,8_6
1204521,IBRH08,KiK-net,140.5621,36.1188,162,0.0885315684952246,full_oof_spatial,All-source spatial OOF,0.20385146987648547,103.89629642863301,29.95698893796009,0.5323663015356633,113084,193797,140.557949,36.12222135,-0.015261769,0.20338710082114322,-0.11639689594087402,8,7,8_7
1204541,IBRH09,KiK-net,140.3559,36.439,74,-0.0347510207113734,full_oof_spatial,All-source spatial OOF,-0.08001718225633574,85.29021483983345,65.36278373796007,0.35766814721237616,106053,182832,140.3594079,36.43749385,-0.057753745,-0.08048155131167799,-0.15888887194087403,8,8,8_8
1204561,IBRH10,KiK-net,139.9889,36.1112,364,0.1728566655979994,full_oof_spatial,All-source spatial OOF,0.3980171814306101,52.174638006228214,29.116626537959693,0.18094236518457535,90845,161796,139.9880214,36.10972904,0.398080623,0.39755281237526785,0.296945496059126,7,7,7_7
1204581,IBRH11,KiK-net,140.1401,36.3701,499,0.1724204234264404,full_oof_spatial,All-source spatial OOF,0.39701269670944306,65.81789472895538,57.744235137960146,0.44325269807219975,97145,170325,140.1365354,36.37285822,-0.249224732,0.3965483276541008,-0.350359858940874,7,8,7_8
1204601,IBRH12,KiK-net,140.3181,36.8369,460,-0.0081114251894965,full_oof_spatial,All-source spatial OOF,-0.018677246724271044,81.87940065915103,109.36017833796006,0.3037354127624256,104729,180876,140.3201524,36.83472277,0.087974443,-0.019141615779613298,-0.013160683940874024,8,9,8_9
1204621,IBRH13,KiK-net,140.575,36.7955,503,0.0602783192845423,full_oof_spatial,All-source spatial OOF,0.13879595941532263,105.06030444267547,104.78241473795973,0.541257189872962,113763,194872,140.5720575,36.79976556,0.016000894,0.13833159035998038,-0.08513423294087402,8,9,8_9
1204641,IBRH14,KiK-net,140.5484,36.6922,491,-0.0513542280215915,full_oof_spatial,All-source spatial OOF,-0.11824747990473371,102.66010187108422,93.36012053796003,0.26088323859091217,112843,193360,140.5457406,36.69127434,0.015665989,-0.11871184896007596,-0.08546913794087402,8,9,8_9
1204661,IBRH15,KiK-net,140.3013,36.5566,498,0.1027958429284065,full_oof_spatial,All-source spatial OOF,0.23669617554870623,80.36348324551552,78.3662861379604,0.3770701378296887,104004,179845,140.3047002,36.55461761,0.021150061,0.23623180649336398,-0.07998506594087403,8,8,8_8
1204681,IBRH16,KiK-net,140.3976,36.6405,498,0.0147652732410526,full_oof_spatial,All-source spatial OOF,0.0339982980588316,89.05293842011149,87.6434447379604,0.5777616195413282,107417,184854,140.3936312,36.63639969,0.037555847,0.033533929003489345,-0.06357927994087402,8,8,8_8
1204701,IBRH17,KiK-net,140.314,36.0864,440,0.0158125487150165,full_oof_spatial,All-source spatial OOF,0.03640973895343915,81.50944462368076,26.374391337959796,0.3750293997472687,104300,180293,140.3177628,36.08495961,-0.048208664,0.03594536989809689,-0.14934379094087402,8,7,8_7
1204721,IBRH18,KiK-net,140.6198,36.3631,465,-0.0842081856375731,full_oof_spatial,All-source spatial OOF,-0.19389651295715113,109.10275087904022,56.97021713796038,0.3632641109103203,115197,197324,140.6191209,36.36633818,-0.016744962,-0.19436088201249338,-0.11788008894087403,9,8,9_8
1204741,IBRH19,KiK-net,140.0893,36.2137,416,-0.0503454702277023,full_oof_spatial,All-source spatial OOF,-0.11592472924608287,61.234049216294444,40.450461537960386,0.5772181719408189,95284,167807,140.0937414,36.20994309,-0.307838749,-0.11638909830142512,-0.40897387594087403,7,7,7_7
1204761,IBRH20,KiK-net,140.7323,35.8284,289,0.0246497753527842,full_oof_spatial,All-source spatial OOF,0.05675820527297295,119.25398355964256,-2.1537006620397117,0.5581917405525948,118531,203264,140.7282193,35.82460599,0.030788949,0.05629383621763069,-0.07034617794087403,9,6,9_6
1204781,IBRH21,KiK-net,140.105,35.9814,104,0.0101617784061794,full_oof_spatial,All-source spatial OOF,0.023398359476377483,62.65071013260777,14.764121337960143,0.30929957453918744,95628,168282,140.1052221,35.98419134,0.581556469,0.02293399042103523,0.480421342059126,7,6,7_6
1206911,KNGH10,KiK-net,139.5195,35.4991,320,0.0493217420497463,full_oof_spatial,All-source spatial OOF,0.11356750800424342,9.819183603789618,-38.56571886204009,0.10743104030967902,70852,134729,139.5184852,35.49960811,0.328287086,0.11310313894890117,0.227151959059126,5,4,5_4
1206931,KNGH11,KiK-net,139.3539,35.404,189,-0.0285640111893971,full_oof_spatial,All-source spatial OOF,-0.06577106636082089,-5.123430902054061,-49.081306262039554,0.368533399582546,63831,125219,139.3524595,35.40711873,0.250198733,-0.06623543541616314,0.149063606059126,5,4,5_4
1206951,KNGH18,KiK-net,139.1283,35.6437,289,0.0115250501749898,full_oof_spatial,All-source spatial OOF,0.026537408728939935,-25.48003617088789,-22.576718462039647,0.48283133287070684,54633,112746,139.126195,35.64771452,0.08499161,0.02607303967359768,-0.016143516940874028,4,5,4_5
1206971,KNGH19,KiK-net,139.0436,35.4173,199,-0.0725124738884741,full_oof_spatial,All-source spatial OOF,-0.16696614143172045,-33.122786464638224,-47.61067206204023,0.36340519312570063,50918,107721,139.0431881,35.4205693,0.012451926,-0.1674305104870627,-0.08868320094087402,4,4,4_4
1206991,KNGH20,KiK-net,139.126,35.3663,253,0.2016367368253785,full_oof_spatial,All-source spatial OOF,0.4642857444140801,-25.68757248346827,-53.249946062039655,0.24340740391526786,54233,112215,139.1238695,35.36765022,0.036175467,0.46382137535873785,-0.06495965994087402,4,4,4_4
1207011,KNGH21,KiK-net,139.2146,35.4628,231,-0.075316844927689,full_oof_spatial,All-source spatial OOF,-0.17342344438184093,-17.692912790124893,-42.57955506203977,0.5384912895308182,58302,117725,139.2189001,35.45942317,-0.023386202,-0.17388781343718318,-0.12452132894087402,5,4,5_4
1207051,KNGH23,KiK-net,139.611,35.2624,166,0.0368279229543223,full_oof_spatial,All-source spatial OOF,0.08479942640055577,18.075519517345043,-64.73858466203998,0.3785424567885975,74516,139703,139.6108762,35.26582194,0.372687768,0.08433505734521352,0.27155264105912597,6,4,6_4
1208651,NGNH03,KiK-net,137.7346,35.4786,95,-0.0956292953919967,full_oof_spatial,All-source spatial OOF,-0.22019459002313582,-151.23801827714595,-40.83248586203992,0.43790504604214625,5021,33731,137.7343071,35.48255307,-0.011645001,-0.22065895907847807,-0.11278012794087403,0,4,0_4
1208671,NGNH07,KiK-net,138.376,36.7434,65,-0.0865033301817669,full_oof_spatial,All-source spatial OOF,-0.1991812785708784,-93.3624570208105,99.0215093379602,0.3171967991679324,26651,72369,138.3727149,36.74442102,0.359368177,-0.19964564762622064,0.258233050059126,2,9,2_9
1208691,NGNH08,KiK-net,137.8591,36.2541,51,-0.049451376248298,full_oof_spatial,All-source spatial OOF,-0.1138660017773708,-140.0039874439461,44.917651137960185,0.35940116905838293,9462,42816,137.8630181,36.25351552,-0.027845071,-0.11433037083271305,-0.128980197940874,1,7,1_7
1208711,NGNH09,KiK-net,138.2491,36.2859,43,-0.1072061375174621,full_oof_spatial,All-source spatial OOF,-0.24685125412517792,-104.81304748452936,48.433904337959845,0.5732087441292076,21654,64319,138.2452587,36.29002881,-0.023517801,-0.24731562318052017,-0.12465292794087403,2,7,2_7
1208731,NGNH10,KiK-net,137.7669,35.9632,153,-0.1633690661776253,full_oof_spatial,All-source spatial OOF,-0.3761711764369578,-148.3234865830718,12.75167453796012,0.16052388006817528,6468,36784,137.7679712,35.96204095,-0.011191477,-0.37663554549230005,-0.11232660394087403,0,6,0_6
1208751,NGNH11,KiK-net,138.3052,35.9157,155,0.0732768353250581,full_oof_spatial,All-source spatial OOF,0.1687261486812583,-99.75096612113482,7.499409537960182,0.4564552206608712,23136,66777,138.3028373,35.91204988,0.125528805,0.16826177962591604,0.02439367805912597,2,6,2_6
1208771,NGNH12,KiK-net,138.4797,35.9696,147,0.0149400356523796,full_oof_spatial,All-source spatial OOF,0.03440070338196884,-84.00527631878033,13.459348137960042,0.10988040612211242,29438,76783,138.4786209,35.97006049,0.063392714,0.033936334326626585,-0.03774241294087402,2,6,2_6
1208791,NGNH13,KiK-net,137.8767,35.5143,104,-0.1039227690095089,full_oof_spatial,All-source spatial OOF,-0.2392910187439588,-138.41588348680426,-36.884994062040086,0.22991054829554117,8870,41734,137.8744282,35.51335853,-0.02958448,-0.23975538779930106,-0.13071960694087403,1,5,1_5
1208811,NGNH14,KiK-net,137.6261,35.3095,65,-0.1325805845648444,full_oof_spatial,All-source spatial OOF,-0.3052780776394472,-161.02831824021413,-59.53054926203995,0.17397154725590516,2178,27212,137.6267778,35.30802708,-0.003558265,-0.30574244669478945,-0.10469339194087403,0,4,0_4
1208831,NGNH15,KiK-net,137.9305,36.0088,67,-0.2165088740328911,full_oof_spatial,All-source spatial OOF,-0.4985301058490607,-133.56133843599267,17.793848937960153,0.4942616651126218,11002,45789,137.9259986,36.01134699,-0.012760977,-0.49899447490440296,-0.11389610394087402,1,6,1_6
1208851,NGNH16,KiK-net,138.1848,35.9465,133,-0.0319733775250015,full_oof_spatial,All-source spatial OOF,-0.0736214224617393,-110.61504091886444,10.905088737960103,0.1682126723534798,19219,60281,138.1861985,35.9454941,0.034409631,-0.07408579151708156,-0.06672549594087401,2,6,2_6
1208871,NGNH17,KiK-net,138.5504,36.1425,134,-0.1028702100640659,full_oof_spatial,All-source spatial OOF,-0.2368674122066842,-77.62579053639462,32.577592737959876,0.2692659506703771,32395,81302,138.5532572,36.14320262,-0.005112706,-0.23733178126202645,-0.10624783294087402,3,7,3_7
1208891,NGNH18,KiK-net,137.595,35.9324,115,-0.1878281471722621,full_oof_spatial,All-source spatial OOF,-0.4324902917235425,-163.83457011903008,9.3459953379602,0.3976712443390986,2041,26781,137.5916428,35.93007003,-0.006237261,-0.4329546607788847,-0.10737238794087402,0,6,0_6
1208911,NGNH19,KiK-net,138.5845,35.9735,180,-0.1409277998700727,full_oof_spatial,All-source spatial OOF,-0.32449825116927766,-74.54883911943057,13.890586737960215,0.15199643116275724,33369,82783,138.5852119,35.97225418,-0.60825446,-0.3249626202246199,-0.7093895869408741,3,6,3_6
1208931,NGNH20,KiK-net,137.7173,35.787,86,-0.1468716570756244,full_oof_spatial,All-source spatial OOF,-0.33818448816566626,-152.7990522804745,-6.731464262040042,0.45056908675308593,4828,33265,137.7129384,35.7889839,-0.01482514,-0.3386488572210085,-0.11596026694087402,0,6,0_6
1208951,NGNH21,KiK-net,137.9236,35.8315,106,-0.1263817764733372,full_oof_spatial,All-source spatial OOF,-0.2910047945336119,-134.18394737373637,-1.8109212620401178,0.100208183223467,10717,45269,137.9241167,35.83069781,-0.04643306,-0.29146916358895414,-0.14756818694087404,1,6,1_6
1208971,NGNH22,KiK-net,138.0824,35.7946,103,-0.2082434009638103,full_oof_spatial,All-source spatial OOF,-0.47949815077365154,-119.85491848769522,-5.891101862039644,0.4984758036406267,15704,54265,138.0849752,35.7985883,-0.124072437,-0.4799625198289938,-0.22520756394087402,1,6,1_6
1208991,NGNH23,KiK-net,137.6105,35.6056,145,-0.1636895318139632,full_oof_spatial,All-source spatial OOF,-0.3769090758340063,-162.4359558385914,-26.78958786203965,0.3444675800224429,2211,27245,137.6143169,35.60565645,-0.009253597,-0.37737344488934854,-0.11038872394087403,0,5,0_5
1209011,NGNH24,KiK-net,137.8797,35.6152,185,-0.1030195195171033,full_oof_spatial,All-source spatial OOF,-0.23721120992749123,-138.14518394865362,-25.728077462039767,0.2643967063153092,9135,42245,137.8794067,35.61282088,-0.044324539,-0.23767557898283348,-0.14545966594087403,1,5,1_5
1209031,NGNH25,KiK-net,137.9268,35.2986,124,-0.1677062594465454,full_oof_spatial,All-source spatial OOF,-0.38615793300340734,-133.89520119971104,-60.73580586203989,0.06955340731868306,10132,44210,137.9268016,35.29797098,-0.008666846,-0.3866223020587496,-0.10980197294087403,1,4,1_4
1209051,NGNH26,KiK-net,138.1474,36.4663,56,0.0527233652094484,full_oof_spatial,All-source spatial OOF,0.12140003478375679,-113.98976182779242,68.38145393795972,0.29931210618507376,18686,59339,138.1495154,36.46838502,-0.253247466,0.12093566572841453,-0.354382592940874,1,8,1_8
1209071,NGNH27,KiK-net,138.0479,36.577,150,-0.1187737700405806,full_oof_spatial,All-source spatial OOF,-0.2734867123341437,-122.96796317641372,80.62199573795986,0.31240499658888443,15504,53851,138.0471087,36.57424948,-0.143264459,-0.27395108138948593,-0.24439958594087402,1,8,1_8
1209091,NGNH28,KiK-net,138.0964,36.7075,142,-0.1938101364363522,full_oof_spatial,All-source spatial OOF,-0.44626433102948676,-118.59165397633315,95.0519027379604,0.3798668805884234,17249,56866,138.0957157,36.71088972,0.023843919,-0.446728700084829,-0.07729120794087402,1,9,1_9
1209111,NGNH29,KiK-net,138.4408,36.9102,150,-0.0100907049481567,full_oof_spatial,All-source spatial OOF,-0.023234706791426873,-87.51534699678493,117.46525253796042,0.252203695482482,29220,76387,138.4390648,36.90841191,0.04624569,-0.023699075846769127,-0.054889436940874024,2,9,2_9
1209131,NGNH30,KiK-net,137.6849,36.064,123,-0.178338786677186,full_oof_spatial,All-source spatial OOF,-0.41064023170553365,-155.7226072924873,23.89753373796007,0.4678290720614924,4410,32296,137.6835588,36.0680869,-0.006837913,-0.4111046007608759,-0.10797303994087402,0,6,0_6
1209151,NGNH31,KiK-net,137.9389,36.1184,126,-0.1273161142665453,full_oof_spatial,All-source spatial OOF,-0.29315618680807376,-132.8033797291749,29.912759337960193,0.1925722613854725,11549,46801,137.93957,36.12005352,-0.013435929,-0.293620555863416,-0.11457105594087402,1,7,1_7
1209171,NGNH32,KiK-net,137.9898,36.2578,77,0.0660480621499094,full_oof_spatial,All-source spatial OOF,0.15208128332752566,-128.2105108985728,45.32677493796041,0.21922916733739942,13208,49816,137.9877587,36.25672481,-0.046800015,0.1516169142721834,-0.14793514194087404,1,7,1_7
1209191,NGNH33,KiK-net,137.9637,36.4598,87,-0.1598238718687673,full_oof_spatial,All-source spatial OOF,-0.368008064869614,-130.56559688047355,67.66272293796021,0.4669362727350944,12677,48839,137.9618765,36.46375197,-0.102035041,-0.36847243392495627,-0.20317016794087403,1,8,1_8
1209211,NGNH34,KiK-net,137.8201,36.5327,85,-0.1365835934052384,full_oof_spatial,All-source spatial OOF,-0.3144953461224618,-143.5230814398893,75.72356753795988,0.37552442033603495,8480,40847,137.8159876,36.53217875,-0.037201998,-0.3149597151778041,-0.13833712494087402,1,8,1_8
1209231,NGNH35,KiK-net,137.8201,36.3824,63,-0.165103065457001,full_oof_spatial,All-source spatial OOF,-0.3801638573289107,-143.5230814398893,59.10429533795973,0.43812478878326444,8463,40830,137.8222554,36.37884952,-0.036841769,-0.380628226384253,-0.13797689594087403,1,8,1_8
1209271,NGNH37,KiK-net,138.4967,36.3308,94,0.0777578214124323,full_oof_spatial,All-source spatial OOF,0.17904400044795984,-82.47131226926761,53.39867693796045,0.2770544088949169,30450,78323,138.4938004,36.3316241,0.248950433,0.1785796313926176,0.14781530605912596,2,7,2_7
1209291,NGNH54,KiK-net,138.0058,35.4489,95,-0.2278554235155473,full_oof_spatial,All-source spatial OOF,-0.5246565015447442,-126.76678002844362,-44.11653366203973,0.5874114448561482,12840,49226,138.0095199,35.44454035,-0.035613878,-0.5251208706000865,-0.13674900494087402,1,4,1_4
1209631,NIGH11,KiK-net,138.744,37.1728,288,-0.0462919704116824,full_oof_spatial,All-source spatial OOF,-0.10659120099526134,-60.15664700782169,146.50198493796032,0.4497341725008452,41009,93916,138.7460152,37.17651999,0.004298393,-0.1070555700506036,-0.09683673394087403,3,10,3_10
1209651,NIGH12,KiK-net,138.9821,37.2239,194,-0.1185119723727081,full_oof_spatial,All-source spatial OOF,-0.2728839009267199,-38.67212699669986,152.15231633796012,0.32543558721197097,50380,106921,138.9794378,37.22588557,0.007755798,-0.27334826998206213,-0.09337932894087403,4,11,4_11
1209671,NIGH13,KiK-net,138.3966,37.0544,71,-0.0769067903515066,full_oof_spatial,All-source spatial OOF,-0.17708442901339744,-91.50365352551802,133.41002333796018,0.3016251712714713,27954,74403,138.3981937,37.05200217,0.023211132,-0.1775487980687397,-0.07792399494087403,2,10,2_10
1209691,NIGH14,KiK-net,138.8521,37.0303,228,-0.1117003741081497,full_oof_spatial,All-source spatial OOF,-0.2571996163032836,-50.402440316505434,130.7451899379597,0.4733959347685993,44891,99400,138.8493628,37.03395238,0.02268375,-0.25766398535862584,-0.07845137694087402,3,10,3_10
1209711,NIGH15,KiK-net,138.9951,37.0533,234,-0.1293759546178048,full_oof_spatial,All-source spatial OOF,-0.2978991444948315,-37.49909566471879,133.28839193796009,0.23292460275872234,50730,107402,138.993006,37.05453182,0.029946509,-0.29836351355017376,-0.07118861794087403,4,10,4_10
1209731,NIGH16,KiK-net,137.848,36.9378,35,-0.1115988578203694,full_oof_spatial,All-source spatial OOF,-0.2569658664123446,-141.0055757350987,120.51709493796038,0.3853047891142928,9795,43392,137.8441063,36.93923049,0.011105441,-0.25743023546768684,-0.09002968594087402,1,10,1_10
1209751,NIGH17,KiK-net,138.0966,36.8569,135,-0.1027514638183032,full_oof_spatial,All-source spatial OOF,-0.23659398887134203,-118.57360734045592,111.5716583379604,0.2872632471547408,17556,57382,138.09924,36.85544811,0.092478994,-0.23705835792668428,-0.008656132940874028,1,9,1_9
1209771,NIGH18,KiK-net,138.2594,36.9425,103,-0.1168269969073704,full_oof_spatial,All-source spatial OOF,-0.2690041015381726,-103.88364573688311,121.03679273796034,0.2558658119421735,22944,66391,138.2580014,36.94048707,0.101409974,-0.26946847059351486,0.0002748470591259766,2,10,2_10
1209791,NIGH19,KiK-net,138.7849,36.8114,169,-0.1490054244278085,full_oof_spatial,All-source spatial OOF,-0.3430976690627227,-56.466109971052546,106.54054133795995,0.4979591770025342,42021,95375,138.783853,36.80697839,0.096090923,-0.34356203811806496,-0.005044203940874029,3,9,3_9
1211041,SITH01,KiK-net,139.7349,35.929,201,0.0135160854609118,full_oof_spatial,All-source spatial OOF,0.03112193689792907,29.255410442915814,8.97004373796029,0.3291845977780017,80124,147276,139.7326857,35.92663405,0.577087278,0.030657567842586816,0.475952151059126,6,6,6_6
1211061,SITH03,KiK-net,139.3843,35.899,218,0.085689674673141,full_oof_spatial,All-source spatial OOF,0.1973077675258839,-2.380342248808386,5.652823737960165,0.4592630760030381,65730,127773,139.3868061,35.89538493,0.286974834,0.19684339847054164,0.185839707059126,5,6,5_6
1211081,SITH04,KiK-net,139.5353,35.8028,281,0.050741209522935,full_oof_spatial,All-source spatial OOF,0.11683595264799766,11.244867838044126,-4.984395062040186,0.5948400861522989,71993,136263,139.5394113,35.8070052,0.625456085,0.11637158359265541,0.524320958059126,5,6,5_6
1211101,SITH05,KiK-net,139.0504,36.1509,292,-0.0577627397729182,full_oof_spatial,All-source spatial OOF,-0.13300362353161574,-32.50920084483313,33.50641433796007,0.20979427808380452,52106,109302,139.0518904,36.15235623,0.124365697,-0.133467992586958,0.023230570059125974,4,7,4_7
1211121,SITH06,KiK-net,139.2894,36.1131,357,0.0606625418633259,full_oof_spatial,All-source spatial OOF,0.13968066459762146,-10.943470972266354,29.32671713796038,0.4332245607536666,62064,122797,139.2933554,36.11087922,1.034424743,0.1392162955422792,0.933289616059126,5,7,5_7
1211141,SITH07,KiK-net,139.1485,35.9118,339,-0.0692962162435822,full_oof_spatial,All-source spatial OOF,-0.15956043452336424,-23.65732594734728,7.0681709379600095,0.25963902325715116,55769,114275,139.1466762,35.90998381,-0.024399671,-0.1600248035787065,-0.12553479794087402,4,6,4_6
1211161,SITH08,KiK-net,138.9691,36.0274,331,-0.0419777291227943,full_oof_spatial,All-source spatial OOF,-0.09665729331588818,-39.845158328680924,19.850525337960075,0.42180970979860183,48407,104288,138.9660926,36.02447952,-0.032175168,-0.09712166237123043,-0.133310294940874,4,6,4_6
1211181,SITH09,KiK-net,139.0993,36.0715,188,0.0099327259343901,full_oof_spatial,All-source spatial OOF,0.022870946669322,-28.096798372998126,24.7268387379601,0.0897486829130751,53942,111793,139.0983823,36.071813,0.028058673,0.022406577613979746,-0.07307645394087403,4,6,4_6
1211201,SITH10,KiK-net,139.2191,35.9964,282,-0.0149172109517373,full_oof_spatial,All-source spatial OOF,-0.03434814756651783,-17.286863482900184,16.422731337960208,0.5356863666346123,58730,118284,139.2158859,35.99232682,0.138946653,-0.034812516621860086,0.03781152605912598,5,6,5_6
1211221,SITH11,KiK-net,139.2726,35.8637,334,0.1007778703728715,full_oof_spatial,All-source spatial OOF,0.23204962202426024,-12.459388385901851,1.7495615379602267,0.33523774078053264,60930,121270,139.2719743,35.86668849,0.13098529,0.231585252968918,0.02985016305912598,5,6,5_6
1212161,SZOH29,KiK-net,138.1973,35.307,33,-0.1195813206792522,full_oof_spatial,All-source spatial OOF,-0.27534616639658677,-109.48712617657387,-59.8069842620397,0.3460063431127974,18852,59710,138.1997677,35.30460488,-0.00791601,-0.275810535451929,-0.10905113694087402,2,4,2_4
1212181,SZOH30,KiK-net,137.9181,35.2233,96,-0.1578330124016893,full_oof_spatial,All-source spatial OOF,-0.3634239415384741,-134.68022986034205,-69.06202806203973,0.34559477020486584,9864,43702,137.920732,35.22557054,-0.004640559,-0.3638883105938164,-0.10577568594087403,1,4,1_4
1212201,SZOH31,KiK-net,138.0767,34.9398,58,0.0284857719152783,full_oof_spatial,All-source spatial OOF,0.06559091377454827,-120.3692476101807,-100.40975706204013,0.36050985224190646,14468,52170,138.0805936,34.94053099,-0.000371609,0.06512654471920602,-0.10150673594087402,1,3,1_3
1212221,SZOH32,KiK-net,137.8409,35.0086,94,-0.1644129173078606,full_oof_spatial,All-source spatial OOF,-0.37857473248874257,-141.6462313087196,-92.80226586203979,0.20228936520514448,7324,38678,137.8411529,35.00678223,-0.001087436,-0.3790391015440848,-0.10222256294087402,1,3,1_3
1212241,SZOH33,KiK-net,138.3526,35.0146,87,-0.1023107409893907,full_oof_spatial,All-source spatial OOF,-0.23557918705534595,-95.47391341837643,-92.13882186203976,0.5341666243796681,23652,67678,138.3500785,35.01897072,4.69e-05,-0.2360435561106882,-0.10108822694087402,2,3,2_3
1212261,SZOH34,KiK-net,138.4243,35.1304,182,0.0340049492535769,full_oof_spatial,All-source spatial OOF,0.07829928923930518,-89.00419445660715,-79.33435266203975,0.19953232382081176,26472,72190,138.4256742,35.12898624,7.75e-05,0.07783492018396293,-0.10105762694087403,2,3,2_3
1212281,SZOH35,KiK-net,139.0855,34.9467,138,0.1502049823998034,full_oof_spatial,All-source spatial OOF,0.34585975336722036,-29.342016248485525,-99.64679646203994,0.5975838669685949,52341,109668,139.0897232,34.94253704,0.04961066,0.3453953843118781,-0.05152446694087402,4,3,4_3
1212301,SZOH36,KiK-net,138.2008,34.9142,88,-0.1615867702117576,full_oof_spatial,All-source spatial OOF,-0.3720672883146474,-109.17131004873526,-103.24045146203983,0.39192747889734575,18514,59167,138.2042564,34.91634656,-9.7e-05,-0.37253165736998967,-0.10123212694087402,2,2,2_2
1212321,SZOH37,KiK-net,138.5659,35.2028,126,0.0219951610504469,full_oof_spatial,All-source spatial OOF,0.05064572995276229,-76.22717625595595,-71.32879506203956,0.21353296423761825,31632,80198,138.5641618,35.20411045,-0.001997598,0.050181360897420035,-0.10313272494087403,3,3,3_3
1212341,SZOH38,KiK-net,138.9779,35.0854,184,-0.0570792073092168,full_oof_spatial,All-source spatial OOF,-0.1314297318701194,-39.051106350108725,-84.31018266203995,0.2705533885406547,47937,103684,138.9808965,35.08531336,0.022426942,-0.13189410092546164,-0.07870818494087403,4,3,4_3
1212361,SZOH39,KiK-net,138.7724,34.7988,151,0.1189876067254105,full_oof_spatial,All-source spatial OOF,0.2739790894969683,-57.594024713340566,-116.00069106203993,0.44544902185249335,39006,91153,138.7688098,34.80156504,0.006909143,0.27351472044162606,-0.09422598394087402,3,2,3_2
1212381,SZOH40,KiK-net,138.97,34.7832,92,-0.1005853147492182,full_oof_spatial,All-source spatial OOF,-0.23160624631566396,-39.763948467235984,-117.72564546203985,0.4281434055045325,47173,102651,138.970676,34.78703251,0.028125714,-0.2320706153710062,-0.07300941294087403,4,2,4_2
1212401,SZOH41,KiK-net,138.834,34.6749,95,-0.1370148156416257,full_oof_spatial,All-source spatial OOF,-0.31548827201573476,-52.035660863340325,-129.70080966203983,0.15967141933662468,41433,94639,138.8334128,34.6762622,0.009885843,-0.315952641071077,-0.09124928394087402,3,2,3_2
1212421,SZOH42,KiK-net,138.9128,34.9756,202,0.023355703432952,full_oof_spatial,All-source spatial OOF,0.05377849456110514,-44.92528632795013,-96.45120786203994,0.052985461089380126,45022,99672,138.9133497,34.97576851,0.016112865,0.05331412550576288,-0.08502226194087402,4,3,4_3
1212441,SZOH43,KiK-net,138.4924,34.9739,32,0.0186761259502144,full_oof_spatial,All-source spatial OOF,0.04300336920784294,-82.85931494061509,-96.63918366203988,0.3264157817810273,28684,75673,138.4919016,34.97682386,0.000602862,0.04253900015250068,-0.10053226494087403,2,3,2_3
1212481,SZOH53,KiK-net,138.0174,34.8768,57,-0.2681441986896481,full_oof_spatial,All-source spatial OOF,-0.6174248346756174,-125.720075147598,-107.37591906203961,0.3848903539281495,12501,48663,138.0215124,34.87587577,-0.000287881,-0.6178892037309597,-0.10142300794087403,1,2,1_2
1212501,SZOH54,KiK-net,139.1685,35.0417,109,-0.1299797489660359,full_oof_spatial,All-source spatial OOF,-0.29928943236030253,-21.852662359686466,-89.14226646204007,0.23917946690396047,55673,114179,139.1664724,35.04309325,0.067515949,-0.2997538014156448,-0.03361917794087402,4,3,4_3
1212531,TCGH06,KiK-net,139.9509,36.4458,450,0.070914101671912,full_oof_spatial,All-source spatial OOF,0.16328575339280874,48.74577718966855,66.11468693795989,0.3614647334565469,89406,159833,139.9479264,36.44360958,0.282784232,0.16282138433746648,0.18164910505912601,7,8,7_8
1212551,TCGH07,KiK-net,139.4534,36.8817,280,-0.089135248963626,full_oof_spatial,All-source spatial OOF,-0.2052414955239582,3.8547704465646646,114.3138935379603,0.2747898985174348,69529,132882,139.4562546,36.88083434,0.111006101,-0.20570586457930046,0.009870974059125973,5,9,5_9
1212571,TCGH08,KiK-net,139.6459,36.8828,280,-0.120653378321951,full_oof_spatial,All-source spatial OOF,-0.27781467034349533,21.224657477817992,114.43552493796041,0.08163454959436861,77278,143382,139.6450956,36.88313788,-0.013427038,-0.2782790393988376,-0.11456216494087403,6,9,6_9
1212591,TCGH09,KiK-net,139.8364,36.8625,489,-0.0171728104755593,full_oof_spatial,All-source spatial OOF,-0.03954185740583484,38.41407815030165,112.19087273795975,0.5251967339767346,85024,153879,139.8343685,36.85804897,0.132468596,-0.040006226461177095,0.03133346905912597,6,9,6_9
1212611,TCGH10,KiK-net,140.0225,36.8578,556,0.0513864412984724,full_oof_spatial,All-source spatial OOF,0.11832165371587615,55.20647283350177,111.67117493795978,0.22426337932948803,92773,164379,140.0231802,36.85975074,0.312428722,0.1178572846605339,0.21129359505912598,7,9,7_9
1212631,TCGH11,KiK-net,139.7694,36.7084,344,0.0678119336589153,full_oof_spatial,All-source spatial OOF,0.15614274757011956,32.368455131631755,95.15141933795978,0.6352054699179468,82425,150363,139.7737397,36.71292319,0.016599326,0.1556783785147773,-0.08453580094087403,6,9,6_9
1212651,TCGH12,KiK-net,139.9842,36.6959,497,0.0799262631074468,full_oof_spatial,All-source spatial OOF,0.18403702196992697,51.750542063126275,93.76924433796026,0.359064987258171,90910,161861,139.9803793,36.69680764,0.530166639,0.18357265291458472,0.42903151205912604,7,9,7_9
1212671,TCGH13,KiK-net,140.1781,36.7342,478,-0.0038028125339104,full_oof_spatial,All-source spatial OOF,-0.008756299452033002,69.24675554551504,98.0042285379602,0.0701893880655563,99017,172865,140.1773918,36.73446257,0.253070579,-0.009220668507375256,0.151935452059126,7,9,7_9
1212691,TCGH14,KiK-net,139.6154,36.5509,453,-0.0962734818199797,full_oof_spatial,All-source spatial OOF,-0.22167788408931854,18.472545506631143,77.73601433795992,0.25519212877819736,75765,141345,139.6151355,36.54860223,0.196831591,-0.2221422531446608,0.09569646405912598,6,8,6_8
1212711,TCGH15,KiK-net,139.8637,36.5595,203,0.0558927899781958,full_oof_spatial,All-source spatial OOF,0.12869790500964065,40.87744394746061,78.68695073796005,0.2025630150025583,86098,155346,139.8657299,36.5602823,0.163871262,0.1282335359542984,0.06273613505912597,6,8,6_8
1212731,TCGH16,KiK-net,140.0751,36.548,503,0.1561772375587494,full_oof_spatial,All-source spatial OOF,0.3596113790677662,59.95273806905259,77.41534973796027,0.525915221205318,94583,166844,140.0719461,36.54400029,0.133374183,0.35914701001242394,0.032239056059125984,7,8,7_8
1212751,TCGH17,KiK-net,139.6922,36.9853,330,-0.0984332060620134,full_oof_spatial,All-source spatial OOF,-0.2266508329340032,25.402453683256788,125.76935993796032,0.4315068411776346,79134,145893,139.6883596,36.98297462,0.013316052,-0.22711520198934546,-0.08781907494087403,6,10,6_10
1213151,TKYH02,KiK-net,139.4704,35.6539,95,0.0559063846361313,full_oof_spatial,All-source spatial OOF,0.12872920786634728,5.38873449607995,-21.44886366203992,0.17014601671960275,69024,132246,139.4713928,35.6525918,0.092697398,0.12826483881100503,-0.008437728940874023,5,5,5_5
1213201,TKYH11,KiK-net,139.8125,35.6114,130,0.0135160854609118,full_oof_spatial,All-source spatial OOF,0.03112193689792907,36.257505163045224,-26.148258662039574,0.36306431904287517,83041,151241,139.8084818,35.61122958,0.076089428,0.030657567842586816,-0.025045698940874023,6,5,6_5
1213221,TKYH12,KiK-net,139.265,35.6701,292,0.125388276986949,full_oof_spatial,All-source spatial OOF,0.2887171774263571,-13.145160549215836,-19.657564862040164,0.3268935676290713,60539,120748,139.2674143,35.66789584,0.025235745,0.28825280837101486,-0.07589938194087402,5,5,5_5
1213241,TKYH13,KiK-net,139.1275,35.7017,272,-0.0675210974453585,full_oof_spatial,All-source spatial OOF,-0.15547307244028083,-25.55222271439422,-16.163426462039666,0.2330801577016732,54639,112752,139.1249277,35.70189244,-0.060285937,-0.15593744149562308,-0.16142106394087402,4,5,4_5
1213611,TYMH04,KiK-net,137.4689,36.7914,68,-0.2685783137028324,full_oof_spatial,All-source spatial OOF,-0.6184244214336204,-175.2129740392426,104.3290613379604,0.42250763496768834,356,22377,137.4729209,36.79335803,-0.001308402,-0.6188887904889627,-0.10244352894087402,0,9,0_9
1214251,YMNH08,KiK-net,138.734,35.6895,143,0.0006718279951311,full_oof_spatial,All-source spatial OOF,0.0015469411266449472,-61.0589788016521,-17.512429262039664,0.3955046824417708,38758,90751,138.7355768,35.68616263,-0.168704808,0.0010825720713026922,-0.26983993494087405,3,5,3_5
1214271,YMNH09,KiK-net,138.3325,35.4327,107,-0.1323778430756167,full_oof_spatial,All-source spatial OOF,-0.3048112481086201,-97.28760032397585,-45.90783246204027,0.3975240269971588,23698,67724,138.3365363,35.4341407,0.004906754,-0.30527561716396234,-0.09622837294087402,2,4,2_4
1214291,YMNH10,KiK-net,138.3087,35.5351,152,-0.1619445386183108,full_oof_spatial,All-source spatial OOF,-0.372891080514321,-99.43514999329622,-34.58505486203995,0.3063954112991632,22788,66235,138.3067591,35.53282633,-0.031844721,-0.37335544956966327,-0.13297984794087403,2,5,2_5
1214311,YMNH11,KiK-net,138.9777,35.6247,254,0.1075569531559663,full_oof_spatial,All-source spatial OOF,0.24765903698478692,-39.06915298598595,-24.67762446204025,0.3096297316078088,48363,104244,138.9762072,35.62722134,0.09395371,0.24719466792944467,-0.0071814169408740275,4,5,4_5
1214331,YMNH12,KiK-net,138.449,35.5623,190,-0.1261799246898308,full_oof_spatial,All-source spatial OOF,-0.29054001362591575,-86.77543492584185,-31.577442062039882,0.1764545411430675,27789,74238,138.4472302,35.56297881,0.133987131,-0.291004382681258,0.032852004059125986,2,5,2_5
1214351,YMNH13,KiK-net,138.4203,35.3509,124,-0.0833134929861764,full_oof_spatial,All-source spatial OOF,-0.19183640699523377,-89.36512717413882,-54.95278566203962,0.44292648085549774,26497,72215,138.4185285,35.35463575,0.006664134,-0.19230077605057602,-0.09447099294087402,2,4,2_4
1214371,YMNH14,KiK-net,138.9675,35.5115,182,0.1458947190149432,full_oof_spatial,All-source spatial OOF,0.3359350051503632,-39.989531415693584,-37.19460126204015,0.3236127534231054,47984,103731,138.9703238,35.50969574,0.056910739,0.3354706360950209,-0.04422438794087402,4,5,4_5
1214391,YMNH15,KiK-net,138.6045,35.5323,177,-0.0052252582218147,full_oof_spatial,All-source spatial OOF,-0.012031601688595104,-72.74417553176718,-34.89466206204001,0.3530504413604831,33653,83234,138.607378,35.53013696,-0.072661893,-0.012495970743937358,-0.17379701994087404,3,5,3_5
1214411,YMNH16,KiK-net,138.5653,35.7421,174,-0.0930059694747056,full_oof_spatial,All-source spatial OOF,-0.21415415887191638,-76.28131616358506,-11.696236862039864,0.43860822120146853,32351,81258,138.5654766,35.74606403,-0.336009302,-0.21461852792725863,-0.437144428940874,3,5,3_5
1100751,CHB001,K-NET,139.8731,35.9571,309,0.0791767899163667,full_oof_physical,All-source physical OOF,0.18231129617254727,41.72563583366192,12.077173137959727,0.24767987811110803,86031,155279,139.8744455,35.95514762,0.315279453,0.09970420140541797,0.21414432605912598,6,6,6_6
1100761,CHB002,K-NET,139.9024,35.7871,356,0.0098196235433082,full_oof_physical,All-source physical OOF,0.022610518789634833,44.36946798958799,-6.720406862039675,0.3800949839784102,87119,156760,139.903475,35.78377635,0.379071881,-0.059996575977494464,0.277936754059126,6,6,6_6
1100771,CHB003,K-NET,140.0577,35.7926,313,0.1478696753986095,full_oof_physical,All-source physical OOF,0.3404825102787067,58.38268074778799,-6.112249862039914,0.3614814525249648,93393,165261,140.0541341,35.79408982,0.14306225,0.2578754155115774,0.04192712305912598,7,6,7_6
1100781,CHB004,K-NET,140.4903,35.8889,383,0.0525610395244502,full_oof_physical,All-source physical OOF,0.12102626608126989,97.41755414892513,4.536026337960018,0.27728159609181496,110578,189771,140.4882089,35.88706249,0.074981413,0.03841917131414059,-0.026153713940874027,8,6,8_6
1100791,CHB005,K-NET,140.8271,35.7353,206,-0.0904648327124995,full_oof_physical,All-source physical OOF,-0.20830297524400146,127.80808896516193,-12.448140062039682,0.1348868224745064,121429,208754,140.8260349,35.73444405,0.026753621,-0.2909100700111308,-0.07438150594087402,9,5,9_5
1100801,CHB006,K-NET,140.3073,35.779,251,0.1193596153887638,full_oof_physical,All-source physical OOF,0.2748356710996703,80.90488232181428,-7.616056262039552,0.404978673868098,103918,179759,140.3115279,35.77777099,0.191611492,0.19222857633254098,0.09047636505912597,8,5,8_5
1100811,CHB007,K-NET,140.2246,35.7237,362,0.1515607005842204,full_oof_physical,All-source physical OOF,0.34898140984895987,73.44259838683107,-13.730798462039836,0.13351866106203733,100356,174753,140.2233696,35.72302923,0.182142822,0.26637431508183057,0.08100769505912599,7,5,7_5
1100821,CHB008,K-NET,139.9027,35.6556,310,0.1497186402839083,full_oof_physical,All-source physical OOF,0.3447399092610651,44.39653794340382,-21.260887862039965,0.29532679456301447,87105,156746,139.9052065,35.65731748,-0.088731711,0.26213281449393583,-0.18986683794087403,6,5,6_5
1100831,CHB009,K-NET,140.1077,35.6075,248,0.1086176787957444,full_oof_physical,All-source physical OOF,0.2501014480306965,62.89433971694259,-26.579497262039748,0.3387961858672066,95586,168240,140.1094658,35.60479601,0.122195021,0.1674943532635672,0.021059894059125978,7,5,7_5
1100841,CHB010,K-NET,140.5637,35.7086,368,-0.0303506934993374,full_oof_physical,All-source physical OOF,-0.0698850544136056,104.04066951564825,-15.400465862040265,0.3774914210287346,113038,193751,140.5602549,35.7066632,0.111106924,-0.1524921491807349,0.009971797059125972,8,5,8_5
1100851,CHB011,K-NET,140.5014,35.6021,234,0.054959311462532,full_oof_physical,All-source physical OOF,0.126548491294843,98.4191424400777,-27.176596862039926,0.505157723216519,110862,190239,140.4989049,35.59801032,0.194819482,0.0439413965277137,0.09368435505912596,8,5,8_5
1100852,CHB011,K-NET,140.4971,35.5877,73,0.0320514179931785,full_oof_physical,All-source physical OOF,0.07380111728041396,98.03113976873023,-28.768862462040143,0.2193470889397915,110861,190238,140.4989612,35.58897605,0.19721635,-0.008805977486715341,0.09608122305912599,8,5,8_5
1100861,CHB012,K-NET,140.3436,35.5721,417,0.0651589109255193,full_oof_physical,All-source physical OOF,0.1500339369728276,84.18034673342267,-30.493816862040052,0.40200359581699524,104933,181236,140.3398472,35.57014065,0.200925728,0.0674268422056983,0.09979060105912597,8,5,8_5
1100871,CHB013,K-NET,140.2892,35.4294,204,0.0359595048030992,full_oof_physical,All-source physical OOF,0.08279981971106401,79.27166177497939,-46.27272666203981,0.46581117868941185,102827,178220,140.2880497,35.42529325,0.318295557,0.0001927249439347134,0.217160430059126,8,4,8_4
1100881,CHB014,K-NET,140.0454,35.471,347,0.1412258819284838,full_oof_physical,All-source physical OOF,0.325184610473464,57.272812641374635,-41.67284826204032,0.4134921449352049,92988,164725,140.0491236,35.46882039,0.161974802,0.24257751570633468,0.06083967505912598,7,4,7_4
1100891,CHB015,K-NET,139.9199,35.3738,201,0.1305153478762915,full_oof_physical,All-source physical OOF,0.3005226944268809,45.948548628793766,-52.42064106203963,0.43696346905771705,87443,157215,139.9178261,35.37737104,0.192881642,0.2179155996597516,0.09174651505912597,7,4,7_4
1100901,CHB016,K-NET,140.3869,35.3004,32,0.1648923543887909,full_oof_physical,All-source physical OOF,0.3796786771643213,88.08744340071081,-60.53677266203957,0.13551077681612358,106601,183706,140.3861368,35.29934453,0.251328104,0.297071582397192,0.150192977059126,8,4,8_4
1100902,CHB016,K-NET,140.3866,35.2998,254,0.1648923543887909,full_oof_physical,All-source physical OOF,0.3796786771643213,88.06037344689497,-60.6031170620402,0.06544732378641005,106601,183706,140.3861368,35.29934453,0.251328104,0.297071582397192,0.150192977059126,8,4,8_4
1100911,CHB017,K-NET,140.0734,35.2976,310,0.0649445718654049,full_oof_physical,All-source physical OOF,0.14954040304816182,59.79934166410131,-60.84637986203963,0.37808672796620757,94076,166206,140.0775818,35.29738479,0.321612612,0.06693330828103253,0.220477485059126,7,4,7_4
1100921,CHB018,K-NET,140.3204,35.152,217,0.1815980142385667,full_oof_physical,All-source physical OOF,0.41814488050304416,82.08693697173396,-76.94595426203982,0.4189997314876529,103849,179690,140.3168202,35.15441352,0.290450593,0.33553778573591486,0.18931546605912597,8,3,8_3
1100931,CHB019,K-NET,139.836,35.1106,262,0.1940132585261386,full_oof_physical,All-source physical OOF,0.44673203692548674,38.37798487854976,-81.52371786204016,0.5012266700879442,83724,152186,139.8333501,35.11458391,0.894591974,0.36412494215835745,0.793456847059126,6,3,6_3
1100941,CHB020,K-NET,140.1006,35.1132,236,0.1174866067510686,full_oof_physical,All-source physical OOF,0.2705229093314642,62.25368414332168,-81.23622546204004,0.5049568589600731,94794,167186,140.0972149,35.11683646,0.253567731,0.18791581456433493,0.152432604059126,7,3,7_3
1100951,CHB021,K-NET,139.8994,34.9078,148,-0.0205463548942232,full_oof_physical,All-source physical OOF,-0.047309730494803595,44.09876845143989,-103.94812506203975,0.15954137831589243,86284,155663,139.8977073,34.90738314,0.649682832,-0.12991682526193288,0.548547705059126,6,2,6_2
1100961,CHB022,K-NET,139.8555,35.3033,183,0.096888630622697,full_oof_physical,All-source physical OOF,0.22309431655242853,40.137531876520086,-60.21610806203992,0.1974946371244543,84852,153707,139.8570795,35.30453642,0.258541033,0.14048722178529924,0.15740590605912597,6,4,6_4
1100981,CHB024,K-NET,140.0781,35.6337,295,0.0346357881810983,full_oof_physical,All-source physical OOF,0.0797518495498963,60.22343760720325,-23.682458462040213,0.45383917291260023,94113,166243,140.0737573,35.63162942,0.088116615,-0.0028552452172330017,-0.013018511940874028,7,5,7_5
1100991,CHB025,K-NET,139.9458,34.9705,135,0.1382803156050811,full_oof_physical,All-source physical OOF,0.3184021933667717,48.28558797481473,-97.01513526203979,0.3436642965304133,88505,158670,139.9495399,34.97108776,0.654929115,0.23579509859964243,0.5537939880591259,7,3,7_3
1101001,CHB026,K-NET,140.2404,35.3858,229,0.0672951258474366,full_oof_physical,All-source physical OOF,0.15495275360746583,74.868282621083,-51.093753062039575,0.48640269395581603,101040,175716,140.2442385,35.38888843,0.301412547,0.07234565884033653,0.20027742005912597,7,4,7_4
1101011,CHB027,K-NET,140.2655,35.1806,103,0.1348804667215151,full_oof_physical,All-source physical OOF,0.31057375200904014,77.1331354236002,-73.78353786204012,0.1696668293842418,101733,176693,140.2637735,35.18120782,0.28906652,0.22796665724191084,0.18793139305912598,7,3,7_3
1101021,CHB028,K-NET,139.9655,35.7664,257,0.0919394904915386,full_oof_physical,All-source physical OOF,0.2116985002632846,50.06318160866228,-9.009288662040234,0.0302089950310711,89700,160258,139.965788,35.7662607,0.237490852,0.1290914054961553,0.13635572505912597,7,5,7_5
1101031,CHB029,K-NET,139.9176,35.6948,337,0.0440871886601739,full_oof_physical,All-source physical OOF,0.10151450340093257,45.74101231621083,-16.92638706203985,0.38974582404080976,87478,157250,139.9135712,35.69352915,0.01522518,0.018907408633803274,-0.08590994694087402,7,5,7_5
1101041,CHB030,K-NET,139.9151,35.3766,52,-0.0279721610845202,full_oof_physical,All-source physical OOF,-0.06440828113204437,45.51542936775323,-52.11103386203956,0.26034056570523856,87443,157215,139.9178261,35.37737104,0.192881642,-0.14701537589917368,0.09174651505912597,6,4,6_4
1101611,FKS012,K-NET,140.7928,36.9066,483,0.1168163042930725,full_oof_physical,All-source physical OOF,0.2689794808838851,124.71309091232065,117.06718613795978,0.4035029545509331,120785,207384,140.79641,36.9087536,0.004216593,0.18637238611675583,-0.09691853394087402,9,9,9_9
1101621,FKS013,K-NET,140.5546,37.0893,535,0.0142659649636111,full_oof_physical,All-source physical OOF,0.032848598262386265,103.21954758326021,137.26905593796022,0.20825484705108285,113191,193904,140.552399,37.08873328,0.01031129,-0.04975849650474303,-0.09082383694087402,8,10,8_10
1101631,FKS014,K-NET,140.43,36.8683,289,-0.0574343821205932,full_oof_physical,All-source physical OOF,-0.13224755209620168,91.97649343212427,112.83220193795982,0.4000664575662897,108759,186880,140.4277545,36.87141974,0.040000404,-0.21485464686333097,-0.06113472294087402,8,9,8_9
1101632,FKS014,K-NET,140.4166,36.8864,138,-0.0045892805390461,full_oof_physical,All-source physical OOF,-0.010567208956775228,90.76736882838875,114.83359133796027,0.3826006119840296,108435,186382,140.4186239,36.88944052,0.040621501,-0.09317430372390452,-0.060513625940874026,8,9,8_9
1101641,FKS015,K-NET,140.3763,37.0237,385,-0.0488024632682347,full_oof_physical,All-source physical OOF,-0.11237182442282671,87.13097169924873,130.01540153795986,0.3570040906549358,106792,183897,140.372535,37.02469221,0.028848066,-0.19497891918995602,-0.07228706094087403,8,10,8_10
1101651,FKS016,K-NET,140.191,37.1232,532,0.0766782216685519,full_oof_physical,All-source physical OOF,0.17655813017130065,70.4107635595575,141.01751453795973,0.03601167814114932,99787,173908,140.1912538,37.12294866,0.028985448,0.09395103540417135,-0.07214967894087403,7,10,7_10
1101661,FKS017,K-NET,140.3689,37.2844,562,-0.0981234678404723,full_oof_physical,All-source physical OOF,-0.22593763432235217,86.46324617181453,158.84204333795984,0.2780858557714144,106821,183926,140.3703667,37.28661186,0.008451283,-0.3085447290894815,-0.09268384394087402,8,11,8_11
1101731,FKS024,K-NET,140.1326,37.3963,570,0.0726456551400007,full_oof_physical,All-source physical OOF,0.16727280259615188,65.14114588358257,171.21527393795967,0.3352029521152165,97626,170938,140.134021,37.39349907,0.006034038,0.08466570782902258,-0.09510108894087402,7,11,7_11
1101741,FKS025,K-NET,139.8994,37.3082,373,0.0547794924197606,full_oof_physical,All-source physical OOF,0.1261344426475211,44.09876845143989,161.47370453796,0.23131501589928607,88026,157929,139.8997875,37.31026791,0.007036294,0.04352734788039181,-0.09409883294087402,6,11,6_11
1101751,FKS026,K-NET,139.5368,37.2664,294,0.0214451433799775,full_oof_physical,All-source physical OOF,0.04937926746385614,11.380217607118174,156.85171133795976,0.45885606023136943,73262,137925,139.5387429,37.27023494,0.005115252,-0.03322782730327316,-0.09601987494087402,5,11,5_11
1101761,FKS027,K-NET,139.6807,37.0701,250,-0.0742658774399493,full_oof_physical,All-source physical OOF,-0.17100350231135006,24.364772120349762,135.14603513795967,0.4296083011594554,78775,145403,139.6777902,37.0731752,0.013777672,-0.2536105970784793,-0.08735745494087402,6,10,6_10
1101771,FKS028,K-NET,139.3144,37.3491,140,0.0103990970679719,full_oof_physical,All-source physical OOF,0.023944805889310188,-8.687641487687767,165.99618113796006,0.3157398990408274,64046,125434,139.3109836,37.34848266,0.004296193,-0.05866228887781911,-0.09683893394087402,5,11,5_11
1101772,FKS028,K-NET,139.3619,37.3037,63,0.0292857303410684,full_oof_physical,All-source physical OOF,0.06743288612078753,-4.40156546699076,160.97612153795998,0.3944100292502501,66255,128429,139.3662429,37.30410387,0.005114338,-0.015174208646341766,-0.09602078894087403,5,11,5_11
1101782,FKS029,K-NET,139.3806,37.0159,237,0.0097849375097633,full_oof_physical,All-source physical OOF,0.022530651245859255,-2.7142050125267656,129.1529243379603,0.10104216737421473,66592,128897,139.3814576,37.01531242,0.046362138,-0.06007644352127004,-0.054772988940874026,5,10,5_10
1101851,GIF004,K-NET,137.5175,36.2493,47,-0.0246273231825274,full_oof_physical,All-source physical OOF,-0.05670650724043427,-170.8276415212209,44.38689593795985,0.44827532440942713,680,23317,137.5152345,36.252908,-0.006405702,-0.13931360200756357,-0.10754082894087402,0,7,0_7
1101881,GIF007,K-NET,137.4854,36.0378,116,0.0153480261821812,full_oof_physical,All-source physical OOF,0.03534013629397275,-173.72412657942039,21.00049493795975,1.1740929476300317,85,21793,137.4981601,36.03572175,-0.004636697,-0.047266958473156546,-0.10577182394087402,0,6,0_6
1102081,GNM001,K-NET,139.2246,36.7719,250,-0.0299280647879729,full_oof_physical,All-source physical OOF,-0.06891191584294641,-16.79058099629192,102.17286833796031,0.2977535364032067,59923,119870,139.2249882,36.7692259,0.142465911,-0.15151901061007572,0.04133078405912598,5,9,5_9
1102091,GNM002,K-NET,138.9695,36.7821,256,0.0207783808981838,full_oof_physical,All-source physical OOF,0.047843990112710254,-39.80906505692648,103.30072313796003,0.35429380669327026,49594,105872,138.9731585,36.78326331,0.094394932,-0.03476310465441904,-0.0067401949408740225,4,9,4_9
1102101,GNM003,K-NET,139.0786,36.6581,329,0.1761610934518628,full_oof_physical,All-source physical OOF,0.4056259077477903,-29.964625186229227,89.58954713795978,0.3209789478803184,53638,111358,139.0750796,36.65851656,-0.081362748,0.323018812980661,-0.18249787494087402,4,9,4_9
1102111,GNM004,K-NET,138.5921,36.6171,134,0.1037520611166551,full_oof_physical,All-source physical OOF,0.23889794929461722,-73.86306695611916,85.05601313796014,0.38633033941749173,34441,84354,138.5922394,36.61360799,-0.085840978,0.15629085452748792,-0.18697610494087402,3,8,3_8
1102121,GNM005,K-NET,138.5176,36.5134,75,0.0270550258986827,full_oof_physical,All-source physical OOF,0.062296499324874625,-80.58543882016185,73.58948933795975,0.26305936133968066,31449,79843,138.5148213,36.51268023,-0.045753036,-0.02031059544225467,-0.14688816294087403,3,8,3_8
1102131,GNM006,K-NET,138.7527,36.5105,243,0.0322727701620109,full_oof_physical,All-source physical OOF,0.07431079948466933,-59.37161834718811,73.2688247379601,0.4187880868118914,40585,93342,138.7565976,36.50844376,0.083916205,-0.008296295282459967,-0.01721892194087403,3,8,3_8
1102141,GNM007,K-NET,139.0101,36.4619,149,0.10509258506564,full_oof_physical,All-source physical OOF,0.24198461975635135,-36.145597973973175,67.89492833796007,0.38034024620269974,50664,107336,139.0084738,36.45872661,0.21844331,0.15937752498922206,0.11730818305912598,4,8,4_8
1102142,GNM007,K-NET,139.0093,36.4637,78,0.0934491356884877,full_oof_physical,All-source physical OOF,0.21517458678948967,-36.2177845174795,68.09396153796038,0.45835252226156215,50665,107337,139.0082428,36.46775444,0.205756127,0.13256749202236037,0.10462100005912599,4,8,4_8
1102151,GNM008,K-NET,139.1368,36.3479,231,-0.0041847635076812,full_oof_physical,All-source physical OOF,-0.009635774070492206,-24.71305414613153,55.28949233796037,0.5009180072006879,55818,114324,139.1362413,36.35240716,0.269046749,-0.0922428688376215,0.16791162205912596,4,7,4_7
1102161,GNM009,K-NET,139.3253,36.4105,371,-0.0678145650815694,full_oof_physical,All-source physical OOF,-0.15614880664469624,-7.704099832412417,62.21142473795995,0.2737085492798723,63573,124830,139.3226055,36.40936313,0.330710726,-0.23875590141182554,0.229575599059126,5,8,5_8
1102171,GNM010,K-NET,139.5335,36.2343,310,0.0544550609772994,full_oof_physical,All-source physical OOF,0.1253874116444114,11.082448115154243,42.72828593795979,0.35937705246369694,72040,136310,139.5315561,36.23146331,0.217506808,0.04278031687728209,0.11637168105912597,5,7,5_7
1102181,GNM011,K-NET,139.3607,36.2913,285,0.0139772399950362,full_oof_physical,All-source physical OOF,0.03218378445377053,-4.509845282248972,49.03100393796003,0.13012826818233003,65036,126817,139.360816,36.29247303,0.402070836,-0.05042331031335877,0.300935709059126,5,7,5_7
1102192,GNM012,K-NET,139.1955,36.3118,32,0.0093672969989292,full_oof_physical,All-source physical OOF,0.02156899843138224,-19.41636651634077,51.297770937959854,0.5534040383494436,58396,117819,139.1997869,36.30822086,0.451655643,-0.061038096335747055,0.350520516059126,4,7,4_7
1102201,GNM013,K-NET,139.0174,36.3181,161,0.1280766644711269,full_oof_physical,All-source physical OOF,0.29490741837161694,-35.48689576447502,51.99438713796019,0.5245823601712736,51017,107820,139.02108,36.31442727,0.275583902,0.21230032360448764,0.17444877505912598,4,7,4_7
1102211,GNM014,K-NET,138.7179,36.35,84,0.0161455794451354,full_oof_physical,All-source physical OOF,0.037176570548119854,-62.511732989722454,55.521697737960224,0.47900365607427575,38832,90825,138.7163747,36.3541493,0.042549567,-0.04543052421900944,-0.05858555994087402,3,7,3_7
1102212,GNM014,K-NET,138.7211,36.3467,62,0.0815907554371747,full_oof_physical,All-source physical OOF,0.18786965719576137,-62.22298681569456,55.156803537959895,0.4318397620905207,39177,91324,138.7255646,36.34529332,0.071925462,0.10526256242863208,-0.029209664940874028,3,7,3_7
1102221,GNM015,K-NET,138.7578,36.2286,114,-0.1072115055552653,full_oof_physical,All-source physical OOF,-0.24686361448900224,-58.9114291323343,42.09801413796008,0.18948196758345445,40205,92811,138.7557077,36.2284542,-0.10952543,-0.32947070925613153,-0.21066055694087402,3,7,3_7
1102231,GNM016,K-NET,138.925,36.1164,255,-0.0976201160512766,full_oof_physical,All-source physical OOF,-0.22477862399601828,-43.82444153947539,29.691611337959923,0.3784451543209324,46956,102298,138.9281612,36.11415075,-0.143541599,-0.3073857187631476,-0.24467672594087403,4,7,4_7
1104571,IBR001,K-NET,140.3582,36.7763,516,0.0827945584026599,full_oof_physical,All-source physical OOF,0.1906415159589896,85.4977511524164,102.65939393795996,0.511597651926728,106091,182870,140.3565628,36.78072965,0.075470974,0.1080344211918603,-0.025664152940874027,8,9,8_9
1104581,IBR002,K-NET,140.7073,36.7126,508,0.0380913640938388,full_oof_physical,All-source physical OOF,0.08770860713428187,116.998154075064,95.61583013796027,0.30462849005314724,118079,202362,140.7071841,36.70984665,0.00462074,0.005101512367152575,-0.09651438694087403,9,9,9_9
1104591,IBR003,K-NET,140.6453,36.5914,514,0.0138798342740883,full_oof_physical,All-source physical OOF,0.03195949949274355,111.40369695330929,82.21426133796008,0.10058045397001845,116092,198849,140.6448982,36.59224847,0.001501279,-0.05064759527438575,-0.09963384794087403,9,8,9_8
1104601,IBR004,K-NET,140.4094,36.5273,111,0.0489247424524316,full_oof_physical,All-source physical OOF,0.11265338264954196,90.1176899368318,75.1264679379597,0.2834750757761965,108067,185842,140.4123856,36.52809778,-0.005620795,0.03004628788241266,-0.10675592194087402,8,8,8_8
1104602,IBR004,K-NET,140.4102,36.5516,378,0.0259960846446557,full_oof_physical,All-source physical OOF,0.05985819697899563,90.18987648033811,77.81341613796012,0.43592891396495875,108070,185845,140.4121805,36.55519592,0.005431197,-0.022748897788133667,-0.09570392994087402,8,8,8_8
1104611,IBR005,K-NET,140.2373,36.3851,546,-0.0708456634576682,full_oof_physical,All-source physical OOF,-0.16312816858089982,74.58855976499629,59.40284513796021,0.3637363894136205,101150,175826,140.2347372,36.38256086,-0.165655847,-0.24573526334802911,-0.26679097394087403,7,8,7_8
1104621,IBR006,K-NET,140.4528,36.369,401,0.1461806324668821,full_oof_physical,All-source physical OOF,0.33659334520268414,94.03380992205854,57.62260373796004,0.4815838288735286,109353,187824,140.4493509,36.36567635,-0.053351891,0.25398625043555484,-0.15448701794087402,8,8,8_8
1104622,IBR006,K-NET,140.4543,36.3665,72,0.1690516395921832,full_oof_physical,All-source physical OOF,0.38925578527116306,94.16915969113258,57.34616873796029,0.3699382196102912,109675,188324,140.458286,36.3657172,-0.050556552,0.30664869050403376,-0.15169167894087401,8,8,8_8
1104631,IBR007,K-NET,140.5954,36.3526,481,0.0742598977247196,full_oof_physical,All-source physical OOF,0.17098973350820182,106.9010613020933,55.809190137960336,0.5579902347520999,114311,195822,140.592409,36.34818324,-0.021530471,0.08838263874107252,-0.12266559794087402,8,7,8_7
1104641,IBR008,K-NET,139.9826,36.3061,393,0.0592057467337796,full_oof_physical,All-source physical OOF,0.13632626984878185,51.606168976113615,50.66749913796014,0.3653513047265147,90867,161818,139.9854596,36.30843919,-0.007648229,0.053719175081652554,-0.10878335594087403,7,7,7_7
1104651,IBR009,K-NET,139.7037,36.185,359,0.0846371953268363,full_oof_physical,All-source physical OOF,0.1948843442723986,26.440135246161248,37.27698773796032,0.40218075968794936,79046,145805,139.7017392,36.18826634,0.518515562,0.1122772495052693,0.41738043505912603,6,7,6_7
1104661,IBR010,K-NET,139.9652,36.1844,473,0.1355293782709535,full_oof_physical,All-source physical OOF,0.31206792606944866,50.03611165484901,37.21064333795968,0.4637015962890854,90115,160804,139.9692664,36.18183589,0.286114249,0.22946083130231937,0.18497912205912598,7,7,7_7
1104671,IBR011,K-NET,140.0901,36.1256,451,-0.1464191750199282,full_oof_physical,All-source physical OOF,-0.3371426097293729,61.30623575980077,30.70889213795991,0.5112720884769402,94906,167298,140.0857695,36.12858182,0.005803394,-0.4197497044965022,-0.09533173294087402,7,7,7_7
1104681,IBR012,K-NET,140.2869,36.1901,367,0.1379338290100593,full_oof_physical,All-source physical OOF,0.3176043784981522,79.06412546239902,37.84091513796018,0.44707065441488025,103264,178805,140.290078,36.19320188,-0.167177133,0.2349972837310229,-0.26831225994087404,8,7,8_7
1104682,IBR012,K-NET,140.2713,36.1954,118,0.1575934755558183,full_oof_physical,All-source physical OOF,0.36287238756794876,77.65648786402174,38.42695733795999,0.26885433519427804,102558,177805,140.2722476,36.1930948,-0.183828806,0.28026529280081947,-0.284963932940874,8,7,8_7
1104691,IBR013,K-NET,140.4892,36.1587,437,0.0934713376132071,full_oof_physical,All-source physical OOF,0.21522570861038431,97.31829765160553,34.368891537960415,0.257418928200295,110608,189801,140.4864533,36.15807095,-0.03846192,0.13261861384325502,-0.13959704694087402,8,7,8_7
1104701,IBR014,K-NET,140.1948,36.0729,442,0.0194170585037176,full_oof_physical,All-source physical OOF,0.04470942946045342,70.75364964121192,24.88164233795974,0.28717936431553864,99308,173292,140.1932151,36.07515223,-0.036675635,-0.037897665306675876,-0.13781076194087402,7,7,7_7
1104711,IBR015,K-NET,139.9082,36.0698,247,0.0947101364533272,full_oof_physical,All-source physical OOF,0.21807814835286318,44.89282043000952,24.538862937960147,0.342745226345232,87520,157292,139.9083771,36.07289632,0.220005498,0.13547105358573389,0.11887037105912597,6,6,6_6
1104721,IBR016,K-NET,140.0494,35.9114,388,0.0347991748514577,full_oof_physical,All-source physical OOF,0.08012806126145978,57.63374535890629,7.023941337960112,0.3015026529696229,93406,165274,140.0527382,35.91151879,0.368968163,-0.0024790335056695117,0.267833036059126,7,6,7_6
1104731,IBR017,K-NET,140.3196,35.9538,463,-0.0222093043538321,full_oof_physical,All-source physical OOF,-0.05113881313090156,82.01475042822764,11.712278937960185,0.4837490981695911,104285,180278,140.3189297,35.94945944,0.162415695,-0.13374590789803087,0.061280568059125975,8,6,8_6
1104741,IBR018,K-NET,140.6306,35.9766,397,0.1149141617506516,full_oof_physical,All-source physical OOF,0.2645996358209569,110.07726921637695,14.233366137959809,0.15981426815772248,115446,197781,140.6298874,35.97792317,0.017099028,0.18199254105382762,-0.08403609894087402,9,6,9_6
1104751,IBR019,K-NET,140.6544,36.8808,172,-0.0043193094306957,full_oof_physical,All-source physical OOF,-0.009945577507148518,112.22481888569733,114.21437693796014,0.17582514697131701,116410,199381,140.6525595,36.88132218,0.008905615,-0.09255267227427781,-0.09222951194087402,9,9,9_9
1105941,KNG001,K-NET,139.7061,35.5291,229,0.1412175577162348,full_oof_physical,All-source physical OOF,0.32516544326642854,26.656694876680234,-35.24849886203997,0.22668714940688753,78604,145232,139.7036078,35.52884159,0.193479606,0.24255834849929925,0.09234447905912598,6,5,6_5
1105951,KNG002,K-NET,139.6334,35.4372,248,0.1543445396656349,full_oof_physical,All-source physical OOF,0.3553914362191192,20.096742735527414,-45.41024946204025,0.10975723909130285,75642,141222,139.6344218,35.43773852,0.286018024,0.2727843414519899,0.18488289705912597,6,4,6_4
1105961,KNG003,K-NET,139.6582,35.2731,136,0.1300787644969683,full_oof_physical,All-source physical OOF,0.2995174240458024,22.33452558422878,-63.555442862039996,0.39656169525283996,76362,142204,139.65478,35.27535239,0.43001021,0.2169103292786731,0.328875083059126,6,4,6_4
1105971,KNG004,K-NET,139.6223,35.1442,226,0.1539441040969915,full_oof_physical,All-source physical OOF,0.35446939924805626,19.09515444437484,-77.80843146204016,0.4787465601364192,74872,140190,139.6216728,35.14849929,0.423254989,0.27186230448092696,0.322119862059126,6,3,6_3
1105981,KNG005,K-NET,139.549,35.3194,90,0.1365158447731316,full_oof_physical,All-source physical OOF,0.314339349132102,12.481062395592916,-58.43586666203975,0.0699739628851276,71939,136209,139.5482361,35.31929105,0.322409305,0.2317322543649727,0.22127417805912597,5,4,5_4
1105982,KNG005,K-NET,139.5461,35.3191,127,0.1021591345381706,full_oof_physical,All-source physical OOF,0.2352301003007648,12.219386175380865,-58.469038862040065,0.19390130203206826,71939,136209,139.5482361,35.31929105,0.322409305,0.1526230055336355,0.22127417805912597,5,4,5_4
1105991,KNG006,K-NET,139.5391,35.4541,152,0.0891287218130686,full_oof_physical,All-source physical OOF,0.20522646620438503,11.587753919698555,-43.54154886204029,0.20163701534246484,71585,135724,139.5369752,35.45466464,0.307680702,0.12261937143725574,0.20654557505912596,5,4,5_4
1106001,KNG007,K-NET,139.4901,35.3385,54,-0.011376977587286,full_oof_physical,All-source physical OOF,-0.02619645899581211,7.166328129927498,-56.323903262039565,0.4109136827019674,69358,132711,139.4861878,35.33659794,0.30287322,-0.1088035537629414,0.201738093059126,5,4,5_4
1106011,KNG008,K-NET,139.3262,35.5749,108,-0.0709966765005448,full_oof_physical,All-source physical OOF,-0.16347588896227513,-7.622889970967474,-30.184209662039986,0.510960608055629,62743,123738,139.3224214,35.57834173,-0.030162532,-0.24608298372940443,-0.13129765894087403,5,5,5_5
1106021,KNG009,K-NET,139.3621,35.4425,162,0.1704659330405844,full_oof_physical,All-source physical OOF,0.3925123162825709,-4.383518831113536,-44.82420726203965,0.1691731440179386,64204,125723,139.3605523,35.44336349,0.21148459,0.3099052215154416,0.11034946305912598,5,4,5_4
1106031,KNG010,K-NET,139.3504,35.3355,152,0.0265623210736227,full_oof_physical,All-source physical OOF,0.06116200453944523,-5.439247029895217,-56.65562526203958,0.3258547665769758,63823,125211,139.3539275,35.33486901,0.305424015,-0.021445090227684066,0.20428888805912598,5,4,5_4
1106032,KNG010,K-NET,139.3446,35.3339,31,0.0413127430382029,full_oof_physical,All-source physical OOF,0.09512610627045955,-5.962599470316752,-56.83254366203995,0.10453508730188259,63454,124711,139.3451106,35.33474861,0.292784217,0.012519011503330249,0.191649090059126,5,4,5_4
1106041,KNG011,K-NET,139.1554,35.6151,125,-0.0585824333916107,full_oof_physical,All-source physical OOF,-0.13489103783883943,-23.034717009606148,-25.739134862040135,0.3796841452952173,55736,114242,139.1535767,35.61200535,0.109532709,-0.21749813260596873,0.008397582059125983,4,5,4_5
1106051,KNG012,K-NET,139.2044,35.3793,156,0.0499257159911237,full_oof_physical,All-source physical OOF,0.11495820939821588,-18.613291219832526,-51.812484062039864,0.19827122180636736,57555,116716,139.2030466,35.37788739,0.076886017,0.032351114631086586,-0.024249109940874022,4,4,4_4
1106061,KNG013,K-NET,139.1521,35.2642,149,0.1399115277323505,full_oof_physical,All-source physical OOF,0.3221581980945333,-23.33248650157008,-64.53955146203967,0.5021390055524945,55328,113703,139.1527944,35.25969429,0.079603053,0.23955110332740398,-0.02153207394087403,4,4,4_4
1106071,KNG014,K-NET,139.0828,35.3609,123,0.1109557601841366,full_oof_physical,All-source physical OOF,0.2554850793818152,-29.58564583282035,-53.84704566203984,0.415291657561416,52387,109714,139.0799869,35.35792745,0.026623497,0.1728779846146859,-0.07451162994087403,4,4,4_4
1107301,NGN001,K-NET,138.3657,36.8513,62,0.0246453918046577,full_oof_physical,All-source physical OOF,0.05674811178040245,-94.29185876845673,110.95244393796028,0.3365378969854129,26663,72381,138.3690115,36.85270023,0.184322043,-0.02585898298672685,0.08318691605912597,2,9,2_9
1107311,NGN002,K-NET,138.2069,36.8068,66,-0.0633757404572864,full_oof_physical,All-source physical OOF,-0.14592803523440734,-108.6208876544979,106.03190093796036,0.37176410330050796,21107,63376,138.2089834,36.80389941,0.218589317,-0.22853513000153663,0.11745419005912598,2,9,2_9
1107321,NGN003,K-NET,138.4137,36.74,61,0.0833448045418899,full_oof_physical,All-source physical OOF,0.19190850451665814,-89.96066615806669,98.64555773796029,0.5492273422130237,28238,74868,138.4178674,36.73637973,0.297251435,0.10930140974952884,0.196116308059126,2,9,2_9
1107331,NGN004,K-NET,138.1941,36.6475,55,-0.0794987566479221,full_oof_physical,All-source physical OOF,-0.18305265196906673,-109.77587235060174,88.41746273796015,0.3665545421081599,20489,62359,138.1966176,36.65010163,-0.049081694,-0.265659746736196,-0.15021682094087402,2,9,2_9
1107341,NGN005,K-NET,137.863,36.6987,48,-0.082885403101284,full_oof_physical,All-source physical OOF,-0.190850693607819,-139.65207804435306,94.07885153796032,0.30390478545958893,10027,43865,137.8630581,36.69595198,-0.015663884,-0.2734577883749483,-0.11679901094087403,1,9,1_9
1107351,NGN006,K-NET,137.8514,36.5084,51,-0.0227129168010831,full_oof_physical,All-source physical OOF,-0.052298423644587956,-140.69878292519613,73.03661933796026,0.2888576867370162,9490,42844,137.8528487,36.50607046,-0.050011469,-0.13490551841171725,-0.15114659594087404,1,8,1_8
1107361,NGN007,K-NET,138.1188,36.5344,65,-0.1924631068988612,full_oof_physical,All-source physical OOF,-0.4431626808966373,-116.57043075815078,75.91154333795984,0.41267991749862765,17812,57846,138.1203678,36.53089398,-0.254125191,-0.5257697756637666,-0.355260317940874,1,8,1_8
1107371,NGN008,K-NET,138.2491,36.4022,68,0.1031714051772275,full_oof_physical,All-source physical OOF,0.23756093958433278,-104.81304748452936,61.29366053796012,0.42366310888953546,21969,64831,138.2503684,36.39851097,-0.110043804,0.15495384481720348,-0.21117893094087403,2,8,2_8
1107381,NGN009,K-NET,137.8718,36.3371,49,0.054242388148371,full_oof_physical,All-source physical OOF,0.12489771435883597,-138.85802606578085,54.09529313796001,0.3698155636722567,9728,43325,137.8686818,36.33492956,-0.042044976,0.04229061959170667,-0.14318010294087402,1,7,1_7
1107391,NGN010,K-NET,138.4349,36.3282,76,0.0849479848973616,full_oof_physical,All-source physical OOF,0.19559996370454819,-88.04772275514507,53.11118453796034,0.39611617391636184,28193,74823,138.431341,36.33029723,0.53036202,0.11299286893741889,0.429226893059126,2,7,2_7
1107401,NGN011,K-NET,138.2584,36.2718,45,0.0669939314209831,full_oof_physical,All-source physical OOF,0.1542592278110211,-103.97387891626667,46.87481093795994,0.3269579675038293,21955,64817,138.2548078,36.27218768,0.019880885,0.07165213304389181,-0.08125424194087402,2,7,2_7
1107411,NGN012,K-NET,137.9796,36.2571,65,0.022510170714717,full_oof_physical,All-source physical OOF,0.05183158352845849,-129.13088932828043,45.2493731379602,0.09490884502780764,12930,49316,137.978848,36.25649988,-0.04571348,-0.030775511238670804,-0.14684860694087404,1,7,1_7
1107421,NGN013,K-NET,137.785,36.1827,52,-0.1039073842505875,full_oof_physical,All-source physical OOF,-0.2392555940274071,-146.69026603623692,37.02266753795973,0.39049142756435395,7211,38308,137.7857941,36.17922847,-0.01347164,-0.3218626887945364,-0.11460676694087402,0,7,0_7
1107432,NGN014,K-NET,138.4839,36.0956,160,0.089495126027922,full_oof_physical,All-source physical OOF,0.20607014308751664,-83.62629696537147,27.391672137959784,0.11678630804669572,29775,77297,138.4834844,36.09660025,-0.085503166,0.12346304832038735,-0.18663829294087403,2,7,2_7
1107441,NGN015,K-NET,138.1114,36.0451,161,0.141771088043593,full_oof_physical,All-source physical OOF,0.3264399939467237,-117.23815628558496,21.807685137959833,0.2266352713014509,16885,56292,138.1115644,36.04305477,0.017973548,0.2438328991795944,-0.08316157894087403,1,6,1_6
1107451,NGN016,K-NET,138.2421,35.9151,55,0.0784884677306449,full_oof_physical,All-source physical OOF,0.18072637576852715,-105.44467974021167,7.433065137960337,0.5089367087087485,21008,63277,138.2407188,35.91063746,0.051943207,0.09811928100139786,-0.049191919940874025,2,6,2_6
1107452,NGN016,K-NET,138.2229,35.9133,99,0.0875224103919235,full_oof_physical,All-source physical OOF,0.20152779747135022,-107.17715678436616,7.234031937960015,0.33974238033570275,20407,62277,138.2229715,35.91022802,0.033781605,0.11892070270422092,-0.06735352194087402,2,6,2_6
1107461,NGN017,K-NET,137.8259,35.9749,81,-0.022135178183352,full_oof_physical,All-source physical OOF,-0.05096813131575334,-142.99972899946778,14.045390337959855,0.42225917078417036,8169,40285,137.8297423,35.97272011,-0.013380679,-0.13357522608288264,-0.11451580594087402,1,6,1_6
1107471,NGN018,K-NET,137.5298,35.8129,92,-0.0754731092554474,full_oof_physical,All-source physical OOF,-0.17378325629350413,-169.7177734148101,-3.8675976620400383,0.4282025139184018,438,22768,137.5258096,35.81080409,-0.006863573,-0.25639035106063346,-0.10799869994087402,0,6,0_6
1107481,NGN019,K-NET,137.708,35.8561,82,0.0446376529002088,full_oof_physical,All-source physical OOF,0.10278199415426323,-153.63822084873723,0.9091991379598282,0.4878469941978422,4835,33272,137.7103317,35.85211945,-0.012514251,0.020174899387133932,-0.11364937794087403,0,6,0_6
1107491,NGN020,K-NET,137.9548,35.8278,52,-0.0577642869427289,full_oof_physical,All-source physical OOF,-0.13300718602175818,-131.3686721769818,-2.220045062039557,0.5412329415225802,11517,46769,137.9507042,35.83137594,-0.053185258,-0.21561428078888747,-0.15432038494087402,1,6,1_6
1107501,NGN021,K-NET,137.9336,35.7293,48,-0.0723223277352966,full_oof_physical,All-source physical OOF,-0.16652831373392377,-133.28161557990342,-13.111584062039707,0.39084327661525015,10971,45758,137.936792,35.73168933,-0.069658579,-0.24913540850105306,-0.170793705940874,1,5,1_5
1107511,NGN022,K-NET,137.6126,35.6053,73,-0.056627551346025,full_oof_physical,All-source physical OOF,-0.13038975558211208,-162.24646616188826,-26.822760062039965,0.15985648191061622,2211,27245,137.6143169,35.60565645,-0.009253597,-0.21299685034924137,-0.11038872394087403,0,5,0_5
1107521,NGN023,K-NET,138.0338,35.5775,83,0.0110835572287272,full_oof_physical,All-source physical OOF,0.025520833652213647,-124.24025100571438,-29.89671726203987,0.4199004912492403,13692,50741,138.030999,35.58053251,-0.093373844,-0.057086261114915646,-0.19450897094087402,1,5,1_5
1107531,NGN024,K-NET,137.8382,35.5232,97,-0.0484428035358192,full_oof_physical,All-source physical OOF,-0.11154367728441655,-141.88986089305442,-35.900885462039625,0.19924178713024987,7871,39735,137.8387674,35.52145862,-0.025031572,-0.19415077205154585,-0.126166698940874,1,5,1_5
1107541,NGN025,K-NET,137.8567,35.2807,61,-0.1186650924768195,full_oof_physical,All-source physical OOF,-0.2732364729958845,-140.22054707446765,-62.715080462039595,0.2876520654830496,8092,40208,137.8570717,35.2781163,-0.005967819,-0.3558435677630138,-0.10710294594087402,1,4,1_4
1107951,NIG018,K-NET,138.5583,37.3727,75,0.1263564039964526,full_oof_physical,All-source physical OOF,0.29094637224656505,-76.91294841926737,168.60572753796026,0.15642417429156757,34191,83938,138.5591642,37.37147366,0.001885981,0.20833927747943576,-0.09924914594087403,3,11,3_11
1107961,NIG019,K-NET,138.7898,37.3057,48,-0.0098096075000188,full_oof_physical,All-source physical OOF,-0.02258745599766588,-56.02396739207339,161.19726953796024,0.30501293974005206,42783,96430,138.7874396,37.30372545,0.00277445,-0.10519455076479517,-0.09836067694087403,3,11,3_11
1107962,NIG019,K-NET,138.8121,37.3043,69,0.0397237148911501,full_oof_physical,All-source physical OOF,0.09146723374670782,-54.011767491832195,161.0424659379598,0.2217045867446042,43848,97930,138.8145555,37.30422952,0.002982451,0.008860138979578519,-0.09815267594087403,3,11,3_11
1107971,NIG020,K-NET,138.9621,37.2348,91,0.1599458630872626,full_oof_physical,All-source physical OOF,0.36828896003079753,-40.476790584363236,153.35757293796004,0.08985431892821404,49644,105922,138.9611341,37.23460236,0.006953505,0.28568186526366823,-0.09418162194087402,4,11,4_11
1107981,NIG021,K-NET,138.7468,37.1281,66,-0.0164339940940914,full_oof_physical,All-source physical OOF,-0.03784066981940705,-59.90399410554826,141.55932713796045,0.3676245745425104,41004,93911,138.747355,37.1313937,0.005591548,-0.12044776458653635,-0.09554357894087402,3,10,3_10
1107982,NIG021,K-NET,138.7783,37.2011,25,-0.0002945529894954,full_oof_physical,All-source physical OOF,-0.0006782333227089398,-57.06164895498041,149.6312291379597,0.44442078139791924,42418,95919,138.7813158,37.20427765,0.004543,-0.08328532808983824,-0.09659212694087402,3,10,3_10
1107991,NIG022,K-NET,138.8461,37.0366,159,0.2146073309001638,full_oof_physical,All-source physical OOF,0.4941516409779576,-50.943839392804186,131.44180613796007,0.4151940691649832,44891,99400,138.8493628,37.03395238,0.02268375,0.4115445462108283,-0.07845137694087402,3,10,3_10
1108001,NIG023,K-NET,138.6546,37.0134,84,-0.0767446028449623,full_oof_physical,All-source physical OOF,-0.17671097847855866,-68.22349324467396,128.87648933795975,0.2893742491246292,37189,88398,138.6517863,37.01214433,-0.003272399,-0.25931807324568795,-0.10440752594087402,3,10,3_10
1108011,NIG024,K-NET,138.4442,37.1274,68,0.2174603078151315,full_oof_physical,All-source physical OOF,0.5007208630930184,-87.2085541868824,141.48192533796023,0.39390202971030003,29566,76911,138.4407972,37.12516853,0.009733356,0.41811376832588915,-0.09140177094087402,2,10,2_10
1108021,NIG025,K-NET,138.2234,37.161,81,0.207402587288827,full_oof_physical,All-source physical OOF,0.4775621057396494,-107.13204019467568,145.1972117379602,0.49005350069202724,22054,64916,138.2228132,37.16540596,0.013810104,0.3949550109725201,-0.08732502294087402,2,10,2_10
1108031,NIG026,K-NET,138.2506,37.0224,54,0.0887857624979605,full_oof_physical,All-source physical OOF,0.20443677319791365,-104.67769771545532,129.8716553379598,0.4122111551695537,22953,66400,138.2550838,37.02168635,0.049978579,0.12182967843078435,-0.05115654794087402,2,10,2_10
1108041,NIG027,K-NET,137.8613,37.0235,61,0.1185479296175335,full_oof_physical,All-source physical OOF,0.27296669554264,-139.80547444930434,129.9932867379599,0.3704517219985078,10323,44401,137.8587449,37.02087765,0.010080603,0.19035960077551073,-0.09105452394087402,1,10,1_10
1108851,SIT001,K-NET,139.1938,36.2431,231,0.0795316477038918,full_oof_physical,All-source physical OOF,0.1831283864242354,-19.569762921292043,43.701337137959875,0.238052154460192,58020,117312,139.1923206,36.24488253,0.418444859,0.1005212916571061,0.317309732059126,4,7,4_7
1108861,SIT002,K-NET,139.3888,36.1478,260,0.1106847176819668,full_oof_physical,All-source physical OOF,0.25486098095675125,-1.9742929415836759,33.163634937959685,0.169427496146573,66127,128301,139.3905499,36.14835555,0.847998978,0.17225388618962195,0.746863851059126,5,7,5_7
1108871,SIT003,K-NET,139.6969,36.0721,407,0.1579069476613355,full_oof_physical,All-source physical OOF,0.36359418376518216,25.826549626356154,24.793183137959947,0.2425227912516354,78664,145292,139.6947719,36.07076032,0.546180602,0.28098708899805286,0.44504547505912595,6,6,6_6
1108881,SIT004,K-NET,139.1044,36.1178,328,0.1155643467729146,full_oof_physical,All-source physical OOF,0.26609674216090773,-27.63660915814431,29.846414937960347,0.1796988169466496,54316,112298,139.1061964,36.11709849,0.013712295,0.18348964739377843,-0.08742283194087402,4,7,4_7
1108891,SIT005,K-NET,139.2626,36.0563,221,0.2522995770666377,full_oof_physical,All-source physical OOF,0.5809412451223424,-13.361720179734826,23.04611393796009,0.3304211131718475,60582,120791,139.2589407,36.05618832,0.500721266,0.49833415035521306,0.399586139059126,5,6,5_6
1108901,SIT006,K-NET,139.0713,35.9959,288,0.0792431045913598,full_oof_physical,All-source physical OOF,0.18246399135463312,-30.623327395724807,16.36744433795994,0.4090067060133823,52827,110285,139.0734514,35.99915575,0.217521102,0.09985689658750382,0.11638597505912597,4,6,4_6
1108911,SIT007,K-NET,139.3933,36.0542,306,0.0935933767356238,full_oof_physical,All-source physical OOF,0.21550671407442312,-1.5682436343589663,22.813908537960238,0.43382819065803746,66117,128291,139.3923912,36.05805269,0.95523278,0.13289961930729383,0.854097653059126,5,6,5_6
1108921,SIT008,K-NET,139.7526,35.9745,185,0.155448045636903,full_oof_physical,All-source physical OOF,0.357932352618591,30.852537717996253,14.001160737959957,0.3796907705431882,80867,148281,139.7497417,35.97197997,0.77062824,0.2753252578514617,0.669493113059126,6,6,6_6
1108922,SIT008,K-NET,139.7456,35.9829,128,0.1579069476613355,full_oof_physical,All-source physical OOF,0.36359418376518216,30.220905462313944,14.92998233796015,0.4169114110677693,80868,148282,139.7495993,35.98101187,0.771349297,0.28098708899805286,0.670214170059126,6,6,6_6
1108931,SIT009,K-NET,139.4837,35.9032,76,0.0770824970514574,full_oof_physical,All-source physical OOF,0.1774890086414433,6.588835781874292,6.1172345379598685,0.28050588963697703,69790,133274,139.4843042,35.90568844,0.440906717,0.094881913874314,0.339771590059126,5,6,5_6
1108932,SIT009,K-NET,139.4826,35.9033,178,0.0675369424163762,full_oof_physical,All-source physical OOF,0.15550955683434511,6.489579284552127,6.128291937960236,0.3056065169119612,69790,133274,139.4843042,35.90568844,0.440906717,0.07290246206721582,0.339771590059126,5,6,5_6
1108941,SIT010,K-NET,139.6478,35.9071,374,0.1575584258270879,full_oof_physical,All-source physical OOF,0.36279168258506067,21.396100518643923,6.548473137960042,0.3331422724489115,76432,142274,139.6441592,35.90760009,0.692256749,0.2801845878179314,0.591121622059126,6,6,6_6
1108951,SIT011,K-NET,139.7214,35.8098,259,0.1538471119060764,full_oof_physical,All-source physical OOF,0.3542460664751183,28.037262521241686,-4.210377062039632,0.3936679044770255,79742,146763,139.7256835,35.80912435,0.734004214,0.271638971707989,0.632869087059126,6,6,6_6
1108961,SIT012,K-NET,139.3216,35.8403,156,-0.0352987641520616,full_oof_physical,All-source physical OOF,-0.08127840813764967,-8.037962596130797,-0.8378700620400285,0.3786436312900837,63141,124267,139.3257958,35.84035176,0.062278985,-0.16388550290477896,-0.03885614194087402,5,6,5_6
1108971,SIT013,K-NET,139.4659,35.7966,157,0.0992121536514954,full_oof_physical,All-source physical OOF,0.2284444260417681,4.982685188855241,-5.669953862040159,0.2521768313860378,69040,132262,139.4686292,35.79709095,0.240176637,0.1458373312746388,0.13904151005912596,5,6,5_6
1108981,SIT014,K-NET,138.801,35.9954,198,0.1126991785347013,full_oof_physical,All-source physical OOF,0.2594994484866778,-55.01335578298477,16.31215733795968,0.2981463740704143,41579,94785,138.7979254,35.99441248,-0.683970451,0.17689235371954848,-0.785105577940874,3,6,3_6
1109191,SZO001,K-NET,139.0798,35.1425,152,0.1476418351224362,full_oof_physical,All-source physical OOF,0.3399578886552064,-29.85634537096845,-77.99640726204012,0.3536103322632171,51994,109190,139.0762969,35.14106653,0.042878474,0.2573507938880771,-0.058256652940874024,4,3,4_3
1109201,SZO002,K-NET,139.103,34.9653,103,0.1627608629748524,full_oof_physical,All-source physical OOF,0.3747707368087417,-27.762935609279747,-97.59012006204003,0.6005101157223564,53081,110670,139.106855,34.96087307,0.052769853,0.2921636420416124,-0.048365273940874025,4,3,4_3
1109211,SZO003,K-NET,139.0544,34.8158,244,0.3216402296663526,full_oof_physical,All-source physical OOF,0.7406039981369248,-32.148268127301485,-114.12093306203961,0.2906791765543942,50851,107654,139.0576072,34.81555325,0.048855154,0.6579969033697954,-0.052279972940874025,4,2,4_2
1109221,SZO004,K-NET,138.8193,34.6471,70,0.1520078516861772,full_oof_physical,All-source physical OOF,0.35001101331064144,-53.36208860027266,-132.77476686203974,0.3094003874367945,40729,93636,138.816636,34.64886168,0.008396231,0.26740391854351214,-0.09273889594087402,3,2,3_2
1109231,SZO005,K-NET,138.7841,34.755,121,0.2109077815761211,full_oof_physical,All-source physical OOF,0.48563311385362073,-56.53829651455889,-120.84383226203965,0.36437467694555253,39694,92148,138.7875296,34.75673962,0.00785726,0.40302601908649144,-0.09327786694087402,3,2,3_2
1109241,SZO006,K-NET,138.7948,34.9111,51,0.0772604501687622,full_oof_physical,All-source physical OOF,0.17789876083660114,-55.57280149515819,-103.5832308620402,0.24849932003540473,40059,92665,138.7921862,34.91039216,0.007636884,0.09529166606947184,-0.09349824294087403,3,2,3_2
1109251,SZO007,K-NET,138.9468,34.9771,81,0.0698067998678134,full_oof_physical,All-source physical OOF,0.16073609676524586,-41.85735822892469,-96.28534686203993,0.16989293043237114,46467,101672,138.9484547,34.97636693,0.020339737,0.07812900199811657,-0.08079538994087403,4,3,4_3
1109261,SZO008,K-NET,138.8657,35.096,99,0.0876866992721111,full_oof_physical,All-source physical OOF,0.2019060865978149,-49.175269076895255,-83.13809826204032,0.4048963987344443,43247,97185,138.8664201,35.09238569,0.008799732,0.1192989918306856,-0.09233539494087402,4,3,4_3
1109271,SZO009,K-NET,138.9129,35.1972,70,0.1321490843583768,full_oof_physical,All-source physical OOF,0.3042845116964111,-44.91626301001152,-71.94800946203968,0.5845929218340435,45407,100197,138.9163901,35.20165418,0.008414886,0.22167741692928178,-0.09272024094087403,4,3,4_3
1109281,SZO010,K-NET,138.9349,35.3091,114,0.12816022440489,full_oof_physical,All-source physical OOF,0.29509982222947145,-42.931133063583594,-59.57477886203984,0.3563219018884549,46142,101209,138.9312384,35.31030667,-0.002520075,0.21249272746234216,-0.10365520194087402,4,4,4_4
1109282,SZO010,K-NET,138.9063,35.3134,25,0.0774796907190989,full_oof_physical,All-source physical OOF,0.17840358085958624,-45.511801993941944,-59.09931066203978,0.41501253707856284,45059,99709,138.9048022,35.30985134,-0.008446108,0.09579648609245695,-0.10958123494087402,4,4,4_4
1109291,SZO011,K-NET,138.6221,35.2216,46,0.1085936020829599,full_oof_physical,All-source physical OOF,0.25004600935075066,-71.15607157462536,-69.25000386203969,0.3446147234757974,33953,83700,138.625227,35.22338932,-0.004684588,0.16743891458362137,-0.10581971494087403,3,4,3_4
1109292,SZO011,K-NET,138.6015,35.2129,135,0.0619421434765788,full_oof_physical,All-source physical OOF,0.14262705619726873,-73.01487506991785,-70.21199766204019,0.24103123238527221,32953,82199,138.5990905,35.21384098,-0.003343688,0.060019961430139435,-0.10447881494087402,3,4,3_4
1109301,SZO012,K-NET,138.6222,35.1257,105,0.096613815783612,full_oof_physical,All-source physical OOF,0.22246153200061786,-71.14704825668674,-79.85405046203972,0.32605237524657155,33608,83189,138.6193242,35.12391461,-0.000570313,0.13985443723348856,-0.10170543994087403,3,3,3_3
1109311,SZO013,K-NET,138.4765,35.0409,68,0.1153400100188886,full_oof_physical,All-source physical OOF,0.2655801876952768,-84.29402249280822,-89.23072566203987,0.39417880653976856,28050,74680,138.4724104,35.03964677,0.000313666,0.1829730929281475,-0.10082146094087402,2,3,2_3
1109321,SZO014,K-NET,138.3741,34.9649,73,0.0655228322976169,full_oof_physical,All-source physical OOF,0.1508718968992415,-93.53390006163899,-97.63434966203992,0.3684089220537649,24575,69172,138.378139,34.96538702,0.000211765,0.0682648021321122,-0.10092336194087402,2,3,2_3
1109331,SZO015,K-NET,138.341,35.2433,76,0.0907898888374655,full_oof_physical,All-source physical OOF,0.20905144463173458,-96.52061829921949,-66.85054806204018,0.21453296788979262,23677,67703,138.342753,35.24461068,0.000126105,0.1264443498646053,-0.10100902194087402,2,4,2_4
1109341,SZO016,K-NET,138.312,34.8564,84,0.0415945554460231,full_oof_physical,All-source physical OOF,0.09577500331972709,-99.13738050132973,-109.63162866203986,0.10479672597885088,22102,65160,138.3115043,34.85554291,0.000179627,0.013167908552597793,-0.10095549994087402,2,2,2_2
1109361,SZO018,K-NET,138.2247,34.7389,97,-0.006411762060221,full_oof_physical,All-source physical OOF,-0.014763627739689667,-107.01473706147628,-122.62407366203982,0.4083264924321715,19085,60147,138.2278466,34.73624608,0.000171885,-0.09737072250681897,-0.10096324194087403,2,2,2_2
1109391,SZO021,K-NET,138.1332,35.0978,53,0.07266502248199,full_oof_physical,All-source physical OOF,0.16731739754910738,-115.27107297503427,-82.93906506204,0.4065196454261481,16490,55687,138.1366157,35.09540273,-0.001253319,0.08471030278197808,-0.10238844594087403,1,3,1_3
1109401,SZO022,K-NET,137.8127,35.0918,84,-0.1101791344997615,full_oof_physical,All-source physical OOF,-0.2536968326581368,-144.19080696732348,-83.60250906204003,0.5074484432536353,6609,37187,137.8116811,35.08728673,-0.001664333,-0.3363039274252661,-0.10279945994087403,1,3,1_3
1109441,SZO026,K-NET,137.8964,34.9812,51,0.0764419498900954,full_oof_physical,All-source physical OOF,0.1760140942963315,-136.63828985295672,-95.8319934620398,0.14419533149536062,8811,41675,137.8948093,34.98107524,-0.000878664,0.0934069995292022,-0.10201379094087402,1,3,1_3
1109451,SZO027,K-NET,138.7934,34.7809,64,0.1781961634264032,full_oof_physical,All-source physical OOF,0.41031182953436685,-55.69912794629619,-117.97996566203965,0.39301392983348077,40045,92651,138.7955613,34.78398584,0.008410926,0.32770473476723755,-0.09272420094087402,3,2,3_2
1109461,SZO028,K-NET,139.1379,34.9522,83,-0.0399891064353849,full_oof_physical,All-source physical OOF,-0.09207832036026954,-24.613797648809363,-99.03863946204018,0.3850786779323496,54556,112669,139.1421616,34.95238453,0.064206507,-0.17468541512739882,-0.03692861994087403,4,3,4_3
1109471,TCG001,K-NET,140.0825,36.9432,413,-0.0959299879777134,full_oof_physical,All-source physical OOF,-0.22088696028858093,60.62046359648935,121.11419453795978,0.3018603805646194,95365,167888,140.0851509,36.94153479,0.153428943,-0.30349405505571025,0.05229381605912599,7,10,7_10
1109481,TCG002,K-NET,139.8029,36.9903,343,-0.019098384597372,full_oof_physical,All-source physical OOF,-0.043975655674175856,35.3912666409667,126.32222993795982,0.38994616676565963,83932,152394,139.8052847,36.99324103,0.047496271,-0.12658275044130515,-0.053638855940874024,6,10,6_10
1109491,TCG003,K-NET,139.7184,36.8153,441,0.0577042744121764,full_oof_physical,All-source physical OOF,0.13286900206351512,27.766562983093586,106.97177993796012,0.3990952373249104,80222,147374,139.7182472,36.81169285,-0.055027253,0.05026190729638583,-0.156162379940874,6,9,6_9
1109501,TCG004,K-NET,139.4221,36.8065,279,-0.0074944432618435,full_oof_physical,All-source physical OOF,-0.017256593335010516,1.0304719318740483,105.99872873796004,0.1823329844858035,68045,130874,139.4217729,36.80812722,0.2326525,-0.09986368810213982,0.13151737305912597,5,9,5_9
1109511,TCG005,K-NET,139.9264,36.8061,432,0.1126654709006383,full_oof_physical,All-source physical OOF,0.25942183379096423,46.53506429478303,105.95449913796014,0.19696088619909585,88708,158873,139.9250353,36.8047098,0.407958716,0.17681473902383493,0.306823589059126,7,9,7_9
1109521,TCG006,K-NET,140.1295,36.7638,484,0.0082581121847149,full_oof_physical,All-source physical OOF,0.01901500601279702,64.86142302749586,101.27721893796044,0.37360951373646617,97188,170368,140.1322014,36.76123938,0.324646872,-0.06359208875433228,0.22351174505912597,7,9,7_9
1109531,TCG007,K-NET,139.8873,36.5677,349,0.0080026198076519,full_oof_physical,All-source physical OOF,0.018426713073998142,43.00694698090376,79.5936575379603,0.3945615037135086,86837,156347,139.8835122,36.56948282,0.097525723,-0.06418038169313116,-0.0036094039408740286,6,8,6_8
1109541,TCG008,K-NET,139.7676,36.56,361,0.1349965154232748,full_oof_physical,All-source physical OOF,0.31084096401977335,32.20603540874187,78.74223773796031,0.08441255647442482,82039,149846,139.7672149,36.55930428,0.257169712,0.22823386925264405,0.15603458505912599,6,8,6_8
1109551,TCG009,K-NET,139.7159,36.7261,434,0.0924608246128836,full_oof_physical,All-source physical OOF,0.21289891643956277,27.540980034635982,97.10857913796033,0.5825528554769667,80213,147365,139.7195996,36.73041763,-0.00336279,0.13029182167243347,-0.10449791694087403,6,9,6_9
1109561,TCG010,K-NET,139.4379,36.6348,344,-0.0479483142373474,full_oof_physical,All-source physical OOF,-0.1104050735971103,2.4561561661285567,87.0131729379599,0.3902803931316035,68395,131355,139.4342433,36.63668509,0.208482466,-0.1930121683642396,0.10734733905912598,5,8,5_8
1109571,TCG011,K-NET,139.6144,36.3869,315,-0.0061515255388088,full_oof_physical,All-source physical OOF,-0.014164411004833309,18.382312327247586,59.60187833795975,0.3402531627791702,75747,141327,139.6180242,36.38605027,0.137577727,-0.09677150577196261,0.03644260005912599,6,8,6_8
1109581,TCG012,K-NET,139.8048,36.2863,391,0.1069436616351375,full_oof_physical,All-source physical OOF,0.24624688107126685,35.56270968179519,48.47813393795975,0.3443048292742734,83485,151816,139.80719,36.28872732,0.469435336,0.16363978630413756,0.36830020905912597,6,7,6_7
1109591,TCG013,K-NET,140.0227,36.4368,476,0.0606120034208608,full_oof_physical,All-source physical OOF,0.1395642955333782,55.22451946937643,65.11952093795985,0.33293671381867135,92357,163832,140.0195846,36.4351867,-0.054401081,0.05695720076624891,-0.15553620794087403,7,8,7_8
1109601,TCG014,K-NET,140.1804,36.5428,542,0.058907085293524,full_oof_physical,All-source physical OOF,0.13563857646859714,69.45429185809542,76.84036493796003,0.23743423012209328,98996,172844,140.1794061,36.54478822,0.055795565,0.05303148170146785,-0.045339561940874025,7,8,7_8
1109611,TCG015,K-NET,139.7144,36.7488,298,-0.0049316668751523,full_oof_physical,All-source physical OOF,-0.011355582630338215,27.405630265561935,99.61860893796037,0.37085448179147185,79846,146867,139.7103221,36.74838192,-0.047090391,-0.09396267739746751,-0.14822551794087402,6,9,6_9
1109621,TCG016,K-NET,140.1558,36.5288,246,0.0705164630742017,full_oof_physical,All-source physical OOF,0.16237015668532193,67.23455564527127,75.29232893795971,0.37285964888202433,97897,171342,140.1527378,36.52653589,0.040851495,0.07976306191819263,-0.06028363194087402,7,8,7_8
1109751,TKY001,K-NET,139.0953,35.8031,160,-0.0313846282546554,full_oof_physical,All-source physical OOF,-0.07226577716832926,-28.457731090529776,-4.95122286203987,0.2620593675132442,53543,111263,139.0959946,35.80079879,-0.139195612,-0.15487287193545857,-0.24033073894087403,4,6,4_6
1109761,TKY002,K-NET,139.1454,35.7306,150,-0.0399674107921403,full_oof_physical,All-source physical OOF,-0.09202836429555161,-23.937048803436557,-12.96783786203965,0.3399814585190773,55380,113755,139.1420111,35.72925619,-0.0781278,-0.1746354590626809,-0.17926292694087403,4,5,4_5
1109771,TKY003,K-NET,139.2916,35.7968,275,0.1070399985488892,full_oof_physical,All-source physical OOF,0.24646870501277657,-10.744957977624589,-5.647839062040211,0.23397871845872176,61660,122262,139.2912746,35.79470069,-0.005331332,0.16386161024564727,-0.10646645894087402,5,6,5_6
1109781,TKY004,K-NET,139.4034,35.6301,210,0.0814685345431662,full_oof_physical,All-source physical OOF,0.187588233187165,-0.6568885225899452,-24.080524862040072,0.4472604748626769,66070,128244,139.4009364,35.63360991,0.140711423,0.1049811384200357,0.03957629605912598,5,5,5_5
1109791,TKY005,K-NET,139.4156,35.5782,196,0.1366733667097782,full_oof_physical,All-source physical OOF,0.314702056795244,0.44395626588479514,-29.81931546203966,0.4036895737623311,66802,129238,139.4197023,35.57965669,0.255081292,0.2320949620281147,0.153946165059126,5,5,5_5
1109792,TKY005,K-NET,139.4137,35.5798,58,0.1404435792356288,full_oof_physical,All-source physical OOF,0.323383291954687,0.2725132250562994,-29.64239706204007,0.25800850165822686,66433,128738,139.4108584,35.57954039,0.227238709,0.24077619718755772,0.12610358205912597,5,5,5_5
1109801,TKY006,K-NET,139.5028,35.6989,153,0.1027735686930634,full_oof_physical,All-source physical OOF,0.23664488722644733,8.312289508092732,-16.47303366203973,0.2957048896401,70505,134251,139.5059606,35.69819323,0.068245361,0.15403779245931803,-0.03288976594087402,5,5,5_5
1109811,TKY007,K-NET,139.6864,35.7111,250,0.1173794193507929,full_oof_physical,All-source physical OOF,0.2702761012214326,24.87910124283269,-15.124030862039731,0.36832875827374806,77886,144252,139.6829699,35.70929419,0.510371494,0.1876690064543033,0.409236367059126,6,5,6_5
1109821,TKY008,K-NET,139.3909,34.7851,229,0.0587114862975758,full_oof_physical,All-source physical OOF,0.13518819313632222,-1.7848032648805212,-117.51555486203995,0.09478609656250157,64869,126650,139.3912253,34.78428492,0.201471741,0.05258109836919292,0.10033661405912599,5,2,5_2
1109831,TKY009,K-NET,139.441,34.6867,181,0.0270129515342346,full_oof_physical,All-source physical OOF,0.06219961952049923,2.7358790222152654,-128.39603646203972,0.39403677403750575,66703,129139,139.436889,34.6854981,0.209765588,-0.020407475246630065,0.10863046105912598,5,2,5_2
1109841,TKY010,K-NET,139.2557,34.3775,93,-0.0127014966932398,full_oof_physical,All-source physical OOF,-0.02924627694456713,-13.984329117478525,-162.58551726204018,0.3928670354861291,58920,118605,139.2595965,34.37591473,0.019744491,-0.11185337171169643,-0.08139063594087402,5,1,5_1
1109842,TKY010,K-NET,139.2573,34.3779,74,-0.0194863416235144,full_oof_physical,All-source physical OOF,-0.044868959739293654,-13.839956030465867,-162.54128766204028,0.30187585704540465,58920,118605,139.2595965,34.37591473,0.019744491,-0.12747605450642296,-0.08139063594087402,5,1,5_1
1109851,TKY011,K-NET,139.5315,34.1228,66,0.0923864270422546,full_oof_physical,All-source physical OOF,0.21272760970247745,10.901981756387135,-190.74871506204016,0.4766517813404745,70331,134077,139.5341741,34.12651756,0.004072737,0.13012051493534815,-0.09706238994087402,5,0,5_0
1109871,TKY013,K-NET,139.8341,35.6627,295,0.0440871886601739,full_oof_physical,All-source physical OOF,0.10151450340093257,38.20654183772127,-20.47581246203983,0.33034334268992155,84154,152747,139.8342418,35.66568529,0.050836458,0.018907408633803274,-0.05029866894087402,6,5,6_5
1109881,TKY014,K-NET,139.8351,35.7002,264,0.0450645385656685,full_oof_physical,All-source physical OOF,0.10376493472396357,38.29677501710482,-16.329287462039673,0.2179734374354885,84158,152751,139.8337161,35.70181574,0.180032549,0.021157839956834276,0.07889742205912596,6,5,6_5
1109891,TKY015,K-NET,139.8119,35.7313,270,0.0417631457124975,full_oof_physical,All-source physical OOF,0.09616319675413494,36.20336525541612,-12.890436062040223,0.4375017013270668,83423,151754,139.8155972,35.72874026,0.242058003,0.013556101987005645,0.14092287605912596,6,5,6_5
1109901,TKY016,K-NET,139.799,35.6486,264,0.0440871886601739,full_oof_physical,All-source physical OOF,0.10151450340093257,35.03935724137366,-22.034905862039732,0.14707207640945455,82676,150745,139.7990926,35.64727207,0.070037435,0.018907408633803274,-0.031097691940874028,6,5,6_5
1109911,TKY017,K-NET,139.8092,35.6473,297,0.0440871886601739,full_oof_physical,All-source physical OOF,0.10151450340093257,35.9597356710813,-22.178652062039788,0.11339190658024761,83045,151245,139.8079455,35.64736002,0.075326912,0.018907408633803274,-0.025808214940874027,6,5,6_5
1109921,TKY018,K-NET,139.8114,35.6553,173,0.048246849621042,full_oof_physical,All-source physical OOF,0.11109247672133674,36.15824866572306,-21.29406006204028,0.3456312075495372,83046,151246,139.8078112,35.6563926,0.067478149,0.02848538195420744,-0.03365697794087402,6,5,6_5
1109941,TKY020,K-NET,139.8086,35.6646,261,0.0440871886601739,full_oof_physical,All-source physical OOF,0.10151450340093257,35.90559576345218,-20.265721862039925,0.12354309346995514,83047,151247,139.8076769,35.66542516,0.059629387,0.018907408633803274,-0.041505739940874024,6,5,6_5
1109951,TKY021,K-NET,139.819,35.6875,353,0.0417631457124975,full_oof_physical,All-source physical OOF,0.09616319675413494,36.84402082903448,-17.733577262039937,0.4990020852297492,83418,151749,139.8162651,35.68357766,0.102638814,0.013556101987005645,0.0015036870591259716,6,5,6_5
1109961,TKY022,K-NET,139.7963,35.7002,191,0.031764793588216,full_oof_physical,All-source physical OOF,0.07314114019825901,34.79572765703883,-16.329287462039673,0.22707035116756888,82682,150751,139.7982803,35.70146713,0.167762129,-0.009465954568870283,0.06662700205912599,6,5,6_5
1109971,TKY023,K-NET,139.8254,35.7259,285,0.0417631457124975,full_oof_physical,All-source physical OOF,0.09616319675413494,37.42151317708768,-13.487535662039617,0.3346186361040112,83792,152254,139.8244591,35.72882717,0.25136097,0.013556101987005645,0.150225843059126,6,5,6_5
1109981,TKY024,K-NET,139.8623,35.7401,245,0.2101516249387323,full_oof_physical,All-source physical OOF,0.48389199885240075,40.75111749632517,-11.917384862040134,0.309615930603002,85269,154255,139.8597785,35.73820092,0.2900916,0.40128490408527145,0.188956473059126,6,5,6_5
1109991,TKY025,K-NET,139.8972,35.7136,293,0.0340888365358923,full_oof_physical,All-source physical OOF,0.07849244684505641,43.900255456795556,-14.847595862039983,0.27944940539289453,86742,156252,139.8956054,35.71143349,0.18279329,-0.004114647922072889,0.08165816305912597,6,5,6_5
1110001,TKY026,K-NET,139.8633,35.6707,326,0.0440871886601739,full_oof_physical,All-source physical OOF,0.10151450340093257,40.841350675708725,-19.59122046204032,0.5283098787698461,85262,154248,139.8606787,35.67497229,0.065792692,0.018907408633803274,-0.035342434940874023,6,5,6_5
1110011,TKY027,K-NET,139.8913,35.693,286,0.0440871886601739,full_oof_physical,All-source physical OOF,0.10151450340093257,43.36787969843542,-17.125420262040173,0.38962520547282514,86371,155750,139.8869963,35.69328635,0.0828358,0.018907408633803274,-0.018299326940874022,6,5,6_5
1110021,TKY028,K-NET,139.7891,35.6698,277,0.0440871886601739,full_oof_physical,All-source physical OOF,0.10151450340093257,34.1460487654793,-19.690737062039695,0.49984878659959264,82310,150248,139.7898309,35.67428097,0.078927186,0.018907408633803274,-0.022207940940874027,6,5,6_5
1110031,TKY029,K-NET,139.4789,34.0757,44,-0.0471463657583049,full_oof_physical,All-source physical OOF,-0.10855851898391779,6.155716520836312,-195.9567504620402,0.5781875321091532,68111,131071,139.4830006,34.07168197,0.003409949,-0.19116561375104707,-0.09772517794087403,5,0,5_0
1110221,TYM001,K-NET,137.6257,36.9764,28,-0.0543430733857357,full_oof_physical,All-source physical OOF,-0.1251295506854765,-161.06441151196856,124.78525133795986,0.22871264974312908,4069,31397,137.6264267,36.97838158,0.002129394,-0.20773664545260578,-0.09900573294087402,0,10,0_10
1110251,TYM004,K-NET,137.5274,36.8626,42,0.0537423103036688,full_oof_physical,All-source physical OOF,0.12374624256828809,-169.93433304532908,112.20193013796012,0.5947389430124453,1536,25384,137.523873,36.85805622,-0.000129182,0.04113914780115879,-0.10126430894087403,0,9,0_9
1110691,YMN001,K-NET,138.9198,35.7895,129,-0.107291001401053,full_oof_physical,All-source physical OOF,-0.2470466604384679,-44.29365407226781,-6.455029262040294,0.10960464903022946,46195,101262,138.9189044,35.78883037,-0.185827926,-0.3296537552055972,-0.28696305294087404,4,6,4_6
1110701,YMN002,K-NET,138.9473,35.6133,199,0.0233591992970502,full_oof_physical,All-source physical OOF,0.053786544085664786,-41.81224163923163,-25.93816806203967,0.5443585285056056,47265,102743,138.9498968,35.6177436,0.087347722,-0.02882055068146451,-0.01378740494087402,4,5,4_5
1110711,YMN003,K-NET,138.8129,35.4651,133,0.0068423536631573,full_oof_physical,All-source physical OOF,0.0157551015457792,-53.939580948323304,-42.32523486203998,0.36919611379820805,41520,94726,138.8125441,35.46177375,-0.140061487,-0.0668519932213501,-0.24119661394087405,3,4,3_4
1110721,YMN004,K-NET,138.7266,35.7025,179,0.0459522639713623,full_oof_physical,All-source physical OOF,0.10580899800978621,-61.72670432908887,-16.074967262039873,0.17497416204222904,38415,90253,138.7262119,35.7040504,-0.097908704,0.02320190324265692,-0.19904383094087402,3,5,3_5
1110731,YMN005,K-NET,138.5679,35.6551,139,0.1266987531450338,full_oof_physical,All-source physical OOF,0.2917346602926873,-76.04670989718885,-21.316174862040228,0.08274408725186412,32341,81248,138.5682206,35.65580109,-0.081243056,0.209127565525558,-0.18237818294087402,3,5,3_5
1110741,YMN006,K-NET,138.6069,35.4685,107,0.2304441336008877,full_oof_physical,All-source physical OOF,0.5306172267973324,-72.5276159012482,-41.94928326204007,0.2728716605950011,33646,83227,138.609252,35.46694885,-0.042417249,0.44801013203020307,-0.14355237594087403,3,4,3_4
1110751,YMN007,K-NET,138.4651,35.279,64,0.243511735117414,full_oof_physical,All-source physical OOF,0.5607064912504722,-85.32268073777406,-62.90305626203955,0.4826484524478324,28077,74707,138.4648546,35.28336034,0.001130314,0.47809939648334293,-0.10000481294087403,2,4,2_4
1110761,YMN008,K-NET,138.3321,35.4319,45,0.1427835155428566,full_oof_physical,All-source physical OOF,0.3287711944142652,-97.3236935957303,-45.996291662040065,0.4558030510001355,23390,67224,138.3277145,35.43394564,0.001713362,0.24616409964713593,-0.09942176494087403,2,4,2_4
1110771,YMN009,K-NET,138.4627,35.4965,20,0.0491897677072446,full_oof_physical,All-source physical OOF,0.11326362585054132,-85.53924036829306,-38.85321126204021,0.5548269218587011,28421,75231,138.4668918,35.50017099,0.034916175,0.030656531083412028,-0.06621895194087402,2,4,2_4
1110772,YMN009,K-NET,138.4628,35.4966,168,0.0520111494782926,full_oof_physical,All-source physical OOF,0.11976009745820158,-85.53021705035701,-38.842153862039844,0.5405866238503085,28421,75231,138.4668918,35.50017099,0.034916175,0.03715300269107229,-0.06621895194087402,2,4,2_4
1110781,YMN010,K-NET,138.4182,35.7919,128,0.0026229240486346,full_oof_physical,All-source physical OOF,0.00603950581444162,-89.55461685084197,-6.189651662040126,0.5489661608408636,27178,73263,138.4223067,35.78823703,0.153331681,-0.07656758895268767,0.052196554059125974,2,6,2_6
1110792,YMN011,K-NET,138.3836,35.6384,32,0.1973788534005728,full_oof_physical,All-source physical OOF,0.45448160551241606,-92.67668485749908,-23.162760662040245,0.501437658196766,25586,70747,138.3827296,35.64287889,0.034850681,0.37187451074528677,-0.06628444594087401,2,5,2_5
1200581,AICH17,KiK-net,137.7268,35.184,67,0.086306783481166,full_oof_physical,All-source physical OOF,0.19872871306799758,-151.94183707633462,-73.40758626204021,0.17659012606243554,4536,32698,137.7286923,35.18440738,-0.00250514,0.11612161830086828,-0.10364026694087403,0,3,0_3
1201491,CHBH04,KiK-net,140.0206,35.7966,329,0.0806549680922159,full_oof_physical,All-source physical OOF,0.18571492720504673,55.03502979267327,-5.669953862040159,0.35537440426787786,91917,163261,140.0186548,35.79380546,0.250804742,0.10310783243791743,0.14966961505912602,7,6,7_6
1201521,CHBH06,KiK-net,140.5046,35.7215,173,0.0878005412318435,full_oof_physical,All-source physical OOF,0.20216821739725194,98.70788861410558,-13.974061262040054,0.3973909410991761,111190,190753,140.5069771,35.72452542,0.119015936,0.11956112263012264,0.01788080905912598,8,5,8_5
1201571,CHBH10,KiK-net,140.2417,35.5458,394,0.0242072190378816,full_oof_physical,All-source physical OOF,0.055739181699467844,74.9855857542824,-33.40191306203995,0.38169604371534566,101057,175733,140.2428003,35.54246687,0.224572279,-0.026867913067661453,0.12343715205912599,7,5,7_5
1201591,CHBH11,KiK-net,140.1529,35.2867,277,0.0245551863751819,full_oof_physical,All-source physical OOF,0.056540406103184344,66.97287942505923,-62.05163646203957,0.44573722464156745,97393,170705,140.1570153,35.2889298,0.344381783,-0.026066688663944952,0.243246656059126,7,4,7_4
1201611,CHBH12,KiK-net,139.8554,35.3445,192,-0.0146075192395181,full_oof_physical,All-source physical OOF,-0.033635056046538096,40.12850855858148,-55.66045926204033,0.43655061635100223,84856,153711,139.8565709,35.34066933,0.261233677,-0.1162421508136674,0.160098550059126,6,4,6_4
1201631,CHBH13,KiK-net,140.298,35.8307,365,-0.0433839811003752,full_oof_physical,All-source physical OOF,-0.09989530815645936,80.06571375355159,-1.8993804620399115,0.4010952312991907,103574,179265,140.3021854,35.8319217,0.228422754,-0.18250240292358866,0.127287627059126,8,6,8_6
1201651,CHBH14,KiK-net,140.823,35.7342,220,0.0964226588321165,full_oof_physical,All-source physical OOF,0.22202137685368212,127.43813292969168,-12.569771462039792,0.27517507007021047,121429,208754,140.8260349,35.73444405,0.026753621,0.13941428208655282,-0.07438150594087402,9,5,9_5
1201671,CHBH15,KiK-net,139.7885,34.9591,93,0.090517655980482,full_oof_physical,All-source physical OOF,0.20842460531342122,34.09190885785019,-98.27567886204,0.3273375744403506,81862,149669,139.7916388,34.96058422,0.8934811,0.12581751054629192,0.792345973059126,6,3,6_3
1201691,CHBH16,KiK-net,139.9649,35.1384,193,0.0266162343395502,full_oof_physical,All-source physical OOF,0.061286144421884514,50.009041701033176,-78.44976066204025,0.4957680064741824,89262,159689,139.9649359,35.14288349,0.607298814,-0.021320950345244782,0.506163687059126,7,3,7_3
1201711,CHBH17,KiK-net,140.3398,35.1714,219,-0.0058824022438451,full_oof_physical,All-source physical OOF,-0.013544731717672454,83.83746065176568,-74.8008186620401,0.325371123669179,104889,181192,140.3430764,35.17262886,0.263134606,-0.09615182648480175,0.16199947905912598,8,3,8_3
1201741,CHBH19,KiK-net,140.5107,35.5943,256,-0.0048082763124848,full_oof_physical,All-source physical OOF,-0.011071465360123883,99.25831100834296,-28.039074062040275,0.49224631190441326,111176,190739,140.507754,35.59804679,0.195139245,-0.09367856012725317,0.09400411805912597,8,5,8_5
1201761,CHBH20,KiK-net,140.0997,35.0882,182,-0.1128748266763679,full_oof_physical,All-source physical OOF,-0.2599038932792914,62.172474281879296,-84.00057546203988,0.26015428750531405,94791,167183,140.0975137,35.08973376,0.190109081,-0.3425109880464207,0.08897395405912599,7,3,7_3
1202501,FKSH05,KiK-net,139.8725,37.2544,287,-0.0578147259954495,full_oof_physical,All-source physical OOF,-0.13312332623265735,41.67149592603281,155.5248233379597,0.18046537766864387,86913,156423,139.8734625,37.25583065,0.009501361,-0.21573042099978665,-0.09163376594087402,6,11,6_11
1202521,FKSH06,KiK-net,139.5199,37.1723,380,-0.2123992112475589,full_oof_physical,All-source physical OOF,-0.4890672575823224,9.855276875544066,146.44669793796004,0.302125623962201,72513,136914,139.5226051,37.17068981,0.009450589,-0.5716743523494516,-0.09168453794087403,5,10,5_10
1202541,FKSH07,KiK-net,139.3755,37.0103,159,-0.1424089376025096,full_oof_physical,All-source physical OOF,-0.3279086968326579,-3.174394227380582,128.53370993796017,0.525350895033849,66222,128396,139.3726427,37.00616038,0.050237698,-0.4105157915997872,-0.050897428940874026,5,10,5_10
1202561,FKSH08,KiK-net,140.2144,37.2822,474,-0.1084531050185995,full_oof_physical,All-source physical OOF,-0.24972250290474496,72.52221995712343,158.5987805379604,0.4362220752260831,100890,175426,140.216644,37.28569432,0.008859302,-0.33232959767187426,-0.09227582494087402,7,11,7_11
1202601,FKSH10,KiK-net,140.093,37.1616,548,-0.1643379704381006,full_oof_physical,All-source physical OOF,-0.3784021609436667,61.56791198001026,145.26355613796005,0.38128398784036865,95758,168412,140.0915722,37.15835459,0.0253935,-0.461009255710796,-0.07574162694087402,7,10,7_10
1202621,FKSH11,KiK-net,140.3386,37.2006,445,-0.0461865286944531,full_oof_physical,All-source physical OOF,-0.10634841246898945,83.72918083650747,149.57594213796023,0.5948377212406788,105455,181916,140.33499,37.19609877,0.012322215,-0.18895550723611876,-0.08881291194087403,8,10,8_10
1202661,FKSH13,KiK-net,140.5853,36.9951,99,-0.0187183868709083,full_oof_physical,All-source physical OOF,-0.043100678573848916,105.9897061903217,126.85298513796015,0.5041485518666109,114383,195894,140.5889641,36.99854201,0.010822575,-0.1257077733409782,-0.09031255194087402,8,10,8_10
1202821,FKSH21,KiK-net,139.3147,37.3421,264,-0.0473059191840068,full_oof_physical,All-source physical OOF,-0.10892590432347511,-8.660571533874498,165.22216313796028,0.4314074456798609,64045,125433,139.3111858,37.33945463,0.004493073,-0.1915329990906044,-0.09664205394087402,5,11,5_11
1203071,GIFH14,KiK-net,137.5174,36.2493,53,-0.1436203186785541,full_oof_physical,All-source physical OOF,-0.330698004840293,-170.83666483915948,44.38689593795985,0.44423308573370285,680,23317,137.5152345,36.252908,-0.006405702,-0.4133050996074223,-0.10754082894087402,0,7,0_7
1203411,GNMH05,KiK-net,139.1847,36.3143,287,0.0121047644078245,full_oof_physical,All-source physical OOF,0.027872250079661594,-20.390884853680074,51.574205937960386,0.3996255099292955,57659,116820,139.1817282,36.31697965,0.363981674,-0.0547348446874677,0.26284654705912597,4,7,4_7
1203431,GNMH06,KiK-net,139.5443,36.2441,85,0.0384158393284648,full_oof_physical,All-source physical OOF,0.08845573897257744,12.056966452490983,43.81191113796041,0.5286027945157696,72410,136811,139.5403055,36.24060315,0.155065281,0.005848644205448145,0.053930154059125976,5,7,5_7
1203451,GNMH07,KiK-net,139.2104,36.6998,403,-0.1115363014351018,full_oof_physical,All-source physical OOF,-0.25682182501215584,-18.071892143533766,94.20048293796043,0.3721919646645824,59177,118862,139.2087119,36.6967288,-0.043545323,-0.33942891977928513,-0.14468044994087403,4,9,4_9
1203471,GNMH08,KiK-net,138.5244,36.4917,298,0.0802293275865408,full_oof_physical,All-source physical OOF,0.18473485372170484,-79.9718532003542,71.19003353796023,0.3446734723876425,31775,80341,138.5243404,36.49481675,0.009726632,0.10212775895457554,-0.09140849494087402,3,8,3_8
1203491,GNMH09,KiK-net,138.9068,36.6212,317,-0.0891396354775565,full_oof_physical,All-source physical OOF,-0.20525159584554478,-45.46668540424889,85.50936653796026,0.20720537463738636,46649,101854,138.9057502,36.61953338,-0.117103602,-0.2878586906126741,-0.21823872894087404,4,8,4_8
1203511,GNMH10,KiK-net,138.7291,36.2356,86,-0.1187410869027685,full_oof_physical,All-source physical OOF,-0.2734114566282253,-61.50112138063126,42.87203213795985,0.15620918467183773,39165,91312,138.7287078,36.23697598,-0.116664257,-0.3560185513953546,-0.217799383940874,3,7,3_7
1203531,GNMH11,KiK-net,138.921,36.2862,353,0.1081418523840604,full_oof_physical,All-source physical OOF,0.24900581722830012,-44.185374257009606,48.46707653796016,0.24461404225268601,46975,102317,138.9236345,36.28567847,0.518197621,0.16639872246117082,0.417062494059126,4,7,4_7
1203551,GNMH12,KiK-net,138.9129,36.144,329,0.0388311869670088,full_oof_physical,All-source physical OOF,0.08941211225349915,-44.91626301001152,32.74345373795988,0.4495681354674455,46234,101301,138.9096408,36.14092482,0.058551175,0.006805017486369858,-0.042583951940874026,4,7,4_7
1203571,GNMH13,KiK-net,139.0627,36.862,211,0.0938556601281307,full_oof_physical,All-source physical OOF,0.21611064390414939,-31.399332738419783,112.13558573796027,0.4722180376128138,53292,110881,139.0608933,36.86600804,0.099654863,0.1335035491370201,-0.001480263940874027,4,9,4_9
1203591,GNMH14,KiK-net,139.3219,36.4931,317,-0.0622191260885411,full_oof_physical,All-source physical OOF,-0.14326483223059167,-8.01089264231496,71.34483713795987,0.2891461812792311,63582,124839,139.3208545,36.49062814,0.226780733,-0.22587192699772096,0.125645606059126,5,8,5_8
1204481,IBRH06,KiK-net,140.6545,36.8809,198,-0.0851256725444212,full_oof_physical,All-source physical OOF,-0.1960091046318768,112.23384220363594,114.22543433795973,0.18121354942699505,116410,199381,140.6525595,36.88132218,0.008905615,-0.27861619939900606,-0.09222951194087402,9,9,9_9
1204501,IBRH07,KiK-net,140.3301,35.9521,394,0.0107974428734434,full_oof_physical,All-source physical OOF,0.02486203100284557,82.96219881174854,11.52430313796023,0.3527957434077,104631,180778,140.3278175,35.94950954,0.152623759,-0.057745063764283726,0.051488632059125974,8,6,8_6
1204521,IBRH08,KiK-net,140.5621,36.1188,162,0.0894377749082142,full_oof_physical,All-source physical OOF,0.20593808725421092,103.89629642863301,29.95698893796009,0.5323663015356633,113084,193797,140.557949,36.12222135,-0.015261769,0.12333099248708163,-0.11639689594087402,8,7,8_7
1204541,IBRH09,KiK-net,140.3559,36.439,74,-0.0539249635579606,full_oof_physical,All-source physical OOF,-0.12416681722880725,85.29021483983345,65.36278373796007,0.35766814721237616,106053,182832,140.3594079,36.43749385,-0.057753745,-0.20677391199593653,-0.15888887194087403,8,8,8_8
1204561,IBRH10,KiK-net,139.9889,36.1112,364,0.2180026973183109,full_oof_physical,All-source physical OOF,0.5019697610776358,52.174638006228214,29.116626537959693,0.18094236518457535,90845,161796,139.9880214,36.10972904,0.398080623,0.4193626663105065,0.296945496059126,7,7,7_7
1204581,IBRH11,KiK-net,140.1401,36.3701,499,0.0472582098323131,full_oof_physical,All-source physical OOF,0.1088160494814688,65.81789472895538,57.744235137960146,0.44325269807219975,97145,170325,140.1365354,36.37285822,-0.249224732,0.026208954714339497,-0.350359858940874,7,8,7_8
1204601,IBRH12,KiK-net,140.3181,36.8369,460,-0.0386253916454919,full_oof_physical,All-source physical OOF,-0.08893825101396641,81.87940065915103,109.36017833796006,0.3037354127624256,104729,180876,140.3201524,36.83472277,0.087974443,-0.1715453457810957,-0.013160683940874024,8,9,8_9
1204621,IBRH13,KiK-net,140.575,36.7955,503,0.1034616749444519,full_oof_physical,All-source physical OOF,0.2382293104232905,105.06030444267547,104.78241473795973,0.541257189872962,113763,194872,140.5720575,36.79976556,0.016000894,0.15562221565616122,-0.08513423294087402,8,9,8_9
1204641,IBRH14,KiK-net,140.5484,36.6922,491,-0.0585958254560806,full_oof_physical,All-source physical OOF,-0.13492187420685223,102.66010187108422,93.36012053796003,0.26088323859091217,112843,193360,140.5457406,36.69127434,0.015665989,-0.21752896897398152,-0.08546913794087402,8,9,8_9
1204661,IBRH15,KiK-net,140.3013,36.5566,498,-0.0093649395656066,full_oof_physical,All-source physical OOF,-0.021563570240555895,80.36348324551552,78.3662861379604,0.3770701378296887,104004,179845,140.3047002,36.55461761,0.021150061,-0.1041706650076852,-0.07998506594087403,8,8,8_8
1204681,IBRH16,KiK-net,140.3976,36.6405,498,-0.0397772118669882,full_oof_physical,All-source physical OOF,-0.0915904150857929,89.05293842011149,87.6434447379604,0.5777616195413282,107417,184854,140.3936312,36.63639969,0.037555847,-0.1741975098529222,-0.06357927994087402,8,8,8_8
1204701,IBRH17,KiK-net,140.314,36.0864,440,0.0302875342805351,full_oof_physical,All-source physical OOF,0.06973962493790627,81.50944462368076,26.374391337959796,0.3750293997472687,104300,180293,140.3177628,36.08495961,-0.048208664,-0.01286746982922303,-0.14934379094087402,8,7,8_7
1204721,IBRH18,KiK-net,140.6198,36.3631,465,-0.1232219233353138,full_oof_physical,All-source physical OOF,-0.28372896380194873,109.10275087904022,56.97021713796038,0.3632641109103203,115197,197324,140.6191209,36.36633818,-0.016744962,-0.366336058569078,-0.11788008894087403,9,8,9_8
1204741,IBRH19,KiK-net,140.0893,36.2137,416,-0.0365464326883186,full_oof_physical,All-source physical OOF,-0.08415127111023273,61.234049216294444,40.450461537960386,0.5772181719408189,95284,167807,140.0937414,36.20994309,-0.307838749,-0.16675836587736204,-0.40897387594087403,7,7,7_7
1204761,IBRH20,KiK-net,140.7323,35.8284,289,0.0244055875493281,full_oof_physical,All-source physical OOF,0.056195942076843974,119.25398355964256,-2.1537006620397117,0.5581917405525948,118531,203264,140.7282193,35.82460599,0.030788949,-0.026411152690285322,-0.07034617794087403,9,6,9_6
1204781,IBRH21,KiK-net,140.105,35.9814,104,0.060890037537012,full_oof_physical,All-source physical OOF,0.14020449274457172,62.65071013260777,14.764121337960143,0.30929957453918744,95628,168282,140.1052221,35.98419134,0.581556469,0.05759739797744243,0.480421342059126,7,6,7_6
1206911,KNGH10,KiK-net,139.5195,35.4991,320,0.0329307690154388,full_oof_physical,All-source physical OOF,0.0758258978357796,9.819183603789618,-38.56571886204009,0.10743104030967902,70852,134729,139.5184852,35.49960811,0.328287086,-0.006781196931349695,0.227151959059126,5,4,5_4
1206931,KNGH11,KiK-net,139.3539,35.404,189,-0.0237000106162098,full_oof_physical,All-source physical OOF,-0.054571291148685315,-5.123430902054061,-49.081306262039554,0.368533399582546,63831,125219,139.3524595,35.40711873,0.250198733,-0.1371783859158146,0.149063606059126,5,4,5_4
1206951,KNGH18,KiK-net,139.1283,35.6437,289,-0.0080691762220777,full_oof_physical,All-source physical OOF,-0.018579964881698125,-25.48003617088789,-22.576718462039647,0.48283133287070684,54633,112746,139.126195,35.64771452,0.08499161,-0.10118705964882742,-0.016143516940874028,4,5,4_5
1206971,KNGH19,KiK-net,139.0436,35.4173,199,-0.0302716899429091,full_oof_physical,All-source physical OOF,-0.06970314200228027,-33.122786464638224,-47.61067206204023,0.36340519312570063,50918,107721,139.0431881,35.4205693,0.012451926,-0.15231023676940958,-0.08868320094087402,4,4,4_4
1206991,KNGH20,KiK-net,139.126,35.3663,253,0.2193623392407557,full_oof_physical,All-source physical OOF,0.505100452300067,-25.68757248346827,-53.249946062039655,0.24340740391526786,54233,112215,139.1238695,35.36765022,0.036175467,0.42249335753293765,-0.06495965994087402,4,4,4_4
1207011,KNGH21,KiK-net,139.2146,35.4628,231,-0.0689966709253562,full_oof_physical,All-source physical OOF,-0.1588707059389409,-17.692912790124893,-42.57955506203977,0.5384912895308182,58302,117725,139.2189001,35.45942317,-0.023386202,-0.2414778007060702,-0.12452132894087402,5,4,5_4
1207051,KNGH23,KiK-net,139.611,35.2624,166,0.1026682671259279,full_oof_physical,All-source physical OOF,0.23640242140769224,18.075519517345043,-64.73858466203998,0.3785424567885975,74516,139703,139.6108762,35.26582194,0.372687768,0.15379532664056295,0.27155264105912597,6,4,6_4
1208651,NGNH03,KiK-net,137.7346,35.4786,95,0.0464612550744197,full_oof_physical,All-source physical OOF,0.10698099333615277,-151.23801827714595,-40.83248586203992,0.43790504604214625,5021,33731,137.7343071,35.48255307,-0.011645001,0.024373898569023472,-0.11278012794087403,0,4,0_4
1208671,NGNH07,KiK-net,138.376,36.7434,65,0.0872353680781849,full_oof_physical,All-source physical OOF,0.2008668581186772,-93.3624570208105,99.0215093379602,0.3171967991679324,26651,72369,138.3727149,36.74442102,0.359368177,0.11825976335154789,0.258233050059126,2,9,2_9
1208691,NGNH08,KiK-net,137.8591,36.2541,51,-0.0246601712542899,full_oof_physical,All-source physical OOF,-0.056782142720808206,-140.0039874439461,44.917651137960185,0.35940116905838293,9462,42816,137.8630181,36.25351552,-0.027845071,-0.1393892374879375,-0.128980197940874,1,7,1_7
1208711,NGNH09,KiK-net,138.2491,36.2859,43,0.007324619424614,full_oof_physical,All-source physical OOF,0.01686555949897082,-104.81304748452936,48.433904337959845,0.5732087441292076,21654,64319,138.2452587,36.29002881,-0.023517801,-0.06574153526815847,-0.12465292794087403,2,7,2_7
1208731,NGNH10,KiK-net,137.7669,35.9632,153,-0.0863781999312086,full_oof_physical,All-source physical OOF,-0.19889315552126025,-148.3234865830718,12.75167453796012,0.16052388006817528,6468,36784,137.7679712,35.96204095,-0.011191477,-0.28150025028838954,-0.11232660394087403,0,6,0_6
1208751,NGNH11,KiK-net,138.3052,35.9157,155,0.2721796299490536,full_oof_physical,All-source physical OOF,0.6267167585373266,-99.75096612113482,7.499409537960182,0.4564552206608712,23136,66777,138.3028373,35.91204988,0.125528805,0.5441096637701972,0.02439367805912597,2,6,2_6
1208771,NGNH12,KiK-net,138.4797,35.9696,147,0.1138410405868107,full_oof_physical,All-source physical OOF,0.26212868302612047,-84.00527631878033,13.459348137960042,0.10988040612211242,29438,76783,138.4786209,35.97006049,0.063392714,0.17952158825899117,-0.03774241294087402,2,6,2_6
1208791,NGNH13,KiK-net,137.8767,35.5143,104,-0.0055415064663273,full_oof_physical,All-source physical OOF,-0.012759790182095354,-138.41588348680426,-36.884994062040086,0.22991054829554117,8870,41734,137.8744282,35.51335853,-0.02958448,-0.09536688494922466,-0.13071960694087403,1,5,1_5
1208811,NGNH14,KiK-net,137.6261,35.3095,65,0.0364669236439387,full_oof_physical,All-source physical OOF,0.08396819476988536,-161.02831824021413,-59.53054926203995,0.17397154725590516,2178,27212,137.6267778,35.30802708,-0.003558265,0.0013611000027560632,-0.10469339194087403,0,4,0_4
1208831,NGNH15,KiK-net,137.9305,36.0088,67,-0.1716267846028635,full_oof_physical,All-source physical OOF,-0.3951852757850536,-133.56133843599267,17.793848937960153,0.4942616651126218,11002,45789,137.9259986,36.01134699,-0.012760977,-0.4777923705521829,-0.11389610394087402,1,6,1_6
1208851,NGNH16,KiK-net,138.1848,35.9465,133,0.045585073391354,full_oof_physical,All-source physical OOF,0.10496351045397126,-110.61504091886444,10.905088737960103,0.1682126723534798,19219,60281,138.1861985,35.9454941,0.034409631,0.022356415686841963,-0.06672549594087401,2,6,2_6
1208871,NGNH17,KiK-net,138.5504,36.1425,134,-0.1153812088029695,full_oof_physical,All-source physical OOF,-0.26567505140135095,-77.62579053639462,32.577592737959876,0.2692659506703771,32395,81302,138.5532572,36.14320262,-0.005112706,-0.34828214616848024,-0.10624783294087402,3,7,3_7
1208891,NGNH18,KiK-net,137.595,35.9324,115,-0.0350726445022306,full_oof_physical,All-source physical OOF,-0.08075774840271575,-163.83457011903008,9.3459953379602,0.3976712443390986,2041,26781,137.5916428,35.93007003,-0.006237261,-0.16336484316984506,-0.10737238794087402,0,6,0_6
1208911,NGNH19,KiK-net,138.5845,35.9735,180,-0.1328409931361398,full_oof_physical,All-source physical OOF,-0.30587769053379993,-74.54883911943057,13.890586737960215,0.15199643116275724,33369,82783,138.5852119,35.97225418,-0.60825446,-0.3884847853009292,-0.7093895869408741,3,6,3_6
1208931,NGNH20,KiK-net,137.7173,35.787,86,-0.0822184692800786,full_oof_physical,All-source physical OOF,-0.1893150217330979,-152.7990522804745,-6.731464262040042,0.45056908675308593,4828,33265,137.7129384,35.7889839,-0.01482514,-0.2719221165002272,-0.11596026694087402,0,6,0_6
1208951,NGNH21,KiK-net,137.9236,35.8315,106,-0.1674914456000085,full_oof_physical,All-source physical OOF,-0.3856633058426028,-134.18394737373637,-1.8109212620401178,0.100208183223467,10717,45269,137.9241167,35.83069781,-0.04643306,-0.4682704006097321,-0.14756818694087404,1,6,1_6
1208971,NGNH22,KiK-net,138.0824,35.7946,103,-0.1230069675687082,full_oof_physical,All-source physical OOF,-0.28323400985810954,-119.85491848769522,-5.891101862039644,0.4984758036406267,15704,54265,138.0849752,35.7985883,-0.124072437,-0.36584110462523883,-0.22520756394087402,1,6,1_6
1208991,NGNH23,KiK-net,137.6105,35.6056,145,-0.0998235994718862,full_oof_physical,All-source physical OOF,-0.22985233207297348,-162.4359558385914,-26.78958786203965,0.3444675800224429,2211,27245,137.6143169,35.60565645,-0.009253597,-0.31245942684010275,-0.11038872394087403,0,5,0_5
1209011,NGNH24,KiK-net,137.8797,35.6152,185,-0.1025028662630512,full_oof_physical,All-source physical OOF,-0.236021571846464,-138.14518394865362,-25.728077462039767,0.2643967063153092,9135,42245,137.8794067,35.61282088,-0.044324539,-0.3186286666135933,-0.14545966594087403,1,5,1_5
1209031,NGNH25,KiK-net,137.9268,35.2986,124,-0.0539867593354755,full_oof_physical,All-source physical OOF,-0.12430910726492302,-133.89520119971104,-60.73580586203989,0.06955340731868306,10132,44210,137.9268016,35.29797098,-0.008666846,-0.2069162020320523,-0.10980197294087403,1,4,1_4
1209051,NGNH26,KiK-net,138.1474,36.4663,56,0.130925685202396,full_oof_physical,All-source physical OOF,0.3014675310370682,-113.98976182779242,68.38145393795972,0.29931210618507376,18686,59339,138.1495154,36.46838502,-0.253247466,0.2188604362699389,-0.354382592940874,1,8,1_8
1209071,NGNH27,KiK-net,138.0479,36.577,150,-0.0740258496275636,full_oof_physical,All-source physical OOF,-0.1704508178486468,-122.96796317641372,80.62199573795986,0.31240499658888443,15504,53851,138.0471087,36.57424948,-0.143264459,-0.2530579126157761,-0.24439958594087402,1,8,1_8
1209091,NGNH28,KiK-net,138.0964,36.7075,142,-0.0739707188672992,full_oof_physical,All-source physical OOF,-0.17032387458189654,-118.59165397633315,95.0519027379604,0.3798668805884234,17249,56866,138.0957157,36.71088972,0.023843919,-0.2529309693490258,-0.07729120794087402,1,9,1_9
1209111,NGNH29,KiK-net,138.4408,36.9102,150,-0.022870209398182,full_oof_physical,All-source physical OOF,-0.0526606032339062,-87.51534699678493,117.46525253796042,0.252203695482482,29220,76387,138.4390648,36.90841191,0.04624569,-0.1352676980010355,-0.054889436940874024,2,9,2_9
1209131,NGNH30,KiK-net,137.6849,36.064,123,-0.0384327232630292,full_oof_physical,All-source physical OOF,-0.08849461566861652,-155.7226072924873,23.89753373796007,0.4678290720614924,4410,32296,137.6835588,36.0680869,-0.006837913,-0.17110171043574582,-0.10797303994087402,0,6,0_6
1209151,NGNH31,KiK-net,137.9389,36.1184,126,-0.1191631340969572,full_oof_physical,All-source physical OOF,-0.27438325620610415,-132.8033797291749,29.912759337960193,0.1925722613854725,11549,46801,137.93957,36.12005352,-0.013435929,-0.35699035097323345,-0.11457105594087402,1,7,1_7
1209171,NGNH32,KiK-net,137.9898,36.2578,77,0.1268794987474283,full_oof_physical,All-source physical OOF,0.2921508424223851,-128.2105108985728,45.32677493796041,0.21922916733739942,13208,49816,137.9877587,36.25672481,-0.046800015,0.2095437476552558,-0.14793514194087404,1,7,1_7
1209191,NGNH33,KiK-net,137.9637,36.4598,87,-0.0980388722441398,full_oof_physical,All-source physical OOF,-0.22574284576330403,-130.56559688047355,67.66272293796021,0.4669362727350944,12677,48839,137.9618765,36.46375197,-0.102035041,-0.3083499405304333,-0.20317016794087403,1,8,1_8
1209211,NGNH34,KiK-net,137.8201,36.5327,85,-0.0315760920215072,full_oof_physical,All-source physical OOF,-0.07270663878373071,-143.5230814398893,75.72356753795988,0.37552442033603495,8480,40847,137.8159876,36.53217875,-0.037201998,-0.15531373355086,-0.13833712494087402,1,8,1_8
1209231,NGNH35,KiK-net,137.8201,36.3824,63,-0.1097321280388737,full_oof_physical,All-source physical OOF,-0.25266756224482456,-143.5230814398893,59.10429533795973,0.43812478878326444,8463,40830,137.8222554,36.37884952,-0.036841769,-0.33527465701195386,-0.13797689594087403,1,8,1_8
1209271,NGNH37,KiK-net,138.4967,36.3308,94,0.096047890812903,full_oof_physical,All-source physical OOF,0.22115844159931022,-82.47131226926761,53.39867693796045,0.2770544088949169,30450,78323,138.4938004,36.3316241,0.248950433,0.13855134683218093,0.14781530605912596,2,7,2_7
1209291,NGNH54,KiK-net,138.0058,35.4489,95,-0.1803912742583213,full_oof_physical,All-source physical OOF,-0.4153662590134112,-126.76678002844362,-44.11653366203973,0.5874114448561482,12840,49226,138.0095199,35.44454035,-0.035613878,-0.4979733537805405,-0.13674900494087402,1,4,1_4
1209631,NIGH11,KiK-net,138.744,37.1728,288,-0.0001364184181226,full_oof_physical,All-source physical OOF,-0.0003141150159789275,-60.15664700782169,146.50198493796032,0.4497341725008452,41009,93916,138.7460152,37.17651999,0.004298393,-0.08292120978310823,-0.09683673394087403,3,10,3_10
1209651,NIGH12,KiK-net,138.9821,37.2239,194,-0.0135122836224041,full_oof_physical,All-source physical OOF,-0.03111318284125527,-38.67212699669986,152.15231633796012,0.32543558721197097,50380,106921,138.9794378,37.22588557,0.007755798,-0.11372027760838457,-0.09337932894087403,4,11,4_11
1209671,NIGH13,KiK-net,138.3966,37.0544,71,0.1448386250865808,full_oof_physical,All-source physical OOF,0.3335032590141144,-91.50365352551802,133.41002333796018,0.3016251712714713,27954,74403,138.3981937,37.05200217,0.023211132,0.2508961642469851,-0.07792399494087403,2,10,2_10
1209691,NIGH14,KiK-net,138.8521,37.0303,228,-0.0425510866639168,full_oof_physical,All-source physical OOF,-0.09797749784303257,-50.402440316505434,130.7451899379597,0.4733959347685993,44891,99400,138.8493628,37.03395238,0.02268375,-0.18058459261016185,-0.07845137694087402,3,10,3_10
1209711,NIGH15,KiK-net,138.9951,37.0533,234,-0.0947468635876656,full_oof_physical,All-source physical OOF,-0.21816271570489917,-37.49909566471879,133.28839193796009,0.23292460275872234,50730,107402,138.993006,37.05453182,0.029946509,-0.30076981047202844,-0.07118861794087403,4,10,4_10
1209731,NIGH16,KiK-net,137.848,36.9378,35,0.0081146909274838,full_oof_physical,All-source physical OOF,0.018684766363878228,-141.0055757350987,120.51709493796038,0.3853047891142928,9795,43392,137.8441063,36.93923049,0.011105441,-0.06392232840325107,-0.09002968594087402,1,10,1_10
1209751,NIGH17,KiK-net,138.0966,36.8569,135,0.0277973273230412,full_oof_physical,All-source physical OOF,0.06400571151911076,-118.57360734045592,111.5716583379604,0.2872632471547408,17556,57382,138.09924,36.85544811,0.092478994,-0.018601383248018535,-0.008656132940874028,1,9,1_9
1209771,NIGH18,KiK-net,138.2594,36.9425,103,0.0697673102563243,full_oof_physical,All-source physical OOF,0.16064516857450292,-103.88364573688311,121.03679273796034,0.2558658119421735,22944,66391,138.2580014,36.94048707,0.101409974,0.07803807380737363,0.0002748470591259766,2,10,2_10
1209791,NIGH19,KiK-net,138.7849,36.8114,169,-0.0849921725971613,full_oof_physical,All-source physical OOF,-0.19570170964340064,-56.466109971052546,106.54054133795995,0.4979591770025342,42021,95375,138.783853,36.80697839,0.096090923,-0.27830880441052996,-0.005044203940874029,3,9,3_9
1211041,SITH01,KiK-net,139.7349,35.929,201,0.0011362364920284,full_oof_physical,All-source physical OOF,0.0026162812086604416,29.255410442915814,8.97004373796029,0.3291845977780017,80124,147276,139.7326857,35.92663405,0.577087278,-0.07999081355846885,0.475952151059126,6,6,6_6
1211061,SITH03,KiK-net,139.3843,35.899,218,0.1225056259123106,full_oof_physical,All-source physical OOF,0.2820796280335915,-2.380342248808386,5.652823737960165,0.4592630760030381,65730,127773,139.3868061,35.89538493,0.286974834,0.1994725332664622,0.185839707059126,5,6,5_6
1211081,SITH04,KiK-net,139.5353,35.8028,281,0.0497705385534833,full_oof_physical,All-source physical OOF,0.11460090014353608,11.244867838044126,-4.984395062040186,0.5948400861522989,71993,136263,139.5394113,35.8070052,0.625456085,0.03199380537640678,0.524320958059126,5,6,5_6
1211101,SITH05,KiK-net,139.0504,36.1509,292,-0.0278035175996967,full_oof_physical,All-source physical OOF,-0.06401996515785921,-32.50920084483313,33.50641433796007,0.20979427808380452,52106,109302,139.0518904,36.15235623,0.124365697,-0.1466270599249885,0.023230570059125974,4,7,4_7
1211121,SITH06,KiK-net,139.2894,36.1131,357,0.1368870831901647,full_oof_physical,All-source physical OOF,0.3151941571771091,-10.943470972266354,29.32671713796038,0.4332245607536666,62064,122797,139.2933554,36.11087922,1.034424743,0.23258706240997978,0.933289616059126,5,7,5_7
1211141,SITH07,KiK-net,139.1485,35.9118,339,-0.0798940878452383,full_oof_physical,All-source physical OOF,-0.1839629356908025,-23.65732594734728,7.0681709379600095,0.25963902325715116,55769,114275,139.1466762,35.90998381,-0.024399671,-0.2665700304579318,-0.12553479794087402,4,6,4_6
1211161,SITH08,KiK-net,138.9691,36.0274,331,-0.0788039880362726,full_oof_physical,All-source physical OOF,-0.18145288812080243,-39.845158328680924,19.850525337960075,0.42180970979860183,48407,104288,138.9660926,36.02447952,-0.032175168,-0.26405998288793175,-0.133310294940874,4,6,4_6
1211181,SITH09,KiK-net,139.0993,36.0715,188,0.031006262618569,full_oof_physical,All-source physical OOF,0.07139455809497551,-28.096798372998126,24.7268387379601,0.0897486829130751,53942,111793,139.0983823,36.071813,0.028058673,-0.011212536672153786,-0.07307645394087403,4,6,4_6
1211201,SITH10,KiK-net,139.2191,35.9964,282,-0.0441771776935778,full_oof_physical,All-source physical OOF,-0.10172171080778132,-17.286863482900184,16.422731337960208,0.5356863666346123,58730,118284,139.2158859,35.99232682,0.138946653,-0.1843288055749106,0.03781152605912598,5,6,5_6
1211221,SITH11,KiK-net,139.2726,35.8637,334,0.0600002088836674,full_oof_physical,All-source physical OOF,0.13815558655206148,-12.459388385901851,1.7495615379602267,0.33523774078053264,60930,121270,139.2719743,35.86668849,0.13098529,0.05554849178493218,0.02985016305912598,5,6,5_6
1212161,SZOH29,KiK-net,138.1973,35.307,33,-0.0714055219142329,full_oof_physical,All-source physical OOF,-0.16441729031717234,-109.48712617657387,-59.8069842620397,0.3460063431127974,18852,59710,138.1997677,35.30460488,-0.00791601,-0.24702438508430163,-0.10905113694087402,2,4,2_4
1212181,SZOH30,KiK-net,137.9181,35.2233,96,-0.0593020646335589,full_oof_physical,All-source physical OOF,-0.13654805000900214,-134.68022986034205,-69.06202806203973,0.34559477020486584,9864,43702,137.920732,35.22557054,-0.004640559,-0.21915514477613143,-0.10577568594087403,1,4,1_4
1212201,SZOH31,KiK-net,138.0767,34.9398,58,0.2705586807669462,full_oof_physical,All-source physical OOF,0.6229843851141053,-120.3692476101807,-100.40975706204013,0.36050985224190646,14468,52170,138.0805936,34.94053099,-0.000371609,0.5403772903469759,-0.10150673594087402,1,3,1_3
1212221,SZOH32,KiK-net,137.8409,35.0086,94,-0.1146457175579918,full_oof_physical,All-source physical OOF,-0.26398152022463767,-141.6462313087196,-92.80226586203979,0.20228936520514448,7324,38678,137.8411529,35.00678223,-0.001087436,-0.34658861499176696,-0.10222256294087402,1,3,1_3
1212241,SZOH33,KiK-net,138.3526,35.0146,87,0.0043170584451966,full_oof_physical,All-source physical OOF,0.009940394421493746,-95.47391341837643,-92.13882186203976,0.5341666243796681,23652,67678,138.3500785,35.01897072,4.69e-05,-0.07266670034563555,-0.10108822694087402,2,3,2_3
1212261,SZOH34,KiK-net,138.4243,35.1304,182,0.1460142982377353,full_oof_physical,All-source physical OOF,0.3362103464861961,-89.00419445660715,-79.33435266203975,0.19953232382081176,26472,72190,138.4256742,35.12898624,7.75e-05,0.2536032517190668,-0.10105762694087403,2,3,2_3
1212281,SZOH35,KiK-net,139.0855,34.9467,138,0.310522550305492,full_oof_physical,All-source physical OOF,0.7150045953719195,-29.342016248485525,-99.64679646203994,0.5975838669685949,52341,109668,139.0897232,34.94253704,0.04961066,0.6323975006047902,-0.05152446694087402,4,3,4_3
1212301,SZOH36,KiK-net,138.2008,34.9142,88,0.0085568161288741,full_oof_physical,All-source physical OOF,0.019702797261836522,-109.17131004873526,-103.24045146203983,0.39192747889734575,18514,59167,138.2042564,34.91634656,-9.7e-05,-0.06290429750529278,-0.10123212694087402,2,2,2_2
1212321,SZOH37,KiK-net,138.5659,35.2028,126,0.1669490991290005,full_oof_physical,All-source physical OOF,0.38441450694322177,-76.22717625595595,-71.32879506203956,0.21353296423761825,31632,80198,138.5641618,35.20411045,-0.001997598,0.30180741217609247,-0.10313272494087403,3,3,3_3
1212341,SZOH38,KiK-net,138.9779,35.0854,184,0.0006259722131202,full_oof_physical,All-source physical OOF,0.0014413542865590644,-39.051106350108725,-84.31018266203995,0.2705533885406547,47937,103684,138.9808965,35.08531336,0.022426942,-0.08116574048057024,-0.07870818494087403,4,3,4_3
1212361,SZOH39,KiK-net,138.7724,34.7988,151,0.2858092057885762,full_oof_physical,All-source physical OOF,0.6581000166892431,-57.594024713340566,-116.00069106203993,0.44544902185249335,39006,91153,138.7688098,34.80156504,0.006909143,0.5754929219221139,-0.09422598394087402,3,2,3_2
1212381,SZOH40,KiK-net,138.97,34.7832,92,-0.0057907315362848,full_oof_physical,All-source physical OOF,-0.01333365211297989,-39.763948467235984,-117.72564546203985,0.4281434055045325,47173,102651,138.970676,34.78703251,0.028125714,-0.09594074688010919,-0.07300941294087403,4,2,4_2
1212401,SZOH41,KiK-net,138.834,34.6749,95,0.0126714764065256,full_oof_physical,All-source physical OOF,0.02917715267989161,-52.035660863340325,-129.70080966203983,0.15967141933662468,41433,94639,138.8334128,34.6762622,0.009885843,-0.05342994208723768,-0.09124928394087402,3,2,3_2
1212421,SZOH42,KiK-net,138.9128,34.9756,202,0.2533788372370982,full_oof_physical,All-source physical OOF,0.583426333502307,-44.92528632795013,-96.45120786203994,0.052985461089380126,45022,99672,138.9133497,34.97576851,0.016112865,0.5008192387351778,-0.08502226194087402,4,3,4_3
1212441,SZOH43,KiK-net,138.4924,34.9739,32,0.0362976625365073,full_oof_physical,All-source physical OOF,0.08357845666709016,-82.85931494061509,-96.63918366203988,0.3264157817810273,28684,75673,138.4919016,34.97682386,0.000602862,0.0009713618999608598,-0.10053226494087403,2,3,2_3
1212481,SZOH53,KiK-net,138.0174,34.8768,57,-0.0412748085155539,full_oof_physical,All-source physical OOF,-0.09503875880409812,-125.720075147598,-107.37591906203961,0.3848903539281495,12501,48663,138.0215124,34.87587577,-0.000287881,-0.17764585357122742,-0.10142300794087403,1,2,1_2
1212501,SZOH54,KiK-net,139.1685,35.0417,109,-0.1457454490428093,full_oof_physical,All-source physical OOF,-0.3355912983376961,-21.852662359686466,-89.14226646204007,0.23917946690396047,55673,114179,139.1664724,35.04309325,0.067515949,-0.41819839310482537,-0.03361917794087402,4,3,4_3
1212531,TCGH06,KiK-net,139.9509,36.4458,450,0.0751573919184071,full_oof_physical,All-source physical OOF,0.17305629025963537,48.74577718966855,66.11468693795989,0.3614647334565469,89406,159833,139.9479264,36.44360958,0.282784232,0.09044919549250607,0.18164910505912601,7,8,7_8
1212551,TCGH07,KiK-net,139.4534,36.8817,280,0.0214977075059344,full_oof_physical,All-source physical OOF,0.04950030083671076,3.8547704465646646,114.3138935379603,0.2747898985174348,69529,132882,139.4562546,36.88083434,0.111006101,-0.033106793930418536,0.009870974059125973,5,9,5_9
1212571,TCGH08,KiK-net,139.6459,36.8828,280,-0.1305165873473846,full_oof_physical,All-source physical OOF,-0.3005255484145431,21.224657477817992,114.43552493796041,0.08163454959436861,77278,143382,139.6450956,36.88313788,-0.013427038,-0.3831326431816724,-0.11456216494087403,6,9,6_9
1212591,TCGH09,KiK-net,139.8364,36.8625,489,-0.0485296269741765,full_oof_physical,All-source physical OOF,-0.11174359563930056,38.41407815030165,112.19087273795975,0.5251967339767346,85024,153879,139.8343685,36.85804897,0.132468596,-0.19435069040642985,0.03133346905912597,6,9,6_9
1212611,TCGH10,KiK-net,140.0225,36.8578,556,0.032423285314101,full_oof_physical,All-source physical OOF,0.07465737343014173,55.20647283350177,111.67117493795978,0.22426337932948803,92773,164379,140.0231802,36.85975074,0.312428722,-0.00794972133698757,0.21129359505912598,7,9,7_9
1212631,TCGH11,KiK-net,139.7694,36.7084,344,0.0527538023433973,full_oof_physical,All-source physical OOF,0.12147011887466098,32.368455131631755,95.15141933795978,0.6352054699179468,82425,150363,139.7737397,36.71292319,0.016599326,0.03886302410753169,-0.08453580094087403,6,9,6_9
1212651,TCGH12,KiK-net,139.9842,36.6959,497,0.1197908265606547,full_oof_physical,All-source physical OOF,0.27582857151599877,51.750542063126275,93.76924433796026,0.359064987258171,90910,161861,139.9803793,36.69680764,0.530166639,0.19322147674886947,0.42903151205912604,7,9,7_9
1212671,TCGH13,KiK-net,140.1781,36.7342,478,-0.0638092912938627,full_oof_physical,All-source physical OOF,-0.146926322927763,69.24675554551504,98.0042285379602,0.0701893880655563,99017,172865,140.1773918,36.73446257,0.253070579,-0.2295334176948923,0.151935452059126,7,9,7_9
1212691,TCGH14,KiK-net,139.6154,36.5509,453,-0.0891275444492103,full_oof_physical,All-source physical OOF,-0.20522375522391584,18.472545506631143,77.73601433795992,0.25519212877819736,75765,141345,139.6151355,36.54860223,0.196831591,-0.28783084999104513,0.09569646405912598,6,8,6_8
1212711,TCGH15,KiK-net,139.8637,36.5595,203,0.0784555169487068,full_oof_physical,All-source physical OOF,0.18065050378923397,40.87744394746061,78.68695073796005,0.2025630150025583,86098,155346,139.8657299,36.5602823,0.163871262,0.09804340902210468,0.06273613505912597,6,8,6_8
1212731,TCGH16,KiK-net,140.0751,36.548,503,0.1603226045533628,full_oof_physical,All-source physical OOF,0.36915643931455255,59.95273806905259,77.41534973796027,0.525915221205318,94583,166844,140.0719461,36.54400029,0.133374183,0.28654934454742326,0.032239056059125984,7,8,7_8
1212751,TCGH17,KiK-net,139.6922,36.9853,330,-0.0987258453615569,full_oof_physical,All-source physical OOF,-0.2273246598227563,25.402453683256788,125.76935993796032,0.4315068411776346,79134,145893,139.6883596,36.98297462,0.013316052,-0.3099317545898856,-0.08781907494087403,6,10,6_10
1213151,TKYH02,KiK-net,139.4704,35.6539,95,0.052407370409811,full_oof_physical,All-source physical OOF,0.12067242986864807,5.38873449607995,-21.44886366203992,0.17014601671960275,69024,132246,139.4713928,35.6525918,0.092697398,0.03806533510151877,-0.008437728940874023,5,5,5_5
1213201,TKYH11,KiK-net,139.8125,35.6114,130,0.0011362364920284,full_oof_physical,All-source physical OOF,0.0026162812086604416,36.257505163045224,-26.148258662039574,0.36306431904287517,83041,151241,139.8084818,35.61122958,0.076089428,-0.07999081355846885,-0.025045698940874023,6,5,6_5
1213221,TKYH12,KiK-net,139.265,35.6701,292,-0.0277976004531271,full_oof_physical,All-source physical OOF,-0.064006340424375,-13.145160549215836,-19.657564862040164,0.3268935676290713,60539,120748,139.2674143,35.66789584,0.025235745,-0.1466134351915043,-0.07589938194087402,5,5,5_5
1213241,TKYH13,KiK-net,139.1275,35.7017,272,-0.0695183632862379,full_oof_physical,All-source physical OOF,-0.16007194699223595,-25.55222271439422,-16.163426462039666,0.2330801577016732,54639,112752,139.1249277,35.70189244,-0.060285937,-0.24267904175936525,-0.16142106394087402,4,5,4_5
1213611,TYMH04,KiK-net,137.4689,36.7914,68,-0.1507028131391795,full_oof_physical,All-source physical OOF,-0.3470060510065419,-175.2129740392426,104.3290613379604,0.42250763496768834,356,22377,137.4729209,36.79335803,-0.001308402,-0.4296131457736712,-0.10244352894087402,0,9,0_9
1214251,YMNH08,KiK-net,138.734,35.6895,143,0.0452750580122076,full_oof_physical,All-source physical OOF,0.10424967366334986,-61.0589788016521,-17.512429262039664,0.3955046824417708,38758,90751,138.7355768,35.68616263,-0.168704808,0.021642578896220566,-0.26983993494087405,3,5,3_5
1214271,YMNH09,KiK-net,138.3325,35.4327,107,-0.1212188436873541,full_oof_physical,All-source physical OOF,-0.27911670246447695,-97.28760032397585,-45.90783246204027,0.3975240269971588,23698,67724,138.3365363,35.4341407,0.004906754,-0.36172379723160625,-0.09622837294087402,2,4,2_4
1214291,YMNH10,KiK-net,138.3087,35.5351,152,-0.1279739522421491,full_oof_physical,All-source physical OOF,-0.2946709147243045,-99.43514999329622,-34.58505486203995,0.3063954112991632,22788,66235,138.3067591,35.53282633,-0.031844721,-0.3772780094914338,-0.13297984794087403,2,5,2_5
1214311,YMNH11,KiK-net,138.9777,35.6247,254,0.0728749753644835,full_oof_physical,All-source physical OOF,0.16780083192656803,-39.06915298598595,-24.67762446204025,0.3096297316078088,48363,104244,138.9762072,35.62722134,0.09395371,0.08519373715943873,-0.0071814169408740275,4,5,4_5
1214331,YMNH12,KiK-net,138.449,35.5623,190,0.0136062628479892,full_oof_physical,All-source physical OOF,0.03132957800513864,-86.77543492584185,-31.577442062039882,0.1764545411430675,27789,74238,138.4472302,35.56297881,0.133987131,-0.05127751676199065,0.032852004059125986,2,5,2_5
1214351,YMNH13,KiK-net,138.4203,35.3509,124,0.0093766098867079,full_oof_physical,All-source physical OOF,0.021590442147954202,-89.36512717413882,-54.95278566203962,0.44292648085549774,26497,72215,138.4185285,35.35463575,0.006664134,-0.06101665261917509,-0.09447099294087402,2,4,2_4
1214371,YMNH14,KiK-net,138.9675,35.5115,182,0.0857015957750855,full_oof_physical,All-source physical OOF,0.19733521687751338,-39.989531415693584,-37.19460126204015,0.3236127534231054,47984,103731,138.9703238,35.50969574,0.056910739,0.11472812211038408,-0.04422438794087402,4,5,4_5
1214391,YMNH15,KiK-net,138.6045,35.5323,177,0.013964829336864,full_oof_physical,All-source physical OOF,0.032155207857268976,-72.74417553176718,-34.89466206204001,0.3530504413604831,33653,83234,138.607378,35.53013696,-0.072661893,-0.05045188690986032,-0.17379701994087404,3,5,3_5
1214411,YMNH16,KiK-net,138.5653,35.7421,174,-0.0012361304425633,full_oof_physical,All-source physical OOF,-0.002846295530042387,-76.28131616358506,-11.696236862039864,0.43860822120146853,32351,81258,138.5654766,35.74606403,-0.336009302,-0.08545339029717168,-0.437144428940874,3,5,3_5
1100751,CHB001,K-NET,139.8731,35.9571,71,0.1419127480495636,crustal_observed,Crustal observed,0.326766178164745,41.72563583366192,12.077173137959727,0.24767987811110803,86031,155279,139.8744455,35.95514762,0.315279453,0.3770661689798829,0.21579046269230767,6,6,6_6
1100761,CHB002,K-NET,139.9024,35.7871,88,-0.1087857193112922,crustal_observed,Crustal observed,-0.2504883756168159,44.36946798958799,-6.720406862039675,0.3800949839784102,87119,156760,139.903475,35.78377635,0.379071881,-0.20018838480167808,0.2795828906923077,6,6,6_6
1100771,CHB003,K-NET,140.0577,35.7926,72,-0.0348535611100515,crustal_observed,Crustal observed,-0.08025329024976159,58.38268074778799,-6.112249862039914,0.3614814525249648,93393,165261,140.0541341,35.79408982,0.14306225,-0.029953299434623756,0.043573259692307686,7,6,7_6
1100781,CHB004,K-NET,140.4903,35.8889,88,0.2045613978548525,crustal_observed,Crustal observed,0.47102002530260756,97.41755414892513,4.536026337960018,0.27728159609181496,110578,189771,140.4882089,35.88706249,0.074981413,0.5213200161177454,-0.02450757730769232,8,6,8_6
1100791,CHB005,K-NET,140.8271,35.7353,41,-0.0019297368965928,crustal_observed,Crustal observed,-0.004443383411495174,127.80808896516193,-12.448140062039682,0.1348868224745064,121429,208754,140.8260349,35.73444405,0.026753621,0.04585660740364266,-0.07273536930769231,9,5,9_5
1100801,CHB006,K-NET,140.3073,35.779,51,0.0581011711770996,crustal_observed,Crustal observed,0.13378289063788487,80.90488232181428,-7.616056262039552,0.404978673868098,103918,179759,140.3115279,35.77777099,0.191611492,0.1840828814530227,0.09212250169230768,8,5,8_5
1100811,CHB007,K-NET,140.2246,35.7237,83,-0.1024083430047788,crustal_observed,Crustal observed,-0.23580392400102473,73.44259838683107,-13.730798462039836,0.13351866106203733,100356,174753,140.2233696,35.72302923,0.182142822,-0.1855039331858869,0.0826538316923077,7,5,7_5
1100821,CHB008,K-NET,139.9027,35.6556,77,0.0304122568908747,crustal_observed,Crustal observed,0.07002680936123354,44.39653794340382,-21.260887862039965,0.29532679456301447,87105,156746,139.9052065,35.65731748,-0.088731711,0.12032680017637137,-0.1882207013076923,6,5,6_5
1100831,CHB009,K-NET,140.1077,35.6075,54,0.0058957751486904,crustal_observed,Crustal observed,0.01357552396901927,62.89433971694259,-26.579497262039748,0.3387961858672066,95586,168240,140.1094658,35.60479601,0.122195021,0.06387551478415711,0.022706030692307685,7,5,7_5
1100841,CHB010,K-NET,140.5637,35.7086,73,0.0616366992618036,crustal_observed,Crustal observed,0.1419237449015861,104.04066951564825,-15.400465862040265,0.3774914210287346,113038,193751,140.5602549,35.7066632,0.111106924,0.19222373571672394,0.01161793369230768,8,5,8_5
1100851,CHB011,K-NET,140.5014,35.6021,48,-0.0220165348356498,crustal_observed,Crustal observed,-0.050694944911951347,98.4191424400777,-27.176596862039926,0.505157723216519,110862,190239,140.4989049,35.59801032,0.194819482,-0.0003949540968135115,0.09533049169230767,8,5,8_5
1100861,CHB012,K-NET,140.3436,35.5721,99,0.0064170394716602,crustal_observed,Crustal observed,0.014775779428599164,84.18034673342267,-30.493816862040052,0.40200359581699524,104933,181236,140.3398472,35.57014065,0.200925728,0.065075770243737,0.10143673769230768,8,5,8_5
1100871,CHB013,K-NET,140.2892,35.4294,40,0.0416053389136691,crustal_observed,Crustal observed,0.09579983317157956,79.27166177497939,-46.27272666203981,0.46581117868941185,102827,178220,140.2880497,35.42529325,0.318295557,0.1460998239867174,0.2188065666923077,8,4,8_4
1100881,CHB014,K-NET,140.0454,35.471,86,0.0311001955216346,crustal_observed,Crustal observed,0.07161084659731602,57.272812641374635,-41.67284826204032,0.4134921449352049,92988,164725,140.0491236,35.46882039,0.161974802,0.12191083741245386,0.062485811692307686,7,4,7_4
1100891,CHB015,K-NET,139.9199,35.3738,46,0.1256754670189535,crustal_observed,Crustal observed,0.28937845691290714,45.948548628793766,-52.42064106203963,0.43696346905771705,87443,157215,139.9178261,35.37737104,0.192881642,0.339678447728045,0.09339265169230768,7,4,7_4
1100902,CHB016,K-NET,140.3866,35.2998,55,-0.112408099855841,crustal_observed,Crustal observed,-0.2588292150598457,88.06037344689497,-60.6031170620402,0.06544732378641005,106601,183706,140.3861368,35.29934453,0.251328104,-0.20852922424470785,0.15183911369230768,8,4,8_4
1100911,CHB017,K-NET,140.0734,35.2976,84,-0.0765758953653636,crustal_observed,Crustal observed,-0.1763225151509581,59.79934166410131,-60.84637986203963,0.37808672796620757,94076,166206,140.0775818,35.29738479,0.321612612,-0.12602252433582026,0.2221236216923077,7,4,7_4
1100921,CHB018,K-NET,140.3204,35.152,47,0.0811053701365819,crustal_observed,Crustal observed,0.18675201623825793,82.08693697173396,-76.94595426203982,0.4189997314876529,103849,179690,140.3168202,35.15441352,0.290450593,0.23705200705339577,0.19096160269230766,8,3,8_3
1100931,CHB019,K-NET,139.836,35.1106,76,-0.0546192600786795,crustal_observed,Crustal observed,-0.12576549404753223,38.37798487854976,-81.52371786204016,0.5012266700879442,83724,152186,139.8333501,35.11458391,0.894591974,-0.0754655032323944,0.7951029836923077,6,3,6_3
1100941,CHB020,K-NET,140.1006,35.1132,59,0.0514034631870817,crustal_observed,Crustal observed,0.11836084806284253,62.25368414332168,-81.23622546204004,0.5049568589600731,94794,167186,140.0972149,35.11683646,0.253567731,0.16866083887798036,0.1540787406923077,7,3,7_3
1100951,CHB021,K-NET,139.8994,34.9078,32,-0.0670366146465744,crustal_observed,Crustal observed,-0.15435750956998853,44.09876845143989,-103.94812506203975,0.15954137831589243,86284,155663,139.8977073,34.90738314,0.649682832,-0.1040575187548507,0.5501938416923077,6,2,6_2
1100961,CHB022,K-NET,139.8555,35.3033,46,0.0761939493439809,crustal_observed,Crustal observed,0.17544305193579388,40.137531876520086,-60.21610806203992,0.1974946371244543,84852,153707,139.8570795,35.30453642,0.258541033,0.2257430427509317,0.15905204269230766,6,4,6_4
1100981,CHB024,K-NET,140.0781,35.6337,67,0.0200890625828162,crustal_observed,Crustal observed,0.046256776035417044,60.22343760720325,-23.682458462040213,0.45383917291260023,94113,166243,140.0737573,35.63162942,0.088116615,0.09655676685055488,-0.01137237530769232,7,5,7_5
1100991,CHB025,K-NET,139.9458,34.9705,33,0.166362164578774,crustal_observed,Crustal observed,0.38306304019730714,48.28558797481473,-97.01513526203979,0.3436642965304133,88505,158670,139.9495399,34.97108776,0.654929115,0.433363031012445,0.5554401246923076,7,3,7_3
1101001,CHB026,K-NET,140.2404,35.3858,47,0.064967976675451,crustal_observed,Crustal observed,0.14959429461487833,74.868282621083,-51.093753062039575,0.48640269395581603,101040,175716,140.2442385,35.38888843,0.301412547,0.19989428543001617,0.20192355669230766,7,4,7_4
1101011,CHB027,K-NET,140.2655,35.1806,21,0.0016662739404206,crustal_observed,Crustal observed,0.003836737536056922,77.1331354236002,-73.78353786204012,0.1696668293842418,101733,176693,140.2637735,35.18120782,0.28906652,0.054136728351194756,0.18957752969230768,7,3,7_3
1101021,CHB028,K-NET,139.9655,35.7664,60,-0.0713901525948908,crustal_observed,Crustal observed,-0.16438190115156576,50.06318160866228,-9.009288662040234,0.0302089950310711,89700,160258,139.965788,35.7662607,0.237490852,-0.11408191033642792,0.1380018616923077,7,5,7_5
1101031,CHB029,K-NET,139.9176,35.6948,86,0.0354996346153078,crustal_observed,Crustal observed,0.08174092947194316,45.74101231621083,-16.92638706203985,0.38974582404080976,87478,157250,139.9135712,35.69352915,0.01522518,0.13204092028708098,-0.08426381030769231,7,5,7_5
1101041,CHB030,K-NET,139.9151,35.3766,31,7.055613848686373e-05,crustal_observed,Crustal observed,0.0001624615126990759,45.51542936775323,-52.11103386203956,0.26034056570523856,87443,157215,139.9178261,35.37737104,0.192881642,0.05046245232783691,0.09339265169230768,6,4,6_4
1101611,FKS012,K-NET,140.7928,36.9066,133,0.18527303620607,crustal_observed,Crustal observed,0.4266069313018429,124.71309091232065,117.06718613795978,0.4035029545509331,120785,207384,140.79641,36.9087536,0.004216593,0.4769069221169807,-0.09527239730769231,9,9,9_9
1101621,FKS013,K-NET,140.5546,37.0893,137,0.031433969582899,crustal_observed,Crustal observed,0.07237938977521151,103.21954758326021,137.26905593796022,0.20825484705108285,113191,193904,140.552399,37.08873328,0.01031129,0.12267938059034934,-0.08917770030769231,8,10,8_10
1101631,FKS014,K-NET,140.43,36.8683,85,-0.0277209498997884,crustal_observed,Crustal observed,-0.06382984600288756,91.97649343212427,112.83220193795982,0.4000664575662897,108759,186880,140.4277545,36.87141974,0.040000404,-0.013529855187749726,-0.05948858630769231,8,9,8_9
1101632,FKS014,K-NET,140.4166,36.8864,28,-0.0594181206327109,crustal_observed,Crustal observed,-0.13681527882260208,90.76736882838875,114.83359133796027,0.3826006119840296,108435,186382,140.4186239,36.88944052,0.040621501,-0.08651528800746425,-0.05886748930769232,8,9,8_9
1101641,FKS015,K-NET,140.3763,37.0237,106,-0.0006516415189178,crustal_observed,Crustal observed,-0.001500460047436124,87.13097169924873,130.01540153795986,0.3570040906549358,106792,183897,140.372535,37.02469221,0.028848066,0.04879953076770171,-0.07064092430769231,8,10,8_10
1101651,FKS016,K-NET,140.191,37.1232,143,0.2164530418601544,crustal_observed,Crustal observed,0.4984015475204077,70.4107635595575,141.01751453795973,0.03601167814114932,99787,173908,140.1912538,37.12294866,0.028985448,0.5487015383355456,-0.07050354230769232,7,10,7_10
1101661,FKS017,K-NET,140.3689,37.2844,150,0.0055412305732233,crustal_observed,Crustal observed,0.012759154914746822,86.46324617181453,158.84204333795984,0.2780858557714144,106821,183926,140.3703667,37.28661186,0.008451283,0.06305914572988466,-0.09103770730769231,8,11,8_11
1101731,FKS024,K-NET,140.1326,37.3963,164,0.2137006274142087,crustal_observed,Crustal observed,0.4920638790474317,65.14114588358257,171.21527393795967,0.3352029521152165,97626,170938,140.134021,37.39349907,0.006034038,0.5423638698625696,-0.09345495230769231,7,11,7_11
1101741,FKS025,K-NET,139.8994,37.3082,132,-0.0407136935271086,crustal_observed,Crustal observed,-0.09374674379624845,44.09876845143989,161.47370453796,0.23131501589928607,88026,157929,139.8997875,37.31026791,0.007036294,-0.043446752981110615,-0.09245269630769232,6,11,6_11
1101751,FKS026,K-NET,139.5368,37.2664,115,-0.0694068120273315,crustal_observed,Crustal observed,-0.15981509072637337,11.380217607118174,156.85171133795976,0.45885606023136943,73262,137925,139.5387429,37.27023494,0.005115252,-0.10951509991123554,-0.09437373830769231,5,11,5_11
1101761,FKS027,K-NET,139.6807,37.0701,98,-0.1523818592724147,crustal_observed,Crustal observed,-0.3508721976033786,24.364772120349762,135.14603513795967,0.4296083011594554,78775,145403,139.6777902,37.0731752,0.013777672,-0.3005722067882408,-0.08571131830769231,6,10,6_10
1101771,FKS028,K-NET,139.3144,37.3491,73,0.1066115097527522,crustal_observed,Crustal observed,0.24548207309827655,-8.687641487687767,165.99618113796006,0.3157398990408274,64046,125434,139.3109836,37.34848266,0.004296193,0.2957820639134144,-0.09519279730769231,5,11,5_11
1101772,FKS028,K-NET,139.3619,37.3037,22,-0.0402976306795278,crustal_observed,Crustal observed,-0.09278872368566024,-4.40156546699076,160.97612153795998,0.3944100292502501,66255,128429,139.3662429,37.30410387,0.005114338,-0.042488732870522405,-0.09437465230769232,5,11,5_11
1101782,FKS029,K-NET,139.3806,37.0159,91,-0.2102982121213802,crustal_observed,Crustal observed,-0.4842295283139898,-2.7142050125267656,129.1529243379603,0.10104216737421473,66592,128897,139.3814576,37.01531242,0.046362138,-0.433929537498852,-0.05312685230769232,5,10,5_10
1101851,GIF004,K-NET,137.5175,36.2493,40,-0.2578676470339201,crustal_observed,Crustal observed,-0.5937622000257547,-170.8276415212209,44.38689593795985,0.44827532440942713,680,23317,137.5152345,36.252908,-0.006405702,-0.5434622092106169,-0.10589469230769231,0,7,0_7
1101881,GIF007,K-NET,137.4854,36.0378,70,-0.0021086545059656,crustal_observed,Crustal observed,-0.004855356431711115,-173.72412657942039,21.00049493795975,1.1740929476300317,85,21793,137.4981601,36.03572175,-0.004636697,0.04544463438342672,-0.10412568730769231,0,6,0_6
1102081,GNM001,K-NET,139.2246,36.7719,83,-0.1033987317679152,crustal_observed,Crustal observed,-0.2380843784032914,-16.79058099629192,102.17286833796031,0.2977535364032067,59923,119870,139.2249882,36.7692259,0.142465911,-0.18778438758815358,0.042976920692307685,5,9,5_9
1102091,GNM002,K-NET,138.9695,36.7821,91,-0.0878426456822283,crustal_observed,Crustal observed,-0.20226516647705667,-39.80906505692648,103.30072313796003,0.35429380669327026,49594,105872,138.9731585,36.78326331,0.094394932,-0.15196517566191883,-0.005094058307692315,4,9,4_9
1102101,GNM003,K-NET,139.0786,36.6581,113,0.004477647830598,crustal_observed,Crustal observed,0.010310165146412083,-29.964625186229227,89.58954713795978,0.3209789478803184,53638,111358,139.0750796,36.65851656,-0.081362748,0.06061015596154992,-0.1808517383076923,4,9,4_9
1102111,GNM004,K-NET,138.5921,36.6171,63,-0.020266805468833,crustal_observed,Crustal observed,-0.04666604415514507,-73.86306695611916,85.05601313796014,0.38633033941749173,34441,84354,138.5922394,36.61360799,-0.085840978,0.0036339466599927678,-0.18532996830769233,3,8,3_8
1102121,GNM005,K-NET,138.5176,36.5134,31,0.08285155223779,crustal_observed,Crustal observed,0.19077274911415276,-80.58543882016185,73.58948933795975,0.26305936133968066,31449,79843,138.5148213,36.51268023,-0.045753036,0.2410727399292906,-0.1452420263076923,3,8,3_8
1102131,GNM006,K-NET,138.7527,36.5105,81,-0.1982932077200555,crustal_observed,Crustal observed,-0.4565869841381716,-59.37161834718811,73.2688247379601,0.4187880868118914,40585,93342,138.7565976,36.50844376,0.083916205,-0.40628699332303375,-0.015572785307692322,3,8,3_8
1102141,GNM007,K-NET,139.0101,36.4619,56,0.1114938241144759,crustal_observed,Crustal observed,0.2567240173668923,-36.145597973973175,67.89492833796007,0.38034024620269974,50664,107336,139.0084738,36.45872661,0.21844331,0.30702400818203013,0.11895431969230769,4,8,4_8
1102151,GNM008,K-NET,139.1368,36.3479,70,0.0796807033773734,crustal_observed,Crustal observed,0.18347159979602032,-24.71305414613153,55.28949233796037,0.5009180072006879,55818,114324,139.1362413,36.35240716,0.269046749,0.23377159061115815,0.16955775869230766,4,7,4_7
1102161,GNM009,K-NET,139.3253,36.4105,114,0.0112758834533669,crustal_observed,Crustal observed,0.025963681150060848,-7.704099832412417,62.21142473795995,0.2737085492798723,63573,124830,139.3226055,36.40936313,0.330710726,0.07626367196519868,0.2312217356923077,5,8,5_8
1102171,GNM010,K-NET,139.5335,36.2343,97,0.0789320372842606,crustal_observed,Crustal observed,0.1817477324103887,11.082448115154243,42.72828593795979,0.35937705246369694,72040,136310,139.5315561,36.23146331,0.217506808,0.23204772322552653,0.11801781769230768,5,7,5_7
1102181,GNM011,K-NET,139.3607,36.2913,83,0.0269950650988707,crustal_observed,Crustal observed,0.06215843448106351,-4.509845282248972,49.03100393796003,0.13012826818233003,65036,126817,139.360816,36.29247303,0.402070836,0.11245842529620134,0.30258184569230767,5,7,5_7
1102201,GNM013,K-NET,139.0174,36.3181,59,0.1745891658153873,crustal_observed,Crustal observed,0.4020064106047765,-35.48689576447502,51.99438713796019,0.5245823601712736,51017,107820,139.02108,36.31442727,0.275583902,0.4523064014199143,0.17609491169230768,4,7,4_7
1102211,GNM014,K-NET,138.7179,36.35,40,0.1394723332073976,crustal_observed,Crustal observed,0.3211469153284522,-62.511732989722454,55.521697737960224,0.47900365607427575,38832,90825,138.7163747,36.3541493,0.042549567,0.37144690614359,-0.05693942330769231,3,7,3_7
1102221,GNM015,K-NET,138.7578,36.2286,41,-0.1886553286066562,crustal_observed,Crustal observed,-0.43439494736357975,-58.9114291323343,42.09801413796008,0.18948196758345445,40205,92811,138.7557077,36.2284542,-0.10952543,-0.38409495654844195,-0.2090144203076923,3,7,3_7
1102231,GNM016,K-NET,138.925,36.1164,88,-0.1785078499739808,crustal_observed,Crustal observed,-0.4110295143325058,-43.82444153947539,29.691611337959923,0.3784451543209324,46956,102298,138.9281612,36.11415075,-0.143541599,-0.360729523517368,-0.2430305893076923,4,7,4_7
1104571,IBR001,K-NET,140.3582,36.7763,132,0.0822851718755772,crustal_observed,Crustal observed,0.18946861013515698,85.4977511524164,102.65939393795996,0.511597651926728,106091,182870,140.3565628,36.78072965,0.075470974,0.2397686009502948,-0.02401801630769232,8,9,8_9
1104581,IBR002,K-NET,140.7073,36.7126,131,-0.0441951904012935,crustal_observed,Crustal observed,-0.10176318660005196,116.998154075064,95.61583013796027,0.30462849005314724,118079,202362,140.7071841,36.70984665,0.00462074,-0.05146319578491412,-0.09486825030769232,9,9,9_9
1104591,IBR003,K-NET,140.6453,36.5914,132,0.0221576796693454,crustal_observed,Crustal observed,0.05101994290197196,111.40369695330929,82.21426133796008,0.10058045397001845,116092,198849,140.6448982,36.59224847,0.001501279,0.10131993371710979,-0.09798771130769232,9,8,9_8
1104601,IBR004,K-NET,140.4094,36.5273,25,0.0917313064887746,crustal_observed,Crustal observed,0.2112191388819204,90.1176899368318,75.1264679379597,0.2834750757761965,108067,185842,140.4123856,36.52809778,-0.005620795,0.26151912969705826,-0.10510978530769231,8,8,8_8
1104602,IBR004,K-NET,140.4102,36.5516,109,0.0069409662600285,crustal_observed,Crustal observed,0.01598216544131626,90.18987648033811,77.81341613796012,0.43592891396495875,108070,185845,140.4121805,36.55519592,0.005431197,0.06628215625645409,-0.09405779330769232,8,8,8_8
1104611,IBR005,K-NET,140.2373,36.3851,154,0.1121207787993795,crustal_observed,Crustal observed,0.2581676338783341,74.58855976499629,59.40284513796021,0.3637363894136205,101150,175826,140.2347372,36.38256086,-0.165655847,0.3084676246934719,-0.26514483730769234,7,8,7_8
1104621,IBR006,K-NET,140.4528,36.369,116,0.0120477328678092,crustal_observed,Crustal observed,0.02774093010579187,94.03380992205854,57.62260373796004,0.4815838288735286,109353,187824,140.4493509,36.36567635,-0.053351891,0.07804092092092971,-0.1528408813076923,8,8,8_8
1104631,IBR007,K-NET,140.5954,36.3526,121,-0.110017585042801,crustal_observed,Crustal observed,-0.2533248512867583,106.9010613020933,55.809190137960336,0.5579902347520999,114311,195822,140.592409,36.34818324,-0.021530471,-0.20302486047162047,-0.12101946130769231,8,7,8_7
1104641,IBR008,K-NET,139.9826,36.3061,99,0.070531045467657,crustal_observed,Crustal observed,0.16240373388711227,51.606168976113615,50.66749913796014,0.3653513047265147,90867,161818,139.9854596,36.30843919,-0.007648229,0.2127037247022501,-0.10713721930769232,7,7,7_7
1104651,IBR009,K-NET,139.7037,36.185,104,0.3378068578602947,crustal_observed,Crustal observed,0.7778290352202731,26.440135246161248,37.27698773796032,0.40218075968794936,79046,145805,139.7017392,36.18826634,0.518515562,0.8281290260354109,0.4190265716923077,6,7,6_7
1104661,IBR010,K-NET,139.9652,36.1844,129,0.0774867271412723,crustal_observed,Crustal observed,0.17841978282039075,50.03611165484901,37.21064333795968,0.4637015962890854,90115,160804,139.9692664,36.18183589,0.286114249,0.2287197736355286,0.18662525869230767,7,7,7_7
1104671,IBR011,K-NET,140.0901,36.1256,113,0.1504964241604002,crustal_observed,Crustal observed,0.3465308228206465,61.30623575980077,30.70889213795991,0.5112720884769402,94906,167298,140.0857695,36.12858182,0.005803394,0.3968308136357843,-0.09368559630769231,7,7,7_7
1104681,IBR012,K-NET,140.2869,36.1901,111,0.1348439865137073,crustal_observed,Crustal observed,0.3104897532263526,79.06412546239902,37.84091513796018,0.44707065441488025,103264,178805,140.290078,36.19320188,-0.167177133,0.36078974404149045,-0.26666612330769235,8,7,8_7
1104682,IBR012,K-NET,140.2713,36.1954,21,0.0449923206457172,crustal_observed,Crustal observed,0.10359864681803667,77.65648786402174,38.42695733795999,0.26885433519427804,102558,177805,140.2722476,36.1930948,-0.183828806,0.15389863763317452,-0.2833177963076923,8,7,8_7
1104691,IBR013,K-NET,140.4892,36.1587,107,0.0719200801762178,crustal_observed,Crustal observed,0.1656021045006957,97.31829765160553,34.368891537960415,0.257418928200295,110608,189801,140.4864533,36.15807095,-0.03846192,0.21590209531583354,-0.1379509103076923,8,7,8_7
1104701,IBR014,K-NET,140.1948,36.0729,120,0.0027774627656145,crustal_observed,Crustal observed,0.006395344360449963,70.75364964121192,24.88164233795974,0.28717936431553864,99308,173292,140.1932151,36.07515223,-0.036675635,0.0566953351755878,-0.1361646253076923,7,7,7_7
1104711,IBR015,K-NET,139.9082,36.0698,63,0.2967877752879526,crustal_observed,Crustal observed,0.6833791071609063,44.89282043000952,24.538862937960147,0.342745226345232,87520,157292,139.9083771,36.07289632,0.220005498,0.7336790979760441,0.12051650769230768,6,6,6_6
1104721,IBR016,K-NET,140.0494,35.9114,100,0.0946104291822496,crustal_observed,Crustal observed,0.21784856387681678,57.63374535890629,7.023941337960112,0.3015026529696229,93406,165274,140.0527382,35.91151879,0.368968163,0.26814855469195464,0.2694791726923077,7,6,7_6
1104731,IBR017,K-NET,140.3196,35.9538,118,0.0736835948385397,crustal_observed,Crustal observed,0.16966274707343454,82.01475042822764,11.712278937960185,0.4837490981695911,104285,180278,140.3189297,35.94945944,0.162415695,0.21996273788857237,0.06292670469230768,8,6,8_6
1104741,IBR018,K-NET,140.6306,35.9766,93,0.1054634814694789,crustal_observed,Crustal observed,0.2428386402868759,110.07726921637695,14.233366137959809,0.15981426815772248,115446,197781,140.6298874,35.97792317,0.017099028,0.29313863110201377,-0.08238996230769231,9,6,9_6
1104751,IBR019,K-NET,140.6544,36.8808,69,-0.0272944575795166,crustal_observed,Crustal observed,-0.06284781114395327,112.22481888569733,114.21437693796014,0.17582514697131701,116410,199381,140.6525595,36.88132218,0.008905615,-0.012547820328815434,-0.09058337530769231,9,9,9_9
1105941,KNG001,K-NET,139.7061,35.5291,58,0.0010379339032254,crustal_observed,Crustal observed,0.002389931133079931,26.656694876680234,-35.24849886203997,0.22668714940688753,78604,145232,139.7036078,35.52884159,0.193479606,0.05268992194821777,0.09399061569230768,6,5,6_5
1105951,KNG002,K-NET,139.6334,35.4372,63,0.0064838268771189,crustal_observed,Crustal observed,0.014929563112808117,20.096742735527414,-45.41024946204025,0.10975723909130285,75642,141222,139.6344218,35.43773852,0.286018024,0.06522955392794595,0.18652903369230767,6,4,6_4
1105961,KNG003,K-NET,139.6582,35.2731,28,0.0361168049638703,crustal_observed,Crustal observed,0.08316201671638111,22.33452558422878,-63.555442862039996,0.39656169525283996,76362,142204,139.65478,35.27535239,0.43001021,0.13346200753151893,0.3305212196923077,6,4,6_4
1105971,KNG004,K-NET,139.6223,35.1442,45,-0.0674148469023128,crustal_observed,Crustal observed,-0.15522842152374128,19.09515444437484,-77.80843146204016,0.4787465601364192,74872,140190,139.6216728,35.14849929,0.423254989,-0.10492843070860344,0.3237659986923077,6,3,6_3
1105981,KNG005,K-NET,139.549,35.3194,65,0.0412977693528755,crustal_observed,Crustal observed,0.09509162808583749,12.481062395592916,-58.43586666203975,0.0699739628851276,71939,136209,139.5482361,35.31929105,0.322409305,0.14539161890097532,0.22292031469230766,5,4,5_4
1105982,KNG005,K-NET,139.5461,35.3191,28,0.095864078885442,crustal_observed,Crustal observed,0.22073519899522404,12.219386175380865,-58.469038862040065,0.19390130203206826,71939,136209,139.5482361,35.31929105,0.322409305,0.2710351898103619,0.22292031469230766,5,4,5_4
1105991,KNG006,K-NET,139.5391,35.4541,34,0.1033127603341034,crustal_observed,Crustal observed,0.23788642186137304,11.587753919698555,-43.54154886204029,0.20163701534246484,71585,135724,139.5369752,35.45466464,0.307680702,0.2881864126765109,0.20819171169230766,5,4,5_4
1106011,KNG008,K-NET,139.3262,35.5749,25,-0.2151639343746926,crustal_observed,Crustal observed,-0.49543326784111635,-7.622889970967474,-30.184209662039986,0.510960608055629,62743,123738,139.3224214,35.57834173,-0.030162532,-0.4451332770259785,-0.1296515223076923,5,5,5_5
1106021,KNG009,K-NET,139.3621,35.4425,41,-0.0972979941722835,crustal_observed,Crustal observed,-0.22403691095932154,-4.383518831113536,-44.82420726203965,0.1691731440179386,64204,125723,139.3605523,35.44336349,0.21148459,-0.1737369201441837,0.11199559969230768,5,4,5_4
1106031,KNG010,K-NET,139.3504,35.3355,41,0.1073973796255593,crustal_observed,Crustal observed,0.2472916053524353,-5.439247029895217,-56.65562526203958,0.3258547665769758,63823,125211,139.3539275,35.33486901,0.305424015,0.29759159616757314,0.20593502469230768,5,4,5_4
1106041,KNG011,K-NET,139.1554,35.6151,30,-0.0666991514716011,crustal_observed,Crustal observed,-0.1535804718938606,-23.034717009606148,-25.739134862040135,0.3796841452952173,55736,114242,139.1535767,35.61200535,0.109532709,-0.10328048107872276,0.01004371869230769,4,5,4_5
1106051,KNG012,K-NET,139.2044,35.3793,39,-0.1117596534316656,crustal_observed,Crustal observed,-0.2573361119899341,-18.613291219832526,-51.812484062039864,0.19827122180636736,57555,116716,139.2030466,35.37788739,0.076886017,-0.20703612117479628,-0.022602973307692314,4,4,4_4
1106061,KNG013,K-NET,139.1521,35.2642,36,0.2530730221251243,crustal_observed,Crustal observed,0.5827221681842635,-23.33248650157008,-64.53955146203967,0.5021390055524945,55328,113703,139.1527944,35.25969429,0.079603053,0.6330221589994013,-0.019885937307692322,4,4,4_4
1106071,KNG014,K-NET,139.0828,35.3609,21,-0.110024582506274,crustal_observed,Crustal observed,-0.25334096354184,-29.58564583282035,-53.84704566203984,0.415291657561416,52387,109714,139.0799869,35.35792745,0.026623497,-0.20304097272670216,-0.07286549330769232,4,4,4_4
1107301,NGN001,K-NET,138.3657,36.8513,55,-0.2258144441443497,crustal_observed,Crustal observed,-0.5199569728695163,-94.29185876845673,110.95244393796028,0.3365378969854129,26663,72381,138.3690115,36.85270023,0.184322043,-0.46965698205437845,0.08483305269230768,2,9,2_9
1107311,NGN002,K-NET,138.2069,36.8068,57,-0.0661905641864102,crustal_observed,Crustal observed,-0.1524094063924937,-108.6208876544979,106.03190093796036,0.37176410330050796,21107,63376,138.2089834,36.80389941,0.218589317,-0.10210941557735587,0.11910032669230769,2,9,2_9
1107321,NGN003,K-NET,138.4137,36.74,59,-0.474608011188532,crustal_observed,Crustal observed,-1.0928253315782652,-89.96066615806669,98.64555773796029,0.5492273422130237,28238,74868,138.4178674,36.73637973,0.297251435,-1.0425253407631274,0.1977624446923077,2,9,2_9
1107331,NGN004,K-NET,138.1941,36.6475,48,-0.0515252488157739,crustal_observed,Crustal observed,-0.1186412698360101,-109.77587235060174,88.41746273796015,0.3665545421081599,20489,62359,138.1966176,36.65010163,-0.049081694,-0.06834127902087227,-0.14857068430769232,2,9,2_9
1107341,NGN005,K-NET,137.863,36.6987,44,-0.2903489302970347,crustal_observed,Crustal observed,-0.6685531186687194,-139.65207804435306,94.07885153796032,0.30390478545958893,10027,43865,137.8630581,36.69595198,-0.015663884,-0.6182531278535816,-0.11515287430769232,1,9,1_9
1107351,NGN006,K-NET,137.8514,36.5084,46,-0.0981550910652981,crustal_observed,Crustal observed,-0.22601044948842847,-140.69878292519613,73.03661933796026,0.2888576867370162,9490,42844,137.8528487,36.50607046,-0.050011469,-0.17571045867329063,-0.14950045930769232,1,8,1_8
1107361,NGN007,K-NET,138.1188,36.5344,53,-0.3098242375061497,crustal_observed,Crustal observed,-0.713396670729907,-116.57043075815078,75.91154333795984,0.41267991749862765,17812,57846,138.1203678,36.53089398,-0.254125191,-0.6630966799147692,-0.3536141813076923,1,8,1_8
1107371,NGN008,K-NET,138.2491,36.4022,43,0.0749491000078987,crustal_observed,Crustal observed,0.17257668041150748,-104.81304748452936,61.29366053796012,0.42366310888953546,21969,64831,138.2503684,36.39851097,-0.110043804,0.2228766712266453,-0.2095327943076923,2,8,2_8
1107381,NGN009,K-NET,137.8718,36.3371,40,0.0930267369559599,crustal_observed,Crustal observed,0.21420197776467156,-138.85802606578085,54.09529313796001,0.3698155636722567,9728,43325,137.8686818,36.33492956,-0.042044976,0.2645019685798094,-0.14153396630769233,1,7,1_7
1107391,NGN010,K-NET,138.4349,36.3282,43,0.2254148060570189,crustal_observed,Crustal observed,0.5190367721670357,-88.04772275514507,53.11118453796034,0.39611617391636184,28193,74823,138.431341,36.33029723,0.53036202,0.5693367629821735,0.4308730296923077,2,7,2_7
1107401,NGN011,K-NET,138.2584,36.2718,33,-0.0585843226626991,crustal_observed,Crustal observed,-0.1348953880462842,-103.97387891626667,46.87481093795994,0.3269579675038293,21955,64817,138.2548078,36.27218768,0.019880885,-0.08459539723114637,-0.07960810530769231,2,7,2_7
1107411,NGN012,K-NET,137.9796,36.2571,51,0.0629516961092551,crustal_observed,Crustal observed,0.14495163703986208,-129.13088932828043,45.2493731379602,0.09490884502780764,12930,49316,137.978848,36.25649988,-0.04571348,0.19525162785499992,-0.14520247030769232,1,7,1_7
1107421,NGN013,K-NET,137.785,36.1827,38,-0.1452704847681974,crustal_observed,Crustal observed,-0.33449765267926995,-146.69026603623692,37.02266753795973,0.39049142756435395,7211,38308,137.7857941,36.17922847,-0.01347164,-0.2841976618641321,-0.11296063030769232,0,7,0_7
1107432,NGN014,K-NET,138.4839,36.0956,58,-0.2223023056290217,crustal_observed,Crustal observed,-0.5118699750795918,-83.62629696537147,27.391672137959784,0.11678630804669572,29775,77297,138.4834844,36.09660025,-0.085503166,-0.46156998426445395,-0.18499215630769233,2,7,2_7
1107441,NGN015,K-NET,138.1114,36.0451,68,0.2690806924202583,crustal_observed,Crustal observed,0.6195811911794027,-117.23815628558496,21.807685137959833,0.2266352713014509,16885,56292,138.1115644,36.04305477,0.017973548,0.6698811819945405,-0.08151544230769231,1,6,1_6
1107452,NGN016,K-NET,138.2229,35.9133,31,0.0817370658213329,crustal_observed,Crustal observed,0.18820654930527428,-107.17715678436616,7.234031937960015,0.33974238033570275,20407,62277,138.2229715,35.91022802,0.033781605,0.2385065401204121,-0.06570738530769232,2,6,2_6
1107461,NGN017,K-NET,137.8259,35.9749,40,-0.1247213935559752,crustal_observed,Crustal observed,-0.28718162157943217,-142.99972899946778,14.045390337959855,0.42225917078417036,8169,40285,137.8297423,35.97272011,-0.013380679,-0.23688163076429433,-0.11286966930769232,1,6,1_6
1107471,NGN018,K-NET,137.5298,35.8129,48,-0.0982350114053132,crustal_observed,Crustal observed,-0.22619447287197425,-169.7177734148101,-3.8675976620400383,0.4282025139184018,438,22768,137.5258096,35.81080409,-0.006863573,-0.17589448205683642,-0.10635256330769231,0,6,0_6
1107481,NGN019,K-NET,137.708,35.8561,44,-0.0885110103481617,crustal_observed,Crustal observed,-0.20380413299351885,-153.63822084873723,0.9091991379598282,0.4878469941978422,4835,33272,137.7103317,35.85211945,-0.012514251,-0.15350414217838101,-0.11200324130769232,0,6,0_6
1107491,NGN020,K-NET,137.9548,35.8278,28,-0.1093980541586442,crustal_observed,Crustal observed,-0.2518983287082494,-131.3686721769818,-2.220045062039557,0.5412329415225802,11517,46769,137.9507042,35.83137594,-0.053185258,-0.20159833789311157,-0.15267424830769233,1,6,1_6
1107501,NGN021,K-NET,137.9336,35.7293,24,-0.0705506920109524,crustal_observed,Crustal observed,-0.16244897172483314,-133.28161557990342,-13.111584062039707,0.39084327661525015,10971,45758,137.936792,35.73168933,-0.069658579,-0.1121489809096953,-0.1691475693076923,1,5,1_5
1107511,NGN022,K-NET,137.6126,35.6053,36,-0.0976529947056264,crustal_observed,Crustal observed,-0.22485432989540183,-162.24646616188826,-26.822760062039965,0.15985648191061622,2211,27245,137.6143169,35.60565645,-0.009253597,-0.174554339080264,-0.10874258730769232,0,5,0_5
1107521,NGN023,K-NET,138.0338,35.5775,37,-0.0980844365029188,crustal_observed,Crustal observed,-0.22584776134634188,-124.24025100571438,-29.89671726203987,0.4199004912492403,13692,50741,138.030999,35.58053251,-0.093373844,-0.17554777053120404,-0.1928628343076923,1,5,1_5
1107531,NGN024,K-NET,137.8382,35.5232,50,-0.0210079653020284,crustal_observed,Crustal observed,-0.04837262773858675,-141.88986089305442,-35.900885462039625,0.19924178713024987,7871,39735,137.8387674,35.52145862,-0.025031572,0.0019273630765510863,-0.12452056230769232,1,5,1_5
1107541,NGN025,K-NET,137.8567,35.2807,29,-0.0775566489805592,crustal_observed,Crustal observed,-0.17858078380520748,-140.22054707446765,-62.715080462039595,0.2876520654830496,8092,40208,137.8570717,35.2781163,-0.005967819,-0.12828079299006964,-0.10545680930769231,1,4,1_4
1107951,NIG018,K-NET,138.5583,37.3727,59,0.2280577676523165,crustal_observed,Crustal observed,0.5251224161377237,-76.91294841926737,168.60572753796026,0.15642417429156757,34191,83938,138.5591642,37.37147366,0.001885981,0.5754224069528615,-0.09760300930769232,3,11,3_11
1107961,NIG019,K-NET,138.7898,37.3057,35,0.2422952602231379,crustal_observed,Crustal observed,0.5579054542929106,-56.02396739207339,161.19726953796024,0.30501293974005206,42783,96430,138.7874396,37.30372545,0.00277445,0.6082054451080484,-0.09671454030769232,3,11,3_11
1107962,NIG019,K-NET,138.8121,37.3043,38,0.1100265348000774,crustal_observed,Crustal observed,0.25334545886444887,-54.011767491832195,161.0424659379598,0.2217045867446042,43848,97930,138.8145555,37.30422952,0.002982451,0.30364544967958673,-0.09650653930769232,3,11,3_11
1107971,NIG020,K-NET,138.9621,37.2348,55,0.0301327864607971,crustal_observed,Crustal observed,0.06938330491500422,-40.476790584363236,153.35757293796004,0.08985431892821404,49644,105922,138.9611341,37.23460236,0.006953505,0.11968329573014205,-0.09253548530769232,4,11,4_11
1107981,NIG021,K-NET,138.7468,37.1281,51,-0.0750542910977088,crustal_observed,Crustal observed,-0.17281889184682,-59.90399410554826,141.55932713796045,0.3676245745425104,41004,93911,138.747355,37.1313937,0.005591548,-0.12251890103168217,-0.09389744230769231,3,10,3_10
1107991,NIG022,K-NET,138.8461,37.0366,75,-0.1642082192788411,crustal_observed,Crustal observed,-0.378103397858557,-50.943839392804186,131.44180613796007,0.4151940691649832,44891,99400,138.8493628,37.03395238,0.02268375,-0.32780340704341915,-0.07680524030769231,3,10,3_10
1108001,NIG023,K-NET,138.6546,37.0134,60,-0.1622917127767213,crustal_observed,Crustal observed,-0.3736904785561498,-68.22349324467396,128.87648933795975,0.2893742491246292,37189,88398,138.6517863,37.01214433,-0.003272399,-0.323390487741012,-0.10276138930769231,3,10,3_10
1108011,NIG024,K-NET,138.4442,37.1274,61,0.3354722728686662,crustal_observed,Crustal observed,0.7724534546202217,-87.2085541868824,141.48192533796023,0.39390202971030003,29566,76911,138.4407972,37.12516853,0.009733356,0.8227534454353596,-0.08975563430769232,2,10,2_10
1108021,NIG025,K-NET,138.2234,37.161,68,0.2509542875344628,crustal_observed,Crustal observed,0.5778436014997955,-107.13204019467568,145.1972117379602,0.49005350069202724,22054,64916,138.2228132,37.16540596,0.013810104,0.6281435923149333,-0.08567888630769231,2,10,2_10
1108031,NIG026,K-NET,138.2506,37.0224,50,0.1894406802933462,crustal_observed,Crustal observed,0.4362032864501099,-104.67769771545532,129.8716553379598,0.4122111551695537,22953,66400,138.2550838,37.02168635,0.049978579,0.4865032772652478,-0.04951041130769231,2,10,2_10
1108041,NIG027,K-NET,137.8613,37.0235,57,0.0789058628089614,crustal_observed,Crustal observed,0.18168746345374784,-139.80547444930434,129.9932867379599,0.3704517219985078,10323,44401,137.8587449,37.02087765,0.010080603,0.23198745426888567,-0.08940838730769232,1,10,1_10
1108851,SIT001,K-NET,139.1938,36.2431,75,0.0765233724806912,crustal_observed,Crustal observed,0.17620157673967035,-19.569762921292043,43.701337137959875,0.238052154460192,58020,117312,139.1923206,36.24488253,0.418444859,0.2265015675548082,0.3189558686923077,4,7,4_7
1108861,SIT002,K-NET,139.3888,36.1478,80,0.1263570954539613,crustal_observed,Crustal observed,0.290947964386317,-1.9742929415836759,33.163634937959685,0.169427496146573,66127,128301,139.3905499,36.14835555,0.847998978,0.3412479552014548,0.7485099876923077,5,7,5_7
1108871,SIT003,K-NET,139.6969,36.0721,115,0.1726789888210618,crustal_observed,Crustal observed,0.3976080655326624,25.826549626356154,24.793183137959947,0.2425227912516354,78664,145292,139.6947719,36.07076032,0.546180602,0.4479080563478003,0.44669161169230764,6,6,6_6
1108881,SIT004,K-NET,139.1044,36.1178,116,-0.1703358505969776,crustal_observed,Crustal observed,-0.3922127903870615,-27.63660915814431,29.846414937960347,0.1796988169466496,54316,112298,139.1061964,36.11709849,0.013712295,-0.34191279957192366,-0.08577669530769232,4,7,4_7
1108891,SIT005,K-NET,139.2626,36.0563,59,-0.09919306645864,crustal_observed,Crustal observed,-0.22840047615603215,-13.361720179734826,23.04611393796009,0.3304211131718475,60582,120791,139.2589407,36.05618832,0.500721266,-0.17810048534089432,0.4012322756923077,5,6,5_6
1108901,SIT006,K-NET,139.0713,35.9959,89,0.0211722289841657,crustal_observed,Crustal observed,0.048750858844396415,-30.623327395724807,16.36744433795994,0.4090067060133823,52827,110285,139.0734514,35.99915575,0.217521102,0.09905084965953426,0.11803211169230768,4,6,4_6
1108911,SIT007,K-NET,139.3933,36.0542,79,-0.0995535258240307,crustal_observed,Crustal observed,-0.22923046451741086,-1.5682436343589663,22.813908537960238,0.43382819065803746,66117,128291,139.3923912,36.05805269,0.95523278,-0.17893047370227302,0.8557437896923077,5,6,5_6
1108921,SIT008,K-NET,139.7526,35.9745,52,0.1617017112665061,crustal_observed,Crustal observed,0.3723319498738843,30.852537717996253,14.001160737959957,0.3796907705431882,80867,148281,139.7497417,35.97197997,0.77062824,0.4226319406890221,0.6711392496923076,6,6,6_6
1108922,SIT008,K-NET,139.7456,35.9829,26,0.0944248801217456,crustal_observed,Crustal observed,0.21742132137608122,30.220905462313944,14.92998233796015,0.4169114110677693,80868,148282,139.7495993,35.98101187,0.771349297,0.2677213121912191,0.6718603066923077,6,6,6_6
1108931,SIT009,K-NET,139.4837,35.9032,20,0.1214246350056392,crustal_observed,Crustal observed,0.2795905544862278,6.588835781874292,6.1172345379598685,0.28050588963697703,69790,133274,139.4843042,35.90568844,0.440906717,0.32989054530136563,0.3414177266923077,5,6,5_6
1108932,SIT009,K-NET,139.4826,35.9033,48,0.0642800548718577,crustal_observed,Crustal observed,0.14801029612477884,6.489579284552127,6.128291937960236,0.3056065169119612,69790,133274,139.4843042,35.90568844,0.440906717,0.19831028693991667,0.3414177266923077,5,6,5_6
1108941,SIT010,K-NET,139.6478,35.9071,112,0.0179574438130387,crustal_observed,Crustal observed,0.041348542432181064,21.396100518643923,6.548473137960042,0.3331422724489115,76432,142274,139.6441592,35.90760009,0.692256749,0.09164853324731889,0.5927677586923077,6,6,6_6
1108951,SIT011,K-NET,139.7214,35.8098,70,0.0664420008764479,crustal_observed,Crustal observed,0.15298836076680628,28.037262521241686,-4.210377062039632,0.3936679044770255,79742,146763,139.7256835,35.80912435,0.734004214,0.2032883515819441,0.6345152236923077,6,6,6_6
1108961,SIT012,K-NET,139.3216,35.8403,40,-0.233511586132433,crustal_observed,Crustal observed,-0.5376802972699354,-8.037962596130797,-0.8378700620400285,0.3786436312900837,63141,124267,139.3257958,35.84035176,0.062278985,-0.4873803064547976,-0.03721000530769231,5,6,5_6
1108971,SIT013,K-NET,139.4659,35.7966,38,0.0837618068674815,crustal_observed,Crustal observed,0.1928686878553092,4.982685188855241,-5.669953862040159,0.2521768313860378,69040,132262,139.4686292,35.79709095,0.240176637,0.24316867867044703,0.14068764669230768,5,6,5_6
1108981,SIT014,K-NET,138.801,35.9954,75,-0.2683667362538422,crustal_observed,Crustal observed,-0.6179372463535618,-55.01335578298477,16.31215733795968,0.2981463740704143,41579,94785,138.7979254,35.99441248,-0.683970451,-0.567637255538424,-0.7834594413076923,3,6,3_6
1109191,SZO001,K-NET,139.0798,35.1425,26,-0.1809217560820371,crustal_observed,Crustal observed,-0.41658773855280345,-29.85634537096845,-77.99640726204012,0.3536103322632171,51994,109190,139.0762969,35.14106653,0.042878474,-0.3662877477376656,-0.056610516307692316,4,3,4_3
1109201,SZO002,K-NET,139.103,34.9653,20,0.2615541999166921,crustal_observed,Crustal observed,0.6022508017381597,-27.762935609279747,-97.59012006204003,0.6005101157223564,53081,110670,139.106855,34.96087307,0.052769853,0.6525507925532975,-0.04671913730769232,4,3,4_3
1109211,SZO003,K-NET,139.0544,34.8158,90,-0.0213604619476494,crustal_observed,Crustal observed,-0.04918428126012407,-32.148268127301485,-114.12093306203961,0.2906791765543942,50851,107654,139.0576072,34.81555325,0.048855154,0.0011157095550137636,-0.05063383630769232,4,2,4_2
1109221,SZO004,K-NET,138.8193,34.6471,30,-0.0108571036462452,crustal_observed,Crustal observed,-0.024999405008935497,-53.36208860027266,-132.77476686203974,0.3094003874367945,40729,93636,138.816636,34.64886168,0.008396231,0.025300585806202338,-0.09109275930769231,3,2,3_2
1109231,SZO005,K-NET,138.7841,34.755,32,-0.0105041832119234,crustal_observed,Crustal observed,-0.024186775677853135,-56.53829651455889,-120.84383226203965,0.36437467694555253,39694,92148,138.7875296,34.75673962,0.00785726,0.0261132151372847,-0.09163173030769231,3,2,3_2
1109241,SZO006,K-NET,138.7948,34.9111,20,-0.0629556718102535,crustal_observed,Crustal observed,-0.14496079142971519,-55.57280149515819,-103.5832308620402,0.24849932003540473,40059,92665,138.7921862,34.91039216,0.007636884,-0.09466080061457735,-0.09185210630769232,3,2,3_2
1109261,SZO008,K-NET,138.8657,35.096,26,0.0058269572361188,crustal_observed,Crustal observed,0.013417064869400934,-49.175269076895255,-83.13809826204032,0.4048963987344443,43247,97185,138.8664201,35.09238569,0.008799732,0.06371705568453877,-0.09068925830769231,4,3,4_3
1109271,SZO009,K-NET,138.9129,35.1972,23,0.1966578016495458,crustal_observed,Crustal observed,0.452821322499224,-44.91626301001152,-71.94800946203968,0.5845929218340435,45407,100197,138.9163901,35.20165418,0.008414886,0.5031213133143618,-0.09107410430769232,4,3,4_3
1109281,SZO010,K-NET,138.9349,35.3091,33,0.2688220580523819,crustal_observed,Crustal observed,0.6189856635393945,-42.931133063583594,-59.57477886203984,0.3563219018884549,46142,101209,138.9312384,35.31030667,-0.002520075,0.6692856543545324,-0.10200906530769231,4,4,4_4
1109292,SZO011,K-NET,138.6015,35.2129,34,0.0737315438888257,crustal_observed,Crustal observed,0.1697731538418463,-73.01487506991785,-70.21199766204019,0.24103123238527221,32953,82199,138.5990905,35.21384098,-0.003343688,0.22007314465698413,-0.10283267830769231,3,4,3_4
1109301,SZO012,K-NET,138.6222,35.1257,28,0.1291905097963597,crustal_observed,Crustal observed,0.2974721420133991,-71.14704825668674,-79.85405046203972,0.32605237524657155,33608,83189,138.6193242,35.12391461,-0.000570313,0.3477721328285369,-0.10005930330769232,3,3,3_3
1109311,SZO013,K-NET,138.4765,35.0409,25,-0.1894573902155509,crustal_observed,Crustal observed,-0.43624176246788354,-84.29402249280822,-89.23072566203987,0.39417880653976856,28050,74680,138.4724104,35.03964677,0.000313666,-0.3859417716527457,-0.09917532430769231,2,3,2_3
1109321,SZO014,K-NET,138.3741,34.9649,20,-0.0413347075545923,crustal_observed,Crustal observed,-0.0951766814384726,-93.53390006163899,-97.63434966203992,0.3684089220537649,24575,69172,138.378139,34.96538702,0.000211765,-0.04487669062333477,-0.09927722530769231,2,3,2_3
1109331,SZO015,K-NET,138.341,35.2433,34,-0.1381521754210353,crustal_observed,Crustal observed,-0.3181071396891743,-96.52061829921949,-66.85054806204018,0.21453296788979262,23677,67703,138.342753,35.24461068,0.000126105,-0.26780714887403645,-0.09936288530769231,2,4,2_4
1109341,SZO016,K-NET,138.312,34.8564,40,-0.2099467802668496,crustal_observed,Crustal observed,-0.4834203265645444,-99.13738050132973,-109.63162866203986,0.10479672597885088,22102,65160,138.3115043,34.85554291,0.000179627,-0.43312033574940656,-0.09930936330769231,2,2,2_2
1109361,SZO018,K-NET,138.2247,34.7389,45,-0.0692507656304504,crustal_observed,Crustal observed,-0.1594557806190995,-107.01473706147628,-122.62407366203982,0.4083264924321715,19085,60147,138.2278466,34.73624608,0.000171885,-0.10915578980396168,-0.09931710530769232,2,2,2_2
1109391,SZO021,K-NET,138.1332,35.0978,21,0.0573982048773966,crustal_observed,Crustal observed,0.13216425091531156,-115.27107297503427,-82.93906506204,0.4065196454261481,16490,55687,138.1366157,35.09540273,-0.001253319,0.1824642417304494,-0.10074230930769232,1,3,1_3
1109401,SZO022,K-NET,137.8127,35.0918,50,-0.1611143266587916,crustal_observed,Crustal observed,-0.37097944683230677,-144.19080696732348,-83.60250906204003,0.5074484432536353,6609,37187,137.8116811,35.08728673,-0.001664333,-0.32067945601716896,-0.10115332330769232,1,3,1_3
1109441,SZO026,K-NET,137.8964,34.9812,28,-0.0913795833368024,crustal_observed,Crustal observed,-0.21040926639532834,-136.63828985295672,-95.8319934620398,0.14419533149536062,8811,41675,137.8948093,34.98107524,-0.000878664,-0.1601092755801905,-0.10036765430769232,1,3,1_3
1109451,SZO027,K-NET,138.7934,34.7809,23,-0.1093489811965813,crustal_observed,Crustal observed,-0.25178533403733433,-55.69912794629619,-117.97996566203965,0.39301392983348077,40045,92651,138.7955613,34.78398584,0.008410926,-0.2014853432221965,-0.09107806430769232,3,2,3_2
1109471,TCG001,K-NET,140.0825,36.9432,114,-0.0803938177690839,crustal_observed,Crustal observed,-0.18511360636397242,60.62046359648935,121.11419453795978,0.3018603805646194,95365,167888,140.0851509,36.94153479,0.153428943,-0.1348136155488346,0.0539399526923077,7,10,7_10
1109481,TCG002,K-NET,139.8029,36.9903,111,-0.1063427188399573,crustal_observed,Crustal observed,-0.24486315914934276,35.3912666409667,126.32222993795982,0.38994616676565963,83932,152394,139.8052847,36.99324103,0.047496271,-0.19456316833420492,-0.051992719307692316,6,10,6_10
1109491,TCG003,K-NET,139.7184,36.8153,132,-0.0776187369264811,crustal_observed,Crustal observed,-0.17872374658394186,27.766562983093586,106.97177993796012,0.3990952373249104,80222,147374,139.7182472,36.81169285,-0.055027253,-0.12842375576880402,-0.1545162433076923,6,9,6_9
1109501,TCG004,K-NET,139.4221,36.8065,93,-0.0761399456586356,crustal_observed,Crustal observed,-0.17531870385495107,1.0304719318740483,105.99872873796004,0.1823329844858035,68045,130874,139.4217729,36.80812722,0.2326525,-0.12501871303981324,0.1331635096923077,5,9,5_9
1109511,TCG005,K-NET,139.9264,36.8061,127,0.0418867818574939,crustal_observed,Crustal observed,0.0964478794985589,46.53506429478303,105.95449913796014,0.19696088619909585,88708,158873,139.9250353,36.8047098,0.407958716,0.14674787031369674,0.3084697256923077,7,9,7_9
1109521,TCG006,K-NET,140.1295,36.7638,132,0.0569561584394706,crustal_observed,Crustal observed,0.131146401376932,64.86142302749586,101.27721893796044,0.37360951373646617,97188,170368,140.1322014,36.76123938,0.324646872,0.18144639219206984,0.22515788169230766,7,9,7_9
1109531,TCG007,K-NET,139.8873,36.5677,102,-0.0550951538009974,crustal_observed,Crustal observed,-0.12686127983839085,43.00694698090376,79.5936575379603,0.3945615037135086,86837,156347,139.8835122,36.56948282,0.097525723,-0.07656128902325302,-0.0019632673076923207,6,8,6_8
1109541,TCG008,K-NET,139.7676,36.56,101,0.0015038285700348,crustal_observed,Crustal observed,0.003462693247780683,32.20603540874187,78.74223773796031,0.08441255647442482,82039,149846,139.7672149,36.55930428,0.257169712,0.053762684062918516,0.15768072169230768,6,8,6_8
1109551,TCG009,K-NET,139.7159,36.7261,128,0.2068047048598228,crustal_observed,Crustal observed,0.4761854305712613,27.540980034635982,97.10857913796033,0.5825528554769667,80213,147365,139.7195996,36.73041763,-0.00336279,0.5264854213863991,-0.10285178030769232,6,9,6_9
1109561,TCG010,K-NET,139.4379,36.6348,103,-0.1890477609896471,crustal_observed,Crustal observed,-0.4352985563186627,2.4561561661285567,87.0131729379599,0.3902803931316035,68395,131355,139.4342433,36.63668509,0.208482466,-0.38499856550352485,0.10899347569230769,5,8,5_8
1109571,TCG011,K-NET,139.6144,36.3869,88,-0.0849515589674328,crustal_observed,Crustal observed,-0.19560819330501542,18.382312327247586,59.60187833795975,0.3402531627791702,75747,141327,139.6180242,36.38605027,0.137577727,-0.14530820248987758,0.038088736692307695,6,8,6_8
1109581,TCG012,K-NET,139.8048,36.2863,106,0.2904586999047862,crustal_observed,Crustal observed,0.6688058725311917,35.56270968179519,48.47813393795975,0.3443048292742734,83485,151816,139.80719,36.28872732,0.469435336,0.7191058633463295,0.36994634569230767,6,7,6_7
1109591,TCG013,K-NET,140.0227,36.4368,125,-0.1005564285789797,crustal_observed,Crustal observed,-0.2315397334506791,55.22451946937643,65.11952093795985,0.33293671381867135,92357,163832,140.0195846,36.4351867,-0.054401081,-0.18123974263554127,-0.1538900713076923,7,8,7_8
1109601,TCG014,K-NET,140.1804,36.5428,157,0.1727872620302742,crustal_observed,Crustal observed,0.3978573738101655,69.45429185809542,76.84036493796003,0.23743423012209328,98996,172844,140.1794061,36.54478822,0.055795565,0.4481573646253033,-0.04369342530769232,7,8,7_8
1109611,TCG015,K-NET,139.7144,36.7488,98,0.0184739298092811,crustal_observed,Crustal observed,0.042537795387869,27.405630265561935,99.61860893796037,0.37085448179147185,79846,146867,139.7103221,36.74838192,-0.047090391,0.09283778620300684,-0.14657938130769232,6,9,6_9
1109621,TCG016,K-NET,140.1558,36.5288,80,-0.0461580881341731,crustal_observed,Crustal observed,-0.10628292565885235,67.23455564527127,75.29232893795971,0.37285964888202433,97897,171342,140.1527378,36.52653589,0.040851495,-0.05598293484371451,-0.058637495307692314,7,8,7_8
1109751,TKY001,K-NET,139.0953,35.8031,39,-0.1605444772612474,crustal_observed,Crustal observed,-0.36966732010426984,-28.457731090529776,-4.95122286203987,0.2620593675132442,53543,111263,139.0959946,35.80079879,-0.139195612,-0.31936732928913203,-0.2386846023076923,4,6,4_6
1109761,TKY002,K-NET,139.1454,35.7306,38,-0.2030063289908742,crustal_observed,Crustal observed,-0.46743934691783195,-23.937048803436557,-12.96783786203965,0.3399814585190773,55380,113755,139.1420111,35.72925619,-0.0781278,-0.41713935610269415,-0.1776167903076923,4,5,4_5
1109771,TKY003,K-NET,139.2916,35.7968,76,-0.0722865432410425,crustal_observed,Crustal observed,-0.16644591689089397,-10.744957977624589,-5.647839062040211,0.23397871845872176,61660,122262,139.2912746,35.79470069,-0.005331332,-0.11614592607575613,-0.10482032230769231,5,6,5_6
1109781,TKY004,K-NET,139.4034,35.6301,49,0.0674792788010818,crustal_observed,Crustal observed,0.1553767814533601,-0.6568885225899452,-24.080524862040072,0.4472604748626769,66070,128244,139.4009364,35.63360991,0.140711423,0.20567677226849793,0.04122243269230769,5,5,5_5
1109791,TKY005,K-NET,139.4156,35.5782,64,0.0280921021431019,crustal_observed,Crustal observed,0.06468445562557253,0.44395626588479514,-29.81931546203966,0.4036895737623311,66802,129238,139.4197023,35.57965669,0.255081292,0.11498444644071036,0.1555923016923077,5,5,5_5
1109801,TKY006,K-NET,139.5028,35.6989,31,0.0438387575826705,crustal_observed,Crustal observed,0.10094246970523679,8.312289508092732,-16.47303366203973,0.2957048896401,70505,134251,139.5059606,35.69819323,0.068245361,0.15124246052037463,-0.03124362930769231,5,5,5_5
1109811,TKY007,K-NET,139.6864,35.7111,57,0.1104422805137326,crustal_observed,Crustal observed,0.2543027487471875,24.87910124283269,-15.124030862039731,0.36832875827374806,77886,144252,139.6829699,35.70929419,0.510371494,0.3046027395623253,0.4108825036923077,6,5,6_5
1109821,TKY008,K-NET,139.3909,34.7851,86,-0.0357017408676003,crustal_observed,Crustal observed,-0.08220629631567276,-1.7848032648805212,-117.51555486203995,0.09478609656250157,64869,126650,139.3912253,34.78428492,0.201471741,-0.03190630550053493,0.1019827506923077,5,2,5_2
1109831,TKY009,K-NET,139.441,34.6867,70,0.0926009904373669,crustal_observed,Crustal observed,0.21322166017756522,2.7358790222152654,-128.39603646203972,0.39403677403750575,66703,129139,139.436889,34.6854981,0.209765588,0.2635216509927031,0.11027659769230769,5,2,5_2
1109841,TKY010,K-NET,139.2557,34.3775,76,0.3863017479684446,crustal_observed,Crustal observed,0.8894926462696834,-13.984329117478525,-162.58551726204018,0.3928670354861291,58920,118605,139.2595965,34.37591473,0.019744491,0.9397926370848212,-0.07974449930769231,5,1,5_1
1109851,TKY011,K-NET,139.5315,34.1228,61,0.2377398005217335,crustal_observed,Crustal observed,0.5474161206927216,10.901981756387135,-190.74871506204016,0.4766517813404745,70331,134077,139.5341741,34.12651756,0.004072737,0.5977161115078594,-0.09541625330769232,5,0,5_0
1109871,TKY013,K-NET,139.8341,35.6627,74,0.0065970362352963,crustal_observed,Crustal observed,0.015190237293334822,38.20654183772127,-20.47581246203983,0.33034334268992155,84154,152747,139.8342418,35.66568529,0.050836458,0.06549022810847266,-0.048652532307692314,6,5,6_5
1109881,TKY014,K-NET,139.8351,35.7002,71,0.0105522441009011,crustal_observed,Crustal observed,0.024297439964369234,38.29677501710482,-16.329287462039673,0.2179734374354885,84158,152751,139.8337161,35.70181574,0.180032549,0.07459743077950706,0.08054355869230767,6,5,6_5
1109891,TKY015,K-NET,139.8119,35.7313,69,0.0121509211360099,crustal_observed,Crustal observed,0.027978529873922672,36.20336525541612,-12.890436062040223,0.4375017013270668,83423,151754,139.8155972,35.72874026,0.242058003,0.07827852068906051,0.14256901269230768,6,5,6_5
1109901,TKY016,K-NET,139.799,35.6486,66,0.0427528767116458,crustal_observed,Crustal observed,0.09844213659884793,35.03935724137366,-22.034905862039732,0.14707207640945455,82676,150745,139.7990926,35.64727207,0.070037435,0.14874212741398576,-0.02945155530769232,6,5,6_5
1109911,TKY017,K-NET,139.8092,35.6473,78,0.0561815321250119,crustal_observed,Crustal observed,0.1293627583726185,35.9597356710813,-22.178652062039788,0.11339190658024761,83045,151245,139.8079455,35.64736002,0.075326912,0.17966274918775635,-0.02416207830769232,6,5,6_5
1109921,TKY018,K-NET,139.8114,35.6553,37,0.0669835833786387,crustal_observed,Crustal observed,0.15423540056297722,36.15824866572306,-21.29406006204028,0.3456312075495372,83046,151246,139.8078112,35.6563926,0.067478149,0.20453539137811505,-0.032010841307692314,6,5,6_5
1109941,TKY020,K-NET,139.8086,35.6646,68,0.0140935192508983,crustal_observed,Crustal observed,0.03245152733494304,35.90559576345218,-20.265721862039925,0.12354309346995514,83047,151247,139.8076769,35.66542516,0.059629387,0.08275151815008087,-0.039859603307692316,6,5,6_5
1109951,TKY021,K-NET,139.819,35.6875,99,-0.0179551146398262,crustal_observed,Crustal observed,-0.041343179312662966,36.84402082903448,-17.733577262039937,0.4990020852297492,83418,151749,139.8162651,35.68357766,0.102638814,0.00895681150247487,0.0031498236923076794,6,5,6_5
1109961,TKY022,K-NET,139.7963,35.7002,43,0.0297724594605122,crustal_observed,Crustal observed,0.06855362133554495,34.79572765703883,-16.329287462039673,0.22707035116756888,82682,150751,139.7982803,35.70146713,0.167762129,0.11885361215068278,0.0682731386923077,6,5,6_5
1109971,TKY023,K-NET,139.8254,35.7259,73,-0.0115943863765824,crustal_observed,Crustal observed,-0.026697061233131886,37.42151317708768,-13.487535662039617,0.3346186361040112,83792,152254,139.8244591,35.72882717,0.25136097,0.02360292958200595,0.1518719796923077,6,5,6_5
1109981,TKY024,K-NET,139.8623,35.7401,69,0.0187420277995817,crustal_observed,Crustal observed,0.043155113823796824,40.75111749632517,-11.917384862040134,0.309615930603002,85269,154255,139.8597785,35.73820092,0.2900916,0.09345510463893467,0.1906026096923077,6,5,6_5
1109991,TKY025,K-NET,139.8972,35.7136,75,-0.0148614909068995,crustal_observed,Crustal observed,-0.03421984742189335,43.900255456795556,-14.847595862039983,0.27944940539289453,86742,156252,139.8956054,35.71143349,0.18279329,0.016080143393244484,0.08330429969230768,6,5,6_5
1110001,TKY026,K-NET,139.8633,35.6707,89,-0.0491610065729405,crustal_observed,Crustal observed,-0.11319740089143511,40.841350675708725,-19.59122046204032,0.5283098787698461,85262,154248,139.8606787,35.67497229,0.065792692,-0.06289741007629727,-0.033696298307692316,6,5,6_5
1110011,TKY027,K-NET,139.8913,35.693,65,0.0090139021405376,crustal_observed,Crustal observed,0.020755276698508997,43.36787969843542,-17.125420262040173,0.38962520547282514,86371,155750,139.8869963,35.69328635,0.0828358,0.07105526751364682,-0.016653190307692314,6,5,6_5
1110021,TKY028,K-NET,139.7891,35.6698,65,0.0089713305779874,crustal_observed,Crustal observed,0.020657252053195446,34.1460487654793,-19.690737062039695,0.49984878659959264,82310,150248,139.7898309,35.67428097,0.078927186,0.07095724286833328,-0.02056180430769232,6,5,6_5
1110221,TYM001,K-NET,137.6257,36.9764,28,-0.0307054254493109,crustal_observed,Crustal observed,-0.07070185491362328,-161.06441151196856,124.78525133795986,0.22871264974312908,4069,31397,137.6264267,36.97838158,0.002129394,-0.020401864098485448,-0.09735959630769231,0,10,0_10
1110251,TYM004,K-NET,137.5274,36.8626,41,-0.1779770148461331,crustal_observed,Crustal observed,-0.40980722128028607,-169.93433304532908,112.20193013796012,0.5947389430124453,1536,25384,137.523873,36.85805622,-0.000129182,-0.3595072304651482,-0.09961817230769232,0,9,0_9
1110691,YMN001,K-NET,138.9198,35.7895,37,-0.2482036616119789,crustal_observed,Crustal observed,-0.5715100512542811,-44.29365407226781,-6.455029262040294,0.10960464903022946,46195,101262,138.9189044,35.78883037,-0.185827926,-0.5212100604391433,-0.2853169163076923,4,6,4_6
1110701,YMN002,K-NET,138.9473,35.6133,55,-0.1465635578268244,crustal_observed,Crustal observed,-0.3374750634282167,-41.81224163923163,-25.93816806203967,0.5443585285056056,47265,102743,138.9498968,35.6177436,0.087347722,-0.28717507261307884,-0.012141268307692313,4,5,4_5
1110711,YMN003,K-NET,138.8129,35.4651,29,-0.0862968364164269,crustal_observed,Crustal observed,-0.1987058091050103,-53.939580948323304,-42.32523486203998,0.36919611379820805,41520,94726,138.8125441,35.46177375,-0.140061487,-0.14840581828987245,-0.23955047730769233,3,4,3_4
1110721,YMN004,K-NET,138.7266,35.7025,44,-0.1189140344254578,crustal_observed,Crustal observed,-0.2738096830158399,-61.72670432908887,-16.074967262039873,0.17497416204222904,38415,90253,138.7262119,35.7040504,-0.097908704,-0.22350969220070208,-0.19739769430769233,3,5,3_5
1110731,YMN005,K-NET,138.5679,35.6551,39,-0.1652107456990691,crustal_observed,Crustal observed,-0.3804118002491067,-76.04670989718885,-21.316174862040228,0.08274408725186412,32341,81248,138.5682206,35.65580109,-0.081243056,-0.3301118094339689,-0.1807320463076923,3,5,3_5
1110741,YMN006,K-NET,138.6069,35.4685,22,-0.0750266971752654,crustal_observed,Crustal observed,-0.1727553544923446,-72.5276159012482,-41.94928326204007,0.2728716605950011,33646,83227,138.609252,35.46694885,-0.042417249,-0.12245536367720677,-0.1419062393076923,3,4,3_4
1110772,YMN009,K-NET,138.4628,35.4966,53,-0.0641389833045685,crustal_observed,Crustal observed,-0.14768546683689343,-85.53021705035701,-38.842153862039844,0.5405866238503085,28421,75231,138.4668918,35.50017099,0.034916175,-0.0973854760217556,-0.06457281530769232,2,4,2_4
1110781,YMN010,K-NET,138.4182,35.7919,37,-0.2332791972625331,crustal_observed,Crustal observed,-0.5371452021223262,-89.55461685084197,-6.189651662040126,0.5489661608408636,27178,73263,138.4223067,35.78823703,0.153331681,-0.4868452113071884,0.05384269069230768,2,6,2_6
1200581,AICH17,KiK-net,137.7268,35.184,37,0.0214269356111347,crustal_observed,Crustal observed,0.049337342526742024,-151.94183707633462,-73.40758626204021,0.17659012606243554,4536,32698,137.7286923,35.18440738,-0.00250514,0.09963733334187985,-0.10199413030769232,0,3,0_3
1201491,CHBH04,KiK-net,140.0206,35.7966,89,0.03607415412178,crustal_observed,Crustal observed,0.08306380952318035,55.03502979267327,-5.669953862040159,0.35537440426787786,91917,163261,140.0186548,35.79380546,0.250804742,0.13336380033831818,0.1513157516923077,7,6,7_6
1201521,CHBH06,KiK-net,140.5046,35.7215,34,0.0326035142852784,crustal_observed,Crustal observed,0.07507236597250047,98.70788861410558,-13.974061262040054,0.3973909410991761,111190,190753,140.5069771,35.72452542,0.119015936,0.1253723567876383,0.019526945692307687,8,5,8_5
1201571,CHBH10,KiK-net,140.2417,35.5458,107,0.0592712967930405,crustal_observed,Crustal observed,0.13647720443808087,74.9855857542824,-33.40191306203995,0.38169604371534566,101057,175733,140.2428003,35.54246687,0.224572279,0.1867771952532187,0.1250832886923077,7,5,7_5
1201591,CHBH11,KiK-net,140.1529,35.2867,66,0.0636597915975988,crustal_observed,Crustal observed,0.14658208715573862,66.97287942505923,-62.05163646203957,0.44573722464156745,97393,170705,140.1570153,35.2889298,0.344381783,0.19688207797087645,0.24489279269230768,7,4,7_4
1201611,CHBH12,KiK-net,139.8554,35.3445,47,0.2066193609380409,crustal_observed,Crustal observed,0.47575866041988923,40.12850855858148,-55.66045926204033,0.43655061635100223,84856,153711,139.8565709,35.34066933,0.261233677,0.526058651235027,0.16174468669230768,6,4,6_4
1201631,CHBH13,KiK-net,140.298,35.8307,95,0.1087528797950577,crustal_observed,Crustal observed,0.2504127598362732,80.06571375355159,-1.8993804620399115,0.4010952312991907,103574,179265,140.3021854,35.8319217,0.228422754,0.300712750651411,0.1289337636923077,8,6,8_6
1201651,CHBH14,KiK-net,140.823,35.7342,53,-0.0409518889776087,crustal_observed,Crustal observed,-0.09429520908978897,127.43813292969168,-12.569771462039792,0.27517507007021047,121429,208754,140.8260349,35.73444405,0.026753621,-0.04399521827465114,-0.07273536930769231,9,5,9_5
1201691,CHBH16,KiK-net,139.9649,35.1384,39,-0.0552393298681764,crustal_observed,Crustal observed,-0.12719325750144375,50.009041701033176,-78.44976066204025,0.4957680064741824,89262,159689,139.9649359,35.14288349,0.607298814,-0.07689326668630592,0.5078098236923076,7,3,7_3
1201711,CHBH17,KiK-net,140.3398,35.1714,52,0.0881293594772819,crustal_observed,Crustal observed,0.20292534938750284,83.83746065176568,-74.8008186620401,0.325371123669179,104889,181192,140.3430764,35.17262886,0.263134606,0.25322534020264065,0.16364561569230768,8,3,8_3
1201741,CHBH19,KiK-net,140.5107,35.5943,54,-0.0037637151448052,crustal_observed,Crustal observed,-0.00866627438670438,99.25831100834296,-28.039074062040275,0.49224631190441326,111176,190739,140.507754,35.59804679,0.195139245,0.04163371642843346,0.09565025469230767,8,5,8_5
1201761,CHBH20,KiK-net,140.0997,35.0882,46,-0.0646171478608584,crustal_observed,Crustal observed,-0.14878648141620465,62.172474281879296,-84.00057546203988,0.26015428750531405,94791,167183,140.0975137,35.08973376,0.190109081,-0.09848649060106682,0.0906200906923077,7,3,7_3
1202501,FKSH05,KiK-net,139.8725,37.2544,91,-0.0160832329356739,crustal_observed,Crustal observed,-0.03703301240483359,41.67149592603281,155.5248233379597,0.18046537766864387,86913,156423,139.8734625,37.25583065,0.009501361,0.013266978410304248,-0.08998762930769232,6,11,6_11
1202521,FKSH06,KiK-net,139.5199,37.1723,131,-0.2301840656736783,crustal_observed,Crustal observed,-0.5300183982649741,9.855276875544066,146.44669793796004,0.302125623962201,72513,136914,139.5226051,37.17068981,0.009450589,-0.4797184074498363,-0.09003840130769232,5,10,5_10
1202541,FKSH07,KiK-net,139.3755,37.0103,73,-0.2377125627107618,crustal_observed,Crustal observed,-0.5473534033152124,-3.174394227380582,128.53370993796017,0.525350895033849,66222,128396,139.3726427,37.00616038,0.050237698,-0.4970534125000746,-0.04925129230769232,5,10,5_10
1202561,FKSH08,KiK-net,140.2144,37.2822,138,0.0383336000500371,crustal_observed,Crustal observed,0.08826637603601124,72.52221995712343,158.5987805379604,0.4362220752260831,100890,175426,140.216644,37.28569432,0.008859302,0.1385663668511491,-0.09062968830769232,7,11,7_11
1202601,FKSH10,KiK-net,140.093,37.1616,158,-0.0248525226534412,crustal_observed,Crustal observed,-0.05722504818511054,61.56791198001026,145.26355613796005,0.38128398784036865,95758,168412,140.0915722,37.15835459,0.0253935,-0.006925057369972704,-0.07409549030769232,7,10,7_10
1202621,FKSH11,KiK-net,140.3386,37.2006,125,-0.0133795901866332,crustal_observed,Crustal observed,-0.030807644914111032,83.72918083650747,149.57594213796023,0.5948377212406788,105455,181916,140.33499,37.19609877,0.012322215,0.019492345901026803,-0.08716677530769232,8,10,8_10
1202661,FKSH13,KiK-net,140.5853,36.9951,27,-0.1037992314379944,crustal_observed,Crustal observed,-0.2390065629733648,105.9897061903217,126.85298513796015,0.5041485518666109,114383,195894,140.5889641,36.99854201,0.010822575,-0.18870657215822698,-0.08866641530769231,8,10,8_10
1202821,FKSH21,KiK-net,139.3147,37.3421,112,-0.0864763065032053,crustal_observed,Crustal observed,-0.1991190542514646,-8.660571533874498,165.22216313796028,0.4314074456798609,64045,125433,139.3111858,37.33945463,0.004493073,-0.14881906343632675,-0.09499591730769232,5,11,5_11
1203071,GIFH14,KiK-net,137.5174,36.2493,41,-0.2506177230198673,crustal_observed,Crustal observed,-0.5770686330656571,-170.83666483915948,44.38689593795985,0.44423308573370285,680,23317,137.5152345,36.252908,-0.006405702,-0.5267686422505193,-0.10589469230769231,0,7,0_7
1203411,GNMH05,KiK-net,139.1847,36.3143,105,0.0746290462143421,crustal_observed,Crustal observed,0.17183972931750785,-20.390884853680074,51.574205937960386,0.3996255099292955,57659,116820,139.1817282,36.31697965,0.363981674,0.22213972013264568,0.26449268369230766,4,7,4_7
1203431,GNMH06,KiK-net,139.5443,36.2441,36,0.0998609807766655,crustal_observed,Crustal observed,0.22993840570811497,12.056966452490983,43.81191113796041,0.5286027945157696,72410,136811,139.5403055,36.24060315,0.155065281,0.2802383965232528,0.055576290692307684,5,7,5_7
1203451,GNMH07,KiK-net,139.2104,36.6998,133,-0.1336399718109742,crustal_observed,Crustal observed,-0.3077174069200937,-18.071892143533766,94.20048293796043,0.3721919646645824,59177,118862,139.2087119,36.6967288,-0.043545323,-0.25741741610495583,-0.1430343133076923,4,9,4_9
1203471,GNMH08,KiK-net,138.5244,36.4917,114,0.1340118973917101,crustal_observed,Crustal observed,0.3085737972179993,-79.9718532003542,71.19003353796023,0.3446734723876425,31775,80341,138.5243404,36.49481675,0.009726632,0.3588737880331372,-0.08976235830769232,3,8,3_8
1203491,GNMH09,KiK-net,138.9068,36.6212,113,-0.1680432067181637,crustal_observed,Crustal observed,-0.38693378276816065,-45.46668540424889,85.50936653796026,0.20720537463738636,46649,101854,138.9057502,36.61953338,-0.117103602,-0.3366337919530228,-0.21659259230769232,4,8,4_8
1203511,GNMH10,KiK-net,138.7291,36.2356,33,-0.296887165085813,crustal_observed,Crustal observed,-0.6836079606278553,-61.50112138063126,42.87203213795985,0.15620918467183773,39165,91312,138.7287078,36.23697598,-0.116664257,-0.6333079698127175,-0.2161532473076923,3,7,3_7
1203531,GNMH11,KiK-net,138.921,36.2862,124,-0.082405011977926,crustal_observed,Crustal observed,-0.18974455216836822,-44.185374257009606,48.46707653796016,0.24461404225268601,46975,102317,138.9236345,36.28567847,0.518197621,-0.13944456135323038,0.4187086306923077,4,7,4_7
1203551,GNMH12,KiK-net,138.9129,36.144,109,-0.0309605894612445,crustal_observed,Crustal observed,-0.07128939176377015,-44.91626301001152,32.74345373795988,0.4495681354674455,46234,101301,138.9096408,36.14092482,0.058551175,-0.020989400948632317,-0.04093781530769232,4,7,4_7
1203571,GNMH13,KiK-net,139.0627,36.862,64,-0.0354188360501303,crustal_observed,Crustal observed,-0.08155488390023014,-31.399332738419783,112.13558573796027,0.4722180376128138,53292,110881,139.0608933,36.86600804,0.099654863,-0.0312548930850923,0.00016587269230768087,4,9,4_9
1203591,GNMH14,KiK-net,139.3219,36.4931,94,-0.1010451025411957,crustal_observed,Crustal observed,-0.232664946831412,-8.01089264231496,71.34483713795987,0.2891461812792311,63582,124839,139.3208545,36.49062814,0.226780733,-0.18236495601627417,0.1272917426923077,5,8,5_8
1204481,IBRH06,KiK-net,140.6545,36.8809,43,-0.0827109971268652,crustal_observed,Crustal observed,-0.19044910901099316,112.23384220363594,114.22543433795973,0.18121354942699505,116410,199381,140.6525595,36.88132218,0.008905615,-0.14014911819585532,-0.09058337530769231,9,9,9_9
1204501,IBRH07,KiK-net,140.3301,35.9521,108,0.3358590865389352,crustal_observed,Crustal observed,0.7733441260111494,82.96219881174854,11.52430313796023,0.3527957434077,104631,180778,140.3278175,35.94950954,0.152623759,0.8236441168262872,0.05313476869230768,8,6,8_6
1204521,IBRH08,KiK-net,140.5621,36.1188,32,0.0036598725618203,crustal_observed,Crustal observed,0.008427168003105353,103.89629642863301,29.95698893796009,0.5323663015356633,113084,193797,140.557949,36.12222135,-0.015261769,0.05872715881824319,-0.11475075930769231,8,7,8_7
1204541,IBRH09,KiK-net,140.3559,36.439,21,-0.2485674822270445,crustal_observed,Crustal observed,-0.5723477791790551,85.29021483983345,65.36278373796007,0.35766814721237616,106053,182832,140.3594079,36.43749385,-0.057753745,-0.5220477883639173,-0.1572427353076923,8,8,8_8
1204561,IBRH10,KiK-net,139.9889,36.1112,120,0.1518938946947515,crustal_observed,Crustal observed,0.3497486176409422,52.174638006228214,29.116626537959693,0.18094236518457535,90845,161796,139.9880214,36.10972904,0.398080623,0.40004860845608003,0.2985916326923077,7,7,7_7
1204581,IBRH11,KiK-net,140.1401,36.3701,147,0.1005693066273271,crustal_observed,Crustal observed,0.2315693862528307,65.81789472895538,57.744235137960146,0.44325269807219975,97145,170325,140.1365354,36.37285822,-0.249224732,0.28186937706796855,-0.3487137223076923,7,8,7_8
1204601,IBRH12,KiK-net,140.3181,36.8369,148,0.011086816256937,crustal_observed,Crustal observed,0.025528337841987183,81.87940065915103,109.36017833796006,0.3037354127624256,104729,180876,140.3201524,36.83472277,0.087974443,0.07582832865712502,-0.011514547307692316,8,9,8_9
1204621,IBRH13,KiK-net,140.575,36.7955,145,0.0143633653336236,crustal_observed,Crustal observed,0.033072870902429156,105.06030444267547,104.78241473795973,0.541257189872962,113763,194872,140.5720575,36.79976556,0.016000894,0.083372861717567,-0.08348809630769231,8,9,8_9
1204641,IBRH14,KiK-net,140.5484,36.6922,145,-0.0581541856888888,crustal_observed,Crustal observed,-0.133904961062443,102.66010187108422,93.36012053796003,0.26088323859091217,112843,193360,140.5457406,36.69127434,0.015665989,-0.08360497024730518,-0.08382300130769231,8,9,8_9
1204661,IBRH15,KiK-net,140.3013,36.5566,146,-0.0686639062241628,crustal_observed,Crustal observed,-0.15810448689849835,80.36348324551552,78.3662861379604,0.3770701378296887,104004,179845,140.3047002,36.55461761,0.021150061,-0.10780449608336051,-0.07833892930769232,8,8,8_8
1204681,IBRH16,KiK-net,140.3976,36.6405,146,-0.0217025327941468,crustal_observed,Crustal observed,-0.04997192849201684,89.05293842011149,87.6434447379604,0.5777616195413282,107417,184854,140.3936312,36.63639969,0.037555847,0.00032806232312099226,-0.06193314330769231,8,8,8_8
1204701,IBRH17,KiK-net,140.314,36.0864,126,-0.021540795758537,crustal_observed,Crustal observed,-0.049599515204836665,81.50944462368076,26.374391337959796,0.3750293997472687,104300,180293,140.3177628,36.08495961,-0.048208664,0.0007004756103011697,-0.14769765430769233,8,7,8_7
1204721,IBRH18,KiK-net,140.6198,36.3631,132,-0.1713190190040005,crustal_observed,Crustal observed,-0.39447661930497524,109.10275087904022,56.97021713796038,0.3632641109103203,115197,197324,140.6191209,36.36633818,-0.016744962,-0.34417662848983743,-0.11623395230769232,9,8,9_8
1204741,IBRH19,KiK-net,140.0893,36.2137,115,-0.0703727640529525,crustal_observed,Crustal observed,-0.16203927746111565,61.234049216294444,40.450461537960386,0.5772181719408189,95284,167807,140.0937414,36.20994309,-0.307838749,-0.11173928664597782,-0.40732773930769234,7,7,7_7
1204761,IBRH20,KiK-net,140.7323,35.8284,72,0.0987271028033751,crustal_observed,Crustal observed,0.22732755518954217,119.25398355964256,-2.1537006620397117,0.5581917405525948,118531,203264,140.7282193,35.82460599,0.030788949,0.27762754600468,-0.06870004130769232,9,6,9_6
1204781,IBRH21,KiK-net,140.105,35.9814,39,0.0112797393057872,crustal_observed,Crustal observed,0.025972559578364616,62.65071013260777,14.764121337960143,0.30929957453918744,95628,168282,140.1052221,35.98419134,0.581556469,0.07627255039350245,0.4820674786923077,7,6,7_6
1206911,KNGH10,KiK-net,139.5195,35.4991,87,0.1351538991659693,crustal_observed,Crustal observed,0.3112033534795813,9.819183603789618,-38.56571886204009,0.10743104030967902,70852,134729,139.5184852,35.49960811,0.328287086,0.3615033442947191,0.2287980956923077,5,4,5_4
1206931,KNGH11,KiK-net,139.3539,35.404,44,-0.048270425246205,crustal_observed,Crustal observed,-0.11114676160439509,-5.123430902054061,-49.081306262039554,0.368533399582546,63831,125219,139.3524595,35.40711873,0.250198733,-0.06084677078925725,0.1507097426923077,5,4,5_4
1206951,KNGH18,KiK-net,139.1283,35.6437,87,-0.0403916825187245,crustal_observed,Crustal observed,-0.09300528604856323,-25.48003617088789,-22.576718462039647,0.48283133287070684,54633,112746,139.126195,35.64771452,0.08499161,-0.042705295233425394,-0.01449738030769232,4,5,4_5
1206971,KNGH19,KiK-net,139.0436,35.4173,53,-0.1366077186786971,crustal_observed,Crustal observed,-0.3145508966174922,-33.122786464638224,-47.61067206204023,0.36340519312570063,50918,107721,139.0431881,35.4205693,0.012451926,-0.26425090580235433,-0.08703706430769231,4,4,4_4
1206991,KNGH20,KiK-net,139.126,35.3663,74,0.1196692645529084,crustal_observed,Crustal observed,0.27554866464908767,-25.68757248346827,-53.249946062039655,0.24340740391526786,54233,112215,139.1238695,35.36765022,0.036175467,0.3258486554642255,-0.06331352330769231,4,4,4_4
1207011,KNGH21,KiK-net,139.2146,35.4628,62,-0.101251699970899,crustal_observed,Crustal observed,-0.2331406549932977,-17.692912790124893,-42.57955506203977,0.5384912895308182,58302,117725,139.2189001,35.45942317,-0.023386202,-0.18284066417815986,-0.12287519230769231,5,4,5_4
1207051,KNGH23,KiK-net,139.611,35.2624,45,0.0244537176622073,crustal_observed,Crustal observed,0.05630676575728374,18.075519517345043,-64.73858466203998,0.3785424567885975,74516,139703,139.6108762,35.26582194,0.372687768,0.10660675657242158,0.27319877769230766,6,4,6_4
1208651,NGNH03,KiK-net,137.7346,35.4786,40,0.0464886587158927,crustal_observed,Crustal observed,0.10704409255250226,-151.23801827714595,-40.83248586203992,0.43790504604214625,5021,33731,137.7343071,35.48255307,-0.011645001,0.1573440833676401,-0.11113399130769232,0,4,0_4
1208671,NGNH07,KiK-net,138.376,36.7434,47,-0.4810416820025788,crustal_observed,Crustal observed,-1.1076394060879202,-93.3624570208105,99.0215093379602,0.3171967991679324,26651,72369,138.3727149,36.74442102,0.359368177,-1.0573394152727824,0.2598791866923077,2,9,2_9
1208691,NGNH08,KiK-net,137.8591,36.2541,34,-0.003276762566258,crustal_observed,Crustal observed,-0.007545024638346586,-140.0039874439461,44.917651137960185,0.35940116905838293,9462,42816,137.8630181,36.25351552,-0.027845071,0.04275496617679125,-0.12733406130769231,1,7,1_7
1208711,NGNH09,KiK-net,138.2491,36.2859,20,-0.2035406962019536,crustal_observed,Crustal observed,-0.4686697728922482,-104.81304748452936,48.433904337959845,0.5732087441292076,21654,64319,138.2452587,36.29002881,-0.023517801,-0.4183697820771104,-0.12300679130769232,2,7,2_7
1208731,NGNH10,KiK-net,137.7669,35.9632,84,0.0005823033152863,crustal_observed,Crustal observed,0.0013408029333792464,-148.3234865830718,12.75167453796012,0.16052388006817528,6468,36784,137.7679712,35.96204095,-0.011191477,0.05164079374851708,-0.11068046730769232,0,6,0_6
1208751,NGNH11,KiK-net,138.3052,35.9157,55,0.1177063164125706,crustal_observed,Crustal observed,0.27102880952282543,-99.75096612113482,7.499409537960182,0.4564552206608712,23136,66777,138.3028373,35.91204988,0.125528805,0.3213288003379633,0.026039814692307678,2,6,2_6
1208771,NGNH12,KiK-net,138.4797,35.9696,63,-0.2077661015200183,crustal_observed,Crustal observed,-0.4783991281894817,-84.00527631878033,13.459348137960042,0.10988040612211242,29438,76783,138.4786209,35.97006049,0.063392714,-0.4280991373743439,-0.03609627630769231,2,6,2_6
1208791,NGNH13,KiK-net,137.8767,35.5143,44,-0.0930628067031827,crustal_observed,Crustal observed,-0.21428503142693486,-138.41588348680426,-36.884994062040086,0.22991054829554117,8870,41734,137.8744282,35.51335853,-0.02958448,-0.16398504061179703,-0.1290734703076923,1,5,1_5
1208811,NGNH14,KiK-net,137.6261,35.3095,36,-0.0321282419106958,crustal_observed,Crustal observed,-0.0739780108876747,-161.02831824021413,-59.53054926203995,0.17397154725590516,2178,27212,137.6267778,35.30802708,-0.003558265,-0.02367802007253686,-0.10304725530769232,0,4,0_4
1208831,NGNH15,KiK-net,137.9305,36.0088,33,-0.2057442315821329,crustal_observed,Crustal observed,-0.473743600610534,-133.56133843599267,17.793848937960153,0.4942616651126218,11002,45789,137.9259986,36.01134699,-0.012760977,-0.4234436097953962,-0.11224996730769232,1,6,1_6
1208851,NGNH16,KiK-net,138.1848,35.9465,46,0.0086993968253942,crustal_observed,Crustal observed,0.020031101448192413,-110.61504091886444,10.905088737960103,0.1682126723534798,19219,60281,138.1861985,35.9454941,0.034409631,0.07033109226333024,-0.06507935930769232,2,6,2_6
1208871,NGNH17,KiK-net,138.5504,36.1425,53,-0.2353500968992568,crustal_observed,Crustal observed,-0.5419136247549329,-77.62579053639462,32.577592737959876,0.2692659506703771,32395,81302,138.5532572,36.14320262,-0.005112706,-0.49161363393979507,-0.10460169630769231,3,7,3_7
1208891,NGNH18,KiK-net,137.595,35.9324,51,-0.0462733647141603,crustal_observed,Crustal observed,-0.10654835979350219,-163.83457011903008,9.3459953379602,0.3976712443390986,2041,26781,137.5916428,35.93007003,-0.006237261,-0.056248368978364355,-0.10572625130769231,0,6,0_6
1208911,NGNH19,KiK-net,138.5845,35.9735,57,-0.2476728641894313,crustal_observed,Crustal observed,-0.5702878450217234,-74.54883911943057,13.890586737960215,0.15199643116275724,33369,82783,138.5852119,35.97225418,-0.60825446,-0.5199878542065856,-0.7077434503076924,3,6,3_6
1208931,NGNH20,KiK-net,137.7173,35.787,44,-0.0660089439655678,crustal_observed,Crustal observed,-0.15199121037939572,-152.7990522804745,-6.731464262040042,0.45056908675308593,4828,33265,137.7129384,35.7889839,-0.01482514,-0.10169121956425789,-0.11431413030769232,0,6,0_6
1208951,NGNH21,KiK-net,137.9236,35.8315,42,-0.076265786389491,crustal_observed,Crustal observed,-0.17560846284591017,-134.18394737373637,-1.8109212620401178,0.100208183223467,10717,45269,137.9241167,35.83069781,-0.04643306,-0.12530847203077233,-0.1459220503076923,1,6,1_6
1208971,NGNH22,KiK-net,138.0824,35.7946,40,-0.1546511795447703,crustal_observed,Crustal observed,-0.35609750063373385,-119.85491848769522,-5.891101862039644,0.4984758036406267,15704,54265,138.0849752,35.7985883,-0.124072437,-0.305797509818596,-0.2235614273076923,1,6,1_6
1208991,NGNH23,KiK-net,137.6105,35.6056,54,-0.0855504073181503,crustal_observed,Crustal observed,-0.19698709259034164,-162.4359558385914,-26.78958786203965,0.3444675800224429,2211,27245,137.6143169,35.60565645,-0.009253597,-0.1466871017752038,-0.10874258730769232,0,5,0_5
1209011,NGNH24,KiK-net,137.8797,35.6152,75,-0.0110692069189641,crustal_observed,Crustal observed,-0.025487790842873292,-138.14518394865362,-25.728077462039767,0.2643967063153092,9135,42245,137.8794067,35.61282088,-0.044324539,0.024812199972264543,-0.1438135293076923,1,5,1_5
1209031,NGNH25,KiK-net,137.9268,35.2986,49,-0.1592969558688497,crustal_observed,Crustal observed,-0.36679479594294373,-133.89520119971104,-60.73580586203989,0.06955340731868306,10132,44210,137.9268016,35.29797098,-0.008666846,-0.3164948051278059,-0.10815583630769232,1,4,1_4
1209051,NGNH26,KiK-net,138.1474,36.4663,35,-0.2719026385485962,crustal_observed,Crustal observed,-0.6260789622677458,-113.98976182779242,68.38145393795972,0.29931210618507376,18686,59339,138.1495154,36.46838502,-0.253247466,-0.575778971452608,-0.3527364563076923,1,8,1_8
1209071,NGNH27,KiK-net,138.0479,36.577,83,-0.1985811644686752,crustal_observed,Crustal observed,-0.45725002905497036,-122.96796317641372,80.62199573795986,0.31240499658888443,15504,53851,138.0471087,36.57424948,-0.143264459,-0.40695003823983256,-0.24275344930769233,1,8,1_8
1209091,NGNH28,KiK-net,138.0964,36.7075,84,-0.1264035966624721,crustal_observed,Crustal observed,-0.2910550373758402,-118.59165397633315,95.0519027379604,0.3798668805884234,17249,56866,138.0957157,36.71088972,0.023843919,-0.24075504656070237,-0.07564507130769231,1,9,1_9
1209111,NGNH29,KiK-net,138.4408,36.9102,84,-0.2468024955013631,crustal_observed,Crustal observed,-0.5682837470551687,-87.51534699678493,117.46525253796042,0.252203695482482,29220,76387,138.4390648,36.90841191,0.04624569,-0.5179837562400309,-0.053243300307692316,2,9,2_9
1209131,NGNH30,KiK-net,137.6849,36.064,59,-0.0796413160989162,crustal_observed,Crustal observed,-0.18338090723579115,-155.7226072924873,23.89753373796007,0.4678290720614924,4410,32296,137.6835588,36.0680869,-0.006837913,-0.1330809164206533,-0.10632690330769232,0,6,0_6
1209151,NGNH31,KiK-net,137.9389,36.1184,64,-0.0499911292856195,crustal_observed,Crustal observed,-0.11510882907500555,-132.8033797291749,29.912759337960193,0.1925722613854725,11549,46801,137.93957,36.12005352,-0.013435929,-0.06480883825986772,-0.11292491930769231,1,7,1_7
1209171,NGNH32,KiK-net,137.9898,36.2578,50,0.0096982581087442,crustal_observed,Crustal observed,0.022331064549203024,-128.2105108985728,45.32677493796041,0.21922916733739942,13208,49816,137.9877587,36.25672481,-0.046800015,0.07263105536434086,-0.14628900530769232,1,7,1_7
1209191,NGNH33,KiK-net,137.9637,36.4598,55,-0.3187186138853951,crustal_observed,Crustal observed,-0.7338767291922358,-130.56559688047355,67.66272293796021,0.4669362727350944,12677,48839,137.9618765,36.46375197,-0.102035041,-0.683576738377098,-0.2015240313076923,1,8,1_8
1209211,NGNH34,KiK-net,137.8201,36.5327,59,-0.0607527192182744,crustal_observed,Crustal observed,-0.13988830563085153,-143.5230814398893,75.72356753795988,0.37552442033603495,8480,40847,137.8159876,36.53217875,-0.037201998,-0.0895883148157137,-0.13669098830769233,1,8,1_8
1209231,NGNH35,KiK-net,137.8201,36.3824,43,-0.1034349906705313,crustal_observed,Crustal observed,-0.23816786761194358,-143.5230814398893,59.10429533795973,0.43812478878326444,8463,40830,137.8222554,36.37884952,-0.036841769,-0.18786787679680575,-0.1363307593076923,1,8,1_8
1209271,NGNH37,KiK-net,138.4967,36.3308,38,0.2046553911691908,crustal_observed,Crustal observed,0.471236452907044,-82.47131226926761,53.39867693796045,0.2770544088949169,30450,78323,138.4938004,36.3316241,0.248950433,0.5215364437221819,0.14946144269230768,2,7,2_7
1209291,NGNH54,KiK-net,138.0058,35.4489,35,-0.0865791473174986,crustal_observed,Crustal observed,-0.19935585397740774,-126.76678002844362,-44.11653366203973,0.5874114448561482,12840,49226,138.0095199,35.44454035,-0.035613878,-0.1490558631622699,-0.1351028683076923,1,4,1_4
1209631,NIGH11,KiK-net,138.744,37.1728,117,-0.013672858558959,crustal_observed,Crustal observed,-0.031482920296475043,-60.15664700782169,146.50198493796032,0.4497341725008452,41009,93916,138.7460152,37.17651999,0.004298393,0.01881707051866279,-0.09519059730769232,3,10,3_10
1209651,NIGH12,KiK-net,138.9821,37.2239,88,-0.0973043011092512,crustal_observed,Crustal observed,-0.22405143321836582,-38.67212699669986,152.15231633796012,0.32543558721197097,50380,106921,138.9794378,37.22588557,0.007755798,-0.17375144240322798,-0.09173319230769232,4,11,4_11
1209671,NIGH13,KiK-net,138.3966,37.0544,54,0.3074403464732693,crustal_observed,Crustal observed,0.7079075587742745,-91.50365352551802,133.41002333796018,0.3016251712714713,27954,74403,138.3981937,37.05200217,0.023211132,0.7582075495894123,-0.07627785830769232,2,10,2_10
1209691,NIGH14,KiK-net,138.8521,37.0303,82,-0.2769792929959783,crustal_observed,Crustal observed,-0.6377683911205697,-50.402440316505434,130.7451899379597,0.4733959347685993,44891,99400,138.8493628,37.03395238,0.02268375,-0.5874684003054319,-0.07680524030769231,3,10,3_10
1209711,NIGH15,KiK-net,138.9951,37.0533,92,-0.1659159067759627,crustal_observed,Crustal observed,-0.38203549363292155,-37.49909566471879,133.28839193796009,0.23292460275872234,50730,107402,138.993006,37.05453182,0.029946509,-0.33173550281778375,-0.06954248130769232,4,10,4_10
1209731,NIGH16,KiK-net,137.848,36.9378,34,-0.2426195974892225,crustal_observed,Crustal observed,-0.5586522684468993,-141.0055757350987,120.51709493796038,0.3853047891142928,9795,43392,137.8441063,36.93923049,0.011105441,-0.5083522776317615,-0.08838354930769232,1,10,1_10
1209751,NIGH17,KiK-net,138.0966,36.8569,86,-0.279943780458323,crustal_observed,Crustal observed,-0.6445943757597324,-118.57360734045592,111.5716583379604,0.2872632471547408,17556,57382,138.09924,36.85544811,0.092478994,-0.5942943849445946,-0.0070099963076923205,1,9,1_9
1209771,NIGH18,KiK-net,138.2594,36.9425,70,0.0482148887470089,crustal_observed,Crustal observed,0.11101888408922905,-103.88364573688311,121.03679273796034,0.2558658119421735,22944,66391,138.2580014,36.94048707,0.101409974,0.1613188749043669,0.0019209836923076845,2,10,2_10
1209791,NIGH19,KiK-net,138.7849,36.8114,65,-0.1769049842999926,crustal_observed,Crustal observed,-0.4073387797255087,-56.466109971052546,106.54054133795995,0.4979591770025342,42021,95375,138.783853,36.80697839,0.096090923,-0.3570387889103709,-0.0033980673076923207,3,9,3_9
1211041,SITH01,KiK-net,139.7349,35.929,60,0.114991823393097,crustal_observed,Crustal observed,0.26477845836114916,29.255410442915814,8.97004373796029,0.3291845977780017,80124,147276,139.7326857,35.92663405,0.577087278,0.315078449176287,0.4775982876923077,6,6,6_6
1211061,SITH03,KiK-net,139.3843,35.899,77,0.042513821865029,crustal_observed,Crustal observed,0.0978916924726201,-2.380342248808386,5.652823737960165,0.4592630760030381,65730,127773,139.3868061,35.89538493,0.286974834,0.14819168328775795,0.1874858436923077,5,6,5_6
1211081,SITH04,KiK-net,139.5353,35.8028,79,0.1314585229835361,crustal_observed,Crustal observed,0.3026944353689054,11.244867838044126,-4.984395062040186,0.5948400861522989,71993,136263,139.5394113,35.8070052,0.625456085,0.3529944261840432,0.5259670946923077,5,6,5_6
1211101,SITH05,KiK-net,139.0504,36.1509,96,-0.1507985561713078,crustal_observed,Crustal observed,-0.3472265074850786,-32.50920084483313,33.50641433796007,0.20979427808380452,52106,109302,139.0518904,36.15235623,0.124365697,-0.29692651666994074,0.024876706692307682,4,7,4_7
1211121,SITH06,KiK-net,139.2894,36.1131,102,-0.0541900822818402,crustal_observed,Crustal observed,-0.12477727565028601,-10.943470972266354,29.32671713796038,0.4332245607536666,62064,122797,139.2933554,36.11087922,1.034424743,-0.07447728483514818,0.9349357526923077,5,7,5_7
1211141,SITH07,KiK-net,139.1485,35.9118,104,-0.1213333578011112,crustal_observed,Crustal observed,-0.27938038095575146,-23.65732594734728,7.0681709379600095,0.25963902325715116,55769,114275,139.1466762,35.90998381,-0.024399671,-0.22908039014061363,-0.12388866130769231,4,6,4_6
1211161,SITH08,KiK-net,138.9691,36.0274,112,-0.0721416661837839,crustal_observed,Crustal observed,-0.16611232513853347,-39.845158328680924,19.850525337960075,0.42180970979860183,48407,104288,138.9660926,36.02447952,-0.032175168,-0.11581233432339563,-0.13166415830769232,4,6,4_6
1211181,SITH09,KiK-net,139.0993,36.0715,72,-0.1404005146695357,crustal_observed,Crustal observed,-0.32328413212676477,-28.096798372998126,24.7268387379601,0.0897486829130751,53942,111793,139.0983823,36.071813,0.028058673,-0.27298414131162696,-0.07143031730769231,4,6,4_6
1211201,SITH10,KiK-net,139.2191,35.9964,95,-0.1699188842045964,crustal_observed,Crustal observed,-0.39125268978768507,-17.286863482900184,16.422731337960208,0.5356863666346123,58730,118284,139.2158859,35.99232682,0.138946653,-0.3409526989725472,0.03945766269230769,5,6,5_6
1211221,SITH11,KiK-net,139.2726,35.8637,100,-0.0027056095073275,crustal_observed,Crustal observed,-0.006229896119035266,-12.459388385901851,1.7495615379602267,0.33523774078053264,60930,121270,139.2719743,35.86668849,0.13098529,0.04407009469610257,0.03149629969230769,5,6,5_6
1212181,SZOH30,KiK-net,137.9181,35.2233,42,-0.0346912657115596,crustal_observed,Crustal observed,-0.07987959128453262,-134.68022986034205,-69.06202806203973,0.34559477020486584,9864,43702,137.920732,35.22557054,-0.004640559,-0.029579600469394784,-0.10412954930769232,1,4,1_4
1212201,SZOH31,KiK-net,138.0767,34.9398,24,-0.0559812368081477,crustal_observed,Crustal observed,-0.12890156136181047,-120.3692476101807,-100.40975706204013,0.36050985224190646,14468,52170,138.0805936,34.94053099,-0.000371609,-0.07860157054667263,-0.09986059930769231,1,3,1_3
1212221,SZOH32,KiK-net,137.8409,35.0086,43,-0.0945652186274254,crustal_observed,Crustal observed,-0.21774446272723258,-141.6462313087196,-92.80226586203979,0.20228936520514448,7324,38678,137.8411529,35.00678223,-0.001087436,-0.16744447191209474,-0.10057642630769231,1,3,1_3
1212241,SZOH33,KiK-net,138.3526,35.0146,29,-0.295342490951219,crustal_observed,Crustal observed,-0.6800512169920058,-95.47391341837643,-92.13882186203976,0.5341666243796681,23652,67678,138.3500785,35.01897072,4.69e-05,-0.629751226176868,-0.09944209030769231,2,3,2_3
1212261,SZOH34,KiK-net,138.4243,35.1304,54,-0.0698636815451416,crustal_observed,Crustal observed,-0.16086707166752626,-89.00419445660715,-79.33435266203975,0.19953232382081176,26472,72190,138.4256742,35.12898624,7.75e-05,-0.11056708085238842,-0.09941149030769232,2,3,2_3
1212281,SZOH35,KiK-net,139.0855,34.9467,27,0.0590672478852996,crustal_observed,Crustal observed,0.13600736446487494,-29.342016248485525,-99.64679646203994,0.5975838669685949,52341,109668,139.0897232,34.94253704,0.04961066,0.18630735528001277,-0.049878330307692315,4,3,4_3
1212301,SZOH36,KiK-net,138.2008,34.9142,35,0.0406450980628367,crustal_observed,Crustal observed,0.09358879690276896,-109.17131004873526,-103.24045146203983,0.39192747889734575,18514,59167,138.2042564,34.91634656,-9.7e-05,0.1438887877179068,-0.09958599030769232,2,2,2_2
1212321,SZOH37,KiK-net,138.5659,35.2028,35,-0.0462381587663239,crustal_observed,Crustal observed,-0.10646729510282937,-76.22717625595595,-71.32879506203956,0.21353296423761825,31632,80198,138.5641618,35.20411045,-0.001997598,-0.05616730428769154,-0.10148658830769232,3,3,3_3
1212341,SZOH38,KiK-net,138.9779,35.0854,45,0.0075751099323376,crustal_observed,Crustal observed,0.017442335207991693,-39.051106350108725,-84.31018266203995,0.2705533885406547,47937,103684,138.9808965,35.08531336,0.022426942,0.06774232602312953,-0.07706204830769231,4,3,4_3
1212361,SZOH39,KiK-net,138.7724,34.7988,38,-0.0537421865078463,crustal_observed,Crustal observed,-0.12374595751787262,-57.594024713340566,-116.00069106203993,0.44544902185249335,39006,91153,138.7688098,34.80156504,0.006909143,-0.07344596670273479,-0.09257984730769231,3,2,3_2
1212381,SZOH40,KiK-net,138.97,34.7832,20,-0.2867165363340762,crustal_observed,Crustal observed,-0.6601892224777295,-39.763948467235984,-117.72564546203985,0.4281434055045325,47173,102651,138.970676,34.78703251,0.028125714,-0.6098892316625917,-0.07136327630769232,4,2,4_2
1212401,SZOH41,KiK-net,138.834,34.6749,20,-0.2064641369441022,crustal_observed,Crustal observed,-0.475401243965371,-52.035660863340325,-129.70080966203983,0.15967141933662468,41433,94639,138.8334128,34.6762622,0.009885843,-0.42510125315023317,-0.08960314730769231,3,2,3_2
1212421,SZOH42,KiK-net,138.9128,34.9756,52,0.1515429734504867,crustal_observed,Crustal observed,0.3489405916150832,-44.92528632795013,-96.45120786203994,0.052985461089380126,45022,99672,138.9133497,34.97576851,0.016112865,0.399240582430221,-0.08337612530769231,4,3,4_3
1212481,SZOH53,KiK-net,138.0174,34.8768,28,-0.1407036007084037,crustal_observed,Crustal observed,-0.3239820135217569,-125.720075147598,-107.37591906203961,0.3848903539281495,12501,48663,138.0215124,34.87587577,-0.000287881,-0.273682022706619,-0.09977687130769232,1,2,1_2
1212531,TCGH06,KiK-net,139.9509,36.4458,135,0.1594493058225757,crustal_observed,Crustal observed,0.3671455946753115,48.74577718966855,66.11468693795989,0.3614647334565469,89406,159833,139.9479264,36.44360958,0.282784232,0.4174455854904493,0.1832952416923077,7,8,7_8
1212551,TCGH07,KiK-net,139.4534,36.8817,107,-0.117700383799202,crustal_observed,Crustal observed,-0.27101514917572045,3.8547704465646646,114.3138935379603,0.2747898985174348,69529,132882,139.4562546,36.88083434,0.111006101,-0.22071515836058261,0.01151711069230768,5,9,5_9
1212571,TCGH08,KiK-net,139.6459,36.8828,87,-0.0744933996766001,crustal_observed,Crustal observed,-0.17152739162178687,21.224657477817992,114.43552493796041,0.08163454959436861,77278,143382,139.6450956,36.88313788,-0.013427038,-0.12122740080664904,-0.11291602830769232,6,9,6_9
1212591,TCGH09,KiK-net,139.8364,36.8625,154,-0.0916385756215883,crustal_observed,Crustal observed,-0.2110056181694768,38.41407815030165,112.19087273795975,0.5251967339767346,85024,153879,139.8343685,36.85804897,0.132468596,-0.16070562735433896,0.03297960569230768,6,9,6_9
1212611,TCGH10,KiK-net,140.0225,36.8578,164,0.1335660982976603,crustal_observed,Crustal observed,0.30754730686957005,55.20647283350177,111.67117493795978,0.22426337932948803,92773,164379,140.0231802,36.85975074,0.312428722,0.3578472976847079,0.21293973169230768,7,9,7_9
1212631,TCGH11,KiK-net,139.7694,36.7084,103,-0.0913427674995209,crustal_observed,Crustal observed,-0.21032449479721785,32.368455131631755,95.15141933795978,0.6352054699179468,82425,150363,139.7737397,36.71292319,0.016599326,-0.16002450398208,-0.08288966430769232,6,9,6_9
1212651,TCGH12,KiK-net,139.9842,36.6959,152,0.1990845310973321,crustal_observed,Crustal observed,0.4584090735504264,51.750542063126275,93.76924433796026,0.359064987258171,90910,161861,139.9803793,36.69680764,0.530166639,0.5087090643655643,0.43067764869230774,7,9,7_9
1212671,TCGH13,KiK-net,140.1781,36.7342,140,0.0435729635415885,crustal_observed,Crustal observed,0.10033045630843473,69.24675554551504,98.0042285379602,0.0701893880655563,99017,172865,140.1773918,36.73446257,0.253070579,0.15063044712357257,0.1535815886923077,7,9,7_9
1212691,TCGH14,KiK-net,139.6154,36.5509,140,-0.0361212838245541,crustal_observed,Crustal observed,-0.08317232967422523,18.472545506631143,77.73601433795992,0.25519212877819736,75765,141345,139.6151355,36.54860223,0.196831591,-0.0328723388590874,0.09734260069230768,6,8,6_8
1212711,TCGH15,KiK-net,139.8637,36.5595,55,-0.1332797067147942,crustal_observed,Crustal observed,-0.3068878658801035,40.87744394746061,78.68695073796005,0.2025630150025583,86098,155346,139.8657299,36.5602823,0.163871262,-0.2565878750649657,0.06438227169230767,6,8,6_8
1212731,TCGH16,KiK-net,140.0751,36.548,158,0.1586425573965081,crustal_observed,Crustal observed,0.36528798777565186,59.95273806905259,77.41534973796027,0.525915221205318,94583,166844,140.0719461,36.54400029,0.133374183,0.41558797859078966,0.03388519269230769,7,8,7_8
1212751,TCGH17,KiK-net,139.6922,36.9853,120,-0.2211690602529875,crustal_observed,Crustal observed,-0.5092605811700309,25.402453683256788,125.76935993796032,0.4315068411776346,79134,145893,139.6883596,36.98297462,0.013316052,-0.4589605903548931,-0.08617293830769232,6,10,6_10
1213151,TKYH02,KiK-net,139.4704,35.6539,29,0.0200205293644698,crustal_observed,Crustal observed,0.046098972468477724,5.38873449607995,-21.44886366203992,0.17014601671960275,69024,132246,139.4713928,35.6525918,0.092697398,0.09639896328361555,-0.006791592307692315,5,5,5_5
1213201,TKYH11,KiK-net,139.8125,35.6114,37,0.0282825064662174,crustal_observed,Crustal observed,0.0651228777816199,36.257505163045224,-26.148258662039574,0.36306431904287517,83041,151241,139.8084818,35.61122958,0.076089428,0.11542286859675774,-0.023399562307692315,6,5,6_5
1213221,TKYH12,KiK-net,139.265,35.6701,84,-0.1268038840308815,crustal_observed,Crustal observed,-0.2919767331032535,-13.145160549215836,-19.657564862040164,0.3268935676290713,60539,120748,139.2674143,35.66789584,0.025235745,-0.24167674228811567,-0.07425324530769231,5,5,5_5
1213241,TKYH13,KiK-net,139.1275,35.7017,77,-0.1846104227859126,crustal_observed,Crustal observed,-0.4250812075181707,-25.55222271439422,-16.163426462039666,0.2330801577016732,54639,112752,139.1249277,35.70189244,-0.060285937,-0.3747812167030329,-0.15977492730769233,4,5,4_5
1213611,TYMH04,KiK-net,137.4689,36.7914,53,-0.2934124989577855,crustal_observed,Crustal observed,-0.6756072461983279,-175.2129740392426,104.3290613379604,0.42250763496768834,356,22377,137.4729209,36.79335803,-0.001308402,-0.6253072553831901,-0.10079739230769232,0,9,0_9
1214251,YMNH08,KiK-net,138.734,35.6895,44,-0.0954716602353068,crustal_observed,Crustal observed,-0.21983162166120987,-61.0589788016521,-17.512429262039664,0.3955046824417708,38758,90751,138.7355768,35.68616263,-0.168704808,-0.16953163084607203,-0.2681937983076923,3,5,3_5
1214271,YMNH09,KiK-net,138.3325,35.4327,36,-0.1268049530911594,crustal_observed,Crustal observed,-0.2919791947055129,-97.28760032397585,-45.90783246204027,0.3975240269971588,23698,67724,138.3365363,35.4341407,0.004906754,-0.2416792038903751,-0.09458223630769232,2,4,2_4
1214291,YMNH10,KiK-net,138.3087,35.5351,53,-0.1596232706100002,crustal_observed,Crustal observed,-0.36754616340154106,-99.43514999329622,-34.58505486203995,0.3063954112991632,22788,66235,138.3067591,35.53282633,-0.031844721,-0.3172461725864032,-0.1313337113076923,2,5,2_5
1214311,YMNH11,KiK-net,138.9777,35.6247,73,-0.0492852774243663,crustal_observed,Crustal observed,-0.11348354510142183,-39.06915298598595,-24.67762446204025,0.3096297316078088,48363,104244,138.9762072,35.62722134,0.09395371,-0.063183554286284,-0.00553528030769232,4,5,4_5
1214331,YMNH12,KiK-net,138.449,35.5623,59,-0.0636581012732112,crustal_observed,Crustal observed,-0.14657819504000139,-86.77543492584185,-31.577442062039882,0.1764545411430675,27789,74238,138.4472302,35.56297881,0.133987131,-0.09627820422486355,0.034498140692307694,2,5,2_5
1214351,YMNH13,KiK-net,138.4203,35.3509,42,0.0867771088441533,crustal_observed,Crustal observed,0.19981167723766916,-89.36512717413882,-54.95278566203962,0.44292648085549774,26497,72215,138.4185285,35.35463575,0.006664134,0.250111668052807,-0.09282485630769231,2,4,2_4
1214371,YMNH14,KiK-net,138.9675,35.5115,46,-0.112129066805131,crustal_observed,Crustal observed,-0.25818671771682816,-39.989531415693584,-37.19460126204015,0.3236127534231054,47984,103731,138.9703238,35.50969574,0.056910739,-0.20788672690169033,-0.042578251307692314,4,5,4_5
1214391,YMNH15,KiK-net,138.6045,35.5323,51,-0.0475638424433374,crustal_observed,Crustal observed,-0.10951979457554618,-72.74417553176718,-34.89466206204001,0.3530504413604831,33653,83234,138.607378,35.53013696,-0.072661893,-0.05921980376040835,-0.17215088330769232,3,5,3_5
1214411,YMNH16,KiK-net,138.5653,35.7421,53,-0.1163251935080599,crustal_observed,Crustal observed,-0.26784865651130646,-76.28131616358506,-11.696236862039864,0.43860822120146853,32351,81258,138.5654766,35.74606403,-0.336009302,-0.21754866569616862,-0.4354982923076923,3,5,3_5
1100751,CHB001,K-NET,139.8731,35.9571,71,-0.0054510275642214,crustal_oof_spatial,Crustal spatial OOF,-0.01255145481087584,41.72563583366192,12.077173137959727,0.24767987811110803,86031,155279,139.8744455,35.95514762,0.315279453,0.045717251386161215,0.21579046269230767,6,6,6_6
1100761,CHB002,K-NET,139.9024,35.7871,88,-0.0979167019618904,crustal_oof_spatial,Crustal spatial OOF,-0.22546153829258966,44.36946798958799,-6.720406862039675,0.3800949839784102,87119,156760,139.903475,35.78377635,0.379071881,-0.1671928320955526,0.2795828906923077,6,6,6_6
1100771,CHB003,K-NET,140.0577,35.7926,72,0.0590122469148506,crustal_oof_spatial,Crustal spatial OOF,0.13588072005021887,58.38268074778799,-6.112249862039914,0.3614814525249648,93393,165261,140.0541341,35.79408982,0.14306225,0.19414942624725592,0.043573259692307686,7,6,7_6
1100781,CHB004,K-NET,140.4903,35.8889,88,0.0285535776180081,crustal_oof_spatial,Crustal spatial OOF,0.06574704217487388,97.41755414892513,4.536026337960018,0.27728159609181496,110578,189771,140.4882089,35.88706249,0.074981413,0.12401574837191094,-0.02450757730769232,8,6,8_6
1100791,CHB005,K-NET,140.8271,35.7353,41,-0.0485763391698487,crustal_oof_spatial,Crustal spatial OOF,-0.11185115444471638,127.80808896516193,-12.448140062039682,0.1348868224745064,121429,208754,140.8260349,35.73444405,0.026753621,-0.053582448247679326,-0.07273536930769231,9,5,9_5
1100801,CHB006,K-NET,140.3073,35.779,51,0.011145092435546,crustal_oof_spatial,Crustal spatial OOF,0.025662523702128927,80.90488232181428,-7.616056262039552,0.404978673868098,103918,179759,140.3115279,35.77777099,0.191611492,0.08393122989916599,0.09212250169230768,8,5,8_5
1100811,CHB007,K-NET,140.2246,35.7237,83,0.0695592335833411,crustal_oof_spatial,Crustal spatial OOF,0.160166054329092,73.44259838683107,-13.730798462039836,0.13351866106203733,100356,174753,140.2233696,35.72302923,0.182142822,0.21843476052612906,0.0826538316923077,7,5,7_5
1100821,CHB008,K-NET,139.9027,35.6556,77,-0.0071688582420665,crustal_oof_spatial,Crustal spatial OOF,-0.016506906121969825,44.39653794340382,-21.260887862039965,0.29532679456301447,87105,156746,139.9052065,35.65731748,-0.088731711,0.04176180007506723,-0.1882207013076923,6,5,6_5
1100831,CHB009,K-NET,140.1077,35.6075,54,-0.0858558848014619,crustal_oof_spatial,Crustal spatial OOF,-0.19769048048966026,62.89433971694259,-26.579497262039748,0.3387961858672066,95586,168240,140.1094658,35.60479601,0.122195021,-0.1394217742926232,0.022706030692307685,7,5,7_5
1100841,CHB010,K-NET,140.5637,35.7086,73,-0.1027784948413621,crustal_oof_spatial,Crustal spatial OOF,-0.23665623010208583,104.04066951564825,-15.400465862040265,0.3774914210287346,113038,193751,140.5602549,35.7066632,0.111106924,-0.17838752390504878,0.01161793369230768,8,5,8_5
1100851,CHB011,K-NET,140.5014,35.6021,48,-0.0932809207146,crustal_oof_spatial,Crustal spatial OOF,-0.21478725749819744,98.4191424400777,-27.176596862039926,0.505157723216519,110862,190239,140.4989049,35.59801032,0.194819482,-0.15651855130116038,0.09533049169230767,8,5,8_5
1100861,CHB012,K-NET,140.3436,35.5721,99,-0.0889158558523761,crustal_oof_spatial,Crustal spatial OOF,-0.2047363242164886,84.18034673342267,-30.493816862040052,0.40200359581699524,104933,181236,140.3398472,35.57014065,0.200925728,-0.14646761801945155,0.10143673769230768,8,5,8_5
1100871,CHB013,K-NET,140.2892,35.4294,40,-0.0772495740406437,crustal_oof_spatial,Crustal spatial OOF,-0.177873717626126,79.27166177497939,-46.27272666203981,0.46581117868941185,102827,178220,140.2880497,35.42529325,0.318295557,-0.11960501142908894,0.2188065666923077,8,4,8_4
1100881,CHB014,K-NET,140.0454,35.471,86,-0.0370823864226047,crustal_oof_spatial,Crustal spatial OOF,-0.0853853501893344,57.272812641374635,-41.67284826204032,0.4134921449352049,92988,164725,140.0491236,35.46882039,0.161974802,-0.027116643992297337,0.062485811692307686,7,4,7_4
1100891,CHB015,K-NET,139.9199,35.3738,46,-0.0346625491949062,crustal_oof_spatial,Crustal spatial OOF,-0.07981346906136379,45.948548628793766,-52.42064106203963,0.43696346905771705,87443,157215,139.9178261,35.37737104,0.192881642,-0.02154476286432673,0.09339265169230768,7,4,7_4
1100902,CHB016,K-NET,140.3866,35.2998,55,0.0059003252522933,crustal_oof_spatial,Crustal spatial OOF,0.013586000969746884,88.06037344689497,-60.6031170620402,0.06544732378641005,106601,183706,140.3861368,35.29934453,0.251328104,0.07185470716678394,0.15183911369230768,8,4,8_4
1100911,CHB017,K-NET,140.0734,35.2976,84,0.0270803701260137,crustal_oof_spatial,Crustal spatial OOF,0.06235485656492044,59.79934166410131,-60.84637986203963,0.37808672796620757,94076,166206,140.0775818,35.29738479,0.321612612,0.12062356276195749,0.2221236216923077,7,4,7_4
1100921,CHB018,K-NET,140.3204,35.152,47,0.0419913770896778,crustal_oof_spatial,Crustal spatial OOF,0.09668871892098381,82.08693697173396,-76.94595426203982,0.4189997314876529,103849,179690,140.3168202,35.15441352,0.290450593,0.15495742511802085,0.19096160269230766,8,3,8_3
1100931,CHB019,K-NET,139.836,35.1106,76,0.014655968903621,crustal_oof_spatial,Crustal spatial OOF,0.03374661552086201,38.37798487854976,-81.52371786204016,0.5012266700879442,83724,152186,139.8333501,35.11458391,0.894591974,0.09201532171789906,0.7951029836923077,6,3,6_3
1100941,CHB020,K-NET,140.1006,35.1132,59,-0.0281513444490778,crustal_oof_spatial,Crustal spatial OOF,-0.06482086607618723,62.25368414332168,-81.23622546204004,0.5049568589600731,94794,167186,140.0972149,35.11683646,0.253567731,-0.006552159879150171,0.1540787406923077,7,3,7_3
1100951,CHB021,K-NET,139.8994,34.9078,32,0.0140414574300304,crustal_oof_spatial,Crustal spatial OOF,0.03233165056229849,44.09876845143989,-103.94812506203975,0.15954137831589243,86284,155663,139.8977073,34.90738314,0.649682832,0.09060035675933555,0.5501938416923077,6,2,6_2
1100961,CHB022,K-NET,139.8555,35.3033,46,-0.0819994102506817,crustal_oof_spatial,Crustal spatial OOF,-0.18881061967752286,40.137531876520086,-60.21610806203992,0.1974946371244543,84852,153707,139.8570795,35.30453642,0.258541033,-0.1305419134804858,0.15905204269230766,6,4,6_4
1100981,CHB024,K-NET,140.0781,35.6337,67,-0.1592458289967346,crustal_oof_spatial,Crustal spatial OOF,-0.36667707196936006,60.22343760720325,-23.682458462040213,0.45383917291260023,94113,166243,140.0737573,35.63162942,0.088116615,-0.308408365772323,-0.01137237530769232,7,5,7_5
1100991,CHB025,K-NET,139.9458,34.9705,33,0.0646042116787627,crustal_oof_spatial,Crustal spatial OOF,0.14875669475615083,48.28558797481473,-97.01513526203979,0.3436642965304133,88505,158670,139.9495399,34.97108776,0.654929115,0.2070254009531879,0.5554401246923076,7,3,7_3
1101001,CHB026,K-NET,140.2404,35.3858,47,-0.0065241344026252,crustal_oof_spatial,Crustal spatial OOF,-0.0150223746201744,74.868282621083,-51.093753062039575,0.48640269395581603,101040,175716,140.2442385,35.38888843,0.301412547,0.043246331576862654,0.20192355669230766,7,4,7_4
1101011,CHB027,K-NET,140.2655,35.1806,21,0.0595341024055254,crustal_oof_spatial,Crustal spatial OOF,0.13708233672374376,77.1331354236002,-73.78353786204012,0.1696668293842418,101733,176693,140.2637735,35.18120782,0.28906652,0.19535104292078082,0.18957752969230768,7,3,7_3
1101021,CHB028,K-NET,139.9655,35.7664,60,-0.0599405698255207,crustal_oof_spatial,Crustal spatial OOF,-0.13801826254581268,50.06318160866228,-9.009288662040234,0.0302089950310711,89700,160258,139.965788,35.7662607,0.237490852,-0.07974955634877562,0.1380018616923077,7,5,7_5
1101031,CHB029,K-NET,139.9176,35.6948,86,-0.1044494256108134,crustal_oof_spatial,Crustal spatial OOF,-0.24050369038324945,45.74101231621083,-16.92638706203985,0.38974582404080976,87478,157250,139.9135712,35.69352915,0.01522518,-0.1822349841862124,-0.08426381030769231,7,5,7_5
1101041,CHB030,K-NET,139.9151,35.3766,31,-0.1651163593550163,crustal_oof_spatial,Crustal spatial OOF,-0.3801944676603085,45.51542936775323,-52.11103386203956,0.26034056570523856,87443,157215,139.9178261,35.37737104,0.192881642,-0.32192576146327145,0.09339265169230768,6,4,6_4
1101611,FKS012,K-NET,140.7928,36.9066,133,0.0303559659370965,crustal_oof_spatial,Crustal spatial OOF,0.06989719465019344,124.71309091232065,117.06718613795978,0.4035029545509331,120785,207384,140.79641,36.9087536,0.004216593,0.1281659008472305,-0.09527239730769231,9,9,9_9
1101621,FKS013,K-NET,140.5546,37.0893,137,-0.0594486023493939,crustal_oof_spatial,Crustal spatial OOF,-0.1368854655690452,103.21954758326021,137.26905593796022,0.20825484705108285,113191,193904,140.552399,37.08873328,0.01031129,-0.07861675937200815,-0.08917770030769231,8,10,8_10
1101631,FKS014,K-NET,140.43,36.8683,85,-0.0722383601464612,crustal_oof_spatial,Crustal spatial OOF,-0.16633497121557675,91.97649343212427,112.83220193795982,0.4000664575662897,108759,186880,140.4277545,36.87141974,0.040000404,-0.10806626501853969,-0.05948858630769231,8,9,8_9
1101632,FKS014,K-NET,140.4166,36.8864,28,-0.0888299096566934,crustal_oof_spatial,Crustal spatial OOF,-0.20453842578751008,90.76736882838875,114.83359133796027,0.3826006119840296,108435,186382,140.4186239,36.88944052,0.040621501,-0.14626971959047302,-0.05886748930769232,8,9,8_9
1101641,FKS015,K-NET,140.3763,37.0237,106,-0.0263764291147933,crustal_oof_spatial,Crustal spatial OOF,-0.06073397248613719,87.13097169924873,130.01540153795986,0.3570040906549358,106792,183897,140.372535,37.02469221,0.028848066,-0.0024652662891001334,-0.07064092430769231,8,10,8_10
1101651,FKS016,K-NET,140.191,37.1232,143,-0.0153174889588856,crustal_oof_spatial,Crustal spatial OOF,-0.03526982173883087,70.4107635595575,141.01751453795973,0.03601167814114932,99787,173908,140.1912538,37.12294866,0.028985448,0.022998884458206185,-0.07050354230769232,7,10,7_10
1101661,FKS017,K-NET,140.3689,37.2844,150,-0.0397923194335034,crustal_oof_spatial,Crustal spatial OOF,-0.0916252015432422,86.46324617181453,158.84204333795984,0.2780858557714144,106821,183926,140.3703667,37.28661186,0.008451283,-0.03335649534620515,-0.09103770730769231,8,11,8_11
1101731,FKS024,K-NET,140.1326,37.3963,164,0.0764160123554336,crustal_oof_spatial,Crustal spatial OOF,0.17595437091567026,65.14114588358257,171.21527393795967,0.3352029521152165,97626,170938,140.134021,37.39349907,0.006034038,0.23422307711270732,-0.09345495230769231,7,11,7_11
1101741,FKS025,K-NET,139.8994,37.3082,132,0.0115297681308927,crustal_oof_spatial,Crustal spatial OOF,0.026548272223871357,44.09876845143989,161.47370453796,0.23131501589928607,88026,157929,139.8997875,37.31026791,0.007036294,0.0848169784209084,-0.09245269630769232,6,11,6_11
1101751,FKS026,K-NET,139.5368,37.2664,115,0.0998550200821306,crustal_oof_spatial,Crustal spatial OOF,0.229924680701735,11.380217607118174,156.85171133795976,0.45885606023136943,73262,137925,139.5387429,37.27023494,0.005115252,0.28819338689877205,-0.09437373830769231,5,11,5_11
1101761,FKS027,K-NET,139.6807,37.0701,98,-0.0375773912727597,crustal_oof_spatial,Crustal spatial OOF,-0.08652514097826104,24.364772120349762,135.14603513795967,0.4296083011594554,78775,145403,139.6777902,37.0731752,0.013777672,-0.028256434781223985,-0.08571131830769231,6,10,6_10
1101771,FKS028,K-NET,139.3144,37.3491,73,-0.0248168289184232,crustal_oof_spatial,Crustal spatial OOF,-0.05714286032294481,-8.687641487687767,165.99618113796006,0.3157398990408274,64046,125434,139.3109836,37.34848266,0.004296193,0.0011258458740922433,-0.09519279730769231,5,11,5_11
1101772,FKS028,K-NET,139.3619,37.3037,22,-0.0840633714101994,crustal_oof_spatial,Crustal spatial OOF,-0.19356306587594702,-4.40156546699076,160.97612153795998,0.3944100292502501,66255,128429,139.3662429,37.30410387,0.005114338,-0.13529435967890996,-0.09437465230769232,5,11,5_11
1101782,FKS029,K-NET,139.3806,37.0159,91,-0.0626320586755199,crustal_oof_spatial,Crustal spatial OOF,-0.1442156446497805,-2.7142050125267656,129.1529243379603,0.10104216737421473,66592,128897,139.3814576,37.01531242,0.046362138,-0.08594693845274345,-0.05312685230769232,5,10,5_10
1101851,GIF004,K-NET,137.5175,36.2493,40,-0.0361632819566846,crustal_oof_spatial,Crustal spatial OOF,-0.0832690339472025,-170.8276415212209,44.38689593795985,0.44827532440942713,680,23317,137.5152345,36.252908,-0.006405702,-0.025000327750165446,-0.10589469230769231,0,7,0_7
1101881,GIF007,K-NET,137.4854,36.0378,70,-0.0854775654450323,crustal_oof_spatial,Crustal spatial OOF,-0.19681936797915434,-173.72412657942039,21.00049493795975,1.1740929476300317,85,21793,137.4981601,36.03572175,-0.004636697,-0.13855066178211728,-0.10412568730769231,0,6,0_6
1102081,GNM001,K-NET,139.2246,36.7719,83,-0.0506198991774755,crustal_oof_spatial,Crustal spatial OOF,-0.11655662525491665,-16.79058099629192,102.17286833796031,0.2977535364032067,59923,119870,139.2249882,36.7692259,0.142465911,-0.0582879190578796,0.042976920692307685,5,9,5_9
1102091,GNM002,K-NET,138.9695,36.7821,91,-0.0333955257268633,crustal_oof_spatial,Crustal spatial OOF,-0.07689603971137458,-39.80906505692648,103.30072313796003,0.35429380669327026,49594,105872,138.9731585,36.78326331,0.094394932,-0.018627333514337527,-0.005094058307692315,4,9,4_9
1102101,GNM003,K-NET,139.0786,36.6581,113,-0.0487939691859801,crustal_oof_spatial,Crustal spatial OOF,-0.11235226607564859,-29.964625186229227,89.58954713795978,0.3209789478803184,53638,111358,139.0750796,36.65851656,-0.081362748,-0.054083559878611534,-0.1808517383076923,4,9,4_9
1102111,GNM004,K-NET,138.5921,36.6171,63,-0.0248365143919995,crustal_oof_spatial,Crustal spatial OOF,-0.05718818780095013,-73.86306695611916,85.05601313796014,0.38633033941749173,34441,84354,138.5922394,36.61360799,-0.085840978,0.0010805183960869297,-0.18532996830769233,3,8,3_8
1102121,GNM005,K-NET,138.5176,36.5134,31,-0.0008091389036315,crustal_oof_spatial,Crustal spatial OOF,-0.0018631111776634378,-80.58543882016185,73.58948933795975,0.26305936133968066,31449,79843,138.5148213,36.51268023,-0.045753036,0.05640559501937362,-0.1452420263076923,3,8,3_8
1102131,GNM006,K-NET,138.7527,36.5105,81,0.0080351749959243,crustal_oof_spatial,Crustal spatial OOF,0.018501674165213786,-59.37161834718811,73.2688247379601,0.4187880868118914,40585,93342,138.7565976,36.50844376,0.083916205,0.07677038036225084,-0.015572785307692322,3,8,3_8
1102141,GNM007,K-NET,139.0101,36.4619,56,0.0880930061976691,crustal_oof_spatial,Crustal spatial OOF,0.20284164286778497,-36.145597973973175,67.89492833796007,0.38034024620269974,50664,107336,139.0084738,36.45872661,0.21844331,0.261110349064822,0.11895431969230769,4,8,4_8
1102151,GNM008,K-NET,139.1368,36.3479,70,-0.0120195580961563,crustal_oof_spatial,Crustal spatial OOF,-0.02767605529658539,-24.71305414613153,55.28949233796037,0.5009180072006879,55818,114324,139.1362413,36.35240716,0.269046749,0.030592650900451667,0.16955775869230766,4,7,4_7
1102161,GNM009,K-NET,139.3253,36.4105,114,-0.0594693729644195,crustal_oof_spatial,Crustal spatial OOF,-0.13693329167757548,-7.704099832412417,62.21142473795995,0.2737085492798723,63573,124830,139.3226055,36.40936313,0.330710726,-0.07866458548053842,0.2312217356923077,5,8,5_8
1102171,GNM010,K-NET,139.5335,36.2343,97,0.0098715535506623,crustal_oof_spatial,Crustal spatial OOF,0.022730092050447456,11.082448115154243,42.72828593795979,0.35937705246369694,72040,136310,139.5315561,36.23146331,0.217506808,0.08099879824748452,0.11801781769230768,5,7,5_7
1102181,GNM011,K-NET,139.3607,36.2913,83,-0.0053047313051838,crustal_oof_spatial,Crustal spatial OOF,-0.012214595225655068,-4.509845282248972,49.03100393796003,0.13012826818233003,65036,126817,139.360816,36.29247303,0.402070836,0.04605411097138199,0.30258184569230767,5,7,5_7
1102201,GNM013,K-NET,139.0174,36.3181,59,-0.0981875993686899,crustal_oof_spatial,Crustal spatial OOF,-0.22608530262321697,-35.48689576447502,51.99438713796019,0.5245823601712736,51017,107820,139.02108,36.31442727,0.275583902,-0.1678165964261799,0.17609491169230768,4,7,4_7
1102211,GNM014,K-NET,138.7179,36.35,40,-0.0129225226125125,crustal_oof_spatial,Crustal spatial OOF,-0.029755207931449756,-62.511732989722454,55.521697737960224,0.47900365607427575,38832,90825,138.7163747,36.3541493,0.042549567,0.0285134982655873,-0.05693942330769231,3,7,3_7
1102221,GNM015,K-NET,138.7578,36.2286,41,-0.0624473400166871,crustal_oof_spatial,Crustal spatial OOF,-0.14379031421955427,-58.9114291323343,42.09801413796008,0.18948196758345445,40205,92811,138.7557077,36.2284542,-0.10952543,-0.08552160802251721,-0.2090144203076923,3,7,3_7
1102231,GNM016,K-NET,138.925,36.1164,88,-0.0530620182464124,crustal_oof_spatial,Crustal spatial OOF,-0.12217981221836725,-43.82444153947539,29.691611337959923,0.3784451543209324,46956,102298,138.9281612,36.11415075,-0.143541599,-0.0639111060213302,-0.2430305893076923,4,7,4_7
1104571,IBR001,K-NET,140.3582,36.7763,132,0.0186306166022474,crustal_oof_spatial,Crustal spatial OOF,0.04289858006162225,85.4977511524164,102.65939393795996,0.511597651926728,106091,182870,140.3565628,36.78072965,0.075470974,0.10116728625865931,-0.02401801630769232,8,9,8_9
1104581,IBR002,K-NET,140.7073,36.7126,131,-0.0557476185589745,crustal_oof_spatial,Crustal spatial OOF,-0.12836363546381288,116.998154075064,95.61583013796027,0.30462849005314724,118079,202362,140.7071841,36.70984665,0.00462074,-0.07009492926677582,-0.09486825030769232,9,9,9_9
1104591,IBR003,K-NET,140.6453,36.5914,132,-0.0511249812448981,crustal_oof_spatial,Crustal spatial OOF,-0.11771961969410255,111.40369695330929,82.21426133796008,0.10058045397001845,116092,198849,140.6448982,36.59224847,0.001501279,-0.059450913497065494,-0.09798771130769232,9,8,9_8
1104601,IBR004,K-NET,140.4094,36.5273,25,-0.002938951044974,crustal_oof_spatial,Crustal spatial OOF,-0.006767184865196407,90.1176899368318,75.1264679379597,0.2834750757761965,108067,185842,140.4123856,36.52809778,-0.005620795,0.05150152133184065,-0.10510978530769231,8,8,8_8
1104602,IBR004,K-NET,140.4102,36.5516,109,-0.0054671109980503,crustal_oof_spatial,Crustal spatial OOF,-0.012588488285854422,90.18987648033811,77.81341613796012,0.43592891396495875,108070,185845,140.4121805,36.55519592,0.005431197,0.04568021791118264,-0.09405779330769232,8,8,8_8
1104611,IBR005,K-NET,140.2373,36.3851,154,-0.0506232514471118,crustal_oof_spatial,Crustal spatial OOF,-0.1165643441410089,74.58855976499629,59.40284513796021,0.3637363894136205,101150,175826,140.2347372,36.38256086,-0.165655847,-0.05829563794397184,-0.26514483730769234,7,8,7_8
1104621,IBR006,K-NET,140.4528,36.369,116,-0.0430227769834511,crustal_oof_spatial,Crustal spatial OOF,-0.09906360494130184,94.03380992205854,57.62260373796004,0.4815838288735286,109353,187824,140.4493509,36.36567635,-0.053351891,-0.040794898744264785,-0.1528408813076923,8,8,8_8
1104631,IBR007,K-NET,140.5954,36.3526,121,-0.0303160034517017,crustal_oof_spatial,Crustal spatial OOF,-0.06980517762704438,106.9010613020933,55.809190137960336,0.5579902347520999,114311,195822,140.592409,36.34818324,-0.021530471,-0.011536471430007328,-0.12101946130769231,8,7,8_7
1104641,IBR008,K-NET,139.9826,36.3061,99,0.0993680987653621,crustal_oof_spatial,Crustal spatial OOF,0.22880350293628282,51.606168976113615,50.66749913796014,0.3653513047265147,90867,161818,139.9854596,36.30843919,-0.007648229,0.2870722091333199,-0.10713721930769232,7,7,7_7
1104651,IBR009,K-NET,139.7037,36.185,104,-0.0733974389351147,crustal_oof_spatial,Crustal spatial OOF,-0.16900384875593588,26.440135246161248,37.27698773796032,0.40218075968794936,79046,145805,139.7017392,36.18826634,0.518515562,-0.11073514255889882,0.4190265716923077,6,7,6_7
1104661,IBR010,K-NET,139.9652,36.1844,129,0.116861213383743,crustal_oof_spatial,Crustal spatial OOF,0.2690828878866029,50.03611165484901,37.21064333795968,0.4637015962890854,90115,160804,139.9692664,36.18183589,0.286114249,0.32735159408363995,0.18662525869230767,7,7,7_7
1104671,IBR011,K-NET,140.0901,36.1256,113,-0.1334697905854658,crustal_oof_spatial,Crustal spatial OOF,-0.3073255501671306,61.30623575980077,30.70889213795991,0.5112720884769402,94906,167298,140.0857695,36.12858182,0.005803394,-0.24905684397009353,-0.09368559630769231,7,7,7_7
1104681,IBR012,K-NET,140.2869,36.1901,111,-0.0124449438686547,crustal_oof_spatial,Crustal spatial OOF,-0.028655542235111964,79.06412546239902,37.84091513796018,0.44707065441488025,103264,178805,140.290078,36.19320188,-0.167177133,0.029613163961925093,-0.26666612330769235,8,7,8_7
1104682,IBR012,K-NET,140.2713,36.1954,21,-0.058443623886207,crustal_oof_spatial,Crustal spatial OOF,-0.134571417140931,77.65648786402174,38.42695733795999,0.26885433519427804,102558,177805,140.2722476,36.1930948,-0.183828806,-0.07630271094389393,-0.2833177963076923,8,7,8_7
1104691,IBR013,K-NET,140.4892,36.1587,107,0.0409825435518553,crustal_oof_spatial,Crustal spatial OOF,0.09436579385548127,97.31829765160553,34.368891537960415,0.257418928200295,110608,189801,140.4864533,36.15807095,-0.03846192,0.15263450005251833,-0.1379509103076923,8,7,8_7
1104701,IBR014,K-NET,140.1948,36.0729,120,-0.0165292218091244,crustal_oof_spatial,Crustal spatial OOF,-0.03805993973648192,70.75364964121192,24.88164233795974,0.28717936431553864,99308,173292,140.1932151,36.07515223,-0.036675635,0.02020876646055514,-0.1361646253076923,7,7,7_7
1104711,IBR015,K-NET,139.9082,36.0698,63,-0.0205054722946859,crustal_oof_spatial,Crustal spatial OOF,-0.047215594830546166,44.89282043000952,24.538862937960147,0.342745226345232,87520,157292,139.9083771,36.07289632,0.220005498,0.01105311136649089,0.12051650769230768,6,6,6_6
1104721,IBR016,K-NET,140.0494,35.9114,100,-0.0531116744224899,crustal_oof_spatial,Crustal spatial OOF,-0.1222941497891784,57.63374535890629,7.023941337960112,0.3015026529696229,93406,165274,140.0527382,35.91151879,0.368968163,-0.06402544359214134,0.2694791726923077,7,6,7_6
1104731,IBR017,K-NET,140.3196,35.9538,118,-0.0199443654147525,crustal_oof_spatial,Crustal spatial OOF,-0.045923598493235115,82.01475042822764,11.712278937960185,0.4837490981695911,104285,180278,140.3189297,35.94945944,0.162415695,0.012345107703801941,0.06292670469230768,8,6,8_6
1104741,IBR018,K-NET,140.6306,35.9766,93,0.0161396065525534,crustal_oof_spatial,Crustal spatial OOF,0.03716281745469848,110.07726921637695,14.233366137959809,0.15981426815772248,115446,197781,140.6298874,35.97792317,0.017099028,0.09543152365173554,-0.08238996230769231,9,6,9_6
1104751,IBR019,K-NET,140.6544,36.8808,69,-0.0519305965906788,crustal_oof_spatial,Crustal spatial OOF,-0.11957461757998443,112.22481888569733,114.21437693796014,0.17582514697131701,116410,199381,140.6525595,36.88132218,0.008905615,-0.06130591138294737,-0.09058337530769231,9,9,9_9
1105941,KNG001,K-NET,139.7061,35.5291,58,0.0149612960706257,crustal_oof_spatial,Crustal spatial OOF,0.034449657304093134,26.656694876680234,-35.24849886203997,0.22668714940688753,78604,145232,139.7036078,35.52884159,0.193479606,0.09271836350113019,0.09399061569230768,6,5,6_5
1105951,KNG002,K-NET,139.6334,35.4372,63,0.0035107769303927,crustal_oof_spatial,Crustal spatial OOF,0.008083862624749626,20.096742735527414,-45.41024946204025,0.10975723909130285,75642,141222,139.6344218,35.43773852,0.286018024,0.06635256882178668,0.18652903369230767,6,4,6_4
1105961,KNG003,K-NET,139.6582,35.2731,28,-0.0089674624823758,crustal_oof_spatial,Crustal spatial OOF,-0.0206483454339019,22.33452558422878,-63.555442862039996,0.39656169525283996,76362,142204,139.65478,35.27535239,0.43001021,0.03762036076313516,0.3305212196923077,6,4,6_4
1105971,KNG004,K-NET,139.6223,35.1442,45,0.0351562374507989,crustal_oof_spatial,Crustal spatial OOF,0.08095022827996853,19.09515444437484,-77.80843146204016,0.4787465601364192,74872,140190,139.6216728,35.14849929,0.423254989,0.1392189344770056,0.3237659986923077,6,3,6_3
1105981,KNG005,K-NET,139.549,35.3194,65,0.0836772873870042,crustal_oof_spatial,Crustal spatial OOF,0.19267407455949456,12.481062395592916,-58.43586666203975,0.0699739628851276,71939,136209,139.5482361,35.31929105,0.322409305,0.25094278075653165,0.22292031469230766,5,4,5_4
1105982,KNG005,K-NET,139.5461,35.3191,28,0.0262967581441694,crustal_oof_spatial,Crustal spatial OOF,0.060550523296834226,12.219386175380865,-58.469038862040065,0.19390130203206826,71939,136209,139.5482361,35.31929105,0.322409305,0.11881922949387128,0.22292031469230766,5,4,5_4
1105991,KNG006,K-NET,139.5391,35.4541,34,-0.0819338883083557,crustal_oof_spatial,Crustal spatial OOF,-0.18865974982985897,11.587753919698555,-43.54154886204029,0.20163701534246484,71585,135724,139.5369752,35.45466464,0.307680702,-0.13039104363282192,0.20819171169230766,5,4,5_4
1106011,KNG008,K-NET,139.3262,35.5749,25,-0.0930625043880732,crustal_oof_spatial,Crustal spatial OOF,-0.21428433532067034,-7.622889970967474,-30.184209662039986,0.510960608055629,62743,123738,139.3224214,35.57834173,-0.030162532,-0.1560156291236333,-0.1296515223076923,5,5,5_5
1106021,KNG009,K-NET,139.3621,35.4425,41,0.1092556910584498,crustal_oof_spatial,Crustal spatial OOF,0.2515705255559494,-4.383518831113536,-44.82420726203965,0.1691731440179386,64204,125723,139.3605523,35.44336349,0.21148459,0.30983923175298644,0.11199559969230768,5,4,5_4
1106031,KNG010,K-NET,139.3504,35.3355,41,0.0181257549371293,crustal_oof_spatial,Crustal spatial OOF,0.04173609311749715,-5.439247029895217,-56.65562526203958,0.3258547665769758,63823,125211,139.3539275,35.33486901,0.305424015,0.10000479931453421,0.20593502469230768,5,4,5_4
1106041,KNG011,K-NET,139.1554,35.6151,30,-0.0211904064582983,crustal_oof_spatial,Crustal spatial OOF,-0.04879271402536242,-23.034717009606148,-25.739134862040135,0.3796841452952173,55736,114242,139.1535767,35.61200535,0.109532709,0.009475992171674635,0.01004371869230769,4,5,4_5
1106051,KNG012,K-NET,139.2044,35.3793,39,0.0321925227870738,crustal_oof_spatial,Crustal spatial OOF,0.07412602307538728,-18.613291219832526,-51.812484062039864,0.19827122180636736,57555,116716,139.2030466,35.37788739,0.076886017,0.13239472927242435,-0.022602973307692314,4,4,4_4
1106061,KNG013,K-NET,139.1521,35.2642,36,-0.0162168139597632,crustal_oof_spatial,Crustal spatial OOF,-0.03734059407960849,-23.33248650157008,-64.53955146203967,0.5021390055524945,55328,113703,139.1527944,35.25969429,0.079603053,0.020928112117428566,-0.019885937307692322,4,4,4_4
1106071,KNG014,K-NET,139.0828,35.3609,21,0.0238970377285654,crustal_oof_spatial,Crustal spatial OOF,0.055024962840510984,-29.58564583282035,-53.84704566203984,0.415291657561416,52387,109714,139.0799869,35.35792745,0.026623497,0.11329366903754803,-0.07286549330769232,4,4,4_4
1107301,NGN001,K-NET,138.3657,36.8513,55,-0.0014257047011255,crustal_oof_spatial,Crustal spatial OOF,-0.003282806391823108,-94.29185876845673,110.95244393796028,0.3365378969854129,26663,72381,138.3690115,36.85270023,0.184322043,0.05498589980521395,0.08483305269230768,2,9,2_9
1107311,NGN002,K-NET,138.2069,36.8068,57,-0.0775275745513165,crustal_oof_spatial,Crustal spatial OOF,-0.1785138374578459,-108.6208876544979,106.03190093796036,0.37176410330050796,21107,63376,138.2089834,36.80389941,0.218589317,-0.12024513126080885,0.11910032669230769,2,9,2_9
1107321,NGN003,K-NET,138.4137,36.74,59,-0.0662814623368734,crustal_oof_spatial,Crustal spatial OOF,-0.152618707118731,-89.96066615806669,98.64555773796029,0.5492273422130237,28238,74868,138.4178674,36.73637973,0.297251435,-0.09435000092169393,0.1977624446923077,2,9,2_9
1107331,NGN004,K-NET,138.1941,36.6475,48,-0.1016167250505167,crustal_oof_spatial,Crustal spatial OOF,-0.2339811563001944,-109.77587235060174,88.41746273796015,0.3665545421081599,20489,62359,138.1966176,36.65010163,-0.049081694,-0.17571245010315734,-0.14857068430769232,2,9,2_9
1107341,NGN005,K-NET,137.863,36.6987,44,-0.0625103125135691,crustal_oof_spatial,Crustal spatial OOF,-0.14393531375214338,-139.65207804435306,94.07885153796032,0.30390478545958893,10027,43865,137.8630581,36.69595198,-0.015663884,-0.08566660755510633,-0.11515287430769232,1,9,1_9
1107351,NGN006,K-NET,137.8514,36.5084,46,-0.1460071912164483,crustal_oof_spatial,Crustal spatial OOF,-0.33619398196492506,-140.69878292519613,73.03661933796026,0.2888576867370162,9490,42844,137.8528487,36.50607046,-0.050011469,-0.277925275767888,-0.14950045930769232,1,8,1_8
1107361,NGN007,K-NET,138.1188,36.5344,53,-0.1040331255804557,crustal_oof_spatial,Crustal spatial OOF,-0.23954512413913484,-116.57043075815078,75.91154333795984,0.41267991749862765,17812,57846,138.1203678,36.53089398,-0.254125191,-0.18127641794209778,-0.3536141813076923,1,8,1_8
1107371,NGN008,K-NET,138.2491,36.4022,43,0.0151531339472199,crustal_oof_spatial,Crustal spatial OOF,0.03489138033901057,-104.81304748452936,61.29366053796012,0.42366310888953546,21969,64831,138.2503684,36.39851097,-0.110043804,0.09316008653604763,-0.2095327943076923,2,8,2_8
1107381,NGN009,K-NET,137.8718,36.3371,40,0.0054809180480153,crustal_oof_spatial,Crustal spatial OOF,0.012620280193282053,-138.85802606578085,54.09529313796001,0.3698155636722567,9728,43325,137.8686818,36.33492956,-0.042044976,0.07088898639031911,-0.14153396630769233,1,7,1_7
1107391,NGN010,K-NET,138.4349,36.3282,43,-0.0090743790016175,crustal_oof_spatial,Crustal spatial OOF,-0.020894529817302648,-88.04772275514507,53.11118453796034,0.39611617391636184,28193,74823,138.431341,36.33029723,0.53036202,0.037374176379734406,0.4308730296923077,2,7,2_7
1107401,NGN011,K-NET,138.2584,36.2718,33,0.02576222115506,crustal_oof_spatial,Crustal spatial OOF,0.05931970639405701,-103.97387891626667,46.87481093795994,0.3269579675038293,21955,64817,138.2548078,36.27218768,0.019880885,0.11758841259109407,-0.07960810530769231,2,7,2_7
1107411,NGN012,K-NET,137.9796,36.2571,51,0.0232967908405212,crustal_oof_spatial,Crustal spatial OOF,0.05364284330398434,-129.13088932828043,45.2493731379602,0.09490884502780764,12930,49316,137.978848,36.25649988,-0.04571348,0.11191154950102139,-0.14520247030769232,1,7,1_7
1107421,NGN013,K-NET,137.785,36.1827,38,0.0037572954497195,crustal_oof_spatial,Crustal spatial OOF,0.00865149249249848,-146.69026603623692,37.02266753795973,0.39049142756435395,7211,38308,137.7857941,36.17922847,-0.01347164,0.06692019868953554,-0.11296063030769232,0,7,0_7
1107432,NGN014,K-NET,138.4839,36.0956,58,0.0297560961465852,crustal_oof_spatial,Crustal spatial OOF,0.06851594341282466,-83.62629696537147,27.391672137959784,0.11678630804669572,29775,77297,138.4834844,36.09660025,-0.085503166,0.12678464960986172,-0.18499215630769233,2,7,2_7
1107441,NGN015,K-NET,138.1114,36.0451,68,0.0417022216284656,crustal_oof_spatial,Crustal spatial OOF,0.09602291386643877,-117.23815628558496,21.807685137959833,0.2266352713014509,16885,56292,138.1115644,36.04305477,0.017973548,0.15429162006347583,-0.08151544230769231,1,6,1_6
1107452,NGN016,K-NET,138.2229,35.9133,31,0.0393126988707413,crustal_oof_spatial,Crustal spatial OOF,0.09052083438513278,-107.17715678436616,7.234031937960015,0.33974238033570275,20407,62277,138.2229715,35.91022802,0.033781605,0.14878954058216984,-0.06570738530769232,2,6,2_6
1107461,NGN017,K-NET,137.8259,35.9749,40,-0.0365844020210898,crustal_oof_spatial,Crustal spatial OOF,-0.08423869872986262,-142.99972899946778,14.045390337959855,0.42225917078417036,8169,40285,137.8297423,35.97272011,-0.013380679,-0.02596999253282556,-0.11286966930769232,1,6,1_6
1107471,NGN018,K-NET,137.5298,35.8129,48,-0.1339239933514653,crustal_oof_spatial,Crustal spatial OOF,-0.3083713906853177,-169.7177734148101,-3.8675976620400383,0.4282025139184018,438,22768,137.5258096,35.81080409,-0.006863573,-0.25010268448828066,-0.10635256330769231,0,6,0_6
1107481,NGN019,K-NET,137.708,35.8561,44,-0.0688519124125919,crustal_oof_spatial,Crustal spatial OOF,-0.15853738714536583,-153.63822084873723,0.9091991379598282,0.4878469941978422,4835,33272,137.7103317,35.85211945,-0.012514251,-0.10026868094832878,-0.11200324130769232,0,6,0_6
1107491,NGN020,K-NET,137.9548,35.8278,28,-0.1076981345195971,crustal_oof_spatial,Crustal spatial OOF,-0.24798411908809176,-131.3686721769818,-2.220045062039557,0.5412329415225802,11517,46769,137.9507042,35.83137594,-0.053185258,-0.1897154128910547,-0.15267424830769233,1,6,1_6
1107501,NGN021,K-NET,137.9336,35.7293,24,-0.0818743061096273,crustal_oof_spatial,Crustal spatial OOF,-0.18852255674725915,-133.28161557990342,-13.111584062039707,0.39084327661525015,10971,45758,137.936792,35.73168933,-0.069658579,-0.1302538505502221,-0.1691475693076923,1,5,1_5
1107511,NGN022,K-NET,137.6126,35.6053,36,-0.0920966123083274,crustal_oof_spatial,Crustal spatial OOF,-0.21206028661640663,-162.24646616188826,-26.822760062039965,0.15985648191061622,2211,27245,137.6143169,35.60565645,-0.009253597,-0.15379158041936958,-0.10874258730769232,0,5,0_5
1107521,NGN023,K-NET,138.0338,35.5775,37,-0.0998819125697172,crustal_oof_spatial,Crustal spatial OOF,-0.22998660294276543,-124.24025100571438,-29.89671726203987,0.4199004912492403,13692,50741,138.030999,35.58053251,-0.093373844,-0.17171789674572838,-0.1928628343076923,1,5,1_5
1107531,NGN024,K-NET,137.8382,35.5232,50,-0.0943065905965517,crustal_oof_spatial,Crustal spatial OOF,-0.21714894967871243,-141.88986089305442,-35.900885462039625,0.19924178713024987,7871,39735,137.8387674,35.52145862,-0.025031572,-0.15888024348167537,-0.12452056230769232,1,5,1_5
1107541,NGN025,K-NET,137.8567,35.2807,29,-0.08827897784688,crustal_oof_spatial,Crustal spatial OOF,-0.20326985841497752,-140.22054707446765,-62.715080462039595,0.2876520654830496,8092,40208,137.8570717,35.2781163,-0.005967819,-0.14500115221794047,-0.10545680930769231,1,4,1_4
1107951,NIG018,K-NET,138.5583,37.3727,59,0.0822937591328142,crustal_oof_spatial,Crustal spatial OOF,0.1894883830256606,-76.91294841926737,168.60572753796026,0.15642417429156757,34191,83938,138.5591642,37.37147366,0.001885981,0.24775708922269765,-0.09760300930769232,3,11,3_11
1107961,NIG019,K-NET,138.7898,37.3057,35,0.0277677424507397,crustal_oof_spatial,Crustal spatial OOF,0.06393758983317119,-56.02396739207339,161.19726953796024,0.30501293974005206,42783,96430,138.7874396,37.30372545,0.00277445,0.12220629603020824,-0.09671454030769232,3,11,3_11
1107962,NIG019,K-NET,138.8121,37.3043,38,0.1036203815041569,crustal_oof_spatial,Crustal spatial OOF,0.23859474578182763,-54.011767491832195,161.0424659379598,0.2217045867446042,43848,97930,138.8145555,37.30422952,0.002982451,0.29686345197886466,-0.09650653930769232,3,11,3_11
1107971,NIG020,K-NET,138.9621,37.2348,55,0.0384370272263809,crustal_oof_spatial,Crustal spatial OOF,0.08850452591047094,-40.476790584363236,153.35757293796004,0.08985431892821404,49644,105922,138.9611341,37.23460236,0.006953505,0.14677323210750798,-0.09253548530769232,4,11,4_11
1107981,NIG021,K-NET,138.7468,37.1281,51,0.0486515024986113,crustal_oof_spatial,Crustal spatial OOF,0.11202422440506495,-59.90399410554826,141.55932713796045,0.3676245745425104,41004,93911,138.747355,37.1313937,0.005591548,0.170292930602102,-0.09389744230769231,3,10,3_10
1107991,NIG022,K-NET,138.8461,37.0366,75,0.0804176773061924,crustal_oof_spatial,Crustal spatial OOF,0.1851685449784442,-50.943839392804186,131.44180613796007,0.4151940691649832,44891,99400,138.8493628,37.03395238,0.02268375,0.24343725117548126,-0.07680524030769231,3,10,3_10
1108001,NIG023,K-NET,138.6546,37.0134,60,0.0414386910135364,crustal_oof_spatial,Crustal spatial OOF,0.09541611220095525,-68.22349324467396,128.87648933795975,0.2893742491246292,37189,88398,138.6517863,37.01214433,-0.003272399,0.1536848183979923,-0.10276138930769231,3,10,3_10
1108011,NIG024,K-NET,138.4442,37.1274,61,0.1918816791114337,crustal_oof_spatial,Crustal spatial OOF,0.44182389394065424,-87.2085541868824,141.48192533796023,0.39390202971030003,29566,76911,138.4407972,37.12516853,0.009733356,0.5000926001376913,-0.08975563430769232,2,10,2_10
1108021,NIG025,K-NET,138.2234,37.161,68,0.1481150601684663,crustal_oof_spatial,Crustal spatial OOF,0.34104752959182666,-107.13204019467568,145.1972117379602,0.49005350069202724,22054,64916,138.2228132,37.16540596,0.013810104,0.3993162357888637,-0.08567888630769231,2,10,2_10
1108031,NIG026,K-NET,138.2506,37.0224,50,0.0842045222216677,crustal_oof_spatial,Crustal spatial OOF,0.19388807763029792,-104.67769771545532,129.8716553379598,0.4122111551695537,22953,66400,138.2550838,37.02168635,0.049978579,0.252156783827335,-0.04951041130769231,2,10,2_10
1108041,NIG027,K-NET,137.8613,37.0235,57,0.0895287296020342,crustal_oof_spatial,Crustal spatial OOF,0.20614751817633872,-139.80547444930434,129.9932867379599,0.3704517219985078,10323,44401,137.8587449,37.02087765,0.010080603,0.26441622437337575,-0.08940838730769232,1,10,1_10
1108851,SIT001,K-NET,139.1938,36.2431,75,-0.0246452299416164,crustal_oof_spatial,Crustal spatial OOF,-0.056747739076976444,-19.569762921292043,43.701337137959875,0.238052154460192,58020,117312,139.1923206,36.24488253,0.418444859,0.0015209671200606123,0.3189558686923077,4,7,4_7
1108861,SIT002,K-NET,139.3888,36.1478,80,0.0445451955751014,crustal_oof_spatial,Crustal spatial OOF,0.10256910329573282,-1.9742929415836759,33.163634937959685,0.169427496146573,66127,128301,139.3905499,36.14835555,0.847998978,0.16083780949276988,0.7485099876923077,5,7,5_7
1108871,SIT003,K-NET,139.6969,36.0721,115,0.0096761038496688,crustal_oof_spatial,Crustal spatial OOF,0.02228005248250968,25.826549626356154,24.793183137959947,0.2425227912516354,78664,145292,139.6947719,36.07076032,0.546180602,0.08054875867954674,0.44669161169230764,6,6,6_6
1108881,SIT004,K-NET,139.1044,36.1178,116,0.0052161910679363,crustal_oof_spatial,Crustal spatial OOF,0.012010723795238817,-27.63660915814431,29.846414937960347,0.1796988169466496,54316,112298,139.1061964,36.11709849,0.013712295,0.07027942999227588,-0.08577669530769232,4,7,4_7
1108891,SIT005,K-NET,139.2626,36.0563,59,0.0201120218427725,crustal_oof_spatial,Crustal spatial OOF,0.0463096416851386,-13.361720179734826,23.04611393796009,0.3304211131718475,60582,120791,139.2589407,36.05618832,0.500721266,0.10457834788217565,0.4012322756923077,5,6,5_6
1108901,SIT006,K-NET,139.0713,35.9959,89,0.0626187363724042,crustal_oof_spatial,Crustal spatial OOF,0.14418496891322197,-30.623327395724807,16.36744433795994,0.4090067060133823,52827,110285,139.0734514,35.99915575,0.217521102,0.20245367511025902,0.11803211169230768,4,6,4_6
1108911,SIT007,K-NET,139.3933,36.0542,79,0.0124570389772873,crustal_oof_spatial,Crustal spatial OOF,0.02868339225194753,-1.5682436343589663,22.813908537960238,0.43382819065803746,66117,128291,139.3923912,36.05805269,0.95523278,0.08695209844898459,0.8557437896923077,5,6,5_6
1108921,SIT008,K-NET,139.7526,35.9745,52,0.0126590617003015,crustal_oof_spatial,Crustal spatial OOF,0.029148566762406094,30.852537717996253,14.001160737959957,0.3796907705431882,80867,148281,139.7497417,35.97197997,0.77062824,0.08741727295944315,0.6711392496923076,6,6,6_6
1108922,SIT008,K-NET,139.7456,35.9829,26,0.0126590617003015,crustal_oof_spatial,Crustal spatial OOF,0.029148566762406094,30.220905462313944,14.92998233796015,0.4169114110677693,80868,148282,139.7495993,35.98101187,0.771349297,0.08741727295944315,0.6718603066923077,6,6,6_6
1108931,SIT009,K-NET,139.4837,35.9032,20,-0.0462531559873967,crustal_oof_spatial,Crustal spatial OOF,-0.10650182748050795,6.588835781874292,6.1172345379598685,0.28050588963697703,69790,133274,139.4843042,35.90568844,0.440906717,-0.04823312128347089,0.3414177266923077,5,6,5_6
1108932,SIT009,K-NET,139.4826,35.9033,48,-0.0069783803853753,crustal_oof_spatial,Crustal spatial OOF,-0.016068314648607213,6.489579284552127,6.128291937960236,0.3056065169119612,69790,133274,139.4843042,35.90568844,0.440906717,0.04220039154842985,0.3414177266923077,5,6,5_6
1108941,SIT010,K-NET,139.6478,35.9071,112,0.0107827094382903,crustal_oof_spatial,Crustal spatial OOF,0.024828106014693447,21.396100518643923,6.548473137960042,0.3331422724489115,76432,142274,139.6441592,35.90760009,0.692256749,0.0830968122117305,0.5927677586923077,6,6,6_6
1108951,SIT011,K-NET,139.7214,35.8098,70,0.0256424467855459,crustal_oof_spatial,Crustal spatial OOF,0.05904391571629108,28.037262521241686,-4.210377062039632,0.3936679044770255,79742,146763,139.7256835,35.80912435,0.734004214,0.11731262191332814,0.6345152236923077,6,6,6_6
1108961,SIT012,K-NET,139.3216,35.8403,40,-0.0894334560372744,crustal_oof_spatial,Crustal spatial OOF,-0.2059281426863664,-8.037962596130797,-0.8378700620400285,0.3786436312900837,63141,124267,139.3257958,35.84035176,0.062278985,-0.14765943648932933,-0.03721000530769231,5,6,5_6
1108971,SIT013,K-NET,139.4659,35.7966,38,0.0350285655117827,crustal_oof_spatial,Crustal spatial OOF,0.0806562527763962,4.982685188855241,-5.669953862040159,0.2521768313860378,69040,132262,139.4686292,35.79709095,0.240176637,0.13892495897343327,0.14068764669230768,5,6,5_6
1108981,SIT014,K-NET,138.801,35.9954,75,-0.0075654773371769,crustal_oof_spatial,Crustal spatial OOF,-0.01742015533796782,-55.01335578298477,16.31215733795968,0.2981463740704143,41579,94785,138.7979254,35.99441248,-0.683970451,0.04084855085906924,-0.7834594413076923,3,6,3_6
1109191,SZO001,K-NET,139.0798,35.1425,26,0.0325306154129913,crustal_oof_spatial,Crustal spatial OOF,0.07490451011587611,-29.85634537096845,-77.99640726204012,0.3536103322632171,51994,109190,139.0762969,35.14106653,0.042878474,0.13317321631291318,-0.056610516307692316,4,3,4_3
1109201,SZO002,K-NET,139.103,34.9653,20,0.0076752536448545,crustal_oof_spatial,Crustal spatial OOF,0.017672924627590188,-27.762935609279747,-97.59012006204003,0.6005101157223564,53081,110670,139.106855,34.96087307,0.052769853,0.07594163082462724,-0.04671913730769232,4,3,4_3
1109211,SZO003,K-NET,139.0544,34.8158,90,0.0772191399704426,crustal_oof_spatial,Crustal spatial OOF,0.1778036405897618,-32.148268127301485,-114.12093306203961,0.2906791765543942,50851,107654,139.0576072,34.81555325,0.048855154,0.23607234678679886,-0.05063383630769232,4,2,4_2
1109221,SZO004,K-NET,138.8193,34.6471,30,-0.0169095328442411,crustal_oof_spatial,Crustal spatial OOF,-0.038935638256642764,-53.36208860027266,-132.77476686203974,0.3094003874367945,40729,93636,138.816636,34.64886168,0.008396231,0.019333067940394293,-0.09109275930769231,3,2,3_2
1109231,SZO005,K-NET,138.7841,34.755,32,0.0592114849183286,crustal_oof_spatial,Crustal spatial OOF,0.13633948250698522,-56.53829651455889,-120.84383226203965,0.36437467694555253,39694,92148,138.7875296,34.75673962,0.00785726,0.19460818870402227,-0.09163173030769231,3,2,3_2
1109241,SZO006,K-NET,138.7948,34.9111,20,-0.0200791517181483,crustal_oof_spatial,Crustal spatial OOF,-0.04623395542617406,-55.57280149515819,-103.5832308620402,0.24849932003540473,40059,92665,138.7921862,34.91039216,0.007636884,0.012034750770862995,-0.09185210630769232,3,2,3_2
1109261,SZO008,K-NET,138.8657,35.096,26,-0.1011743729111303,crustal_oof_spatial,Crustal spatial OOF,-0.23296260285818923,-49.175269076895255,-83.13809826204032,0.4048963987344443,43247,97185,138.8664201,35.09238569,0.008799732,-0.17469389666115218,-0.09068925830769231,4,3,4_3
1109271,SZO009,K-NET,138.9129,35.1972,23,0.0111380934918331,crustal_oof_spatial,Crustal spatial OOF,0.025646408038668897,-44.91626301001152,-71.94800946203968,0.5845929218340435,45407,100197,138.9163901,35.20165418,0.008414886,0.08391511423570595,-0.09107410430769232,4,3,4_3
1109281,SZO010,K-NET,138.9349,35.3091,33,0.002613213996871,crustal_oof_spatial,Crustal spatial OOF,0.006017147593998554,-42.931133063583594,-59.57477886203984,0.3563219018884549,46142,101209,138.9312384,35.31030667,-0.002520075,0.06428585379103562,-0.10200906530769231,4,4,4_4
1109292,SZO011,K-NET,138.6015,35.2129,34,-0.1228339126238934,crustal_oof_spatial,Crustal spatial OOF,-0.2828355361219101,-73.01487506991785,-70.21199766204019,0.24103123238527221,32953,82199,138.5990905,35.21384098,-0.003343688,-0.22456682992487303,-0.10283267830769231,3,4,3_4
1109301,SZO012,K-NET,138.6222,35.1257,28,-0.0581346406858927,crustal_oof_spatial,Crustal spatial OOF,-0.1338599570299017,-71.14704825668674,-79.85405046203972,0.32605237524657155,33608,83189,138.6193242,35.12391461,-0.000570313,-0.07559125083286464,-0.10005930330769232,3,3,3_3
1109311,SZO013,K-NET,138.4765,35.0409,25,-0.0387177497861568,crustal_oof_spatial,Crustal spatial OOF,-0.08915091349187806,-84.29402249280822,-89.23072566203987,0.39417880653976856,28050,74680,138.4724104,35.03964677,0.000313666,-0.030882207294841008,-0.09917532430769231,2,3,2_3
1109321,SZO014,K-NET,138.3741,34.9649,20,-0.0375512891851572,crustal_oof_spatial,Crustal spatial OOF,-0.0864650387004515,-93.53390006163899,-97.63434966203992,0.3684089220537649,24575,69172,138.378139,34.96538702,0.000211765,-0.02819633250341444,-0.09927722530769231,2,3,2_3
1109331,SZO015,K-NET,138.341,35.2433,34,-0.0281450960975074,crustal_oof_spatial,Crustal spatial OOF,-0.06480647871500543,-96.52061829921949,-66.85054806204018,0.21453296788979262,23677,67703,138.342753,35.24461068,0.000126105,-0.006537772517968374,-0.09936288530769231,2,4,2_4
1109341,SZO016,K-NET,138.312,34.8564,40,-0.0483233855861235,crustal_oof_spatial,Crustal spatial OOF,-0.11126870729361132,-99.13738050132973,-109.63162866203986,0.10479672597885088,22102,65160,138.3115043,34.85554291,0.000179627,-0.05300000109657427,-0.09930936330769231,2,2,2_2
1109361,SZO018,K-NET,138.2247,34.7389,45,-0.0409016318801105,crustal_oof_spatial,Crustal spatial OOF,-0.09417948784627246,-107.01473706147628,-122.62407366203982,0.4083264924321715,19085,60147,138.2278466,34.73624608,0.000171885,-0.035910781649235404,-0.09931710530769232,2,2,2_2
1109391,SZO021,K-NET,138.1332,35.0978,21,0.0240157885589584,crustal_oof_spatial,Crustal spatial OOF,0.05529839673235457,-115.27107297503427,-82.93906506204,0.4065196454261481,16490,55687,138.1366157,35.09540273,-0.001253319,0.11356710292939162,-0.10074230930769232,1,3,1_3
1109401,SZO022,K-NET,137.8127,35.0918,50,-0.1318985191249275,crustal_oof_spatial,Crustal spatial OOF,-0.30370756392504816,-144.19080696732348,-83.60250906204003,0.5074484432536353,6609,37187,137.8116811,35.08728673,-0.001664333,-0.2454388577280111,-0.10115332330769232,1,3,1_3
1109441,SZO026,K-NET,137.8964,34.9812,28,-0.0925426995508794,crustal_oof_spatial,Crustal spatial OOF,-0.2130874404512817,-136.63828985295672,-95.8319934620398,0.14419533149536062,8811,41675,137.8948093,34.98107524,-0.000878664,-0.15481873425424464,-0.10036765430769232,1,3,1_3
1109451,SZO027,K-NET,138.7934,34.7809,23,0.0258417497603133,crustal_oof_spatial,Crustal spatial OOF,0.05950282777497986,-55.69912794629619,-117.97996566203965,0.39301392983348077,40045,92651,138.7955613,34.78398584,0.008410926,0.11777153397201692,-0.09107806430769232,3,2,3_2
1109471,TCG001,K-NET,140.0825,36.9432,114,-0.0119946848595582,crustal_oof_spatial,Crustal spatial OOF,-0.02761878255278009,60.62046359648935,121.11419453795978,0.3018603805646194,95365,167888,140.0851509,36.94153479,0.153428943,0.030649923644256966,0.0539399526923077,7,10,7_10
1109481,TCG002,K-NET,139.8029,36.9903,111,-0.0119519118461095,crustal_oof_spatial,Crustal spatial OOF,-0.02752029404963068,35.3912666409667,126.32222993795982,0.38994616676565963,83932,152394,139.8052847,36.99324103,0.047496271,0.030748412147406378,-0.051992719307692316,6,10,6_10
1109491,TCG003,K-NET,139.7184,36.8153,132,-0.0048859241671119,crustal_oof_spatial,Crustal spatial OOF,-0.01125025615269121,27.766562983093586,106.97177993796012,0.3990952373249104,80222,147374,139.7182472,36.81169285,-0.055027253,0.04701845004434585,-0.1545162433076923,6,9,6_9
1109501,TCG004,K-NET,139.4221,36.8065,93,-0.0504937954095052,crustal_oof_spatial,Crustal spatial OOF,-0.11626626059861786,1.0304719318740483,105.99872873796004,0.1823329844858035,68045,130874,139.4217729,36.80812722,0.2326525,-0.0579975544015808,0.1331635096923077,5,9,5_9
1109511,TCG005,K-NET,139.9264,36.8061,127,0.05068325313292,crustal_oof_spatial,Crustal spatial OOF,0.11670250312830537,46.53506429478303,105.95449913796014,0.19696088619909585,88708,158873,139.9250353,36.8047098,0.407958716,0.17497120932534244,0.3084697256923077,7,9,7_9
1109521,TCG006,K-NET,140.1295,36.7638,132,-0.0044191228921111,crustal_oof_spatial,Crustal spatial OOF,-0.010175406495483754,64.86142302749586,101.27721893796044,0.37360951373646617,97188,170368,140.1322014,36.76123938,0.324646872,0.0480932997015533,0.22515788169230766,7,9,7_9
1109531,TCG007,K-NET,139.8873,36.5677,102,0.0090171954614427,crustal_oof_spatial,Crustal spatial OOF,0.02076285985013153,43.00694698090376,79.5936575379603,0.3945615037135086,86837,156347,139.8835122,36.56948282,0.097525723,0.07903156604716859,-0.0019632673076923207,6,8,6_8
1109541,TCG008,K-NET,139.7676,36.56,101,-0.0230672116275606,crustal_oof_spatial,Crustal spatial OOF,-0.053114217630559964,32.20603540874187,78.74223773796031,0.08441255647442482,82039,149846,139.7672149,36.55930428,0.257169712,0.005154488566477093,0.15768072169230768,6,8,6_8
1109551,TCG009,K-NET,139.7159,36.7261,128,-0.038803433950207,crustal_oof_spatial,Crustal spatial OOF,-0.0893482085707257,27.540980034635982,97.10857913796033,0.5825528554769667,80213,147365,139.7195996,36.73041763,-0.00336279,-0.031079502373688644,-0.10285178030769232,6,9,6_9
1109561,TCG010,K-NET,139.4379,36.6348,103,-0.0888449462991113,crustal_oof_spatial,Crustal spatial OOF,-0.20457304893619022,2.4561561661285567,87.0131729379599,0.3902803931316035,68395,131355,139.4342433,36.63668509,0.208482466,-0.14630434273915316,0.10899347569230769,5,8,5_8
1109571,TCG011,K-NET,139.6144,36.3869,88,-0.0236131764330473,crustal_oof_spatial,Crustal spatial OOF,-0.05437134805297303,18.382312327247586,59.60187833795975,0.3402531627791702,75747,141327,139.6180242,36.38605027,0.137577727,0.003897358144064028,0.038088736692307695,6,8,6_8
1109581,TCG012,K-NET,139.8048,36.2863,106,-0.0092279944609079,crustal_oof_spatial,Crustal spatial OOF,-0.021248242483918156,35.56270968179519,48.47813393795975,0.3443048292742734,83485,151816,139.80719,36.28872732,0.469435336,0.0370204637131189,0.36994634569230767,6,7,6_7
1109591,TCG013,K-NET,140.0227,36.4368,125,0.053313916355167,crustal_oof_spatial,Crustal spatial OOF,0.122759829048539,55.22451946937643,65.11952093795985,0.33293671381867135,92357,163832,140.0195846,36.4351867,-0.054401081,0.18102853524557605,-0.1538900713076923,7,8,7_8
1109601,TCG014,K-NET,140.1804,36.5428,157,-0.0050189199158399,crustal_oof_spatial,Crustal spatial OOF,-0.011556490181143884,69.45429185809542,76.84036493796003,0.23743423012209328,98996,172844,140.1794061,36.54478822,0.055795565,0.046712216015893177,-0.04369342530769232,7,8,7_8
1109611,TCG015,K-NET,139.7144,36.7488,98,-0.0054203442041596,crustal_oof_spatial,Crustal spatial OOF,-0.012480803763394572,27.405630265561935,99.61860893796037,0.37085448179147185,79846,146867,139.7103221,36.74838192,-0.047090391,0.04578790243364249,-0.14657938130769232,6,9,6_9
1109621,TCG016,K-NET,140.1558,36.5288,80,-0.0003882827444045,crustal_oof_spatial,Crustal spatial OOF,-0.000894054059132619,67.23455564527127,75.29232893795971,0.37285964888202433,97897,171342,140.1527378,36.52653589,0.040851495,0.057374652137904436,-0.058637495307692314,7,8,7_8
1109751,TKY001,K-NET,139.0953,35.8031,39,-0.013690520658498,crustal_oof_spatial,Crustal spatial OOF,-0.03152358878358452,-28.457731090529776,-4.95122286203987,0.2620593675132442,53543,111263,139.0959946,35.80079879,-0.139195612,0.026745117413452535,-0.2386846023076923,4,6,4_6
1109761,TKY002,K-NET,139.1454,35.7306,38,-0.0242551088224021,crustal_oof_spatial,Crustal spatial OOF,-0.05584945200341144,-23.937048803436557,-12.96783786203965,0.3399814585190773,55380,113755,139.1420111,35.72925619,-0.0781278,0.002419254193625618,-0.1776167903076923,4,5,4_5
1109771,TKY003,K-NET,139.2916,35.7968,76,-0.0290245468631312,crustal_oof_spatial,Crustal spatial OOF,-0.066831488937953,-10.744957977624589,-5.647839062040211,0.23397871845872176,61660,122262,139.2912746,35.79470069,-0.005331332,-0.008562782740915945,-0.10482032230769231,5,6,5_6
1109781,TKY004,K-NET,139.4034,35.6301,49,0.0090183761017657,crustal_oof_spatial,Crustal spatial OOF,0.020765578374939454,-0.6568885225899452,-24.080524862040072,0.4472604748626769,66070,128244,139.4009364,35.63360991,0.140711423,0.0790342845719765,0.04122243269230769,5,5,5_5
1109791,TKY005,K-NET,139.4156,35.5782,64,0.05489379682488,crustal_oof_spatial,Crustal spatial OOF,0.12639763826681258,0.44395626588479514,-29.81931546203966,0.4036895737623311,66802,129238,139.4197023,35.57965669,0.255081292,0.18466634446384964,0.1555923016923077,5,5,5_5
1109801,TKY006,K-NET,139.5028,35.6989,31,-0.013660323610493,crustal_oof_spatial,Crustal spatial OOF,-0.03145405751099579,8.312289508092732,-16.47303366203973,0.2957048896401,70505,134251,139.5059606,35.69819323,0.068245361,0.02681464868604127,-0.03124362930769231,5,5,5_5
1109811,TKY007,K-NET,139.6864,35.7111,57,-0.004472928778831,crustal_oof_spatial,Crustal spatial OOF,-0.010299299128160322,24.87910124283269,-15.124030862039731,0.36832875827374806,77886,144252,139.6829699,35.70929419,0.510371494,0.047969407068876736,0.4108825036923077,6,5,6_5
1109821,TKY008,K-NET,139.3909,34.7851,86,-0.0390263715195761,crustal_oof_spatial,Crustal spatial OOF,-0.08986154129462333,-1.7848032648805212,-117.51555486203995,0.09478609656250157,64869,126650,139.3912253,34.78428492,0.201471741,-0.03159283509758627,0.1019827506923077,5,2,5_2
1109831,TKY009,K-NET,139.441,34.6867,70,0.0917131112955694,crustal_oof_spatial,Crustal spatial OOF,0.21117724290128195,2.7358790222152654,-128.39603646203972,0.39403677403750575,66703,129139,139.436889,34.6854981,0.209765588,0.269445949098319,0.11027659769230769,5,2,5_2
1109841,TKY010,K-NET,139.2557,34.3775,76,-0.0326560014309213,crustal_oof_spatial,Crustal spatial OOF,-0.07519322209163162,-13.984329117478525,-162.58551726204018,0.3928670354861291,58920,118605,139.2595965,34.37591473,0.019744491,-0.016924515894594566,-0.07974449930769231,5,1,5_1
1109851,TKY011,K-NET,139.5315,34.1228,61,0.0145832879010858,crustal_oof_spatial,Crustal spatial OOF,0.03357926132788059,10.901981756387135,-190.74871506204016,0.4766517813404745,70331,134077,139.5341741,34.12651756,0.004072737,0.09184796752491764,-0.09541625330769232,5,0,5_0
1109871,TKY013,K-NET,139.8341,35.6627,74,-0.1159177765024678,crustal_oof_spatial,Crustal spatial OOF,-0.26691054418759785,38.20654183772127,-20.47581246203983,0.33034334268992155,84154,152747,139.8342418,35.66568529,0.050836458,-0.2086418379905608,-0.048652532307692314,6,5,6_5
1109881,TKY014,K-NET,139.8351,35.7002,71,-0.0943089399223779,crustal_oof_spatial,Crustal spatial OOF,-0.2171543592013384,38.29677501710482,-16.329287462039673,0.2179734374354885,84158,152751,139.8337161,35.70181574,0.180032549,-0.15888565300430135,0.08054355869230767,6,5,6_5
1109891,TKY015,K-NET,139.8119,35.7313,69,-0.0959438173059301,crustal_oof_spatial,Crustal spatial OOF,-0.2209188034935788,36.20336525541612,-12.890436062040223,0.4375017013270668,83423,151754,139.8155972,35.72874026,0.242058003,-0.16265009729654176,0.14256901269230768,6,5,6_5
1109901,TKY016,K-NET,139.799,35.6486,66,-0.1158720468504991,crustal_oof_spatial,Crustal spatial OOF,-0.2668052477726669,35.03935724137366,-22.034905862039732,0.14707207640945455,82676,150745,139.7990926,35.64727207,0.070037435,-0.20853654157562984,-0.02945155530769232,6,5,6_5
1109911,TKY017,K-NET,139.8092,35.6473,78,-0.1175526538860201,crustal_oof_spatial,Crustal spatial OOF,-0.27067498847983845,35.9597356710813,-22.178652062039788,0.11339190658024761,83045,151245,139.8079455,35.64736002,0.075326912,-0.2124062822828014,-0.02416207830769232,6,5,6_5
1109921,TKY018,K-NET,139.8114,35.6553,37,-0.1182200108727921,crustal_oof_spatial,Crustal spatial OOF,-0.2722116347292851,36.15824866572306,-21.29406006204028,0.3456312075495372,83046,151246,139.8078112,35.6563926,0.067478149,-0.21394292853224806,-0.032010841307692314,6,5,6_5
1109941,TKY020,K-NET,139.8086,35.6646,68,-0.1044494256108134,crustal_oof_spatial,Crustal spatial OOF,-0.24050369038324945,35.90559576345218,-20.265721862039925,0.12354309346995514,83047,151247,139.8076769,35.66542516,0.059629387,-0.1822349841862124,-0.039859603307692316,6,5,6_5
1109951,TKY021,K-NET,139.819,35.6875,99,-0.0943089399223779,crustal_oof_spatial,Crustal spatial OOF,-0.2171543592013384,36.84402082903448,-17.733577262039937,0.4990020852297492,83418,151749,139.8162651,35.68357766,0.102638814,-0.15888565300430135,0.0031498236923076794,6,5,6_5
1109961,TKY022,K-NET,139.7963,35.7002,43,-0.1039333064940665,crustal_oof_spatial,Crustal spatial OOF,-0.23931528219881879,34.79572765703883,-16.329287462039673,0.22707035116756888,82682,150751,139.7982803,35.70146713,0.167762129,-0.18104657600178173,0.0682731386923077,6,5,6_5
1109971,TKY023,K-NET,139.8254,35.7259,73,-0.0943089399223779,crustal_oof_spatial,Crustal spatial OOF,-0.2171543592013384,37.42151317708768,-13.487535662039617,0.3346186361040112,83792,152254,139.8244591,35.72882717,0.25136097,-0.15888565300430135,0.1518719796923077,6,5,6_5
1109981,TKY024,K-NET,139.8623,35.7401,69,0.0421928341207819,crustal_oof_spatial,Crustal spatial OOF,0.09715259087768294,40.75111749632517,-11.917384862040134,0.309615930603002,85269,154255,139.8597785,35.73820092,0.2900916,0.15542129707472,0.1906026096923077,6,5,6_5
1109991,TKY025,K-NET,139.8972,35.7136,75,-0.1109804116694543,crustal_oof_spatial,Crustal spatial OOF,-0.25554184152442794,43.900255456795556,-14.847595862039983,0.27944940539289453,86742,156252,139.8956054,35.71143349,0.18279329,-0.19727313532739088,0.08330429969230768,6,5,6_5
1110001,TKY026,K-NET,139.8633,35.6707,89,-0.1159177765024678,crustal_oof_spatial,Crustal spatial OOF,-0.26691054418759785,40.841350675708725,-19.59122046204032,0.5283098787698461,85262,154248,139.8606787,35.67497229,0.065792692,-0.2086418379905608,-0.033696298307692316,6,5,6_5
1110011,TKY027,K-NET,139.8913,35.693,65,-0.1044494256108134,crustal_oof_spatial,Crustal spatial OOF,-0.24050369038324945,43.36787969843542,-17.125420262040173,0.38962520547282514,86371,155750,139.8869963,35.69328635,0.0828358,-0.1822349841862124,-0.016653190307692314,6,5,6_5
1110021,TKY028,K-NET,139.7891,35.6698,65,-0.0958318499397117,crustal_oof_spatial,Crustal spatial OOF,-0.2206609891052225,34.1460487654793,-19.690737062039695,0.49984878659959264,82310,150248,139.7898309,35.67428097,0.078927186,-0.16239228290818544,-0.02056180430769232,6,5,6_5
1110221,TYM001,K-NET,137.6257,36.9764,28,-0.018582674703711,crustal_oof_spatial,Crustal spatial OOF,-0.042788189760722496,-161.06441151196856,124.78525133795986,0.22871264974312908,4069,31397,137.6264267,36.97838158,0.002129394,0.01548051643631456,-0.09735959630769231,0,10,0_10
1110251,TYM004,K-NET,137.5274,36.8626,41,-0.1440241283498838,crustal_oof_spatial,Crustal spatial OOF,-0.33162781096990357,-169.93433304532908,112.20193013796012,0.5947389430124453,1536,25384,137.523873,36.85805622,-0.000129182,-0.2733591047728665,-0.09961817230769232,0,9,0_9
1110691,YMN001,K-NET,138.9198,35.7895,37,-0.0683689220437128,crustal_oof_spatial,Crustal spatial OOF,-0.15742526072192511,-44.29365407226781,-6.455029262040294,0.10960464903022946,46195,101262,138.9189044,35.78883037,-0.185827926,-0.09915655452488806,-0.2853169163076923,4,6,4_6
1110701,YMN002,K-NET,138.9473,35.6133,55,-0.0058568497421133,crustal_oof_spatial,Crustal spatial OOF,-0.013485894908096107,-41.81224163923163,-25.93816806203967,0.5443585285056056,47265,102743,138.9498968,35.6177436,0.087347722,0.044782811288940946,-0.012141268307692313,4,5,4_5
1110711,YMN003,K-NET,138.8129,35.4651,29,-0.0821662870957315,crustal_oof_spatial,Crustal spatial OOF,-0.1891948678133004,-53.939580948323304,-42.32523486203998,0.36919611379820805,41520,94726,138.8125441,35.46177375,-0.140061487,-0.13092616161626333,-0.23955047730769233,3,4,3_4
1110721,YMN004,K-NET,138.7266,35.7025,44,-0.0285000747314477,crustal_oof_spatial,Crustal spatial OOF,-0.06562384722584776,-61.72670432908887,-16.074967262039873,0.17497416204222904,38415,90253,138.7262119,35.7040504,-0.097908704,-0.007355141028810699,-0.19739769430769233,3,5,3_5
1110731,YMN005,K-NET,138.5679,35.6551,39,0.0813787210771232,crustal_oof_spatial,Crustal spatial OOF,0.18738143003910424,-76.04670989718885,-21.316174862040228,0.08274408725186412,32341,81248,138.5682206,35.65580109,-0.081243056,0.2456501362361413,-0.1807320463076923,3,5,3_5
1110741,YMN006,K-NET,138.6069,35.4685,22,0.03018354272304,crustal_oof_spatial,Crustal spatial OOF,0.06950017552782081,-72.5276159012482,-41.94928326204007,0.2728716605950011,33646,83227,138.609252,35.46694885,-0.042417249,0.12776888172485787,-0.1419062393076923,3,4,3_4
1110772,YMN009,K-NET,138.4628,35.4966,53,-0.0635225004439087,crustal_oof_spatial,Crustal spatial OOF,-0.14626596259185182,-85.53021705035701,-38.842153862039844,0.5405866238503085,28421,75231,138.4668918,35.50017099,0.034916175,-0.08799725639481476,-0.06457281530769232,2,4,2_4
1110781,YMN010,K-NET,138.4182,35.7919,37,-0.0943838295304268,crustal_oof_spatial,Crustal spatial OOF,-0.21732679889645198,-89.55461685084197,-6.189651662040126,0.5489661608408636,27178,73263,138.4223067,35.78823703,0.153331681,-0.15905809269941493,0.05384269069230768,2,6,2_6
1200581,AICH17,KiK-net,137.7268,35.184,37,0.0204865094489237,crustal_oof_spatial,Crustal spatial OOF,0.04717193126457338,-151.94183707633462,-73.40758626204021,0.17659012606243554,4536,32698,137.7286923,35.18440738,-0.00250514,0.10544063746161043,-0.10199413030769232,0,3,0_3
1201491,CHBH04,KiK-net,140.0206,35.7966,89,-0.0889627946202092,crustal_oof_spatial,Crustal spatial OOF,-0.20484440472358462,55.03502979267327,-5.669953862040159,0.35537440426787786,91917,163261,140.0186548,35.79380546,0.250804742,-0.14657569852654756,0.1513157516923077,7,6,7_6
1201521,CHBH06,KiK-net,140.5046,35.7215,34,-0.0079049576393402,crustal_oof_spatial,Crustal spatial OOF,-0.018201837621094147,98.70788861410558,-13.974061262040054,0.3973909410991761,111190,190753,140.5069771,35.72452542,0.119015936,0.04006686857594291,0.019526945692307687,8,5,8_5
1201571,CHBH10,KiK-net,140.2417,35.5458,107,-0.1246987399739422,crustal_oof_spatial,Crustal spatial OOF,-0.28712945977914006,74.9855857542824,-33.40191306203995,0.38169604371534566,101057,175733,140.2428003,35.54246687,0.224572279,-0.228860753582103,0.1250832886923077,7,5,7_5
1201591,CHBH11,KiK-net,140.1529,35.2867,66,-0.0318873011144456,crustal_oof_spatial,Crustal spatial OOF,-0.07342322420193487,66.97287942505923,-62.05163646203957,0.44573722464156745,97393,170705,140.1570153,35.2889298,0.344381783,-0.01515451800489781,0.24489279269230768,7,4,7_4
1201611,CHBH12,KiK-net,139.8554,35.3445,47,-0.1056632664676471,crustal_oof_spatial,Crustal spatial OOF,-0.24329866224546184,40.12850855858148,-55.66045926204033,0.43655061635100223,84856,153711,139.8565709,35.34066933,0.261233677,-0.1850299560484248,0.16174468669230768,6,4,6_4
1201631,CHBH13,KiK-net,140.298,35.8307,95,-0.0566313187477056,crustal_oof_spatial,Crustal spatial OOF,-0.13039843034506116,80.06571375355159,-1.8993804620399115,0.4010952312991907,103574,179265,140.3021854,35.8319217,0.228422754,-0.0721297241480241,0.1289337636923077,8,6,8_6
1201651,CHBH14,KiK-net,140.823,35.7342,53,-0.0583361471979698,crustal_oof_spatial,Crustal spatial OOF,-0.13432394292075164,127.43813292969168,-12.569771462039792,0.27517507007021047,121429,208754,140.8260349,35.73444405,0.026753621,-0.07605523672371459,-0.07273536930769231,9,5,9_5
1201691,CHBH16,KiK-net,139.9649,35.1384,39,-0.0068005259787308,crustal_oof_spatial,Crustal spatial OOF,-0.015658789743144285,50.009041701033176,-78.44976066204025,0.4957680064741824,89262,159689,139.9649359,35.14288349,0.607298814,0.04260991645389277,0.5078098236923076,7,3,7_3
1201711,CHBH17,KiK-net,140.3398,35.1714,52,-0.0111027461087655,crustal_oof_spatial,Crustal spatial OOF,-0.02556501768134109,83.83746065176568,-74.8008186620401,0.325371123669179,104889,181192,140.3430764,35.17262886,0.263134606,0.03270368851569597,0.16364561569230768,8,3,8_3
1201741,CHBH19,KiK-net,140.5107,35.5943,54,-0.1370119578630805,crustal_oof_spatial,Crustal spatial OOF,-0.31548169173745755,99.25831100834296,-28.039074062040275,0.49224631190441326,111176,190739,140.507754,35.59804679,0.195139245,-0.2572129855404205,0.09565025469230767,8,5,8_5
1201761,CHBH20,KiK-net,140.0997,35.0882,46,-0.0676298570932629,crustal_oof_spatial,Crustal spatial OOF,-0.15572350078426478,62.172474281879296,-84.00057546203988,0.26015428750531405,94791,167183,140.0975137,35.08973376,0.190109081,-0.09745479458722772,0.0906200906923077,7,3,7_3
1202501,FKSH05,KiK-net,139.8725,37.2544,91,-0.0670648661510474,crustal_oof_spatial,Crustal spatial OOF,-0.15442256106304272,41.67149592603281,155.5248233379597,0.18046537766864387,86913,156423,139.8734625,37.25583065,0.009501361,-0.09615385486600567,-0.08998762930769232,6,11,6_11
1202521,FKSH06,KiK-net,139.5199,37.1723,131,-0.1511291256126863,crustal_oof_spatial,Crustal spatial OOF,-0.3479876717529961,9.855276875544066,146.44669793796004,0.302125623962201,72513,136914,139.5226051,37.17068981,0.009450589,-0.28971896555595905,-0.09003840130769232,5,10,5_10
1202541,FKSH07,KiK-net,139.3755,37.0103,73,-0.0735986696723196,crustal_oof_spatial,Crustal spatial OOF,-0.1694671996516761,-3.174394227380582,128.53370993796017,0.525350895033849,66222,128396,139.3726427,37.00616038,0.050237698,-0.11119849345463903,-0.04925129230769232,5,10,5_10
1202561,FKSH08,KiK-net,140.2144,37.2822,138,-0.1034743284235074,crustal_oof_spatial,Crustal spatial OOF,-0.23825844613553823,72.52221995712343,158.5987805379604,0.4362220752260831,100890,175426,140.216644,37.28569432,0.008859302,-0.17998973993850118,-0.09062968830769232,7,11,7_11
1202601,FKSH10,KiK-net,140.093,37.1616,158,-0.0809312145384566,crustal_oof_spatial,Crustal spatial OOF,-0.18635100815415317,61.56791198001026,145.26355613796005,0.38128398784036865,95758,168412,140.0915722,37.15835459,0.0253935,-0.12808230195711612,-0.07409549030769232,7,10,7_10
1202621,FKSH11,KiK-net,140.3386,37.2006,125,-0.0178964783821311,crustal_oof_spatial,Crustal spatial OOF,-0.041208164339785275,83.72918083650747,149.57594213796023,0.5948377212406788,105455,181916,140.33499,37.19609877,0.012322215,0.017060541857251782,-0.08716677530769232,8,10,8_10
1202661,FKSH13,KiK-net,140.5853,36.9951,27,-0.0429918755625972,crustal_oof_spatial,Crustal spatial OOF,-0.09899245179029131,105.9897061903217,126.85298513796015,0.5041485518666109,114383,195894,140.5889641,36.99854201,0.010822575,-0.04072374559325426,-0.08866641530769231,8,10,8_10
1202821,FKSH21,KiK-net,139.3147,37.3421,112,-0.0755113193302103,crustal_oof_spatial,Crustal spatial OOF,-0.17387123824205536,-8.660571533874498,165.22216313796028,0.4314074456798609,64045,125433,139.3111858,37.33945463,0.004493073,-0.1156025320450183,-0.09499591730769232,5,11,5_11
1203071,GIFH14,KiK-net,137.5174,36.2493,41,-0.1244124322481096,crustal_oof_spatial,Crustal spatial OOF,-0.2864702118776289,-170.83666483915948,44.38689593795985,0.44423308573370285,680,23317,137.5152345,36.252908,-0.006405702,-0.22820150568059183,-0.10589469230769231,0,7,0_7
1203411,GNMH05,KiK-net,139.1847,36.3143,105,-0.0543377561469213,crustal_oof_spatial,Crustal spatial OOF,-0.12511730729064657,-20.390884853680074,51.574205937960386,0.3996255099292955,57659,116820,139.1817282,36.31697965,0.363981674,-0.06684860109360952,0.26449268369230766,4,7,4_7
1203431,GNMH06,KiK-net,139.5443,36.2441,36,-0.0326127695033435,crustal_oof_spatial,Crustal spatial OOF,-0.07509367689964958,12.056966452490983,43.81191113796041,0.5286027945157696,72410,136811,139.5403055,36.24060315,0.155065281,-0.01682497070261252,0.055576290692307684,5,7,5_7
1203451,GNMH07,KiK-net,139.2104,36.6998,133,-0.0545222110981794,crustal_oof_spatial,Crustal spatial OOF,-0.12554203051174243,-18.071892143533766,94.20048293796043,0.3721919646645824,59177,118862,139.2087119,36.6967288,-0.043545323,-0.06727332431470537,-0.1430343133076923,4,9,4_9
1203471,GNMH08,KiK-net,138.5244,36.4917,114,0.0664755618969739,crustal_oof_spatial,Crustal spatial OOF,0.1530656378723751,-79.9718532003542,71.19003353796023,0.3446734723876425,31775,80341,138.5243404,36.49481675,0.009726632,0.21133434406941215,-0.08976235830769232,3,8,3_8
1203491,GNMH09,KiK-net,138.9068,36.6212,113,-0.055594470573951,crustal_oof_spatial,Crustal spatial OOF,-0.1280109991964757,-45.46668540424889,85.50936653796026,0.20720537463738636,46649,101854,138.9057502,36.61953338,-0.117103602,-0.06974229299943865,-0.21659259230769232,4,8,4_8
1203511,GNMH10,KiK-net,138.7291,36.2356,33,-0.0433625171429052,crustal_oof_spatial,Crustal spatial OOF,-0.09984588556795228,-61.50112138063126,42.87203213795985,0.15620918467183773,39165,91312,138.7287078,36.23697598,-0.116664257,-0.04157717937091522,-0.2161532473076923,3,7,3_7
1203531,GNMH11,KiK-net,138.921,36.2862,124,0.0860966272976664,crustal_oof_spatial,Crustal spatial OOF,0.1982448105726709,-44.185374257009606,48.46707653796016,0.24461404225268601,46975,102317,138.9236345,36.28567847,0.518197621,0.25651351676970796,0.4187086306923077,4,7,4_7
1203551,GNMH12,KiK-net,138.9129,36.144,109,0.0084110663316906,crustal_oof_spatial,Crustal spatial OOF,0.01936719595153489,-44.91626301001152,32.74345373795988,0.4495681354674455,46234,101301,138.9096408,36.14092482,0.058551175,0.07763590214857194,-0.04093781530769232,4,7,4_7
1203571,GNMH13,KiK-net,139.0627,36.862,64,0.0064182963219987,crustal_oof_spatial,Crustal spatial OOF,0.014778673433452719,-31.399332738419783,112.13558573796027,0.4722180376128138,53292,110881,139.0608933,36.86600804,0.099654863,0.07304737963048978,0.00016587269230768087,4,9,4_9
1203591,GNMH14,KiK-net,139.3219,36.4931,94,-0.0569898848633069,crustal_oof_spatial,Crustal spatial OOF,-0.13122405933769749,-8.01089264231496,71.34483713795987,0.2891461812792311,63582,124839,139.3208545,36.49062814,0.226780733,-0.07295535314066043,0.1272917426923077,5,8,5_8
1204481,IBRH06,KiK-net,140.6545,36.8809,43,-0.0862065340296546,crustal_oof_spatial,Crustal spatial OOF,-0.19849788017536663,112.23384220363594,114.22543433795973,0.18121354942699505,116410,199381,140.6525595,36.88132218,0.008905615,-0.14022917397832957,-0.09058337530769231,9,9,9_9
1204501,IBRH07,KiK-net,140.3301,35.9521,108,-0.0667851692498922,crustal_oof_spatial,Crustal spatial OOF,-0.15377853514788611,82.96219881174854,11.52430313796023,0.3527957434077,104631,180778,140.3278175,35.94950954,0.152623759,-0.09550982895084906,0.05313476869230768,8,6,8_6
1204521,IBRH08,KiK-net,140.5621,36.1188,32,0.0763159229504979,crustal_oof_spatial,Crustal spatial OOF,0.17572390654389863,103.89629642863301,29.95698893796009,0.5323663015356633,113084,193797,140.557949,36.12222135,-0.015261769,0.2339926127409357,-0.11475075930769231,8,7,8_7
1204541,IBRH09,KiK-net,140.3559,36.439,21,-0.0774206690533892,crustal_oof_spatial,Crustal spatial OOF,-0.1782676784519594,85.29021483983345,65.36278373796007,0.35766814721237616,106053,182832,140.3594079,36.43749385,-0.057753745,-0.11999897225492234,-0.1572427353076923,8,8,8_8
1204561,IBRH10,KiK-net,139.9889,36.1112,120,0.0111139484975796,crustal_oof_spatial,Crustal spatial OOF,0.02559081213483036,52.174638006228214,29.116626537959693,0.18094236518457535,90845,161796,139.9880214,36.10972904,0.398080623,0.08385951833186742,0.2985916326923077,7,7,7_7
1204581,IBRH11,KiK-net,140.1401,36.3701,147,-0.0269634861197021,crustal_oof_spatial,Crustal spatial OOF,-0.06208572119437793,65.81789472895538,57.744235137960146,0.44325269807219975,97145,170325,140.1365354,36.37285822,-0.249224732,-0.00381701499734087,-0.3487137223076923,7,8,7_8
1204601,IBRH12,KiK-net,140.3181,36.8369,148,-0.0440393958446526,crustal_oof_spatial,Crustal spatial OOF,-0.101404456376361,81.87940065915103,109.36017833796006,0.3037354127624256,104729,180876,140.3201524,36.83472277,0.087974443,-0.043135750179323945,-0.011514547307692316,8,9,8_9
1204621,IBRH13,KiK-net,140.575,36.7955,145,0.0340853101461919,crustal_oof_spatial,Crustal spatial OOF,0.07848432703270017,105.06030444267547,104.78241473795973,0.541257189872962,113763,194872,140.5720575,36.79976556,0.016000894,0.13675303322973723,-0.08348809630769231,8,9,8_9
1204641,IBRH14,KiK-net,140.5484,36.6922,145,-0.0548308383073073,crustal_oof_spatial,Crustal spatial OOF,-0.12625267092277268,102.66010187108422,93.36012053796003,0.26088323859091217,112843,193360,140.5457406,36.69127434,0.015665989,-0.06798396472573562,-0.08382300130769231,8,9,8_9
1204661,IBRH15,KiK-net,140.3013,36.5566,146,-0.0345680930959961,crustal_oof_spatial,Crustal spatial OOF,-0.07959597585607102,80.36348324551552,78.3662861379604,0.3770701378296887,104004,179845,140.3047002,36.55461761,0.021150061,-0.021327269659033962,-0.07833892930769232,8,8,8_8
1204681,IBRH16,KiK-net,140.3976,36.6405,146,-0.0500531055091854,crustal_oof_spatial,Crustal spatial OOF,-0.11525153460350847,89.05293842011149,87.6434447379604,0.5777616195413282,107417,184854,140.3936312,36.63639969,0.037555847,-0.05698282840647141,-0.06193314330769231,8,8,8_8
1204701,IBRH17,KiK-net,140.314,36.0864,126,-0.0502626182595372,crustal_oof_spatial,Crustal spatial OOF,-0.11573395553926069,81.50944462368076,26.374391337959796,0.3750293997472687,104300,180293,140.3177628,36.08495961,-0.048208664,-0.057465249342223634,-0.14769765430769233,8,7,8_7
1204721,IBRH18,KiK-net,140.6198,36.3631,132,-0.0765303023751409,crustal_oof_spatial,Crustal spatial OOF,-0.17621753341132626,109.10275087904022,56.97021713796038,0.3632641109103203,115197,197324,140.6191209,36.36633818,-0.016744962,-0.1179488272142892,-0.11623395230769232,9,8,9_8
1204741,IBRH19,KiK-net,140.0893,36.2137,115,-0.0501455880731971,crustal_oof_spatial,Crustal spatial OOF,-0.11546448357676366,61.234049216294444,40.450461537960386,0.5772181719408189,95284,167807,140.0937414,36.20994309,-0.307838749,-0.0571957773797266,-0.40732773930769234,7,7,7_7
1204761,IBRH20,KiK-net,140.7323,35.8284,72,-0.0671248234309803,crustal_oof_spatial,Crustal spatial OOF,-0.15456061780203267,119.25398355964256,-2.1537006620397117,0.5581917405525948,118531,203264,140.7282193,35.82460599,0.030788949,-0.09629191160499562,-0.06870004130769232,9,6,9_6
1204781,IBRH21,KiK-net,140.105,35.9814,39,-0.0897252761443054,crustal_oof_spatial,Crustal spatial OOF,-0.20660008331465188,62.65071013260777,14.764121337960143,0.30929957453918744,95628,168282,140.1052221,35.98419134,0.581556469,-0.14833137711761482,0.4820674786923077,7,6,7_6
1206911,KNGH10,KiK-net,139.5195,35.4991,87,-0.0394485498422517,crustal_oof_spatial,Crustal spatial OOF,-0.09083364280700139,9.819183603789618,-38.56571886204009,0.10743104030967902,70852,134729,139.5184852,35.49960811,0.328287086,-0.03256493660996433,0.2287980956923077,5,4,5_4
1206931,KNGH11,KiK-net,139.3539,35.404,44,-0.0839973442001915,crustal_oof_spatial,Crustal spatial OOF,-0.19341103260645084,-5.123430902054061,-49.081306262039554,0.368533399582546,63831,125219,139.3524595,35.40711873,0.250198733,-0.1351423264094138,0.1507097426923077,5,4,5_4
1206951,KNGH18,KiK-net,139.1283,35.6437,87,-0.0087406426756071,crustal_oof_spatial,Crustal spatial OOF,-0.020126073528040498,-25.48003617088789,-22.576718462039647,0.48283133287070684,54633,112746,139.126195,35.64771452,0.08499161,0.03814263266899656,-0.01449738030769232,4,5,4_5
1206971,KNGH19,KiK-net,139.0436,35.4173,53,-0.043180553044776,crustal_oof_spatial,Crustal spatial OOF,-0.09942689774813987,-33.122786464638224,-47.61067206204023,0.36340519312570063,50918,107721,139.0431881,35.4205693,0.012451926,-0.04115819155110281,-0.08703706430769231,4,4,4_4
1206991,KNGH20,KiK-net,139.126,35.3663,74,0.1419326443119752,crustal_oof_spatial,Crustal spatial OOF,0.3268119910019802,-25.68757248346827,-53.249946062039655,0.24340740391526786,54233,112215,139.1238695,35.36765022,0.036175467,0.3850806971990173,-0.06331352330769231,4,4,4_4
1207011,KNGH21,KiK-net,139.2146,35.4628,62,-0.00365756466092,crustal_oof_spatial,Crustal spatial OOF,-0.008421853864896214,-17.692912790124893,-42.57955506203977,0.5384912895308182,58302,117725,139.2189001,35.45942317,-0.023386202,0.04984685233214084,-0.12287519230769231,5,4,5_4
1207051,KNGH23,KiK-net,139.611,35.2624,45,0.0139998752823087,crustal_oof_spatial,Crustal spatial OOF,0.03223590412881982,18.075519517345043,-64.73858466203998,0.3785424567885975,74516,139703,139.6108762,35.26582194,0.372687768,0.09050461032585688,0.27319877769230766,6,4,6_4
1208651,NGNH03,KiK-net,137.7346,35.4786,40,-0.0738147403098049,crustal_oof_spatial,Crustal spatial OOF,-0.16996472068058344,-151.23801827714595,-40.83248586203992,0.43790504604214625,5021,33731,137.7343071,35.48255307,-0.011645001,-0.11169601448354638,-0.11113399130769232,0,4,0_4
1208671,NGNH07,KiK-net,138.376,36.7434,47,-0.0426655335296012,crustal_oof_spatial,Crustal spatial OOF,-0.09824102148989737,-93.3624570208105,99.0215093379602,0.3171967991679324,26651,72369,138.3727149,36.74442102,0.359368177,-0.039972315292860314,0.2598791866923077,2,9,2_9
1208691,NGNH08,KiK-net,137.8591,36.2541,34,0.002162962879489,crustal_oof_spatial,Crustal spatial OOF,0.004980406083010848,-140.0039874439461,44.917651137960185,0.35940116905838293,9462,42816,137.8630181,36.25351552,-0.027845071,0.0632491122800479,-0.12733406130769231,1,7,1_7
1208711,NGNH09,KiK-net,138.2491,36.2859,20,-0.0787826077875766,crustal_oof_spatial,Crustal spatial OOF,-0.18140365827887053,-104.81304748452936,48.433904337959845,0.5732087441292076,21654,64319,138.2452587,36.29002881,-0.023517801,-0.12313495208183348,-0.12300679130769232,2,7,2_7
1208731,NGNH10,KiK-net,137.7669,35.9632,84,-0.1230887433701622,crustal_oof_spatial,Crustal spatial OOF,-0.2834223055995052,-148.3234865830718,12.75167453796012,0.16052388006817528,6468,36784,137.7679712,35.96204095,-0.011191477,-0.22515359940246815,-0.11068046730769232,0,6,0_6
1208751,NGNH11,KiK-net,138.3052,35.9157,55,0.0705517167705382,crustal_oof_spatial,Crustal spatial OOF,0.1624513313209793,-99.75096612113482,7.499409537960182,0.4564552206608712,23136,66777,138.3028373,35.91204988,0.125528805,0.22072003751801636,0.026039814692307678,2,6,2_6
1208771,NGNH12,KiK-net,138.4797,35.9696,63,-0.0731017695521033,crustal_oof_spatial,Crustal spatial OOF,-0.1683230448421591,-84.00527631878033,13.459348137960042,0.10988040612211242,29438,76783,138.4786209,35.97006049,0.063392714,-0.11005433864512204,-0.03609627630769231,2,6,2_6
1208791,NGNH13,KiK-net,137.8767,35.5143,44,-0.0775933836281275,crustal_oof_spatial,Crustal spatial OOF,-0.17866536845709463,-138.41588348680426,-36.884994062040086,0.22991054829554117,8870,41734,137.8744282,35.51335853,-0.02958448,-0.12039666226005757,-0.1290734703076923,1,5,1_5
1208811,NGNH14,KiK-net,137.6261,35.3095,36,0.0077951206044589,crustal_oof_spatial,Crustal spatial OOF,0.0179489285019178,-161.02831824021413,-59.53054926203995,0.17397154725590516,2178,27212,137.6267778,35.30802708,-0.003558265,0.07621763469895486,-0.10304725530769232,0,4,0_4
1208831,NGNH15,KiK-net,137.9305,36.0088,33,-0.0855543666257172,crustal_oof_spatial,Crustal spatial OOF,-0.1969962092329237,-133.56133843599267,17.793848937960153,0.4942616651126218,11002,45789,137.9259986,36.01134699,-0.012760977,-0.13872750303588666,-0.11224996730769232,1,6,1_6
1208851,NGNH16,KiK-net,138.1848,35.9465,46,0.0103763161455924,crustal_oof_spatial,Crustal spatial OOF,0.023892350877034493,-110.61504091886444,10.905088737960103,0.1682126723534798,19219,60281,138.1861985,35.9454941,0.034409631,0.08216105707407155,-0.06507935930769232,2,6,2_6
1208871,NGNH17,KiK-net,138.5504,36.1425,53,0.0558782530771141,crustal_oof_spatial,Crustal spatial OOF,0.1286644325579116,-77.62579053639462,32.577592737959876,0.2692659506703771,32395,81302,138.5532572,36.14320262,-0.005112706,0.18693313875494866,-0.10460169630769231,3,7,3_7
1208891,NGNH18,KiK-net,137.595,35.9324,51,-0.07436153013748,crustal_oof_spatial,Crustal spatial OOF,-0.17122375078678892,-163.83457011903008,9.3459953379602,0.3976712443390986,2041,26781,137.5916428,35.93007003,-0.006237261,-0.11295504458975186,-0.10572625130769231,0,6,0_6
1208911,NGNH19,KiK-net,138.5845,35.9735,57,-0.0724763714495204,crustal_oof_spatial,Crustal spatial OOF,-0.16688301249396495,-74.54883911943057,13.890586737960215,0.15199643116275724,33369,82783,138.5852119,35.97225418,-0.60825446,-0.10861430629692789,-0.7077434503076924,3,6,3_6
1208931,NGNH20,KiK-net,137.7173,35.787,44,-0.0802565069925742,crustal_oof_spatial,Crustal spatial OOF,-0.18479743661687376,-152.7990522804745,-6.731464262040042,0.45056908675308593,4828,33265,137.7129384,35.7889839,-0.01482514,-0.1265287304198367,-0.11431413030769232,0,6,0_6
1208951,NGNH21,KiK-net,137.9236,35.8315,42,-0.0600749394034695,crustal_oof_spatial,Crustal spatial OOF,-0.1383276599329495,-134.18394737373637,-1.8109212620401178,0.100208183223467,10717,45269,137.9241167,35.83069781,-0.04643306,-0.08005895373591243,-0.1459220503076923,1,6,1_6
1208971,NGNH22,KiK-net,138.0824,35.7946,40,-0.0458085048524664,crustal_oof_spatial,Crustal spatial OOF,-0.10547798040563455,-119.85491848769522,-5.891101862039644,0.4984758036406267,15704,54265,138.0849752,35.7985883,-0.124072437,-0.047209274208597496,-0.2235614273076923,1,6,1_6
1208991,NGNH23,KiK-net,137.6105,35.6056,54,-0.0621229892845694,crustal_oof_spatial,Crustal spatial OOF,-0.14304346905887835,-162.4359558385914,-26.78958786203965,0.3444675800224429,2211,27245,137.6143169,35.60565645,-0.009253597,-0.0847747628618413,-0.10874258730769232,0,5,0_5
1209011,NGNH24,KiK-net,137.8797,35.6152,75,-0.0692744970192811,crustal_oof_spatial,Crustal spatial OOF,-0.1595104241612571,-138.14518394865362,-25.728077462039767,0.2643967063153092,9135,42245,137.8794067,35.61282088,-0.044324539,-0.10124171796422005,-0.1438135293076923,1,5,1_5
1209031,NGNH25,KiK-net,137.9268,35.2986,49,-0.0252354564008676,crustal_oof_spatial,Crustal spatial OOF,-0.05810678572353891,-133.89520119971104,-60.73580586203989,0.06955340731868306,10132,44210,137.9268016,35.29797098,-0.008666846,0.00016192047349814637,-0.10815583630769232,1,4,1_4
1209051,NGNH26,KiK-net,138.1474,36.4663,35,0.0121158906124786,crustal_oof_spatial,Crustal spatial OOF,0.027897869112639723,-113.98976182779242,68.38145393795972,0.29931210618507376,18686,59339,138.1495154,36.46838502,-0.253247466,0.08616657530967678,-0.3527364563076923,1,8,1_8
1209071,NGNH27,KiK-net,138.0479,36.577,83,-0.0890215292157403,crustal_oof_spatial,Crustal spatial OOF,-0.20497964612769756,-122.96796317641372,80.62199573795986,0.31240499658888443,15504,53851,138.0471087,36.57424948,-0.143264459,-0.1467109399306605,-0.24275344930769233,1,8,1_8
1209091,NGNH28,KiK-net,138.0964,36.7075,84,-0.1576632170823876,crustal_oof_spatial,Crustal spatial OOF,-0.3630329733673899,-118.59165397633315,95.0519027379604,0.3798668805884234,17249,56866,138.0957157,36.71088972,0.023843919,-0.3047642671703528,-0.07564507130769231,1,9,1_9
1209111,NGNH29,KiK-net,138.4408,36.9102,84,0.0653567440435353,crustal_oof_spatial,Crustal spatial OOF,0.15048946456127177,-87.51534699678493,117.46525253796042,0.252203695482482,29220,76387,138.4390648,36.90841191,0.04624569,0.20875817075830883,-0.053243300307692316,2,9,2_9
1209131,NGNH30,KiK-net,137.6849,36.064,59,-0.1068347585053342,crustal_oof_spatial,Crustal spatial OOF,-0.2459961223480014,-155.7226072924873,23.89753373796007,0.4678290720614924,4410,32296,137.6835588,36.0680869,-0.006837913,-0.18772741615096433,-0.10632690330769232,0,6,0_6
1209151,NGNH31,KiK-net,137.9389,36.1184,64,-0.0047944122981319,crustal_oof_spatial,Crustal spatial OOF,-0.011039542287345838,-132.8033797291749,29.912759337960193,0.1925722613854725,11549,46801,137.93957,36.12005352,-0.013435929,0.047229163909691216,-0.11292491930769231,1,7,1_7
1209171,NGNH32,KiK-net,137.9898,36.2578,50,0.0630205550127237,crustal_oof_spatial,Crustal spatial OOF,0.1451101905245088,-128.2105108985728,45.32677493796041,0.21922916733739942,13208,49816,137.9877587,36.25672481,-0.046800015,0.20337889672154585,-0.14628900530769232,1,7,1_7
1209191,NGNH33,KiK-net,137.9637,36.4598,55,-0.1301987558965416,crustal_oof_spatial,Crustal spatial OOF,-0.2997937144537473,-130.56559688047355,67.66272293796021,0.4669362727350944,12677,48839,137.9618765,36.46375197,-0.102035041,-0.24152500825671025,-0.2015240313076923,1,8,1_8
1209211,NGNH34,KiK-net,137.8201,36.5327,59,-0.0747732833227002,crustal_oof_spatial,Crustal spatial OOF,-0.17217184753306977,-143.5230814398893,75.72356753795988,0.37552442033603495,8480,40847,137.8159876,36.53217875,-0.037201998,-0.11390314133603271,-0.13669098830769233,1,8,1_8
1209231,NGNH35,KiK-net,137.8201,36.3824,43,-0.0687167787272971,crustal_oof_spatial,Crustal spatial OOF,-0.1582262303360447,-143.5230814398893,59.10429533795973,0.43812478878326444,8463,40830,137.8222554,36.37884952,-0.036841769,-0.09995752413900763,-0.1363307593076923,1,8,1_8
1209271,NGNH37,KiK-net,138.4967,36.3308,38,0.0120985148653222,crustal_oof_spatial,Crustal spatial OOF,0.027857859976257764,-82.47131226926761,53.39867693796045,0.2770544088949169,30450,78323,138.4938004,36.3316241,0.248950433,0.08612656617329482,0.14946144269230768,2,7,2_7
1209291,NGNH54,KiK-net,138.0058,35.4489,35,-0.140141483172864,crustal_oof_spatial,Crustal spatial OOF,-0.3226876900639126,-126.76678002844362,-44.11653366203973,0.5874114448561482,12840,49226,138.0095199,35.44454035,-0.035613878,-0.26441898386687557,-0.1351028683076923,1,4,1_4
1209631,NIGH11,KiK-net,138.744,37.1728,117,0.1211895665997598,crustal_oof_spatial,Crustal spatial OOF,0.279049289479016,-60.15664700782169,146.50198493796032,0.4497341725008452,41009,93916,138.7460152,37.17651999,0.004298393,0.3373179956760531,-0.09519059730769232,3,10,3_10
1209651,NIGH12,KiK-net,138.9821,37.2239,88,-0.0080916129736462,crustal_oof_spatial,Crustal spatial OOF,-0.018631627411394965,-38.67212699669986,152.15231633796012,0.32543558721197097,50380,106921,138.9794378,37.22588557,0.007755798,0.03963707878564209,-0.09173319230769232,4,11,4_11
1209671,NIGH13,KiK-net,138.3966,37.0544,54,0.064944432512571,crustal_oof_spatial,Crustal spatial OOF,0.14954008217640383,-91.50365352551802,133.41002333796018,0.3016251712714713,27954,74403,138.3981937,37.05200217,0.023211132,0.20780878837344088,-0.07627785830769232,2,10,2_10
1209691,NIGH14,KiK-net,138.8521,37.0303,82,-0.0308626735360882,crustal_oof_spatial,Crustal spatial OOF,-0.07106393201413852,-50.402440316505434,130.7451899379597,0.4733959347685993,44891,99400,138.8493628,37.03395238,0.02268375,-0.012795225817101463,-0.07680524030769231,3,10,3_10
1209711,NIGH15,KiK-net,138.9951,37.0533,92,-0.0562675286317264,crustal_oof_spatial,Crustal spatial OOF,-0.12956077264702887,-37.49909566471879,133.28839193796009,0.23292460275872234,50730,107402,138.993006,37.05453182,0.029946509,-0.07129206644999181,-0.06954248130769232,4,10,4_10
1209731,NIGH16,KiK-net,137.848,36.9378,34,-0.0726342622105272,crustal_oof_spatial,Crustal spatial OOF,-0.16724656940658067,-141.0055757350987,120.51709493796038,0.3853047891142928,9795,43392,137.8441063,36.93923049,0.011105441,-0.10897786320954361,-0.08838354930769232,1,10,1_10
1209751,NIGH17,KiK-net,138.0966,36.8569,86,-0.0334944887544023,crustal_oof_spatial,Crustal spatial OOF,-0.07712391050334344,-118.57360734045592,111.5716583379604,0.2872632471547408,17556,57382,138.09924,36.85544811,0.092478994,-0.018855204306306383,-0.0070099963076923205,1,9,1_9
1209771,NIGH18,KiK-net,138.2594,36.9425,70,0.1128448478923501,crustal_oof_spatial,Crustal spatial OOF,0.2598348645781059,-103.88364573688311,121.03679273796034,0.2558658119421735,22944,66391,138.2580014,36.94048707,0.101409974,0.31810357077514295,0.0019209836923076845,2,10,2_10
1209791,NIGH19,KiK-net,138.7849,36.8114,65,-0.0456111786417342,crustal_oof_spatial,Crustal spatial OOF,-0.10502362001434559,-56.466109971052546,106.54054133795995,0.4979591770025342,42021,95375,138.783853,36.80697839,0.096090923,-0.046754913817308535,-0.0033980673076923207,3,9,3_9
1211041,SITH01,KiK-net,139.7349,35.929,60,-0.157395021680967,crustal_oof_spatial,Crustal spatial OOF,-0.3624154306340693,29.255410442915814,8.97004373796029,0.3291845977780017,80124,147276,139.7326857,35.92663405,0.577087278,-0.3041467244370322,0.4775982876923077,6,6,6_6
1211061,SITH03,KiK-net,139.3843,35.899,77,-0.0443664928154429,crustal_oof_spatial,Crustal spatial OOF,-0.10215762498526626,-2.380342248808386,5.652823737960165,0.4592630760030381,65730,127773,139.3868061,35.89538493,0.286974834,-0.0438889187882292,0.1874858436923077,5,6,5_6
1211081,SITH04,KiK-net,139.5353,35.8028,79,-0.0466159984043307,crustal_oof_spatial,Crustal spatial OOF,-0.1073373030208461,11.244867838044126,-4.984395062040186,0.5948400861522989,71993,136263,139.5394113,35.8070052,0.625456085,-0.04906859682380904,0.5259670946923077,5,6,5_6
1211101,SITH05,KiK-net,139.0504,36.1509,96,-0.0772203422281742,crustal_oof_spatial,Crustal spatial OOF,-0.17780640889049254,-32.50920084483313,33.50641433796007,0.20979427808380452,52106,109302,139.0518904,36.15235623,0.124365697,-0.11953770269345548,0.024876706692307682,4,7,4_7
1211121,SITH06,KiK-net,139.2894,36.1131,102,0.0428634724547403,crustal_oof_spatial,Crustal spatial OOF,0.09869679270824593,-10.943470972266354,29.32671713796038,0.4332245607536666,62064,122797,139.2933554,36.11087922,1.034424743,0.156965498905283,0.9349357526923077,5,7,5_7
1211141,SITH07,KiK-net,139.1485,35.9118,104,-0.0410242894755923,crustal_oof_spatial,Crustal spatial OOF,-0.09446191739717136,-23.65732594734728,7.0681709379600095,0.25963902325715116,55769,114275,139.1466762,35.90998381,-0.024399671,-0.0361932112001343,-0.12388866130769231,4,6,4_6
1211161,SITH08,KiK-net,138.9691,36.0274,112,-0.0482693610967222,crustal_oof_spatial,Crustal spatial OOF,-0.11114431130965928,-39.845158328680924,19.850525337960075,0.42180970979860183,48407,104288,138.9660926,36.02447952,-0.032175168,-0.05287560511262222,-0.13166415830769232,4,6,4_6
1211181,SITH09,KiK-net,139.0993,36.0715,72,0.007919605754316,crustal_oof_spatial,Crustal spatial OOF,0.018235566152277886,-28.096798372998126,24.7268387379601,0.0897486829130751,53942,111793,139.0983823,36.071813,0.028058673,0.07650427234931495,-0.07143031730769231,4,6,4_6
1211201,SITH10,KiK-net,139.2191,35.9964,95,-0.0277621891888762,crustal_oof_spatial,Crustal spatial OOF,-0.0639248029751868,-17.286863482900184,16.422731337960208,0.5356863666346123,58730,118284,139.2158859,35.99232682,0.138946653,-0.0056560967781497384,0.03945766269230769,5,6,5_6
1211221,SITH11,KiK-net,139.2726,35.8637,100,0.008349795756322,crustal_oof_spatial,Crustal spatial OOF,0.019226115238051983,-12.459388385901851,1.7495615379602267,0.33523774078053264,60930,121270,139.2719743,35.86668849,0.13098529,0.07749482143508904,0.03149629969230769,5,6,5_6
1212181,SZOH30,KiK-net,137.9181,35.2233,42,-0.0653673181185572,crustal_oof_spatial,Crustal spatial OOF,-0.1505138122687894,-134.68022986034205,-69.06202806203973,0.34559477020486584,9864,43702,137.920732,35.22557054,-0.004640559,-0.09224510607175235,-0.10412954930769232,1,4,1_4
1212201,SZOH31,KiK-net,138.0767,34.9398,24,0.1084759715751184,crustal_oof_spatial,Crustal spatial OOF,0.24977515509691348,-120.3692476101807,-100.40975706204013,0.36050985224190646,14468,52170,138.0805936,34.94053099,-0.000371609,0.30804386129395056,-0.09986059930769231,1,3,1_3
1212221,SZOH32,KiK-net,137.8409,35.0086,43,-0.0240717347798777,crustal_oof_spatial,Crustal spatial OOF,-0.055427217666652706,-141.6462313087196,-92.80226586203979,0.20228936520514448,7324,38678,137.8411529,35.00678223,-0.001087436,0.0028414885303843507,-0.10057642630769231,1,3,1_3
1212241,SZOH33,KiK-net,138.3526,35.0146,29,-0.0859979740599868,crustal_oof_spatial,Crustal spatial OOF,-0.19801765309821426,-95.47391341837643,-92.13882186203976,0.5341666243796681,23652,67678,138.3500785,35.01897072,4.69e-05,-0.1397489469011772,-0.09944209030769231,2,3,2_3
1212261,SZOH34,KiK-net,138.4243,35.1304,54,0.0136399756956134,crustal_oof_spatial,Crustal spatial OOF,0.03140720470552051,-89.00419445660715,-79.33435266203975,0.19953232382081176,26472,72190,138.4256742,35.12898624,7.75e-05,0.08967591090255757,-0.09941149030769232,2,3,2_3
1212281,SZOH35,KiK-net,139.0855,34.9467,27,0.127325667180087,crustal_oof_spatial,Crustal spatial OOF,0.2931781832043896,-29.342016248485525,-99.64679646203994,0.5975838669685949,52341,109668,139.0897232,34.94253704,0.04961066,0.35144688940142665,-0.049878330307692315,4,3,4_3
1212301,SZOH36,KiK-net,138.2008,34.9142,35,0.016471757205962,crustal_oof_spatial,Crustal spatial OOF,0.03792762259786536,-109.17131004873526,-103.24045146203983,0.39192747889734575,18514,59167,138.2042564,34.91634656,-9.7e-05,0.09619632879490242,-0.09958599030769232,2,2,2_2
1212321,SZOH37,KiK-net,138.5659,35.2028,35,0.0311193682834194,crustal_oof_spatial,Crustal spatial OOF,0.07165499351279322,-76.22717625595595,-71.32879506203956,0.21353296423761825,31632,80198,138.5641618,35.20411045,-0.001997598,0.12992369970983028,-0.10148658830769232,3,3,3_3
1212341,SZOH38,KiK-net,138.9779,35.0854,45,-0.0140944477543517,crustal_oof_spatial,Crustal spatial OOF,-0.03245366529315363,-39.051106350108725,-84.31018266203995,0.2705533885406547,47937,103684,138.9808965,35.08531336,0.022426942,0.025815040903883424,-0.07706204830769231,4,3,4_3
1212361,SZOH39,KiK-net,138.7724,34.7988,38,0.0570829876468262,crustal_oof_spatial,Crustal spatial OOF,0.13143843641914527,-57.594024713340566,-116.00069106203993,0.44544902185249335,39006,91153,138.7688098,34.80156504,0.006909143,0.18970714261618232,-0.09257984730769231,3,2,3_2
1212381,SZOH40,KiK-net,138.97,34.7832,20,-0.007401400315734,crustal_oof_spatial,Crustal spatial OOF,-0.017042354034290535,-39.763948467235984,-117.72564546203985,0.4281434055045325,47173,102651,138.970676,34.78703251,0.028125714,0.04122635216274652,-0.07136327630769232,4,2,4_2
1212401,SZOH41,KiK-net,138.834,34.6749,20,-0.0506739531485168,crustal_oof_spatial,Crustal spatial OOF,-0.11668108912285348,-52.035660863340325,-129.70080966203983,0.15967141933662468,41433,94639,138.8334128,34.6762622,0.009885843,-0.05841238292581642,-0.08960314730769231,3,2,3_2
1212421,SZOH42,KiK-net,138.9128,34.9756,52,0.0404938996032403,crustal_oof_spatial,Crustal spatial OOF,0.09324064958361862,-44.92528632795013,-96.45120786203994,0.052985461089380126,45022,99672,138.9133497,34.97576851,0.016112865,0.15150935578065566,-0.08337612530769231,4,3,4_3
1212481,SZOH53,KiK-net,138.0174,34.8768,28,-0.1234016436907482,crustal_oof_spatial,Crustal spatial OOF,-0.28414278521327957,-125.720075147598,-107.37591906203961,0.3848903539281495,12501,48663,138.0215124,34.87587577,-0.000287881,-0.2258740790162425,-0.09977687130769232,1,2,1_2
1212531,TCGH06,KiK-net,139.9509,36.4458,135,0.0384701282222568,crustal_oof_spatial,Crustal spatial OOF,0.08858074377013805,48.74577718966855,66.11468693795989,0.3614647334565469,89406,159833,139.9479264,36.44360958,0.282784232,0.1468494499671751,0.1832952416923077,7,8,7_8
1212551,TCGH07,KiK-net,139.4534,36.8817,107,-0.0406680205821113,crustal_oof_spatial,Crustal spatial OOF,-0.09364157795394452,3.8547704465646646,114.3138935379603,0.2747898985174348,69529,132882,139.4562546,36.88083434,0.111006101,-0.03537287175690747,0.01151711069230768,5,9,5_9
1212571,TCGH08,KiK-net,139.6459,36.8828,87,-0.0479919901462108,crustal_oof_spatial,Crustal spatial OOF,-0.11050564109378212,21.224657477817992,114.43552493796041,0.08163454959436861,77278,143382,139.6450956,36.88313788,-0.013427038,-0.052236934896745066,-0.11291602830769232,6,9,6_9
1212591,TCGH09,KiK-net,139.8364,36.8625,154,-0.0458987088093186,crustal_oof_spatial,Crustal spatial OOF,-0.1056856826920115,38.41407815030165,112.19087273795975,0.5251967339767346,85024,153879,139.8343685,36.85804897,0.132468596,-0.04741697649497445,0.03297960569230768,6,9,6_9
1212611,TCGH10,KiK-net,140.0225,36.8578,164,0.0725340535656733,crustal_oof_spatial,Crustal spatial OOF,0.16701583047475096,55.20647283350177,111.67117493795978,0.22426337932948803,92773,164379,140.0231802,36.85975074,0.312428722,0.22528453667178802,0.21293973169230768,7,9,7_9
1212631,TCGH11,KiK-net,139.7694,36.7084,103,-0.0721840835010181,crustal_oof_spatial,Crustal spatial OOF,-0.16620999462088173,32.368455131631755,95.15141933795978,0.6352054699179468,82425,150363,139.7737397,36.71292319,0.016599326,-0.10794128842384468,-0.08288966430769232,6,9,6_9
1212651,TCGH12,KiK-net,139.9842,36.6959,152,0.0544275235604629,crustal_oof_spatial,Crustal spatial OOF,0.1253240043989041,51.750542063126275,93.76924433796026,0.359064987258171,90910,161861,139.9803793,36.69680764,0.530166639,0.18359271059594115,0.43067764869230774,7,9,7_9
1212671,TCGH13,KiK-net,140.1781,36.7342,140,-0.0176397682930671,crustal_oof_spatial,Crustal spatial OOF,-0.04061706751548533,69.24675554551504,98.0042285379602,0.0701893880655563,99017,172865,140.1773918,36.73446257,0.253070579,0.01765163868155173,0.1535815886923077,7,9,7_9
1212691,TCGH14,KiK-net,139.6154,36.5509,140,-0.0682244303626549,crustal_oof_spatial,Crustal spatial OOF,-0.15709255633105954,18.472545506631143,77.73601433795992,0.25519212877819736,75765,141345,139.6151355,36.54860223,0.196831591,-0.09882385013402248,0.09734260069230768,6,8,6_8
1212711,TCGH15,KiK-net,139.8637,36.5595,55,-0.0029707446850056,crustal_oof_spatial,Crustal spatial OOF,-0.006840392426785187,40.87744394746061,78.68695073796005,0.2025630150025583,86098,155346,139.8657299,36.5602823,0.163871262,0.05142831377025187,0.06438227169230767,6,8,6_8
1212731,TCGH16,KiK-net,140.0751,36.548,158,0.0969864324428218,crustal_oof_spatial,Crustal spatial OOF,0.2233195135655156,59.95273806905259,77.41534973796027,0.525915221205318,94583,166844,140.0719461,36.54400029,0.133374183,0.28158821976255266,0.03388519269230769,7,8,7_8
1212751,TCGH17,KiK-net,139.6922,36.9853,120,-0.0390339503289006,crustal_oof_spatial,Crustal spatial OOF,-0.08987899214799655,25.402453683256788,125.76935993796032,0.4315068411776346,79134,145893,139.6883596,36.98297462,0.013316052,-0.031610285950959494,-0.08617293830769232,6,10,6_10
1213151,TKYH02,KiK-net,139.4704,35.6539,29,-0.0380431016000483,crustal_oof_spatial,Crustal spatial OOF,-0.08759747863552915,5.38873449607995,-21.44886366203992,0.17014601671960275,69024,132246,139.4713928,35.6525918,0.092697398,-0.029328772438492093,-0.006791592307692315,5,5,5_5
1213201,TKYH11,KiK-net,139.8125,35.6114,37,-0.1579453883559436,crustal_oof_spatial,Crustal spatial OOF,-0.3636826967355511,36.257505163045224,-26.148258662039574,0.36306431904287517,83041,151241,139.8084818,35.61122958,0.076089428,-0.30541399053851404,-0.023399562307692315,6,5,6_5
1213221,TKYH12,KiK-net,139.265,35.6701,84,-0.0475329258116544,crustal_oof_spatial,Crustal spatial OOF,-0.10944860640030733,-13.145160549215836,-19.657564862040164,0.3268935676290713,60539,120748,139.2674143,35.66789584,0.025235745,-0.051179900203270276,-0.07425324530769231,5,5,5_5
1213241,TKYH13,KiK-net,139.1275,35.7017,77,-0.0206061758667594,crustal_oof_spatial,Crustal spatial OOF,-0.04744747337441386,-25.55222271439422,-16.163426462039666,0.2330801577016732,54639,112752,139.1249277,35.70189244,-0.060285937,0.010821232822623199,-0.15977492730769233,4,5,4_5
1213611,TYMH04,KiK-net,137.4689,36.7914,53,-0.1645927762458606,crustal_oof_spatial,Crustal spatial OOF,-0.37898887299822315,-175.2129740392426,104.3290613379604,0.42250763496768834,356,22377,137.4729209,36.79335803,-0.001308402,-0.3207201668011861,-0.10079739230769232,0,9,0_9
1214251,YMNH08,KiK-net,138.734,35.6895,44,-0.0049931180279679,crustal_oof_spatial,Crustal spatial OOF,-0.011497079138758715,-61.0589788016521,-17.512429262039664,0.3955046824417708,38758,90751,138.7355768,35.68616263,-0.168704808,0.046771627058278344,-0.2681937983076923,3,5,3_5
1214271,YMNH09,KiK-net,138.3325,35.4327,36,-0.0133279879954596,crustal_oof_spatial,Crustal spatial OOF,-0.03068882647794887,-97.28760032397585,-45.90783246204027,0.3975240269971588,23698,67724,138.3365363,35.4341407,0.004906754,0.027579879719088186,-0.09458223630769232,2,4,2_4
1214291,YMNH10,KiK-net,138.3087,35.5351,53,-0.0460765218147862,crustal_oof_spatial,Crustal spatial OOF,-0.10609511226774167,-99.43514999329622,-34.58505486203995,0.3063954112991632,22788,66235,138.3067591,35.53282633,-0.031844721,-0.04782640607070461,-0.1313337113076923,2,5,2_5
1214311,YMNH11,KiK-net,138.9777,35.6247,73,-0.0115347886622602,crustal_oof_spatial,Crustal spatial OOF,-0.02655983242455707,-39.06915298598595,-24.67762446204025,0.3096297316078088,48363,104244,138.9762072,35.62722134,0.09395371,0.03170887377247999,-0.00553528030769232,4,5,4_5
1214331,YMNH12,KiK-net,138.449,35.5623,59,-0.1210657764870951,crustal_oof_spatial,Crustal spatial OOF,-0.27876425221093426,-86.77543492584185,-31.577442062039882,0.1764545411430675,27789,74238,138.4472302,35.56297881,0.133987131,-0.2204955460138972,0.034498140692307694,2,5,2_5
1214351,YMNH13,KiK-net,138.4203,35.3509,42,0.0672443318529921,crustal_oof_spatial,Crustal spatial OOF,0.1548357961130443,-89.36512717413882,-54.95278566203962,0.44292648085549774,26497,72215,138.4185285,35.35463575,0.006664134,0.21310450231008135,-0.09282485630769231,2,4,2_4
1214371,YMNH14,KiK-net,138.9675,35.5115,46,0.0140762671637728,crustal_oof_spatial,Crustal spatial OOF,0.03241180293630483,-39.989531415693584,-37.19460126204015,0.3236127534231054,47984,103731,138.9703238,35.50969574,0.056910739,0.09068050913334189,-0.042578251307692314,4,5,4_5
1214391,YMNH15,KiK-net,138.6045,35.5323,51,0.0386095092406847,crustal_oof_spatial,Crustal spatial OOF,0.08890168042541646,-72.74417553176718,-34.89466206204001,0.3530504413604831,33653,83234,138.607378,35.53013696,-0.072661893,0.14717038662245352,-0.17215088330769232,3,5,3_5
1214411,YMNH16,KiK-net,138.5653,35.7421,53,-0.0117691174577966,crustal_oof_spatial,Crustal spatial OOF,-0.027099394416018434,-76.28131616358506,-11.696236862039864,0.43860822120146853,32351,81258,138.5654766,35.74606403,-0.336009302,0.031169311781018623,-0.4354982923076923,3,5,3_5
1100751,CHB001,K-NET,139.8731,35.9571,71,0.1608945808504858,crustal_oof_physical,Crustal physical OOF,0.3704734634098539,41.72563583366192,12.077173137959727,0.24767987811110803,86031,155279,139.8744455,35.95514762,0.315279453,0.33070127675810135,0.21579046269230767,6,6,6_6
1100761,CHB002,K-NET,139.9024,35.7871,88,-0.1233394186195419,crustal_oof_physical,Crustal physical OOF,-0.28399950669190943,44.36946798958799,-6.720406862039675,0.3800949839784102,87119,156760,139.903475,35.78377635,0.379071881,-0.32377169334366196,0.2795828906923077,6,6,6_6
1100771,CHB003,K-NET,140.0577,35.7926,72,0.2496939995172268,crustal_oof_physical,Crustal physical OOF,0.5749416810984289,58.38268074778799,-6.112249862039914,0.3614814525249648,93393,165261,140.0541341,35.79408982,0.14306225,0.5351694944466764,0.043573259692307686,7,6,7_6
1100781,CHB004,K-NET,140.4903,35.8889,88,0.0811206310347699,crustal_oof_physical,Crustal physical OOF,0.18678715575493132,97.41755414892513,4.536026337960018,0.27728159609181496,110578,189771,140.4882089,35.88706249,0.074981413,0.14701496910317877,-0.02450757730769232,8,6,8_6
1100791,CHB005,K-NET,140.8271,35.7353,41,-0.1056907268040091,crustal_oof_physical,Crustal physical OOF,-0.2433618920066176,127.80808896516193,-12.448140062039682,0.1348868224745064,121429,208754,140.8260349,35.73444405,0.026753621,-0.28313407865837015,-0.07273536930769231,9,5,9_5
1100801,CHB006,K-NET,140.3073,35.779,51,0.2151328070266344,crustal_oof_physical,Crustal physical OOF,0.4953615944734931,80.90488232181428,-7.616056262039552,0.404978673868098,103918,179759,140.3115279,35.77777099,0.191611492,0.4555894078217405,0.09212250169230768,8,5,8_5
1100811,CHB007,K-NET,140.2246,35.7237,83,0.2681134167973046,crustal_oof_physical,Crustal physical OOF,0.617353956749173,73.44259838683107,-13.730798462039836,0.13351866106203733,100356,174753,140.2233696,35.72302923,0.182142822,0.5775817700974205,0.0826538316923077,7,5,7_5
1100821,CHB008,K-NET,139.9027,35.6556,77,0.0740617886766532,crustal_oof_physical,Crustal physical OOF,0.17053357056733687,44.39653794340382,-21.260887862039965,0.29532679456301447,87105,156746,139.9052065,35.65731748,-0.088731711,0.1307613839155843,-0.1882207013076923,6,5,6_5
1100831,CHB009,K-NET,140.1077,35.6075,54,-0.0390303625867911,crustal_oof_physical,Crustal physical OOF,-0.08987073106649772,62.89433971694259,-26.579497262039748,0.3387961858672066,95586,168240,140.1094658,35.60479601,0.122195021,-0.12964291771825026,0.022706030692307685,7,5,7_5
1100841,CHB010,K-NET,140.5637,35.7086,73,-0.0625625931879005,crustal_oof_physical,Crustal physical OOF,-0.14405569445351055,104.04066951564825,-15.400465862040265,0.3774914210287346,113038,193751,140.5602549,35.7066632,0.111106924,-0.1838278811052631,0.01161793369230768,8,5,8_5
1100851,CHB011,K-NET,140.5014,35.6021,48,-0.0357643662292151,crustal_oof_physical,Crustal physical OOF,-0.08235049653977036,98.4191424400777,-27.176596862039926,0.505157723216519,110862,190239,140.4989049,35.59801032,0.194819482,-0.12212268319152292,0.09533049169230767,8,5,8_5
1100861,CHB012,K-NET,140.3436,35.5721,99,-0.0411010608366114,crustal_oof_physical,Crustal physical OOF,-0.09463868998862279,84.18034673342267,-30.493816862040052,0.40200359581699524,104933,181236,140.3398472,35.57014065,0.200925728,-0.13441087664037535,0.10143673769230768,8,5,8_5
1100871,CHB013,K-NET,140.2892,35.4294,40,-0.0659480157689218,crustal_oof_physical,Crustal physical OOF,-0.1518509180220556,79.27166177497939,-46.27272666203981,0.46581117868941185,102827,178220,140.2880497,35.42529325,0.318295557,-0.19162310467380816,0.2188065666923077,8,4,8_4
1100881,CHB014,K-NET,140.0454,35.471,86,0.1247702174972517,crustal_oof_physical,Crustal physical OOF,0.2872940428587966,57.272812641374635,-41.67284826204032,0.4134921449352049,92988,164725,140.0491236,35.46882039,0.161974802,0.24752185620704406,0.062485811692307686,7,4,7_4
1100891,CHB015,K-NET,139.9199,35.3738,46,0.1261299725315371,crustal_oof_physical,Crustal physical OOF,0.2904249945308658,45.948548628793766,-52.42064106203963,0.43696346905771705,87443,157215,139.9178261,35.37737104,0.192881642,0.25065280787911326,0.09339265169230768,7,4,7_4
1100902,CHB016,K-NET,140.3866,35.2998,55,0.0847046803463745,crustal_oof_physical,Crustal physical OOF,0.19503973427238766,88.06037344689497,-60.6031170620402,0.06544732378641005,106601,183706,140.3861368,35.29934453,0.251328104,0.1552675476206351,0.15183911369230768,8,4,8_4
1100911,CHB017,K-NET,140.0734,35.2976,84,0.1350098984065403,crustal_oof_physical,Crustal physical OOF,0.31087177947754024,59.79934166410131,-60.84637986203963,0.37808672796620757,94076,166206,140.0775818,35.29738479,0.321612612,0.27109959282578766,0.2221236216923077,7,4,7_4
1100921,CHB018,K-NET,140.3204,35.152,47,0.1171595028933444,crustal_oof_physical,Crustal physical OOF,0.2697697248648076,82.08693697173396,-76.94595426203982,0.4189997314876529,103849,179690,140.3168202,35.15441352,0.290450593,0.22999753821305505,0.19096160269230766,8,3,8_3
1100931,CHB019,K-NET,139.836,35.1106,76,0.1384678958208093,crustal_oof_physical,Crustal physical OOF,0.31883411277524804,38.37798487854976,-81.52371786204016,0.5012266700879442,83724,152186,139.8333501,35.11458391,0.894591974,0.27906192612349545,0.7951029836923077,6,3,6_3
1100941,CHB020,K-NET,140.1006,35.1132,59,0.0564783906434711,crustal_oof_physical,Crustal physical OOF,0.13004630037195095,62.25368414332168,-81.23622546204004,0.5049568589600731,94794,167186,140.0972149,35.11683646,0.253567731,0.09027411372019839,0.1540787406923077,7,3,7_3
1100951,CHB021,K-NET,139.8994,34.9078,32,-0.0184425431282247,crustal_oof_physical,Crustal physical OOF,-0.04246552488394997,44.09876845143989,-103.94812506203975,0.15954137831589243,86284,155663,139.8977073,34.90738314,0.649682832,-0.08223771153570253,0.5501938416923077,6,2,6_2
1100961,CHB022,K-NET,139.8555,35.3033,46,-0.0048831445077171,crustal_oof_physical,Crustal physical OOF,-0.011243855750405143,40.137531876520086,-60.21610806203992,0.1974946371244543,84852,153707,139.8570795,35.30453642,0.258541033,-0.0510160424021577,0.15905204269230766,6,4,6_4
1100981,CHB024,K-NET,140.0781,35.6337,67,-0.1199344194597924,crustal_oof_physical,Crustal physical OOF,-0.276159206385013,60.22343760720325,-23.682458462040213,0.45383917291260023,94113,166243,140.0737573,35.63162942,0.088116615,-0.31593139303676554,-0.01137237530769232,7,5,7_5
1100991,CHB025,K-NET,139.9458,34.9705,33,0.1394690468643059,crustal_oof_physical,Crustal physical OOF,0.3211393482438387,48.28558797481473,-97.01513526203979,0.3436642965304133,88505,158670,139.9495399,34.97108776,0.654929115,0.2813671615920862,0.5554401246923076,7,3,7_3
1101001,CHB026,K-NET,140.2404,35.3858,47,0.0737942447368409,crustal_oof_physical,Crustal physical OOF,0.1699175278798042,74.868282621083,-51.093753062039575,0.48640269395581603,101040,175716,140.2442385,35.38888843,0.301412547,0.13014534122805163,0.20192355669230766,7,4,7_4
1101011,CHB027,K-NET,140.2655,35.1806,21,0.1312479822829605,crustal_oof_physical,Crustal physical OOF,0.3022096474902915,77.1331354236002,-73.78353786204012,0.1696668293842418,101733,176693,140.2637735,35.18120782,0.28906652,0.2624374608385389,0.18957752969230768,7,3,7_3
1101021,CHB028,K-NET,139.9655,35.7664,60,0.0445239876553546,crustal_oof_physical,Crustal physical OOF,0.10252027025587042,50.06318160866228,-9.009288662040234,0.0302089950310711,89700,160258,139.965788,35.7662607,0.237490852,0.06274808360411786,0.1380018616923077,7,5,7_5
1101031,CHB029,K-NET,139.9176,35.6948,86,-0.0371992758696213,crustal_oof_physical,Crustal physical OOF,-0.08565449808756313,45.74101231621083,-16.92638706203985,0.38974582404080976,87478,157250,139.9135712,35.69352915,0.01522518,-0.12542668473931567,-0.08426381030769231,7,5,7_5
1101041,CHB030,K-NET,139.9151,35.3766,31,-0.1381541073305014,crustal_oof_physical,Crustal physical OOF,-0.318111588075112,45.51542936775323,-52.11103386203956,0.26034056570523856,87443,157215,139.9178261,35.37737104,0.192881642,-0.3578837747268645,0.09339265169230768,6,4,6_4
1101611,FKS012,K-NET,140.7928,36.9066,133,-0.0006620593524594,crustal_oof_physical,Crustal physical OOF,-0.0015244479956503054,124.71309091232065,117.06718613795978,0.4035029545509331,120785,207384,140.79641,36.9087536,0.004216593,-0.04129663464740286,-0.09527239730769231,9,9,9_9
1101621,FKS013,K-NET,140.5546,37.0893,137,0.017142361168894,crustal_oof_physical,Crustal physical OOF,0.03947174528621532,103.21954758326021,137.26905593796022,0.20825484705108285,113191,193904,140.552399,37.08873328,0.01031129,-0.0003004413655372379,-0.08917770030769231,8,10,8_10
1101631,FKS014,K-NET,140.43,36.8683,85,-0.0106396840991537,crustal_oof_physical,Crustal physical OOF,-0.024498778000877096,91.97649343212427,112.83220193795982,0.4000664575662897,108759,186880,140.4277545,36.87141974,0.040000404,-0.06427096465262966,-0.05948858630769231,8,9,8_9
1101632,FKS014,K-NET,140.4166,36.8864,28,-0.0422532041493543,crustal_oof_physical,Crustal physical OOF,-0.09729159800553738,90.76736882838875,114.83359133796027,0.3826006119840296,108435,186382,140.4186239,36.88944052,0.040621501,-0.13706378465728994,-0.05886748930769232,8,9,8_9
1101641,FKS015,K-NET,140.3763,37.0237,106,-0.0563390909393238,crustal_oof_physical,Crustal physical OOF,-0.1297255509497229,87.13097169924873,130.01540153795986,0.3570040906549358,106792,183897,140.372535,37.02469221,0.028848066,-0.16949773760147546,-0.07064092430769231,8,10,8_10
1101651,FKS016,K-NET,140.191,37.1232,143,-0.0124396969193517,crustal_oof_physical,Crustal physical OOF,-0.028643460687863182,70.4107635595575,141.01751453795973,0.03601167814114932,99787,173908,140.1912538,37.12294866,0.028985448,-0.06841564733961573,-0.07050354230769232,7,10,7_10
1101661,FKS017,K-NET,140.3689,37.2844,150,-0.1008833153791215,crustal_oof_physical,Crustal physical OOF,-0.23229241812378215,86.46324617181453,158.84204333795984,0.2780858557714144,106821,183926,140.3703667,37.28661186,0.008451283,-0.27206460477553474,-0.09103770730769231,8,11,8_11
1101731,FKS024,K-NET,140.1326,37.3963,164,0.0942322417094414,crustal_oof_physical,Crustal physical OOF,0.21697775503957153,65.14114588358257,171.21527393795967,0.3352029521152165,97626,170938,140.134021,37.39349907,0.006034038,0.17720556838781898,-0.09345495230769231,7,11,7_11
1101741,FKS025,K-NET,139.8994,37.3082,132,-0.0422461878515901,crustal_oof_physical,Crustal physical OOF,-0.09727544238289752,44.09876845143989,161.47370453796,0.23131501589928607,88026,157929,139.8997875,37.31026791,0.007036294,-0.13704762903465006,-0.09245269630769232,6,11,6_11
1101751,FKS026,K-NET,139.5368,37.2664,115,0.1163850387165674,crustal_oof_physical,Crustal physical OOF,0.267986455196303,11.380217607118174,156.85171133795976,0.45885606023136943,73262,137925,139.5387429,37.27023494,0.005115252,0.22821426854455043,-0.09437373830769231,5,11,5_11
1101761,FKS027,K-NET,139.6807,37.0701,98,-0.0747662440808125,crustal_oof_physical,Crustal physical OOF,-0.1721556390796332,24.364772120349762,135.14603513795967,0.4296083011594554,78775,145403,139.6777902,37.0731752,0.013777672,-0.21192782573138574,-0.08571131830769231,6,10,6_10
1101771,FKS028,K-NET,139.3144,37.3491,73,-0.0415896121526965,crustal_oof_physical,Crustal physical OOF,-0.09576362096620297,-8.687641487687767,165.99618113796006,0.3157398990408274,64046,125434,139.3109836,37.34848266,0.004296193,-0.13553580761795553,-0.09519279730769231,5,11,5_11
1101772,FKS028,K-NET,139.3619,37.3037,22,-0.1035780873767089,crustal_oof_physical,Crustal physical OOF,-0.23849735995444468,-4.40156546699076,160.97612153795998,0.3944100292502501,66255,128429,139.3662429,37.30410387,0.005114338,-0.27826954660619724,-0.09437465230769232,5,11,5_11
1101782,FKS029,K-NET,139.3806,37.0159,91,-0.0971312328342837,crustal_oof_physical,Crustal physical OOF,-0.22365292878835544,-2.7142050125267656,129.1529243379603,0.10104216737421473,66592,128897,139.3814576,37.01531242,0.046362138,-0.263425115440108,-0.05312685230769232,5,10,5_10
1101851,GIF004,K-NET,137.5175,36.2493,40,-0.0604945830328451,crustal_oof_physical,Crustal physical OOF,-0.13929392509831967,-170.8276415212209,44.38689593795985,0.44827532440942713,680,23317,137.5152345,36.252908,-0.006405702,-0.17906611175007223,-0.10589469230769231,0,7,0_7
1101881,GIF007,K-NET,137.4854,36.0378,70,-0.1073558604527435,crustal_oof_physical,Crustal physical OOF,-0.24719600392403623,-173.72412657942039,21.00049493795975,1.1740929476300317,85,21793,137.4981601,36.03572175,-0.004636697,-0.2869681905757888,-0.10412568730769231,0,6,0_6
1102081,GNM001,K-NET,139.2246,36.7719,83,-0.0434545410660754,crustal_oof_physical,Crustal physical OOF,-0.10005777848164281,-16.79058099629192,102.17286833796031,0.2977535364032067,59923,119870,139.2249882,36.7692259,0.142465911,-0.13982996513339535,0.042976920692307685,5,9,5_9
1102091,GNM002,K-NET,138.9695,36.7821,91,0.0394446104880813,crustal_oof_physical,Crustal physical OOF,0.0908245721088126,-39.80906505692648,103.30072313796003,0.35429380669327026,49594,105872,138.9731585,36.78326331,0.094394932,0.05105238545706005,-0.005094058307692315,4,9,4_9
1102101,GNM003,K-NET,139.0786,36.6581,113,0.0826585700235557,crustal_oof_physical,Crustal physical OOF,0.19032839114444386,-29.964625186229227,89.58954713795978,0.3209789478803184,53638,111358,139.0750796,36.65851656,-0.081362748,0.1505562044926913,-0.1808517383076923,4,9,4_9
1102111,GNM004,K-NET,138.5921,36.6171,63,0.03611860176132,crustal_oof_physical,Crustal physical OOF,0.08316615399540392,-73.86306695611916,85.05601313796014,0.38633033941749173,34441,84354,138.5922394,36.61360799,-0.085840978,0.04339396734365136,-0.18532996830769233,3,8,3_8
1102121,GNM005,K-NET,138.5176,36.5134,31,0.0781825216752962,crustal_oof_physical,Crustal physical OOF,0.18002190894222092,-80.58543882016185,73.58948933795975,0.26305936133968066,31449,79843,138.5148213,36.51268023,-0.045753036,0.14024972229046836,-0.1452420263076923,3,8,3_8
1102131,GNM006,K-NET,138.7527,36.5105,81,0.0757501186957639,crustal_oof_physical,Crustal physical OOF,0.17442109410139553,-59.37161834718811,73.2688247379601,0.4187880868118914,40585,93342,138.7565976,36.50844376,0.083916205,0.13464890744964297,-0.015572785307692322,3,8,3_8
1102141,GNM007,K-NET,139.0101,36.4619,56,0.1154307828540033,crustal_oof_physical,Crustal physical OOF,0.2657891998722607,-36.145597973973175,67.89492833796007,0.38034024620269974,50664,107336,139.0084738,36.45872661,0.21844331,0.22601701322050813,0.11895431969230769,4,8,4_8
1102151,GNM008,K-NET,139.1368,36.3479,70,-0.063553068462405,crustal_oof_physical,Crustal physical OOF,-0.14633634805556378,-24.71305414613153,55.28949233796037,0.5009180072006879,55818,114324,139.1362413,36.35240716,0.269046749,-0.18610853470731634,0.16955775869230766,4,7,4_7
1102161,GNM009,K-NET,139.3253,36.4105,114,-0.0350970506010384,crustal_oof_physical,Crustal physical OOF,-0.08081394552200873,-7.704099832412417,62.21142473795995,0.2737085492798723,63573,124830,139.3226055,36.40936313,0.330710726,-0.12058613217376128,0.2312217356923077,5,8,5_8
1102171,GNM010,K-NET,139.5335,36.2343,97,0.070699920126587,crustal_oof_physical,Crustal physical OOF,0.16279258215934894,11.082448115154243,42.72828593795979,0.35937705246369694,72040,136310,139.5315561,36.23146331,0.217506808,0.12302039550759639,0.11801781769230768,5,7,5_7
1102181,GNM011,K-NET,139.3607,36.2913,83,0.0615925311687944,crustal_oof_physical,Crustal physical OOF,0.14182204410903712,-4.509845282248972,49.03100393796003,0.13012826818233003,65036,126817,139.360816,36.29247303,0.402070836,0.10204985745728457,0.30258184569230767,5,7,5_7
1102201,GNM013,K-NET,139.0174,36.3181,59,-0.0018628104106187,crustal_oof_physical,Crustal physical OOF,-0.0042892794825647364,-35.48689576447502,51.99438713796019,0.5245823601712736,51017,107820,139.02108,36.31442727,0.275583902,-0.044061466134317294,0.17609491169230768,4,7,4_7
1102211,GNM014,K-NET,138.7179,36.35,40,0.0617266487986421,crustal_oof_physical,Crustal physical OOF,0.14213086136423214,-62.511732989722454,55.521697737960224,0.47900365607427575,38832,90825,138.7163747,36.3541493,0.042549567,0.10235867471247959,-0.05693942330769231,3,7,3_7
1102221,GNM015,K-NET,138.7578,36.2286,41,-0.0880015541592737,crustal_oof_physical,Crustal physical OOF,-0.2026310667674518,-58.9114291323343,42.09801413796008,0.18948196758345445,40205,92811,138.7557077,36.2284542,-0.10952543,-0.24240325341920435,-0.2090144203076923,3,7,3_7
1102231,GNM016,K-NET,138.925,36.1164,88,-0.0931875256015255,crustal_oof_physical,Crustal physical OOF,-0.21457220730307364,-43.82444153947539,29.691611337959923,0.3784451543209324,46956,102298,138.9281612,36.11415075,-0.143541599,-0.2543443939548262,-0.2430305893076923,4,7,4_7
1104571,IBR001,K-NET,140.3582,36.7763,132,0.0762917261166052,crustal_oof_physical,Crustal physical OOF,0.17566819127487968,85.4977511524164,102.65939393795996,0.511597651926728,106091,182870,140.3565628,36.78072965,0.075470974,0.13589600462312712,-0.02401801630769232,8,9,8_9
1104581,IBR002,K-NET,140.7073,36.7126,131,-0.0718044746801468,crustal_oof_physical,Crustal physical OOF,-0.16533591300877443,116.998154075064,95.61583013796027,0.30462849005314724,118079,202362,140.7071841,36.70984665,0.00462074,-0.20510809966052698,-0.09486825030769232,9,9,9_9
1104591,IBR003,K-NET,140.6453,36.5914,132,-0.0619335753030286,crustal_oof_physical,Crustal physical OOF,-0.14260732724857786,111.40369695330929,82.21426133796008,0.10058045397001845,116092,198849,140.6448982,36.59224847,0.001501279,-0.18237951390033041,-0.09798771130769232,9,8,9_8
1104601,IBR004,K-NET,140.4094,36.5273,25,-0.0020664675499781,crustal_oof_physical,Crustal physical OOF,-0.004758217375735502,90.1176899368318,75.1264679379597,0.2834750757761965,108067,185842,140.4123856,36.52809778,-0.005620795,-0.044530404027488056,-0.10510978530769231,8,8,8_8
1104602,IBR004,K-NET,140.4102,36.5516,109,0.0040399852095001,crustal_oof_physical,Crustal physical OOF,0.009302409719311358,90.18987648033811,77.81341613796012,0.43592891396495875,108070,185845,140.4121805,36.55519592,0.005431197,-0.030469776932441198,-0.09405779330769232,8,8,8_8
1104611,IBR005,K-NET,140.2373,36.3851,154,-0.0179235162780579,crustal_oof_physical,Crustal physical OOF,-0.041270421395892244,74.58855976499629,59.40284513796021,0.3637363894136205,101150,175826,140.2347372,36.38256086,-0.165655847,-0.08104260804764479,-0.26514483730769234,7,8,7_8
1104621,IBR006,K-NET,140.4528,36.369,116,0.0230361320644568,crustal_oof_physical,Crustal physical OOF,0.05304265429186038,94.03380992205854,57.62260373796004,0.4815838288735286,109353,187824,140.4493509,36.36567635,-0.053351891,0.013270467640107822,-0.1528408813076923,8,8,8_8
1104631,IBR007,K-NET,140.5954,36.3526,121,0.0448141178262824,crustal_oof_physical,Crustal physical OOF,0.10318831966247659,106.9010613020933,55.809190137960336,0.5579902347520999,114311,195822,140.592409,36.34818324,-0.021530471,0.06341613301072403,-0.12101946130769231,8,7,8_7
1104641,IBR008,K-NET,139.9826,36.3061,99,0.1517512563425304,crustal_oof_physical,Crustal physical OOF,0.34942018069742864,51.606168976113615,50.66749913796014,0.3653513047265147,90867,161818,139.9854596,36.30843919,-0.007648229,0.3096479940456761,-0.10713721930769232,7,7,7_7
1104651,IBR009,K-NET,139.7037,36.185,104,-0.0695100690761363,crustal_oof_physical,Crustal physical OOF,-0.16005284886769786,26.440135246161248,37.27698773796032,0.40218075968794936,79046,145805,139.7017392,36.18826634,0.518515562,-0.1998250355194504,0.4190265716923077,6,7,6_7
1104661,IBR010,K-NET,139.9652,36.1844,129,0.2705057199717982,crustal_oof_physical,Crustal physical OOF,0.6228624383766842,50.03611165484901,37.21064333795968,0.4637015962890854,90115,160804,139.9692664,36.18183589,0.286114249,0.5830902517249317,0.18662525869230767,7,7,7_7
1104671,IBR011,K-NET,140.0901,36.1256,113,-0.1070406607968012,crustal_oof_physical,Crustal physical OOF,-0.24647022989494663,61.30623575980077,30.70889213795991,0.5112720884769402,94906,167298,140.0857695,36.12858182,0.005803394,-0.2862424165466992,-0.09368559630769231,7,7,7_7
1104681,IBR012,K-NET,140.2869,36.1901,111,0.0801635610416723,crustal_oof_physical,Crustal physical OOF,0.18458342065587288,79.06412546239902,37.84091513796018,0.44707065441488025,103264,178805,140.290078,36.19320188,-0.167177133,0.14481123400412033,-0.26666612330769235,8,7,8_7
1104682,IBR012,K-NET,140.2713,36.1954,21,0.0118768658029538,crustal_oof_physical,Crustal physical OOF,0.027347494149372178,77.65648786402174,38.42695733795999,0.26885433519427804,102558,177805,140.2722476,36.1930948,-0.183828806,-0.012424692502380378,-0.2833177963076923,8,7,8_7
1104691,IBR013,K-NET,140.4892,36.1587,107,0.1369983788191769,crustal_oof_physical,Crustal physical OOF,0.315450424833388,97.31829765160553,34.368891537960415,0.257418928200295,110608,189801,140.4864533,36.15807095,-0.03846192,0.2756782381816354,-0.1379509103076923,8,7,8_7
1104701,IBR014,K-NET,140.1948,36.0729,120,0.0447092794323211,crustal_oof_physical,Crustal physical OOF,0.10294692033936786,70.75364964121192,24.88164233795974,0.28717936431553864,99308,173292,140.1932151,36.07515223,-0.036675635,0.06317473368761531,-0.1361646253076923,7,7,7_7
1104711,IBR015,K-NET,139.9082,36.0698,63,0.0587247823026281,crustal_oof_physical,Crustal physical OOF,0.135218808319352,44.89282043000952,24.538862937960147,0.342745226345232,87520,157292,139.9083771,36.07289632,0.220005498,0.09544662166759946,0.12051650769230768,6,6,6_6
1104721,IBR016,K-NET,140.0494,35.9114,100,0.0265427064419183,crustal_oof_physical,Crustal physical OOF,0.06111684018087811,57.63374535890629,7.023941337960112,0.3015026529696229,93406,165274,140.0527382,35.91151879,0.368968163,0.021344653529125554,0.2694791726923077,7,6,7_6
1104731,IBR017,K-NET,140.3196,35.9538,118,0.0239323491248109,crustal_oof_physical,Crustal physical OOF,0.05510627033511868,82.01475042822764,11.712278937960185,0.4837490981695911,104285,180278,140.3189297,35.94945944,0.162415695,0.015334083683366126,0.06292670469230768,8,6,8_6
1104741,IBR018,K-NET,140.6306,35.9766,93,0.0519328368687328,crustal_oof_physical,Crustal physical OOF,0.11957977601083572,110.07726921637695,14.233366137959809,0.15981426815772248,115446,197781,140.6298874,35.97792317,0.017099028,0.07980758935908316,-0.08238996230769231,9,6,9_6
1104751,IBR019,K-NET,140.6544,36.8808,69,0.0085999578788524,crustal_oof_physical,Crustal physical OOF,0.019802134812222233,112.22481888569733,114.21437693796014,0.17582514697131701,116410,199381,140.6525595,36.88132218,0.008905615,-0.019970051839530323,-0.09058337530769231,9,9,9_9
1105941,KNG001,K-NET,139.7061,35.5291,58,0.1362730717597798,crustal_oof_physical,Crustal physical OOF,0.31378034361057683,26.656694876680234,-35.24849886203997,0.22668714940688753,78604,145232,139.7036078,35.52884159,0.193479606,0.2740081569588243,0.09399061569230768,6,5,6_5
1105951,KNG002,K-NET,139.6334,35.4372,63,0.1461636095588848,crustal_oof_physical,Crustal physical OOF,0.3365541485084902,20.096742735527414,-45.41024946204025,0.10975723909130285,75642,141222,139.6344218,35.43773852,0.286018024,0.29678196185673766,0.18652903369230767,6,4,6_4
1105961,KNG003,K-NET,139.6582,35.2731,28,0.0834545618988714,crustal_oof_physical,Crustal physical OOF,0.19216123017069017,22.33452558422878,-63.555442862039996,0.39656169525283996,76362,142204,139.65478,35.27535239,0.43001021,0.15238904351893762,0.3305212196923077,6,4,6_4
1105971,KNG004,K-NET,139.6223,35.1442,45,0.150310823946769,crustal_oof_physical,Crustal physical OOF,0.3461034625354828,19.09515444437484,-77.80843146204016,0.4787465601364192,74872,140190,139.6216728,35.14849929,0.423254989,0.3063312758837302,0.3237659986923077,6,3,6_3
1105981,KNG005,K-NET,139.549,35.3194,65,0.2004774189429429,crustal_oof_physical,Crustal physical OOF,0.4616163163399425,12.481062395592916,-58.43586666203975,0.0699739628851276,71939,136209,139.5482361,35.31929105,0.322409305,0.42184412968818996,0.22292031469230766,5,4,5_4
1105982,KNG005,K-NET,139.5461,35.3191,28,0.0232126876003216,crustal_oof_physical,Crustal physical OOF,0.05344918843682825,12.219386175380865,-58.469038862040065,0.19390130203206826,71939,136209,139.5482361,35.31929105,0.322409305,0.013677001785075693,0.22292031469230766,5,4,5_4
1105991,KNG006,K-NET,139.5391,35.4541,34,-0.1147008136369932,crustal_oof_physical,Crustal physical OOF,-0.26410838363482875,11.587753919698555,-43.54154886204029,0.20163701534246484,71585,135724,139.5369752,35.45466464,0.307680702,-0.30388057028658133,0.20819171169230766,5,4,5_4
1106011,KNG008,K-NET,139.3262,35.5749,25,-0.0385662394910203,crustal_oof_physical,Crustal physical OOF,-0.08880204814486163,-7.622889970967474,-30.184209662039986,0.510960608055629,62743,123738,139.3224214,35.57834173,-0.030162532,-0.12857423479661417,-0.1296515223076923,5,5,5_5
1106021,KNG009,K-NET,139.3621,35.4425,41,0.2190667600181976,crustal_oof_physical,Crustal physical OOF,0.5044198559884059,-4.383518831113536,-44.82420726203965,0.1691731440179386,64204,125723,139.3605523,35.44336349,0.21148459,0.46464766933665336,0.11199559969230768,5,4,5_4
1106031,KNG010,K-NET,139.3504,35.3355,41,-0.0205636689567689,crustal_oof_physical,Crustal physical OOF,-0.04734959759712049,-5.439247029895217,-56.65562526203958,0.3258547665769758,63823,125211,139.3539275,35.33486901,0.305424015,-0.08712178424887304,0.20593502469230768,5,4,5_4
1106041,KNG011,K-NET,139.1554,35.6151,30,-0.0065151241231209,crustal_oof_physical,Crustal physical OOF,-0.01500162768490409,-23.034717009606148,-25.739134862040135,0.3796841452952173,55736,114242,139.1535767,35.61200535,0.109532709,-0.054773814336656644,0.01004371869230769,4,5,4_5
1106051,KNG012,K-NET,139.2044,35.3793,39,0.0775393214845368,crustal_oof_physical,Crustal physical OOF,0.17854088577116736,-18.613291219832526,-51.812484062039864,0.19827122180636736,57555,116716,139.2030466,35.37788739,0.076886017,0.1387686991194148,-0.022602973307692314,4,4,4_4
1106061,KNG013,K-NET,139.1521,35.2642,36,0.0762996765517275,crustal_oof_physical,Crustal physical OOF,0.17568649782827508,-23.33248650157008,-64.53955146203967,0.5021390055524945,55328,113703,139.1527944,35.25969429,0.079603053,0.13591431117652253,-0.019885937307692322,4,4,4_4
1106071,KNG014,K-NET,139.0828,35.3609,21,0.047009030815357,crustal_oof_physical,Crustal physical OOF,0.10824229359153877,-29.58564583282035,-53.84704566203984,0.415291657561416,52387,109714,139.0799869,35.35792745,0.026623497,0.06847010693978621,-0.07286549330769232,4,4,4_4
1107301,NGN001,K-NET,138.3657,36.8513,55,-0.0265016831551674,crustal_oof_physical,Crustal physical OOF,-0.06102238057233987,-94.29185876845673,110.95244393796028,0.3365378969854129,26663,72381,138.3690115,36.85270023,0.184322043,-0.10079456722409243,0.08483305269230768,2,9,2_9
1107311,NGN002,K-NET,138.2069,36.8068,57,-0.1264354553687085,crustal_oof_physical,Crustal physical OOF,-0.2911283947579022,-108.6208876544979,106.03190093796036,0.37176410330050796,21107,63376,138.2089834,36.80389941,0.218589317,-0.3309005814096547,0.11910032669230769,2,9,2_9
1107321,NGN003,K-NET,138.4137,36.74,59,0.1060965948234297,crustal_oof_physical,Crustal physical OOF,0.2442964376578585,-89.96066615806669,98.64555773796029,0.5492273422130237,28238,74868,138.4178674,36.73637973,0.297251435,0.20452425100610594,0.1977624446923077,2,9,2_9
1107331,NGN004,K-NET,138.1941,36.6475,48,-0.0599698837942345,crustal_oof_physical,Crustal physical OOF,-0.13808576045318957,-109.77587235060174,88.41746273796015,0.3665545421081599,20489,62359,138.1966176,36.65010163,-0.049081694,-0.17785794710494213,-0.14857068430769232,2,9,2_9
1107341,NGN005,K-NET,137.863,36.6987,44,0.0310044046849921,crustal_oof_physical,Crustal physical OOF,0.07139028004481757,-139.65207804435306,94.07885153796032,0.30390478545958893,10027,43865,137.8630581,36.69595198,-0.015663884,0.03161809339306501,-0.11515287430769232,1,9,1_9
1107351,NGN006,K-NET,137.8514,36.5084,46,-0.0552485277462781,crustal_oof_physical,Crustal physical OOF,-0.12721443639844787,-140.69878292519613,73.03661933796026,0.2888576867370162,9490,42844,137.8528487,36.50607046,-0.050011469,-0.16698662305020043,-0.14950045930769232,1,8,1_8
1107361,NGN007,K-NET,138.1188,36.5344,53,-0.0924751572589915,crustal_oof_physical,Crustal physical OOF,-0.21293191857683397,-116.57043075815078,75.91154333795984,0.41267991749862765,17812,57846,138.1203678,36.53089398,-0.254125191,-0.25270410522858655,-0.3536141813076923,1,8,1_8
1107371,NGN008,K-NET,138.2491,36.4022,43,0.0541139453304755,crustal_oof_physical,Crustal physical OOF,0.12460196384104764,-104.81304748452936,61.29366053796012,0.42366310888953546,21969,64831,138.2503684,36.39851097,-0.110043804,0.08482977718929509,-0.2095327943076923,2,8,2_8
1107381,NGN009,K-NET,137.8718,36.3371,40,0.0326395561684288,crustal_oof_physical,Crustal physical OOF,0.075155355475366,-138.85802606578085,54.09529313796001,0.3698155636722567,9728,43325,137.8686818,36.33492956,-0.042044976,0.03538316882361345,-0.14153396630769233,1,7,1_7
1107391,NGN010,K-NET,138.4349,36.3282,43,0.1005291977693297,crustal_oof_physical,Crustal physical OOF,0.23147703219430885,-88.04772275514507,53.11118453796034,0.39611617391636184,28193,74823,138.431341,36.33029723,0.53036202,0.1917048455425563,0.4308730296923077,2,7,2_7
1107401,NGN011,K-NET,138.2584,36.2718,33,0.0541557067092028,crustal_oof_physical,Crustal physical OOF,0.124698122969168,-103.97387891626667,46.87481093795994,0.3269579675038293,21955,64817,138.2548078,36.27218768,0.019880885,0.08492593631741545,-0.07960810530769231,2,7,2_7
1107411,NGN012,K-NET,137.9796,36.2571,51,-5.387470106524468e-05,crustal_oof_physical,Crustal physical OOF,-0.00012405108356234286,-129.13088932828043,45.2493731379602,0.09490884502780764,12930,49316,137.978848,36.25649988,-0.04571348,-0.0398962377353149,-0.14520247030769232,1,7,1_7
1107421,NGN013,K-NET,137.785,36.1827,38,-0.0637103714793085,crustal_oof_physical,Crustal physical OOF,-0.14669855163736878,-146.69026603623692,37.02266753795973,0.39049142756435395,7211,38308,137.7857941,36.17922847,-0.01347164,-0.18647073828912133,-0.11296063030769232,0,7,0_7
1107432,NGN014,K-NET,138.4839,36.0956,58,0.0575660719306471,crustal_oof_physical,Crustal physical OOF,0.13255077908973098,-83.62629696537147,27.391672137959784,0.11678630804669572,29775,77297,138.4834844,36.09660025,-0.085503166,0.09277859243797842,-0.18499215630769233,2,7,2_7
1107441,NGN015,K-NET,138.1114,36.0451,68,0.1247858633432604,crustal_oof_physical,Crustal physical OOF,0.28733006875058353,-117.23815628558496,21.807685137959833,0.2266352713014509,16885,56292,138.1115644,36.04305477,0.017973548,0.24755788209883098,-0.08151544230769231,1,6,1_6
1107452,NGN016,K-NET,138.2229,35.9133,31,0.0343069059606062,crustal_oof_physical,Crustal physical OOF,0.0789945702516404,-107.17715678436616,7.234031937960015,0.33974238033570275,20407,62277,138.2229715,35.91022802,0.033781605,0.03922238359988785,-0.06570738530769232,2,6,2_6
1107461,NGN017,K-NET,137.8259,35.9749,40,-0.0563181391001907,crustal_oof_physical,Crustal physical OOF,-0.12967730755726423,-142.99972899946778,14.045390337959855,0.42225917078417036,8169,40285,137.8297423,35.97272011,-0.013380679,-0.16944949420901678,-0.11286966930769232,1,6,1_6
1107471,NGN018,K-NET,137.5298,35.8129,48,-0.1694637050383896,crustal_oof_physical,Crustal physical OOF,-0.39020460102493587,-169.7177734148101,-3.8675976620400383,0.4282025139184018,438,22768,137.5258096,35.81080409,-0.006863573,-0.42997678767668845,-0.10635256330769231,0,6,0_6
1107481,NGN019,K-NET,137.708,35.8561,44,-0.0671026426173203,crustal_oof_physical,Crustal physical OOF,-0.15450954459114868,-153.63822084873723,0.9091991379598282,0.4878469941978422,4835,33272,137.7103317,35.85211945,-0.012514251,-0.19428173124290124,-0.11200324130769232,0,6,0_6
1107491,NGN020,K-NET,137.9548,35.8278,28,-0.1082346717166589,crustal_oof_physical,Crustal physical OOF,-0.24921954163988308,-131.3686721769818,-2.220045062039557,0.5412329415225802,11517,46769,137.9507042,35.83137594,-0.053185258,-0.28899172829163566,-0.15267424830769233,1,6,1_6
1107501,NGN021,K-NET,137.9336,35.7293,24,-0.079600571492928,crustal_oof_physical,Crustal physical OOF,-0.1832870893134228,-133.28161557990342,-13.111584062039707,0.39084327661525015,10971,45758,137.936792,35.73168933,-0.069658579,-0.22305927596517536,-0.1691475693076923,1,5,1_5
1107511,NGN022,K-NET,137.6126,35.6053,36,-0.1117089226189336,crustal_oof_physical,Crustal physical OOF,-0.2572192999767819,-162.24646616188826,-26.822760062039965,0.15985648191061622,2211,27245,137.6143169,35.60565645,-0.009253597,-0.2969914866285345,-0.10874258730769232,0,5,0_5
1107521,NGN023,K-NET,138.0338,35.5775,37,-0.1165043960475708,crustal_oof_physical,Crustal physical OOF,-0.26826128560741097,-124.24025100571438,-29.89671726203987,0.4199004912492403,13692,50741,138.030999,35.58053251,-0.093373844,-0.30803347225916355,-0.1928628343076923,1,5,1_5
1107531,NGN024,K-NET,137.8382,35.5232,50,-0.0192825091341617,crustal_oof_physical,Crustal physical OOF,-0.044399618087842256,-141.88986089305442,-35.900885462039625,0.19924178713024987,7871,39735,137.8387674,35.52145862,-0.025031572,-0.08417180473959482,-0.12452056230769232,1,5,1_5
1107541,NGN025,K-NET,137.8567,35.2807,29,-0.1295584313655068,crustal_oof_physical,Crustal physical OOF,-0.29831931273390816,-140.22054707446765,-62.715080462039595,0.2876520654830496,8092,40208,137.8570717,35.2781163,-0.005967819,-0.33809149938566074,-0.10545680930769231,1,4,1_4
1107951,NIG018,K-NET,138.5583,37.3727,59,0.1380520271499944,crustal_oof_physical,Crustal physical OOF,0.3178765397731864,-76.91294841926737,168.60572753796026,0.15642417429156757,34191,83938,138.5591642,37.37147366,0.001885981,0.2781043531214339,-0.09760300930769232,3,11,3_11
1107961,NIG019,K-NET,138.7898,37.3057,35,-0.0492240867141106,crustal_oof_physical,Crustal physical OOF,-0.11334264828415733,-56.02396739207339,161.19726953796024,0.30501293974005206,42783,96430,138.7874396,37.30372545,0.00277445,-0.15311483493590988,-0.09671454030769232,3,11,3_11
1107962,NIG019,K-NET,138.8121,37.3043,38,0.0728549470631881,crustal_oof_physical,Crustal physical OOF,0.16775471505856726,-54.011767491832195,161.0424659379598,0.2217045867446042,43848,97930,138.8145555,37.30422952,0.002982451,0.1279825284068147,-0.09650653930769232,3,11,3_11
1107971,NIG020,K-NET,138.9621,37.2348,55,0.0922522238197604,crustal_oof_physical,Crustal physical OOF,0.21241859536293056,-40.476790584363236,153.35757293796004,0.08985431892821404,49644,105922,138.9611341,37.23460236,0.006953505,0.172646408711178,-0.09253548530769232,4,11,4_11
1107981,NIG021,K-NET,138.7468,37.1281,51,-0.0292910747994773,crustal_oof_physical,Crustal physical OOF,-0.06744519219105,-59.90399410554826,141.55932713796045,0.3676245745425104,41004,93911,138.747355,37.1313937,0.005591548,-0.10721737884280255,-0.09389744230769231,3,10,3_10
1107991,NIG022,K-NET,138.8461,37.0366,75,0.1806786285430244,crustal_oof_physical,Crustal physical OOF,0.41602791670577655,-50.943839392804186,131.44180613796007,0.4151940691649832,44891,99400,138.8493628,37.03395238,0.02268375,0.376255730054024,-0.07680524030769231,3,10,3_10
1108001,NIG023,K-NET,138.6546,37.0134,60,-0.0133214076276924,crustal_oof_physical,Crustal physical OOF,-0.030673674621221697,-68.22349324467396,128.87648933795975,0.2893742491246292,37189,88398,138.6517863,37.01214433,-0.003272399,-0.07044586127297425,-0.10276138930769231,3,10,3_10
1108011,NIG024,K-NET,138.4442,37.1274,61,0.1817824595726193,crustal_oof_physical,Crustal physical OOF,0.418569581579706,-87.2085541868824,141.48192533796023,0.39390202971030003,29566,76911,138.4407972,37.12516853,0.009733356,0.3787973949279534,-0.08975563430769232,2,10,2_10
1108021,NIG025,K-NET,138.2234,37.161,68,0.2171494363433341,crustal_oof_physical,Crustal physical OOF,0.5000050550762206,-107.13204019467568,145.1972117379602,0.49005350069202724,22054,64916,138.2228132,37.16540596,0.013810104,0.4602328684244681,-0.08567888630769231,2,10,2_10
1108031,NIG026,K-NET,138.2506,37.0224,50,0.0869383831891289,crustal_oof_physical,Crustal physical OOF,0.20018302514029238,-104.67769771545532,129.8716553379598,0.4122111551695537,22953,66400,138.2550838,37.02168635,0.049978579,0.16041083848853982,-0.04951041130769231,2,10,2_10
1108041,NIG027,K-NET,137.8613,37.0235,57,0.1530968043030532,crustal_oof_physical,Crustal physical OOF,0.35251841937323697,-139.80547444930434,129.9932867379599,0.3704517219985078,10323,44401,137.8587449,37.02087765,0.010080603,0.3127462327214844,-0.08940838730769232,1,10,1_10
1108851,SIT001,K-NET,139.1938,36.2431,75,-0.0359012848301907,crustal_oof_physical,Crustal physical OOF,-0.08266576326933038,-19.569762921292043,43.701337137959875,0.238052154460192,58020,117312,139.1923206,36.24488253,0.418444859,-0.12243794992108294,0.3189558686923077,4,7,4_7
1108861,SIT002,K-NET,139.3888,36.1478,80,0.0806342429111606,crustal_oof_physical,Crustal physical OOF,0.18566720571209921,-1.9742929415836759,33.163634937959685,0.169427496146573,66127,128301,139.3905499,36.14835555,0.847998978,0.14589501906034666,0.7485099876923077,5,7,5_7
1108871,SIT003,K-NET,139.6969,36.0721,115,0.1273891505406462,crustal_oof_physical,Crustal physical OOF,0.29332435904406634,25.826549626356154,24.793183137959947,0.2425227912516354,78664,145292,139.6947719,36.07076032,0.546180602,0.25355217239231376,0.44669161169230764,6,6,6_6
1108881,SIT004,K-NET,139.1044,36.1178,116,0.090849476342494,crustal_oof_physical,Crustal physical OOF,0.20918864993254194,-27.63660915814431,29.846414937960347,0.1796988169466496,54316,112298,139.1061964,36.11709849,0.013712295,0.16941646328078938,-0.08577669530769232,4,7,4_7
1108891,SIT005,K-NET,139.2626,36.0563,59,0.0928470282090962,crustal_oof_physical,Crustal physical OOF,0.21378818308306258,-13.361720179734826,23.04611393796009,0.3304211131718475,60582,120791,139.2589407,36.05618832,0.500721266,0.17401599643131002,0.4012322756923077,5,6,5_6
1108901,SIT006,K-NET,139.0713,35.9959,89,0.1130627047644189,crustal_oof_physical,Crustal physical OOF,0.2603364985641379,-30.623327395724807,16.36744433795994,0.4090067060133823,52827,110285,139.0734514,35.99915575,0.217521102,0.22056431191238532,0.11803211169230768,4,6,4_6
1108911,SIT007,K-NET,139.3933,36.0542,79,0.0674493274092289,crustal_oof_physical,Crustal physical OOF,0.1553078158249652,-1.5682436343589663,22.813908537960238,0.43382819065803746,66117,128291,139.3923912,36.05805269,0.95523278,0.11553562917321264,0.8557437896923077,5,6,5_6
1108921,SIT008,K-NET,139.7526,35.9745,52,0.1349133167254944,crustal_oof_physical,Crustal physical OOF,0.31064939193850766,30.852537717996253,14.001160737959957,0.3796907705431882,80867,148281,139.7497417,35.97197997,0.77062824,0.2708772052867551,0.6711392496923076,6,6,6_6
1108922,SIT008,K-NET,139.7456,35.9829,26,0.1273891505406462,crustal_oof_physical,Crustal physical OOF,0.29332435904406634,30.220905462313944,14.92998233796015,0.4169114110677693,80868,148282,139.7495993,35.98101187,0.771349297,0.25355217239231376,0.6718603066923077,6,6,6_6
1108931,SIT009,K-NET,139.4837,35.9032,20,0.003724805011548,crustal_oof_physical,Crustal physical OOF,0.00857668049389994,6.588835781874292,6.1172345379598685,0.28050588963697703,69790,133274,139.4843042,35.90568844,0.440906717,-0.031195506157852618,0.3414177266923077,5,6,5_6
1108932,SIT009,K-NET,139.4826,35.9033,48,0.0979507547877212,crustal_oof_physical,Crustal physical OOF,0.225539947821722,6.489579284552127,6.128291937960236,0.3056065169119612,69790,133274,139.4843042,35.90568844,0.440906717,0.18576776116996943,0.3414177266923077,5,6,5_6
1108941,SIT010,K-NET,139.6478,35.9071,112,0.1176501349138109,crustal_oof_physical,Crustal physical OOF,0.2708994468412793,21.396100518643923,6.548473137960042,0.3331422724489115,76432,142274,139.6441592,35.90760009,0.692256749,0.23112726018952676,0.5927677586923077,6,6,6_6
1108951,SIT011,K-NET,139.7214,35.8098,70,0.1054406529719589,crustal_oof_physical,Crustal physical OOF,0.2427860757287909,28.037262521241686,-4.210377062039632,0.3936679044770255,79742,146763,139.7256835,35.80912435,0.734004214,0.20301388907703835,0.6345152236923077,6,6,6_6
1108961,SIT012,K-NET,139.3216,35.8403,40,-0.133841755413265,crustal_oof_physical,Crustal physical OOF,-0.30818203083473916,-8.037962596130797,-0.8378700620400285,0.3786436312900837,63141,124267,139.3257958,35.84035176,0.062278985,-0.3479542174864917,-0.03721000530769231,5,6,5_6
1108971,SIT013,K-NET,139.4659,35.7966,38,0.1482955182941145,crustal_oof_physical,Crustal physical OOF,0.3414630497818539,4.982685188855241,-5.669953862040159,0.2521768313860378,69040,132262,139.4686292,35.79709095,0.240176637,0.3016908631301013,0.14068764669230768,5,6,5_6
1108981,SIT014,K-NET,138.801,35.9954,75,0.0160865568741478,crustal_oof_physical,Crustal physical OOF,0.037040666056013624,-55.01335578298477,16.31215733795968,0.2981463740704143,41579,94785,138.7979254,35.99441248,-0.683970451,-0.0027315205957389316,-0.7834594413076923,3,6,3_6
1109191,SZO001,K-NET,139.0798,35.1425,26,0.0902892494302607,crustal_oof_physical,Crustal physical OOF,0.20789867979573945,-29.85634537096845,-77.99640726204012,0.3536103322632171,51994,109190,139.0762969,35.14106653,0.042878474,0.1681264931439869,-0.056610516307692316,4,3,4_3
1109201,SZO002,K-NET,139.103,34.9653,20,0.1075569682285651,crustal_oof_physical,Crustal physical OOF,0.2476590716907282,-27.762935609279747,-97.59012006204003,0.6005101157223564,53081,110670,139.106855,34.96087307,0.052769853,0.20788688503897565,-0.04671913730769232,4,3,4_3
1109211,SZO003,K-NET,139.0544,34.8158,90,0.2466417398938717,crustal_oof_physical,Crustal physical OOF,0.5679135935897438,-32.148268127301485,-114.12093306203961,0.2906791765543942,50851,107654,139.0576072,34.81555325,0.048855154,0.5281414069379913,-0.05063383630769232,4,2,4_2
1109221,SZO004,K-NET,138.8193,34.6471,30,0.0417876494635677,crustal_oof_physical,Crustal physical OOF,0.09621961872607163,-53.36208860027266,-132.77476686203974,0.3094003874367945,40729,93636,138.816636,34.64886168,0.008396231,0.05644743207431907,-0.09109275930769231,3,2,3_2
1109231,SZO005,K-NET,138.7841,34.755,32,0.1023642882259381,crustal_oof_physical,Crustal physical OOF,0.235702484123991,-56.53829651455889,-120.84383226203965,0.36437467694555253,39694,92148,138.7875296,34.75673962,0.00785726,0.19593029747223845,-0.09163173030769231,3,2,3_2
1109241,SZO006,K-NET,138.7948,34.9111,20,0.0702742071769767,crustal_oof_physical,Crustal physical OOF,0.16181234186768176,-55.57280149515819,-103.5832308620402,0.24849932003540473,40059,92665,138.7921862,34.91039216,0.007636884,0.1220401552159292,-0.09185210630769232,3,2,3_2
1109261,SZO008,K-NET,138.8657,35.096,26,-0.0486940186821257,crustal_oof_physical,Crustal physical OOF,-0.11212212153543621,-49.175269076895255,-83.13809826204032,0.4048963987344443,43247,97185,138.8664201,35.09238569,0.008799732,-0.15189430818718877,-0.09068925830769231,4,3,4_3
1109271,SZO009,K-NET,138.9129,35.1972,23,0.1302201769416623,crustal_oof_physical,Crustal physical OOF,0.2998430382329186,-44.91626301001152,-71.94800946203968,0.5845929218340435,45407,100197,138.9163901,35.20165418,0.008414886,0.26007085158116605,-0.09107410430769232,4,3,4_3
1109281,SZO010,K-NET,138.9349,35.3091,33,0.1198756360052283,crustal_oof_physical,Crustal physical OOF,0.276023852478819,-42.931133063583594,-59.57477886203984,0.3563219018884549,46142,101209,138.9312384,35.31030667,-0.002520075,0.23625166582706644,-0.10200906530769231,4,4,4_4
1109292,SZO011,K-NET,138.6015,35.2129,34,0.0736151450690324,crustal_oof_physical,Crustal physical OOF,0.16950513565454814,-73.01487506991785,-70.21199766204019,0.24103123238527221,32953,82199,138.5990905,35.21384098,-0.003343688,0.12973294900279558,-0.10283267830769231,3,4,3_4
1109301,SZO012,K-NET,138.6222,35.1257,28,-0.0240323354191568,crustal_oof_physical,Crustal physical OOF,-0.05533649728598327,-71.14704825668674,-79.85405046203972,0.32605237524657155,33608,83189,138.6193242,35.12391461,-0.000570313,-0.09510868393773583,-0.10005930330769232,3,3,3_3
1109311,SZO013,K-NET,138.4765,35.0409,25,0.1145827892279945,crustal_oof_physical,Crustal physical OOF,0.2638366223900589,-84.29402249280822,-89.23072566203987,0.39417880653976856,28050,74680,138.4724104,35.03964677,0.000313666,0.22406443573830634,-0.09917532430769231,2,3,2_3
1109321,SZO014,K-NET,138.3741,34.9649,20,0.0095640315267067,crustal_oof_physical,Crustal physical OOF,0.022021996422319935,-93.53390006163899,-97.63434966203992,0.3684089220537649,24575,69172,138.378139,34.96538702,0.000211765,-0.01775019022943262,-0.09927722530769231,2,3,2_3
1109331,SZO015,K-NET,138.341,35.2433,34,0.0736469854899329,crustal_oof_physical,Crustal physical OOF,0.16957845093306828,-96.52061829921949,-66.85054806204018,0.21453296788979262,23677,67703,138.342753,35.24461068,0.000126105,0.12980626428131573,-0.09936288530769231,2,4,2_4
1109341,SZO016,K-NET,138.312,34.8564,40,0.0668397611619901,crustal_oof_physical,Crustal physical OOF,0.1539042376708808,-99.13738050132973,-109.63162866203986,0.10479672597885088,22102,65160,138.3115043,34.85554291,0.000179627,0.11413205101912824,-0.09930936330769231,2,2,2_2
1109361,SZO018,K-NET,138.2247,34.7389,45,0.011081019057618,crustal_oof_physical,Crustal physical OOF,0.025514989297254136,-107.01473706147628,-122.62407366203982,0.4083264924321715,19085,60147,138.2278466,34.73624608,0.000171885,-0.01425719735449842,-0.09931710530769232,2,2,2_2
1109391,SZO021,K-NET,138.1332,35.0978,21,0.0466543369980836,crustal_oof_physical,Crustal physical OOF,0.10742558089530788,-115.27107297503427,-82.93906506204,0.4065196454261481,16490,55687,138.1366157,35.09540273,-0.001253319,0.06765339424355532,-0.10074230930769232,1,3,1_3
1109401,SZO022,K-NET,137.8127,35.0918,50,-0.108814410628803,crustal_oof_physical,Crustal physical OOF,-0.25055443981681463,-144.19080696732348,-83.60250906204003,0.5074484432536353,6609,37187,137.8116811,35.08728673,-0.001664333,-0.2903266264685672,-0.10115332330769232,1,3,1_3
1109441,SZO026,K-NET,137.8964,34.9812,28,-0.0619962891001485,crustal_oof_physical,Crustal physical OOF,-0.14275173110295117,-136.63828985295672,-95.8319934620398,0.14419533149536062,8811,41675,137.8948093,34.98107524,-0.000878664,-0.18252391775470372,-0.10036765430769232,1,3,1_3
1109451,SZO027,K-NET,138.7934,34.7809,23,0.0123948357052,crustal_oof_physical,Crustal physical OOF,0.028540163924903866,-55.69912794629619,-117.97996566203965,0.39301392983348077,40045,92651,138.7955613,34.78398584,0.008410926,-0.01123202272684869,-0.09107806430769232,3,2,3_2
1109471,TCG001,K-NET,140.0825,36.9432,114,-0.0284418197409581,crustal_oof_physical,Crustal physical OOF,-0.0654897101531539,60.62046359648935,121.11419453795978,0.3018603805646194,95365,167888,140.0851509,36.94153479,0.153428943,-0.10526189680490645,0.0539399526923077,7,10,7_10
1109481,TCG002,K-NET,139.8029,36.9903,111,-0.0254007808975174,crustal_oof_physical,Crustal physical OOF,-0.05848745944503148,35.3912666409667,126.32222993795982,0.38994616676565963,83932,152394,139.8052847,36.99324103,0.047496271,-0.09825964609678403,-0.051992719307692316,6,10,6_10
1109491,TCG003,K-NET,139.7184,36.8153,132,0.0197436121845332,crustal_oof_physical,Crustal physical OOF,0.04546134709796175,27.766562983093586,106.97177993796012,0.3990952373249104,80222,147374,139.7182472,36.81169285,-0.055027253,0.005689160446209193,-0.1545162433076923,6,9,6_9
1109501,TCG004,K-NET,139.4221,36.8065,93,-0.0227723597056638,crustal_oof_physical,Crustal physical OOF,-0.052435295990559745,1.0304719318740483,105.99872873796004,0.1823329844858035,68045,130874,139.4217729,36.80812722,0.2326525,-0.0922074826423123,0.1331635096923077,5,9,5_9
1109511,TCG005,K-NET,139.9264,36.8061,127,0.1029245360288333,crustal_oof_physical,Crustal physical OOF,0.23699250236332015,46.53506429478303,105.95449913796014,0.19696088619909585,88708,158873,139.9250353,36.8047098,0.407958716,0.1972203157115676,0.3084697256923077,7,9,7_9
1109521,TCG006,K-NET,140.1295,36.7638,132,0.0311403953443846,crustal_oof_physical,Crustal physical OOF,0.07170341010992116,64.86142302749586,101.27721893796044,0.37360951373646617,97188,170368,140.1322014,36.76123938,0.324646872,0.03193122345816861,0.22515788169230766,7,9,7_9
1109531,TCG007,K-NET,139.8873,36.5677,102,0.0305252172982247,crustal_oof_physical,Crustal physical OOF,0.07028691031129618,43.00694698090376,79.5936575379603,0.3945615037135086,86837,156347,139.8835122,36.56948282,0.097525723,0.03051472365954362,-0.0019632673076923207,6,8,6_8
1109541,TCG008,K-NET,139.7676,36.56,101,0.0315214353759845,crustal_oof_physical,Crustal physical OOF,0.07258078720651708,32.20603540874187,78.74223773796031,0.08441255647442482,82039,149846,139.7672149,36.55930428,0.257169712,0.03280860055476452,0.15768072169230768,6,8,6_8
1109551,TCG009,K-NET,139.7159,36.7261,128,0.0241184639042212,crustal_oof_physical,Crustal physical OOF,0.055534815451774716,27.540980034635982,97.10857913796033,0.5825528554769667,80213,147365,139.7195996,36.73041763,-0.00336279,0.01576262880002216,-0.10285178030769232,6,9,6_9
1109561,TCG010,K-NET,139.4379,36.6348,103,-0.1500047368679649,crustal_oof_physical,Crustal physical OOF,-0.34539867099067034,2.4561561661285567,87.0131729379599,0.3902803931316035,68395,131355,139.4342433,36.63668509,0.208482466,-0.38517085764242287,0.10899347569230769,5,8,5_8
1109571,TCG011,K-NET,139.6144,36.3869,88,0.0526134949872909,crustal_oof_physical,Crustal physical OOF,0.12114704924805299,18.382312327247586,59.60187833795975,0.3402531627791702,75747,141327,139.6180242,36.38605027,0.137577727,0.08137486259630043,0.038088736692307695,6,8,6_8
1109581,TCG012,K-NET,139.8048,36.2863,106,0.0504092504716089,crustal_oof_physical,Crustal physical OOF,0.11607158868492973,35.56270968179519,48.47813393795975,0.3443048292742734,83485,151816,139.80719,36.28872732,0.469435336,0.07629940203317717,0.36994634569230767,6,7,6_7
1109591,TCG013,K-NET,140.0227,36.4368,125,0.0371540544616467,crustal_oof_physical,Crustal physical OOF,0.0855503719476766,55.22451946937643,65.11952093795985,0.33293671381867135,92357,163832,140.0195846,36.4351867,-0.054401081,0.04577818529592405,-0.1538900713076923,7,8,7_8
1109601,TCG014,K-NET,140.1804,36.5428,157,0.0473605429107931,crustal_oof_physical,Crustal physical OOF,0.10905168010249702,69.45429185809542,76.84036493796003,0.23743423012209328,98996,172844,140.1794061,36.54478822,0.055795565,0.06927949345074447,-0.04369342530769232,7,8,7_8
1109611,TCG015,K-NET,139.7144,36.7488,98,-0.0224333139890748,crustal_oof_physical,Crustal physical OOF,-0.05165461437769843,27.405630265561935,99.61860893796037,0.37085448179147185,79846,146867,139.7103221,36.74838192,-0.047090391,-0.09142680102945099,-0.14657938130769232,6,9,6_9
1109621,TCG016,K-NET,140.1558,36.5288,80,0.0601210419906155,crustal_oof_physical,Crustal physical OOF,0.13843381506286032,67.23455564527127,75.29232893795971,0.37285964888202433,97897,171342,140.1527378,36.52653589,0.040851495,0.09866162841110776,-0.058637495307692314,7,8,7_8
1109751,TKY001,K-NET,139.0953,35.8031,39,-0.030173799407778,crustal_oof_physical,Crustal physical OOF,-0.0694777407153422,-28.457731090529776,-4.95122286203987,0.2620593675132442,53543,111263,139.0959946,35.80079879,-0.139195612,-0.10924992736709475,-0.2386846023076923,4,6,4_6
1109761,TKY002,K-NET,139.1454,35.7306,38,-0.0411851928530552,crustal_oof_physical,Crustal physical OOF,-0.09483241111552981,-23.937048803436557,-12.96783786203965,0.3399814585190773,55380,113755,139.1420111,35.72925619,-0.0781278,-0.13460459776728237,-0.1776167903076923,4,5,4_5
1109771,TKY003,K-NET,139.2916,35.7968,76,-0.0228338497406748,crustal_oof_physical,Crustal physical OOF,-0.052576882028543756,-10.744957977624589,-5.647839062040211,0.23397871845872176,61660,122262,139.2912746,35.79470069,-0.005331332,-0.09234906868029631,-0.10482032230769231,5,6,5_6
1109781,TKY004,K-NET,139.4034,35.6301,49,0.0203145140698844,crustal_oof_physical,Crustal physical OOF,0.04677589726873362,-0.6568885225899452,-24.080524862040072,0.4472604748626769,66070,128244,139.4009364,35.63360991,0.140711423,0.007003710616981067,0.04122243269230769,5,5,5_5
1109791,TKY005,K-NET,139.4156,35.5782,64,0.2140115296721828,crustal_oof_physical,Crustal physical OOF,0.492779757952021,0.44395626588479514,-29.81931546203966,0.4036895737623311,66802,129238,139.4197023,35.57965669,0.255081292,0.4530075713002685,0.1555923016923077,5,5,5_5
1109801,TKY006,K-NET,139.5028,35.6989,31,0.0892987571885419,crustal_oof_physical,Crustal physical OOF,0.20561798712523147,8.312289508092732,-16.47303366203973,0.2957048896401,70505,134251,139.5059606,35.69819323,0.068245361,0.1658458004734789,-0.03124362930769231,5,5,5_5
1109811,TKY007,K-NET,139.6864,35.7111,57,0.1934365930965455,crustal_oof_physical,Crustal physical OOF,0.4454042157036607,24.87910124283269,-15.124030862039731,0.36832875827374806,77886,144252,139.6829699,35.70929419,0.510371494,0.4056320290519081,0.4108825036923077,6,5,6_5
1109821,TKY008,K-NET,139.3909,34.7851,86,0.0358614639721115,crustal_oof_physical,Crustal physical OOF,0.08257407235512698,-1.7848032648805212,-117.51555486203995,0.09478609656250157,64869,126650,139.3912253,34.78428492,0.201471741,0.042801885703374426,0.1019827506923077,5,2,5_2
1109831,TKY009,K-NET,139.441,34.6867,70,0.0314771826387148,crustal_oof_physical,Crustal physical OOF,0.0724788915133557,2.7358790222152654,-128.39603646203972,0.39403677403750575,66703,129139,139.436889,34.6854981,0.209765588,0.03270670486160314,0.11027659769230769,5,2,5_2
1109841,TKY010,K-NET,139.2557,34.3775,76,0.0052140573881447,crustal_oof_physical,Crustal physical OOF,0.012005810815957455,-13.984329117478525,-162.58551726204018,0.3928670354861291,58920,118605,139.2595965,34.37591473,0.019744491,-0.027766375835795103,-0.07974449930769231,5,1,5_1
1109851,TKY011,K-NET,139.5315,34.1228,61,0.1113859876464745,crustal_oof_physical,Crustal physical OOF,0.25647571472319114,10.901981756387135,-190.74871506204016,0.4766517813404745,70331,134077,139.5341741,34.12651756,0.004072737,0.21670352807143858,-0.09541625330769232,5,0,5_0
1109871,TKY013,K-NET,139.8341,35.6627,74,-0.0497046861096288,crustal_oof_physical,Crustal physical OOF,-0.11444926928797948,38.20654183772127,-20.47581246203983,0.33034334268992155,84154,152747,139.8342418,35.66568529,0.050836458,-0.15422145593973202,-0.048652532307692314,6,5,6_5
1109881,TKY014,K-NET,139.8351,35.7002,71,-0.0379051107580004,crustal_oof_physical,Crustal physical OOF,-0.08727974297965996,38.29677501710482,-16.329287462039673,0.2179734374354885,84158,152751,139.8337161,35.70181574,0.180032549,-0.1270519296314125,0.08054355869230767,6,5,6_5
1109891,TKY015,K-NET,139.8119,35.7313,69,-0.0388146466062465,crustal_oof_physical,Crustal physical OOF,-0.08937402666537513,36.20336525541612,-12.890436062040223,0.4375017013270668,83423,151754,139.8155972,35.72874026,0.242058003,-0.12914621331712767,0.14256901269230768,6,5,6_5
1109901,TKY016,K-NET,139.799,35.6486,66,-0.0421805199247807,crustal_oof_physical,Crustal physical OOF,-0.09712423639353839,35.03935724137366,-22.034905862039732,0.14707207640945455,82676,150745,139.7990926,35.64727207,0.070037435,-0.13689642304529093,-0.02945155530769232,6,5,6_5
1109911,TKY017,K-NET,139.8092,35.6473,78,-0.0430900557730268,crustal_oof_physical,Crustal physical OOF,-0.09921852007925354,35.9597356710813,-22.178652062039788,0.11339190658024761,83045,151245,139.8079455,35.64736002,0.075326912,-0.1389907067310061,-0.02416207830769232,6,5,6_5
1109921,TKY018,K-NET,139.8114,35.6553,37,-0.0510644411439142,crustal_oof_physical,Crustal physical OOF,-0.11758022096004866,36.15824866572306,-21.29406006204028,0.3456312075495372,83046,151246,139.8078112,35.6563926,0.067478149,-0.15735240761180122,-0.032010841307692314,6,5,6_5
1109941,TKY020,K-NET,139.8086,35.6646,68,-0.0371992758696213,crustal_oof_physical,Crustal physical OOF,-0.08565449808756313,35.90559576345218,-20.265721862039925,0.12354309346995514,83047,151247,139.8076769,35.66542516,0.059629387,-0.12542668473931567,-0.039859603307692316,6,5,6_5
1109951,TKY021,K-NET,139.819,35.6875,99,-0.0379051107580004,crustal_oof_physical,Crustal physical OOF,-0.08727974297965996,36.84402082903448,-17.733577262039937,0.4990020852297492,83418,151749,139.8162651,35.68357766,0.102638814,-0.1270519296314125,0.0031498236923076794,6,5,6_5
1109961,TKY022,K-NET,139.7963,35.7002,43,-0.0615889668005664,crustal_oof_physical,Crustal physical OOF,-0.1418138368478894,34.79572765703883,-16.329287462039673,0.22707035116756888,82682,150751,139.7982803,35.70146713,0.167762129,-0.18158602349964195,0.0682731386923077,6,5,6_5
1109971,TKY023,K-NET,139.8254,35.7259,73,-0.0379051107580004,crustal_oof_physical,Crustal physical OOF,-0.08727974297965996,37.42151317708768,-13.487535662039617,0.3346186361040112,83792,152254,139.8244591,35.72882717,0.25136097,-0.1270519296314125,0.1518719796923077,6,5,6_5
1109981,TKY024,K-NET,139.8623,35.7401,69,0.1522854129468375,crustal_oof_physical,Crustal physical OOF,0.3506501217318305,40.75111749632517,-11.917384862040134,0.309615930603002,85269,154255,139.8597785,35.73820092,0.2900916,0.310877935080078,0.1906026096923077,6,5,6_5
1109991,TKY025,K-NET,139.8972,35.7136,75,-0.0595384580475478,crustal_oof_physical,Crustal physical OOF,-0.13709236596013497,43.900255456795556,-14.847595862039983,0.27944940539289453,86742,156252,139.8956054,35.71143349,0.18279329,-0.17686455261188752,0.08330429969230768,6,5,6_5
1110001,TKY026,K-NET,139.8633,35.6707,89,-0.0497046861096288,crustal_oof_physical,Crustal physical OOF,-0.11444926928797948,40.841350675708725,-19.59122046204032,0.5283098787698461,85262,154248,139.8606787,35.67497229,0.065792692,-0.15422145593973202,-0.033696298307692316,6,5,6_5
1110011,TKY027,K-NET,139.8913,35.693,65,-0.0371992758696213,crustal_oof_physical,Crustal physical OOF,-0.08565449808756313,43.36787969843542,-17.125420262040173,0.38962520547282514,86371,155750,139.8869963,35.69328635,0.0828358,-0.12542668473931567,-0.016653190307692314,6,5,6_5
1110021,TKY028,K-NET,139.7891,35.6698,65,-0.022607985853962,crustal_oof_physical,Crustal physical OOF,-0.05205681120995316,34.1460487654793,-19.690737062039695,0.49984878659959264,82310,150248,139.7898309,35.67428097,0.078927186,-0.09182899786170572,-0.02056180430769232,6,5,6_5
1110221,TYM001,K-NET,137.6257,36.9764,28,0.04024907175785,crustal_oof_physical,Crustal physical OOF,0.09267691263647307,-161.06441151196856,124.78525133795986,0.22871264974312908,4069,31397,137.6264267,36.97838158,0.002129394,0.05290472598472051,-0.09735959630769231,0,10,0_10
1110251,TYM004,K-NET,137.5274,36.8626,41,0.0300252138146121,crustal_oof_physical,Crustal physical OOF,0.0691356097434847,-169.93433304532908,112.20193013796012,0.5947389430124453,1536,25384,137.523873,36.85805622,-0.000129182,0.02936342309173215,-0.09961817230769232,0,9,0_9
1110691,YMN001,K-NET,138.9198,35.7895,37,-0.1148857531674254,crustal_oof_physical,Crustal physical OOF,-0.2645342226407072,-44.29365407226781,-6.455029262040294,0.10960464903022946,46195,101262,138.9189044,35.78883037,-0.185827926,-0.3043064092924598,-0.2853169163076923,4,6,4_6
1110701,YMN002,K-NET,138.9473,35.6133,55,-0.0051823457768173,crustal_oof_physical,Crustal physical OOF,-0.011932792132440164,-41.81224163923163,-25.93816806203967,0.5443585285056056,47265,102743,138.9498968,35.6177436,0.087347722,-0.05170497878419272,-0.012141268307692313,4,5,4_5
1110711,YMN003,K-NET,138.8129,35.4651,29,-0.0970202905281777,crustal_oof_physical,Crustal physical OOF,-0.22339747468813342,-53.939580948323304,-42.32523486203998,0.36919611379820805,41520,94726,138.8125441,35.46177375,-0.140061487,-0.26316966133988595,-0.23955047730769233,3,4,3_4
1110721,YMN004,K-NET,138.7266,35.7025,44,0.0290410851445676,crustal_oof_physical,Crustal physical OOF,0.06686956973825219,-61.72670432908887,-16.074967262039873,0.17497416204222904,38415,90253,138.7262119,35.7040504,-0.097908704,0.02709738308649963,-0.19739769430769233,3,5,3_5
1110731,YMN005,K-NET,138.5679,35.6551,39,0.2624213696336092,crustal_oof_physical,Crustal physical OOF,0.6042475338014289,-76.04670989718885,-21.316174862040228,0.08274408725186412,32341,81248,138.5682206,35.65580109,-0.081243056,0.5644753471496764,-0.1807320463076923,3,5,3_5
1110741,YMN006,K-NET,138.6069,35.4685,22,0.1367096680086964,crustal_oof_physical,Crustal physical OOF,0.31478564362498934,-72.5276159012482,-41.94928326204007,0.2728716605950011,33646,83227,138.609252,35.46694885,-0.042417249,0.27501345697323676,-0.1419062393076923,3,4,3_4
1110772,YMN009,K-NET,138.4628,35.4966,53,0.0709932119708796,crustal_oof_physical,Crustal physical OOF,0.16346791158791382,-85.53021705035701,-38.842153862039844,0.5405866238503085,28421,75231,138.4668918,35.50017099,0.034916175,0.12369572493616127,-0.06457281530769232,2,4,2_4
1110781,YMN010,K-NET,138.4182,35.7919,37,0.0198206339585983,crustal_oof_physical,Crustal physical OOF,0.04563869628676001,-89.55461685084197,-6.189651662040126,0.5489661608408636,27178,73263,138.4223067,35.78823703,0.153331681,0.005866509635007455,0.05384269069230768,2,6,2_6
1200581,AICH17,KiK-net,137.7268,35.184,37,-0.0089577916382897,crustal_oof_physical,Crustal physical OOF,-0.020626077492472576,-151.94183707633462,-73.40758626204021,0.17659012606243554,4536,32698,137.7286923,35.18440738,-0.00250514,-0.06039826414422513,-0.10199413030769232,0,3,0_3
1201491,CHBH04,KiK-net,140.0206,35.7966,89,-0.0052497890026791,crustal_oof_physical,Crustal physical OOF,-0.012088085898932975,55.03502979267327,-5.669953862040159,0.35537440426787786,91917,163261,140.0186548,35.79380546,0.250804742,-0.05186027255068553,0.1513157516923077,7,6,7_6
1201521,CHBH06,KiK-net,140.5046,35.7215,34,0.1313834369963805,crustal_oof_physical,Crustal physical OOF,0.30252154349418814,98.70788861410558,-13.974061262040054,0.3973909410991761,111190,190753,140.5069771,35.72452542,0.119015936,0.2627493568424356,0.019526945692307687,8,5,8_5
1201571,CHBH10,KiK-net,140.2417,35.5458,107,-0.1170363227130487,crustal_oof_physical,Crustal physical OOF,-0.2694860920179064,74.9855857542824,-33.40191306203995,0.38169604371534566,101057,175733,140.2428003,35.54246687,0.224572279,-0.30925827866965894,0.1250832886923077,7,5,7_5
1201591,CHBH11,KiK-net,140.1529,35.2867,66,-0.0706317654122703,crustal_oof_physical,Crustal physical OOF,-0.16263565013014605,66.97287942505923,-62.05163646203957,0.44573722464156745,97393,170705,140.1570153,35.2889298,0.344381783,-0.2024078367818986,0.24489279269230768,7,4,7_4
1201611,CHBH12,KiK-net,139.8554,35.3445,47,-0.101702768622152,crustal_oof_physical,Crustal physical OOF,-0.2341792789455898,40.12850855858148,-55.66045926204033,0.43655061635100223,84856,153711,139.8565709,35.34066933,0.261233677,-0.27395146559734235,0.16174468669230768,6,4,6_4
1201631,CHBH13,KiK-net,140.298,35.8307,95,-0.0773274651072772,crustal_oof_physical,Crustal physical OOF,-0.1780530684350337,80.06571375355159,-1.8993804620399115,0.4010952312991907,103574,179265,140.3021854,35.8319217,0.228422754,-0.21782525508678627,0.1289337636923077,8,6,8_6
1201651,CHBH14,KiK-net,140.823,35.7342,53,-0.0435552505217024,crustal_oof_physical,Crustal physical OOF,-0.10028967057289309,127.43813292969168,-12.569771462039792,0.27517507007021047,121429,208754,140.8260349,35.73444405,0.026753621,-0.14006185722464565,-0.07273536930769231,9,5,9_5
1201691,CHBH16,KiK-net,139.9649,35.1384,39,0.081736413389025,crustal_oof_physical,Crustal physical OOF,0.1882050470243679,50.009041701033176,-78.44976066204025,0.4957680064741824,89262,159689,139.9649359,35.14288349,0.607298814,0.14843286037261536,0.5078098236923076,7,3,7_3
1201711,CHBH17,KiK-net,140.3398,35.1714,52,-0.0053355068895936,crustal_oof_physical,Crustal physical OOF,-0.012285458627545251,83.83746065176568,-74.8008186620401,0.325371123669179,104889,181192,140.3430764,35.17262886,0.263134606,-0.05205764527929781,0.16364561569230768,8,3,8_3
1201741,CHBH19,KiK-net,140.5107,35.5943,54,-0.1854599938503258,crustal_oof_physical,Crustal physical OOF,-0.4270374171865276,99.25831100834296,-28.039074062040275,0.49224631190441326,111176,190739,140.507754,35.59804679,0.195139245,-0.4668096038382802,0.09565025469230767,8,5,8_5
1201761,CHBH20,KiK-net,140.0997,35.0882,46,-0.0132477741080847,crustal_oof_physical,Crustal physical OOF,-0.030504127176628322,62.172474281879296,-84.00057546203988,0.26015428750531405,94791,167183,140.0975137,35.08973376,0.190109081,-0.07027631382838087,0.0906200906923077,7,3,7_3
1202501,FKSH05,KiK-net,139.8725,37.2544,91,-0.0600867327741071,crustal_oof_physical,Crustal physical OOF,-0.1383548151723758,41.67149592603281,155.5248233379597,0.18046537766864387,86913,156423,139.8734625,37.25583065,0.009501361,-0.17812700182412836,-0.08998762930769232,6,11,6_11
1202521,FKSH06,KiK-net,139.5199,37.1723,131,-0.2005554614808135,crustal_oof_physical,Crustal physical OOF,-0.4617960159242627,9.855276875544066,146.44669793796004,0.302125623962201,72513,136914,139.5226051,37.17068981,0.009450589,-0.5015682025760153,-0.09003840130769232,5,10,5_10
1202541,FKSH07,KiK-net,139.3755,37.0103,73,-0.1317937435546657,crustal_oof_physical,Crustal physical OOF,-0.3034663092588533,-3.174394227380582,128.53370993796017,0.525350895033849,66222,128396,139.3726427,37.00616038,0.050237698,-0.34323849591060585,-0.04925129230769232,5,10,5_10
1202561,FKSH08,KiK-net,140.2144,37.2822,138,-0.0858474605032399,crustal_oof_physical,Crustal physical OOF,-0.1976710828261553,72.52221995712343,158.5987805379604,0.4362220752260831,100890,175426,140.216644,37.28569432,0.008859302,-0.23744326947790786,-0.09062968830769232,7,11,7_11
1202601,FKSH10,KiK-net,140.093,37.1616,158,-0.0958120902650997,crustal_oof_physical,Crustal physical OOF,-0.2206154907730185,61.56791198001026,145.26355613796005,0.38128398784036865,95758,168412,140.0915722,37.15835459,0.0253935,-0.2603876774247711,-0.07409549030769232,7,10,7_10
1202621,FKSH11,KiK-net,140.3386,37.2006,125,-0.0751668843872569,crustal_oof_physical,Crustal physical OOF,-0.17307814747690461,83.72918083650747,149.57594213796023,0.5948377212406788,105455,181916,140.33499,37.19609877,0.012322215,-0.21285033412865717,-0.08716677530769232,8,10,8_10
1202661,FKSH13,KiK-net,140.5853,36.9951,27,-0.0106838031839389,crustal_oof_physical,Crustal physical OOF,-0.024600365947820033,105.9897061903217,126.85298513796015,0.5041485518666109,114383,195894,140.5889641,36.99854201,0.010822575,-0.06437255259957259,-0.08866641530769231,8,10,8_10
1202821,FKSH21,KiK-net,139.3147,37.3421,112,-0.0914850006976985,crustal_oof_physical,Crustal physical OOF,-0.21065199883907043,-8.660571533874498,165.22216313796028,0.4314074456798609,64045,125433,139.3111858,37.33945463,0.004493073,-0.250424185490823,-0.09499591730769232,5,11,5_11
1203071,GIFH14,KiK-net,137.5174,36.2493,41,-0.1621603435237127,crustal_oof_physical,Crustal physical OOF,-0.3733879896724944,-170.83666483915948,44.38689593795985,0.44423308573370285,680,23317,137.5152345,36.252908,-0.006405702,-0.41316017632424695,-0.10589469230769231,0,7,0_7
1203411,GNMH05,KiK-net,139.1847,36.3143,105,-0.0551597456951747,crustal_oof_physical,Crustal physical OOF,-0.12701000817105176,-20.390884853680074,51.574205937960386,0.3996255099292955,57659,116820,139.1817282,36.31697965,0.363981674,-0.16678219482280432,0.26449268369230766,4,7,4_7
1203431,GNMH06,KiK-net,139.5443,36.2441,36,0.0259314851852397,crustal_oof_physical,Crustal physical OOF,0.059709451226728875,12.056966452490983,43.81191113796041,0.5286027945157696,72410,136811,139.5403055,36.24060315,0.155065281,0.01993726457497632,0.055576290692307684,5,7,5_7
1203451,GNMH07,KiK-net,139.2104,36.6998,133,-0.0688909373741377,crustal_oof_physical,Crustal physical OOF,-0.15862724544007586,-18.071892143533766,94.20048293796043,0.3721919646645824,59177,118862,139.2087119,36.6967288,-0.043545323,-0.19839943209182842,-0.1430343133076923,4,9,4_9
1203471,GNMH08,KiK-net,138.5244,36.4917,114,0.1559914232821835,crustal_oof_physical,Crustal physical OOF,0.35918352588448005,-79.9718532003542,71.19003353796023,0.3446734723876425,31775,80341,138.5243404,36.49481675,0.009726632,0.31941133923272746,-0.08976235830769232,3,8,3_8
1203491,GNMH09,KiK-net,138.9068,36.6212,113,0.0325188707701563,crustal_oof_physical,Crustal physical OOF,0.0748774670763617,-45.46668540424889,85.50936653796026,0.20720537463738636,46649,101854,138.9057502,36.61953338,-0.117103602,0.03510528042460914,-0.21659259230769232,4,8,4_8
1203511,GNMH10,KiK-net,138.7291,36.2356,33,-0.0708930300919759,crustal_oof_physical,Crustal physical OOF,-0.16323723428696202,-61.50112138063126,42.87203213795985,0.15620918467183773,39165,91312,138.7287078,36.23697598,-0.116664257,-0.20300942093871457,-0.2161532473076923,3,7,3_7
1203531,GNMH11,KiK-net,138.921,36.2862,124,0.1545121690230078,crustal_oof_physical,Crustal physical OOF,0.35577741707855415,-44.185374257009606,48.46707653796016,0.24461404225268601,46975,102317,138.9236345,36.28567847,0.518197621,0.3160052304268016,0.4187086306923077,4,7,4_7
1203551,GNMH12,KiK-net,138.9129,36.144,109,0.0566391384359253,crustal_oof_physical,Crustal physical OOF,0.1304164358425877,-44.91626301001152,32.74345373795988,0.4495681354674455,46234,101301,138.9096408,36.14092482,0.058551175,0.09064424919083514,-0.04093781530769232,4,7,4_7
1203571,GNMH13,KiK-net,139.0627,36.862,64,0.1062089649243476,crustal_oof_physical,Crustal physical OOF,0.24455517937713028,-31.399332738419783,112.13558573796027,0.4722180376128138,53292,110881,139.0608933,36.86600804,0.099654863,0.20478299272537773,0.00016587269230768087,4,9,4_9
1203591,GNMH14,KiK-net,139.3219,36.4931,94,-0.0565983852696375,crustal_oof_physical,Crustal physical OOF,-0.1303225982094011,-8.01089264231496,71.34483713795987,0.2891461812792311,63582,124839,139.3208545,36.49062814,0.226780733,-0.17009478486115365,0.1272917426923077,5,8,5_8
1204481,IBRH06,KiK-net,140.6545,36.8809,43,-0.0954644606259861,crustal_oof_physical,Crustal physical OOF,-0.21981504394811263,112.23384220363594,114.22543433795973,0.18121354942699505,116410,199381,140.6525595,36.88132218,0.008905615,-0.2595872305998652,-0.09058337530769231,9,9,9_9
1204501,IBRH07,KiK-net,140.3301,35.9521,108,-0.0546513656850766,crustal_oof_physical,Crustal physical OOF,-0.1258394199382237,82.96219881174854,11.52430313796023,0.3527957434077,104631,180778,140.3278175,35.94950954,0.152623759,-0.16561160658997626,0.05313476869230768,8,6,8_6
1204521,IBRH08,KiK-net,140.5621,36.1188,32,0.084615916123488,crustal_oof_physical,Crustal physical OOF,0.194835347095978,103.89629642863301,29.95698893796009,0.5323663015356633,113084,193797,140.557949,36.12222135,-0.015261769,0.15506316044422544,-0.11475075930769231,8,7,8_7
1204541,IBRH09,KiK-net,140.3559,36.439,21,-0.0974146662400811,crustal_oof_physical,Crustal physical OOF,-0.2243055583234011,85.29021483983345,65.36278373796007,0.35766814721237616,106053,182832,140.3594079,36.43749385,-0.057753745,-0.2640777449751537,-0.1572427353076923,8,8,8_8
1204561,IBRH10,KiK-net,139.9889,36.1112,120,0.0400699954562744,crustal_oof_physical,Crustal physical OOF,0.09226457421395658,52.174638006228214,29.116626537959693,0.18094236518457535,90845,161796,139.9880214,36.10972904,0.398080623,0.05249238756220402,0.2985916326923077,7,7,7_7
1204581,IBRH11,KiK-net,140.1401,36.3701,147,0.0030408018982887,crustal_oof_physical,Crustal physical OOF,0.007001705121747558,65.81789472895538,57.744235137960146,0.44325269807219975,97145,170325,140.1365354,36.37285822,-0.249224732,-0.032770481530004995,-0.3487137223076923,7,8,7_8
1204601,IBRH12,KiK-net,140.3181,36.8369,148,0.0023233500823323,crustal_oof_physical,Crustal physical OOF,0.005349711265384843,81.87940065915103,109.36017833796006,0.3037354127624256,104729,180876,140.3201524,36.83472277,0.087974443,-0.03442247538636771,-0.011514547307692316,8,9,8_9
1204621,IBRH13,KiK-net,140.575,36.7955,145,0.0623409010260792,crustal_oof_physical,Crustal physical OOF,0.1435452293864672,105.06030444267547,104.78241473795973,0.541257189872962,113763,194872,140.5720575,36.79976556,0.016000894,0.10377304273471463,-0.08348809630769231,8,9,8_9
1204641,IBRH14,KiK-net,140.5484,36.6922,145,-0.0704799769383792,crustal_oof_physical,Crustal physical OOF,-0.16228614425287607,102.66010187108422,93.36012053796003,0.26088323859091217,112843,193360,140.5457406,36.69127434,0.015665989,-0.20205833090462863,-0.08382300130769231,8,9,8_9
1204661,IBRH15,KiK-net,140.3013,36.5566,146,0.0407064845000465,crustal_oof_physical,Crustal physical OOF,0.09373014439800026,80.36348324551552,78.3662861379604,0.3770701378296887,104004,179845,140.3047002,36.55461761,0.021150061,0.0539579577462477,-0.07833892930769232,8,8,8_8
1204681,IBRH16,KiK-net,140.3976,36.6405,146,-0.0960855590294259,crustal_oof_physical,Crustal physical OOF,-0.2212451758731555,89.05293842011149,87.6434447379604,0.5777616195413282,107417,184854,140.3936312,36.63639969,0.037555847,-0.26101736252490804,-0.06193314330769231,8,8,8_8
1204701,IBRH17,KiK-net,140.314,36.0864,126,0.0687447600031832,crustal_oof_physical,Crustal physical OOF,0.15829065960478297,81.50944462368076,26.374391337959796,0.3750293997472687,104300,180293,140.3177628,36.08495961,-0.048208664,0.11851847295303042,-0.14769765430769233,8,7,8_7
1204721,IBRH18,KiK-net,140.6198,36.3631,132,0.0023387248292602,crustal_oof_physical,Crustal physical OOF,0.005385112928469582,109.10275087904022,56.97021713796038,0.3632641109103203,115197,197324,140.6191209,36.36633818,-0.016744962,-0.03438707372328297,-0.11623395230769232,9,8,9_8
1204741,IBRH19,KiK-net,140.0893,36.2137,115,-0.0294747314083646,crustal_oof_physical,Crustal physical OOF,-0.06786807716090373,61.234049216294444,40.450461537960386,0.5772181719408189,95284,167807,140.0937414,36.20994309,-0.307838749,-0.10764026381265629,-0.40732773930769234,7,7,7_7
1204761,IBRH20,KiK-net,140.7323,35.8284,72,0.0562282700705089,crustal_oof_physical,Crustal physical OOF,0.12947037646919707,119.25398355964256,-2.1537006620397117,0.5581917405525948,118531,203264,140.7282193,35.82460599,0.030788949,0.08969818981744451,-0.06870004130769232,9,6,9_6
1204781,IBRH21,KiK-net,140.105,35.9814,39,-0.0543514895420439,crustal_oof_physical,Crustal physical OOF,-0.12514892960153207,62.65071013260777,14.764121337960143,0.30929957453918744,95628,168282,140.1052221,35.98419134,0.581556469,-0.16492111625328462,0.4820674786923077,7,6,7_6
1206911,KNGH10,KiK-net,139.5195,35.4991,87,-0.06103698649214,crustal_oof_physical,Crustal physical OOF,-0.1405428552180805,9.819183603789618,-38.56571886204009,0.10743104030967902,70852,134729,139.5184852,35.49960811,0.328287086,-0.18031504186983305,0.2287980956923077,5,4,5_4
1206931,KNGH11,KiK-net,139.3539,35.404,44,-0.0459444164162298,crustal_oof_physical,Crustal physical OOF,-0.10579092834632167,-5.123430902054061,-49.081306262039554,0.368533399582546,63831,125219,139.3524595,35.40711873,0.250198733,-0.14556311499807423,0.1507097426923077,5,4,5_4
1206951,KNGH18,KiK-net,139.1283,35.6437,87,0.0139034310322011,crustal_oof_physical,Crustal physical OOF,0.032013833036217076,-25.48003617088789,-22.576718462039647,0.48283133287070684,54633,112746,139.126195,35.64771452,0.08499161,-0.007758353615535479,-0.01449738030769232,4,5,4_5
1206971,KNGH19,KiK-net,139.0436,35.4173,53,-0.0754205414792353,crustal_oof_physical,Crustal physical OOF,-0.1736622145156263,-33.122786464638224,-47.61067206204023,0.36340519312570063,50918,107721,139.0431881,35.4205693,0.012451926,-0.21343440116737886,-0.08703706430769231,4,4,4_4
1206991,KNGH20,KiK-net,139.126,35.3663,74,0.2952326121413651,crustal_oof_physical,Crustal physical OOF,0.6797982116824002,-25.68757248346827,-53.249946062039655,0.24340740391526786,54233,112215,139.1238695,35.36765022,0.036175467,0.6400260250306476,-0.06331352330769231,4,4,4_4
1207011,KNGH21,KiK-net,139.2146,35.4628,62,-0.0440824536806591,crustal_oof_physical,Crustal physical OOF,-0.10150360070768616,-17.692912790124893,-42.57955506203977,0.5384912895308182,58302,117725,139.2189001,35.45942317,-0.023386202,-0.14127578735943871,-0.12287519230769231,5,4,5_4
1207051,KNGH23,KiK-net,139.611,35.2624,45,0.0984836553291703,crustal_oof_physical,Crustal physical OOF,0.22676699666451117,18.075519517345043,-64.73858466203998,0.3785424567885975,74516,139703,139.6108762,35.26582194,0.372687768,0.1869948100127586,0.27319877769230766,6,4,6_4
1208651,NGNH03,KiK-net,137.7346,35.4786,40,-0.129590543745986,crustal_oof_physical,Crustal physical OOF,-0.2983932542225001,-151.23801827714595,-40.83248586203992,0.43790504604214625,5021,33731,137.7343071,35.48255307,-0.011645001,-0.3381654408742527,-0.11113399130769232,0,4,0_4
1208671,NGNH07,KiK-net,138.376,36.7434,47,0.09500691332784,crustal_oof_physical,Crustal physical OOF,0.21876150236006173,-93.3624570208105,99.0215093379602,0.3171967991679324,26651,72369,138.3727149,36.74442102,0.359368177,0.17898931570830917,0.2598791866923077,2,9,2_9
1208691,NGNH08,KiK-net,137.8591,36.2541,34,0.0605072498441501,crustal_oof_physical,Crustal physical OOF,0.13932309150920633,-140.0039874439461,44.917651137960185,0.35940116905838293,9462,42816,137.8630181,36.25351552,-0.027845071,0.09955090485745377,-0.12733406130769231,1,7,1_7
1208711,NGNH09,KiK-net,138.2491,36.2859,20,-0.0334150014582276,crustal_oof_physical,Crustal physical OOF,-0.07694088424008919,-104.81304748452936,48.433904337959845,0.5732087441292076,21654,64319,138.2452587,36.29002881,-0.023517801,-0.11671307089184174,-0.12300679130769232,2,7,2_7
1208731,NGNH10,KiK-net,137.7669,35.9632,84,-0.1145906297023394,crustal_oof_physical,Crustal physical OOF,-0.2638546757494074,-148.3234865830718,12.75167453796012,0.16052388006817528,6468,36784,137.7679712,35.96204095,-0.011191477,-0.30362686240116,-0.11068046730769232,0,6,0_6
1208751,NGNH11,KiK-net,138.3052,35.9157,55,0.2105614918631472,crustal_oof_physical,Crustal physical OOF,0.48483575232266984,-99.75096612113482,7.499409537960182,0.4564552206608712,23136,66777,138.3028373,35.91204988,0.125528805,0.4450635656709173,0.026039814692307678,2,6,2_6
1208771,NGNH12,KiK-net,138.4797,35.9696,63,0.0319330439585821,crustal_oof_physical,Crustal physical OOF,0.07352855099295472,-84.00527631878033,13.459348137960042,0.10988040612211242,29438,76783,138.4786209,35.97006049,0.063392714,0.03375636434120216,-0.03609627630769231,2,6,2_6
1208791,NGNH13,KiK-net,137.8767,35.5143,44,-0.047112645892577,crustal_oof_physical,Crustal physical OOF,-0.10848087612375497,-138.41588348680426,-36.884994062040086,0.22991054829554117,8870,41734,137.8744282,35.51335853,-0.02958448,-0.14825306277550754,-0.1290734703076923,1,5,1_5
1208811,NGNH14,KiK-net,137.6261,35.3095,36,-0.1018887351231806,crustal_oof_physical,Crustal physical OOF,-0.2346074826386545,-161.02831824021413,-59.53054926203995,0.17397154725590516,2178,27212,137.6267778,35.30802708,-0.003558265,-0.274379669290407,-0.10304725530769232,0,4,0_4
1208831,NGNH15,KiK-net,137.9305,36.0088,33,-0.1155367379435246,crustal_oof_physical,Crustal physical OOF,-0.2660331704819193,-133.56133843599267,17.793848937960153,0.4942616651126218,11002,45789,137.9259986,36.01134699,-0.012760977,-0.30580535713367185,-0.11224996730769232,1,6,1_6
1208851,NGNH16,KiK-net,138.1848,35.9465,46,0.0214827503949984,crustal_oof_physical,Crustal physical OOF,0.04946586081603527,-110.61504091886444,10.905088737960103,0.1682126723534798,19219,60281,138.1861985,35.9454941,0.034409631,0.009693674164282712,-0.06507935930769232,2,6,2_6
1208871,NGNH17,KiK-net,138.5504,36.1425,53,0.1341688446862734,crustal_oof_physical,Crustal physical OOF,0.30893518171884654,-77.62579053639462,32.577592737959876,0.2692659506703771,32395,81302,138.5532572,36.14320262,-0.005112706,0.26916299506709396,-0.10460169630769231,3,7,3_7
1208891,NGNH18,KiK-net,137.595,35.9324,51,-0.1118649292043061,crustal_oof_physical,Crustal physical OOF,-0.2575785184146695,-163.83457011903008,9.3459953379602,0.3976712443390986,2041,26781,137.5916428,35.93007003,-0.006237261,-0.297350705066422,-0.10572625130769231,0,6,0_6
1208911,NGNH19,KiK-net,138.5845,35.9735,57,-0.0692037170511597,crustal_oof_physical,Crustal physical OOF,-0.15934744726177819,-74.54883911943057,13.890586737960215,0.15199643116275724,33369,82783,138.5852119,35.97225418,-0.60825446,-0.19911963391353074,-0.7077434503076924,3,6,3_6
1208931,NGNH20,KiK-net,137.7173,35.787,44,-0.1234984929217217,crustal_oof_physical,Crustal physical OOF,-0.2843657888087871,-152.7990522804745,-6.731464262040042,0.45056908675308593,4828,33265,137.7129384,35.7889839,-0.01482514,-0.3241379754605397,-0.11431413030769232,0,6,0_6
1208951,NGNH21,KiK-net,137.9236,35.8315,42,-0.0475910453983113,crustal_oof_physical,Crustal physical OOF,-0.10958243169415448,-134.18394737373637,-1.8109212620401178,0.100208183223467,10717,45269,137.9241167,35.83069781,-0.04643306,-0.14935461834590702,-0.1459220503076923,1,6,1_6
1208971,NGNH22,KiK-net,138.0824,35.7946,40,-0.0999755609091275,crustal_oof_physical,Crustal physical OOF,-0.23020223621307526,-119.85491848769522,-5.891101862039644,0.4984758036406267,15704,54265,138.0849752,35.7985883,-0.124072437,-0.2699744228648278,-0.2235614273076923,1,6,1_6
1208991,NGNH23,KiK-net,137.6105,35.6056,54,-0.0519277929628876,crustal_oof_physical,Crustal physical OOF,-0.11956816198842611,-162.4359558385914,-26.78958786203965,0.3444675800224429,2211,27245,137.6143169,35.60565645,-0.009253597,-0.15934034864017865,-0.10874258730769232,0,5,0_5
1209011,NGNH24,KiK-net,137.8797,35.6152,75,-0.0490671350420218,crustal_oof_physical,Crustal physical OOF,-0.11298125370368517,-138.14518394865362,-25.728077462039767,0.2643967063153092,9135,42245,137.8794067,35.61282088,-0.044324539,-0.15275344035543773,-0.1438135293076923,1,5,1_5
1209031,NGNH25,KiK-net,137.9268,35.2986,49,-0.0607813301417539,crustal_oof_physical,Crustal physical OOF,-0.13995418471675222,-133.89520119971104,-60.73580586203989,0.06955340731868306,10132,44210,137.9268016,35.29797098,-0.008666846,-0.17972637136850478,-0.10815583630769232,1,4,1_4
1209051,NGNH26,KiK-net,138.1474,36.4663,35,0.1519244930169352,crustal_oof_physical,Crustal physical OOF,0.349819072881473,-113.98976182779242,68.38145393795972,0.29931210618507376,18686,59339,138.1495154,36.46838502,-0.253247466,0.31004688622972043,-0.3527364563076923,1,8,1_8
1209071,NGNH27,KiK-net,138.0479,36.577,83,-0.0546612342316653,crustal_oof_physical,Crustal physical OOF,-0.12586214310648838,-122.96796317641372,80.62199573795986,0.31240499658888443,15504,53851,138.0471087,36.57424948,-0.143264459,-0.16563432975824094,-0.24275344930769233,1,8,1_8
1209091,NGNH28,KiK-net,138.0964,36.7075,84,-0.0928702024023042,crustal_oof_physical,Crustal physical OOF,-0.2138415436348855,-118.59165397633315,95.0519027379604,0.3798668805884234,17249,56866,138.0957157,36.71088972,0.023843919,-0.25361373028663803,-0.07564507130769231,1,9,1_9
1209111,NGNH29,KiK-net,138.4408,36.9102,84,-0.0288873314361388,crustal_oof_physical,Crustal physical OOF,-0.06651553874123149,-87.51534699678493,117.46525253796042,0.252203695482482,29220,76387,138.4390648,36.90841191,0.04624569,-0.10628772539298405,-0.053243300307692316,2,9,2_9
1209131,NGNH30,KiK-net,137.6849,36.064,59,-0.1133333816489974,crustal_oof_physical,Crustal physical OOF,-0.2609597551235864,-155.7226072924873,23.89753373796007,0.4678290720614924,4410,32296,137.6835588,36.0680869,-0.006837913,-0.3007319417753389,-0.10632690330769232,0,6,0_6
1209151,NGNH31,KiK-net,137.9389,36.1184,64,0.0317772332235097,crustal_oof_physical,Crustal physical OOF,0.07316978351704856,-132.8033797291749,29.912759337960193,0.1925722613854725,11549,46801,137.93957,36.12005352,-0.013435929,0.033397596865296,-0.11292491930769231,1,7,1_7
1209171,NGNH32,KiK-net,137.9898,36.2578,50,0.1544049354134072,crustal_oof_physical,Crustal physical OOF,0.35553050256761987,-128.2105108985728,45.32677493796041,0.21922916733739942,13208,49816,137.9877587,36.25672481,-0.046800015,0.31575831591586734,-0.14628900530769232,1,7,1_7
1209191,NGNH33,KiK-net,137.9637,36.4598,55,-0.0468165119369923,crustal_oof_physical,Crustal physical OOF,-0.10779900249209627,-130.56559688047355,67.66272293796021,0.4669362727350944,12677,48839,137.9618765,36.46375197,-0.102035041,-0.1475711891438488,-0.2015240313076923,1,8,1_8
1209211,NGNH34,KiK-net,137.8201,36.5327,59,-0.0542414325681841,crustal_oof_physical,Crustal physical OOF,-0.12489551405414247,-143.5230814398893,75.72356753795988,0.37552442033603495,8480,40847,137.8159876,36.53217875,-0.037201998,-0.16466770070589504,-0.13669098830769233,1,8,1_8
1209231,NGNH35,KiK-net,137.8201,36.3824,43,-0.0674545829402065,crustal_oof_physical,Crustal physical OOF,-0.15531991713224996,-143.5230814398893,59.10429533795973,0.43812478878326444,8463,40830,137.8222554,36.37884952,-0.036841769,-0.19509210378400252,-0.1363307593076923,1,8,1_8
1209271,NGNH37,KiK-net,138.4967,36.3308,38,0.1904572438385709,crustal_oof_physical,Crustal physical OOF,0.43854401051542546,-82.47131226926761,53.39867693796045,0.2770544088949169,30450,78323,138.4938004,36.3316241,0.248950433,0.39877182386367294,0.14946144269230768,2,7,2_7
1209291,NGNH54,KiK-net,138.0058,35.4489,35,-0.1959253650729042,crustal_oof_physical,Crustal physical OOF,-0.4511348249562855,-126.76678002844362,-44.11653366203973,0.5874114448561482,12840,49226,138.0095199,35.44454035,-0.035613878,-0.49090701160803807,-0.1351028683076923,1,4,1_4
1209631,NIGH11,KiK-net,138.744,37.1728,117,0.0833906092825701,crustal_oof_physical,Crustal physical OOF,0.1920139738297368,-60.15664700782169,146.50198493796032,0.4497341725008452,41009,93916,138.7460152,37.17651999,0.004298393,0.15224178717798426,-0.09519059730769232,3,10,3_10
1209651,NIGH12,KiK-net,138.9821,37.2239,88,-0.0423289977611061,crustal_oof_physical,Crustal physical OOF,-0.09746611924610125,-38.67212699669986,152.15231633796012,0.32543558721197097,50380,106921,138.9794378,37.22588557,0.007755798,-0.1372383058978538,-0.09173319230769232,4,11,4_11
1209671,NIGH13,KiK-net,138.3966,37.0544,54,0.0812507762947658,crustal_oof_physical,Crustal physical OOF,0.18708682629052173,-91.50365352551802,133.41002333796018,0.3016251712714713,27954,74403,138.3981937,37.05200217,0.023211132,0.14731463963876917,-0.07627785830769232,2,10,2_10
1209691,NIGH14,KiK-net,138.8521,37.0303,82,-0.0256590909043323,crustal_oof_physical,Crustal physical OOF,-0.059082240216094664,-50.402440316505434,130.7451899379597,0.4733959347685993,44891,99400,138.8493628,37.03395238,0.02268375,-0.09885442686784722,-0.07680524030769231,3,10,3_10
1209711,NIGH15,KiK-net,138.9951,37.0533,92,-0.0364715048483603,crustal_oof_physical,Crustal physical OOF,-0.0839787433828945,-37.49909566471879,133.28839193796009,0.23292460275872234,50730,107402,138.993006,37.05453182,0.029946509,-0.12375093003464706,-0.06954248130769232,4,10,4_10
1209731,NIGH16,KiK-net,137.848,36.9378,34,0.0045215050417355,crustal_oof_physical,Crustal physical OOF,0.010411150106997584,-141.0055757350987,120.51709493796038,0.3853047891142928,9795,43392,137.8441063,36.93923049,0.011105441,-0.02936103654475497,-0.08838354930769232,1,10,1_10
1209751,NIGH17,KiK-net,138.0966,36.8569,86,0.0542710216560747,crustal_oof_physical,Crustal physical OOF,0.12496364544683464,-118.57360734045592,111.5716583379604,0.2872632471547408,17556,57382,138.09924,36.85544811,0.092478994,0.08519145879508208,-0.0070099963076923205,1,9,1_9
1209771,NIGH18,KiK-net,138.2594,36.9425,70,0.1835699632216474,crustal_oof_physical,Crustal physical OOF,0.4226854608356306,-103.88364573688311,121.03679273796034,0.2558658119421735,22944,66391,138.2580014,36.94048707,0.101409974,0.382913274183878,0.0019209836923076845,2,10,2_10
1209791,NIGH19,KiK-net,138.7849,36.8114,65,-0.0361656520569494,crustal_oof_physical,Crustal physical OOF,-0.08327449130474116,-56.466109971052546,106.54054133795995,0.4979591770025342,42021,95375,138.783853,36.80697839,0.096090923,-0.12304667795649371,-0.0033980673076923207,3,9,3_9
1211041,SITH01,KiK-net,139.7349,35.929,60,-0.146521342716299,crustal_oof_physical,Crustal physical OOF,-0.3373778595440218,29.255410442915814,8.97004373796029,0.3291845977780017,80124,147276,139.7326857,35.92663405,0.577087278,-0.3771500461957743,0.4775982876923077,6,6,6_6
1211061,SITH03,KiK-net,139.3843,35.899,77,-0.0835998985265536,crustal_oof_physical,Crustal physical OOF,-0.1924958801230572,-2.380342248808386,5.652823737960165,0.4592630760030381,65730,127773,139.3868061,35.89538493,0.286974834,-0.23226806677480977,0.1874858436923077,5,6,5_6
1211081,SITH04,KiK-net,139.5353,35.8028,79,-0.042109397124283,crustal_oof_physical,Crustal physical OOF,-0.09696047009334038,11.244867838044126,-4.984395062040186,0.5948400861522989,71993,136263,139.5394113,35.8070052,0.625456085,-0.13673265674509294,0.5259670946923077,5,6,5_6
1211101,SITH05,KiK-net,139.0504,36.1509,96,-0.0474651741362174,crustal_oof_physical,Crustal physical OOF,-0.10929260240242072,-32.50920084483313,33.50641433796007,0.20979427808380452,52106,109302,139.0518904,36.15235623,0.124365697,-0.14906478905417328,0.024876706692307682,4,7,4_7
1211121,SITH06,KiK-net,139.2894,36.1131,102,0.1558061247350276,crustal_oof_physical,Crustal physical OOF,0.35875686021204545,-10.943470972266354,29.32671713796038,0.4332245607536666,62064,122797,139.2933554,36.11087922,1.034424743,0.3189846735602929,0.9349357526923077,5,7,5_7
1211141,SITH07,KiK-net,139.1485,35.9118,104,-0.0715762669362381,crustal_oof_physical,Crustal physical OOF,-0.16481044525954447,-23.65732594734728,7.0681709379600095,0.25963902325715116,55769,114275,139.1466762,35.90998381,-0.024399671,-0.20458263191129702,-0.12388866130769231,4,6,4_6
1211161,SITH08,KiK-net,138.9691,36.0274,112,-0.0388484728893578,crustal_oof_physical,Crustal physical OOF,-0.0894519145606186,-39.845158328680924,19.850525337960075,0.42180970979860183,48407,104288,138.9660926,36.02447952,-0.032175168,-0.12922410121237116,-0.13166415830769232,4,6,4_6
1211181,SITH09,KiK-net,139.0993,36.0715,72,0.017669796379914,crustal_oof_physical,Crustal physical OOF,0.040686209740630135,-28.096798372998126,24.7268387379601,0.0897486829130751,53942,111793,139.0983823,36.071813,0.028058673,0.0009140230888775788,-0.07143031730769231,4,6,4_6
1211201,SITH10,KiK-net,139.2191,35.9964,95,-0.0258554467626019,crustal_oof_physical,Crustal physical OOF,-0.059534366288268296,-17.286863482900184,16.422731337960208,0.5356863666346123,58730,118284,139.2158859,35.99232682,0.138946653,-0.09930655294002086,0.03945766269230769,5,6,5_6
1211221,SITH11,KiK-net,139.2726,35.8637,100,0.0986274557739002,crustal_oof_physical,Crustal physical OOF,0.22709810942491213,-12.459388385901851,1.7495615379602267,0.33523774078053264,60930,121270,139.2719743,35.86668849,0.13098529,0.18732592277315957,0.03149629969230769,5,6,5_6
1212181,SZOH30,KiK-net,137.9181,35.2233,42,-0.09903858116299,crustal_oof_physical,Crustal physical OOF,-0.22804476061718168,-134.68022986034205,-69.06202806203973,0.34559477020486584,9864,43702,137.920732,35.22557054,-0.004640559,-0.26781694726893424,-0.10412954930769232,1,4,1_4
1212201,SZOH31,KiK-net,138.0767,34.9398,24,0.2303907849778085,crustal_oof_physical,Crustal physical OOF,0.5304943870530984,-120.3692476101807,-100.40975706204013,0.36050985224190646,14468,52170,138.0805936,34.94053099,-0.000371609,0.49072220040134584,-0.09986059930769231,1,3,1_3
1212221,SZOH32,KiK-net,137.8409,35.0086,43,-0.0884117927822664,crustal_oof_physical,Crustal physical OOF,-0.20357567610532518,-141.6462313087196,-92.80226586203979,0.20228936520514448,7324,38678,137.8411529,35.00678223,-0.001087436,-0.24334786275707773,-0.10057642630769231,1,3,1_3
1212241,SZOH33,KiK-net,138.3526,35.0146,29,0.0417755220449417,crustal_oof_physical,Crustal physical OOF,0.0961916943127269,-95.47391341837643,-92.13882186203976,0.5341666243796681,23652,67678,138.3500785,35.01897072,4.69e-05,0.05641950766097434,-0.09944209030769231,2,3,2_3
1212261,SZOH34,KiK-net,138.4243,35.1304,54,0.1315146309169544,crustal_oof_physical,Crustal physical OOF,0.30282362865999307,-89.00419445660715,-79.33435266203975,0.19953232382081176,26472,72190,138.4256742,35.12898624,7.75e-05,0.2630514420082405,-0.09941149030769232,2,3,2_3
1212281,SZOH35,KiK-net,139.0855,34.9467,27,0.3883292413581327,crustal_oof_physical,Crustal physical OOF,0.8941611223249233,-29.342016248485525,-99.64679646203994,0.5975838669685949,52341,109668,139.0897232,34.94253704,0.04961066,0.8543889356731708,-0.049878330307692315,4,3,4_3
1212301,SZOH36,KiK-net,138.2008,34.9142,35,0.0746367982971393,crustal_oof_physical,Crustal physical OOF,0.17185757914779634,-109.17131004873526,-103.24045146203983,0.39192747889734575,18514,59167,138.2042564,34.91634656,-9.7e-05,0.13208539249604379,-0.09958599030769232,2,2,2_2
1212321,SZOH37,KiK-net,138.5659,35.2028,35,0.279358931273752,crustal_oof_physical,Crustal physical OOF,0.6432477107456895,-76.22717625595595,-71.32879506203956,0.21353296423761825,31632,80198,138.5641618,35.20411045,-0.001997598,0.603475524093937,-0.10148658830769232,3,3,3_3
1212341,SZOH38,KiK-net,138.9779,35.0854,45,0.0915169617243708,crustal_oof_physical,Crustal physical OOF,0.21072559182264286,-39.051106350108725,-84.31018266203995,0.2705533885406547,47937,103684,138.9808965,35.08531336,0.022426942,0.1709534051708903,-0.07706204830769231,4,3,4_3
1212361,SZOH39,KiK-net,138.7724,34.7988,38,0.218461567624381,crustal_oof_physical,Crustal physical OOF,0.5030263490040103,-57.594024713340566,-116.00069106203993,0.44544902185249335,39006,91153,138.7688098,34.80156504,0.006909143,0.4632541623522578,-0.09257984730769231,3,2,3_2
1212381,SZOH40,KiK-net,138.97,34.7832,20,0.1496163094944538,crustal_oof_physical,Crustal physical OOF,0.3445042839107128,-39.763948467235984,-117.72564546203985,0.4281434055045325,47173,102651,138.970676,34.78703251,0.028125714,0.3047320972589602,-0.07136327630769232,4,2,4_2
1212401,SZOH41,KiK-net,138.834,34.6749,20,0.0383961438955064,crustal_oof_physical,Crustal physical OOF,0.08841038856224737,-52.035660863340325,-129.70080966203983,0.15967141933662468,41433,94639,138.8334128,34.6762622,0.009885843,0.04863820191049481,-0.08960314730769231,3,2,3_2
1212421,SZOH42,KiK-net,138.9128,34.9756,52,0.2882522107511329,crustal_oof_physical,Crustal physical OOF,0.6637252434981367,-44.92528632795013,-96.45120786203994,0.052985461089380126,45022,99672,138.9133497,34.97576851,0.016112865,0.6239530568463841,-0.08337612530769231,4,3,4_3
1212481,SZOH53,KiK-net,138.0174,34.8768,28,-0.0585522242345143,crustal_oof_physical,Crustal physical OOF,-0.13482147868403732,-125.720075147598,-107.37591906203961,0.3848903539281495,12501,48663,138.0215124,34.87587577,-0.000287881,-0.17459366533578988,-0.09977687130769232,1,2,1_2
1212531,TCGH06,KiK-net,139.9509,36.4458,135,0.0124258707856821,crustal_oof_physical,Crustal physical OOF,0.028611624838581814,48.74577718966855,66.11468693795989,0.3614647334565469,89406,159833,139.9479264,36.44360958,0.282784232,-0.011160561813170742,0.1832952416923077,7,8,7_8
1212551,TCGH07,KiK-net,139.4534,36.8817,107,-0.0100399963762383,crustal_oof_physical,Crustal physical OOF,-0.02311794598964055,3.8547704465646646,114.3138935379603,0.2747898985174348,69529,132882,139.4562546,36.88083434,0.111006101,-0.0628901326413931,0.01151711069230768,5,9,5_9
1212571,TCGH08,KiK-net,139.6459,36.8828,87,-0.057768756100335,crustal_oof_physical,Crustal physical OOF,-0.13301747663744024,21.224657477817992,114.43552493796041,0.08163454959436861,77278,143382,139.6450956,36.88313788,-0.013427038,-0.1727896632891928,-0.11291602830769232,6,9,6_9
1212591,TCGH09,KiK-net,139.8364,36.8625,154,-0.055781430866906,crustal_oof_physical,Crustal physical OOF,-0.1284414911800157,38.41407815030165,112.19087273795975,0.5251967339767346,85024,153879,139.8343685,36.85804897,0.132468596,-0.16821367783176824,0.03297960569230768,6,9,6_9
1212611,TCGH10,KiK-net,140.0225,36.8578,164,0.110649578355134,crustal_oof_physical,Crustal physical OOF,0.2547800696666082,55.20647283350177,111.67117493795978,0.22426337932948803,92773,164379,140.0231802,36.85975074,0.312428722,0.21500788301485566,0.21293973169230768,7,9,7_9
1212631,TCGH11,KiK-net,139.7694,36.7084,103,-0.0567579395540608,crustal_oof_physical,Crustal physical OOF,-0.1306899855262375,32.368455131631755,95.15141933795978,0.6352054699179468,82425,150363,139.7737397,36.71292319,0.016599326,-0.17046217217799006,-0.08288966430769232,6,9,6_9
1212651,TCGH12,KiK-net,139.9842,36.6959,152,0.1091950030283677,crustal_oof_physical,Crustal physical OOF,0.25143078620255915,51.750542063126275,93.76924433796026,0.359064987258171,90910,161861,139.9803793,36.69680764,0.530166639,0.2116585995508066,0.43067764869230774,7,9,7_9
1212671,TCGH13,KiK-net,140.1781,36.7342,140,-0.0188472345903771,crustal_oof_physical,Crustal physical OOF,-0.04339736141196405,69.24675554551504,98.0042285379602,0.0701893880655563,99017,172865,140.1773918,36.73446257,0.253070579,-0.0831695480637166,0.1535815886923077,7,9,7_9
1212691,TCGH14,KiK-net,139.6154,36.5509,140,-0.0753064496601801,crustal_oof_physical,Crustal physical OOF,-0.17339950839383725,18.472545506631143,77.73601433795992,0.25519212877819736,75765,141345,139.6151355,36.54860223,0.196831591,-0.2131716950455898,0.09734260069230768,6,8,6_8
1212711,TCGH15,KiK-net,139.8637,36.5595,55,0.0118878032924348,crustal_oof_physical,Crustal physical OOF,0.027372678649605908,40.87744394746061,78.68695073796005,0.2025630150025583,86098,155346,139.8657299,36.5602823,0.163871262,-0.012399508002146648,0.06438227169230767,6,8,6_8
1212731,TCGH16,KiK-net,140.0751,36.548,158,0.2688254607299262,crustal_oof_physical,Crustal physical OOF,0.6189934984939843,59.95273806905259,77.41534973796027,0.525915221205318,94583,166844,140.0719461,36.54400029,0.133374183,0.5792213118422318,0.03388519269230769,7,8,7_8
1212751,TCGH17,KiK-net,139.6922,36.9853,120,-0.0492499760769613,crustal_oof_physical,Crustal physical OOF,-0.11340226074512447,25.402453683256788,125.76935993796032,0.4315068411776346,79134,145893,139.6883596,36.98297462,0.013316052,-0.15317444739687702,-0.08617293830769232,6,10,6_10
1213151,TKYH02,KiK-net,139.4704,35.6539,29,-0.0705591112347559,crustal_oof_physical,Crustal physical OOF,-0.16246835770405765,5.38873449607995,-21.44886366203992,0.17014601671960275,69024,132246,139.4713928,35.6525918,0.092697398,-0.2022405443558102,-0.006791592307692315,5,5,5_5
1213201,TKYH11,KiK-net,139.8125,35.6114,37,-0.146521342716299,crustal_oof_physical,Crustal physical OOF,-0.3373778595440218,36.257505163045224,-26.148258662039574,0.36306431904287517,83041,151241,139.8084818,35.61122958,0.076089428,-0.3771500461957743,-0.023399562307692315,6,5,6_5
1213221,TKYH12,KiK-net,139.265,35.6701,84,-0.0892398250579347,crustal_oof_physical,Crustal physical OOF,-0.20548229087979694,-13.145160549215836,-19.657564862040164,0.3268935676290713,60539,120748,139.2674143,35.66789584,0.025235745,-0.2452544775315495,-0.07425324530769231,5,5,5_5
1213241,TKYH13,KiK-net,139.1275,35.7017,77,-0.0229707403483314,crustal_oof_physical,Crustal physical OOF,-0.05289208430110474,-25.55222271439422,-16.163426462039666,0.2330801577016732,54639,112752,139.1249277,35.70189244,-0.060285937,-0.09266427095285729,-0.15977492730769233,4,5,4_5
1213611,TYMH04,KiK-net,137.4689,36.7914,53,-0.1159134711958231,crustal_oof_physical,Crustal physical OOF,-0.266900630852697,-175.2129740392426,104.3290613379604,0.42250763496768834,356,22377,137.4729209,36.79335803,-0.001308402,-0.3066728175044495,-0.10079739230769232,0,9,0_9
1214251,YMNH08,KiK-net,138.734,35.6895,44,0.0206071271958455,crustal_oof_physical,Crustal physical OOF,0.04744966389058604,-61.0589788016521,-17.512429262039664,0.3955046824417708,38758,90751,138.7355768,35.68616263,-0.168704808,0.007677477238833483,-0.2681937983076923,3,5,3_5
1214271,YMNH09,KiK-net,138.3325,35.4327,36,0.0746551076074867,crustal_oof_physical,Crustal physical OOF,0.17189973789286525,-97.28760032397585,-45.90783246204027,0.3975240269971588,23698,67724,138.3365363,35.4341407,0.004906754,0.1321275512411127,-0.09458223630769232,2,4,2_4
1214291,YMNH10,KiK-net,138.3087,35.5351,53,-0.084961261028212,crustal_oof_physical,Crustal physical OOF,-0.19563053312553694,-99.43514999329622,-34.58505486203995,0.3063954112991632,22788,66235,138.3067591,35.53282633,-0.031844721,-0.2354027197772895,-0.1313337113076923,2,5,2_5
1214311,YMNH11,KiK-net,138.9777,35.6247,73,-0.0319293921335122,crustal_oof_physical,Crustal physical OOF,-0.07352014235498655,-39.06915298598595,-24.67762446204025,0.3096297316078088,48363,104244,138.9762072,35.62722134,0.09395371,-0.1132923290067391,-0.00553528030769232,4,5,4_5
1214331,YMNH12,KiK-net,138.449,35.5623,59,0.0576780671773595,crustal_oof_physical,Crustal physical OOF,0.13280865767529715,-86.77543492584185,-31.577442062039882,0.1764545411430675,27789,74238,138.4472302,35.56297881,0.133987131,0.09303647102354459,0.034498140692307694,2,5,2_5
1214351,YMNH13,KiK-net,138.4203,35.3509,42,0.120994060006832,crustal_oof_physical,Crustal physical OOF,0.2785991189125584,-89.36512717413882,-54.95278566203962,0.44292648085549774,26497,72215,138.4185285,35.35463575,0.006664134,0.23882693226080584,-0.09282485630769231,2,4,2_4
1214371,YMNH14,KiK-net,138.9675,35.5115,46,0.0471750632355771,crustal_oof_physical,Crustal physical OOF,0.1086245973672913,-39.989531415693584,-37.19460126204015,0.3236127534231054,47984,103731,138.9703238,35.50969574,0.056910739,0.06885241071553874,-0.042578251307692314,4,5,4_5
1214391,YMNH15,KiK-net,138.6045,35.5323,51,0.1339098840420072,crustal_oof_physical,Crustal physical OOF,0.30833890279968706,-72.74417553176718,-34.89466206204001,0.3530504413604831,33653,83234,138.607378,35.53013696,-0.072661893,0.2685667161479345,-0.17215088330769232,3,5,3_5
1214411,YMNH16,KiK-net,138.5653,35.7421,53,-0.0313683561818631,crustal_oof_physical,Crustal physical OOF,-0.07222830933608561,-76.28131616358506,-11.696236862039864,0.43860822120146853,32351,81258,138.5654766,35.74606403,-0.336009302,-0.11200049598783816,-0.4354982923076923,3,5,3_5
